Date,Time,Id,CumReturnResid,CumReturnRaw,CumVolume
20120926,09:45:00.000,BBG000BFVXX0,0.005803833,0.013695877,145664
20120926,09:45:00.000,BBG000M4SW14,-0.0051297196,-0.01179949,28715
20120926,09:45:00.000,BBG000HS74G6,-0.0019939176,-0.0034102802,45238
20120926,09:45:00.000,BBG000BJNGN9,-0.06592854,-0.08156436,1875350
20120926,09:45:00.000,BBG000FNRZ69,-0.00071782275,-0.010881492,161123
20120926,09:45:00.000,BBG000BW2QX0,-0.00039034704,-0.006730342,50706
20120926,09:45:00.000,BBG000BBV8B8,-0.0031351012,-0.014991497,90166
20120926,09:45:00.000,BBG000DV7MX4,-6.2418854e-05,-0.013103934,571134
20120926,09:45:00.000,BBG000BQ74K1,0.0020447066,-0.0040452275,44602
20120926,09:45:00.000,BBG000BCYP43,-0.0034765038,-0.0016195957,16285
20120926,09:45:00.000,BBG000BW5YW1,0.015572851,0.0025246006,105571
20120926,09:45:00.000,BBG000BLCL55,0.00054018147,-0.012079249,41000
20120926,09:45:00.000,BBG000CZWZ05,0.0022910954,0.00049659377,36861
20120926,09:45:00.000,BBG000NSCNT7,0.0031732733,-0.0059689926,58049
20120926,09:45:00.000,BBG000D14WM3,0.008071838,-0.00536195,539970
20120926,09:45:00.000,BBG000BK5DP1,0.006041894,-0.0016514966,194639
20120926,09:45:00.000,BBG000PCNTM2,-0.012483785,-0.015129368,23768
20120926,09:45:00.000,BBG000BBB3K1,0.0006429072,0.008716445,99246
20120926,09:45:00.000,BBG000C2YHG9,-0.01422179,-0.022147324,129781
20120926,09:45:00.000,BBG000RGM5P1,-0.0095342705,-0.019233512,379430
20120926,09:45:00.000,BBG000BQ87N0,0.0017732282,0.011693719,39025
20120926,09:45:00.000,BBG000BD0TF8,0.0020410803,-0.005357466,41683
20120926,09:45:00.000,BBG000BDG1Y1,0.0056015127,0.000119713295,75535
20120926,09:45:00.000,BBG000BHC2S1,0.0027649582,0.002341365,24274
20120926,09:45:00.000,BBG000BCHG15,0.011522273,0.010102719,93959
20120926,09:45:00.000,BBG000CLVM51,0.00565055,0.00087858253,15814
20120926,09:45:00.000,BBG000BBCQD7,0.006858521,-0.0024915664,65918
20120926,09:45:00.000,BBG000BB03M1,0.01023963,0.0048947213,98751
20120926,09:45:00.000,BBG000BQC9V2,0.011403676,0.0068046097,547022
20120926,09:45:00.000,BBG000D5S4M0,0.0072659175,0.00343398,18683
20120926,09:45:00.000,BBG000BB9RZ5,0.0018525246,0.00023004593,25627
20120926,09:45:00.000,BBG000DCCZW2,-0.0018845707,-0.014672445,53747
20120926,09:45:00.000,BBG000BS5170,-0.009395419,-0.022827791,159801
20120926,09:45:00.000,BBG000BLMZK6,-0.0016495166,-0.0036888837,140924
20120926,09:45:00.000,BBG000BB5BF6,0.006212524,0.0043073264,344551
20120926,09:45:00.000,BBG000BLXZN1,0.0030285583,-0.00036077003,5413
20120926,09:45:00.000,BBG000FQRVM3,-0.0076490436,-0.005765396,22216
20120926,09:45:00.000,BBG000BGFLL5,-0.0058855587,-0.012472248,144957
20120926,09:45:00.000,BBG000BJ5GK2,0.0046043675,0.0031907812,69190
20120926,09:45:00.000,BBG000BWP7D9,0.0086567225,0.016040718,418004
20120926,09:45:00.000,BBG000BPQVR5,0.003805252,-0.0059388676,44940
20120926,09:45:00.000,BBG000DGPR66,-0.009155476,-0.012336391,112541
20120926,09:45:00.000,BBG000BRZBT3,-0.008885545,-0.020089695,155262
20120926,09:45:00.000,BBG000BWBZN1,-0.00051455724,-0.0033191722,36654
20120926,09:45:00.000,BBG000BFS7D3,-0.0006138718,0.0056024482,35033
20120926,09:45:00.000,BBG000C23KJ3,-0.001495679,-0.0018091241,646618
20120926,09:45:00.000,BBG001QD41M9,-0.009699278,-0.016095666,103631
20120926,09:45:00.000,BBG000M44VW8,0.004795886,-0.005813141,63013
20120926,09:45:00.000,BBG000BSJTT0,0.007116009,-0.017981147,233906
20120926,09:45:00.000,BBG000C9W1Y1,0.003335592,0.003551355,63955
20120926,09:45:00.000,BBG000DHNDK1,,,86302
20120926,09:45:00.000,BBG000BN9WT5,0.0034467685,-0.0048796735,102205
20120926,09:45:00.000,BBG000BBMT95,0.00508995,0.0016250003,59074
20120926,09:45:00.000,BBG000BJVZF7,0.0067522344,0.00484579,93402
20120926,09:45:00.000,BBG000BPZBB6,0.006139266,0.009014208,78490
20120926,09:45:00.000,BBG000R57L13,-0.007352125,-0.0229709,238770
20120926,09:45:00.000,BBG000C1FB75,0.0021731781,-0.0017381255,8612
20120926,09:45:00.000,BBG000BF6LY3,0.0023992208,0.0029655339,589286
20120926,09:45:00.000,BBG000F6ZWH2,0.0025083395,-0.001260458,49245
20120926,09:45:00.000,BBG000BP7JB0,-0.004688238,-0.017010808,345293
20120926,09:45:00.000,BBG000RNTSX0,-0.0019986646,-0.0059722937,25620
20120926,09:45:00.000,BBG000BCTQ65,0.002219984,0.012117873,169760
20120926,09:45:00.000,BBG000C4DPX1,0.00591992,-0.0056050224,171091
20120926,09:45:00.000,BBG000TJM7F0,-0.0025872565,0.002746841,81924
20120926,09:45:00.000,BBG0016WLQ18,-0.009246388,-0.013560623,133075
20120926,09:45:00.000,BBG000CNFQW6,0.006820125,0.0053087617,16352
20120926,09:45:00.000,BBG000BMZ7P7,-0.0029391902,-0.007989983,32373
20120926,09:45:00.000,BBG000BLDV98,-0.00797952,0.001770221,95385
20120926,09:45:00.000,BBG000BKWSR6,0.006938269,0.0029345802,276636
20120926,09:45:00.000,BBG000MQ1SN9,0.009565492,0.009573789,55310
20120926,09:45:00.000,BBG000C75N77,0.004069807,-0.00032514805,56546
20120926,09:45:00.000,BBG000C2ZCH8,0.0005024269,0.0076061334,50761
20120926,09:45:00.000,BBG000BVB8Q0,0.005180613,-0.006664249,221094
20120926,09:45:00.000,BBG000G6BN50,-0.0028193186,-0.0073513417,21076
20120926,09:45:00.000,BBG000BL79J3,0.00588191,0.009358202,302731
20120926,09:45:00.000,BBG000BKXFN7,-0.0009828934,-0.017906707,196972
20120926,09:45:00.000,BBG000BD3LM4,0.0020259493,-0.010269113,270101
20120926,09:45:00.000,BBG000F86GP6,0.003927314,-0.0013508208,100487
20120926,09:45:00.000,BBG000BGXZB5,-0.0052272715,-0.0011767967,120495
20120926,09:45:00.000,BBG000BVMPN3,-5.3607266e-05,-0.0056385235,58535
20120926,09:45:00.000,BBG000D9DMK0,-0.0008964291,-0.0003290493,11569
20120926,09:45:00.000,BBG000FDBX90,-0.00015218926,0.0060704825,246748
20120926,09:45:00.000,BBG000MM5VL9,0.00494023,-0.0014247698,74563
20120926,09:45:00.000,BBG000BHCP19,7.7704324e-05,-0.006226246,115996
20120926,09:45:00.000,BBG000BX8DC4,-0.00083211216,0.0022334622,76148
20120926,09:45:00.000,BBG000G3QLY3,0.0031040797,-0.007241912,130349
20120926,09:45:00.000,BBG000BDWKC5,0.0082145715,0.0030702723,187622
20120926,09:45:00.000,BBG000BMRFF9,0.0045998753,0.0021539738,43957
20120926,09:45:00.000,BBG000BT4T69,-0.0022191668,-0.003194979,87215
20120926,09:45:00.000,BBG000BRRG02,0.002861962,0.0028028602,93662
20120926,09:45:00.000,BBG000BP0KQ8,-0.0075415233,-0.019723872,440300
20120926,09:45:00.000,BBG000RKR4R8,-0.0040273597,-0.018505359,947120
20120926,09:45:00.000,BBG000C3HSR0,-0.016013114,-0.025308369,528000
20120926,09:45:00.000,BBG000BKQ3V3,-0.004557626,-0.018097159,256686
20120926,09:45:00.000,BBG000CGT2S4,-0.0037111468,-0.014322107,57622
20120926,09:45:00.000,BBG000C1FQS9,-0.002713146,0.0093977,29609
20120926,09:45:00.000,BBG000FFH4P5,0.0035374106,-0.0008959218,24306
20120926,09:45:00.000,BBG000BF5RY1,-0.003983196,-0.0017853705,256637
20120926,09:45:00.000,BBG000BFNR17,0.0017821055,-0.0014409741,12485
20120926,09:45:00.000,BBG000BR1W32,-0.020181334,-0.044133622,301701
20120926,09:45:00.000,BBG001M8HHB7,0.0036240001,0.0026663917,96442
20120926,09:45:00.000,BBG000BPNP00,0.0058992016,-0.0030575355,95451
20120926,09:45:00.000,BBG000C0LW92,0.004709118,-0.0017747241,156663
20120926,09:45:00.000,BBG000K7PWX7,-0.00044218524,-0.012605708,62190
20120926,09:45:00.000,BBG000BQSQ38,-0.011612713,-0.010773639,505961
20120926,09:45:00.000,BBG000BKXYX5,0.0074289707,0.00085727865,170597
20120926,09:45:00.000,BBG000BLHRS2,0.00019231987,0.004791751,31089
20120926,09:45:00.000,BBG000JYP7L8,0.004728647,-0.0037081225,71725
20120926,09:45:00.000,BBG000PV2L86,-0.005031362,0.00019035285,18674
20120926,09:45:00.000,BBG000BTCH57,0.005768866,0.0065206653,183239
20120926,09:45:00.000,BBG000BBNYF6,0.0027116674,-0.0023269523,86762
20120926,09:45:00.000,BBG000BPL8X4,-0.0020066751,0.00023074403,68809
20120926,09:45:00.000,BBG000BLCPY4,0.0041249297,-0.013613382,119181
20120926,09:45:00.000,BBG000BNC3Y9,-0.00035883582,-0.015248229,98113
20120926,09:45:00.000,BBG000BT9T73,0.00069006206,-0.012775104,420418
20120926,09:45:00.000,BBG000BC15S7,0.00095522386,0.0024082204,35226
20120926,09:45:00.000,BBG000BKNX95,0.00900798,-0.007404147,314937
20120926,09:45:00.000,BBG000C90DH9,0.010249853,0.0017783887,153404
20120926,09:45:00.000,BBG000C7B436,-0.0015357777,-0.021660792,184068
20120926,09:45:00.000,BBG000BK6G19,0.004508568,-0.007823441,44452
20120926,09:45:00.000,BBG000BX5ZF5,-0.0044783456,-0.020250022,669938
20120926,09:45:00.000,BBG000BGD7W6,-0.00254934,-0.0012773977,130901
20120926,09:45:00.000,BBG000BVSX05,-0.0013565996,-0.011432372,137462
20120926,09:45:00.000,BBG000CKJ0P3,-0.0007064175,0.00091977173,48844
20120926,09:45:00.000,BBG000BNJHS8,-0.0023182346,0.0011305077,125625
20120926,09:45:00.000,BBG000BQZMH4,0.0025250115,0.010680054,83140
20120926,09:45:00.000,BBG000DN7P92,0.00022760041,-0.0012091766,43332
20120926,09:45:00.000,BBG000BKPL53,0.0015940615,-0.00067325286,92621
20120926,09:45:00.000,BBG000BB2DM7,0.0060554733,-0.0164865,599534
20120926,09:45:00.000,BBG000BJDPC2,0.009356369,0.013536125,69338
20120926,09:45:00.000,BBG000BJ8YN7,0.008228207,0.009356573,90845
20120926,09:45:00.000,BBG000BPVCR1,-0.03151487,-0.034697067,747037
20120926,09:45:00.000,BBG000PCQQL6,0.005221937,0.0027555372,122224
20120926,09:45:00.000,BBG000C2BXK4,0.0010274384,-0.0028668165,406708
20120926,09:45:00.000,BBG000F9KJN4,-0.00037768326,-0.006033736,208217
20120926,09:45:00.000,BBG000BNNYW1,0.0018496673,0.0022499627,211592
20120926,09:45:00.000,BBG000C734W3,-0.006028763,-0.0045529073,53575
20120926,09:45:00.000,BBG000D7RKJ5,-0.0026912242,0.009562846,83101
20120926,09:45:00.000,BBG000G8N9C6,-0.0036149195,-0.0018210507,77814
20120926,09:45:00.000,BBG000BRXP69,-0.0016773312,-0.0032076084,14177
20120926,09:45:00.000,BBG000NDYB67,-0.005585555,-0.022094948,809390
20120926,09:45:00.000,BBG000BHZ5J9,0.0018197065,-0.0028893908,14292
20120926,09:45:00.000,BBG000BHKYH4,0.005812543,0.0094849635,76206
20120926,09:45:00.000,BBG000D2M0Z7,-0.0057602045,-0.0021251505,30832
20120926,09:45:00.000,BBG000CHWP52,0.010191333,0.0048748455,67073
20120926,09:45:00.000,BBG0029SNR63,0.006165028,0.0010506469,434294
20120926,09:45:00.000,BBG000BNNKG9,0.00735003,-0.0006432659,202219
20120926,09:45:00.000,BBG000BP4MH0,-0.0023406735,0.00029481712,157212
20120926,09:45:00.000,BBG000BHLYS1,-0.0008954832,0.008909812,135980
20120926,09:45:00.000,BBG000BFJ645,-0.0071110833,-0.012304788,3659458
20120926,09:45:00.000,BBG000BC4JJ4,-0.008499955,-0.008996718,80623
20120926,09:45:00.000,BBG000BVVQQ8,-0.0020209206,-0.0100059,222030
20120926,09:45:00.000,BBG000DLFM21,0.0019046338,-0.0053159273,34931
20120926,09:45:00.000,BBG000BP1152,-0.008631575,-0.019410176,375967
20120926,09:45:00.000,BBG000H50PN8,-0.0021206997,-0.0057398016,120211
20120926,09:45:00.000,BBG000CP95B7,-0.0016050602,0.0008781772,39034
20120926,09:45:00.000,BBG000BS9489,-0.0010898063,-0.0033144765,94448
20120926,09:45:00.000,BBG000KBQZ88,-0.012888174,-0.014117283,83284
20120926,09:45:00.000,BBG000C37332,0.0055098827,-0.005889264,39374
20120926,09:45:00.000,BBG000C2PW58,0.010099345,0.0034846456,29316
20120926,09:45:00.000,BBG000BKR1D6,0.004849039,0.006166908,30442
20120926,09:45:00.000,BBG000BR37X2,-0.0042078523,-0.003839477,165875
20120926,09:45:00.000,BBG000BWCKB6,-0.001067978,-0.00038032484,25468
20120926,09:45:00.000,BBG000BCZYD3,-0.0036266288,-0.0024052612,37034
20120926,09:45:00.000,BBG000BMKDM3,0.0011998217,0.0039527654,110566
20120926,09:45:00.000,BBG000D3MB18,0.0063628303,0.0008489881,86366
20120926,09:45:00.000,BBG000BB1TH9,-0.01034898,-0.014027263,105898
20120926,09:45:00.000,BBG000BQVTF5,-0.005824279,-0.016282218,305927
20120926,09:45:00.000,BBG000D1QCF1,-0.017698586,-0.028725563,451950
20120926,09:45:00.000,BBG000PX3XC0,-0.007872496,-0.020824622,149147
20120926,09:45:00.000,BBG000J1QLT0,0.008399269,0.0069932113,72667
20120926,09:45:00.000,BBG000BH8TT6,-0.021080013,-0.024556592,289328
20120926,09:45:00.000,BBG000QRFNK2,-0.050893728,-0.06126186,620301
20120926,09:45:00.000,BBG000BCNYT9,0.009480946,0.0019006518,155436
20120926,09:45:00.000,BBG000BPMH90,-0.0067736753,-0.0134276375,69460
20120926,09:45:00.000,BBG000F7RCJ1,-8.021595e-05,-0.0011102614,21887
20120926,09:45:00.000,BBG000BB6G37,0.0009161351,-0.005896565,126302
20120926,09:45:00.000,BBG000BFDLV8,0.0027403056,-0.00026750122,65320
20120926,09:45:00.000,BBG000WCFV84,0.00065485697,-0.0043297163,124956
20120926,09:45:00.000,BBG000BY2Y78,-4.8463568e-05,-0.008847777,120365
20120926,09:45:00.000,BBG000BXM6V2,-0.012485407,-0.014731526,149882
20120926,09:45:00.000,BBG000FH8PX5,0.002993028,0.0019836836,49323
20120926,09:45:00.000,BBG000BP8Z50,5.1357707e-05,-0.005311285,80656
20120926,09:45:00.000,BBG000BQWPC5,0.00494501,0.0112530505,145657
20120926,09:45:00.000,BBG000BWSV34,-0.0026850328,-0.015777923,103090
20120926,09:45:00.000,BBG000NDZ417,-0.0032393606,-0.016560819,168012
20120926,09:45:00.000,BBG000BJQWD2,0.0068078465,0.00104052,93749
20120926,09:45:00.000,BBG000BB5373,0.0060604373,0.003268842,215509
20120926,09:45:00.000,BBG000BHB3M6,-0.00019738569,-0.0063424865,95908
20120926,09:45:00.000,BBG000BLW530,0.0016453308,-0.003928056,56946
20120926,09:45:00.000,BBG000D8RG11,-0.0054717967,-0.006441196,124730
20120926,09:45:00.000,BBG0019JZ882,0.0016741381,-0.0014065333,154241
20120926,09:45:00.000,BBG000R7RDB4,-0.0045208023,-0.015728228,25403
20120926,09:45:00.000,BBG000BQ8KV2,0.0036819908,-0.0031565765,145533
20120926,09:45:00.000,BBG000BYWTX7,-0.010286646,-0.027041685,2028650
20120926,09:45:00.000,BBG000C1S2X2,-0.0032713257,-0.005421188,108057
20120926,09:45:00.000,BBG000DLVDK3,0.0046296827,-0.0143805565,136196
20120926,09:45:00.000,BBG000BFL116,0.004026578,-0.017295986,490388
20120926,09:45:00.000,BBG000C1DHF5,0.009561997,-0.0020691874,260729
20120926,09:45:00.000,BBG000BVHBM1,0.0007910273,0.0060572834,159000
20120926,09:45:00.000,BBG000BGVW60,0.0068529407,0.015383231,225548
20120926,09:45:00.000,BBG000BPQD31,0.0040215445,-0.000826217,112690
20120926,09:45:00.000,BBG000H1F895,-0.03242256,-0.04615686,278258
20120926,09:45:00.000,BBG000K82ZT8,0.0008795265,-0.009662244,183017
20120926,09:45:00.000,BBG000DNTSP4,0.002257091,0.002220378,222956
20120926,09:45:00.000,BBG000F15NW9,0.0052394993,0.00035786838,106325
20120926,09:45:00.000,BBG000BPT0C6,-0.00015485911,-0.0076676006,63413
20120926,09:45:00.000,BBG000B9WJ73,-0.0035762216,-0.024096372,861895
20120926,09:45:00.000,BBG000BDXGP9,0.0021648754,0.0036488844,137555
20120926,09:45:00.000,BBG000BSD7C2,-0.0013444177,0.002153198,61579
20120926,09:45:00.000,BBG000BSLZY7,-0.0059155864,-0.01396982,971052
20120926,09:45:00.000,BBG000BKZTP3,0.0064081973,-0.003551437,454945
20120926,09:45:00.000,BBG000BF1R66,0.00018600243,0.0017101944,81456
20120926,09:45:00.000,BBG000HW5GX3,0.0073553203,-0.0063460306,177434
20120926,09:45:00.000,BBG000C0F570,0.002159656,-0.0062119323,175001
20120926,09:45:00.000,BBG000BP1Q11,-0.004936421,-0.006288835,80473
20120926,09:45:00.000,BBG000BMQPL1,0.005827845,6.171532e-08,400578
20120926,09:45:00.000,BBG000M65M61,0.0028209796,0.0015126298,313077
20120926,09:45:00.000,BBG000BM7HL0,0.00848505,-0.0042583994,153574
20120926,09:45:00.000,BBG000BJ49H3,0.0056797788,-0.0070124995,57142
20120926,09:45:00.000,BBG000JBN3X6,0.013292991,0.0116559835,229821
20120926,09:45:00.000,BBG000NSQ9M0,-0.0061636637,-0.024064368,762144
20120926,09:45:00.000,BBG000BTVJ25,-0.0028748352,0.00064787705,114678
20120926,09:45:00.000,BBG000BBCDZ2,-0.0044177324,-0.009724724,150728
20120926,09:45:00.000,BBG000BNGTQ7,0.001054245,0.0017232683,121890
20120926,09:45:00.000,BBG000BGKHZ3,-0.0026289043,-0.0040791347,56610
20120926,09:45:00.000,BBG000BL9439,-0.0034834016,-0.0005374869,100260
20120926,09:45:00.000,BBG000H9G7X2,-0.009424235,-0.013882746,186649
20120926,09:45:00.000,BBG000BK67C7,0.004583368,0.0051906686,107097
20120926,09:45:00.000,BBG000FV1Z23,0.0039281673,0.0007857282,72653
20120926,09:45:00.000,BBG000BV7LP7,0.0028296544,-0.0042773793,153050
20120926,09:45:00.000,BBG000CR90K4,0.0313979,0.019681938,5413804
20120926,09:45:00.000,BBG000BL9JQ1,0.008906076,0.0014886003,125972
20120926,09:45:00.000,BBG000BF2KK4,0.0006646448,-0.0006066984,25111
20120926,09:45:00.000,BBG000GLBN48,-0.005034119,-0.0015627074,38516
20120926,09:45:00.000,BBG000BB6M98,0.0016874678,0.007898047,81090
20120926,09:45:00.000,BBG000BXMFC3,-0.01801341,-0.032670356,245698
20120926,09:45:00.000,BBG000BSXQV7,-0.0048480197,0.00091322325,24154
20120926,09:45:00.000,BBG000MDCQC2,-0.0019472479,-0.00025750135,143434
20120926,09:45:00.000,BBG000BRJ809,0.0019662231,0.0012171001,45123
20120926,09:45:00.000,BBG000DKCC19,0.006007577,0.0006283262,679263
20120926,09:45:00.000,BBG000BFMBQ6,0.002841683,-0.001494083,78196
20120926,09:45:00.000,BBG000BQ2C28,0.006034522,0.006233394,143970
20120926,09:45:00.000,BBG000BMTFR4,0.0070614265,-0.0043750624,155140
20120926,09:45:00.000,BBG000BHLYP4,-0.0057982733,-0.011016888,98208
20120926,09:45:00.000,BBG000BNFLM9,0.0012464098,-0.011772174,326969
20120926,09:45:00.000,BBG000NV1KK7,-0.0019616135,0.0008537569,154940
20120926,09:45:00.000,BBG000FBK808,-0.0076912786,-0.020877546,177212
20120926,09:45:00.000,BBG000R0L5J4,-0.009731328,-0.014805434,103349
20120926,09:45:00.000,BBG000BZTW70,-0.005529159,-0.028060358,331439
20120926,09:45:00.000,BBG000BLM0V1,,,52738
20120926,09:45:00.000,BBG000BTQR96,0.008601106,0.0013844421,68449
20120926,09:45:00.000,BBG000BH5DV1,0.0012237345,-0.0044905655,215418
20120926,09:45:00.000,BBG000BLBXT4,-0.0031531553,-0.002706616,87763
20120926,09:45:00.000,BBG000KLB4Q1,-0.0017606067,-0.020217076,391916
20120926,09:45:00.000,BBG000BR3KL6,-0.0017832577,-0.008834759,67289
20120926,09:45:00.000,BBG000BB9KF2,-0.002459656,0.0095796585,97929
20120926,09:45:00.000,BBG000BVDLH9,0.0039025922,0.001694324,69271
20120926,09:45:00.000,BBG000C0MF34,0.0023072958,-0.00130517,48990
20120926,09:45:00.000,BBG000FVXD63,-0.0037066746,-0.0099114925,38709
20120926,09:45:00.000,BBG000CGQ6M4,-0.00087170873,-0.0013639648,50429
20120926,09:45:00.000,BBG000BJSBJ0,-0.000884435,0.009554997,150461
20120926,09:45:00.000,BBG000BFTJ91,-0.0021505964,-0.004871864,103672
20120926,09:45:00.000,BBG000BSC0K9,0.004435667,0.005748701,86961
20120926,09:45:00.000,BBG000BWXL85,0.016031297,0.0038116476,215505
20120926,09:45:00.000,BBG000QY3XZ2,0.0046168542,-0.0004296946,61525
20120926,09:45:00.000,BBG000BCWCG1,0.013141666,0.006495272,325946
20120926,09:45:00.000,BBG000CKVSG8,-0.008668763,-0.02087248,126031
20120926,09:45:00.000,BBG000JN8R00,0.0025689518,-0.019138752,162846
20120926,09:45:00.000,BBG000BBBNC6,-0.0044884863,-0.015659405,319017
20120926,09:45:00.000,BBG000JG0547,0.0011876252,0.0027402868,267312
20120926,09:45:00.000,BBG000R7Z112,0.0035547293,0.0022183836,375939
20120926,09:45:00.000,BBG000D898T9,0.004187237,0.0039723096,228083
20120926,09:45:00.000,BBG000Q3JN03,-0.005327931,-0.011072724,649733
20120926,09:45:00.000,BBG000BRJL00,-0.0063746604,0.0055182283,325530
20120926,09:45:00.000,BBG000C2V3D6,0.005796282,-0.0024779786,282929
20120926,09:45:00.000,BBG000G30YX4,-0.0012329583,0.00065816945,69811
20120926,09:45:00.000,BBG000G0Z878,0.0040228246,-0.007976702,431017
20120926,09:45:00.000,BBG000BKXBV7,0.018634725,0.026175003,781859
20120926,09:45:00.000,BBG000BJ98Z0,0.0052281204,-0.0058590006,567217
20120926,09:45:00.000,BBG000BR14K5,0.005239532,0.0057286215,115529
20120926,09:45:00.000,BBG000BGYWY6,0.0015562112,0.0047377534,69600
20120926,09:45:00.000,BBG000BCGY17,-0.003969231,0.0013555044,68876
20120926,09:45:00.000,BBG000BV75B7,-0.0039562862,-0.010547679,88462
20120926,09:45:00.000,BBG000CXD6X9,0.0036182094,0.0018516934,108231
20120926,09:45:00.000,BBG000BWVSR1,-0.0013244365,5.263309e-08,239327
20120926,09:45:00.000,BBG000BVPPM1,0.0066917003,0.0021927943,154602
20120926,09:45:00.000,BBG000BBMSJ6,0.0059183803,-0.005959982,160394
20120926,09:45:00.000,BBG000CHPY97,0.0072050253,-0.0013722347,175774
20120926,09:45:00.000,BBG000C3GN47,-0.002145254,-0.0103080515,127050
20120926,09:45:00.000,BBG000BYYLS8,0.0026773198,-0.0012055225,180957
20120926,09:45:00.000,BBG000DTMH63,,,171160
20120926,09:45:00.000,BBG000PVRDL2,-0.017037822,-0.038284235,1445806
20120926,09:45:00.000,BBG000DQTXY6,-0.0016344959,0.0004601475,372857
20120926,09:45:00.000,BBG000JF5CV9,0.012273352,-0.001586898,200078
20120926,09:45:00.000,BBG000CJZ2W6,-0.014424336,-0.024639437,275210
20120926,09:45:00.000,BBG000K14Q84,-0.0024333042,-0.022411684,455524
20120926,09:45:00.000,BBG000BH3JF8,-0.00078567135,-0.0028419774,197126
20120926,09:45:00.000,BBG000BTKGG8,0.008665456,0.0021270418,331361
20120926,09:45:00.000,BBG000BB5006,0.003810141,-0.004561391,349552
20120926,09:45:00.000,BBG000BSBZH7,-0.008912419,-0.0019309607,129121
20120926,09:45:00.000,BBG000BM6788,-0.009270216,-0.014736821,168314
20120926,09:45:00.000,BBG000BQ5DS5,-0.0038818691,-0.006681623,410397
20120926,09:45:00.000,BBG000BB6WG8,-0.004128816,-0.0068703834,433410
20120926,09:45:00.000,BBG000BRK7L6,-0.0045802454,-0.014622964,244017
20120926,09:45:00.000,BBG000BMY992,0.003174896,0.0042599235,291953
20120926,09:45:00.000,BBG000FKJRC5,-0.011124622,-0.0125396885,120283
20120926,09:45:00.000,BBG000C1BW00,0.0069456943,0.008524283,119800
20120926,09:45:00.000,BBG000DY8ZS4,-0.0005400012,-0.023856897,941844
20120926,09:45:00.000,BBG000BY33P5,-0.02295757,-0.03246578,895779
20120926,09:45:00.000,BBG000BKLH74,-0.00043836422,0.0036646903,262383
20120926,09:45:00.000,BBG000BMF5J0,0.0013140287,-0.008713442,431909
20120926,09:45:00.000,BBG000CSY9H9,0.0059437654,0.006775381,188275
20120926,09:45:00.000,BBG000CPQZ77,-0.0043167123,-0.0032093576,85315
20120926,09:45:00.000,BBG000CS7CT9,0.0015103819,0.0007814483,96829
20120926,09:45:00.000,BBG000BC9938,-0.0082474435,-0.022564368,207747
20120926,09:45:00.000,BBG000BBJQV0,-0.00037575993,-0.012681742,889120
20120926,09:45:00.000,BBG000FQ6PY6,0.0076013007,-0.0035918877,98506
20120926,09:45:00.000,BBG000PM7GJ0,-0.016837336,-0.035195053,1545599
20120926,09:45:00.000,BBG000GC80B4,0.004824397,0.002519481,165733
20120926,09:45:00.000,BBG000DYGNW7,-0.0007226999,0.0017114045,82190
20120926,09:45:00.000,BBG000HCJMF9,-0.0019494517,-0.01592445,246026
20120926,09:45:00.000,BBG000C17X76,0.020287191,0.02701469,267633
20120926,09:45:00.000,BBG000BMDV41,0.006742975,-0.0049116896,227860
20120926,09:45:00.000,BBG000TWC2V5,0.0056666434,0.0048216973,108797
20120926,09:45:00.000,BBG000BBPFB9,0.0043318956,-0.008075289,498457
20120926,09:45:00.000,BBG000BLKK03,-0.002357847,-0.00829085,131977
20120926,09:45:00.000,BBG000R8ZVD1,0.004935474,-0.0015768134,96652
20120926,09:45:00.000,BBG000BD8PN9,0.005616978,-0.003976061,452307
20120926,09:45:00.000,BBG000BBDV81,0.0025468157,-0.001398898,115988
20120926,09:45:00.000,BBG000BCVJ77,-0.015101073,-0.015045483,589484
20120926,09:45:00.000,BBG000BJL3N0,0.006473112,0.0025855843,1056900
20120926,09:45:00.000,BBG000BZ2GG4,0.0010395228,-0.0143527845,86484
20120926,09:45:00.000,BBG000BKFBD7,-0.0038342313,-0.0113299545,160749
20120926,09:45:00.000,BBG000BJ2VQ6,-0.0021644307,-0.015240761,239033
20120926,09:45:00.000,BBG000BKFZM4,-0.0014533991,-0.013142642,1021519
20120926,09:45:00.000,BBG000QBR5J5,0.0065661506,-0.00039846328,315145
20120926,09:45:00.000,BBG000BJPDZ1,-0.0021813312,-0.005256987,10903
20120926,09:45:00.000,BBG000BH5LT6,0.011377925,-0.0037304556,272963
20120926,09:45:00.000,BBG000MBDGM6,0.014259126,0.006594887,63292
20120926,09:45:00.000,BBG000LD9JQ8,0.0028306677,-0.0012293905,64937
20120926,09:45:00.000,BBG000BTR593,-0.0026965274,-0.010211451,99688
20120926,09:45:00.000,BBG000BVMGF2,0.0005561791,-0.0012520523,257074
20120926,09:45:00.000,BBG000FJLFX8,-0.008775962,-0.014788876,256321
20120926,09:45:00.000,BBG000BWNFZ9,0.005777423,-0.012942341,225338
20120926,09:45:00.000,BBG000BR54L0,0.004242645,0.001867591,728036
20120926,09:45:00.000,BBG000BCBCM7,-0.01210491,-0.023082929,2144705
20120926,09:45:00.000,BBG000BM5SR2,0.0007643952,-0.0075032925,306337
20120926,09:45:00.000,BBG000BJ81C1,-0.0028454743,-0.0023372634,185173
20120926,09:45:00.000,BBG001DCCGR8,0.010778014,0.0032622307,202786
20120926,09:45:00.000,BBG000H89QJ6,-0.0017757033,-0.004752162,175993
20120926,09:45:00.000,BBG000F6H8W8,0.00482297,0.008871962,228622
20120926,09:45:00.000,BBG000BS0ZF1,-0.003174077,-0.003673848,23945
20120926,09:45:00.000,BBG000BVWLJ6,-0.0014690183,-0.0016410997,282271
20120926,09:45:00.000,BBG000BGJRC8,-0.0035474275,-0.008032222,540211
20120926,09:45:00.000,BBG000BT9DW0,0.0001433304,0.013881162,343550
20120926,09:45:00.000,BBG000BXRPH1,-0.0111063095,-0.023644093,85723
20120926,09:45:00.000,BBG000C7LMS8,-0.0049561667,-0.0001765405,51771
20120926,09:45:00.000,BBG00286S4N9,0.010639922,0.004674207,130842
20120926,09:45:00.000,BBG000BH2JM1,-0.00045059453,-0.009964013,537671
20120926,09:45:00.000,BBG000BRD0D8,0.0031727175,-0.0012395008,237692
20120926,09:45:00.000,BBG000BJF1Z8,-0.0007042851,-0.0015960855,131349
20120926,09:45:00.000,BBG000BHQ1H0,0.010814302,0.008987873,277516
20120926,09:45:00.000,BBG000BN5HF7,0.008894335,0.007580886,442152
20120926,09:45:00.000,BBG000B9WH86,-0.0015960191,-0.018109687,1645250
20120926,09:45:00.000,BBG000C5Z1S3,-0.011645168,-0.027845982,2375256
20120926,09:45:00.000,BBG000D9D830,5.82117e-05,-0.0025411556,200821
20120926,09:45:00.000,BBG000JWD753,0.010497257,0.0048313043,837846
20120926,09:45:00.000,BBG000BKCFC2,-0.0059001916,-0.0024928572,399964
20120926,09:45:00.000,BBG000BWVCP8,-0.003102658,-0.0063298824,195961
20120926,09:45:00.000,BBG000BBD070,-0.0055110664,-0.017908711,335430
20120926,09:45:00.000,BBG000BMBL90,-0.003926377,-0.0047150915,157471
20120926,09:45:00.000,BBG000BNWG87,0.0060965177,0.0043863626,435978
20120926,09:45:00.000,BBG000BCG930,-0.0035544352,-0.011968909,141736
20120926,09:45:00.000,BBG000BHX7N2,-0.0016120092,-0.0031057124,304543
20120926,09:45:00.000,BBG000BX3TD3,0.010068008,-0.011527124,844411
20120926,09:45:00.000,BBG000BH23R1,-0.0062360587,-0.014035165,1432753
20120926,09:45:00.000,BBG000BBVJZ8,-0.004425498,-0.01218799,154865
20120926,09:45:00.000,BBG000BJ3PD2,0.0063962108,-0.0012985804,366597
20120926,09:45:00.000,BBG000BFQYY3,0.004285431,0.006746967,105349
20120926,09:45:00.000,BBG000BMW2Z0,-0.001982035,0.0020462607,91703
20120926,09:45:00.000,BBG000CXYSZ6,-0.0035995995,-0.01518206,92253
20120926,09:45:00.000,BBG000H556T9,0.0027257795,0.0001685789,305576
20120926,09:45:00.000,BBG000J6XT05,-0.0045830705,0.006879045,227531
20120926,09:45:00.000,BBG000C8H633,-0.008324238,-0.01598123,599245
20120926,09:45:00.000,BBG000FP1N32,-0.01130514,-0.025126973,900762
20120926,09:45:00.000,BBG000BD4VG8,0.001574208,-0.014265673,272883
20120926,09:45:00.000,BBG000C496P7,-0.002706333,-0.008116648,445023
20120926,09:45:00.000,BBG000FG3C43,-0.010310942,-0.02735359,880662
20120926,09:45:00.000,BBG000DHSPT0,-6.962828e-05,-0.0045926413,262176
20120926,09:45:00.000,BBG000FW00S1,-0.000920216,-0.02184283,755498
20120926,09:45:00.000,BBG000BFC8J2,0.01271207,0.015894921,200003
20120926,09:45:00.000,BBG000BZ9223,-0.001015864,-0.010051132,57784
20120926,09:45:00.000,BBG000GFFQN9,0.006470706,0.005103869,1516387
20120926,09:45:00.000,BBG000G2R6M0,0.002772793,-0.01747505,495977
20120926,09:45:00.000,BBG000FL1TC8,-0.00037959576,-0.006039408,296597
20120926,09:45:00.000,BBG000BGKTF9,0.003983788,-0.0050076833,190406
20120926,09:45:00.000,BBG000BB6KF5,-0.0036889985,-0.01814243,615952
20120926,09:45:00.000,BBG000BGLRN3,-0.0045225155,-0.0028609629,232452
20120926,09:45:00.000,BBG000Q9HH23,-0.0075580864,-0.014391275,147919
20120926,09:45:00.000,BBG000BV8DN6,0.0012984584,0.007944511,256661
20120926,09:45:00.000,BBG000BFXHL6,-0.0073039946,-0.011291586,413441
20120926,09:45:00.000,BBG000C46HM9,0.00247819,0.00013214005,356333
20120926,09:45:00.000,BBG000BFRF55,-0.002767274,-0.02772432,701072
20120926,09:45:00.000,BBG000BNBDC2,-0.0045816754,-0.0055853534,349266
20120926,09:45:00.000,BBG000BH13K9,-0.0016525143,-0.003764792,304233
20120926,09:45:00.000,BBG000BGPTV6,0.00551856,-0.008546424,189667
20120926,09:45:00.000,BBG000QX74T1,-0.014789012,-0.024321027,134629
20120926,09:45:00.000,BBG000BWJFZ4,0.0021699497,-0.0014011813,58246
20120926,09:45:00.000,BBG000BWLMJ4,0.00073071086,0.0011090229,449245
20120926,09:45:00.000,BBG000BW3299,-0.0056412183,-0.007933741,245099
20120926,09:45:00.000,BBG000BFDXW1,4.5887987e-07,-0.012729791,757582
20120926,09:45:00.000,BBG000BC2C10,0.002045468,-0.0070954887,201758
20120926,09:45:00.000,BBG000BVV7G1,-0.018217968,-0.029469943,1842040
20120926,09:45:00.000,BBG000BPWXK1,0.0009828197,-0.01643221,482697
20120926,09:45:00.000,BBG000BBGGQ1,-0.0022702925,-0.00858088,390966
20120926,09:45:00.000,BBG000BHBK84,0.0015902625,-0.003056404,601076
20120926,09:45:00.000,BBG000BJX8C8,-0.003648397,-0.012968302,184401
20120926,09:45:00.000,BBG000H8TVT2,-0.005656581,-0.0020198484,202016
20120926,09:45:00.000,BBG000BTZQC4,0.006975563,-0.0039261417,470236
20120926,09:45:00.000,BBG000BP52R2,0.0024777192,0.0039317324,200365
20120926,09:45:00.000,BBG000C5HS04,-0.003107148,-0.0023136386,177369
20120926,09:45:00.000,BBG000BH3GZ2,0.0016482191,-0.0031467658,146226
20120926,09:45:00.000,BBG000F1ZSQ2,-0.001769879,-0.0042296657,31078
20120926,09:45:00.000,BBG000C15T95,0.0023933044,-7.9461024e-05,223548
20120926,09:45:00.000,BBG000BFWKC0,0.00323351,0.004421149,104423
20120926,09:45:00.000,BBG000CL9VN6,-0.00041565907,-0.009110195,414142
20120926,09:45:00.000,BBG000F0KF42,0.0021646663,-0.014577733,513694
20120926,09:45:00.000,BBG000C240W1,-0.010571997,-0.02168027,4310557
20120926,09:45:00.000,BBG000L9CV04,-0.0036806783,-0.0013873081,277224
20120926,09:45:00.000,BBG000BC40Y8,0.0008678946,-0.008024341,384996
20120926,09:45:00.000,BBG000BL4504,-0.011834742,-0.028803505,1595856
20120926,09:45:00.000,BBG000BB07P9,0.0012979835,-0.019289428,935353
20120926,09:45:00.000,BBG000BBDZG3,-0.0014031456,-0.009968224,2528050
20120926,09:45:00.000,BBG000BY29C7,-0.0069363997,-0.01617826,502359
20120926,09:45:00.000,BBG000DWG505,0.004021721,0.0044797896,259994
20120926,09:45:00.000,BBG000BCQZS4,0.0034535087,-0.0033261522,288332
20120926,09:45:00.000,BBG000CKGBP2,-0.013681259,-0.008921217,589590
20120926,09:45:00.000,BBG000BHGDH5,-0.004944016,0.008705986,146479
20120926,09:45:00.000,BBG000FFDM15,-0.0009907979,-0.0013274675,659046
20120926,09:45:00.000,BBG000BWXBC2,0.0011865901,0.0055880155,406682
20120926,09:45:00.000,BBG000BGRY34,-0.0019265647,-0.00062999787,776332
20120926,09:45:00.000,BBG000BN2DC2,-0.007853036,-0.020010442,211314
20120926,09:45:00.000,BBG000BH1NH9,0.0038657775,-0.0073891263,240145
20120926,09:45:00.000,BBG000F0PF65,-0.0027420926,-0.006999189,505010
20120926,09:45:00.000,BBG000BW8S60,-0.00065800117,-0.00019037555,433144
20120926,09:45:00.000,BBG000BCSST7,0.005191613,0.0067733782,278946
20120926,09:45:00.000,BBG000CH5208,-0.0023405454,-0.0034701652,485770
20120926,09:45:00.000,BBG000BQQ2S6,0.001810647,-0.006563051,245629
20120926,09:45:00.000,BBG000BLZRJ2,0.005782241,-0.013843094,1678406
20120926,09:45:00.000,BBG000BP6LJ8,-0.0035308134,0.0032329252,617258
20120926,09:45:00.000,BBG000DWYF03,-0.0023835443,-0.0049129166,725342
20120926,09:45:00.000,BBG000BQPC32,-0.0048844907,-0.016856702,4609585
20120926,09:45:00.000,BBG000BBS2Y0,0.0020813306,0.008170231,378828
20120926,09:45:00.000,BBG000CTQBF3,0.00803464,0.0014842999,425137
20120926,09:45:00.000,BBG000DQLV23,-0.0056512337,-0.006765717,817166
20120926,09:45:00.000,BBG000KHWT55,-0.0025147866,-0.016751297,1813952
20120926,09:45:00.000,BBG000BNDN65,0.006384596,0.0064004348,848390
20120926,09:45:00.000,BBG000B9ZXB4,-0.0020522163,-0.0018680369,500251
20120926,09:45:00.000,BBG000DH7JK6,0.0014247561,0.0075354488,305115
20120926,09:45:00.000,BBG000BH4R78,-0.0037992361,-0.005421943,781091
20120926,09:45:00.000,BBG000BQQH30,0.0063064597,0.00017404412,503414
20120926,09:45:00.000,BBG000PSKYX7,0.00014318617,-0.0032692829,155795
20120926,09:45:00.000,BBG000C6CFJ5,0.0031126584,-0.009024588,464736
20120926,09:45:00.000,BBG000BKTFN2,-0.01011425,-0.024162281,1446094
20120926,09:45:00.000,BBG000J2XL74,-0.0025446685,0.0023311025,378501
20120926,09:45:00.000,BBG000BHVJJ3,0.0007939827,-0.012152467,1583840
20120926,09:45:00.000,BBG000C43RR5,0.005483237,0.0018749618,888748
20120926,09:45:00.000,BBG000BFT2L4,-0.0017612934,-0.0044636624,1210852
20120926,09:45:00.000,BBG000D4LWF6,0.002266072,0.0045988117,1085671
20120926,09:45:00.000,BBG000BNSZP1,0.0030843874,0.0015075196,467241
20120926,09:45:00.000,BBG000BT41Q8,0.0024029482,-0.0063957707,439874
20120926,09:45:00.000,BBG000BKZB36,-0.0056581614,-0.0016743285,623634
20120926,09:45:00.000,BBG000BPD168,0.0047441204,0.0037665048,1135447
20120926,09:45:00.000,BBG000HS77T5,-0.0011720515,-0.0013150586,869815
20120926,09:45:00.000,BBG000BQLTW7,-0.0070246407,-0.013420668,3209433
20120926,09:45:00.000,BBG000BVPV84,-0.0042173667,-0.0031098654,306774
20120926,09:45:00.000,BBG000BJDB15,-0.011095554,-0.03332078,2699773
20120926,09:45:00.000,BBG000BMX289,0.0021384673,0.0066340407,1534919
20120926,09:45:00.000,BBG000MM2P62,-0.010191699,-0.01923572,4905776
20120926,09:45:00.000,BBG000CGC1X8,0.009332725,0.0043872134,1104125
20120926,09:45:00.000,BBG000BLBVN4,-0.0017349514,-0.004043344,95184
20120926,09:45:00.000,BBG000BF0K17,0.004374294,-0.004998026,864641
20120926,09:45:00.000,BBG000BR2TH3,4.3780656e-05,0.002946003,739330
20120926,09:45:00.000,BBG000K4ND22,7.246728e-05,-0.0017957432,555322
20120926,09:45:00.000,BBG000BR2B91,0.003395389,0.0032200094,2384761
20120926,09:45:00.000,BBG000C3J3C9,-0.0007048456,-0.0075087473,3145810
20120926,09:45:00.000,BBG000BLNNH6,0.007316797,0.0040220954,323191
20120926,09:45:00.000,BBG000BWQFY7,0.0027105983,-0.0005759062,2090201
20120926,09:45:00.000,BBG000BMHYD1,-8.038349e-05,0.00086574,892505
20120926,09:45:00.000,BBG000BK6MB5,7.177533e-05,-0.004481207,3723800
20120926,09:45:00.000,BBG000BSJK37,0.0009716526,0.0021022032,1543776
20120926,09:45:00.000,BBG000C0G1D1,0.012821383,0.0026650953,3434919
20120926,09:45:00.000,BBG000FY4S11,-0.0026818437,-0.021292904,4582193
20120926,09:45:00.000,BBG000BCTLF6,-0.0054961946,-0.020168062,16855568
20120926,09:45:00.000,BBG000DMBXR2,-0.002699235,-0.014298006,3041619
20120926,09:45:00.000,BBG000BPH459,0.006755661,0.0006579927,5754808
20120926,09:45:00.000,BBG000GZQ728,-0.0007187615,0.0017439683,1007939
20120926,09:45:00.000,BBG000BHSKN9,0.004223626,0.001879428,672187
20120926,09:45:00.000,BBG000B9XRY4,-0.0020389913,-0.011206292,3024580
20120926,10:00:00.000,BBG000BFVXX0,0.004911058,0.012625864,289788
20120926,10:00:00.000,BBG000M4SW14,-0.0153867565,-0.022180691,74216
20120926,10:00:00.000,BBG000HS74G6,-0.0019514776,-0.0055348193,79670
20120926,10:00:00.000,BBG000BJNGN9,-0.06827268,-0.08323378,2949940
20120926,10:00:00.000,BBG000FNRZ69,0.0019125345,-0.0094307335,279398
20120926,10:00:00.000,BBG000BW2QX0,-0.0007838496,-0.0044008014,167508
20120926,10:00:00.000,BBG000BBV8B8,-0.0002194491,-0.012533776,129123
20120926,10:00:00.000,BBG000DV7MX4,0.005678146,-0.0032760473,961142
20120926,10:00:00.000,BBG000BQ74K1,0.00039524602,-0.0037258356,81290
20120926,10:00:00.000,BBG000BCYP43,-0.0036009753,-0.0011432855,26999
20120926,10:00:00.000,BBG000BW5YW1,0.010656495,-0.0059675905,201038
20120926,10:00:00.000,BBG000BLCL55,0.0011081793,-0.010468737,68887
20120926,10:00:00.000,BBG000CZWZ05,0.0037720099,-0.0011173751,63059
20120926,10:00:00.000,BBG000NSCNT7,0.003404659,-0.003170941,101527
20120926,10:00:00.000,BBG000D14WM3,-0.0021543023,-0.016085777,807049
20120926,10:00:00.000,BBG000BK5DP1,0.006448491,-0.0016516136,303248
20120926,10:00:00.000,BBG000PCNTM2,-0.010391999,-0.014934054,36123
20120926,10:00:00.000,BBG000BBB3K1,-0.00073843374,0.0075697177,167222
20120926,10:00:00.000,BBG000C2YHG9,-0.021043882,-0.030171737,195035
20120926,10:00:00.000,BBG000RGM5P1,-0.007419116,-0.01690196,535599
20120926,10:00:00.000,BBG000BQ87N0,0.0021917971,0.011036811,72397
20120926,10:00:00.000,BBG000BD0TF8,0.0021270406,-0.00394765,82533
20120926,10:00:00.000,BBG000BDG1Y1,0.0043522017,-0.0023893039,127836
20120926,10:00:00.000,BBG000BHC2S1,0.0028912483,-0.00014638252,52427
20120926,10:00:00.000,BBG000BCHG15,0.0040368396,0.0027421855,157848
20120926,10:00:00.000,BBG000CLVM51,0.0031000993,-0.0030747342,30461
20120926,10:00:00.000,BBG000BBCQD7,0.006779973,-0.0015572788,116164
20120926,10:00:00.000,BBG000BB03M1,0.0058192783,-0.0014552937,132751
20120926,10:00:00.000,BBG000BQC9V2,0.012685101,0.009160057,790888
20120926,10:00:00.000,BBG000D5S4M0,0.005560661,0.0032464112,36305
20120926,10:00:00.000,BBG000BB9RZ5,0.0024629077,-0.001725922,40488
20120926,10:00:00.000,BBG000DCCZW2,-0.0015823586,-0.0145647405,95311
20120926,10:00:00.000,BBG000BS5170,-0.008478276,-0.016747454,213414
20120926,10:00:00.000,BBG000BLMZK6,-0.0024539598,-0.003513295,185975
20120926,10:00:00.000,BBG000BB5BF6,0.0033654105,0.0043073287,541080
20120926,10:00:00.000,BBG000BLXZN1,0.0015531463,-0.003866346,19327
20120926,10:00:00.000,BBG000FQRVM3,-0.0036624896,-0.004101393,34743
20120926,10:00:00.000,BBG000BGFLL5,-0.0004899043,-0.005632491,269324
20120926,10:00:00.000,BBG000BJ5GK2,0.0060840575,0.005965413,105840
20120926,10:00:00.000,BBG000BWP7D9,0.005069065,0.012565334,460710
20120926,10:00:00.000,BBG000BPQVR5,0.0026256326,-0.0034527483,68060
20120926,10:00:00.000,BBG000DGPR66,-0.007667746,-0.010368542,151556
20120926,10:00:00.000,BBG000BRZBT3,-0.013055469,-0.024859233,365663
20120926,10:00:00.000,BBG000BWBZN1,-0.0063318526,-0.007717091,67851
20120926,10:00:00.000,BBG000BFS7D3,0.0027140244,0.008403724,67028
20120926,10:00:00.000,BBG000C23KJ3,-0.0028183232,-0.0018090882,873915
20120926,10:00:00.000,BBG001QD41M9,-0.010586535,-0.018645413,189260
20120926,10:00:00.000,BBG000M44VW8,-0.0018446594,-0.014532945,121708
20120926,10:00:00.000,BBG000BSJTT0,0.008817069,-0.012552713,539970
20120926,10:00:00.000,BBG000C9W1Y1,0.0020532885,0.0050136396,109265
20120926,10:00:00.000,BBG000DHNDK1,,,164972
20120926,10:00:00.000,BBG000BN9WT5,0.0026766213,-0.0033056499,170989
20120926,10:00:00.000,BBG000BBMT95,0.007027811,0.0026000314,134667
20120926,10:00:00.000,BBG000BJVZF7,0.0062067164,0.004291891,159732
20120926,10:00:00.000,BBG000BPZBB6,0.0057852557,0.009014126,126466
20120926,10:00:00.000,BBG000R57L13,0.0022392215,-0.014001247,453931
20120926,10:00:00.000,BBG000C1FB75,0.00045059016,-0.0007027793,17652
20120926,10:00:00.000,BBG000BF6LY3,-0.0011937495,1.5251572e-07,952673
20120926,10:00:00.000,BBG000F6ZWH2,0.005035606,-2.2050417e-08,108839
20120926,10:00:00.000,BBG000BP7JB0,-0.0063522905,-0.018630914,512585
20120926,10:00:00.000,BBG000RNTSX0,0.0009477325,-0.0050970716,51278
20120926,10:00:00.000,BBG000BCTQ65,0.0016038845,0.009947385,234369
20120926,10:00:00.000,BBG000C4DPX1,-0.0012458931,-0.009543895,258198
20120926,10:00:00.000,BBG000TJM7F0,-0.00081276015,0.0049214694,116719
20120926,10:00:00.000,BBG0016WLQ18,-0.009305111,-0.014500691,258843
20120926,10:00:00.000,BBG000CNFQW6,0.0029023655,0.0013270626,29142
20120926,10:00:00.000,BBG000BMZ7P7,-0.0073835016,-0.013556905,57234
20120926,10:00:00.000,BBG000BLDV98,-0.0084677385,0.000589933,145759
20120926,10:00:00.000,BBG000BKWSR6,0.0065575372,0.0058692205,543433
20120926,10:00:00.000,BBG000MQ1SN9,0.013315427,0.012615413,71552
20120926,10:00:00.000,BBG000C75N77,0.0045932983,0.0032492396,143979
20120926,10:00:00.000,BBG000C2ZCH8,0.003122452,0.010322832,118187
20120926,10:00:00.000,BBG000BVB8Q0,0.010749375,-0.0007406532,297171
20120926,10:00:00.000,BBG000G6BN50,-0.0048891483,-0.009422629,47969
20120926,10:00:00.000,BBG000BL79J3,0.0005047375,0.0032952356,424663
20120926,10:00:00.000,BBG000BKXFN7,-0.011474888,-0.027477477,451618
20120926,10:00:00.000,BBG000BD3LM4,0.0013675678,-0.011912108,403048
20120926,10:00:00.000,BBG000F86GP6,0.0037616778,-0.00045040905,173554
20120926,10:00:00.000,BBG000BGXZB5,-0.006643907,-0.0032948502,217870
20120926,10:00:00.000,BBG000BVMPN3,0.004674652,0.00023828448,98236
20120926,10:00:00.000,BBG000D9DMK0,0.0019096412,0.0025227643,16868
20120926,10:00:00.000,BBG000FDBX90,-0.0022541985,0.0032687653,350588
20120926,10:00:00.000,BBG000MM5VL9,0.0014337518,-0.005917907,113205
20120926,10:00:00.000,BBG000BHCP19,-0.0008698451,-0.004404018,176293
20120926,10:00:00.000,BBG000BX8DC4,0.003090383,0.0058633937,120504
20120926,10:00:00.000,BBG000G3QLY3,0.008502554,-0.000715345,225379
20120926,10:00:00.000,BBG000BDWKC5,0.0070289173,0.00038360225,312515
20120926,10:00:00.000,BBG000BMRFF9,0.011870734,0.010883052,84401
20120926,10:00:00.000,BBG000BT4T69,-0.003213877,-0.0041348203,121454
20120926,10:00:00.000,BBG000BRRG02,0.0042440584,0.0050127427,129666
20120926,10:00:00.000,BBG000BP0KQ8,-0.015183166,-0.02761359,1057896
20120926,10:00:00.000,BBG000RKR4R8,-0.0023822337,-0.01708194,1417078
20120926,10:00:00.000,BBG000C3HSR0,-0.017630806,-0.029104602,832270
20120926,10:00:00.000,BBG000BKQ3V3,-0.0030280098,-0.019605404,465358
20120926,10:00:00.000,BBG000CGT2S4,0.0012015989,-0.0076231183,114448
20120926,10:00:00.000,BBG000C1FQS9,-0.0018661259,0.008674537,46205
20120926,10:00:00.000,BBG000FFH4P5,0.0026345886,-0.0030002885,46080
20120926,10:00:00.000,BBG000BF5RY1,-0.0026627886,-0.0003245602,396669
20120926,10:00:00.000,BBG000BFNR17,-0.00078256684,-0.004745026,26619
20120926,10:00:00.000,BBG000BR1W32,-0.020902963,-0.04280733,532825
20120926,10:00:00.000,BBG001M8HHB7,0.008982612,0.0088876,222123
20120926,10:00:00.000,BBG000BPNP00,0.0036416256,-0.0028663592,150710
20120926,10:00:00.000,BBG000C0LW92,0.0055520292,-1.1101585e-07,333889
20120926,10:00:00.000,BBG000K7PWX7,0.0042130477,-0.008304974,184965
20120926,10:00:00.000,BBG000BQSQ38,-0.010802734,-0.008978155,637623
20120926,10:00:00.000,BBG000BKXYX5,0.024393886,0.020717248,326228
20120926,10:00:00.000,BBG000BLHRS2,-0.0019175883,0.0026074646,45279
20120926,10:00:00.000,BBG000JYP7L8,0.0056435517,-0.0033109381,114732
20120926,10:00:00.000,BBG000PV2L86,-0.004476399,-0.00038067327,30890
20120926,10:00:00.000,BBG000BTCH57,0.0014208702,0.0027948148,309810
20120926,10:00:00.000,BBG000BBNYF6,0.0061546336,0.0011635222,139098
20120926,10:00:00.000,BBG000BPL8X4,0.0003947651,0.000750087,134470
20120926,10:00:00.000,BBG000BLCPY4,0.008238431,-0.010076028,182836
20120926,10:00:00.000,BBG000BNC3Y9,0.0035013228,-0.009066717,209175
20120926,10:00:00.000,BBG000BT9T73,0.0012929153,-0.009936061,592954
20120926,10:00:00.000,BBG000BC15S7,0.0027423215,0.0059723165,64839
20120926,10:00:00.000,BBG000BKNX95,0.007956347,-0.008226925,553088
20120926,10:00:00.000,BBG000C90DH9,0.010804104,0.0017783076,216876
20120926,10:00:00.000,BBG000C7B436,-0.0065333503,-0.026173396,334940
20120926,10:00:00.000,BBG000BK6G19,0.0022600635,-0.009231686,71869
20120926,10:00:00.000,BBG000BX5ZF5,0.00083796825,-0.012011268,1195547
20120926,10:00:00.000,BBG000BGD7W6,-0.0036689541,-0.0028102188,221224
20120926,10:00:00.000,BBG000BVSX05,-0.0025591862,-0.014122266,244448
20120926,10:00:00.000,BBG000CKJ0P3,0.00056670955,-0.000102446815,75538
20120926,10:00:00.000,BBG000BNJHS8,-0.00020493408,0.010175153,316557
20120926,10:00:00.000,BBG000BQZMH4,-0.0012653831,0.006753748,208212
20120926,10:00:00.000,BBG000DN7P92,-3.0134066e-05,-0.00040250918,79771
20120926,10:00:00.000,BBG000BKPL53,-1.0707475e-05,-0.0014956857,116939
20120926,10:00:00.000,BBG000BB2DM7,-0.0009128097,-0.017516874,1485222
20120926,10:00:00.000,BBG000BJDPC2,0.008239434,0.014327548,107235
20120926,10:00:00.000,BBG000BJ8YN7,0.006498758,0.0051981932,185631
20120926,10:00:00.000,BBG000BPVCR1,-0.020977277,-0.028223615,1238214
20120926,10:00:00.000,BBG000PCQQL6,0.0040610055,0.0022044037,178762
20120926,10:00:00.000,BBG000C2BXK4,-0.006241395,-0.010511386,688105
20120926,10:00:00.000,BBG000F9KJN4,-0.0027116688,-0.008859726,321400
20120926,10:00:00.000,BBG000BNNYW1,0.0023257735,0.0039374237,354181
20120926,10:00:00.000,BBG000C734W3,-0.007893663,-0.011639082,82296
20120926,10:00:00.000,BBG000D7RKJ5,-0.0034209727,0.007255001,121192
20120926,10:00:00.000,BBG000G8N9C6,-0.0039908835,-0.0024587484,124848
20120926,10:00:00.000,BBG000BRXP69,-0.0008691677,-0.0024893382,23255
20120926,10:00:00.000,BBG000NDYB67,-0.0018088081,-0.016571121,1872878
20120926,10:00:00.000,BBG000BHZ5J9,0.0018981587,-0.0017512984,40670
20120926,10:00:00.000,BBG000BHKYH4,0.0067682774,0.009328387,173644
20120926,10:00:00.000,BBG000D2M0Z7,-0.0031647657,-0.0017982426,41844
20120926,10:00:00.000,BBG000CHWP52,0.0084436,0.0023946448,116291
20120926,10:00:00.000,BBG0029SNR63,0.009070076,0.004584252,930633
20120926,10:00:00.000,BBG000BNNKG9,0.0118284775,0.0012865871,354627
20120926,10:00:00.000,BBG000BP4MH0,0.0048731677,0.008550909,362439
20120926,10:00:00.000,BBG000BHLYS1,-0.0012856,0.008993987,354934
20120926,10:00:00.000,BBG000BFJ645,-0.013989387,-0.017037252,4602358
20120926,10:00:00.000,BBG000BC4JJ4,-0.008697639,-0.009236732,129190
20120926,10:00:00.000,BBG000BVVQQ8,-0.0014743737,-0.0100060515,328266
20120926,10:00:00.000,BBG000DLFM21,0.0026652764,-0.0063971216,55835
20120926,10:00:00.000,BBG000BP1152,-0.0030758027,-0.016050577,562767
20120926,10:00:00.000,BBG000H50PN8,0.0010747142,-0.0055008517,178292
20120926,10:00:00.000,BBG000CP95B7,0.0017553121,0.00076833664,52557
20120926,10:00:00.000,BBG000BS9489,-0.0023109722,-0.005492813,168240
20120926,10:00:00.000,BBG000KBQZ88,-0.01270543,-0.014876356,131648
20120926,10:00:00.000,BBG000C37332,0.0068289842,-0.002238009,64673
20120926,10:00:00.000,BBG000C2PW58,0.0114033315,0.006744526,63329
20120926,10:00:00.000,BBG000BKR1D6,0.001507041,-2.4305935e-05,69793
20120926,10:00:00.000,BBG000BR37X2,-0.0055496,-0.002879489,310320
20120926,10:00:00.000,BBG000BWCKB6,0.0018432274,0.003930644,50615
20120926,10:00:00.000,BBG000BCZYD3,-0.002101171,-0.0008860568,90543
20120926,10:00:00.000,BBG000BMKDM3,-0.00052946736,0.0024102582,174007
20120926,10:00:00.000,BBG000D3MB18,0.0045883832,-0.0023775082,128928
20120926,10:00:00.000,BBG000BB1TH9,-0.006894911,-0.010939552,173651
20120926,10:00:00.000,BBG000BQVTF5,-0.007297686,-0.017638953,412364
20120926,10:00:00.000,BBG000D1QCF1,-0.019645179,-0.031007001,559509
20120926,10:00:00.000,BBG000PX3XC0,-0.009366616,-0.020824634,233417
20120926,10:00:00.000,BBG000J1QLT0,0.012599834,0.011344566,175874
20120926,10:00:00.000,BBG000BH8TT6,-0.052650645,-0.058117248,896186
20120926,10:00:00.000,BBG000QRFNK2,-0.052820902,-0.06159497,1809398
20120926,10:00:00.000,BBG000BCNYT9,0.007843599,1.6298026e-07,261954
20120926,10:00:00.000,BBG000BPMH90,-0.008308098,-0.013795548,129362
20120926,10:00:00.000,BBG000F7RCJ1,0.00042187746,0.00022212573,30572
20120926,10:00:00.000,BBG000BB6G37,0.0016815845,-0.0024356698,228292
20120926,10:00:00.000,BBG000BFDLV8,0.0023484621,-0.00046810418,101630
20120926,10:00:00.000,BBG000WCFV84,0.00047452885,-0.0052154334,378765
20120926,10:00:00.000,BBG000BY2Y78,0.0020008879,-0.0052283984,239831
20120926,10:00:00.000,BBG000BXM6V2,-0.011827473,-0.012444064,224135
20120926,10:00:00.000,BBG000FH8PX5,0.006056718,0.0040875752,83218
20120926,10:00:00.000,BBG000BP8Z50,-0.0016882239,-0.006983303,197546
20120926,10:00:00.000,BBG000BQWPC5,0.008097241,0.015238587,285488
20120926,10:00:00.000,BBG000BWSV34,0.0016194439,-0.008458964,171931
20120926,10:00:00.000,BBG000NDZ417,-0.002722175,-0.016431503,250313
20120926,10:00:00.000,BBG000BJQWD2,0.0043866644,-0.0011702771,154063
20120926,10:00:00.000,BBG000BB5373,0.011931917,0.010351475,426483
20120926,10:00:00.000,BBG000BHB3M6,-0.0014045698,-0.0083721895,156570
20120926,10:00:00.000,BBG000BLW530,-6.201937e-05,-0.006963711,119240
20120926,10:00:00.000,BBG000D8RG11,-0.013522856,-0.013342536,331772
20120926,10:00:00.000,BBG0019JZ882,-0.00290416,-0.0067519206,309219
20120926,10:00:00.000,BBG000R7RDB4,-0.004930426,-0.0155719165,50242
20120926,10:00:00.000,BBG000BQ8KV2,0.0076492135,0.0039430223,250542
20120926,10:00:00.000,BBG000BYWTX7,-0.010096978,-0.02271506,2706761
20120926,10:00:00.000,BBG000C1S2X2,-0.0023960848,-0.008087307,147744
20120926,10:00:00.000,BBG000DLVDK3,0.00648505,-0.008748874,206012
20120926,10:00:00.000,BBG000BFL116,0.022788243,0.004628347,872627
20120926,10:00:00.000,BBG000C1DHF5,0.021076705,0.010605399,529981
20120926,10:00:00.000,BBG000BVHBM1,0.0013127743,0.00056362065,256903
20120926,10:00:00.000,BBG000BGVW60,0.007149203,0.015383269,399316
20120926,10:00:00.000,BBG000BPQD31,0.004740463,-0.0020658171,181877
20120926,10:00:00.000,BBG000H1F895,-0.01577329,-0.02689212,445727
20120926,10:00:00.000,BBG000K82ZT8,0.011445687,-0.00020786076,349874
20120926,10:00:00.000,BBG000DNTSP4,0.0006237511,0.0006831622,354489
20120926,10:00:00.000,BBG000F15NW9,0.0061039976,0.0023829925,161155
20120926,10:00:00.000,BBG000BPT0C6,0.006348765,-0.00010878999,121778
20120926,10:00:00.000,BBG000B9WJ73,-0.0023108278,-0.020883325,1523021
20120926,10:00:00.000,BBG000BDXGP9,0.0031888776,0.005838266,307750
20120926,10:00:00.000,BBG000BSD7C2,-8.139612e-06,0.00396166,94613
20120926,10:00:00.000,BBG000BSLZY7,-0.0028592227,-0.008537117,1658573
20120926,10:00:00.000,BBG000BKZTP3,0.0034614971,-0.00556384,701643
20120926,10:00:00.000,BBG000BF1R66,0.00073524064,0.00473576,142615
20120926,10:00:00.000,BBG000HW5GX3,0.005700981,-0.007139169,365343
20120926,10:00:00.000,BBG000C0F570,0.0017786825,-0.0036975793,315678
20120926,10:00:00.000,BBG000BP1Q11,-0.006202429,-0.0082308,129882
20120926,10:00:00.000,BBG000BMQPL1,0.007463081,0.0045585404,833082
20120926,10:00:00.000,BBG000M65M61,0.0047573205,0.010839508,524497
20120926,10:00:00.000,BBG000BM7HL0,0.009549143,-0.0039542844,250677
20120926,10:00:00.000,BBG000BJ49H3,0.0027485385,-0.0085152155,111017
20120926,10:00:00.000,BBG000JBN3X6,0.01624056,0.020398233,610769
20120926,10:00:00.000,BBG000NSQ9M0,-0.00024243354,-0.01378848,1132550
20120926,10:00:00.000,BBG000BTVJ25,-0.004579234,1.683466e-09,203200
20120926,10:00:00.000,BBG000BBCDZ2,-0.0057304306,-0.010868898,246720
20120926,10:00:00.000,BBG000BNGTQ7,0.0013552322,0.00081088796,170676
20120926,10:00:00.000,BBG000BGKHZ3,-0.00078759826,-0.0032425697,92303
20120926,10:00:00.000,BBG000BL9439,-0.0010887592,0.0024187963,134362
20120926,10:00:00.000,BBG000H9G7X2,-0.007936555,-0.011858198,339298
20120926,10:00:00.000,BBG000BK67C7,0.008508971,0.010005359,199057
20120926,10:00:00.000,BBG000FV1Z23,0.008582637,0.002828312,125968
20120926,10:00:00.000,BBG000BV7LP7,-0.0033094767,-0.009777068,765673
20120926,10:00:00.000,BBG000CR90K4,0.0335716,0.022710003,8681866
20120926,10:00:00.000,BBG000BL9JQ1,0.006157005,-0.0016125893,253619
20120926,10:00:00.000,BBG000BF2KK4,0.0019276792,-6.731293e-05,51282
20120926,10:00:00.000,BBG000GLBN48,-0.009169449,-0.009676643,112511
20120926,10:00:00.000,BBG000BB6M98,0.0014133411,0.005190105,137227
20120926,10:00:00.000,BBG000BXMFC3,-0.02090431,-0.0364455,447810
20120926,10:00:00.000,BBG000BSXQV7,-0.004847448,-0.00027060774,64324
20120926,10:00:00.000,BBG000MDCQC2,-0.0016728065,0.00038644593,248737
20120926,10:00:00.000,BBG000BRJ809,0.0020821874,0.0003913339,70557
20120926,10:00:00.000,BBG000DKCC19,0.008475983,0.005654947,875258
20120926,10:00:00.000,BBG000BFMBQ6,0.0042406037,-0.00096065353,118543
20120926,10:00:00.000,BBG000BQ2C28,0.006109378,0.0069177006,206245
20120926,10:00:00.000,BBG000BMTFR4,0.009012286,-0.0033081747,245005
20120926,10:00:00.000,BBG000BHLYP4,-0.0023772346,-0.0048089456,229522
20120926,10:00:00.000,BBG000BNFLM9,-0.00076569384,-0.012243104,521415
20120926,10:00:00.000,BBG000NV1KK7,0.0059548104,0.0098662535,312551
20120926,10:00:00.000,BBG000FBK808,-0.0118833175,-0.023600744,606426
20120926,10:00:00.000,BBG000R0L5J4,-0.013263363,-0.018288963,188602
20120926,10:00:00.000,BBG000BZTW70,0.00352547,-0.0196422,813307
20120926,10:00:00.000,BBG000BLM0V1,,,78450
20120926,10:00:00.000,BBG000BTQR96,0.010552363,0.0033617334,106324
20120926,10:00:00.000,BBG000BH5DV1,0.0060349195,-0.0019863534,533773
20120926,10:00:00.000,BBG000BLBXT4,-0.0036036016,-0.002968395,129966
20120926,10:00:00.000,BBG000KLB4Q1,-0.009596869,-0.025111804,881601
20120926,10:00:00.000,BBG000BR3KL6,-0.0019984483,-0.0090149725,120038
20120926,10:00:00.000,BBG000BB9KF2,-0.003484716,0.0071003004,167720
20120926,10:00:00.000,BBG000BVDLH9,0.0034473077,0.0013556093,111839
20120926,10:00:00.000,BBG000C0MF34,-0.0014183874,-0.002765559,69806
20120926,10:00:00.000,BBG000FVXD63,0.0022050892,-0.003055389,94945
20120926,10:00:00.000,BBG000CGQ6M4,-0.0026219778,-0.0032452748,114581
20120926,10:00:00.000,BBG000BJSBJ0,0.0011234045,0.010273729,241315
20120926,10:00:00.000,BBG000BFTJ91,-0.00048492648,-0.0045852335,203726
20120926,10:00:00.000,BBG000BSC0K9,0.0026817527,0.0051325383,146981
20120926,10:00:00.000,BBG000BWXL85,0.006377006,-0.006897178,367733
20120926,10:00:00.000,BBG000QY3XZ2,0.0070089367,0.0030098283,291499
20120926,10:00:00.000,BBG000BCWCG1,0.0054363953,0.0011808624,1246267
20120926,10:00:00.000,BBG000CKVSG8,-0.0073426324,-0.018135173,249269
20120926,10:00:00.000,BBG000JN8R00,0.0077094873,-0.0098778615,270743
20120926,10:00:00.000,BBG000BBBNC6,-0.0055698766,-0.015028919,509580
20120926,10:00:00.000,BBG000JG0547,-0.00016956963,0.0018840417,382108
20120926,10:00:00.000,BBG000R7Z112,0.006648885,0.012201884,779313
20120926,10:00:00.000,BBG000D898T9,0.0042527895,0.004228549,452169
20120926,10:00:00.000,BBG000Q3JN03,0.0014811275,-0.0013841528,1497246
20120926,10:00:00.000,BBG000BRJL00,-0.0063282023,0.0041388636,492330
20120926,10:00:00.000,BBG000C2V3D6,0.00788449,-0.0011739067,415093
20120926,10:00:00.000,BBG000G30YX4,-0.0015740795,-0.004168911,118801
20120926,10:00:00.000,BBG000G0Z878,0.01212141,0.0026586845,835567
20120926,10:00:00.000,BBG000BKXBV7,0.012712116,0.014277346,1144720
20120926,10:00:00.000,BBG000BJ98Z0,0.0144523615,0.006277291,1080917
20120926,10:00:00.000,BBG000BR14K5,0.00786337,0.011058778,239748
20120926,10:00:00.000,BBG000BGYWY6,0.004702869,0.008765007,113438
20120926,10:00:00.000,BBG000BCGY17,-0.004405804,-8.49607e-05,181459
20120926,10:00:00.000,BBG000BV75B7,0.0014608363,-0.0056795175,198807
20120926,10:00:00.000,BBG000CXD6X9,0.004776182,0.00370345,211910
20120926,10:00:00.000,BBG000BWVSR1,-0.0042688027,-0.0012462351,383121
20120926,10:00:00.000,BBG000BVPPM1,0.002174756,-0.0026801445,334707
20120926,10:00:00.000,BBG000BBMSJ6,0.0037810816,-0.0048246924,279077
20120926,10:00:00.000,BBG000CHPY97,0.008197969,-7.7428325e-08,320323
20120926,10:00:00.000,BBG000C3GN47,0.0101274,0.0027489085,239528
20120926,10:00:00.000,BBG000BYYLS8,0.0037764474,0.0015073327,332536
20120926,10:00:00.000,BBG000DTMH63,,,241886
20120926,10:00:00.000,BBG000PVRDL2,-0.01862995,-0.036573958,1876128
20120926,10:00:00.000,BBG000DQTXY6,-0.0012918162,-0.0055182404,680750
20120926,10:00:00.000,BBG000JF5CV9,0.010036493,-0.0027771592,399971
20120926,10:00:00.000,BBG000CJZ2W6,-0.016289946,-0.023952788,427617
20120926,10:00:00.000,BBG000K14Q84,-0.014874482,-0.03287051,857092
20120926,10:00:00.000,BBG000BH3JF8,0.0032502785,0.0026592147,347154
20120926,10:00:00.000,BBG000BTKGG8,0.010847269,0.007445373,513896
20120926,10:00:00.000,BBG000BB5006,0.005389159,-0.00425723,616179
20120926,10:00:00.000,BBG000BSBZH7,-0.005755246,0.00069513684,226070
20120926,10:00:00.000,BBG000BM6788,-0.0100213755,-0.01650967,351017
20120926,10:00:00.000,BBG000BQ5DS5,-0.003246594,-0.0072191413,543456
20120926,10:00:00.000,BBG000BB6WG8,-0.009412014,-0.010847961,658435
20120926,10:00:00.000,BBG000BRK7L6,-0.0010353272,-0.010814899,450308
20120926,10:00:00.000,BBG000BMY992,-0.00023817731,0.002130154,628424
20120926,10:00:00.000,BBG000FKJRC5,-0.013328942,-0.015796833,225602
20120926,10:00:00.000,BBG000C1BW00,0.009355125,0.010382094,236098
20120926,10:00:00.000,BBG000DY8ZS4,0.0020301938,-0.021471245,1827711
20120926,10:00:00.000,BBG000BY33P5,-0.02118859,-0.029667266,1457421
20120926,10:00:00.000,BBG000BKLH74,-0.0017915056,0.001409625,430459
20120926,10:00:00.000,BBG000BMF5J0,-0.0017360483,-0.009726647,857325
20120926,10:00:00.000,BBG000CSY9H9,0.005147722,0.006130248,364666
20120926,10:00:00.000,BBG000CPQZ77,-0.00963569,-0.007692591,214333
20120926,10:00:00.000,BBG000CS7CT9,0.0049068155,0.006153531,220638
20120926,10:00:00.000,BBG000BC9938,-0.009007944,-0.024852008,431218
20120926,10:00:00.000,BBG000BBJQV0,-0.0030682222,-0.011935656,1530122
20120926,10:00:00.000,BBG000FQ6PY6,0.006131438,-0.006252421,168315
20120926,10:00:00.000,BBG000PM7GJ0,-0.008756652,-0.024483528,3140844
20120926,10:00:00.000,BBG000GC80B4,0.0072379787,0.0052908864,245981
20120926,10:00:00.000,BBG000DYGNW7,0.0013070464,0.0033087614,152533
20120926,10:00:00.000,BBG000HCJMF9,-2.5689547e-05,-0.011965739,371020
20120926,10:00:00.000,BBG000C17X76,0.020534014,0.023711575,342794
20120926,10:00:00.000,BBG000BMDV41,0.007660002,-0.0030926762,396800
20120926,10:00:00.000,BBG000TWC2V5,0.005944348,0.0054330598,175623
20120926,10:00:00.000,BBG000BBPFB9,0.0068434407,-0.0053835227,973972
20120926,10:00:00.000,BBG000BLKK03,-0.00048577564,-0.007794719,258476
20120926,10:00:00.000,BBG000R8ZVD1,0.011731569,0.0070606326,179737
20120926,10:00:00.000,BBG000BD8PN9,0.004124717,-0.0026505915,655145
20120926,10:00:00.000,BBG000BBDV81,0.0041685714,0.00051544677,199726
20120926,10:00:00.000,BBG000BCVJ77,-0.014184597,-0.013729954,1010145
20120926,10:00:00.000,BBG000BJL3N0,0.00312757,0.0019381461,1945835
20120926,10:00:00.000,BBG000BZ2GG4,0.0021559908,-0.01461848,211015
20120926,10:00:00.000,BBG000BKFBD7,-0.0057810135,-0.010385624,429203
20120926,10:00:00.000,BBG000BJ2VQ6,0.0006046664,-0.013607912,307102
20120926,10:00:00.000,BBG000BKFZM4,0.0022713586,-0.0069579636,1803161
20120926,10:00:00.000,BBG000QBR5J5,0.003173173,-0.0026569385,496943
20120926,10:00:00.000,BBG000BJPDZ1,-0.00092234777,-0.0035763017,17048
20120926,10:00:00.000,BBG000BH5LT6,0.0052874,-0.011084998,578656
20120926,10:00:00.000,BBG000MBDGM6,0.018147714,0.009879588,97228
20120926,10:00:00.000,BBG000LD9JQ8,-0.00046440223,-0.0052245874,116057
20120926,10:00:00.000,BBG000BTR593,-0.0021742147,-0.008409441,330849
20120926,10:00:00.000,BBG000BVMGF2,-0.0023650166,-0.0020033673,417387
20120926,10:00:00.000,BBG000FJLFX8,-0.008389751,-0.015290221,489608
20120926,10:00:00.000,BBG000BWNFZ9,0.005556049,-0.0123078795,630228
20120926,10:00:00.000,BBG000BR54L0,0.0046382146,-0.0040458688,1513461
20120926,10:00:00.000,BBG000BCBCM7,-0.014837297,-0.023082932,3616840
20120926,10:00:00.000,BBG000BM5SR2,0.0015645933,-0.0065306914,482330
20120926,10:00:00.000,BBG000BJ81C1,-0.0054239775,-0.0026294927,298912
20120926,10:00:00.000,BBG001DCCGR8,0.0020341694,-0.006897022,401031
20120926,10:00:00.000,BBG000H89QJ6,-0.0024804813,-0.0067584803,296408
20120926,10:00:00.000,BBG000F6H8W8,0.0023910622,0.0077876863,298299
20120926,10:00:00.000,BBG000BS0ZF1,-0.008311353,-0.007876768,66135
20120926,10:00:00.000,BBG000BVWLJ6,-0.0024966374,-0.0018235726,434839
20120926,10:00:00.000,BBG000BGJRC8,-0.0046999645,-0.010394563,847144
20120926,10:00:00.000,BBG000BT9DW0,0.001149245,0.01333475,544430
20120926,10:00:00.000,BBG000BXRPH1,-0.004684156,-0.016458392,222321
20120926,10:00:00.000,BBG000C7LMS8,-0.0012567792,0.0035671638,94154
20120926,10:00:00.000,BBG00286S4N9,0.008126467,0.0032610863,253064
20120926,10:00:00.000,BBG000BH2JM1,0.00054702803,-0.010517558,756945
20120926,10:00:00.000,BBG000BRD0D8,0.002900028,0.0011620485,365623
20120926,10:00:00.000,BBG000BJF1Z8,-0.0014159698,-0.00248299,246911
20120926,10:00:00.000,BBG000BHQ1H0,0.009817424,0.0065765567,362235
20120926,10:00:00.000,BBG000BN5HF7,0.006153553,0.0009648268,724632
20120926,10:00:00.000,BBG000B9WH86,-0.004295666,-0.0135822715,2907817
20120926,10:00:00.000,BBG000C5Z1S3,-0.011709551,-0.024570009,4303593
20120926,10:00:00.000,BBG000D9D830,-0.0003303937,-0.002695209,285135
20120926,10:00:00.000,BBG000JWD753,0.0055961376,-0.0008784644,1328928
20120926,10:00:00.000,BBG000BKCFC2,-0.007363845,-0.002991557,533187
20120926,10:00:00.000,BBG000BWVCP8,-0.0060245674,-0.010070323,358955
20120926,10:00:00.000,BBG000BBD070,-0.006335216,-0.017722135,678583
20120926,10:00:00.000,BBG000BMBL90,-0.0038503918,-0.0053046104,263833
20120926,10:00:00.000,BBG000BNWG87,0.0067022825,0.0053097666,693581
20120926,10:00:00.000,BBG000BCG930,-0.0073920493,-0.017269481,357094
20120926,10:00:00.000,BBG000BHX7N2,-0.0018141371,-0.0037267895,449324
20120926,10:00:00.000,BBG000BX3TD3,0.012740322,-0.0020957354,1436503
20120926,10:00:00.000,BBG000BH23R1,-0.0066004414,-0.012030155,2037529
20120926,10:00:00.000,BBG000BBVJZ8,-0.002378383,-0.0086577535,231267
20120926,10:00:00.000,BBG000BJ3PD2,0.006451251,-0.00086571416,577808
20120926,10:00:00.000,BBG000BFQYY3,0.0057051536,0.007215444,184440
20120926,10:00:00.000,BBG000BMW2Z0,-0.0008317469,0.0031573777,157775
20120926,10:00:00.000,BBG000CXYSZ6,0.0020400102,-0.008969257,172811
20120926,10:00:00.000,BBG000H556T9,0.0028195085,0.00042146668,463999
20120926,10:00:00.000,BBG000J6XT05,-0.006235098,0.004211442,366762
20120926,10:00:00.000,BBG000C8H633,-0.006570232,-0.0133176325,856729
20120926,10:00:00.000,BBG000FP1N32,-0.01336869,-0.024981573,1552652
20120926,10:00:00.000,BBG000BD4VG8,0.0068759155,-0.00951038,476320
20120926,10:00:00.000,BBG000C496P7,-0.0038809185,-0.009905117,899782
20120926,10:00:00.000,BBG000FG3C43,-0.011803468,-0.027125515,1235834
20120926,10:00:00.000,BBG000DHSPT0,-0.001000253,-0.0060620937,475862
20120926,10:00:00.000,BBG000FW00S1,0.005644443,-0.012968864,1289310
20120926,10:00:00.000,BBG000BFC8J2,0.010177112,0.00978651,328021
20120926,10:00:00.000,BBG000BZ9223,-0.0010523391,-0.009606184,112863
20120926,10:00:00.000,BBG000GFFQN9,0.0045685545,0.005104028,2630928
20120926,10:00:00.000,BBG000G2R6M0,0.0033227885,-0.011986076,873508
20120926,10:00:00.000,BBG000FL1TC8,0.0004922794,-0.007077545,431975
20120926,10:00:00.000,BBG000BGKTF9,0.0023447454,-0.0044711344,431228
20120926,10:00:00.000,BBG000BB6KF5,-0.0077093244,-0.019582337,1173347
20120926,10:00:00.000,BBG000BGLRN3,-0.0072526564,-0.0038145967,440072
20120926,10:00:00.000,BBG000Q9HH23,-0.004434478,-0.010803869,263462
20120926,10:00:00.000,BBG000BV8DN6,0.004571329,0.010214453,638496
20120926,10:00:00.000,BBG000BFXHL6,-0.004947867,-0.0073829144,589163
20120926,10:00:00.000,BBG000C46HM9,0.0059154867,0.0042366725,547757
20120926,10:00:00.000,BBG000BFRF55,0.0062864525,-0.012578448,1180013
20120926,10:00:00.000,BBG000BNBDC2,-0.0064248894,-0.009063084,569762
20120926,10:00:00.000,BBG000BH13K9,0.0038670253,0.001188968,523872
20120926,10:00:00.000,BBG000BGPTV6,0.008604863,-0.005192641,300005
20120926,10:00:00.000,BBG000QX74T1,-0.01719061,-0.02577366,246718
20120926,10:00:00.000,BBG000BWJFZ4,0.009023609,0.0053002588,103177
20120926,10:00:00.000,BBG000BWLMJ4,0.004948912,0.006100021,766119
20120926,10:00:00.000,BBG000BW3299,-0.011510305,-0.0151198665,421811
20120926,10:00:00.000,BBG000BFDXW1,-0.0012206252,-0.010415355,1262989
20120926,10:00:00.000,BBG000BC2C10,0.0040366384,-0.003577014,385850
20120926,10:00:00.000,BBG000BVV7G1,-0.01762441,-0.025876079,2964171
20120926,10:00:00.000,BBG000BPWXK1,-0.004052136,-0.017430821,1065105
20120926,10:00:00.000,BBG000BBGGQ1,-0.004873132,-0.011282342,836515
20120926,10:00:00.000,BBG000BHBK84,-0.00092574384,-0.005432009,1184336
20120926,10:00:00.000,BBG000BJX8C8,-0.0034665929,-0.013280006,322254
20120926,10:00:00.000,BBG000H8TVT2,-0.009047959,-0.004117222,381601
20120926,10:00:00.000,BBG000BTZQC4,0.007328743,-0.0010392154,826886
20120926,10:00:00.000,BBG000BP52R2,0.0020417208,0.004039386,343220
20120926,10:00:00.000,BBG000C5HS04,-0.0064498833,-0.0036808213,362785
20120926,10:00:00.000,BBG000BH3GZ2,0.0018685698,-0.003296755,291562
20120926,10:00:00.000,BBG000F1ZSQ2,-0.00051132246,-0.0031887619,44712
20120926,10:00:00.000,BBG000C15T95,-0.00042772156,-0.0032604553,359574
20120926,10:00:00.000,BBG000BFWKC0,-0.00011486999,-0.0005525146,160690
20120926,10:00:00.000,BBG000CL9VN6,0.0039764545,-0.0011152177,665534
20120926,10:00:00.000,BBG000F0KF42,-0.002993194,-0.02107435,877143
20120926,10:00:00.000,BBG000C240W1,-0.00792747,-0.021680368,7345145
20120926,10:00:00.000,BBG000L9CV04,-0.0029049402,-0.0012489323,579543
20120926,10:00:00.000,BBG000BC40Y8,0.0006354877,-0.0072290488,597600
20120926,10:00:00.000,BBG000BL4504,-0.010952113,-0.02670869,2302038
20120926,10:00:00.000,BBG000BB07P9,-0.0019291654,-0.018068772,1810800
20120926,10:00:00.000,BBG000BBDZG3,0.0006373667,-0.008004751,4874387
20120926,10:00:00.000,BBG000BY29C7,-0.004437457,-0.011370914,915174
20120926,10:00:00.000,BBG000DWG505,0.0052069207,0.0072582522,445786
20120926,10:00:00.000,BBG000BCQZS4,0.00020105131,-0.005864438,591895
20120926,10:00:00.000,BBG000CKGBP2,-0.013227435,-0.011895077,1204890
20120926,10:00:00.000,BBG000BHGDH5,-0.0067973807,0.0055968873,262992
20120926,10:00:00.000,BBG000FFDM15,-0.00020757725,0.0010311469,1092642
20120926,10:00:00.000,BBG000BWXBC2,-0.00078278297,0.00430875,572799
20120926,10:00:00.000,BBG000BGRY34,0.0044233347,0.0075605833,964337
20120926,10:00:00.000,BBG000BN2DC2,-0.009259921,-0.02296774,338102
20120926,10:00:00.000,BBG000BH1NH9,0.0060107186,-0.005295392,423147
20120926,10:00:00.000,BBG000F0PF65,-0.0025970927,-0.007221483,946995
20120926,10:00:00.000,BBG000BW8S60,-0.0006847565,-0.0008251095,725919
20120926,10:00:00.000,BBG000BCSST7,0.00575088,0.00799841,541105
20120926,10:00:00.000,BBG000CH5208,-0.0041752607,-0.006940253,805091
20120926,10:00:00.000,BBG000BQQ2S6,0.004958602,-0.0025195202,366686
20120926,10:00:00.000,BBG000BLZRJ2,0.0067160404,-0.010231794,2671951
20120926,10:00:00.000,BBG000BP6LJ8,-0.0034462002,0.0035269212,890875
20120926,10:00:00.000,BBG000DWYF03,-0.001268535,-0.004503578,1314901
20120926,10:00:00.000,BBG000BQPC32,0.0005391259,-0.010907343,8780434
20120926,10:00:00.000,BBG000BBS2Y0,0.0027886436,0.00494992,725172
20120926,10:00:00.000,BBG000CTQBF3,0.0051200623,-0.0012865311,754217
20120926,10:00:00.000,BBG000DQLV23,-0.0073234285,-0.009707262,1483913
20120926,10:00:00.000,BBG000KHWT55,-0.006628464,-0.019144438,3264945
20120926,10:00:00.000,BBG000BNDN65,0.009311967,0.010442565,1332520
20120926,10:00:00.000,BBG000B9ZXB4,-0.001366392,-0.002658575,690470
20120926,10:00:00.000,BBG000DH7JK6,0.0019036251,0.008246363,546020
20120926,10:00:00.000,BBG000BH4R78,-0.0037306563,-0.0055172336,1196486
20120926,10:00:00.000,BBG000BQQH30,0.003237457,-0.0027878229,833618
20120926,10:00:00.000,BBG000PSKYX7,-0.0032146454,-0.006724262,292171
20120926,10:00:00.000,BBG000C6CFJ5,0.002146227,-0.007748031,746181
20120926,10:00:00.000,BBG000BKTFN2,-0.009010608,-0.023586957,2697978
20120926,10:00:00.000,BBG000J2XL74,-0.0039549405,0.0005549372,632987
20120926,10:00:00.000,BBG000BHVJJ3,0.0006820599,-0.010679423,2564567
20120926,10:00:00.000,BBG000C43RR5,-0.0006205796,-0.0037493934,1425178
20120926,10:00:00.000,BBG000BFT2L4,-0.0006915977,-0.0041844617,1958584
20120926,10:00:00.000,BBG000D4LWF6,0.0019083048,0.0050830483,1850483
20120926,10:00:00.000,BBG000BNSZP1,0.0031675606,0.0015074919,708775
20120926,10:00:00.000,BBG000BT41Q8,-0.00023480768,-0.0090780435,748612
20120926,10:00:00.000,BBG000BKZB36,-0.0056582964,-0.0018419639,1032794
20120926,10:00:00.000,BBG000BPD168,0.0051256125,0.0031019663,2107897
20120926,10:00:00.000,BBG000HS77T5,-0.00011588832,-0.00021919674,1210994
20120926,10:00:00.000,BBG000BQLTW7,-0.007885203,-0.01565763,4789880
20120926,10:00:00.000,BBG000BVPV84,-0.0053353077,-0.0030704855,486053
20120926,10:00:00.000,BBG000BJDB15,-0.008123552,-0.025689986,4327870
20120926,10:00:00.000,BBG000BMX289,0.003853687,0.009022522,2224892
20120926,10:00:00.000,BBG000MM2P62,-0.005145863,-0.013070334,8538631
20120926,10:00:00.000,BBG000CGC1X8,0.006889912,0.001595519,1727195
20120926,10:00:00.000,BBG000BLBVN4,0.0013173562,0.00040376052,149485
20120926,10:00:00.000,BBG000BF0K17,0.0038642737,-0.0058599906,1330509
20120926,10:00:00.000,BBG000BR2TH3,-0.00081881194,0.0024430093,1029363
20120926,10:00:00.000,BBG000K4ND22,-0.0028196773,-0.003933742,976336
20120926,10:00:00.000,BBG000BR2B91,0.0027873556,0.0016100687,3613077
20120926,10:00:00.000,BBG000C3J3C9,-0.0020223083,-0.009117928,4568103
20120926,10:00:00.000,BBG000BLNNH6,0.0054465267,0.0015844284,487773
20120926,10:00:00.000,BBG000BWQFY7,3.4936875e-05,-0.0011519461,3904246
20120926,10:00:00.000,BBG000BMHYD1,0.0012791514,0.0011543225,1348161
20120926,10:00:00.000,BBG000BK6MB5,-0.002771085,-0.0071700625,5936377
20120926,10:00:00.000,BBG000BSJK37,0.0026755692,0.0042043063,2250147
20120926,10:00:00.000,BBG000C0G1D1,0.012327885,0.004885869,5652028
20120926,10:00:00.000,BBG000FY4S11,-0.0038688397,-0.019771848,8997892
20120926,10:00:00.000,BBG000BCTLF6,0.0043821377,-0.007843217,31016872
20120926,10:00:00.000,BBG000DMBXR2,-0.0005889372,-0.009860727,4917843
20120926,10:00:00.000,BBG000BPH459,0.0030696273,-0.00460594,8889217
20120926,10:00:00.000,BBG000GZQ728,-0.0019075933,3.1800283e-07,1673104
20120926,10:00:00.000,BBG000BHSKN9,0.005187345,0.0036321233,1022458
20120926,10:00:00.000,BBG000B9XRY4,-0.0037691682,-0.012297246,4788259
20120926,10:15:00.000,BBG000BFVXX0,0.008228371,0.014979911,517303
20120926,10:15:00.000,BBG000M4SW14,-0.0085697565,-0.015990695,116492
20120926,10:15:00.000,BBG000HS74G6,-0.0015174724,-0.0029631015,102106
20120926,10:15:00.000,BBG000BJNGN9,-0.07479802,-0.09253511,3573333
20120926,10:15:00.000,BBG000FNRZ69,-0.0009592084,-0.0130579015,426995
20120926,10:15:00.000,BBG000BW2QX0,-0.0011378867,-0.006730452,233869
20120926,10:15:00.000,BBG000BBV8B8,0.0027809558,-0.012533779,155835
20120926,10:15:00.000,BBG000DV7MX4,0.00094374985,-0.011466255,1622017
20120926,10:15:00.000,BBG000BQ74K1,0.0011427951,-0.0038323586,109543
20120926,10:15:00.000,BBG000BCYP43,-0.002409378,-0.0022865282,34099
20120926,10:15:00.000,BBG000BW5YW1,0.0104654385,-0.013541532,409025
20120926,10:15:00.000,BBG000BLCL55,-0.0017145267,-0.013528807,128004
20120926,10:15:00.000,BBG000CZWZ05,0.0029237785,-0.0049658217,86776
20120926,10:15:00.000,BBG000NSCNT7,0.0049774726,-0.0037305139,355451
20120926,10:15:00.000,BBG000D14WM3,-0.0118259685,-0.02573719,1560293
20120926,10:15:00.000,BBG000BK5DP1,0.007887024,-0.0027524559,521912
20120926,10:15:00.000,BBG000PCNTM2,-0.0081826495,-0.012493993,64569
20120926,10:15:00.000,BBG000BBB3K1,-0.0010427367,0.006881379,231164
20120926,10:15:00.000,BBG000C2YHG9,-0.019597907,-0.029529799,274667
20120926,10:15:00.000,BBG000RGM5P1,-0.011199334,-0.023021717,606128
20120926,10:15:00.000,BBG000BQ87N0,0.0014260731,0.010248361,128306
20120926,10:15:00.000,BBG000BD0TF8,0.0009170221,-0.005478445,133864
20120926,10:15:00.000,BBG000BDG1Y1,0.00511288,-0.0039425544,182064
20120926,10:15:00.000,BBG000BHC2S1,0.003381241,-0.00087794365,94596
20120926,10:15:00.000,BBG000BCHG15,0.0049650143,0.0019484322,202051
20120926,10:15:00.000,BBG000CLVM51,-0.0008466716,-0.009751444,40305
20120926,10:15:00.000,BBG000BBCQD7,0.0063298224,-0.0031145462,187067
20120926,10:15:00.000,BBG000BB03M1,0.00600235,-0.005159594,176298
20120926,10:15:00.000,BBG000BQC9V2,0.014875225,0.008898592,916836
20120926,10:15:00.000,BBG000D5S4M0,-0.002660287,-0.005431897,71903
20120926,10:15:00.000,BBG000BB9RZ5,0.005535996,-0.0018407428,62988
20120926,10:15:00.000,BBG000DCCZW2,-0.0031090747,-0.015427736,128950
20120926,10:15:00.000,BBG000BS5170,-0.0071574897,-0.00912035,257739
20120926,10:15:00.000,BBG000BLMZK6,-0.002708876,-0.005621315,226946
20120926,10:15:00.000,BBG000BB5BF6,-0.00041421384,-0.0033501824,700556
20120926,10:15:00.000,BBG000BLXZN1,0.0017622209,-0.0049490076,32755
20120926,10:15:00.000,BBG000FQRVM3,-0.0036979453,-0.006835367,58956
20120926,10:15:00.000,BBG000BGFLL5,-0.002728334,-0.009655819,407705
20120926,10:15:00.000,BBG000BJ5GK2,0.00549724,0.004023119,143746
20120926,10:15:00.000,BBG000BWP7D9,0.005075559,0.010827621,544238
20120926,10:15:00.000,BBG000BPQVR5,0.00021403753,-0.0068363245,93492
20120926,10:15:00.000,BBG000DGPR66,-0.008671654,-0.011957941,172677
20120926,10:15:00.000,BBG000BRZBT3,-0.0077395774,-0.018210895,510069
20120926,10:15:00.000,BBG000BWBZN1,-0.0070368107,-0.01103616,131095
20120926,10:15:00.000,BBG000BFS7D3,0.004573428,0.009314212,116233
20120926,10:15:00.000,BBG000C23KJ3,-0.009705533,-0.010854748,1588057
20120926,10:15:00.000,BBG001QD41M9,-0.0060721776,-0.015298821,220925
20120926,10:15:00.000,BBG000M44VW8,-0.00561967,-0.024851063,227274
20120926,10:15:00.000,BBG000BSJTT0,0.010336379,-0.00797259,757100
20120926,10:15:00.000,BBG000C9W1Y1,0.0035298641,0.0045957277,308648
20120926,10:15:00.000,BBG000DHNDK1,,,250567
20120926,10:15:00.000,BBG000BN9WT5,0.002945777,-0.0056667463,216498
20120926,10:15:00.000,BBG000BBMT95,0.012361846,0.006499783,399036
20120926,10:15:00.000,BBG000BJVZF7,0.005577479,0.0017998173,210064
20120926,10:15:00.000,BBG000BPZBB6,0.005186347,0.0074465,337296
20120926,10:15:00.000,BBG000R57L13,0.006141479,-0.014001417,599222
20120926,10:15:00.000,BBG000C1FB75,0.0031836326,0.0014048007,33287
20120926,10:15:00.000,BBG000BF6LY3,-0.0059551294,-0.006739179,1356552
20120926,10:15:00.000,BBG000F6ZWH2,0.00786424,0.00077549444,153750
20120926,10:15:00.000,BBG000BP7JB0,-0.0074686925,-0.023491295,710218
20120926,10:15:00.000,BBG000RNTSX0,0.0008454371,-0.006847636,101079
20120926,10:15:00.000,BBG000BCTQ65,0.0011404908,0.009766612,284562
20120926,10:15:00.000,BBG000C4DPX1,0.0019213734,-0.009846872,362829
20120926,10:15:00.000,BBG000TJM7F0,-0.0011856216,0.0038912757,143629
20120926,10:15:00.000,BBG0016WLQ18,-0.009488136,-0.016783215,427034
20120926,10:15:00.000,BBG000CNFQW6,-0.00023058956,-0.0024406002,40981
20120926,10:15:00.000,BBG000BMZ7P7,-0.0076764813,-0.012901981,73703
20120926,10:15:00.000,BBG000BLDV98,-0.007271418,0.0005898646,326001
20120926,10:15:00.000,BBG000BKWSR6,0.0074872877,0.0044018207,723952
20120926,10:15:00.000,BBG000MQ1SN9,0.012656492,0.011518422,117040
20120926,10:15:00.000,BBG000C75N77,0.0056473403,0.0019492053,248727
20120926,10:15:00.000,BBG000C2ZCH8,0.0019229358,0.00853749,156293
20120926,10:15:00.000,BBG000BVB8Q0,0.008700619,-0.002221602,464488
20120926,10:15:00.000,BBG000G6BN50,-0.003890806,-0.008839016,67417
20120926,10:15:00.000,BBG000BL79J3,-0.00079985504,0.00026356833,483797
20120926,10:15:00.000,BBG000BKXFN7,-0.012705328,-0.028403707,696968
20120926,10:15:00.000,BBG000BD3LM4,0.00038940337,-0.016019663,473688
20120926,10:15:00.000,BBG000F86GP6,0.0048673404,-0.001125539,230661
20120926,10:15:00.000,BBG000BGXZB5,-0.0067824707,-0.005648343,271560
20120926,10:15:00.000,BBG000BVMPN3,0.0039096745,-0.0015089087,160268
20120926,10:15:00.000,BBG000D9DMK0,-0.0021715038,-0.0019742372,34252
20120926,10:15:00.000,BBG000FDBX90,-0.0038190521,0.0014008463,474789
20120926,10:15:00.000,BBG000MM5VL9,-0.0024120111,-0.011068601,170289
20120926,10:15:00.000,BBG000BHCP19,-0.001176848,-0.0077450485,242851
20120926,10:15:00.000,BBG000BX8DC4,0.0015883306,0.0026522751,154218
20120926,10:15:00.000,BBG000G3QLY3,0.008360599,-0.002950475,263289
20120926,10:15:00.000,BBG000BDWKC5,0.005339361,-0.0038380986,461148
20120926,10:15:00.000,BBG000BMRFF9,0.007685376,0.0049880375,119344
20120926,10:15:00.000,BBG000BT4T69,-0.0018373646,-0.003758961,168213
20120926,10:15:00.000,BBG000BRRG02,0.0034412665,0.0029644887,170818
20120926,10:15:00.000,BBG000BP0KQ8,-0.021363892,-0.037081007,1431120
20120926,10:15:00.000,BBG000RKR4R8,-0.0006202304,-0.015658442,2004640
20120926,10:15:00.000,BBG000C3HSR0,-0.021166617,-0.033533607,1171165
20120926,10:15:00.000,BBG000BKQ3V3,-0.0027108104,-0.016840523,541133
20120926,10:15:00.000,BBG000CGT2S4,0.0086162975,0.0004617745,228496
20120926,10:15:00.000,BBG000C1FQS9,-0.0021867417,0.008385335,68258
20120926,10:15:00.000,BBG000FFH4P5,0.0019137381,-0.0045590587,69935
20120926,10:15:00.000,BBG000BF5RY1,-0.0057791215,-0.0048691723,475894
20120926,10:15:00.000,BBG000BFNR17,-0.00016669587,-0.0048858225,50058
20120926,10:15:00.000,BBG000BR1W32,-0.019641483,-0.04316916,675722
20120926,10:15:00.000,BBG001M8HHB7,0.0067962008,0.003110684,299086
20120926,10:15:00.000,BBG000BPNP00,0.0022331194,-0.007261626,240959
20120926,10:15:00.000,BBG000C0LW92,0.0062395786,-0.0017747867,543706
20120926,10:15:00.000,BBG000K7PWX7,0.0070033735,-0.008898126,291512
20120926,10:15:00.000,BBG000BQSQ38,-0.010030345,-0.009875965,822428
20120926,10:15:00.000,BBG000BKXYX5,0.016390113,0.012287422,464659
20120926,10:15:00.000,BBG000BLHRS2,-0.0033964855,0.0009865507,60720
20120926,10:15:00.000,BBG000JYP7L8,0.008010436,-0.0034431978,165363
20120926,10:15:00.000,BBG000PV2L86,-0.007680996,-0.0047587855,55041
20120926,10:15:00.000,BBG000BTCH57,0.0014527488,0.0016092681,396065
20120926,10:15:00.000,BBG000BBNYF6,0.005097251,-0.00035806192,183630
20120926,10:15:00.000,BBG000BPL8X4,-0.0019323091,0.0004616086,151999
20120926,10:15:00.000,BBG000BLCPY4,0.009013592,-0.008146703,227300
20120926,10:15:00.000,BBG000BNC3Y9,0.00096127123,-0.014836536,312377
20120926,10:15:00.000,BBG000BT9T73,0.0054549896,-0.009936006,794795
20120926,10:15:00.000,BBG000BC15S7,0.0021960922,0.0047200373,115452
20120926,10:15:00.000,BBG000BKNX95,0.008685883,-0.009049691,689739
20120926,10:15:00.000,BBG000C90DH9,0.010036269,-0.00088950736,338235
20120926,10:15:00.000,BBG000C7B436,-0.0016950289,-0.022112159,521086
20120926,10:15:00.000,BBG000BK6G19,-0.0035195234,-0.014551783,143717
20120926,10:15:00.000,BBG000BX5ZF5,-0.0013382187,-0.017503968,1774281
20120926,10:15:00.000,BBG000BGD7W6,-0.0039639617,-0.004598492,322059
20120926,10:15:00.000,BBG000BVSX05,-0.0008270563,-0.015299068,327312
20120926,10:15:00.000,BBG000CKJ0P3,-0.0009730907,-0.004906773,91682
20120926,10:15:00.000,BBG000BNJHS8,-0.0006459028,0.007914035,478730
20120926,10:15:00.000,BBG000BQZMH4,0.00092032546,0.007853057,277588
20120926,10:15:00.000,BBG000DN7P92,7.0008224e-05,-0.002733239,110597
20120926,10:15:00.000,BBG000BKPL53,0.001647295,-0.0026171799,183612
20120926,10:15:00.000,BBG000BB2DM7,-0.0015531013,-0.012364858,2319818
20120926,10:15:00.000,BBG000BJDPC2,0.009686875,0.015277428,206077
20120926,10:15:00.000,BBG000BJ8YN7,0.003748101,0.0012706392,237245
20120926,10:15:00.000,BBG000BPVCR1,-0.021475509,-0.02977718,1543801
20120926,10:15:00.000,BBG000PCQQL6,0.0030298864,-0.00055130007,286111
20120926,10:15:00.000,BBG000C2BXK4,-0.003056183,-0.00860035,931687
20120926,10:15:00.000,BBG000F9KJN4,-0.0030783252,-0.011074408,382316
20120926,10:15:00.000,BBG000BNNYW1,0.0009493739,0.0028124584,406616
20120926,10:15:00.000,BBG000C734W3,-0.0091641545,-0.015165147,108570
20120926,10:15:00.000,BBG000D7RKJ5,-0.003124588,0.0078042354,217726
20120926,10:15:00.000,BBG000G8N9C6,-0.0034387799,-0.0023676702,220695
20120926,10:15:00.000,BBG000BRXP69,0.0014577438,-0.0022978492,70743
20120926,10:15:00.000,BBG000NDYB67,-0.0056844065,-0.02124509,2482826
20120926,10:15:00.000,BBG000BHZ5J9,0.0029423365,-0.00043787126,56024
20120926,10:15:00.000,BBG000BHKYH4,0.007898896,0.009798459,219554
20120926,10:15:00.000,BBG000D2M0Z7,-0.0025191663,-0.0011443993,53504
20120926,10:15:00.000,BBG000CHWP52,0.0075664455,0.000769731,171796
20120926,10:15:00.000,BBG0029SNR63,0.020110298,0.014325375,1441480
20120926,10:15:00.000,BBG000BNNKG9,-0.005092118,-0.021228714,1005555
20120926,10:15:00.000,BBG000BP4MH0,0.005752811,0.008550861,536074
20120926,10:15:00.000,BBG000BHLYS1,0.0015650006,0.0109272115,427482
20120926,10:15:00.000,BBG000BFJ645,-0.0109981485,-0.013251204,5428549
20120926,10:15:00.000,BBG000BC4JJ4,-0.007910495,-0.009416606,189650
20120926,10:15:00.000,BBG000BVVQQ8,0.00012279108,-0.00962119,394262
20120926,10:15:00.000,BBG000DLFM21,0.004480294,-0.0052257976,103314
20120926,10:15:00.000,BBG000BP1152,-0.004826851,-0.020903153,902548
20120926,10:15:00.000,BBG000H50PN8,0.0032731043,-0.0062180907,233154
20120926,10:15:00.000,BBG000CP95B7,0.0043606856,0.00043892342,79327
20120926,10:15:00.000,BBG000BS9489,-0.0027387098,-0.006913459,219314
20120926,10:15:00.000,BBG000KBQZ88,-0.006296643,-0.009209202,178161
20120926,10:15:00.000,BBG000C37332,0.0054926225,-0.0047112983,90157
20120926,10:15:00.000,BBG000C2PW58,0.008588245,0.0034285022,70529
20120926,10:15:00.000,BBG000BKR1D6,0.0031788193,0.0003869364,97891
20120926,10:15:00.000,BBG000BR37X2,-0.0060519422,-0.003839301,479474
20120926,10:15:00.000,BBG000BWCKB6,0.0019582878,0.004152475,71360
20120926,10:15:00.000,BBG000BCZYD3,-0.0027168323,-0.003417959,113296
20120926,10:15:00.000,BBG000BMKDM3,-0.0010925597,0.0017355813,236221
20120926,10:15:00.000,BBG000D3MB18,0.0031997545,-0.0044152066,162247
20120926,10:15:00.000,BBG000BB1TH9,-0.0100376,-0.016938604,250306
20120926,10:15:00.000,BBG000BQVTF5,-0.011520156,-0.020969484,539669
20120926,10:15:00.000,BBG000D1QCF1,-0.021340502,-0.030903455,655002
20120926,10:15:00.000,BBG000PX3XC0,-0.005155524,-0.01680793,337864
20120926,10:15:00.000,BBG000J1QLT0,0.013136134,0.009635061,253868
20120926,10:15:00.000,BBG000BH8TT6,-0.0403563,-0.047748886,1267049
20120926,10:15:00.000,BBG000QRFNK2,-0.04249041,-0.052272562,2464734
20120926,10:15:00.000,BBG000BCNYT9,0.008917414,-0.0012668028,330740
20120926,10:15:00.000,BBG000BPMH90,-0.0067991335,-0.013335527,153300
20120926,10:15:00.000,BBG000F7RCJ1,0.0006413076,-0.0006661122,36473
20120926,10:15:00.000,BBG000BB6G37,0.0006122839,-0.006665718,324111
20120926,10:15:00.000,BBG000BFDLV8,-2.7072749e-05,-0.0049449853,146203
20120926,10:15:00.000,BBG000WCFV84,0.0041703447,-0.0043296744,536534
20120926,10:15:00.000,BBG000BY2Y78,0.0021969702,-0.006837072,318426
20120926,10:15:00.000,BBG000BXM6V2,-0.013542546,-0.014640076,284448
20120926,10:15:00.000,BBG000FH8PX5,0.006186969,0.003185964,110405
20120926,10:15:00.000,BBG000BP8Z50,-0.0019948331,-0.008655383,253979
20120926,10:15:00.000,BBG000BQWPC5,0.005527108,0.010784234,400843
20120926,10:15:00.000,BBG000BWSV34,-0.0009919747,-0.01583789,226291
20120926,10:15:00.000,BBG000NDZ417,-0.005004286,-0.019277912,373183
20120926,10:15:00.000,BBG000BJQWD2,-0.0013870407,-0.010014286,289306
20120926,10:15:00.000,BBG000BB5373,0.010682314,0.0070824665,555530
20120926,10:15:00.000,BBG000BHB3M6,7.335462e-05,-0.0075262766,200137
20120926,10:15:00.000,BBG000BLW530,0.00029238686,-0.007945737,156931
20120926,10:15:00.000,BBG000D8RG11,-0.0128717,-0.016103232,577683
20120926,10:15:00.000,BBG0019JZ882,-0.0021738124,-0.004782478,401839
20120926,10:15:00.000,BBG000R7RDB4,-0.008018517,-0.017759318,120008
20120926,10:15:00.000,BBG000BQ8KV2,0.007161405,0.0034172072,336288
20120926,10:15:00.000,BBG000BYWTX7,-0.007915073,-0.023796786,3402210
20120926,10:15:00.000,BBG000C1S2X2,-0.0026898247,-0.01164231,205380
20120926,10:15:00.000,BBG000DLVDK3,0.0070283236,-0.0022119132,336659
20120926,10:15:00.000,BBG000BFL116,0.022901108,0.00024359024,1043696
20120926,10:15:00.000,BBG000C1DHF5,0.008078634,-0.006724987,820884
20120926,10:15:00.000,BBG000BVHBM1,0.005798552,-0.014086141,607250
20120926,10:15:00.000,BBG000BGVW60,0.008257043,0.015953034,518102
20120926,10:15:00.000,BBG000BPQD31,0.0019185334,-0.006196968,428195
20120926,10:15:00.000,BBG000H1F895,-0.008598733,-0.024168069,659239
20120926,10:15:00.000,BBG000K82ZT8,0.012822163,-0.0008312676,482573
20120926,10:15:00.000,BBG000DNTSP4,-0.0013126794,-0.0006830229,510739
20120926,10:15:00.000,BBG000F15NW9,0.0075613745,0.0011919545,220853
20120926,10:15:00.000,BBG000BPT0C6,0.0023998914,-0.0028277312,153889
20120926,10:15:00.000,BBG000B9WJ73,0.00889603,-0.011244774,2248794
20120926,10:15:00.000,BBG000BDXGP9,0.003470505,0.00510844,557299
20120926,10:15:00.000,BBG000BSD7C2,-0.001854062,0.002239053,122405
20120926,10:15:00.000,BBG000BSLZY7,-0.00073459535,-0.0077609657,2435592
20120926,10:15:00.000,BBG000BKZTP3,0.0027764926,-0.006747457,896905
20120926,10:15:00.000,BBG000BF1R66,-0.00022447885,0.0032885962,175028
20120926,10:15:00.000,BBG000HW5GX3,0.009114379,-0.0028553363,611852
20120926,10:15:00.000,BBG000C0F570,0.00253755,-0.0059163515,401396
20120926,10:15:00.000,BBG000BP1Q11,0.00094316894,-0.0022197233,238816
20120926,10:15:00.000,BBG000BMQPL1,0.0064287484,0.001139636,1721802
20120926,10:15:00.000,BBG000M65M61,0.0031086623,0.007562522,738744
20120926,10:15:00.000,BBG000BM7HL0,0.009502145,-0.0073002693,325531
20120926,10:15:00.000,BBG000BJ49H3,0.0048320517,-0.008014182,175991
20120926,10:15:00.000,BBG000JBN3X6,0.012918986,0.014570037,946853
20120926,10:15:00.000,BBG000NSQ9M0,-0.003026237,-0.0105434125,1658689
20120926,10:15:00.000,BBG000BTVJ25,-0.0025294828,-1.06694635e-07,279162
20120926,10:15:00.000,BBG000BBCDZ2,-0.0060382774,-0.013586048,302514
20120926,10:15:00.000,BBG000BNGTQ7,0.00053703925,-0.00020272553,258623
20120926,10:15:00.000,BBG000BGKHZ3,0.003370944,-0.00010474725,167152
20120926,10:15:00.000,BBG000BL9439,0.0002736712,0.003404055,240957
20120926,10:15:00.000,BBG000H9G7X2,-0.0064439974,-0.012581259,418996
20120926,10:15:00.000,BBG000BK67C7,0.005688875,0.0074476027,264573
20120926,10:15:00.000,BBG000FV1Z23,0.0068892436,0.0020427143,171624
20120926,10:15:00.000,BBG000BV7LP7,-0.012783137,-0.021998098,1094349
20120926,10:15:00.000,BBG000CR90K4,0.03020352,0.016654033,10349377
20120926,10:15:00.000,BBG000BL9JQ1,0.0027372034,-0.00645081,338943
20120926,10:15:00.000,BBG000BF2KK4,0.0053555523,0.0014826098,63856
20120926,10:15:00.000,BBG000GLBN48,-0.005405364,-0.00895525,139003
20120926,10:15:00.000,BBG000BB6M98,0.004279532,0.00733396,193264
20120926,10:15:00.000,BBG000BXMFC3,-0.028142335,-0.047044966,835988
20120926,10:15:00.000,BBG000BSXQV7,-0.0041641686,-0.0009810352,134460
20120926,10:15:00.000,BBG000MDCQC2,-0.003976163,-0.0023179238,377111
20120926,10:15:00.000,BBG000BRJ809,0.002716407,-0.0006084861,89404
20120926,10:15:00.000,BBG000DKCC19,0.009936886,0.0056548347,1044875
20120926,10:15:00.000,BBG000BFMBQ6,0.004508968,-0.0029881771,148124
20120926,10:15:00.000,BBG000BQ2C28,0.004828187,0.005169367,278365
20120926,10:15:00.000,BBG000BMTFR4,0.007085371,-0.005869153,360835
20120926,10:15:00.000,BBG000BHLYP4,-0.0029443137,-0.006470326,267405
20120926,10:15:00.000,BBG000BNFLM9,0.001285505,-0.010987493,648665
20120926,10:15:00.000,BBG000NV1KK7,0.005874709,0.009676522,588731
20120926,10:15:00.000,BBG000FBK808,-0.015683066,-0.027836753,956122
20120926,10:15:00.000,BBG000R0L5J4,-0.01074246,-0.017418027,253478
20120926,10:15:00.000,BBG000BZTW70,0.0015846811,-0.021045133,1637377
20120926,10:15:00.000,BBG000BLM0V1,,,110833
20120926,10:15:00.000,BBG000BTQR96,0.009543638,0.00085701427,211655
20120926,10:15:00.000,BBG000BH5DV1,0.00693713,-0.0029364824,696350
20120926,10:15:00.000,BBG000BLBXT4,-0.0046176463,-0.0059367926,177186
20120926,10:15:00.000,BBG000KLB4Q1,-0.009368452,-0.028516676,1516308
20120926,10:15:00.000,BBG000BR3KL6,-0.0003636638,-0.008654335,204438
20120926,10:15:00.000,BBG000BB9KF2,-0.0039028896,0.006762098,241300
20120926,10:15:00.000,BBG000BVDLH9,0.0013222841,-0.0031341196,204058
20120926,10:15:00.000,BBG000C0MF34,-0.004667317,-0.0027966495,107046
20120926,10:15:00.000,BBG000FVXD63,0.0057959505,0.0012668201,168076
20120926,10:15:00.000,BBG000CGQ6M4,-0.0073464327,-0.0073843463,178377
20120926,10:15:00.000,BBG000BJSBJ0,0.0019038807,0.010776854,334128
20120926,10:15:00.000,BBG000BFTJ91,-0.0028504683,-0.007164302,266831
20120926,10:15:00.000,BBG000BSC0K9,0.0011704339,0.003182075,217287
20120926,10:15:00.000,BBG000BWXL85,-0.0005986447,-0.016789127,502070
20120926,10:15:00.000,BBG000QY3XZ2,0.0044100587,-0.004127421,398672
20120926,10:15:00.000,BBG000BCWCG1,0.008072797,0.0005903587,1763161
20120926,10:15:00.000,BBG000CKVSG8,-0.005486104,-0.016595483,397796
20120926,10:15:00.000,BBG000JN8R00,0.010197844,-0.0043216534,371812
20120926,10:15:00.000,BBG000BBBNC6,-0.0058262935,-0.017656403,602428
20120926,10:15:00.000,BBG000JG0547,0.000768609,0.0017126625,503833
20120926,10:15:00.000,BBG000R7Z112,0.0042513097,0.00776486,943047
20120926,10:15:00.000,BBG000D898T9,0.004084419,0.0032033846,779656
20120926,10:15:00.000,BBG000Q3JN03,-0.0006989851,-0.0069205286,1941130
20120926,10:15:00.000,BBG000BRJL00,-0.0051555145,0.0051735225,625979
20120926,10:15:00.000,BBG000C2V3D6,0.00674005,-0.0056076506,681864
20120926,10:15:00.000,BBG000G30YX4,-0.0060876906,-0.011277938,167700
20120926,10:15:00.000,BBG000G0Z878,0.009723858,-0.0026590724,1078884
20120926,10:15:00.000,BBG000BKXBV7,0.0067011444,0.0047592376,1780547
20120926,10:15:00.000,BBG000BJ98Z0,0.021641707,0.012554854,1605632
20120926,10:15:00.000,BBG000BR14K5,0.005827053,0.008460607,323536
20120926,10:15:00.000,BBG000BGYWY6,0.005607458,0.008113572,181931
20120926,10:15:00.000,BBG000BCGY17,-0.0008259281,0.0035583733,238393
20120926,10:15:00.000,BBG000BV75B7,0.00412703,-0.0045434395,269515
20120926,10:15:00.000,BBG000CXD6X9,0.0073616817,0.0050920215,317687
20120926,10:15:00.000,BBG000BWVSR1,-0.0041101947,-0.002180894,572186
20120926,10:15:00.000,BBG000BVPPM1,-0.0036523966,-0.01071999,491348
20120926,10:15:00.000,BBG000BBMSJ6,8.594898e-05,-0.011352466,398998
20120926,10:15:00.000,BBG000CHPY97,0.01000378,0.0027439415,487208
20120926,10:15:00.000,BBG000C3GN47,0.011472182,0.004581431,353716
20120926,10:15:00.000,BBG000BYYLS8,0.0028622386,-0.0003011375,455778
20120926,10:15:00.000,BBG000DTMH63,,,314259
20120926,10:15:00.000,BBG000PVRDL2,-0.013806231,-0.025785787,2431775
20120926,10:15:00.000,BBG000DQTXY6,0.0034926024,-0.019774435,1226868
20120926,10:15:00.000,BBG000JF5CV9,0.008142677,-0.001983645,637278
20120926,10:15:00.000,BBG000CJZ2W6,-0.013668822,-0.023571417,541646
20120926,10:15:00.000,BBG000K14Q84,-0.011205504,-0.02830028,1127379
20120926,10:15:00.000,BBG000BH3JF8,0.0025729742,0.00055057363,605098
20120926,10:15:00.000,BBG000BTKGG8,0.008771456,0.0024817875,706597
20120926,10:15:00.000,BBG000BB5006,0.00556885,-0.006690099,715021
20120926,10:15:00.000,BBG000BSBZH7,-0.0052508,0.0008496707,279186
20120926,10:15:00.000,BBG000BM6788,-0.012251479,-0.020055177,493566
20120926,10:15:00.000,BBG000BQ5DS5,-0.003841759,-0.006451103,677387
20120926,10:15:00.000,BBG000BB6WG8,-0.010104799,-0.013017513,845925
20120926,10:15:00.000,BBG000BRK7L6,4.616915e-05,-0.009596355,623764
20120926,10:15:00.000,BBG000BMY992,-0.0017514689,-0.0017037991,855492
20120926,10:15:00.000,BBG000FKJRC5,-0.016665494,-0.020519761,314636
20120926,10:15:00.000,BBG000C1BW00,0.007801011,0.008742799,296842
20120926,10:15:00.000,BBG000DY8ZS4,0.007989857,-0.01510927,2321156
20120926,10:15:00.000,BBG000BY33P5,-0.019502543,-0.031346485,1616004
20120926,10:15:00.000,BBG000BKLH74,-0.005198233,-0.0036644198,751752
20120926,10:15:00.000,BBG000BMF5J0,-0.0070348475,-0.016616415,1180183
20120926,10:15:00.000,BBG000CSY9H9,0.006549882,0.00540426,516684
20120926,10:15:00.000,BBG000CPQZ77,-0.012237108,-0.013042097,292652
20120926,10:15:00.000,BBG000CS7CT9,0.0055981516,0.0057627624,346478
20120926,10:15:00.000,BBG000BC9938,-0.004418888,-0.022252528,546583
20120926,10:15:00.000,BBG000BBJQV0,-0.0032987127,-0.015665708,1973084
20120926,10:15:00.000,BBG000FQ6PY6,0.0058629727,-0.009312171,250960
20120926,10:15:00.000,BBG000PM7GJ0,-0.012430275,-0.029074214,4008304
20120926,10:15:00.000,BBG000GC80B4,0.0064664464,0.0022675046,332075
20120926,10:15:00.000,BBG000DYGNW7,0.0005259659,0.0026240384,245672
20120926,10:15:00.000,BBG000HCJMF9,-0.0044849683,-0.017903665,539532
20120926,10:15:00.000,BBG000C17X76,0.018943913,0.01945976,425110
20120926,10:15:00.000,BBG000BMDV41,0.0060894997,-0.0058215023,552599
20120926,10:15:00.000,BBG000TWC2V5,0.0069643217,0.0069949497,212589
20120926,10:15:00.000,BBG000BBPFB9,0.005332722,-0.008075172,1326552
20120926,10:15:00.000,BBG000BLKK03,-0.0023050797,-0.011834794,312853
20120926,10:15:00.000,BBG000R8ZVD1,0.008727765,0.004112996,278579
20120926,10:15:00.000,BBG000BD8PN9,0.0065209134,-0.001767016,1016836
20120926,10:15:00.000,BBG000BBDV81,0.0051198737,-0.00036802527,260656
20120926,10:15:00.000,BBG000BCVJ77,-0.012685485,-0.014305541,1387241
20120926,10:15:00.000,BBG000BJL3N0,0.0039641415,0.0006431072,2618422
20120926,10:15:00.000,BBG000BZ2GG4,-0.0029632165,-0.018871086,318702
20120926,10:15:00.000,BBG000BKFBD7,-0.0036004623,-0.009441423,536772
20120926,10:15:00.000,BBG000BJ2VQ6,0.0009302479,-0.011612339,502253
20120926,10:15:00.000,BBG000BKFZM4,0.0044913623,-0.007731034,2359876
20120926,10:15:00.000,BBG000QBR5J5,0.0039943387,-0.0023910617,623269
20120926,10:15:00.000,BBG000BJPDZ1,-6.867927e-05,-0.005159253,21411
20120926,10:15:00.000,BBG000BH5LT6,0.0055878675,-0.009166371,814740
20120926,10:15:00.000,BBG000MBDGM6,0.018046735,0.007782481,146588
20120926,10:15:00.000,BBG000LD9JQ8,-0.00026271,-0.0051366813,173749
20120926,10:15:00.000,BBG000BTR593,0.0044419887,-0.0012012933,617158
20120926,10:15:00.000,BBG000BVMGF2,-0.004160222,-0.0052585667,520206
20120926,10:15:00.000,BBG000FJLFX8,-0.0075836894,-0.016794147,776082
20120926,10:15:00.000,BBG000BWNFZ9,0.0028157257,-0.017764037,735293
20120926,10:15:00.000,BBG000BR54L0,-0.0030658348,-0.03112324,3403724
20120926,10:15:00.000,BBG000BCBCM7,-0.027686886,-0.03932929,5867615
20120926,10:15:00.000,BBG000BM5SR2,0.0046397243,-0.00653061,725643
20120926,10:15:00.000,BBG000BJ81C1,-0.005293248,-0.0033600654,396556
20120926,10:15:00.000,BBG001DCCGR8,-0.0018211266,-0.011930134,705244
20120926,10:15:00.000,BBG000H89QJ6,-0.0046271607,-0.008976105,369630
20120926,10:15:00.000,BBG000F6H8W8,0.0023531476,0.005816065,349185
20120926,10:15:00.000,BBG000BS0ZF1,-0.00746914,-0.00784362,106966
20120926,10:15:00.000,BBG000BVWLJ6,-0.00044561314,-0.0007293219,699319
20120926,10:15:00.000,BBG000BGJRC8,-0.003564798,-0.008032193,1183377
20120926,10:15:00.000,BBG000BT9DW0,-0.000568586,0.012460379,674294
20120926,10:15:00.000,BBG000BXRPH1,-0.0017882924,-0.013302759,329981
20120926,10:15:00.000,BBG000C7LMS8,0.004531878,0.008748671,156014
20120926,10:15:00.000,BBG00286S4N9,0.006020627,0.0009782286,374348
20120926,10:15:00.000,BBG000BH2JM1,-0.0028666449,-0.016606743,1510080
20120926,10:15:00.000,BBG000BRD0D8,0.0019229206,-0.001239562,496038
20120926,10:15:00.000,BBG000BJF1Z8,-0.002162658,-0.004019908,352222
20120926,10:15:00.000,BBG000BHQ1H0,0.0077185873,0.0038913446,464330
20120926,10:15:00.000,BBG000BN5HF7,-0.004165571,-0.023707645,1642741
20120926,10:15:00.000,BBG000B9WH86,-0.0023108472,-0.0113184145,4099296
20120926,10:15:00.000,BBG000C5Z1S3,-0.012680063,-0.02948397,5550193
20120926,10:15:00.000,BBG000D9D830,-0.00058892,-0.0043890704,363377
20120926,10:15:00.000,BBG000JWD753,0.007423663,0.0008784762,1747770
20120926,10:15:00.000,BBG000BKCFC2,-0.006601618,-0.0024932874,790480
20120926,10:15:00.000,BBG000BWVCP8,-0.009628071,-0.014098532,685366
20120926,10:15:00.000,BBG000BBD070,-0.005266178,-0.016789166,832640
20120926,10:15:00.000,BBG000BMBL90,-0.003997703,-0.006651852,336584
20120926,10:15:00.000,BBG000BNWG87,0.0068713035,0.0030012417,823700
20120926,10:15:00.000,BBG000BCG930,-0.0077930205,-0.020005032,519842
20120926,10:15:00.000,BBG000BHX7N2,-0.0014827489,-0.0044514355,548283
20120926,10:15:00.000,BBG000BX3TD3,0.014794701,1.7141483e-07,2002698
20120926,10:15:00.000,BBG000BH23R1,-0.0053942814,-0.013032612,2783979
20120926,10:15:00.000,BBG000BBVJZ8,-0.0039903927,-0.009414179,292800
20120926,10:15:00.000,BBG000BJ3PD2,0.011003514,0.0021642824,692392
20120926,10:15:00.000,BBG000BFQYY3,0.005432551,0.006653172,245714
20120926,10:15:00.000,BBG000BMW2Z0,0.00027813693,0.0033913215,239355
20120926,10:15:00.000,BBG000CXYSZ6,0.00038160008,-0.014107668,213629
20120926,10:15:00.000,BBG000H556T9,0.0018313548,-0.0013486509,628606
20120926,10:15:00.000,BBG000J6XT05,-0.006571405,0.004211361,581663
20120926,10:15:00.000,BBG000C8H633,-0.0066909655,-0.01365056,1250375
20120926,10:15:00.000,BBG000FP1N32,-0.012575285,-0.026869752,1999632
20120926,10:15:00.000,BBG000BD4VG8,0.005596639,-0.009402326,686653
20120926,10:15:00.000,BBG000C496P7,-0.005071327,-0.01320682,1267837
20120926,10:15:00.000,BBG000FG3C43,-0.014611382,-0.03248229,1550299
20120926,10:15:00.000,BBG000DHSPT0,-0.00161329,-0.0077153263,611884
20120926,10:15:00.000,BBG000FW00S1,0.0062355194,-0.013196323,1681647
20120926,10:15:00.000,BBG000BFC8J2,0.011033021,0.007290614,498569
20120926,10:15:00.000,BBG000BZ9223,-0.0010850837,-0.009117095,163026
20120926,10:15:00.000,BBG000GFFQN9,-0.0015461764,-0.0025515065,3056976
20120926,10:15:00.000,BBG000G2R6M0,0.003665979,-0.0048168455,1131234
20120926,10:15:00.000,BBG000FL1TC8,-0.0015951648,-0.008304278,530333
20120926,10:15:00.000,BBG000BGKTF9,-7.264828e-05,-0.0076903063,669329
20120926,10:15:00.000,BBG000BB6KF5,-0.00759558,-0.021310303,1627815
20120926,10:15:00.000,BBG000BGLRN3,-0.008902803,-0.004529929,595423
20120926,10:15:00.000,BBG000Q9HH23,-0.0070144595,-0.015684271,426047
20120926,10:15:00.000,BBG000BV8DN6,0.005272201,0.010668364,844756
20120926,10:15:00.000,BBG000BFXHL6,-0.0019106754,-0.0045165247,762337
20120926,10:15:00.000,BBG000C46HM9,0.006343455,0.0037070115,778599
20120926,10:15:00.000,BBG000BFRF55,0.0076632285,-0.011551621,1607210
20120926,10:15:00.000,BBG000BNBDC2,-0.006092113,-0.009484395,789183
20120926,10:15:00.000,BBG000BH13K9,0.004227657,0.0013869182,687286
20120926,10:15:00.000,BBG000BGPTV6,0.008609183,-0.0033536318,422385
20120926,10:15:00.000,BBG000QX74T1,-0.012588424,-0.021524481,319656
20120926,10:15:00.000,BBG000BWJFZ4,0.015451067,0.010740627,148453
20120926,10:15:00.000,BBG000BWLMJ4,0.005291806,0.0041590817,994500
20120926,10:15:00.000,BBG000BW3299,-0.0075537073,-0.009719875,547744
20120926,10:15:00.000,BBG000BFDXW1,0.0029447859,-0.009547392,1708880
20120926,10:15:00.000,BBG000BC2C10,0.004340265,-0.0018763066,548316
20120926,10:15:00.000,BBG000BVV7G1,-0.013788414,-0.024798019,3613540
20120926,10:15:00.000,BBG000BPWXK1,-0.004654401,-0.011620625,1474459
20120926,10:15:00.000,BBG000BBGGQ1,-0.006432018,-0.0143017005,1427473
20120926,10:15:00.000,BBG000BHBK84,0.00058776827,-0.006110834,1725981
20120926,10:15:00.000,BBG000BJX8C8,-0.0026505822,-0.012157812,450161
20120926,10:15:00.000,BBG000H8TVT2,-0.0065163574,-0.0017089711,512978
20120926,10:15:00.000,BBG000BTZQC4,0.0035930227,-0.001039258,1018287
20120926,10:15:00.000,BBG000BP52R2,0.002625978,0.0034468179,448367
20120926,10:15:00.000,BBG000C5HS04,-0.0063169505,-0.00231362,466768
20120926,10:15:00.000,BBG000BH3GZ2,0.0011353235,-0.0035214499,385070
20120926,10:15:00.000,BBG000F1ZSQ2,0.00046945165,-0.0028122312,52316
20120926,10:15:00.000,BBG000C15T95,-0.0016397109,-0.0046917778,439601
20120926,10:15:00.000,BBG000BFWKC0,-0.0008326761,-0.0023211597,248806
20120926,10:15:00.000,BBG000CL9VN6,0.009615892,0.0013947716,872936
20120926,10:15:00.000,BBG000F0KF42,0.0036711628,-0.019014569,1331468
20120926,10:15:00.000,BBG000C240W1,-0.0042855595,-0.019873576,10953597
20120926,10:15:00.000,BBG000L9CV04,-0.0032450806,-0.0017345025,838295
20120926,10:15:00.000,BBG000BC40Y8,-0.0004783245,-0.0066506383,770595
20120926,10:15:00.000,BBG000BL4504,-0.0097567905,-0.025137275,2979402
20120926,10:15:00.000,BBG000BB07P9,0.002137942,-0.007080922,2480048
20120926,10:15:00.000,BBG000BBDZG3,0.0028275345,-0.008155933,5959093
20120926,10:15:00.000,BBG000BY29C7,0.0009974323,-0.0059164325,1299713
20120926,10:15:00.000,BBG000DWG505,0.004225773,0.0066912347,588888
20120926,10:15:00.000,BBG000BCQZS4,-0.0025170692,-0.007702626,823640
20120926,10:15:00.000,BBG000CKGBP2,-0.011489163,-0.013233142,1560976
20120926,10:15:00.000,BBG000BHGDH5,-0.0066625113,0.006685379,462982
20120926,10:15:00.000,BBG000FFDM15,-0.0014152569,-0.0004428804,1450129
20120926,10:15:00.000,BBG000BWXBC2,-0.0012738861,0.0028276562,797988
20120926,10:15:00.000,BBG000BGRY34,0.008169746,0.008820592,1191741
20120926,10:15:00.000,BBG000BN2DC2,-0.013019351,-0.028488,451567
20120926,10:15:00.000,BBG000BH1NH9,0.0041311714,-0.0051723393,589294
20120926,10:15:00.000,BBG000F0PF65,-0.0010402282,-0.006665998,1419681
20120926,10:15:00.000,BBG000BW8S60,0.0011964361,6.377429e-05,976951
20120926,10:15:00.000,BBG000BCSST7,0.0065144557,0.009583676,838332
20120926,10:15:00.000,BBG000CH5208,-0.0013068763,-0.0051605096,1071179
20120926,10:15:00.000,BBG000BQQ2S6,0.0065919957,-0.00023424807,543915
20120926,10:15:00.000,BBG000BLZRJ2,0.006597483,-0.012037337,3475558
20120926,10:15:00.000,BBG000BP6LJ8,-0.0041204393,0.0029391823,1085278
20120926,10:15:00.000,BBG000DWYF03,-0.0030263406,-0.0073693483,1812256
20120926,10:15:00.000,BBG000BQPC32,-0.0036278572,-0.013882168,11152862
20120926,10:15:00.000,BBG000BBS2Y0,0.0012438281,0.0010736424,966649
20120926,10:15:00.000,BBG000CTQBF3,0.0026918976,-0.0033649416,1084467
20120926,10:15:00.000,BBG000DQLV23,-0.0070704245,-0.0100016305,1871413
20120926,10:15:00.000,BBG000KHWT55,-0.007110647,-0.021537792,4878276
20120926,10:15:00.000,BBG000BNDN65,0.008104064,0.007073739,2574749
20120926,10:15:00.000,BBG000B9ZXB4,-0.004082866,-0.0058919024,964092
20120926,10:15:00.000,BBG000DH7JK6,-0.0009101528,0.0058292393,746639
20120926,10:15:00.000,BBG000BH4R78,-0.0058117886,-0.008180716,1471976
20120926,10:15:00.000,BBG000BQQH30,0.0021532993,-0.0026135575,1072410
20120926,10:15:00.000,BBG000PSKYX7,-0.0010974136,-0.004903697,413437
20120926,10:15:00.000,BBG000C6CFJ5,0.0012759552,-0.00920067,1014611
20120926,10:15:00.000,BBG000BKTFN2,-0.011722887,-0.024737686,3318216
20120926,10:15:00.000,BBG000J2XL74,-0.0022242665,0.0024973524,968227
20120926,10:15:00.000,BBG000BHVJJ3,0.0019096638,-0.011784351,3090101
20120926,10:15:00.000,BBG000C43RR5,-0.00044393833,-0.0054159453,2025595
20120926,10:15:00.000,BBG000BFT2L4,-0.003129775,-0.0072530527,2523203
20120926,10:15:00.000,BBG000D4LWF6,-0.001297028,0.0014522854,2332049
20120926,10:15:00.000,BBG000BNSZP1,0.0034169983,0.00301494,960594
20120926,10:15:00.000,BBG000BT41Q8,0.0007307653,-0.0069462555,981404
20120926,10:15:00.000,BBG000BKZB36,-0.0067525906,-0.0043533873,1497179
20120926,10:15:00.000,BBG000BPD168,0.005356941,0.0026587786,2917469
20120926,10:15:00.000,BBG000HS77T5,0.0035906057,0.004821917,1598600
20120926,10:15:00.000,BBG000BQLTW7,-0.0058566756,-0.015338091,6038864
20120926,10:15:00.000,BBG000BVPV84,-0.004613792,-0.0046749352,666633
20120926,10:15:00.000,BBG000BJDB15,-0.0037661782,-0.016024558,6380879
20120926,10:15:00.000,BBG000BMX289,0.003685981,0.009287753,2817172
20120926,10:15:00.000,BBG000MM2P62,0.0010711369,-0.008384746,10234310
20120926,10:15:00.000,BBG000CGC1X8,0.002964956,-0.0038284042,2245618
20120926,10:15:00.000,BBG000BLBVN4,0.0010858573,-0.00239757,184790
20120926,10:15:00.000,BBG000BF0K17,0.004502903,-0.0050555165,1753841
20120926,10:15:00.000,BBG000BR2TH3,-0.00024724432,0.0022991756,1431052
20120926,10:15:00.000,BBG000K4ND22,-0.0015570037,-0.0016675869,1218022
20120926,10:15:00.000,BBG000BR2B91,0.00093269453,-0.00080476736,4993852
20120926,10:15:00.000,BBG000C3J3C9,0.00025446384,-0.009118119,6021724
20120926,10:15:00.000,BBG000BLNNH6,0.004678115,0.0007069586,611178
20120926,10:15:00.000,BBG000BWQFY7,-0.0011300319,-0.0034555509,4856888
20120926,10:15:00.000,BBG000BMHYD1,4.909244e-05,-0.00028834539,2014456
20120926,10:15:00.000,BBG000BK6MB5,-0.0037473654,-0.008066201,7725214
20120926,10:15:00.000,BBG000BSJK37,0.0044097817,0.00683211,4278492
20120926,10:15:00.000,BBG000C0G1D1,0.01188892,0.002220741,7914771
20120926,10:15:00.000,BBG000FY4S11,-0.00041144015,-0.017946849,12241990
20120926,10:15:00.000,BBG000BCTLF6,0.004919216,-0.008963622,41838588
20120926,10:15:00.000,BBG000DMBXR2,0.002776258,-0.007642094,6282606
20120926,10:15:00.000,BBG000BPH459,0.0020500668,-0.007238151,11243857
20120926,10:15:00.000,BBG000GZQ728,-0.001107756,0.00076342386,2109591
20120926,10:15:00.000,BBG000BHSKN9,0.0057459446,0.0030857543,1270821
20120926,10:15:00.000,BBG000B9XRY4,0.0012009771,-0.00879423,5816355
20120926,10:30:00.000,BBG000BFVXX0,0.00801889,0.012840047,656644
20120926,10:30:00.000,BBG000M4SW14,-0.009769822,-0.022825751,158192
20120926,10:30:00.000,BBG000HS74G6,-0.002742738,-0.0037456492,126093
20120926,10:30:00.000,BBG000BJNGN9,-0.074852094,-0.09778199,4114891
20120926,10:30:00.000,BBG000FNRZ69,0.0015259682,-0.0123326,664975
20120926,10:30:00.000,BBG000BW2QX0,-0.004824434,-0.012943426,327478
20120926,10:30:00.000,BBG000BBV8B8,-0.00059581356,-0.021626947,222222
20120926,10:30:00.000,BBG000DV7MX4,0.0062010665,-0.011466204,1892973
20120926,10:30:00.000,BBG000BQ74K1,-2.659075e-05,-0.006493533,139829
20120926,10:30:00.000,BBG000BCYP43,-0.0024257004,-0.004715886,40621
20120926,10:30:00.000,BBG000BW5YW1,0.019114995,-0.014689255,523611
20120926,10:30:00.000,BBG000BLCL55,-0.0039402186,-0.019809928,160761
20120926,10:30:00.000,BBG000CZWZ05,0.006461443,-0.0067038955,116926
20120926,10:30:00.000,BBG000NSCNT7,0.007032236,-0.0048498004,488356
20120926,10:30:00.000,BBG000D14WM3,-0.0066311467,-0.026809406,1837608
20120926,10:30:00.000,BBG000BK5DP1,0.009123147,-0.0038536678,687566
20120926,10:30:00.000,BBG000PCNTM2,-0.0062776175,-0.014641444,88989
20120926,10:30:00.000,BBG000BBB3K1,-0.00073616416,0.0068814424,257331
20120926,10:30:00.000,BBG000C2YHG9,-0.020622943,-0.032418557,380498
20120926,10:30:00.000,BBG000RGM5P1,-0.008843206,-0.024187528,745706
20120926,10:30:00.000,BBG000BQ87N0,0.0021051122,0.008671687,195890
20120926,10:30:00.000,BBG000BD0TF8,0.0021522592,-0.006969056,150786
20120926,10:30:00.000,BBG000BDG1Y1,0.0030572629,-0.010155226,219529
20120926,10:30:00.000,BBG000BHC2S1,0.0029913571,-0.0051216665,115498
20120926,10:30:00.000,BBG000BCHG15,0.008596431,0.0019484544,238414
20120926,10:30:00.000,BBG000CLVM51,-0.00086739054,-0.012738271,48147
20120926,10:30:00.000,BBG000BBCQD7,0.0045850007,-0.0056060245,250743
20120926,10:30:00.000,BBG000BB03M1,0.002301415,-0.013626043,266758
20120926,10:30:00.000,BBG000BQC9V2,0.015274617,0.005234406,1122684
20120926,10:30:00.000,BBG000D5S4M0,-0.00548877,-0.012237069,113035
20120926,10:30:00.000,BBG000BB9RZ5,0.009446104,-0.0027610965,87688
20120926,10:30:00.000,BBG000DCCZW2,-0.004343453,-0.020390466,148130
20120926,10:30:00.000,BBG000BS5170,-0.008486369,-0.015840752,285903
20120926,10:30:00.000,BBG000BLMZK6,-0.0037443526,-0.0075534754,258798
20120926,10:30:00.000,BBG000BB5BF6,-0.0045717703,-0.009571809,889966
20120926,10:30:00.000,BBG000BLXZN1,0.005848304,-0.005825251,61355
20120926,10:30:00.000,BBG000FQRVM3,-0.0033404722,-0.0105204545,72312
20120926,10:30:00.000,BBG000BGFLL5,-0.0015519194,-0.01005823,547835
20120926,10:30:00.000,BBG000BJ5GK2,0.004505442,0.0022197133,174372
20120926,10:30:00.000,BBG000BWP7D9,0.007923752,0.011763325,661120
20120926,10:30:00.000,BBG000BPQVR5,0.0037514896,-0.00849362,138543
20120926,10:30:00.000,BBG000DGPR66,-0.007667415,-0.012336546,194967
20120926,10:30:00.000,BBG000BRZBT3,-0.0059937164,-0.020523464,620978
20120926,10:30:00.000,BBG000BWBZN1,-0.004293208,-0.011617128,176996
20120926,10:30:00.000,BBG000BFS7D3,0.0048042354,0.009524112,155211
20120926,10:30:00.000,BBG000C23KJ3,-0.009756339,-0.013568362,2145386
20120926,10:30:00.000,BBG001QD41M9,-0.007726054,-0.019601485,252262
20120926,10:30:00.000,BBG000M44VW8,-0.0050512096,-0.030955028,311219
20120926,10:30:00.000,BBG000BSJTT0,0.005951045,-0.016963214,956657
20120926,10:30:00.000,BBG000C9W1Y1,0.0038183162,0.002924544,382102
20120926,10:30:00.000,BBG000DHNDK1,,,335157
20120926,10:30:00.000,BBG000BN9WT5,0.0039407006,-0.008185282,279922
20120926,10:30:00.000,BBG000BBMT95,0.0041360324,-0.0032499488,467489
20120926,10:30:00.000,BBG000BJVZF7,0.005749571,-0.00013843761,772317
20120926,10:30:00.000,BBG000BPZBB6,0.003146951,0.0031352823,417317
20120926,10:30:00.000,BBG000R57L13,0.0086317435,-0.01750172,861814
20120926,10:30:00.000,BBG000C1FB75,0.0031570292,0.00014732337,46321
20120926,10:30:00.000,BBG000BF6LY3,-0.006158591,-0.008626268,1671881
20120926,10:30:00.000,BBG000F6ZWH2,0.007707245,-0.0042657875,178974
20120926,10:30:00.000,BBG000BP7JB0,-0.006966516,-0.029161662,934646
20120926,10:30:00.000,BBG000RNTSX0,0.0022774932,-0.01112086,111844
20120926,10:30:00.000,BBG000BCTQ65,0.0015965604,0.008500736,473539
20120926,10:30:00.000,BBG000C4DPX1,0.00082537375,-0.015906647,506476
20120926,10:30:00.000,BBG000TJM7F0,-7.461973e-05,0.004578152,188022
20120926,10:30:00.000,BBG0016WLQ18,-0.00609061,-0.017051741,489427
20120926,10:30:00.000,BBG000CNFQW6,-0.001105065,-0.005223468,47047
20120926,10:30:00.000,BBG000BMZ7P7,-0.008288984,-0.014670197,94158
20120926,10:30:00.000,BBG000BLDV98,-0.0047511295,0.0005898646,407496
20120926,10:30:00.000,BBG000BKWSR6,0.005902819,-3.3072158e-07,848633
20120926,10:30:00.000,BBG000MQ1SN9,0.010430645,0.008426889,133953
20120926,10:30:00.000,BBG000C75N77,0.007654837,0.000974503,375682
20120926,10:30:00.000,BBG000C2ZCH8,0.0020057887,0.00620882,195453
20120926,10:30:00.000,BBG000BVB8Q0,0.0074576805,-0.0074049034,815232
20120926,10:30:00.000,BBG000G6BN50,-0.0075898264,-0.01639475,83567
20120926,10:30:00.000,BBG000BL79J3,-0.002916991,-0.006063186,525470
20120926,10:30:00.000,BBG000BKXFN7,-0.0126050245,-0.033034872,911014
20120926,10:30:00.000,BBG000BD3LM4,-0.002733815,-0.024234895,590687
20120926,10:30:00.000,BBG000F86GP6,0.007616898,-0.0014631343,280231
20120926,10:30:00.000,BBG000BGXZB5,-0.01023226,-0.013179465,657977
20120926,10:30:00.000,BBG000BVMPN3,0.0036085788,-0.0046856212,185717
20120926,10:30:00.000,BBG000D9DMK0,-0.0026093735,-0.0031260315,39998
20120926,10:30:00.000,BBG000FDBX90,-0.0051904037,-0.001867747,594016
20120926,10:30:00.000,BBG000MM5VL9,0.00021337104,-0.011616437,214983
20120926,10:30:00.000,BBG000BHCP19,-0.0006136189,-0.010630179,285258
20120926,10:30:00.000,BBG000BX8DC4,-6.1615465e-05,-0.0034902685,179250
20120926,10:30:00.000,BBG000G3QLY3,0.008141446,-0.0054538003,319800
20120926,10:30:00.000,BBG000BDWKC5,0.0059745084,-0.0065246806,594199
20120926,10:30:00.000,BBG000BMRFF9,0.005601204,-0.0018140126,154154
20120926,10:30:00.000,BBG000BT4T69,-0.0025914724,-0.006390046,249314
20120926,10:30:00.000,BBG000BRRG02,0.0028963194,-0.0011321803,193366
20120926,10:30:00.000,BBG000BP0KQ8,-0.02115612,-0.041814685,1730885
20120926,10:30:00.000,BBG000RKR4R8,-0.0020364237,-0.021352416,2482462
20120926,10:30:00.000,BBG000C3HSR0,-0.023094002,-0.04239148,1493604
20120926,10:30:00.000,BBG000BKQ3V3,-0.0021950526,-0.018725634,659520
20120926,10:30:00.000,BBG000CGT2S4,0.008913292,-0.0025412592,329712
20120926,10:30:00.000,BBG000C1FQS9,-0.0034835506,0.0059998105,111267
20120926,10:30:00.000,BBG000FFH4P5,0.0030519895,-0.00709205,90757
20120926,10:30:00.000,BBG000BF5RY1,-0.0060659284,-0.006979263,590418
20120926,10:30:00.000,BBG000BFNR17,0.0033597348,-0.004674798,65250
20120926,10:30:00.000,BBG000BR1W32,-0.019873107,-0.04690734,808106
20120926,10:30:00.000,BBG001M8HHB7,0.00017778699,-0.01007265,475658
20120926,10:30:00.000,BBG000BPNP00,-0.0006074098,-0.013758771,535001
20120926,10:30:00.000,BBG000C0LW92,0.0025790832,-0.0088733,741753
20120926,10:30:00.000,BBG000K7PWX7,0.011852556,-0.010529453,422669
20120926,10:30:00.000,BBG000BQSQ38,-0.00617511,-0.009875891,934632
20120926,10:30:00.000,BBG000BKXYX5,0.013972564,0.0048578577,557070
20120926,10:30:00.000,BBG000BLHRS2,-0.0040866192,-0.00063408737,79533
20120926,10:30:00.000,BBG000JYP7L8,0.01094507,-0.0035757038,220301
20120926,10:30:00.000,BBG000PV2L86,-0.008070853,-0.008851108,82782
20120926,10:30:00.000,BBG000BTCH57,0.0046685324,0.0047425237,540717
20120926,10:30:00.000,BBG000BBNYF6,0.0050985273,-0.003042921,205240
20120926,10:30:00.000,BBG000BPL8X4,-0.002562514,-0.00028843057,304218
20120926,10:30:00.000,BBG000BLCPY4,0.012472732,-0.009862025,273485
20120926,10:30:00.000,BBG000BNC3Y9,0.0023856838,-0.017721185,378561
20120926,10:30:00.000,BBG000BT9T73,0.003988969,-0.017033173,1030069
20120926,10:30:00.000,BBG000BC15S7,0.002692658,0.003564163,130990
20120926,10:30:00.000,BBG000BKNX95,0.0062782285,-0.015631383,824661
20120926,10:30:00.000,BBG000C90DH9,0.009750586,-0.004446588,445995
20120926,10:30:00.000,BBG000C7B436,-0.0030151412,-0.028881159,607804
20120926,10:30:00.000,BBG000BK6G19,-0.003468661,-0.018620268,185889
20120926,10:30:00.000,BBG000BX5ZF5,-0.008157279,-0.028489338,2830234
20120926,10:30:00.000,BBG000BGD7W6,-0.0043902826,-0.008174929,414564
20120926,10:30:00.000,BBG000BVSX05,-0.0031426365,-0.023368787,446745
20120926,10:30:00.000,BBG000CKJ0P3,-0.0020198629,-0.010017555,103444
20120926,10:30:00.000,BBG000BNJHS8,0.000817111,0.0067833187,828129
20120926,10:30:00.000,BBG000BQZMH4,0.0021409423,0.007224873,316153
20120926,10:30:00.000,BBG000DN7P92,0.00021779662,-0.005422157,132228
20120926,10:30:00.000,BBG000BKPL53,0.0024691778,-0.004636315,218002
20120926,10:30:00.000,BBG000BB2DM7,0.00030443232,-0.016486518,2672042
20120926,10:30:00.000,BBG000BJDPC2,0.013764437,0.017018761,246043
20120926,10:30:00.000,BBG000BJ8YN7,0.0012136089,-0.005660104,285853
20120926,10:30:00.000,BBG000BPVCR1,-0.027922608,-0.040911224,2113601
20120926,10:30:00.000,BBG000PCQQL6,0.0034024855,-0.0044092657,377038
20120926,10:30:00.000,BBG000C2BXK4,-0.0048281495,-0.01528935,1188495
20120926,10:30:00.000,BBG000F9KJN4,-0.0074969726,-0.021767283,550990
20120926,10:30:00.000,BBG000BNNYW1,-0.0003525675,-0.0008436253,508298
20120926,10:30:00.000,BBG000C734W3,-0.008210662,-0.020437127,136746
20120926,10:30:00.000,BBG000D7RKJ5,-0.0035042986,0.0057162093,255852
20120926,10:30:00.000,BBG000G8N9C6,-0.0036480287,-0.005008843,251718
20120926,10:30:00.000,BBG000BRXP69,0.003300596,-0.004308257,82669
20120926,10:30:00.000,BBG000NDYB67,-0.006644159,-0.025494047,2934312
20120926,10:30:00.000,BBG000BHZ5J9,0.0036847254,-0.0028019105,70174
20120926,10:30:00.000,BBG000BHKYH4,0.0070712836,0.0068196235,271946
20120926,10:30:00.000,BBG000D2M0Z7,-0.00062528776,-0.0016346565,110013
20120926,10:30:00.000,BBG000CHWP52,0.008655471,-0.0006841946,216539
20120926,10:30:00.000,BBG0029SNR63,0.015547826,0.0042023235,1696706
20120926,10:30:00.000,BBG000BNNKG9,-0.012153089,-0.03409445,1736569
20120926,10:30:00.000,BBG000BP4MH0,0.006819101,0.0075187157,648498
20120926,10:30:00.000,BBG000BHLYS1,0.0023311845,0.010002591,545671
20120926,10:30:00.000,BBG000BFJ645,-0.008425565,-0.011358239,5928047
20120926,10:30:00.000,BBG000BC4JJ4,-0.0067957337,-0.009776427,266997
20120926,10:30:00.000,BBG000BVVQQ8,0.0007053387,-0.011930346,479865
20120926,10:30:00.000,BBG000DLFM21,0.004475794,-0.0077484553,130759
20120926,10:30:00.000,BBG000BP1152,-0.004807478,-0.02687542,1051655
20120926,10:30:00.000,BBG000H50PN8,0.0048034634,-0.006935464,313709
20120926,10:30:00.000,BBG000CP95B7,0.0067570657,0.0002193152,112366
20120926,10:30:00.000,BBG000BS9489,-0.0031292178,-0.009091569,291684
20120926,10:30:00.000,BBG000KBQZ88,-0.010413463,-0.017254364,213561
20120926,10:30:00.000,BBG000C37332,0.002480716,-0.013545114,103296
20120926,10:30:00.000,BBG000C2PW58,0.0092260875,0.0022482655,83080
20120926,10:30:00.000,BBG000BKR1D6,0.008002575,0.0012091666,142519
20120926,10:30:00.000,BBG000BR37X2,-0.0061666863,-0.0052791177,621718
20120926,10:30:00.000,BBG000BWCKB6,0.0027730532,0.0028211542,85176
20120926,10:30:00.000,BBG000BCZYD3,-0.0039113704,-0.0064560454,127897
20120926,10:30:00.000,BBG000BMKDM3,-0.0024787185,0.0005786348,266972
20120926,10:30:00.000,BBG000D3MB18,0.004484812,-0.0044151978,317330
20120926,10:30:00.000,BBG000BB1TH9,-0.008350923,-0.019849738,303990
20120926,10:30:00.000,BBG000BQVTF5,-0.010910462,-0.022696566,623815
20120926,10:30:00.000,BBG000D1QCF1,-0.02071018,-0.033288617,756706
20120926,10:30:00.000,BBG000PX3XC0,-0.004762964,-0.021458987,417886
20120926,10:30:00.000,BBG000J1QLT0,0.013131925,0.007148511,307320
20120926,10:30:00.000,BBG000BH8TT6,-0.038606707,-0.051568795,1419740
20120926,10:30:00.000,BBG000QRFNK2,-0.060116436,-0.074413516,3114245
20120926,10:30:00.000,BBG000BCNYT9,0.007323677,-0.0050679613,470563
20120926,10:30:00.000,BBG000BPMH90,-0.008000867,-0.018853609,195934
20120926,10:30:00.000,BBG000F7RCJ1,0.005167766,0.0018505144,90202
20120926,10:30:00.000,BBG000BB6G37,-0.0016141473,-0.012306093,442230
20120926,10:30:00.000,BBG000BFDLV8,-0.0022814632,-0.01075853,195635
20120926,10:30:00.000,BBG000WCFV84,0.0043809935,-0.008069107,724882
20120926,10:30:00.000,BBG000BY2Y78,0.0014020862,-0.010054298,378607
20120926,10:30:00.000,BBG000BXM6V2,-0.010304313,-0.0154637,344003
20120926,10:30:00.000,BBG000FH8PX5,0.0035513768,-0.0015624642,128208
20120926,10:30:00.000,BBG000BP8Z50,-0.0016456987,-0.011802857,317829
20120926,10:30:00.000,BBG000BQWPC5,0.0057870755,0.009026065,562081
20120926,10:30:00.000,BBG000BWSV34,-3.5550573e-05,-0.022437043,275774
20120926,10:30:00.000,BBG000NDZ417,-0.008529091,-0.027946526,501620
20120926,10:30:00.000,BBG000BJQWD2,-0.004599939,-0.019118108,398982
20120926,10:30:00.000,BBG000BB5373,0.012102767,0.0043583717,769691
20120926,10:30:00.000,BBG000BHB3M6,-0.0010587163,-0.011669951,238974
20120926,10:30:00.000,BBG000BLW530,-3.364627e-06,-0.011695443,176705
20120926,10:30:00.000,BBG000D8RG11,-0.011203142,-0.018173566,635624
20120926,10:30:00.000,BBG0019JZ882,-0.0012439014,-0.0059077535,650775
20120926,10:30:00.000,BBG000R7RDB4,-0.01234061,-0.026040105,250516
20120926,10:30:00.000,BBG000BQ8KV2,0.0037603518,-0.0031564813,416052
20120926,10:30:00.000,BBG000BYWTX7,-0.0039514434,-0.02379676,4269876
20120926,10:30:00.000,BBG000C1S2X2,-0.004266702,-0.020085236,316373
20120926,10:30:00.000,BBG000DLVDK3,0.004800618,-0.010055983,405729
20120926,10:30:00.000,BBG000BFL116,0.023789585,-0.005359375,1180658
20120926,10:30:00.000,BBG000C1DHF5,0.0053334646,-0.017071543,1079354
20120926,10:30:00.000,BBG000BVHBM1,0.008271342,-0.025214711,849323
20120926,10:30:00.000,BBG000BGVW60,0.005003152,0.011015151,601722
20120926,10:30:00.000,BBG000BPQD31,0.0016250582,-0.008262602,488721
20120926,10:30:00.000,BBG000H1F895,-0.014048959,-0.035608374,732967
20120926,10:30:00.000,BBG000K82ZT8,0.008155643,-0.009662407,570613
20120926,10:30:00.000,BBG000DNTSP4,-0.0016160384,-0.0034158411,647523
20120926,10:30:00.000,BBG000F15NW9,0.009042702,-0.00035674416,310022
20120926,10:30:00.000,BBG000BPT0C6,0.0027569893,-0.005981776,187484
20120926,10:30:00.000,BBG000B9WJ73,0.013863066,-0.012851167,2843115
20120926,10:30:00.000,BBG000BDXGP9,0.005182595,0.0062031224,756237
20120926,10:30:00.000,BBG000BSD7C2,-0.0023397242,0.0016364241,160790
20120926,10:30:00.000,BBG000BSLZY7,0.0035344777,-0.0062087364,2956604
20120926,10:30:00.000,BBG000BKZTP3,0.0023071538,-0.009469989,957811
20120926,10:30:00.000,BBG000BF1R66,-0.0009180146,0.0017758297,215929
20120926,10:30:00.000,BBG000HW5GX3,0.005004117,-0.011105399,829247
20120926,10:30:00.000,BBG000C0F570,0.0010630632,-0.010945279,533644
20120926,10:30:00.000,BBG000BP1Q11,0.0024582532,-0.002774663,291623
20120926,10:30:00.000,BBG000BMQPL1,0.0076336954,4.0235864e-08,1923087
20120926,10:30:00.000,BBG000M65M61,0.0036410457,0.006049991,922083
20120926,10:30:00.000,BBG000BM7HL0,0.007311682,-0.015056933,493987
20120926,10:30:00.000,BBG000BJ49H3,0.0016136264,-0.015169656,218356
20120926,10:30:00.000,BBG000JBN3X6,0.011426432,0.009713397,1055153
20120926,10:30:00.000,BBG000NSQ9M0,-0.0037989723,-0.016492436,1991820
20120926,10:30:00.000,BBG000BTVJ25,-0.0042952755,-0.0025921843,407725
20120926,10:30:00.000,BBG000BBCDZ2,-0.0092474725,-0.020092985,358456
20120926,10:30:00.000,BBG000BNGTQ7,0.000719849,-0.0032438312,308465
20120926,10:30:00.000,BBG000BGKHZ3,0.0057241796,-0.0024058162,279385
20120926,10:30:00.000,BBG000BL9439,-0.0013371652,0.0017020134,309977
20120926,10:30:00.000,BBG000H9G7X2,-0.003014702,-0.014172194,537607
20120926,10:30:00.000,BBG000BK67C7,0.006055712,0.007673336,335562
20120926,10:30:00.000,BBG000FV1Z23,0.0050538187,-0.0018066939,199388
20120926,10:30:00.000,BBG000BV7LP7,-0.012712332,-0.02199801,1453606
20120926,10:30:00.000,BBG000CR90K4,0.03290088,0.01514004,12917129
20120926,10:30:00.000,BBG000BL9JQ1,0.0044533513,-0.010668592,538067
20120926,10:30:00.000,BBG000BF2KK4,0.0071744053,0.0007413161,104196
20120926,10:30:00.000,BBG000GLBN48,-0.010418061,-0.01941332,193799
20120926,10:30:00.000,BBG000BB6M98,0.0029203694,0.004625911,227463
20120926,10:30:00.000,BBG000BXMFC3,-0.016350662,-0.041527636,1158292
20120926,10:30:00.000,BBG000BSXQV7,-0.0046407813,-0.004025056,174645
20120926,10:30:00.000,BBG000MDCQC2,-0.0050265077,-0.003992078,681427
20120926,10:30:00.000,BBG000BRJ809,0.0029684175,-0.0034771967,103847
20120926,10:30:00.000,BBG000DKCC19,0.014578797,0.008796414,1268349
20120926,10:30:00.000,BBG000BFMBQ6,0.0034316087,-0.0049091773,170932
20120926,10:30:00.000,BBG000BQ2C28,0.0059410464,0.0046373084,338518
20120926,10:30:00.000,BBG000BMTFR4,0.008631079,-0.007363099,520474
20120926,10:30:00.000,BBG000BHLYP4,-7.837943e-05,-0.00454691,312807
20120926,10:30:00.000,BBG000BNFLM9,6.203758e-05,-0.015225415,882200
20120926,10:30:00.000,BBG000NV1KK7,0.0059665153,0.007874194,723927
20120926,10:30:00.000,BBG000FBK808,-0.014225573,-0.030862488,1135788
20120926,10:30:00.000,BBG000R0L5J4,-0.009828393,-0.02237585,283732
20120926,10:30:00.000,BBG000BZTW70,0.00047761336,-0.027358618,2089719
20120926,10:30:00.000,BBG000BLM0V1,,,155772
20120926,10:30:00.000,BBG000BTQR96,0.010092802,-0.00204332,252116
20120926,10:30:00.000,BBG000BH5DV1,0.010141061,-0.0042320485,824213
20120926,10:30:00.000,BBG000BLBXT4,-0.0079516005,-0.013881574,221597
20120926,10:30:00.000,BBG000KLB4Q1,-0.00777973,-0.03319851,1876689
20120926,10:30:00.000,BBG000BR3KL6,0.0015787348,-0.00991656,264761
20120926,10:30:00.000,BBG000BB9KF2,-0.004880478,0.0042825863,310293
20120926,10:30:00.000,BBG000BVDLH9,0.0033655956,-0.0048283683,234867
20120926,10:30:00.000,BBG000C0MF34,-0.0018652206,-0.0021130205,123979
20120926,10:30:00.000,BBG000FVXD63,0.0053215856,-0.0026827466,227040
20120926,10:30:00.000,BBG000CGQ6M4,-0.010384736,-0.011946762,306094
20120926,10:30:00.000,BBG000BJSBJ0,0.0023608755,0.009770737,448251
20120926,10:30:00.000,BBG000BFTJ91,-0.0032363979,-0.009170347,316389
20120926,10:30:00.000,BBG000BSC0K9,0.0023527725,0.0011289911,304858
20120926,10:30:00.000,BBG000BWXL85,0.0017018862,-0.020782184,636350
20120926,10:30:00.000,BBG000QY3XZ2,0.002836863,-0.013586633,487036
20120926,10:30:00.000,BBG000BCWCG1,0.0074680895,-0.0023619942,1948988
20120926,10:30:00.000,BBG000CKVSG8,0.00040277644,-0.014371381,517610
20120926,10:30:00.000,BBG000JN8R00,0.003722795,-0.015897533,438621
20120926,10:30:00.000,BBG000BBBNC6,-0.006502453,-0.022280745,757893
20120926,10:30:00.000,BBG000JG0547,0.0031938192,0.00034244076,619631
20120926,10:30:00.000,BBG000R7Z112,0.0038750714,0.0055463375,1110263
20120926,10:30:00.000,BBG000D898T9,0.0023788929,0.00064063125,919119
20120926,10:30:00.000,BBG000Q3JN03,-0.0015134611,-0.01245676,2793852
20120926,10:30:00.000,BBG000BRJL00,-0.005505446,0.0037940934,824839
20120926,10:30:00.000,BBG000C2V3D6,0.009514252,-0.007955132,759905
20120926,10:30:00.000,BBG000G30YX4,-0.012003444,-0.022731354,230605
20120926,10:30:00.000,BBG000G0Z878,0.012271693,-0.0037227795,1341166
20120926,10:30:00.000,BBG000BKXBV7,0.00094554044,-0.0083282795,2178093
20120926,10:30:00.000,BBG000BJ98Z0,0.023120143,0.011089978,2081646
20120926,10:30:00.000,BBG000BR14K5,0.0076618623,0.009260019,383751
20120926,10:30:00.000,BBG000BGYWY6,0.0049086018,0.0061000763,255182
20120926,10:30:00.000,BBG000BCGY17,-0.00244878,0.0014402119,268621
20120926,10:30:00.000,BBG000BV75B7,0.002175495,-0.0111966245,371144
20120926,10:30:00.000,BBG000CXD6X9,0.0055804327,0.00018524678,381763
20120926,10:30:00.000,BBG000BWVSR1,-0.005166637,-0.0040503927,771333
20120926,10:30:00.000,BBG000BVPPM1,-0.006311802,-0.018881906,694604
20120926,10:30:00.000,BBG000BBMSJ6,-0.00031672965,-0.016177095,620252
20120926,10:30:00.000,BBG000CHPY97,0.0099682845,-0.0018294912,577023
20120926,10:30:00.000,BBG000C3GN47,0.0111800935,-0.00011423697,465167
20120926,10:30:00.000,BBG000BYYLS8,0.003001217,-0.0021099364,696208
20120926,10:30:00.000,BBG000DTMH63,,,386532
20120926,10:30:00.000,BBG000PVRDL2,-0.011907327,-0.030259049,2692321
20120926,10:30:00.000,BBG000DQTXY6,-0.000520367,-0.037249744,1958583
20120926,10:30:00.000,BBG000JF5CV9,0.012296095,-0.0019836035,828552
20120926,10:30:00.000,BBG000CJZ2W6,-0.015901959,-0.032496538,712394
20120926,10:30:00.000,BBG000K14Q84,-0.009020512,-0.030409463,1230708
20120926,10:30:00.000,BBG000BH3JF8,0.0044293567,-0.0007331364,711390
20120926,10:30:00.000,BBG000BTKGG8,0.008535645,-0.0021273342,927982
20120926,10:30:00.000,BBG000BB5006,0.0036705972,-0.01307594,1015935
20120926,10:30:00.000,BBG000BSBZH7,-0.0035860627,-0.0006950725,324623
20120926,10:30:00.000,BBG000BM6788,-0.010584883,-0.022160312,676332
20120926,10:30:00.000,BBG000BQ5DS5,-0.0018570715,-0.0045311553,795047
20120926,10:30:00.000,BBG000BB6WG8,-0.007599883,-0.011571352,1056501
20120926,10:30:00.000,BBG000BRK7L6,-0.0007729944,-0.01492773,778604
20120926,10:30:00.000,BBG000BMY992,-0.0012584476,-0.0017039068,1028944
20120926,10:30:00.000,BBG000FKJRC5,-0.015135622,-0.021659711,409174
20120926,10:30:00.000,BBG000C1BW00,0.008969571,0.009234789,320973
20120926,10:30:00.000,BBG000DY8ZS4,0.0051573077,-0.021471318,2626282
20120926,10:30:00.000,BBG000BY33P5,-0.018695934,-0.03470507,1860915
20120926,10:30:00.000,BBG000BKLH74,-0.007401983,-0.010147964,962989
20120926,10:30:00.000,BBG000BMF5J0,-0.014740917,-0.027558671,1565427
20120926,10:30:00.000,BBG000CSY9H9,0.010069504,0.0062915655,716622
20120926,10:30:00.000,BBG000CPQZ77,-0.013083999,-0.0168631,356976
20120926,10:30:00.000,BBG000CS7CT9,0.006383562,0.0045907567,413754
20120926,10:30:00.000,BBG000BC9938,-0.008765767,-0.03202691,696291
20120926,10:30:00.000,BBG000BBJQV0,-0.009861145,-0.026855394,2699761
20120926,10:30:00.000,BBG000FQ6PY6,0.003349007,-0.01749358,299145
20120926,10:30:00.000,BBG000PM7GJ0,-0.008569366,-0.032134715,4568376
20120926,10:30:00.000,BBG000GC80B4,0.008774386,0.0017635423,412121
20120926,10:30:00.000,BBG000DYGNW7,0.00078420574,0.0025099423,299977
20120926,10:30:00.000,BBG000HCJMF9,-0.008255794,-0.024741543,858617
20120926,10:30:00.000,BBG000C17X76,0.020118378,0.0158948,502721
20120926,10:30:00.000,BBG000BMDV41,0.005482575,-0.0094599845,804729
20120926,10:30:00.000,BBG000TWC2V5,0.007267144,0.005908019,233742
20120926,10:30:00.000,BBG000BBPFB9,0.0047505684,-0.011664206,1622453
20120926,10:30:00.000,BBG000BLKK03,-0.004888884,-0.015591367,375649
20120926,10:30:00.000,BBG000R8ZVD1,0.007860435,-0.0013711788,350262
20120926,10:30:00.000,BBG000BD8PN9,0.007385918,-0.0026505978,1246162
20120926,10:30:00.000,BBG000BBDV81,0.004024522,-0.0069208923,316973
20120926,10:30:00.000,BBG000BCVJ77,-0.011922146,-0.015785472,1604291
20120926,10:30:00.000,BBG000BJL3N0,0.004238456,-0.0019467026,3085908
20120926,10:30:00.000,BBG000BZ2GG4,-0.0037475065,-0.022857938,399076
20120926,10:30:00.000,BBG000BKFBD7,-0.0032374163,-0.010857779,677054
20120926,10:30:00.000,BBG000BJ2VQ6,0.0026537639,-0.013426697,562827
20120926,10:30:00.000,BBG000BKFZM4,0.005882943,-0.010050335,2835752
20120926,10:30:00.000,BBG000QBR5J5,0.0055121924,-0.0026568645,789473
20120926,10:30:00.000,BBG000BJPDZ1,-0.0010857852,-0.010318543,36224
20120926,10:30:00.000,BBG000BH5LT6,0.004343301,-0.01417611,968381
20120926,10:30:00.000,BBG000MBDGM6,0.019661374,0.003663808,174097
20120926,10:30:00.000,BBG000LD9JQ8,-0.0030948306,-0.011590657,215325
20120926,10:30:00.000,BBG000BTR593,0.006680826,-0.0022523403,759269
20120926,10:30:00.000,BBG000BVMGF2,-0.0035460505,-0.0065105525,718536
20120926,10:30:00.000,BBG000FJLFX8,-0.008287343,-0.01854876,878156
20120926,10:30:00.000,BBG000BWNFZ9,0.000924683,-0.026138674,884655
20120926,10:30:00.000,BBG000BR54L0,-0.0011944592,-0.04419524,5124343
20120926,10:30:00.000,BBG000BCBCM7,-0.022441065,-0.039329365,6887873
20120926,10:30:00.000,BBG000BM5SR2,0.0048150183,-0.009587391,876734
20120926,10:30:00.000,BBG000BJ81C1,-0.0069767563,-0.006135548,478596
20120926,10:30:00.000,BBG001DCCGR8,-0.0046290345,-0.019759404,855953
20120926,10:30:00.000,BBG000H89QJ6,-0.0036851398,-0.009081635,490377
20120926,10:30:00.000,BBG000F6H8W8,0.0024406144,0.004238817,384705
20120926,10:30:00.000,BBG000BS0ZF1,-0.0063519594,-0.010722908,127413
20120926,10:30:00.000,BBG000BVWLJ6,-0.0014956973,-0.0039206557,903343
20120926,10:30:00.000,BBG000BGJRC8,-0.0032051664,-0.0077958973,1424095
20120926,10:30:00.000,BBG000BT9DW0,-0.0017114632,0.010055831,791633
20120926,10:30:00.000,BBG000BXRPH1,0.006008821,-0.010437996,519935
20120926,10:30:00.000,BBG000C7LMS8,0.009774032,0.0135231875,257237
20120926,10:30:00.000,BBG00286S4N9,0.007903176,-0.0015220519,523498
20120926,10:30:00.000,BBG000BH2JM1,-0.0036219354,-0.021588784,1972584
20120926,10:30:00.000,BBG000BRD0D8,0.0041254326,-0.0013168837,653071
20120926,10:30:00.000,BBG000BJF1Z8,-0.0018021857,-0.0044928174,466398
20120926,10:30:00.000,BBG000BHQ1H0,0.0069510024,0.00093182025,513879
20120926,10:30:00.000,BBG000BN5HF7,-0.014428563,-0.04424542,2385462
20120926,10:30:00.000,BBG000B9WH86,-0.0028486764,-0.0169777,4966531
20120926,10:30:00.000,BBG000C5Z1S3,-0.014849743,-0.037673965,7104382
20120926,10:30:00.000,BBG000D9D830,0.00025305068,-0.0084703015,593977
20120926,10:30:00.000,BBG000JWD753,0.0060451813,-0.004611798,1960538
20120926,10:30:00.000,BBG000BKCFC2,-0.0064114663,-0.0022440706,945917
20120926,10:30:00.000,BBG000BWVCP8,-0.012182886,-0.020140793,1057622
20120926,10:30:00.000,BBG000BBD070,-0.0064163296,-0.021919228,1071441
20120926,10:30:00.000,BBG000BMBL90,-0.0023004694,-0.007746368,440852
20120926,10:30:00.000,BBG000BNWG87,0.005175586,-0.0013851484,1057604
20120926,10:30:00.000,BBG000BCG930,-0.008526789,-0.021800382,631076
20120926,10:30:00.000,BBG000BHX7N2,-0.002167786,-0.0074539357,701521
20120926,10:30:00.000,BBG000BX3TD3,0.012770229,-0.007859091,2382019
20120926,10:30:00.000,BBG000BH23R1,-0.0061412742,-0.01604015,3717925
20120926,10:30:00.000,BBG000BBVJZ8,-0.00548283,-0.0139531465,343513
20120926,10:30:00.000,BBG000BJ3PD2,0.012566988,0.0007574629,813985
20120926,10:30:00.000,BBG000BFQYY3,0.0062629115,0.0063720117,303831
20120926,10:30:00.000,BBG000BMW2Z0,-0.00040871598,0.0021633971,268501
20120926,10:30:00.000,BBG000CXYSZ6,-0.0032455376,-0.023029987,286487
20120926,10:30:00.000,BBG000H556T9,0.0012881461,-0.0042991894,763387
20120926,10:30:00.000,BBG000J6XT05,-0.004505228,0.004772883,725441
20120926,10:30:00.000,BBG000C8H633,-0.005609844,-0.016647106,1435763
20120926,10:30:00.000,BBG000FP1N32,-0.015870204,-0.035439096,2492203
20120926,10:30:00.000,BBG000BD4VG8,0.0044091926,-0.012752536,781029
20120926,10:30:00.000,BBG000C496P7,0.00034108982,-0.011555835,1707630
20120926,10:30:00.000,BBG000FG3C43,-0.013111995,-0.03749712,1918324
20120926,10:30:00.000,BBG000DHSPT0,-0.00078360713,-0.009001066,745732
20120926,10:30:00.000,BBG000FW00S1,0.00358083,-0.020022199,1915480
20120926,10:30:00.000,BBG000BFC8J2,0.01063436,0.0017732792,593242
20120926,10:30:00.000,BBG000BZ9223,-0.00027686666,-0.01289726,199343
20120926,10:30:00.000,BBG000GFFQN9,0.0024633703,-0.0031896362,4090020
20120926,10:30:00.000,BBG000G2R6M0,0.0057211914,-0.007841521,1377819
20120926,10:30:00.000,BBG000FL1TC8,-0.0008179112,-0.008681755,630573
20120926,10:30:00.000,BBG000BGKTF9,8.19318e-06,-0.009299803,770954
20120926,10:30:00.000,BBG000BB6KF5,-0.008167604,-0.025054134,1991978
20120926,10:30:00.000,BBG000BGLRN3,-0.005361611,-0.0019073331,764744
20120926,10:30:00.000,BBG000Q9HH23,-0.0139982905,-0.028698873,602100
20120926,10:30:00.000,BBG000BV8DN6,0.0068692374,0.009192791,1038019
20120926,10:30:00.000,BBG000BFXHL6,-0.0032615014,-0.009641035,965456
20120926,10:30:00.000,BBG000C46HM9,0.008160211,0.0027803318,955761
20120926,10:30:00.000,BBG000BFRF55,0.0062211123,-0.01784082,1943046
20120926,10:30:00.000,BBG000BNBDC2,-0.005192006,-0.010116853,917372
20120926,10:30:00.000,BBG000BH13K9,0.007865724,0.0029721141,859176
20120926,10:30:00.000,BBG000BGPTV6,0.010579295,-0.0051927487,550102
20120926,10:30:00.000,BBG000QX74T1,-0.008103367,-0.02169444,361573
20120926,10:30:00.000,BBG000BWJFZ4,0.016877335,0.0077053756,177615
20120926,10:30:00.000,BBG000BWLMJ4,0.0050828937,0.0024953606,1201075
20120926,10:30:00.000,BBG000BW3299,-0.00827726,-0.010592017,598474
20120926,10:30:00.000,BBG000BFDXW1,0.003911534,-0.013019183,1930041
20120926,10:30:00.000,BBG000BC2C10,0.0067352955,-0.0030490877,746234
20120926,10:30:00.000,BBG000BVV7G1,-0.010746219,-0.02587625,4428968
20120926,10:30:00.000,BBG000BPWXK1,-0.005045587,-0.016160121,1713164
20120926,10:30:00.000,BBG000BBGGQ1,-0.007813528,-0.020975882,1783375
20120926,10:30:00.000,BBG000BHBK84,0.0019540358,-0.0078076925,2014938
20120926,10:30:00.000,BBG000BJX8C8,-0.00054013584,-0.013841421,573924
20120926,10:30:00.000,BBG000H8TVT2,-0.007976797,-0.004505693,614593
20120926,10:30:00.000,BBG000BTZQC4,0.0066695553,-0.0017319854,1144463
20120926,10:30:00.000,BBG000BP52R2,0.0025578812,0.0014002192,590060
20120926,10:30:00.000,BBG000C5HS04,-0.0021462508,0.00036829122,556163
20120926,10:30:00.000,BBG000BH3GZ2,0.0011659241,-0.0066683516,465030
20120926,10:30:00.000,BBG000F1ZSQ2,0.0023044832,-0.00623356,60375
20120926,10:30:00.000,BBG000C15T95,0.00018979325,-0.004453046,581860
20120926,10:30:00.000,BBG000BFWKC0,-0.0022186975,-0.007294932,330340
20120926,10:30:00.000,BBG000CL9VN6,0.014726307,-0.0017659737,1087839
20120926,10:30:00.000,BBG000F0KF42,0.0040481854,-0.025035705,1782334
20120926,10:30:00.000,BBG000C240W1,0.0015523572,-0.019873526,11842110
20120926,10:30:00.000,BBG000L9CV04,-0.0037379365,-0.0020812703,929963
20120926,10:30:00.000,BBG000BC40Y8,0.00044356205,-0.010120558,881454
20120926,10:30:00.000,BBG000BL4504,-0.010164324,-0.029326964,3429199
20120926,10:30:00.000,BBG000BB07P9,-0.00018681579,-0.013429341,3042017
20120926,10:30:00.000,BBG000BBDZG3,-0.00079279783,-0.015707668,7160247
20120926,10:30:00.000,BBG000BY29C7,0.0009694853,-0.010076571,1491791
20120926,10:30:00.000,BBG000DWG505,0.0039008602,0.005613655,735862
20120926,10:30:00.000,BBG000BCQZS4,-0.002766187,-0.008753123,954651
20120926,10:30:00.000,BBG000CKGBP2,-0.010793139,-0.016653242,1891290
20120926,10:30:00.000,BBG000BHGDH5,-0.005821503,0.005907954,663779
20120926,10:30:00.000,BBG000FFDM15,-0.0021453686,-0.0022116874,1718166
20120926,10:30:00.000,BBG000BWXBC2,0.0011190951,0.002558447,952541
20120926,10:30:00.000,BBG000BGRY34,0.010315979,0.009450588,1769820
20120926,10:30:00.000,BBG000BN2DC2,-0.012098237,-0.033285186,562726
20120926,10:30:00.000,BBG000BH1NH9,0.0034392846,-0.0075737387,732389
20120926,10:30:00.000,BBG000F0PF65,-0.002464557,-0.009998945,1653386
20120926,10:30:00.000,BBG000BW8S60,0.0006489253,-0.0022857354,1124400
20120926,10:30:00.000,BBG000BCSST7,0.006737355,0.009367388,1015879
20120926,10:30:00.000,BBG000CH5208,-0.00044564102,-0.0054273573,1314856
20120926,10:30:00.000,BBG000BQQ2S6,0.0065354956,-0.0047464967,691932
20120926,10:30:00.000,BBG000BLZRJ2,0.007657085,-0.013843175,4954551
20120926,10:30:00.000,BBG000BP6LJ8,-0.0034085854,0.0032329913,1269096
20120926,10:30:00.000,BBG000DWYF03,-0.0035356535,-0.010235144,2481101
20120926,10:30:00.000,BBG000BQPC32,-0.005411107,-0.016856764,12329742
20120926,10:30:00.000,BBG000BBS2Y0,0.0010441268,-0.0024448982,1217399
20120926,10:30:00.000,BBG000CTQBF3,-0.00063415366,-0.010094292,1535603
20120926,10:30:00.000,BBG000DQLV23,-0.0041892994,-0.00853064,2244248
20120926,10:30:00.000,BBG000KHWT55,-0.00959385,-0.028118633,6296176
20120926,10:30:00.000,BBG000BNDN65,0.0076180594,0.00471568,2995918
20120926,10:30:00.000,BBG000B9ZXB4,-0.0034583774,-0.0061794044,1350767
20120926,10:30:00.000,BBG000DH7JK6,-0.00049433176,0.006255616,955131
20120926,10:30:00.000,BBG000BH4R78,-0.0070788222,-0.011034309,1865650
20120926,10:30:00.000,BBG000BQQH30,0.002257346,-0.0045299577,1255793
20120926,10:30:00.000,BBG000PSKYX7,-0.0004895333,-0.008804712,488545
20120926,10:30:00.000,BBG000C6CFJ5,0.0013931285,-0.010873616,1229284
20120926,10:30:00.000,BBG000BKTFN2,-0.008260509,-0.023874767,3999304
20120926,10:30:00.000,BBG000J2XL74,-0.002437189,0.0013318949,1132195
20120926,10:30:00.000,BBG000BHVJJ3,0.0014766927,-0.017676435,3892012
20120926,10:30:00.000,BBG000C43RR5,0.0013795759,-0.009165543,2627393
20120926,10:30:00.000,BBG000BFT2L4,-0.0031369294,-0.0092057865,2898116
20120926,10:30:00.000,BBG000D4LWF6,-0.0016325531,0.00048429414,2772640
20120926,10:30:00.000,BBG000BNSZP1,0.004259392,0.0021536485,1143449
20120926,10:30:00.000,BBG000BT41Q8,-0.0001065931,-0.010934792,1205399
20120926,10:30:00.000,BBG000BKZB36,-0.006306982,-0.005860441,2080115
20120926,10:30:00.000,BBG000BPD168,0.0033755153,-0.00044297113,3618011
20120926,10:30:00.000,BBG000HS77T5,0.0032611007,0.0035067468,2334156
20120926,10:30:00.000,BBG000BQLTW7,-0.007817348,-0.021409467,7592500
20120926,10:30:00.000,BBG000BVPV84,-0.0064370004,-0.013033893,886041
20120926,10:30:00.000,BBG000BJDB15,-0.0037125961,-0.021366179,7331020
20120926,10:30:00.000,BBG000BMX289,0.004591218,0.0095528625,3280406
20120926,10:30:00.000,BBG000MM2P62,0.003336102,-0.0118372,11265733
20120926,10:30:00.000,BBG000CGC1X8,0.0030658909,-0.0075773043,2714255
20120926,10:30:00.000,BBG000BLBVN4,0.0008325895,-0.0095825,222467
20120926,10:30:00.000,BBG000BF0K17,0.005511066,-0.007238579,2139507
20120926,10:30:00.000,BBG000BR2TH3,-0.0014971558,0.000574783,1782016
20120926,10:30:00.000,BBG000K4ND22,-0.00016587923,-0.003335238,1397634
20120926,10:30:00.000,BBG000BR2B91,0.0014461188,-0.0012072673,6173900
20120926,10:30:00.000,BBG000C3J3C9,0.000100050645,-0.012335935,7152825
20120926,10:30:00.000,BBG000BLNNH6,0.0048903227,-0.002510715,734733
20120926,10:30:00.000,BBG000BWQFY7,-0.00044331016,-0.0051833647,6020113
20120926,10:30:00.000,BBG000BMHYD1,-0.0013983599,-0.002452779,2514393
20120926,10:30:00.000,BBG000BK6MB5,-0.0035637827,-0.0080661485,9121309
20120926,10:30:00.000,BBG000BSJK37,0.005301338,0.006569452,5139330
20120926,10:30:00.000,BBG000C0G1D1,0.014459316,0.0013325177,10080277
20120926,10:30:00.000,BBG000FY4S11,0.001524243,-0.019163296,13878779
20120926,10:30:00.000,BBG000BCTLF6,-0.0011608026,-0.019047612,49713008
20120926,10:30:00.000,BBG000DMBXR2,0.0053730747,-0.007888559,7380827
20120926,10:30:00.000,BBG000BPH459,0.0017558605,-0.011186059,14123788
20120926,10:30:00.000,BBG000GZQ728,-0.0010087186,-0.0021793686,2448361
20120926,10:30:00.000,BBG000BHSKN9,-0.00048103626,-0.0073845205,1585173
20120926,10:30:00.000,BBG000B9XRY4,-0.00032178866,-0.015169116,6623106
20120926,10:45:00.000,BBG000BFVXX0,0.009396628,0.014551957,770525
20120926,10:45:00.000,BBG000M4SW14,-0.01214088,-0.027210375,181228
20120926,10:45:00.000,BBG000HS74G6,-0.004744154,-0.004584393,146803
20120926,10:45:00.000,BBG000BJNGN9,-0.07690911,-0.10255198,4601178
20120926,10:45:00.000,BBG000FNRZ69,0.0055719614,-0.00943104,1203280
20120926,10:45:00.000,BBG000BW2QX0,-0.0058018896,-0.015531997,499897
20120926,10:45:00.000,BBG000BBV8B8,-0.004068943,-0.028999664,322394
20120926,10:45:00.000,BBG000DV7MX4,0.011478484,-0.008190186,2300230
20120926,10:45:00.000,BBG000BQ74K1,0.00021563514,-0.0072388626,179914
20120926,10:45:00.000,BBG000BCYP43,-0.0005391874,-0.002810385,51215
20120926,10:45:00.000,BBG000BW5YW1,0.013868804,-0.027771525,779238
20120926,10:45:00.000,BBG000BLCL55,-0.0023714341,-0.019970745,193115
20120926,10:45:00.000,BBG000CZWZ05,0.003493274,-0.010800788,132284
20120926,10:45:00.000,BBG000NSCNT7,0.010853783,-0.0029844306,789665
20120926,10:45:00.000,BBG000D14WM3,-0.005735458,-0.028954105,2109474
20120926,10:45:00.000,BBG000BK5DP1,0.008798114,-0.008808363,837908
20120926,10:45:00.000,BBG000PCNTM2,-0.0067378124,-0.018985081,102248
20120926,10:45:00.000,BBG000BBB3K1,-0.0006988754,0.0061932993,340674
20120926,10:45:00.000,BBG000C2YHG9,-0.016238658,-0.031455647,462464
20120926,10:45:00.000,BBG000RGM5P1,-0.009970644,-0.026810316,893273
20120926,10:45:00.000,BBG000BQ87N0,0.0041905153,0.011036569,324090
20120926,10:45:00.000,BBG000BD0TF8,0.004351745,-0.005438191,192102
20120926,10:45:00.000,BBG000BDG1Y1,0.0021978796,-0.013261624,303169
20120926,10:45:00.000,BBG000BHC2S1,0.003501356,-0.009658129,145756
20120926,10:45:00.000,BBG000BCHG15,0.007241062,-0.0018759657,271606
20120926,10:45:00.000,BBG000CLVM51,-0.0029470024,-0.01554962,56136
20120926,10:45:00.000,BBG000BBCQD7,0.004821248,-0.006851825,321853
20120926,10:45:00.000,BBG000BB03M1,0.008973989,-0.009392605,352959
20120926,10:45:00.000,BBG000BQC9V2,0.016876554,0.0047108573,1258412
20120926,10:45:00.000,BBG000D5S4M0,-0.0024513486,-0.012299538,147454
20120926,10:45:00.000,BBG000BB9RZ5,0.014105129,-0.0017255014,112222
20120926,10:45:00.000,BBG000DCCZW2,-0.0049027125,-0.025137419,194547
20120926,10:45:00.000,BBG000BS5170,-0.007839706,-0.017494136,331084
20120926,10:45:00.000,BBG000BLMZK6,-0.0044314982,-0.010364093,437154
20120926,10:45:00.000,BBG000BB5BF6,-0.0065551475,-0.015793584,1108692
20120926,10:45:00.000,BBG000BLXZN1,0.0039429795,-0.0131971715,75806
20120926,10:45:00.000,BBG000FQRVM3,0.00043168903,-0.007132627,88234
20120926,10:45:00.000,BBG000BGFLL5,0.0021858725,-0.0076442985,630210
20120926,10:45:00.000,BBG000BJ5GK2,0.0039009922,0.0011098359,191332
20120926,10:45:00.000,BBG000BWP7D9,0.0074963123,0.012030448,746948
20120926,10:45:00.000,BBG000BPQVR5,0.004781042,-0.008769889,171719
20120926,10:45:00.000,BBG000DGPR66,-0.008774171,-0.014152793,233502
20120926,10:45:00.000,BBG000BRZBT3,-0.0038058264,-0.019800864,665676
20120926,10:45:00.000,BBG000BWBZN1,-0.002460503,-0.0102065485,239231
20120926,10:45:00.000,BBG000BFS7D3,0.0071404674,0.0119051,188967
20120926,10:45:00.000,BBG000C23KJ3,-0.011045917,-0.014472759,2518122
20120926,10:45:00.000,BBG001QD41M9,-0.0064972774,-0.020717103,267615
20120926,10:45:00.000,BBG000M44VW8,-0.0032458594,-0.034442805,436219
20120926,10:45:00.000,BBG000BSJTT0,0.007820858,-0.015266755,1089531
20120926,10:45:00.000,BBG000C9W1Y1,0.0022874197,-0.000835708,467109
20120926,10:45:00.000,BBG000DHNDK1,,,437420
20120926,10:45:00.000,BBG000BN9WT5,0.004848895,-0.008500432,370619
20120926,10:45:00.000,BBG000BBMT95,0.0019026828,-0.007799722,513549
20120926,10:45:00.000,BBG000BJVZF7,0.0065852045,0.00055368594,828597
20120926,10:45:00.000,BBG000BPZBB6,0.0035789388,0.003919122,542242
20120926,10:45:00.000,BBG000R57L13,0.0019962217,-0.028002644,1049421
20120926,10:45:00.000,BBG000C1FB75,0.0022393686,-0.0019601996,56102
20120926,10:45:00.000,BBG000BF6LY3,-0.0042622983,-0.0075479248,1992042
20120926,10:45:00.000,BBG000F6ZWH2,0.007863146,-0.009306939,238328
20120926,10:45:00.000,BBG000BP7JB0,-0.011259622,-0.036452096,1374170
20120926,10:45:00.000,BBG000RNTSX0,0.0051543126,-0.013695288,131725
20120926,10:45:00.000,BBG000BCTQ65,0.0042741415,0.011213632,608561
20120926,10:45:00.000,BBG000C4DPX1,0.0027305796,-0.01590659,574372
20120926,10:45:00.000,BBG000TJM7F0,0.0012793595,0.004807126,207927
20120926,10:45:00.000,BBG0016WLQ18,-0.0054286635,-0.02040814,690540
20120926,10:45:00.000,BBG000CNFQW6,0.0017711115,-0.0028688514,56978
20120926,10:45:00.000,BBG000BMZ7P7,-0.0084885545,-0.014801255,112499
20120926,10:45:00.000,BBG000BLDV98,-0.0037685325,0.0005898646,515934
20120926,10:45:00.000,BBG000BKWSR6,0.0044353954,-0.002934873,1298862
20120926,10:45:00.000,BBG000MQ1SN9,0.008609097,0.0065818815,178075
20120926,10:45:00.000,BBG000C75N77,0.0067043416,-0.00081260264,451045
20120926,10:45:00.000,BBG000C2ZCH8,0.0016633365,0.00682973,235369
20120926,10:45:00.000,BBG000BVB8Q0,0.011790449,-0.0044430923,1044907
20120926,10:45:00.000,BBG000G6BN50,-0.008706653,-0.020507976,99494
20120926,10:45:00.000,BBG000BL79J3,-0.003638462,-0.009753607,600378
20120926,10:45:00.000,BBG000BKXFN7,-0.0068187024,-0.029638687,1157225
20120926,10:45:00.000,BBG000BD3LM4,-0.0041059842,-0.028342582,726256
20120926,10:45:00.000,BBG000F86GP6,0.0064021777,-0.004051807,302162
20120926,10:45:00.000,BBG000BGXZB5,-0.009307732,-0.015532827,740171
20120926,10:45:00.000,BBG000BVMPN3,0.0029881133,-0.006273849,220042
20120926,10:45:00.000,BBG000D9DMK0,-0.0027828957,-0.0031808256,51018
20120926,10:45:00.000,BBG000FDBX90,-0.0054347543,-0.0018678263,729710
20120926,10:45:00.000,BBG000MM5VL9,-0.0011383286,-0.014575312,277679
20120926,10:45:00.000,BBG000BHCP19,0.0019518115,-0.0097192405,334583
20120926,10:45:00.000,BBG000BX8DC4,-0.00027908263,-0.006282498,226066
20120926,10:45:00.000,BBG000G3QLY3,0.007318199,-0.006705264,365109
20120926,10:45:00.000,BBG000BDWKC5,0.0060933987,-0.0084435865,801835
20120926,10:45:00.000,BBG000BMRFF9,0.0082445005,-0.002720922,188497
20120926,10:45:00.000,BBG000BT4T69,-0.0034043416,-0.008645369,327595
20120926,10:45:00.000,BBG000BRRG02,0.0005279665,-0.006091182,225869
20120926,10:45:00.000,BBG000BP0KQ8,-0.009908418,-0.033135995,2125734
20120926,10:45:00.000,BBG000RKR4R8,-0.00053385313,-0.022775877,2860965
20120926,10:45:00.000,BBG000C3HSR0,-0.018027477,-0.041126117,1769675
20120926,10:45:00.000,BBG000BKQ3V3,-0.00417792,-0.021364877,774534
20120926,10:45:00.000,BBG000CGT2S4,0.014138705,0.0009238647,427046
20120926,10:45:00.000,BBG000C1FQS9,-0.0037273862,0.006288895,134131
20120926,10:45:00.000,BBG000FFH4P5,0.0047225202,-0.008806633,109308
20120926,10:45:00.000,BBG000BF5RY1,-0.0055874325,-0.0077907485,893980
20120926,10:45:00.000,BBG000BFNR17,0.004388337,-0.0055887406,99199
20120926,10:45:00.000,BBG000BR1W32,-0.021279404,-0.049318943,948169
20120926,10:45:00.000,BBG001M8HHB7,0.0022539073,-0.011702129,650301
20120926,10:45:00.000,BBG000BPNP00,-0.0039366554,-0.018345071,807086
20120926,10:45:00.000,BBG000C0LW92,0.0006118507,-0.0106480615,1038813
20120926,10:45:00.000,BBG000K7PWX7,0.013328886,-0.012012485,504045
20120926,10:45:00.000,BBG000BQSQ38,-0.0056566335,-0.010474264,1072664
20120926,10:45:00.000,BBG000BKXYX5,0.019930363,0.0070008426,645823
20120926,10:45:00.000,BBG000BLHRS2,-0.0032577934,0.00028184123,99806
20120926,10:45:00.000,BBG000JYP7L8,0.014251658,-0.0022516947,330353
20120926,10:45:00.000,BBG000PV2L86,-0.008704123,-0.010849924,110033
20120926,10:45:00.000,BBG000BTCH57,0.0056820516,0.005081267,607655
20120926,10:45:00.000,BBG000BBNYF6,0.0066758245,-0.0042065177,245189
20120926,10:45:00.000,BBG000BPL8X4,-0.0020313752,-0.0008078253,362951
20120926,10:45:00.000,BBG000BLCPY4,0.0127835255,-0.011255491,297547
20120926,10:45:00.000,BBG000BNC3Y9,0.0018887267,-0.02060591,504036
20120926,10:45:00.000,BBG000BT9T73,0.00416369,-0.01987214,1331758
20120926,10:45:00.000,BBG000BC15S7,0.0028305124,0.002312041,161121
20120926,10:45:00.000,BBG000BKNX95,0.0011153149,-0.022213122,1007584
20120926,10:45:00.000,BBG000C90DH9,0.010363669,-0.008003767,525951
20120926,10:45:00.000,BBG000C7B436,-0.0074862824,-0.038809,745061
20120926,10:45:00.000,BBG000BK6G19,-0.005489868,-0.022062533,269571
20120926,10:45:00.000,BBG000BX5ZF5,-0.0032119867,-0.0257429,3975362
20120926,10:45:00.000,BBG000BGD7W6,-0.003138633,-0.0075362776,509602
20120926,10:45:00.000,BBG000BVSX05,-0.0054235104,-0.028412394,573749
20120926,10:45:00.000,BBG000CKJ0P3,0.0009443125,-0.007666563,146990
20120926,10:45:00.000,BBG000BNJHS8,-0.0026218232,0.0045221644,958091
20120926,10:45:00.000,BBG000BQZMH4,0.0024483714,0.008167276,369673
20120926,10:45:00.000,BBG000DN7P92,0.0023534843,-0.0030022191,176688
20120926,10:45:00.000,BBG000BKPL53,0.004354116,-0.003065893,252515
20120926,10:45:00.000,BBG000BB2DM7,-0.00035060933,-0.018547412,3206875
20120926,10:45:00.000,BBG000BJDPC2,0.017403932,0.016860487,298706
20120926,10:45:00.000,BBG000BJ8YN7,0.00011606651,-0.010511662,358087
20120926,10:45:00.000,BBG000BPVCR1,-0.0315424,-0.048420463,2964818
20120926,10:45:00.000,BBG000PCQQL6,0.0016116087,-0.008817989,476129
20120926,10:45:00.000,BBG000C2BXK4,-0.0025013953,-0.013378137,1556279
20120926,10:45:00.000,BBG000F9KJN4,-0.0050385366,-0.021843404,675252
20120926,10:45:00.000,BBG000BNNYW1,0.0016472861,-0.0011248547,595931
20120926,10:45:00.000,BBG000C734W3,-0.006447199,-0.021190202,200947
20120926,10:45:00.000,BBG000D7RKJ5,-0.002849002,0.0071447557,296369
20120926,10:45:00.000,BBG000G8N9C6,-0.0062477747,-0.010017453,352869
20120926,10:45:00.000,BBG000BRXP69,0.0037454898,-0.0043083658,107313
20120926,10:45:00.000,BBG000NDYB67,-0.0032311045,-0.022094943,3329693
20120926,10:45:00.000,BBG000BHZ5J9,0.0033670133,-0.00420295,99692
20120926,10:45:00.000,BBG000BHKYH4,0.0060995165,0.0050165597,334936
20120926,10:45:00.000,BBG000D2M0Z7,6.5077715e-05,-0.003432836,132171
20120926,10:45:00.000,BBG000CHWP52,0.0039222958,-0.008637768,290601
20120926,10:45:00.000,BBG0029SNR63,0.015204038,-0.00085921114,1983073
20120926,10:45:00.000,BBG000BNNKG9,-0.0018103488,-0.028948171,2690195
20120926,10:45:00.000,BBG000BP4MH0,0.007127786,0.007076436,803779
20120926,10:45:00.000,BBG000BHLYS1,0.0029505137,0.011683523,674026
20120926,10:45:00.000,BBG000BFJ645,-0.012441502,-0.017983912,6638981
20120926,10:45:00.000,BBG000BC4JJ4,-0.007404368,-0.01157589,306323
20120926,10:45:00.000,BBG000BVVQQ8,-0.0018069678,-0.01770281,638903
20120926,10:45:00.000,BBG000DLFM21,0.004198599,-0.008919835,196598
20120926,10:45:00.000,BBG000BP1152,-0.010916626,-0.036580488,1291865
20120926,10:45:00.000,BBG000H50PN8,0.005404337,-0.0060984185,392347
20120926,10:45:00.000,BBG000CP95B7,0.0072335666,0.0003292858,159791
20120926,10:45:00.000,BBG000BS9489,-0.0069859107,-0.01572087,419580
20120926,10:45:00.000,BBG000KBQZ88,-0.006656675,-0.014673837,254360
20120926,10:45:00.000,BBG000C37332,-0.0017277075,-0.021849206,129258
20120926,10:45:00.000,BBG000C2PW58,0.009912903,0.002585423,98207
20120926,10:45:00.000,BBG000BKR1D6,0.014807083,0.0041597476,199530
20120926,10:45:00.000,BBG000BR37X2,-0.008206473,-0.0091186855,861615
20120926,10:45:00.000,BBG000BWCKB6,0.0028309468,0.00066565606,104216
20120926,10:45:00.000,BBG000BCZYD3,-0.002111704,-0.0041141906,149949
20120926,10:45:00.000,BBG000BMKDM3,-0.0032955538,0.00019298363,309304
20120926,10:45:00.000,BBG000D3MB18,0.003986175,-0.008490552,422357
20120926,10:45:00.000,BBG000BB1TH9,-0.0070543727,-0.019761456,397967
20120926,10:45:00.000,BBG000BQVTF5,-0.010840924,-0.025163539,766942
20120926,10:45:00.000,BBG000D1QCF1,-0.018318132,-0.033392277,813107
20120926,10:45:00.000,BBG000PX3XC0,-0.007775137,-0.026321499,541622
20120926,10:45:00.000,BBG000J1QLT0,0.013178518,0.0040404894,347002
20120926,10:45:00.000,BBG000BH8TT6,-0.035362594,-0.052387387,1552523
20120926,10:45:00.000,BBG000QRFNK2,-0.064636536,-0.08140539,3630523
20120926,10:45:00.000,BBG000BCNYT9,0.007895393,-0.004434568,646208
20120926,10:45:00.000,BBG000BPMH90,-0.010500206,-0.022256343,249006
20120926,10:45:00.000,BBG000F7RCJ1,0.0040175617,-0.0017766918,121407
20120926,10:45:00.000,BBG000BB6G37,0.0024894774,-0.009229449,602357
20120926,10:45:00.000,BBG000BFDLV8,-0.0042940276,-0.013030497,222545
20120926,10:45:00.000,BBG000WCFV84,0.0071044234,-0.0073803766,863258
20120926,10:45:00.000,BBG000BY2Y78,0.0028894534,-0.009652065,444356
20120926,10:45:00.000,BBG000BXM6V2,-0.013175746,-0.021960262,432158
20120926,10:45:00.000,BBG000FH8PX5,0.00013293963,-0.005770006,151121
20120926,10:45:00.000,BBG000BP8Z50,-0.00038130488,-0.01249143,352385
20120926,10:45:00.000,BBG000BQWPC5,0.0042307703,0.008674404,648108
20120926,10:45:00.000,BBG000BWSV34,-0.0013359323,-0.026816513,362855
20120926,10:45:00.000,BBG000NDZ417,-0.012644774,-0.034156937,639941
20120926,10:45:00.000,BBG000BJQWD2,-0.002641463,-0.019508177,577231
20120926,10:45:00.000,BBG000BB5373,0.013828827,0.0043584555,958106
20120926,10:45:00.000,BBG000BHB3M6,-0.001982915,-0.015390766,276475
20120926,10:45:00.000,BBG000BLW530,6.457367e-05,-0.014641419,238858
20120926,10:45:00.000,BBG000D8RG11,-0.0138556175,-0.020704124,761871
20120926,10:45:00.000,BBG0019JZ882,-0.000609739,-0.005345147,773822
20120926,10:45:00.000,BBG000R7RDB4,-0.015283348,-0.030258678,320947
20120926,10:45:00.000,BBG000BQ8KV2,0.0045123715,-0.002499274,511058
20120926,10:45:00.000,BBG000BYWTX7,-0.0057817986,-0.027041776,5090085
20120926,10:45:00.000,BBG000C1S2X2,-0.008323651,-0.026039679,366183
20120926,10:45:00.000,BBG000DLVDK3,0.004627542,-0.011765763,486527
20120926,10:45:00.000,BBG000BFL116,0.020175142,-0.012424101,1367755
20120926,10:45:00.000,BBG000C1DHF5,0.001545244,-0.025219498,1323120
20120926,10:45:00.000,BBG000BVHBM1,0.0055732727,-0.03253961,1239484
20120926,10:45:00.000,BBG000BGVW60,0.002671053,0.009875574,751681
20120926,10:45:00.000,BBG000BPQD31,0.0015634224,-0.008675847,567597
20120926,10:45:00.000,BBG000H1F895,-0.016310541,-0.04259121,875421
20120926,10:45:00.000,BBG000K82ZT8,0.0061832517,-0.013921948,659369
20120926,10:45:00.000,BBG000DNTSP4,-0.00458318,-0.0061484873,796800
20120926,10:45:00.000,BBG000F15NW9,0.008895445,-0.00071403483,454891
20120926,10:45:00.000,BBG000BPT0C6,0.00397761,-0.0057098223,217439
20120926,10:45:00.000,BBG000B9WJ73,0.01975632,-0.008031872,3391604
20120926,10:45:00.000,BBG000BDXGP9,0.005675476,0.0065681124,973924
20120926,10:45:00.000,BBG000BSD7C2,-0.0029167102,-0.0006889954,193364
20120926,10:45:00.000,BBG000BSLZY7,0.00045666524,-0.010089182,3812865
20120926,10:45:00.000,BBG000BKZTP3,0.0017459396,-0.010416868,1093871
20120926,10:45:00.000,BBG000BF1R66,-0.0014971183,-0.00046058692,271559
20120926,10:45:00.000,BBG000HW5GX3,0.0035995091,-0.013326468,1055270
20120926,10:45:00.000,BBG000C0F570,0.0026303122,-0.010649415,612924
20120926,10:45:00.000,BBG000BP1Q11,0.0013585109,-0.0068439096,370869
20120926,10:45:00.000,BBG000BMQPL1,0.0043428876,-0.0045583188,2547665
20120926,10:45:00.000,BBG000M65M61,0.0023534915,0.0050417227,1177050
20120926,10:45:00.000,BBG000BM7HL0,0.008749698,-0.01612142,759921
20120926,10:45:00.000,BBG000BJ49H3,0.0029435498,-0.014096293,264637
20120926,10:45:00.000,BBG000JBN3X6,0.02087674,0.016512746,1309726
20120926,10:45:00.000,BBG000NSQ9M0,-0.00056591013,-0.015411052,2327250
20120926,10:45:00.000,BBG000BTVJ25,-0.0018178807,-0.001944313,574109
20120926,10:45:00.000,BBG000BBCDZ2,-0.009869449,-0.022238165,416025
20120926,10:45:00.000,BBG000BNGTQ7,0.00033447912,-0.0055751023,379546
20120926,10:45:00.000,BBG000BGKHZ3,0.0011009031,-0.008995047,446974
20120926,10:45:00.000,BBG000BL9439,-0.0005818283,0.0026874882,338189
20120926,10:45:00.000,BBG000H9G7X2,0.002892315,-0.010990812,649052
20120926,10:45:00.000,BBG000BK67C7,0.0062552975,0.006243968,394128
20120926,10:45:00.000,BBG000FV1Z23,0.004535025,-0.0018067827,228482
20120926,10:45:00.000,BBG000BV7LP7,-0.014987846,-0.027497651,1755231
20120926,10:45:00.000,BBG000CR90K4,0.032869007,0.013626121,14929994
20120926,10:45:00.000,BBG000BL9JQ1,0.0031335603,-0.014638447,658703
20120926,10:45:00.000,BBG000BF2KK4,0.008456826,-0.0006064396,123250
20120926,10:45:00.000,BBG000GLBN48,-0.004721906,-0.016588472,248206
20120926,10:45:00.000,BBG000BB6M98,0.0021147048,0.004061828,273126
20120926,10:45:00.000,BBG000BXMFC3,-0.022788735,-0.054160092,1584925
20120926,10:45:00.000,BBG000BSXQV7,-0.002658647,-0.0041262503,204182
20120926,10:45:00.000,BBG000MDCQC2,-0.004359684,-0.0029617427,760626
20120926,10:45:00.000,BBG000BRJ809,0.003163309,-0.005476631,127140
20120926,10:45:00.000,BBG000DKCC19,0.017620578,0.011309807,1483511
20120926,10:45:00.000,BBG000BFMBQ6,0.0034253667,-0.0038422195,357866
20120926,10:45:00.000,BBG000BQ2C28,0.008193095,0.0051694056,373133
20120926,10:45:00.000,BBG000BMTFR4,0.012716974,-0.005655702,742833
20120926,10:45:00.000,BBG000BHLYP4,0.0005193423,-0.004721629,426673
20120926,10:45:00.000,BBG000BNFLM9,-0.00027614945,-0.017265905,1026745
20120926,10:45:00.000,BBG000NV1KK7,0.004471743,0.0028461749,843308
20120926,10:45:00.000,BBG000FBK808,-0.01222811,-0.030862521,1429906
20120926,10:45:00.000,BBG000R0L5J4,-0.013270768,-0.027802281,327698
20120926,10:45:00.000,BBG000BZTW70,-0.005170942,-0.034373503,2591734
20120926,10:45:00.000,BBG000BLM0V1,,,265562
20120926,10:45:00.000,BBG000BTQR96,0.009935962,-0.005075456,369378
20120926,10:45:00.000,BBG000BH5DV1,0.012481097,-0.0036273648,1068128
20120926,10:45:00.000,BBG000BLBXT4,-0.0065264585,-0.013270307,281797
20120926,10:45:00.000,BBG000KLB4Q1,-0.010840073,-0.03915723,2244153
20120926,10:45:00.000,BBG000BR3KL6,0.0017365323,-0.013041716,335417
20120926,10:45:00.000,BBG000BB9KF2,-0.0054047136,0.0042825863,420162
20120926,10:45:00.000,BBG000BVDLH9,0.005437305,-0.0032188527,273444
20120926,10:45:00.000,BBG000C0MF34,-0.00081070873,-0.0019267146,144860
20120926,10:45:00.000,BBG000FVXD63,0.0066639916,-0.0031299354,260273
20120926,10:45:00.000,BBG000CGQ6M4,-0.011895473,-0.01467486,412623
20120926,10:45:00.000,BBG000BJSBJ0,0.0019730267,0.010201946,574118
20120926,10:45:00.000,BBG000BFTJ91,-0.0036446592,-0.011749484,438374
20120926,10:45:00.000,BBG000BSC0K9,0.0019691067,-0.003080209,366692
20120926,10:45:00.000,BBG000BWXL85,0.0008308409,-0.024412308,767503
20120926,10:45:00.000,BBG000QY3XZ2,0.0035201234,-0.01737036,573586
20120926,10:45:00.000,BBG000BCWCG1,0.006408249,-0.006495446,2244759
20120926,10:45:00.000,BBG000CKVSG8,0.006271391,-0.009581048,1386185
20120926,10:45:00.000,BBG000JN8R00,0.008904358,-0.012656276,517832
20120926,10:45:00.000,BBG000BBBNC6,-0.004577387,-0.022385983,946550
20120926,10:45:00.000,BBG000JG0547,0.0013280982,-0.002226784,778314
20120926,10:45:00.000,BBG000R7Z112,0.007184044,0.008874087,1496599
20120926,10:45:00.000,BBG000D898T9,0.0032664954,0.002178542,1122315
20120926,10:45:00.000,BBG000Q3JN03,-0.002645484,-0.015225028,3529071
20120926,10:45:00.000,BBG000BRJL00,-0.0058461567,0.0041392664,1124056
20120926,10:45:00.000,BBG000C2V3D6,0.010048047,-0.008607029,893772
20120926,10:45:00.000,BBG000G30YX4,-0.0043029827,-0.016543943,282902
20120926,10:45:00.000,BBG000G0Z878,0.010336587,-0.007977191,1584470
20120926,10:45:00.000,BBG000BKXBV7,-0.007189038,-0.021415714,3279394
20120926,10:45:00.000,BBG000BJ98Z0,0.009144287,-0.004603559,2717413
20120926,10:45:00.000,BBG000BR14K5,0.007573256,0.007661084,456971
20120926,10:45:00.000,BBG000BGYWY6,0.006160307,0.0044418424,322099
20120926,10:45:00.000,BBG000BCGY17,-0.0015655609,0.0011436568,304401
20120926,10:45:00.000,BBG000BV75B7,0.0035881489,-0.014604361,435090
20120926,10:45:00.000,BBG000CXD6X9,0.0012463137,-0.0063880566,503463
20120926,10:45:00.000,BBG000BWVSR1,-0.0034187355,-0.0018694677,865975
20120926,10:45:00.000,BBG000BVPPM1,-0.006132369,-0.0225361,827239
20120926,10:45:00.000,BBG000BBMSJ6,-0.0011504035,-0.01816382,752640
20120926,10:45:00.000,BBG000CHPY97,0.010582905,-0.0027441748,768082
20120926,10:45:00.000,BBG000C3GN47,0.01522889,0.0016036413,572131
20120926,10:45:00.000,BBG000BYYLS8,0.0017320412,-0.004219947,953499
20120926,10:45:00.000,BBG000DTMH63,,,643029
20120926,10:45:00.000,BBG000PVRDL2,-0.012180802,-0.03249571,2922670
20120926,10:45:00.000,BBG000DQTXY6,0.0014632595,-0.040468644,2852754
20120926,10:45:00.000,BBG000JF5CV9,0.013936293,-0.003173849,961248
20120926,10:45:00.000,BBG000CJZ2W6,-0.017513558,-0.036844674,820721
20120926,10:45:00.000,BBG000K14Q84,-0.01173227,-0.037264716,1523311
20120926,10:45:00.000,BBG000BH3JF8,0.006108079,-0.00018309212,804574
20120926,10:45:00.000,BBG000BTKGG8,0.0065389294,-0.005318213,1757617
20120926,10:45:00.000,BBG000BB5006,0.0053871092,-0.013380117,1162451
20120926,10:45:00.000,BBG000BSBZH7,-0.0024420726,-0.0015447326,382177
20120926,10:45:00.000,BBG000BM6788,-0.012013846,-0.026813962,873758
20120926,10:45:00.000,BBG000BQ5DS5,-0.0021131856,-0.0041471627,930496
20120926,10:45:00.000,BBG000BB6WG8,-0.009942643,-0.013740969,1277333
20120926,10:45:00.000,BBG000BRK7L6,0.00041905875,-0.0140137505,993895
20120926,10:45:00.000,BBG000BMY992,0.0021584167,-0.0004260036,1312670
20120926,10:45:00.000,BBG000FKJRC5,-0.016004078,-0.02239252,492092
20120926,10:45:00.000,BBG000C1BW00,0.008217494,0.0072130305,359715
20120926,10:45:00.000,BBG000DY8ZS4,0.007137879,-0.021471424,3076054
20120926,10:45:00.000,BBG000BY33P5,-0.017308248,-0.03526475,2098293
20120926,10:45:00.000,BBG000BKLH74,-0.0065056873,-0.01212116,1173621
20120926,10:45:00.000,BBG000BMF5J0,-0.023519617,-0.040121872,2369773
20120926,10:45:00.000,BBG000CSY9H9,0.0077668135,0.001532696,950878
20120926,10:45:00.000,BBG000CPQZ77,-0.012074044,-0.018391391,459295
20120926,10:45:00.000,BBG000CS7CT9,0.0058924407,0.00058601564,568668
20120926,10:45:00.000,BBG000BC9938,-0.010175311,-0.03530237,846173
20120926,10:45:00.000,BBG000BBJQV0,-0.008440809,-0.027601304,3157116
20120926,10:45:00.000,BBG000FQ6PY6,0.0020434272,-0.021018833,346633
20120926,10:45:00.000,BBG000PM7GJ0,0.003151804,-0.021423144,5970153
20120926,10:45:00.000,BBG000GC80B4,0.0093605975,0.0026033274,550403
20120926,10:45:00.000,BBG000DYGNW7,0.0022767538,0.004905981,356823
20120926,10:45:00.000,BBG000HCJMF9,-0.0087892655,-0.026630742,1160352
20120926,10:45:00.000,BBG000C17X76,0.021295048,0.016614169,588120
20120926,10:45:00.000,BBG000BMDV41,0.0059301024,-0.009823728,885001
20120926,10:45:00.000,BBG000TWC2V5,0.005799326,0.0044140075,270332
20120926,10:45:00.000,BBG000BBPFB9,0.00358344,-0.014356091,2013518
20120926,10:45:00.000,BBG000BLKK03,-0.0031427313,-0.012968922,469565
20120926,10:45:00.000,BBG000R8ZVD1,0.01056111,-0.0022623765,446520
20120926,10:45:00.000,BBG000BD8PN9,0.008849022,-0.001767011,1608802
20120926,10:45:00.000,BBG000BBDV81,0.00470107,-0.0075101005,380867
20120926,10:45:00.000,BBG000BCVJ77,-0.011189631,-0.014634527,1766241
20120926,10:45:00.000,BBG000BJL3N0,0.0032704659,-0.0038889654,3750652
20120926,10:45:00.000,BBG000BZ2GG4,-0.002852322,-0.023566658,516402
20120926,10:45:00.000,BBG000BKFBD7,-0.003912991,-0.012509897,864694
20120926,10:45:00.000,BBG000BJ2VQ6,0.0045318776,-0.012882576,659657
20120926,10:45:00.000,BBG000BKFZM4,-7.583617e-05,-0.016235122,3348779
20120926,10:45:00.000,BBG000QBR5J5,0.0031589621,-0.006642413,1016149
20120926,10:45:00.000,BBG000BJPDZ1,9.579537e-05,-0.009409897,48017
20120926,10:45:00.000,BBG000BH5LT6,0.0034800682,-0.015881345,1137443
20120926,10:45:00.000,BBG000MBDGM6,0.018735608,0.00010117154,195931
20120926,10:45:00.000,BBG000LD9JQ8,-0.0036938358,-0.013127323,293871
20120926,10:45:00.000,BBG000BTR593,0.0052730204,-0.0049556824,978913
20120926,10:45:00.000,BBG000BVMGF2,-0.0015012533,-0.0067609306,822545
20120926,10:45:00.000,BBG000FJLFX8,-0.007762141,-0.01767137,1339083
20120926,10:45:00.000,BBG000BWNFZ9,0.006308819,-0.025377184,1074919
20120926,10:45:00.000,BBG000BR54L0,-0.0012946996,-0.050419804,6829460
20120926,10:45:00.000,BBG000BCBCM7,-0.029046789,-0.04959035,8260556
20120926,10:45:00.000,BBG000BM5SR2,0.006713407,-0.008614507,1049550
20120926,10:45:00.000,BBG000BJ81C1,-0.0071311756,-0.007961553,593085
20120926,10:45:00.000,BBG001DCCGR8,-0.0033208425,-0.020318557,994481
20120926,10:45:00.000,BBG000H89QJ6,-0.0010283467,-0.009187375,628507
20120926,10:45:00.000,BBG000F6H8W8,0.0016503764,0.0017746609,434094
20120926,10:45:00.000,BBG000BS0ZF1,-0.007448037,-0.01433024,158488
20120926,10:45:00.000,BBG000BVWLJ6,-1.9793888e-05,-0.004011941,1098958
20120926,10:45:00.000,BBG000BGJRC8,-0.004175779,-0.008032069,1684037
20120926,10:45:00.000,BBG000BT9DW0,-0.0028647215,0.009836921,938772
20120926,10:45:00.000,BBG000BXRPH1,-0.0008959673,-0.019080024,743112
20120926,10:45:00.000,BBG000C7LMS8,0.012282768,0.013631821,315749
20120926,10:45:00.000,BBG00286S4N9,0.0015991061,-0.009349001,760034
20120926,10:45:00.000,BBG000BH2JM1,-0.0034883176,-0.023803037,2332448
20120926,10:45:00.000,BBG000BRD0D8,0.001384598,-0.003873359,783924
20120926,10:45:00.000,BBG000BJF1Z8,-0.0026212179,-0.005616162,552936
20120926,10:45:00.000,BBG000BHQ1H0,0.008746932,0.002959462,595955
20120926,10:45:00.000,BBG000BN5HF7,-0.0035897188,-0.03900742,3005318
20120926,10:45:00.000,BBG000B9WH86,-0.0037008405,-0.015845872,5903324
20120926,10:45:00.000,BBG000C5Z1S3,-0.007972152,-0.032759935,10094197
20120926,10:45:00.000,BBG000D9D830,0.0006012628,-0.008855192,700875
20120926,10:45:00.000,BBG000JWD753,0.004546441,-0.0063685887,2367878
20120926,10:45:00.000,BBG000BKCFC2,-0.0059547834,-0.0012467597,1305094
20120926,10:45:00.000,BBG000BWVCP8,-0.012609989,-0.021003854,1385044
20120926,10:45:00.000,BBG000BBD070,-0.009981003,-0.026489811,1347040
20120926,10:45:00.000,BBG000BMBL90,-0.0029605813,-0.0105253495,583900
20120926,10:45:00.000,BBG000BNWG87,0.007479292,0.0013852832,1254092
20120926,10:45:00.000,BBG000BCG930,-0.008433022,-0.020688897,795375
20120926,10:45:00.000,BBG000BHX7N2,-0.0013123073,-0.008489244,890731
20120926,10:45:00.000,BBG000BX3TD3,0.011355102,-0.008383227,2751427
20120926,10:45:00.000,BBG000BH23R1,-0.005225695,-0.017042741,4641964
20120926,10:45:00.000,BBG000BBVJZ8,-0.0058767856,-0.015045744,464247
20120926,10:45:00.000,BBG000BJ3PD2,0.012905933,-0.001623245,937331
20120926,10:45:00.000,BBG000BFQYY3,0.006054621,0.006793668,369867
20120926,10:45:00.000,BBG000BMW2Z0,-0.0016634099,0.0012864344,328942
20120926,10:45:00.000,BBG000CXYSZ6,-0.0042109294,-0.026720447,353094
20120926,10:45:00.000,BBG000H556T9,-0.002603676,-0.009441254,961584
20120926,10:45:00.000,BBG000J6XT05,-0.005469122,0.0047726594,895066
20120926,10:45:00.000,BBG000C8H633,-0.0029689264,-0.015648376,1829744
20120926,10:45:00.000,BBG000FP1N32,-0.01904505,-0.040377554,3016171
20120926,10:45:00.000,BBG000BD4VG8,0.0022928922,-0.015994852,912295
20120926,10:45:00.000,BBG000C496P7,-0.0024594683,-0.01733376,2270181
20120926,10:45:00.000,BBG000FG3C43,-0.0139562925,-0.040802196,2296240
20120926,10:45:00.000,BBG000DHSPT0,-0.0029877566,-0.014144696,894074
20120926,10:45:00.000,BBG000FW00S1,0.0019796826,-0.022297498,2328910
20120926,10:45:00.000,BBG000BFC8J2,0.008576691,-0.00065706106,690221
20120926,10:45:00.000,BBG000BZ9223,-0.0020566792,-0.015787847,252016
20120926,10:45:00.000,BBG000GFFQN9,0.0035165555,-0.0038277125,4786913
20120926,10:45:00.000,BBG000G2R6M0,0.0046200566,-0.010082125,1673895
20120926,10:45:00.000,BBG000FL1TC8,0.00030646546,-0.010191647,801550
20120926,10:45:00.000,BBG000BGKTF9,-0.0024523514,-0.012518883,1051231
20120926,10:45:00.000,BBG000BB6KF5,-0.0067615574,-0.025342176,2372403
20120926,10:45:00.000,BBG000BGLRN3,-0.008124037,-0.0060792724,929561
20120926,10:45:00.000,BBG000Q9HH23,-0.007120208,-0.024652896,723333
20120926,10:45:00.000,BBG000BV8DN6,0.008864028,0.009646891,1400343
20120926,10:45:00.000,BBG000BFXHL6,0.001117698,-0.007469595,1192587
20120926,10:45:00.000,BBG000C46HM9,0.0033400818,-0.005825382,1334923
20120926,10:45:00.000,BBG000BFRF55,0.006824071,-0.017199194,2231723
20120926,10:45:00.000,BBG000BNBDC2,-0.0047419267,-0.009484561,1109015
20120926,10:45:00.000,BBG000BH13K9,0.0061251028,0.00059441925,1033986
20120926,10:45:00.000,BBG000BGPTV6,0.011153487,-0.008059733,666962
20120926,10:45:00.000,BBG000QX74T1,-0.0058569605,-0.022513418,401786
20120926,10:45:00.000,BBG000BWJFZ4,0.01843456,0.0057438146,229111
20120926,10:45:00.000,BBG000BWLMJ4,-0.0002414544,-0.0049911044,1529390
20120926,10:45:00.000,BBG000BW3299,-0.009228506,-0.010509003,657030
20120926,10:45:00.000,BBG000BFDXW1,0.0016479115,-0.016490761,2546358
20120926,10:45:00.000,BBG000BC2C10,0.007894132,-0.0025212043,834544
20120926,10:45:00.000,BBG000BVV7G1,-0.0133878,-0.029110812,4985732
20120926,10:45:00.000,BBG000BPWXK1,-0.0069760424,-0.018792758,1964513
20120926,10:45:00.000,BBG000BBGGQ1,-0.008300667,-0.023518423,2187273
20120926,10:45:00.000,BBG000BHBK84,0.0019141268,-0.0091652665,2480454
20120926,10:45:00.000,BBG000BJX8C8,-0.001242996,-0.01564948,748020
20120926,10:45:00.000,BBG000H8TVT2,-0.005959224,-0.0051270854,744105
20120926,10:45:00.000,BBG000BTZQC4,0.00671451,-0.002771137,1447587
20120926,10:45:00.000,BBG000BP52R2,0.0018780605,0.0003231079,708145
20120926,10:45:00.000,BBG000C5HS04,-0.004557803,-0.0031548599,666398
20120926,10:45:00.000,BBG000BH3GZ2,-0.00054193725,-0.010339478,577838
20120926,10:45:00.000,BBG000F1ZSQ2,0.0035963065,-0.005702112,94671
20120926,10:45:00.000,BBG000C15T95,0.0024128067,-0.0015901942,726881
20120926,10:45:00.000,BBG000BFWKC0,-0.0032426347,-0.009284644,446271
20120926,10:45:00.000,BBG000CL9VN6,0.023193978,0.0024173541,1295884
20120926,10:45:00.000,BBG000F0KF42,-0.00049271237,-0.03454304,2272660
20120926,10:45:00.000,BBG000C240W1,0.0015086207,-0.021680225,13346116
20120926,10:45:00.000,BBG000L9CV04,-0.0026272621,-0.00062475324,1093729
20120926,10:45:00.000,BBG000BC40Y8,-0.0005655611,-0.011927861,1064572
20120926,10:45:00.000,BBG000BL4504,-0.00755967,-0.028803397,3916075
20120926,10:45:00.000,BBG000BB07P9,-0.00037917163,-0.014650136,3473477
20120926,10:45:00.000,BBG000BBDZG3,-0.0061387513,-0.023863355,11412908
20120926,10:45:00.000,BBG000BY29C7,-0.0023277355,-0.015715677,1908544
20120926,10:45:00.000,BBG000DWG505,0.0032041054,0.004763342,875781
20120926,10:45:00.000,BBG000BCQZS4,-0.005365922,-0.011553919,1211967
20120926,10:45:00.000,BBG000CKGBP2,-0.012287901,-0.019032165,2216046
20120926,10:45:00.000,BBG000BHGDH5,-0.0066819764,0.006063373,923545
20120926,10:45:00.000,BBG000FFDM15,-0.003628631,-0.0039804755,2166916
20120926,10:45:00.000,BBG000BWXBC2,0.0037671418,0.0039050528,1164711
20120926,10:45:00.000,BBG000BGRY34,0.008663246,0.0058801644,2002982
20120926,10:45:00.000,BBG000BN2DC2,-0.012640234,-0.03601247,652105
20120926,10:45:00.000,BBG000BH1NH9,0.0037877841,-0.0096060615,928071
20120926,10:45:00.000,BBG000F0PF65,-0.0049790777,-0.015331764,2083914
20120926,10:45:00.000,BBG000BW8S60,0.0030671984,-0.0013333793,1272757
20120926,10:45:00.000,BBG000BCSST7,0.0062913857,0.007565883,1194177
20120926,10:45:00.000,BBG000CH5208,0.00032005674,-0.0040925904,1555076
20120926,10:45:00.000,BBG000BQQ2S6,0.005302394,-0.0062112217,852473
20120926,10:45:00.000,BBG000BLZRJ2,0.007474759,-0.015046626,6209286
20120926,10:45:00.000,BBG000BP6LJ8,-0.0032578458,0.002938965,1454436
20120926,10:45:00.000,BBG000DWYF03,-0.00076795736,-0.010235115,3045909
20120926,10:45:00.000,BBG000BQPC32,-0.007526379,-0.01883992,14402844
20120926,10:45:00.000,BBG000BBS2Y0,0.00012130961,-0.0036374952,1477327
20120926,10:45:00.000,BBG000CTQBF3,-0.0016963481,-0.013260907,1880392
20120926,10:45:00.000,BBG000DQLV23,-0.0042887307,-0.008236616,2551429
20120926,10:45:00.000,BBG000KHWT55,-0.007988709,-0.026922034,8004336
20120926,10:45:00.000,BBG000BNDN65,0.007298846,0.0020206543,4051206
20120926,10:45:00.000,BBG000B9ZXB4,-0.0020084335,-0.003880041,1603681
20120926,10:45:00.000,BBG000DH7JK6,-0.0006416177,0.006824395,1133320
20120926,10:45:00.000,BBG000BH4R78,-0.006835365,-0.0129366545,2217890
20120926,10:45:00.000,BBG000BQQH30,0.001290491,-0.006098175,1886046
20120926,10:45:00.000,BBG000PSKYX7,-0.0032876725,-0.012148206,620671
20120926,10:45:00.000,BBG000C6CFJ5,0.0011895036,-0.011622114,1414770
20120926,10:45:00.000,BBG000BKTFN2,-0.009333538,-0.026175871,4652703
20120926,10:45:00.000,BBG000J2XL74,-0.0027860089,0.00088773516,1319427
20120926,10:45:00.000,BBG000BHVJJ3,0.0019651984,-0.01878123,4482066
20120926,10:45:00.000,BBG000C43RR5,0.0025628603,-0.0095823165,3155013
20120926,10:45:00.000,BBG000BFT2L4,-0.0034978937,-0.011995597,3394548
20120926,10:45:00.000,BBG000D4LWF6,-0.0004334373,0.002178644,3317376
20120926,10:45:00.000,BBG000BNSZP1,0.004414432,0.00139977,1317320
20120926,10:45:00.000,BBG000BT41Q8,0.0002607572,-0.011416303,1416108
20120926,10:45:00.000,BBG000BKZB36,-0.005283238,-0.0068649463,2557142
20120926,10:45:00.000,BBG000BPD168,0.0036787472,0.00066488935,4035445
20120926,10:45:00.000,BBG000HS77T5,0.0032523952,0.0037258673,2951322
20120926,10:45:00.000,BBG000BQLTW7,-0.0064740917,-0.021089964,9116890
20120926,10:45:00.000,BBG000BVPV84,-0.0045515997,-0.01220208,1069957
20120926,10:45:00.000,BBG000BJDB15,-0.0035943515,-0.021874655,8342625
20120926,10:45:00.000,BBG000BMX289,0.005058222,0.0103490455,3916081
20120926,10:45:00.000,BBG000MM2P62,0.0057337955,-0.01233048,12572072
20120926,10:45:00.000,BBG000CGC1X8,0.005303133,-0.0066199736,3446726
20120926,10:45:00.000,BBG000BLBVN4,-0.0036038603,-0.016166031,286044
20120926,10:45:00.000,BBG000BF0K17,0.004198483,-0.010628135,2617434
20120926,10:45:00.000,BBG000BR2TH3,-0.0017244975,0.0015808622,2338929
20120926,10:45:00.000,BBG000K4ND22,-0.0004646418,-0.003677355,1648762
20120926,10:45:00.000,BBG000BR2B91,0.0031351247,0.0012076166,7213488
20120926,10:45:00.000,BBG000C3J3C9,0.0004999764,-0.013408515,8627975
20120926,10:45:00.000,BBG000BLNNH6,0.005246518,-0.0026570396,878902
20120926,10:45:00.000,BBG000BWQFY7,-0.0003357114,-0.004607341,7151467
20120926,10:45:00.000,BBG000BMHYD1,-0.00047597243,-0.00057706045,2829278
20120926,10:45:00.000,BBG000BK6MB5,-0.006054733,-0.010306787,10713202
20120926,10:45:00.000,BBG000BSJK37,0.006078645,0.0070948554,6198578
20120926,10:45:00.000,BBG000C0G1D1,0.015698692,0.002221009,12968478
20120926,10:45:00.000,BBG000FY4S11,0.00037920222,-0.021292843,16114950
20120926,10:45:00.000,BBG000BCTLF6,9.4807634e-05,-0.019047434,57447504
20120926,10:45:00.000,BBG000DMBXR2,0.004089887,-0.009860545,8702404
20120926,10:45:00.000,BBG000BPH459,0.004162212,-0.009869974,17444516
20120926,10:45:00.000,BBG000GZQ728,-0.0011777293,-0.0023971933,2900351
20120926,10:45:00.000,BBG000BHSKN9,0.0003887896,-0.0073446105,1997236
20120926,10:45:00.000,BBG000B9XRY4,0.00092827156,-0.015384243,7802678
20120926,11:00:00.000,BBG000BFVXX0,0.008659019,0.012840114,861160
20120926,11:00:00.000,BBG000M4SW14,-0.023078406,-0.039461173,237678
20120926,11:00:00.000,BBG000HS74G6,-0.0066745975,-0.007770966,161061
20120926,11:00:00.000,BBG000BJNGN9,-0.06928855,-0.0963511,4868088
20120926,11:00:00.000,BBG000FNRZ69,0.0015617203,-0.015234529,1824847
20120926,11:00:00.000,BBG000BW2QX0,-0.0067034187,-0.017085237,581614
20120926,11:00:00.000,BBG000BBV8B8,-0.0021253803,-0.02850825,407455
20120926,11:00:00.000,BBG000DV7MX4,0.014631775,-0.006552231,3227307
20120926,11:00:00.000,BBG000BQ74K1,0.00010204862,-0.008622638,280349
20120926,11:00:00.000,BBG000BCYP43,0.00026275238,-0.0005716767,59443
20120926,11:00:00.000,BBG000BW5YW1,0.007304037,-0.03649321,884128
20120926,11:00:00.000,BBG000BLCL55,-0.0015322393,-0.021742316,222660
20120926,11:00:00.000,BBG000CZWZ05,0.0040296973,-0.007076411,152175
20120926,11:00:00.000,BBG000NSCNT7,0.010444778,-0.005595904,839616
20120926,11:00:00.000,BBG000D14WM3,-0.01140411,-0.038605604,2533157
20120926,11:00:00.000,BBG000BK5DP1,0.008294085,-0.011010343,1085422
20120926,11:00:00.000,BBG000PCNTM2,-0.009361035,-0.021962285,128989
20120926,11:00:00.000,BBG000BBB3K1,0.00014574082,0.0075696935,387846
20120926,11:00:00.000,BBG000C2YHG9,-0.013233076,-0.029529754,715143
20120926,11:00:00.000,BBG000RGM5P1,-0.0091109425,-0.025936127,963024
20120926,11:00:00.000,BBG000BQ87N0,0.003929104,0.009854109,356590
20120926,11:00:00.000,BBG000BD0TF8,0.0035295668,-0.007935752,205791
20120926,11:00:00.000,BBG000BDG1Y1,0.0009289021,-0.013381069,357927
20120926,11:00:00.000,BBG000BHC2S1,0.004326416,-0.009219276,165357
20120926,11:00:00.000,BBG000BCHG15,0.0056601358,-0.0038244328,290155
20120926,11:00:00.000,BBG000CLVM51,0.0003771746,-0.012035634,63936
20120926,11:00:00.000,BBG000BBCQD7,0.003702542,-0.009343295,370018
20120926,11:00:00.000,BBG000BB03M1,0.009695065,-0.010186489,386456
20120926,11:00:00.000,BBG000BQC9V2,0.015769597,0.0031406267,1346062
20120926,11:00:00.000,BBG000D5S4M0,-0.005861992,-0.016420081,165442
20120926,11:00:00.000,BBG000BB9RZ5,0.015569033,-0.002185616,119222
20120926,11:00:00.000,BBG000DCCZW2,-0.0007563198,-0.022763856,246020
20120926,11:00:00.000,BBG000BS5170,-0.007825319,-0.02042754,360867
20120926,11:00:00.000,BBG000BLMZK6,-0.002513664,-0.008783124,509289
20120926,11:00:00.000,BBG000BB5BF6,-0.0066048093,-0.01675067,1328990
20120926,11:00:00.000,BBG000BLXZN1,0.003735904,-0.0143311815,93769
20120926,11:00:00.000,BBG000FQRVM3,-0.0012428706,-0.0057656053,103610
20120926,11:00:00.000,BBG000BGFLL5,0.00043248205,-0.009655875,734855
20120926,11:00:00.000,BBG000BJ5GK2,0.0037710043,0.00013861334,231610
20120926,11:00:00.000,BBG000BWP7D9,0.0060573434,0.00989168,795774
20120926,11:00:00.000,BBG000BPQVR5,0.0044503547,-0.012775288,180120
20120926,11:00:00.000,BBG000DGPR66,-0.009496428,-0.016120665,269511
20120926,11:00:00.000,BBG000BRZBT3,-0.0022357698,-0.021390835,701480
20120926,11:00:00.000,BBG000BWBZN1,-0.0010750301,-0.007634125,266457
20120926,11:00:00.000,BBG000BFS7D3,0.0082867555,0.013586091,214220
20120926,11:00:00.000,BBG000C23KJ3,-0.010514003,-0.014472759,2653778
20120926,11:00:00.000,BBG001QD41M9,-0.0049594888,-0.019442333,293693
20120926,11:00:00.000,BBG000M44VW8,-0.00091225177,-0.03444281,519342
20120926,11:00:00.000,BBG000BSJTT0,0.0053546373,-0.021373453,1176234
20120926,11:00:00.000,BBG000C9W1Y1,0.0034609726,-7.0424846e-08,522053
20120926,11:00:00.000,BBG000DHNDK1,,,508060
20120926,11:00:00.000,BBG000BN9WT5,0.004974349,-0.0103892675,424601
20120926,11:00:00.000,BBG000BBMT95,0.006438477,-0.0038999713,567418
20120926,11:00:00.000,BBG000BJVZF7,0.007129145,0.001245887,871664
20120926,11:00:00.000,BBG000BPZBB6,0.0022287273,0.0011756272,600054
20120926,11:00:00.000,BBG000R57L13,0.011605978,-0.019470645,1321484
20120926,11:00:00.000,BBG000C1FB75,0.0042379824,-0.0009247316,63002
20120926,11:00:00.000,BBG000BF6LY3,-0.004898961,-0.00916542,2136103
20120926,11:00:00.000,BBG000F6ZWH2,0.011088382,-0.0070771486,271516
20120926,11:00:00.000,BBG000BP7JB0,-0.010193979,-0.036452103,1732520
20120926,11:00:00.000,BBG000RNTSX0,0.005743428,-0.013798371,146112
20120926,11:00:00.000,BBG000BCTQ65,0.0046495213,0.010851812,668854
20120926,11:00:00.000,BBG000C4DPX1,0.0029733183,-0.017573241,629283
20120926,11:00:00.000,BBG000TJM7F0,0.0013993493,0.0052649938,230915
20120926,11:00:00.000,BBG0016WLQ18,-0.012516029,-0.028195495,767486
20120926,11:00:00.000,BBG000CNFQW6,0.0053125415,0.00012816396,79173
20120926,11:00:00.000,BBG000BMZ7P7,-0.008352524,-0.01676589,119180
20120926,11:00:00.000,BBG000BLDV98,-0.0022260414,0.0023603432,674093
20120926,11:00:00.000,BBG000BKWSR6,0.0052886875,-0.004402167,1451520
20120926,11:00:00.000,BBG000MQ1SN9,0.0077130883,0.006731548,202042
20120926,11:00:00.000,BBG000C75N77,0.0050831893,-0.004224433,476070
20120926,11:00:00.000,BBG000C2ZCH8,0.0022420902,0.0059760544,267275
20120926,11:00:00.000,BBG000BVB8Q0,0.015102374,-0.00444299,1169746
20120926,11:00:00.000,BBG000G6BN50,-0.008037694,-0.020974727,106435
20120926,11:00:00.000,BBG000BL79J3,-0.0035547735,-0.010544591,670013
20120926,11:00:00.000,BBG000BKXFN7,-0.005623606,-0.032108698,1375284
20120926,11:00:00.000,BBG000BD3LM4,-0.0026203734,-0.02711013,1010303
20120926,11:00:00.000,BBG000F86GP6,0.0046858564,-0.0065279594,336615
20120926,11:00:00.000,BBG000BGXZB5,-0.01095161,-0.018827684,843275
20120926,11:00:00.000,BBG000BVMPN3,0.006647586,-0.0034943004,254640
20120926,11:00:00.000,BBG000D9DMK0,-0.0031713904,-0.0022485817,81174
20120926,11:00:00.000,BBG000FDBX90,-0.005338734,-0.0032687332,841266
20120926,11:00:00.000,BBG000MM5VL9,-0.001170297,-0.014575499,347268
20120926,11:00:00.000,BBG000BHCP19,0.002619979,-0.011237839,361537
20120926,11:00:00.000,BBG000BX8DC4,-0.00041279136,-0.007957815,257664
20120926,11:00:00.000,BBG000G3QLY3,0.007966531,-0.0074205515,392109
20120926,11:00:00.000,BBG000BDWKC5,0.0027665342,-0.01113018,978476
20120926,11:00:00.000,BBG000BMRFF9,0.009247303,-0.0020406402,211193
20120926,11:00:00.000,BBG000BT4T69,-0.0042231227,-0.009397151,446199
20120926,11:00:00.000,BBG000BRRG02,0.0029174793,-0.0047975276,273288
20120926,11:00:00.000,BBG000BP0KQ8,-0.003933501,-0.026035445,2498897
20120926,11:00:00.000,BBG000RKR4R8,-6.636331e-05,-0.02562273,3107959
20120926,11:00:00.000,BBG000C3HSR0,-0.0049459008,-0.02973717,2218841
20120926,11:00:00.000,BBG000BKQ3V3,-0.0025583853,-0.02299844,864712
20120926,11:00:00.000,BBG000CGT2S4,0.011827633,-0.0036961797,499093
20120926,11:00:00.000,BBG000C1FQS9,-0.0035897254,0.0058551743,152400
20120926,11:00:00.000,BBG000FFH4P5,0.0056373486,-0.0094690425,118708
20120926,11:00:00.000,BBG000BF5RY1,-0.003761022,-0.005843057,945638
20120926,11:00:00.000,BBG000BFNR17,0.005751236,-0.0058347112,121863
20120926,11:00:00.000,BBG000BR1W32,-0.021455305,-0.052212764,1027483
20120926,11:00:00.000,BBG001M8HHB7,-0.0033126932,-0.016738292,762108
20120926,11:00:00.000,BBG000BPNP00,-0.004885793,-0.0214026,1048347
20120926,11:00:00.000,BBG000C0LW92,0.0029544681,-0.007098784,1335855
20120926,11:00:00.000,BBG000K7PWX7,0.016060015,-0.007266747,560399
20120926,11:00:00.000,BBG000BQSQ38,-0.0069204,-0.012270009,1239895
20120926,11:00:00.000,BBG000BKXYX5,0.02893612,0.016288167,785740
20120926,11:00:00.000,BBG000BLHRS2,-0.003077152,0.0006342199,114150
20120926,11:00:00.000,BBG000JYP7L8,0.014371293,-0.003311185,365845
20120926,11:00:00.000,BBG000PV2L86,-0.009183667,-0.011611351,128189
20120926,11:00:00.000,BBG000BTCH57,0.0039875824,0.0022020808,649166
20120926,11:00:00.000,BBG000BBNYF6,0.008776669,-0.0034906727,299347
20120926,11:00:00.000,BBG000BPL8X4,0.00020804699,-0.00069229654,468435
20120926,11:00:00.000,BBG000BLCPY4,0.012614626,-0.014471171,503691
20120926,11:00:00.000,BBG000BNC3Y9,0.00062283705,-0.024726935,590501
20120926,11:00:00.000,BBG000BT9T73,0.002066175,-0.024130486,1950969
20120926,11:00:00.000,BBG000BC15S7,0.0009554316,0.00038542488,168602
20120926,11:00:00.000,BBG000BKNX95,0.0027749059,-0.018099545,1188868
20120926,11:00:00.000,BBG000C90DH9,0.0036272379,-0.015118049,728341
20120926,11:00:00.000,BBG000C7B436,-0.0029247804,-0.036778376,838996
20120926,11:00:00.000,BBG000BK6G19,-0.0073315636,-0.026443623,313526
20120926,11:00:00.000,BBG000BX5ZF5,-0.0028527204,-0.025742931,4407242
20120926,11:00:00.000,BBG000BGD7W6,-0.0053458903,-0.009196743,611835
20120926,11:00:00.000,BBG000BVSX05,-9.949858e-05,-0.022864357,694954
20120926,11:00:00.000,BBG000CKJ0P3,-0.00029067698,-0.0061335047,239109
20120926,11:00:00.000,BBG000BNJHS8,-0.0021430643,0.00339156,1028462
20120926,11:00:00.000,BBG000BQZMH4,0.0018007606,0.0065965042,398693
20120926,11:00:00.000,BBG000DN7P92,0.0021791768,-0.0025540884,220756
20120926,11:00:00.000,BBG000BKPL53,0.0015047519,-0.005309364,294179
20120926,11:00:00.000,BBG000BB2DM7,3.9171187e-05,-0.020608215,3717560
20120926,11:00:00.000,BBG000BJDPC2,0.016695702,0.01606903,351937
20120926,11:00:00.000,BBG000BJ8YN7,-0.0026708045,-0.013630583,438312
20120926,11:00:00.000,BBG000BPVCR1,-0.03648515,-0.05359908,3238872
20120926,11:00:00.000,BBG000PCQQL6,0.0024947065,-0.008267159,574639
20120926,11:00:00.000,BBG000C2BXK4,-0.005709607,-0.015767014,1708502
20120926,11:00:00.000,BBG000F9KJN4,-0.009572652,-0.027648272,758812
20120926,11:00:00.000,BBG000BNNYW1,-0.0013325999,-0.004218683,651369
20120926,11:00:00.000,BBG000C734W3,-0.00171754,-0.014001417,221254
20120926,11:00:00.000,BBG000D7RKJ5,-0.0017134529,0.007803893,337562
20120926,11:00:00.000,BBG000G8N9C6,-0.0053316373,-0.010381755,411381
20120926,11:00:00.000,BBG000BRXP69,0.0060447636,-0.0010530073,136227
20120926,11:00:00.000,BBG000NDYB67,-0.00018702321,-0.017845811,3518817
20120926,11:00:00.000,BBG000BHZ5J9,0.0026790374,-0.0073550385,115081
20120926,11:00:00.000,BBG000BHKYH4,0.006357289,0.0063492204,401849
20120926,11:00:00.000,BBG000D2M0Z7,0.004487452,0.0012263827,155351
20120926,11:00:00.000,BBG000CHWP52,0.006163576,-0.0069275154,359513
20120926,11:00:00.000,BBG0029SNR63,0.017643306,0.0015283339,2304591
20120926,11:00:00.000,BBG000BNNKG9,-0.0043399357,-0.032807905,2948383
20120926,11:00:00.000,BBG000BP4MH0,0.006591765,0.007076425,883976
20120926,11:00:00.000,BBG000BHLYS1,0.0050870935,0.012944284,890789
20120926,11:00:00.000,BBG000BFJ645,-0.0077484525,-0.015144424,6949725
20120926,11:00:00.000,BBG000BC4JJ4,-0.0057854545,-0.011096182,339111
20120926,11:00:00.000,BBG000BVVQQ8,-0.00092859304,-0.017702924,738809
20120926,11:00:00.000,BBG000DLFM21,0.008271427,-0.005495975,239600
20120926,11:00:00.000,BBG000BP1152,-0.0140237445,-0.04031331,1440006
20120926,11:00:00.000,BBG000H50PN8,0.005478137,-0.006457115,452338
20120926,11:00:00.000,BBG000CP95B7,0.006528089,0.00043898541,181697
20120926,11:00:00.000,BBG000BS9489,-0.007232449,-0.016194444,487565
20120926,11:00:00.000,BBG000KBQZ88,-0.0006028644,-0.008197144,287084
20120926,11:00:00.000,BBG000C37332,-0.0025667492,-0.02237908,163619
20120926,11:00:00.000,BBG000C2PW58,0.009464261,0.0008713883,118679
20120926,11:00:00.000,BBG000BKR1D6,0.013075212,0.0016687727,218815
20120926,11:00:00.000,BBG000BR37X2,-0.007915321,-0.008638716,1044684
20120926,11:00:00.000,BBG000BWCKB6,0.0054776845,0.0029796376,133171
20120926,11:00:00.000,BBG000BCZYD3,-0.0015448962,-0.0020254543,172914
20120926,11:00:00.000,BBG000BMKDM3,-0.0034884855,9.653797e-05,357454
20120926,11:00:00.000,BBG000D3MB18,8.9969144e-05,-0.012565844,491928
20120926,11:00:00.000,BBG000BB1TH9,-0.006605511,-0.020026123,486903
20120926,11:00:00.000,BBG000BQVTF5,-0.011489783,-0.027013566,827536
20120926,11:00:00.000,BBG000D1QCF1,-0.021662317,-0.038681027,865495
20120926,11:00:00.000,BBG000PX3XC0,-0.007781071,-0.029704154,636280
20120926,11:00:00.000,BBG000J1QLT0,0.010119105,0.0006214937,392946
20120926,11:00:00.000,BBG000BH8TT6,-0.022235926,-0.039017837,1836227
20120926,11:00:00.000,BBG000QRFNK2,-0.05957234,-0.076411314,4028448
20120926,11:00:00.000,BBG000BCNYT9,0.003469699,-0.008869106,799031
20120926,11:00:00.000,BBG000BPMH90,-0.00954069,-0.023635658,296744
20120926,11:00:00.000,BBG000F7RCJ1,0.007551846,0.0016285205,150048
20120926,11:00:00.000,BBG000BB6G37,0.0010332788,-0.012818857,670733
20120926,11:00:00.000,BBG000BFDLV8,-0.0020608965,-0.010090224,327055
20120926,11:00:00.000,BBG000WCFV84,0.007765387,-0.007577143,994462
20120926,11:00:00.000,BBG000BY2Y78,0.0026044047,-0.011662932,533352
20120926,11:00:00.000,BBG000BXM6V2,-0.014284537,-0.023607071,522765
20120926,11:00:00.000,BBG000FH8PX5,0.0025005876,-0.003666251,164215
20120926,11:00:00.000,BBG000BP8Z50,-0.0007397777,-0.0132780755,382196
20120926,11:00:00.000,BBG000BQWPC5,0.0034814796,0.0072678034,782351
20120926,11:00:00.000,BBG000BWSV34,-0.003958595,-0.030656088,430380
20120926,11:00:00.000,BBG000NDZ417,-0.008937786,-0.033639293,879691
20120926,11:00:00.000,BBG000BJQWD2,-0.0051286467,-0.022889502,628189
20120926,11:00:00.000,BBG000BB5373,0.01443639,0.004358436,1125254
20120926,11:00:00.000,BBG000BHB3M6,0.00012360835,-0.014629613,334546
20120926,11:00:00.000,BBG000BLW530,0.000872059,-0.015623408,261520
20120926,11:00:00.000,BBG000D8RG11,-0.011453751,-0.020244075,969405
20120926,11:00:00.000,BBG0019JZ882,0.0011577038,-0.004782507,966369
20120926,11:00:00.000,BBG000R7RDB4,-0.014145892,-0.03223767,367739
20120926,11:00:00.000,BBG000BQ8KV2,0.002660978,-0.0056544873,580921
20120926,11:00:00.000,BBG000BYWTX7,-0.00495831,-0.028123477,5589447
20120926,11:00:00.000,BBG000C1S2X2,-0.0096137365,-0.02319575,430309
20120926,11:00:00.000,BBG000DLVDK3,0.0025788865,-0.0154866455,548961
20120926,11:00:00.000,BBG000BFL116,0.019898193,-0.014616549,1535795
20120926,11:00:00.000,BBG000C1DHF5,-0.008927326,-0.03828191,1629865
20120926,11:00:00.000,BBG000BVHBM1,0.0058634765,-0.04169585,1457111
20120926,11:00:00.000,BBG000BGVW60,0.0025239836,0.009115877,822185
20120926,11:00:00.000,BBG000BPQD31,-0.00012588465,-0.010328258,629447
20120926,11:00:00.000,BBG000H1F895,-0.02298582,-0.052644633,983532
20120926,11:00:00.000,BBG000K82ZT8,0.008330769,-0.011947911,724011
20120926,11:00:00.000,BBG000DNTSP4,-0.0039989688,-0.007173478,918889
20120926,11:00:00.000,BBG000F15NW9,0.009245916,0.0005962747,539065
20120926,11:00:00.000,BBG000BPT0C6,0.0017401631,-0.011147895,270599
20120926,11:00:00.000,BBG000B9WJ73,0.023498898,-0.006425472,3750301
20120926,11:00:00.000,BBG000BDXGP9,0.005529414,0.006203332,1087483
20120926,11:00:00.000,BBG000BSD7C2,-0.0045471927,-0.0025837368,236140
20120926,11:00:00.000,BBG000BSLZY7,0.004441895,-0.0069848904,4279883
20120926,11:00:00.000,BBG000BKZTP3,0.0023714015,-0.009351615,1224270
20120926,11:00:00.000,BBG000BF1R66,-0.0016952978,-0.0009210785,305199
20120926,11:00:00.000,BBG000HW5GX3,0.00080476515,-0.019514091,1242945
20120926,11:00:00.000,BBG000C0F570,0.0007493677,-0.014790651,738784
20120926,11:00:00.000,BBG000BP1Q11,0.0041085742,-0.0044392454,407750
20120926,11:00:00.000,BBG000BMQPL1,0.0052802637,-0.0056977468,3046696
20120926,11:00:00.000,BBG000M65M61,0.004046859,0.004537327,1384015
20120926,11:00:00.000,BBG000BM7HL0,0.004171504,-0.020075904,846951
20120926,11:00:00.000,BBG000BJ49H3,-0.0016827143,-0.016958425,305812
20120926,11:00:00.000,BBG000JBN3X6,0.02124895,0.01359857,1393218
20120926,11:00:00.000,BBG000NSQ9M0,-0.0012812477,-0.019196933,2659277
20120926,11:00:00.000,BBG000BTVJ25,-0.0018008525,-0.0022683695,673844
20120926,11:00:00.000,BBG000BBCDZ2,-0.010876906,-0.022667257,444493
20120926,11:00:00.000,BBG000BNGTQ7,0.0005582413,-0.006690167,437180
20120926,11:00:00.000,BBG000BGKHZ3,0.00012381704,-0.011086916,487365
20120926,11:00:00.000,BBG000BL9439,2.5742329e-05,0.0030458355,363970
20120926,11:00:00.000,BBG000H9G7X2,-0.0001562503,-0.014606122,719881
20120926,11:00:00.000,BBG000BK67C7,0.0056235855,0.005566918,471726
20120926,11:00:00.000,BBG000FV1Z23,0.0031992358,-0.0025921061,269882
20120926,11:00:00.000,BBG000BV7LP7,-0.011485576,-0.025053436,1994659
20120926,11:00:00.000,BBG000CR90K4,0.030274227,0.012112077,16287726
20120926,11:00:00.000,BBG000BL9JQ1,0.002946027,-0.01749165,745789
20120926,11:00:00.000,BBG000BF2KK4,0.007283441,-0.001549962,149956
20120926,11:00:00.000,BBG000GLBN48,-0.0045606443,-0.013883824,274031
20120926,11:00:00.000,BBG000BB6M98,0.0028563847,0.0036102545,343951
20120926,11:00:00.000,BBG000BXMFC3,-0.02741905,-0.06025861,1969083
20120926,11:00:00.000,BBG000BSXQV7,-0.0033390296,-0.004464372,218863
20120926,11:00:00.000,BBG000MDCQC2,-0.0052643125,-0.0025753973,854235
20120926,11:00:00.000,BBG000BRJ809,0.0029957176,-0.0067807245,140398
20120926,11:00:00.000,BBG000DKCC19,0.016582623,0.010053099,1568187
20120926,11:00:00.000,BBG000BFMBQ6,0.0050486987,-0.002561511,413723
20120926,11:00:00.000,BBG000BQ2C28,0.008081018,0.004485013,405050
20120926,11:00:00.000,BBG000BMTFR4,0.012925817,-0.0068296203,853278
20120926,11:00:00.000,BBG000BHLYP4,0.002848513,-0.0034975882,502061
20120926,11:00:00.000,BBG000BNFLM9,-0.0029615553,-0.021032894,1137499
20120926,11:00:00.000,BBG000NV1KK7,0.006590054,0.004174243,996901
20120926,11:00:00.000,BBG000FBK808,-0.012224423,-0.034493342,1605392
20120926,11:00:00.000,BBG000R0L5J4,-0.0118245315,-0.027869375,354766
20120926,11:00:00.000,BBG000BZTW70,-0.007469638,-0.039284047,2911614
20120926,11:00:00.000,BBG000BLM0V1,,,334704
20120926,11:00:00.000,BBG000BTQR96,0.004323624,-0.0127874855,414439
20120926,11:00:00.000,BBG000BH5DV1,0.010994993,-0.004145695,1187116
20120926,11:00:00.000,BBG000BLBXT4,-0.007148518,-0.014143317,315843
20120926,11:00:00.000,BBG000KLB4Q1,-0.016297018,-0.047669757,3011751
20120926,11:00:00.000,BBG000BR3KL6,0.00087714405,-0.015445507,379889
20120926,11:00:00.000,BBG000BB9KF2,-0.004670855,0.0040571927,467553
20120926,11:00:00.000,BBG000BVDLH9,0.004402282,-0.0033036566,334643
20120926,11:00:00.000,BBG000C0MF34,0.0014862344,-0.0007150209,192189
20120926,11:00:00.000,BBG000FVXD63,0.00692403,-0.0059614223,316918
20120926,11:00:00.000,BBG000CGQ6M4,-0.013265077,-0.017496862,506130
20120926,11:00:00.000,BBG000BJSBJ0,0.0016755073,0.008908679,677099
20120926,11:00:00.000,BBG000BFTJ91,-0.0034779275,-0.012036098,533607
20120926,11:00:00.000,BBG000BSC0K9,0.005880099,-3.5842663e-07,433043
20120926,11:00:00.000,BBG000BWXL85,0.006449693,-0.018332029,848190
20120926,11:00:00.000,BBG000QY3XZ2,0.00677672,-0.016424363,672382
20120926,11:00:00.000,BBG000BCWCG1,0.00377213,-0.008857465,2366833
20120926,11:00:00.000,BBG000CKVSG8,0.018614797,-1.9857683e-07,2420617
20120926,11:00:00.000,BBG000JN8R00,0.0031527602,-0.0208366,558848
20120926,11:00:00.000,BBG000BBBNC6,-0.004631757,-0.025013274,1042258
20120926,11:00:00.000,BBG000JG0547,0.0013007943,-0.0030829932,878003
20120926,11:00:00.000,BBG000R7Z112,0.0057531246,0.005546349,1782642
20120926,11:00:00.000,BBG000D898T9,0.0029864232,0.0029473722,1264689
20120926,11:00:00.000,BBG000Q3JN03,-0.0034313262,-0.017993243,3967963
20120926,11:00:00.000,BBG000BRJL00,-0.0060146307,0.0031046518,1526946
20120926,11:00:00.000,BBG000C2V3D6,0.006401233,-0.010823958,1051283
20120926,11:00:00.000,BBG000G30YX4,-0.005966146,-0.01518341,328748
20120926,11:00:00.000,BBG000G0Z878,0.008290527,-0.011699701,1774409
20120926,11:00:00.000,BBG000BKXBV7,-0.011445068,-0.0226054,3973075
20120926,11:00:00.000,BBG000BJ98Z0,-0.00040597975,-0.013182805,3169323
20120926,11:00:00.000,BBG000BR14K5,0.007214703,0.0069948426,546183
20120926,11:00:00.000,BBG000BGYWY6,0.0069695963,0.005270878,351199
20120926,11:00:00.000,BBG000BCGY17,0.0012660752,0.005422593,331219
20120926,11:00:00.000,BBG000BV75B7,0.00097356684,-0.01776869,509612
20120926,11:00:00.000,BBG000CXD6X9,0.00146748,-0.0062954384,648292
20120926,11:00:00.000,BBG000BWVSR1,-0.006430823,-0.0049851798,985832
20120926,11:00:00.000,BBG000BVPPM1,-0.008601816,-0.027165206,969739
20120926,11:00:00.000,BBG000BBMSJ6,-0.004894809,-0.02412385,943747
20120926,11:00:00.000,BBG000CHPY97,0.010524984,-0.00548847,825796
20120926,11:00:00.000,BBG000C3GN47,0.012085899,-0.0053830747,650173
20120926,11:00:00.000,BBG000BYYLS8,0.0018149446,-0.0060285367,1144673
20120926,11:00:00.000,BBG000DTMH63,,,788094
20120926,11:00:00.000,BBG000PVRDL2,-0.013671328,-0.036442377,3169161
20120926,11:00:00.000,BBG000DQTXY6,0.0023283323,-0.049666315,3246558
20120926,11:00:00.000,BBG000JF5CV9,0.017466446,-0.0035705066,1063448
20120926,11:00:00.000,BBG000CJZ2W6,-0.020327466,-0.041116707,962233
20120926,11:00:00.000,BBG000K14Q84,-0.01274766,-0.039725643,1644669
20120926,11:00:00.000,BBG000BH3JF8,0.00732611,0.0006420077,1204420
20120926,11:00:00.000,BBG000BTKGG8,0.0070492243,-0.0070909923,2211787
20120926,11:00:00.000,BBG000BB5006,0.006236536,-0.0121637555,1292982
20120926,11:00:00.000,BBG000BSBZH7,-0.0017142917,-0.001776539,461142
20120926,11:00:00.000,BBG000BM6788,-0.008176987,-0.024154697,1002838
20120926,11:00:00.000,BBG000BQ5DS5,-0.004846474,-0.0076032444,1075624
20120926,11:00:00.000,BBG000BB6WG8,-0.009176736,-0.013379306,1487377
20120926,11:00:00.000,BBG000BRK7L6,-0.0021203288,-0.019345127,1268359
20120926,11:00:00.000,BBG000BMY992,0.0011165604,-0.0012779274,1457874
20120926,11:00:00.000,BBG000FKJRC5,-0.017416295,-0.024835363,599292
20120926,11:00:00.000,BBG000C1BW00,0.009699787,0.008196479,392949
20120926,11:00:00.000,BBG000DY8ZS4,0.011295632,-0.019881058,3387551
20120926,11:00:00.000,BBG000BY33P5,-0.021631679,-0.039182972,2374969
20120926,11:00:00.000,BBG000BKLH74,-0.003602792,-0.010711305,1340636
20120926,11:00:00.000,BBG000BMF5J0,-0.022663862,-0.040932428,2827731
20120926,11:00:00.000,BBG000CSY9H9,0.0107223885,0.004597569,1121197
20120926,11:00:00.000,BBG000CPQZ77,-0.012045569,-0.0189518,507525
20120926,11:00:00.000,BBG000CS7CT9,0.005489874,-0.0008790466,646715
20120926,11:00:00.000,BBG000BC9938,-0.008421749,-0.0336907,959618
20120926,11:00:00.000,BBG000BBJQV0,-0.004973098,-0.026855206,3427229
20120926,11:00:00.000,BBG000FQ6PY6,0.000863324,-0.021683943,409869
20120926,11:00:00.000,BBG000PM7GJ0,0.011612325,-0.015302204,6959792
20120926,11:00:00.000,BBG000GC80B4,0.010981558,0.004618831,597710
20120926,11:00:00.000,BBG000DYGNW7,0.00067975075,0.0044496767,404311
20120926,11:00:00.000,BBG000HCJMF9,-0.010416258,-0.03058935,1354825
20120926,11:00:00.000,BBG000C17X76,0.01995113,0.018871017,705621
20120926,11:00:00.000,BBG000BMDV41,0.0036572786,-0.012006731,998670
20120926,11:00:00.000,BBG000TWC2V5,0.0066062883,0.0056365468,329745
20120926,11:00:00.000,BBG000BBPFB9,0.004679684,-0.014355892,2771786
20120926,11:00:00.000,BBG000BLKK03,-0.005260361,-0.014953389,520832
20120926,11:00:00.000,BBG000R8ZVD1,0.011444919,-0.0021936463,511599
20120926,11:00:00.000,BBG000BD8PN9,0.007430757,-0.004859501,1777725
20120926,11:00:00.000,BBG000BBDV81,0.002019418,-0.010234329,485555
20120926,11:00:00.000,BBG000BCVJ77,-0.013474887,-0.016032081,1910298
20120926,11:00:00.000,BBG000BJL3N0,0.0058177966,-0.003888771,4132620
20120926,11:00:00.000,BBG000BZ2GG4,-0.0036213505,-0.027907986,604297
20120926,11:00:00.000,BBG000BKFBD7,-0.005691147,-0.015578342,954833
20120926,11:00:00.000,BBG000BJ2VQ6,0.003986493,-0.016692754,725836
20120926,11:00:00.000,BBG000BKFZM4,-0.002832455,-0.019327516,3826325
20120926,11:00:00.000,BBG000QBR5J5,0.0027228692,-0.0095652975,1263991
20120926,11:00:00.000,BBG000BJPDZ1,-0.001112154,-0.00954682,51917
20120926,11:00:00.000,BBG000BH5LT6,0.00076024944,-0.021104276,1341814
20120926,11:00:00.000,BBG000MBDGM6,0.022330385,0.00149072,264934
20120926,11:00:00.000,BBG000LD9JQ8,-0.0039551947,-0.013785907,321793
20120926,11:00:00.000,BBG000BTR593,0.0019810554,-0.010661945,1131983
20120926,11:00:00.000,BBG000BVMGF2,-0.0021651648,-0.008513796,887564
20120926,11:00:00.000,BBG000FJLFX8,-0.007117163,-0.017044557,1458092
20120926,11:00:00.000,BBG000BWNFZ9,0.006501498,-0.02715352,1217730
20120926,11:00:00.000,BBG000BR54L0,-0.00544135,-0.06349165,7921055
20120926,11:00:00.000,BBG000BCBCM7,-0.023535972,-0.044459946,8959878
20120926,11:00:00.000,BBG000BM5SR2,0.009482168,-0.010004036,1382521
20120926,11:00:00.000,BBG000BJ81C1,-0.008277155,-0.009349281,661300
20120926,11:00:00.000,BBG001DCCGR8,-0.0040242216,-0.02236924,1076683
20120926,11:00:00.000,BBG000H89QJ6,0.0004786662,-0.008078493,707495
20120926,11:00:00.000,BBG000F6H8W8,-0.0010456569,-0.0007391361,478208
20120926,11:00:00.000,BBG000BS0ZF1,-0.0055944775,-0.013039584,177902
20120926,11:00:00.000,BBG000BVWLJ6,-0.0014714932,-0.0058355527,1235274
20120926,11:00:00.000,BBG000BGJRC8,-0.0043704887,-0.009449468,1849417
20120926,11:00:00.000,BBG000BT9DW0,-0.003965699,0.008306548,1106082
20120926,11:00:00.000,BBG000BXRPH1,0.0028302814,-0.019614344,837576
20120926,11:00:00.000,BBG000C7LMS8,0.013180637,0.015083072,447314
20120926,11:00:00.000,BBG00286S4N9,0.0003408,-0.013262561,977880
20120926,11:00:00.000,BBG000BH2JM1,-0.0020709583,-0.022142177,2495449
20120926,11:00:00.000,BBG000BRD0D8,-8.546817e-05,-0.0073592914,891972
20120926,11:00:00.000,BBG000BJF1Z8,-0.0023792635,-0.006680402,667162
20120926,11:00:00.000,BBG000BHQ1H0,0.010651113,0.0057545872,701623
20120926,11:00:00.000,BBG000BN5HF7,-0.0055459654,-0.049758554,3389326
20120926,11:00:00.000,BBG000B9WH86,-0.006195331,-0.019241534,6604716
20120926,11:00:00.000,BBG000C5Z1S3,-0.0062187393,-0.0327599,11500187
20120926,11:00:00.000,BBG000D9D830,0.002324415,-0.008085354,832666
20120926,11:00:00.000,BBG000JWD753,0.0047859238,-0.0069176233,2704911
20120926,11:00:00.000,BBG000BKCFC2,-0.0059581483,-0.0014960371,1378456
20120926,11:00:00.000,BBG000BWVCP8,-0.012352522,-0.023305837,1548545
20120926,11:00:00.000,BBG000BBD070,-0.011133313,-0.030313972,1675104
20120926,11:00:00.000,BBG000BMBL90,-0.0047159493,-0.013304325,735900
20120926,11:00:00.000,BBG000BNWG87,0.0048620906,-0.00069229817,1463323
20120926,11:00:00.000,BBG000BCG930,-0.01025642,-0.02205678,879665
20120926,11:00:00.000,BBG000BHX7N2,-0.0032410426,-0.009524639,1022622
20120926,11:00:00.000,BBG000BX3TD3,0.0058431546,-0.015718736,3287303
20120926,11:00:00.000,BBG000BH23R1,-0.004348533,-0.016040193,5109151
20120926,11:00:00.000,BBG000BBVJZ8,-0.0054757595,-0.017567273,532354
20120926,11:00:00.000,BBG000BJ3PD2,0.0122299595,-0.0035707934,1117705
20120926,11:00:00.000,BBG000BFQYY3,0.0078730285,0.008199137,445056
20120926,11:00:00.000,BBG000BMW2Z0,-0.0011455269,0.0012279069,366062
20120926,11:00:00.000,BBG000CXYSZ6,-0.0038336436,-0.027141038,417874
20120926,11:00:00.000,BBG000H556T9,-0.0016205878,-0.0085983565,1135374
20120926,11:00:00.000,BBG000J6XT05,-0.0059860274,0.0036495458,1140188
20120926,11:00:00.000,BBG000C8H633,-0.0036048898,-0.019976692,2071012
20120926,11:00:00.000,BBG000FP1N32,-0.016963344,-0.038053505,3490668
20120926,11:00:00.000,BBG000BD4VG8,-0.0010238603,-0.02247924,1097091
20120926,11:00:00.000,BBG000C496P7,-0.0025134454,-0.01815922,2679430
20120926,11:00:00.000,BBG000FG3C43,-0.011326983,-0.0388646,2571234
20120926,11:00:00.000,BBG000DHSPT0,-0.0044197734,-0.016349109,1144129
20120926,11:00:00.000,BBG000FW00S1,0.0044335998,-0.022297358,2578218
20120926,11:00:00.000,BBG000BFC8J2,0.010694569,0.00532008,819286
20120926,11:00:00.000,BBG000BZ9223,0.0003595929,-0.017033154,293484
20120926,11:00:00.000,BBG000GFFQN9,0.0026695093,-0.005103573,5388775
20120926,11:00:00.000,BBG000G2R6M0,0.0057528825,-0.011650497,1911732
20120926,11:00:00.000,BBG000FL1TC8,-0.0011582705,-0.011984549,871760
20120926,11:00:00.000,BBG000BGKTF9,-0.0007081899,-0.012876494,1260888
20120926,11:00:00.000,BBG000BB6KF5,-0.007648576,-0.029373812,2693557
20120926,11:00:00.000,BBG000BGLRN3,-0.0076306215,-0.0069138217,994319
20120926,11:00:00.000,BBG000Q9HH23,-0.008458445,-0.026446447,814378
20120926,11:00:00.000,BBG000BV8DN6,0.00840607,0.008171586,1648271
20120926,11:00:00.000,BBG000BFXHL6,0.0008329278,-0.009467327,1339043
20120926,11:00:00.000,BBG000C46HM9,-0.002213266,-0.013239582,1581456
20120926,11:00:00.000,BBG000BFRF55,0.0016745103,-0.02567063,2603936
20120926,11:00:00.000,BBG000BNBDC2,-0.0009178071,-0.005901562,1375694
20120926,11:00:00.000,BBG000BH13K9,0.0033074801,-0.0027742204,1150031
20120926,11:00:00.000,BBG000BGPTV6,0.010907262,-0.009790828,810667
20120926,11:00:00.000,BBG000QX74T1,-0.006937351,-0.023780482,426035
20120926,11:00:00.000,BBG000BWJFZ4,0.015643395,0.00020991461,256809
20120926,11:00:00.000,BBG000BWLMJ4,-0.0003346335,-0.0052683665,1794394
20120926,11:00:00.000,BBG000BW3299,-0.008499423,-0.0114642875,696808
20120926,11:00:00.000,BBG000BFDXW1,-0.0009739016,-0.02140913,2757005
20120926,11:00:00.000,BBG000BC2C10,0.010348509,-0.003283645,987369
20120926,11:00:00.000,BBG000BVV7G1,-0.012506846,-0.03054841,5475876
20120926,11:00:00.000,BBG000BPWXK1,-0.0060027097,-0.019609861,2176881
20120926,11:00:00.000,BBG000BBGGQ1,-0.013892009,-0.031463824,2523468
20120926,11:00:00.000,BBG000BHBK84,0.00019067446,-0.0125589315,2812689
20120926,11:00:00.000,BBG000BJX8C8,-0.0005914835,-0.018080968,859550
20120926,11:00:00.000,BBG000H8TVT2,-0.0071089757,-0.0073021473,849407
20120926,11:00:00.000,BBG000BTZQC4,0.006961079,-0.0049651302,1612462
20120926,11:00:00.000,BBG000BP52R2,0.00028072737,-0.001346455,819867
20120926,11:00:00.000,BBG000C5HS04,-0.003815573,-0.0021556881,761213
20120926,11:00:00.000,BBG000BH3GZ2,-0.0006922111,-0.011163568,710261
20120926,11:00:00.000,BBG000F1ZSQ2,0.0045042625,-0.005735361,104821
20120926,11:00:00.000,BBG000C15T95,0.0036023713,0.00023874677,842249
20120926,11:00:00.000,BBG000BFWKC0,-0.00364023,-0.009174091,551765
20120926,11:00:00.000,BBG000CL9VN6,0.028833484,0.00929641,1575587
20120926,11:00:00.000,BBG000F0KF42,0.00035017446,-0.03612768,2542099
20120926,11:00:00.000,BBG000C240W1,0.0040024812,-0.01987352,15152359
20120926,11:00:00.000,BBG000L9CV04,-0.0022833478,-0.001179675,1226504
20120926,11:00:00.000,BBG000BC40Y8,0.00018958391,-0.0142410295,1261415
20120926,11:00:00.000,BBG000BL4504,-0.0029218106,-0.028279698,4445457
20120926,11:00:00.000,BBG000BB07P9,0.000942251,-0.015748916,3848782
20120926,11:00:00.000,BBG000BBDZG3,-0.004363807,-0.024165418,13800375
20120926,11:00:00.000,BBG000BY29C7,0.0012188111,-0.011740458,2081456
20120926,11:00:00.000,BBG000DWG505,0.004141866,0.004990127,971969
20120926,11:00:00.000,BBG000BCQZS4,-0.007701461,-0.015580299,1420779
20120926,11:00:00.000,BBG000CKGBP2,-0.012014825,-0.015761042,2820420
20120926,11:00:00.000,BBG000BHGDH5,-0.006277495,0.0059080482,1031991
20120926,11:00:00.000,BBG000FFDM15,-0.0021289552,-0.004275239,2444167
20120926,11:00:00.000,BBG000BWXBC2,0.0017832577,0.0018852608,1373637
20120926,11:00:00.000,BBG000BGRY34,0.008817204,0.0056703375,2372982
20120926,11:00:00.000,BBG000BN2DC2,-0.012098867,-0.035651106,740969
20120926,11:00:00.000,BBG000BH1NH9,0.0052096904,-0.009790682,1071191
20120926,11:00:00.000,BBG000F0PF65,-0.0009019373,-0.01222102,2311413
20120926,11:00:00.000,BBG000BW8S60,0.001246756,-0.0036192448,1389117
20120926,11:00:00.000,BBG000BCSST7,0.005961788,0.007566022,1392635
20120926,11:00:00.000,BBG000CH5208,0.00047350215,-0.0039146054,1733610
20120926,11:00:00.000,BBG000BQQ2S6,0.0060880356,-0.008086533,932380
20120926,11:00:00.000,BBG000BLZRJ2,0.0068242727,-0.018055992,7409491
20120926,11:00:00.000,BBG000BP6LJ8,-0.0026738783,0.0038206065,1718752
20120926,11:00:00.000,BBG000DWYF03,-0.0006925508,-0.011054022,3629216
20120926,11:00:00.000,BBG000BQPC32,-0.004798497,-0.01586526,16902616
20120926,11:00:00.000,BBG000BBS2Y0,0.0029509382,0.0019684415,1707027
20120926,11:00:00.000,BBG000CTQBF3,-0.0011861162,-0.013854712,2119832
20120926,11:00:00.000,BBG000DQLV23,-0.0036554604,-0.0073539517,2849296
20120926,11:00:00.000,BBG000KHWT55,-0.005059096,-0.023332432,9482237
20120926,11:00:00.000,BBG000BNDN65,0.006581236,0.0010099172,4509563
20120926,11:00:00.000,BBG000B9ZXB4,-0.0019275282,-0.003592704,1805534
20120926,11:00:00.000,BBG000DH7JK6,-0.0015353705,0.006255646,1298346
20120926,11:00:00.000,BBG000BH4R78,-0.0074806735,-0.0146489395,2375179
20120926,11:00:00.000,BBG000BQQH30,0.0025004672,-0.008188973,2094029
20120926,11:00:00.000,BBG000PSKYX7,-0.0019680238,-0.012259812,726742
20120926,11:00:00.000,BBG000C6CFJ5,0.0013876818,-0.01320687,1601126
20120926,11:00:00.000,BBG000BKTFN2,-0.012161999,-0.031928796,5259330
20120926,11:00:00.000,BBG000J2XL74,-0.00051184266,0.0034964995,1425458
20120926,11:00:00.000,BBG000BHVJJ3,-1.9183153e-05,-0.021358969,5017281
20120926,11:00:00.000,BBG000C43RR5,-2.6899066e-05,-0.013540263,3893486
20120926,11:00:00.000,BBG000BFT2L4,-0.0030682194,-0.012274558,3608468
20120926,11:00:00.000,BBG000D4LWF6,-0.00036391098,0.0016945237,3758768
20120926,11:00:00.000,BBG000BNSZP1,0.005173774,0.001615195,1483410
20120926,11:00:00.000,BBG000BT41Q8,0.0015361987,-0.0127918245,1547087
20120926,11:00:00.000,BBG000BKZB36,-0.0047659064,-0.0068648923,2741531
20120926,11:00:00.000,BBG000BPD168,0.004018193,0.00066484284,4528152
20120926,11:00:00.000,BBG000HS77T5,0.0028784734,0.0026300333,3308460
20120926,11:00:00.000,BBG000BQLTW7,-0.0071772006,-0.021089977,10726700
20120926,11:00:00.000,BBG000BVPV84,-0.006798953,-0.014717682,1176960
20120926,11:00:00.000,BBG000BJDB15,-0.000646303,-0.022892129,9026364
20120926,11:00:00.000,BBG000BMX289,0.0040059914,0.009552924,4471529
20120926,11:00:00.000,BBG000MM2P62,0.0021066773,-0.016769512,13809688
20120926,11:00:00.000,BBG000CGC1X8,0.005803792,-0.006859192,3964926
20120926,11:00:00.000,BBG000BLBVN4,-0.0041115545,-0.017329162,334263
20120926,11:00:00.000,BBG000BF0K17,0.0020388602,-0.013902681,3044893
20120926,11:00:00.000,BBG000BR2TH3,-0.0018997717,0.00086236594,3416214
20120926,11:00:00.000,BBG000K4ND22,0.0011210128,-0.005088623,1792828
20120926,11:00:00.000,BBG000BR2B91,0.004717564,0.0024151441,8099367
20120926,11:00:00.000,BBG000C3J3C9,0.00042363425,-0.014481126,9768591
20120926,11:00:00.000,BBG000BLNNH6,0.004877865,-0.0032908728,960145
20120926,11:00:00.000,BBG000BWQFY7,0.0009048969,-0.0057592974,8087148
20120926,11:00:00.000,BBG000BMHYD1,-0.0007105994,-0.0007213295,3210945
20120926,11:00:00.000,BBG000BK6MB5,-0.0041360757,-0.009410523,12417984
20120926,11:00:00.000,BBG000BSJK37,0.006606455,0.006832081,6960408
20120926,11:00:00.000,BBG000C0G1D1,0.015618047,-0.00044363664,14672990
20120926,11:00:00.000,BBG000FY4S11,0.00089107594,-0.023422128,17022718
20120926,11:00:00.000,BBG000BCTLF6,0.002514547,-0.019047385,62687780
20120926,11:00:00.000,BBG000DMBXR2,0.0035081042,-0.012325815,9437928
20120926,11:00:00.000,BBG000BPH459,0.003239365,-0.0105279805,19208982
20120926,11:00:00.000,BBG000GZQ728,-0.0024859437,-0.005013005,3263761
20120926,11:00:00.000,BBG000BHSKN9,0.00094618596,-0.00823092,2152930
20120926,11:00:00.000,BBG000B9XRY4,0.00034382625,-0.017254476,8461561
20120926,11:15:00.000,BBG000BFVXX0,0.008431103,0.013268016,914014
20120926,11:15:00.000,BBG000M4SW14,-0.029774608,-0.043910194,294066
20120926,11:15:00.000,BBG000HS74G6,-0.0067256824,-0.008945063,177073
20120926,11:15:00.000,BBG000BJNGN9,-0.07206014,-0.095874116,5286466
20120926,11:15:00.000,BBG000FNRZ69,-0.0013413391,-0.015234559,2160072
20120926,11:15:00.000,BBG000BW2QX0,-0.005234549,-0.012425523,672946
20120926,11:15:00.000,BBG000BBV8B8,0.0030861094,-0.018923521,451383
20120926,11:15:00.000,BBG000DV7MX4,0.01983136,0.0032757444,3624998
20120926,11:15:00.000,BBG000BQ74K1,-1.9255816e-05,-0.0076647853,301149
20120926,11:15:00.000,BBG000BCYP43,0.0003331812,0.0003333124,65896
20120926,11:15:00.000,BBG000BW5YW1,0.01161177,-0.0259355,1012441
20120926,11:15:00.000,BBG000BLCL55,0.0031627303,-0.013850509,287823
20120926,11:15:00.000,BBG000CZWZ05,0.0021162801,-0.007324603,162776
20120926,11:15:00.000,BBG000NSCNT7,0.008910511,-0.004103563,888346
20120926,11:15:00.000,BBG000D14WM3,-0.012214745,-0.03538854,2724431
20120926,11:15:00.000,BBG000BK5DP1,0.009544628,-0.008808168,1223333
20120926,11:15:00.000,BBG000PCNTM2,-0.0033260644,-0.01576417,176307
20120926,11:15:00.000,BBG000BBB3K1,-0.00082258694,0.005963965,428151
20120926,11:15:00.000,BBG000C2YHG9,-0.013682005,-0.02808538,764802
20120926,11:15:00.000,BBG000RGM5P1,-0.010258354,-0.025353307,1061995
20120926,11:15:00.000,BBG000BQ87N0,0.0035260704,0.009985432,374814
20120926,11:15:00.000,BBG000BD0TF8,0.0024479416,-0.007452311,215143
20120926,11:15:00.000,BBG000BDG1Y1,0.0013699164,-0.010513772,411222
20120926,11:15:00.000,BBG000BHC2S1,0.004765157,-0.010170529,184199
20120926,11:15:00.000,BBG000BCHG15,0.0030058834,-0.0041853036,316345
20120926,11:15:00.000,BBG000CLVM51,-0.0007217051,-0.009487889,70003
20120926,11:15:00.000,BBG000BBCQD7,0.0034072325,-0.008097569,402288
20120926,11:15:00.000,BBG000BB03M1,0.0124251535,-0.0029106573,432807
20120926,11:15:00.000,BBG000BQC9V2,0.018346896,0.006804612,1446677
20120926,11:15:00.000,BBG000D5S4M0,-0.0052717268,-0.013922893,199826
20120926,11:15:00.000,BBG000BB9RZ5,0.01514229,-0.000114642105,131544
20120926,11:15:00.000,BBG000DCCZW2,-0.00091512373,-0.021684986,323538
20120926,11:15:00.000,BBG000BS5170,-0.0059441677,-0.012800619,408522
20120926,11:15:00.000,BBG000BLMZK6,-0.0029331408,-0.005972676,539675
20120926,11:15:00.000,BBG000BB5BF6,-0.002788298,-0.009571711,1503195
20120926,11:15:00.000,BBG000BLXZN1,0.0034574342,-0.014846705,100557
20120926,11:15:00.000,BBG000FQRVM3,0.00031494236,-0.002496623,117330
20120926,11:15:00.000,BBG000BGFLL5,-8.6721775e-05,-0.0092536695,856851
20120926,11:15:00.000,BBG000BJ5GK2,0.0043482925,0.0029133423,246080
20120926,11:15:00.000,BBG000BWP7D9,0.005555648,0.009356784,890538
20120926,11:15:00.000,BBG000BPQVR5,0.0031614562,-0.010358485,194959
20120926,11:15:00.000,BBG000DGPR66,-0.010448956,-0.016499056,313555
20120926,11:15:00.000,BBG000BRZBT3,-0.004550456,-0.021824418,751556
20120926,11:15:00.000,BBG000BWBZN1,-0.0012737534,-0.005642673,284910
20120926,11:15:00.000,BBG000BFS7D3,0.008967965,0.01428652,243513
20120926,11:15:00.000,BBG000C23KJ3,-0.00673855,-0.0081405165,2836191
20120926,11:15:00.000,BBG001QD41M9,-0.0017443016,-0.0151393805,329674
20120926,11:15:00.000,BBG000M44VW8,-0.0055644093,-0.03473343,592254
20120926,11:15:00.000,BBG000BSJTT0,0.008877923,-0.010516942,1339154
20120926,11:15:00.000,BBG000C9W1Y1,0.0028620423,0.00041763714,757529
20120926,11:15:00.000,BBG000DHNDK1,,,582968
20120926,11:15:00.000,BBG000BN9WT5,0.0038056406,-0.009445012,477638
20120926,11:15:00.000,BBG000BBMT95,0.0039622197,-0.0051998803,648561
20120926,11:15:00.000,BBG000BJVZF7,0.0077617313,0.0037379083,932669
20120926,11:15:00.000,BBG000BPZBB6,0.002258747,0.00235145,653429
20120926,11:15:00.000,BBG000R57L13,0.008334368,-0.018814325,1441135
20120926,11:15:00.000,BBG000C1FB75,0.00412279,-0.0004072324,65890
20120926,11:15:00.000,BBG000BF6LY3,-0.0075289966,-0.010782886,2447814
20120926,11:15:00.000,BBG000F6ZWH2,0.009695656,-0.00814357,291504
20120926,11:15:00.000,BBG000BP7JB0,-0.009258849,-0.030781712,1872826
20120926,11:15:00.000,BBG000RNTSX0,0.005696842,-0.013747005,167402
20120926,11:15:00.000,BBG000BCTQ65,0.004403142,0.01085169,711769
20120926,11:15:00.000,BBG000C4DPX1,0.0044398224,-0.013634356,708240
20120926,11:15:00.000,BBG000TJM7F0,0.0014052736,0.0053793755,255498
20120926,11:15:00.000,BBG0016WLQ18,-0.011320498,-0.026047308,847871
20120926,11:15:00.000,BBG000CNFQW6,0.002657061,-0.0011562124,88939
20120926,11:15:00.000,BBG000BMZ7P7,-0.009217121,-0.016962456,129175
20120926,11:15:00.000,BBG000BLDV98,-0.0039366637,0.0017700698,752332
20120926,11:15:00.000,BBG000BKWSR6,0.0048155766,-0.0029346799,1751544
20120926,11:15:00.000,BBG000MQ1SN9,0.005683734,0.0061332104,211837
20120926,11:15:00.000,BBG000C75N77,0.0046278443,-0.0019498629,516028
20120926,11:15:00.000,BBG000C2ZCH8,0.00038794216,0.004656601,296495
20120926,11:15:00.000,BBG000BVB8Q0,0.012688547,-0.003702542,1450636
20120926,11:15:00.000,BBG000G6BN50,-0.012251732,-0.022900062,125172
20120926,11:15:00.000,BBG000BL79J3,-0.004048909,-0.009885499,771108
20120926,11:15:00.000,BBG000BKXFN7,-0.0047925166,-0.027786408,1578818
20120926,11:15:00.000,BBG000BD3LM4,0.001295431,-0.01930581,1139790
20120926,11:15:00.000,BBG000F86GP6,0.0055801766,-0.0037142378,365088
20120926,11:15:00.000,BBG000BGXZB5,-0.009772455,-0.016945058,928398
20120926,11:15:00.000,BBG000BVMPN3,0.0049107205,-0.004050085,284197
20120926,11:15:00.000,BBG000D9DMK0,-0.0055095656,-0.0031805816,110188
20120926,11:15:00.000,BBG000FDBX90,-0.0032835188,-0.00046711916,922537
20120926,11:15:00.000,BBG000MM5VL9,-0.0035407396,-0.014465878,395086
20120926,11:15:00.000,BBG000BHCP19,0.0036400321,-0.008808098,479867
20120926,11:15:00.000,BBG000BX8DC4,0.00016328896,-0.006701247,295291
20120926,11:15:00.000,BBG000G3QLY3,0.008816743,-0.0042913267,418025
20120926,11:15:00.000,BBG000BDWKC5,0.0018480433,-0.010362481,1182385
20120926,11:15:00.000,BBG000BMRFF9,0.009199472,0.00022667834,232035
20120926,11:15:00.000,BBG000BT4T69,-0.003234568,-0.0071418206,549514
20120926,11:15:00.000,BBG000BRRG02,0.0014970406,-0.004312467,292259
20120926,11:15:00.000,BBG000BP0KQ8,-0.007078791,-0.02366855,2740219
20120926,11:15:00.000,BBG000RKR4R8,0.002725658,-0.018505214,3351372
20120926,11:15:00.000,BBG000C3HSR0,-0.009614124,-0.031002697,2376138
20120926,11:15:00.000,BBG000BKQ3V3,-0.003757228,-0.024632286,960159
20120926,11:15:00.000,BBG000CGT2S4,0.017142514,0.0073917294,683408
20120926,11:15:00.000,BBG000C1FQS9,-0.0026709386,0.0069395653,174022
20120926,11:15:00.000,BBG000FFH4P5,0.004631395,-0.008845395,146113
20120926,11:15:00.000,BBG000BF5RY1,-0.0035442873,-0.00454456,980595
20120926,11:15:00.000,BBG000BFNR17,0.0040068133,-0.006397135,141764
20120926,11:15:00.000,BBG000BR1W32,-0.022243561,-0.048836496,1171062
20120926,11:15:00.000,BBG001M8HHB7,-0.0063858363,-0.019108381,867508
20120926,11:15:00.000,BBG000BPNP00,-0.0027155697,-0.01796292,1128285
20120926,11:15:00.000,BBG000C0LW92,0.0016672297,-0.0053241667,1631961
20120926,11:15:00.000,BBG000K7PWX7,0.01981362,0.0014829083,597031
20120926,11:15:00.000,BBG000BQSQ38,-0.006293597,-0.010474193,1368186
20120926,11:15:00.000,BBG000BKXYX5,0.032897238,0.025860991,957375
20120926,11:15:00.000,BBG000BLHRS2,-0.004290809,-0.0006342062,127052
20120926,11:15:00.000,BBG000JYP7L8,0.01477584,0.00026442384,398885
20120926,11:15:00.000,BBG000PV2L86,-0.00930942,-0.009707913,149965
20120926,11:15:00.000,BBG000BTCH57,0.0052184677,0.0042344383,679208
20120926,11:15:00.000,BBG000BBNYF6,0.008049779,-0.0022378655,319240
20120926,11:15:00.000,BBG000BPL8X4,0.00018759634,-0.0008655235,528004
20120926,11:15:00.000,BBG000BLCPY4,0.01123879,-0.01307766,577817
20120926,11:15:00.000,BBG000BNC3Y9,0.0018971971,-0.019369617,713917
20120926,11:15:00.000,BBG000BT9T73,0.0012471067,-0.02271098,2278459
20120926,11:15:00.000,BBG000BC15S7,0.0012470122,0.0018301997,182735
20120926,11:15:00.000,BBG000BKNX95,-0.0007420122,-0.017276725,1338707
20120926,11:15:00.000,BBG000C90DH9,0.0017440948,-0.015117955,910070
20120926,11:15:00.000,BBG000C7B436,-0.0025872104,-0.032265805,913999
20120926,11:15:00.000,BBG000BK6G19,-0.005239491,-0.02034126,375705
20120926,11:15:00.000,BBG000BX5ZF5,-0.0025925545,-0.021623593,4944767
20120926,11:15:00.000,BBG000BGD7W6,-0.0033352599,-0.004087453,940600
20120926,11:15:00.000,BBG000BVSX05,-0.0016558882,-0.020847008,781181
20120926,11:15:00.000,BBG000CKJ0P3,-0.0016988983,-0.0060311593,269357
20120926,11:15:00.000,BBG000BNJHS8,-0.002372164,0.0033916035,1181749
20120926,11:15:00.000,BBG000BQZMH4,0.0015180826,0.0069107697,427697
20120926,11:15:00.000,BBG000DN7P92,0.002561638,-0.00085115456,269755
20120926,11:15:00.000,BBG000BKPL53,0.0027692309,-0.0025424582,317996
20120926,11:15:00.000,BBG000BB2DM7,0.0022390245,-0.010304443,4089884
20120926,11:15:00.000,BBG000BJDPC2,0.01836386,0.01883945,440501
20120926,11:15:00.000,BBG000BJ8YN7,-0.0038576552,-0.015363305,502052
20120926,11:15:00.000,BBG000BPVCR1,-0.036851905,-0.05282218,3498660
20120926,11:15:00.000,BBG000PCQQL6,0.0023381847,-0.0077158324,665528
20120926,11:15:00.000,BBG000C2BXK4,-0.00087273715,-0.004778002,2021739
20120926,11:15:00.000,BBG000F9KJN4,-0.0034679195,-0.019552328,830486
20120926,11:15:00.000,BBG000BNNYW1,-0.002263324,-0.0044998657,695795
20120926,11:15:00.000,BBG000C734W3,-0.0028062973,-0.015473341,231673
20120926,11:15:00.000,BBG000D7RKJ5,-0.0021243119,0.008023708,364542
20120926,11:15:00.000,BBG000G8N9C6,-0.0012993573,-0.004917784,440477
20120926,11:15:00.000,BBG000BRXP69,0.0019802253,-0.0039255205,171732
20120926,11:15:00.000,BBG000NDYB67,-0.0008014476,-0.014446558,3921088
20120926,11:15:00.000,BBG000BHZ5J9,0.007053605,-0.0008757208,132994
20120926,11:15:00.000,BBG000BHKYH4,0.006202161,0.0072899954,477855
20120926,11:15:00.000,BBG000D2M0Z7,0.0056173787,0.001961934,168963
20120926,11:15:00.000,BBG000CHWP52,0.008570893,-0.003079087,393134
20120926,11:15:00.000,BBG0029SNR63,0.015330364,0.0009552387,2518175
20120926,11:15:00.000,BBG000BNNKG9,-0.0031035994,-0.027661456,3134037
20120926,11:15:00.000,BBG000BP4MH0,0.005275248,0.0064868787,954498
20120926,11:15:00.000,BBG000BHLYS1,0.006284402,0.014289057,953633
20120926,11:15:00.000,BBG000BFJ645,-0.008291895,-0.012304891,7505115
20120926,11:15:00.000,BBG000BC4JJ4,-0.0059171845,-0.0103166355,369155
20120926,11:15:00.000,BBG000BVVQQ8,-0.0034733769,-0.016933164,848575
20120926,11:15:00.000,BBG000DLFM21,0.0036915608,-0.0075682695,275081
20120926,11:15:00.000,BBG000BP1152,-0.017329313,-0.03807359,1620902
20120926,11:15:00.000,BBG000H50PN8,0.0045640348,-0.0055006403,491642
20120926,11:15:00.000,BBG000CP95B7,0.005399933,0.00032924066,215352
20120926,11:15:00.000,BBG000BS9489,-0.005158267,-0.013163787,515556
20120926,11:15:00.000,BBG000KBQZ88,-0.0005618635,-0.0076913103,328877
20120926,11:15:00.000,BBG000C37332,-0.004792872,-0.02084775,211143
20120926,11:15:00.000,BBG000C2PW58,0.0096647,0.0022765344,126771
20120926,11:15:00.000,BBG000BKR1D6,0.013128555,0.00048372117,238155
20120926,11:15:00.000,BBG000BR37X2,-0.009248057,-0.0086387545,1206373
20120926,11:15:00.000,BBG000BWCKB6,0.006593276,0.0046280725,149602
20120926,11:15:00.000,BBG000BCZYD3,-0.0022294177,-0.0018355262,206608
20120926,11:15:00.000,BBG000BMKDM3,-0.0029013923,0.00048210876,411127
20120926,11:15:00.000,BBG000D3MB18,-0.001279398,-0.012226258,571639
20120926,11:15:00.000,BBG000BB1TH9,-0.0049953223,-0.014379764,538119
20120926,11:15:00.000,BBG000BQVTF5,-0.009782614,-0.024053397,869272
20120926,11:15:00.000,BBG000D1QCF1,-0.019830223,-0.035881083,956693
20120926,11:15:00.000,BBG000PX3XC0,-0.009089278,-0.026638588,666813
20120926,11:15:00.000,BBG000J1QLT0,0.010357492,0.0018647923,433790
20120926,11:15:00.000,BBG000BH8TT6,-0.017168619,-0.03192365,2062368
20120926,11:15:00.000,BBG000QRFNK2,-0.061801527,-0.075079516,4367309
20120926,11:15:00.000,BBG000BCNYT9,0.0026563923,-0.006335273,901213
20120926,11:15:00.000,BBG000BPMH90,-0.011173854,-0.023267701,358366
20120926,11:15:00.000,BBG000F7RCJ1,0.0047025066,-1.3988318e-07,177865
20120926,11:15:00.000,BBG000BB6G37,0.0008282287,-0.011665167,743202
20120926,11:15:00.000,BBG000BFDLV8,-3.520522e-05,-0.006348188,362095
20120926,11:15:00.000,BBG000WCFV84,0.0076487656,-0.006199472,1074764
20120926,11:15:00.000,BBG000BY2Y78,0.003659328,-0.008847776,601632
20120926,11:15:00.000,BBG000BXM6V2,-0.0096208975,-0.016744671,554348
20120926,11:15:00.000,BBG000FH8PX5,-0.0001644539,-0.0051090117,182688
20120926,11:15:00.000,BBG000BP8Z50,-0.0018316633,-0.012589704,492151
20120926,11:15:00.000,BBG000BQWPC5,0.0030825387,0.007736747,824255
20120926,11:15:00.000,BBG000BWSV34,-0.005119741,-0.030355848,463737
20120926,11:15:00.000,BBG000NDZ417,-0.010968631,-0.032086734,969639
20120926,11:15:00.000,BBG000BJQWD2,-0.0058117704,-0.02171903,690215
20120926,11:15:00.000,BBG000BB5373,0.01593675,0.007082354,1194744
20120926,11:15:00.000,BBG000BHB3M6,0.0014314535,-0.011500661,384202
20120926,11:15:00.000,BBG000BLW530,-0.0002885092,-0.0152663225,303269
20120926,11:15:00.000,BBG000D8RG11,-0.010503437,-0.016103432,1092335
20120926,11:15:00.000,BBG0019JZ882,-0.00013373012,-0.0050639017,1061851
20120926,11:15:00.000,BBG000R7RDB4,-0.018057132,-0.032706328,384522
20120926,11:15:00.000,BBG000BQ8KV2,0.0025306877,-0.00065847975,678876
20120926,11:15:00.000,BBG000BYWTX7,-0.004317306,-0.023796884,6215799
20120926,11:15:00.000,BBG000C1S2X2,-0.009536335,-0.020973824,487505
20120926,11:15:00.000,BBG000DLVDK3,0.004198521,-0.007843893,609779
20120926,11:15:00.000,BBG000BFL116,0.020611005,-0.008769953,1654454
20120926,11:15:00.000,BBG000C1DHF5,-0.0069883014,-0.034272708,1806100
20120926,11:15:00.000,BBG000BVHBM1,0.0024228892,-0.04507659,1844272
20120926,11:15:00.000,BBG000BGVW60,0.002120083,0.009305649,875658
20120926,11:15:00.000,BBG000BPQD31,-0.00044760972,-0.008675734,678320
20120926,11:15:00.000,BBG000H1F895,-0.021361813,-0.048583727,1056233
20120926,11:15:00.000,BBG000K82ZT8,0.009496434,-0.00768817,785376
20120926,11:15:00.000,BBG000DNTSP4,-0.004953134,-0.0071735294,998131
20120926,11:15:00.000,BBG000F15NW9,0.007015004,0.00071528176,751009
20120926,11:15:00.000,BBG000BPT0C6,0.00035983502,-0.00951664,303439
20120926,11:15:00.000,BBG000B9WJ73,0.0316077,0.011245334,4899436
20120926,11:15:00.000,BBG000BDXGP9,0.0057022087,0.006203473,1203334
20120926,11:15:00.000,BBG000BSD7C2,-0.004460693,-0.0018946516,272791
20120926,11:15:00.000,BBG000BSLZY7,0.0048483685,-0.0038805369,5109833
20120926,11:15:00.000,BBG000BKZTP3,0.00350569,-0.0054453546,1332471
20120926,11:15:00.000,BBG000BF1R66,-0.0023532435,-0.0012500237,343406
20120926,11:15:00.000,BBG000HW5GX3,0.0026141587,-0.0139613,1388113
20120926,11:15:00.000,BBG000C0F570,0.000369622,-0.013311542,822407
20120926,11:15:00.000,BBG000BP1Q11,0.004069562,-0.004069288,453474
20120926,11:15:00.000,BBG000BMQPL1,0.005859509,-0.003418531,3190426
20120926,11:15:00.000,BBG000M65M61,0.0024149076,0.0047893594,1456080
20120926,11:15:00.000,BBG000BM7HL0,0.006634263,-0.013384054,953881
20120926,11:15:00.000,BBG000BJ49H3,-0.0014914515,-0.012736673,365421
20120926,11:15:00.000,BBG000JBN3X6,0.014517045,0.0077704675,1597200
20120926,11:15:00.000,BBG000NSQ9M0,-0.0034367011,-0.015951771,3034193
20120926,11:15:00.000,BBG000BTVJ25,-0.0020076341,-0.0009724109,716328
20120926,11:15:00.000,BBG000BBCDZ2,-0.013575394,-0.023310736,480520
20120926,11:15:00.000,BBG000BNGTQ7,-0.0005377023,-0.0056767017,473103
20120926,11:15:00.000,BBG000BGKHZ3,0.0006899377,-0.009518047,515947
20120926,11:15:00.000,BBG000BL9439,-0.0005350478,0.0025083038,394286
20120926,11:15:00.000,BBG000H9G7X2,-0.0009215081,-0.011280308,776788
20120926,11:15:00.000,BBG000BK67C7,0.0059423647,0.006921194,535672
20120926,11:15:00.000,BBG000FV1Z23,0.0065604113,0.0018858968,309511
20120926,11:15:00.000,BBG000BV7LP7,-0.0070201983,-0.017720697,2218032
20120926,11:15:00.000,BBG000CR90K4,0.036453858,0.02271013,17526724
20120926,11:15:00.000,BBG000BL9JQ1,0.0015174089,-0.018484082,916127
20120926,11:15:00.000,BBG000BF2KK4,0.0084107,-0.00094315386,161738
20120926,11:15:00.000,BBG000GLBN48,-0.004346375,-0.013943998,301441
20120926,11:15:00.000,BBG000BB6M98,0.00092091557,0.0032716803,385847
20120926,11:15:00.000,BBG000BXMFC3,-0.032656703,-0.061856013,2214471
20120926,11:15:00.000,BBG000BSXQV7,-0.002202467,-0.003010045,237151
20120926,11:15:00.000,BBG000MDCQC2,-0.002570852,0.0015459066,915026
20120926,11:15:00.000,BBG000BRJ809,0.003428476,-0.0050421716,154432
20120926,11:15:00.000,BBG000DKCC19,0.019366885,0.015079725,1671217
20120926,11:15:00.000,BBG000BFMBQ6,0.006309353,0.0013867263,444669
20120926,11:15:00.000,BBG000BQ2C28,0.008117175,0.00509324,440583
20120926,11:15:00.000,BBG000BMTFR4,0.015073548,-0.0042684674,961598
20120926,11:15:00.000,BBG000BHLYP4,0.002187529,-0.0038472684,574913
20120926,11:15:00.000,BBG000BNFLM9,-0.0024921568,-0.017893737,1279466
20120926,11:15:00.000,BBG000NV1KK7,0.0075213476,0.0055024293,1118573
20120926,11:15:00.000,BBG000FBK808,-0.009827745,-0.027836718,1778683
20120926,11:15:00.000,BBG000R0L5J4,-0.010009199,-0.023916773,404437
20120926,11:15:00.000,BBG000BZTW70,-0.012111847,-0.039283965,3262242
20120926,11:15:00.000,BBG000BLM0V1,,,389658
20120926,11:15:00.000,BBG000BTQR96,0.0059380294,-0.008437215,484219
20120926,11:15:00.000,BBG000BH5DV1,0.010367936,-0.0025912686,1274989
20120926,11:15:00.000,BBG000BLBXT4,-0.007365408,-0.010476524,363623
20120926,11:15:00.000,BBG000KLB4Q1,-0.014022066,-0.041710906,3421319
20120926,11:15:00.000,BBG000BR3KL6,-0.0013892105,-0.015385487,424658
20120926,11:15:00.000,BBG000BB9KF2,-0.0039398507,0.00473357,502740
20120926,11:15:00.000,BBG000BVDLH9,0.00670317,0.00050817727,366914
20120926,11:15:00.000,BBG000C0MF34,-0.0024850818,-0.001119079,271184
20120926,11:15:00.000,BBG000FVXD63,0.012438152,0.0024591957,369862
20120926,11:15:00.000,BBG000CGQ6M4,-0.013083517,-0.01613279,603108
20120926,11:15:00.000,BBG000BJSBJ0,0.0040008724,0.011351328,748211
20120926,11:15:00.000,BBG000BFTJ91,-0.003098757,-0.011462814,629285
20120926,11:15:00.000,BBG000BSC0K9,0.0011027612,-0.0036961176,527646
20120926,11:15:00.000,BBG000BWXL85,0.008189412,-0.01234222,926318
20120926,11:15:00.000,BBG000QY3XZ2,0.0063106185,-0.016080247,711018
20120926,11:15:00.000,BBG000BCWCG1,0.003292859,-0.004724015,2454868
20120926,11:15:00.000,BBG000CKVSG8,0.0129042305,-0.0011977371,2668985
20120926,11:15:00.000,BBG000JN8R00,0.005482286,-0.010341276,647815
20120926,11:15:00.000,BBG000BBBNC6,-0.0022422655,-0.018707646,1102310
20120926,11:15:00.000,BBG000JG0547,-0.00014830845,-0.0037681577,966927
20120926,11:15:00.000,BBG000R7Z112,0.0024141474,0.0033277494,2086380
20120926,11:15:00.000,BBG000D898T9,0.004658867,0.0057663852,1391439
20120926,11:15:00.000,BBG000Q3JN03,-0.0034271737,-0.0152251525,4477906
20120926,11:15:00.000,BBG000BRJL00,-0.006568953,0.002759908,1735170
20120926,11:15:00.000,BBG000C2V3D6,0.007370722,-0.0074331616,1166490
20120926,11:15:00.000,BBG000G30YX4,-0.004225459,-0.013779133,372128
20120926,11:15:00.000,BBG000G0Z878,0.008616662,-0.0069136764,1896248
20120926,11:15:00.000,BBG000BKXBV7,-0.014977579,-0.026174914,4388070
20120926,11:15:00.000,BBG000BJ98Z0,-0.008138058,-0.016321344,3534570
20120926,11:15:00.000,BBG000BR14K5,0.005147742,0.0055959183,607235
20120926,11:15:00.000,BBG000BGYWY6,0.0031262268,0.0024282548,367652
20120926,11:15:00.000,BBG000BCGY17,0.0014509964,0.0056343456,350926
20120926,11:15:00.000,BBG000BV75B7,0.00229881,-0.015172235,569429
20120926,11:15:00.000,BBG000CXD6X9,-0.0012391597,-0.0070360657,745114
20120926,11:15:00.000,BBG000BWVSR1,-0.007782257,-0.0046736756,1071224
20120926,11:15:00.000,BBG000BVPPM1,-0.004727144,-0.02387597,1039777
20120926,11:15:00.000,BBG000BBMSJ6,-0.003749081,-0.020150488,1070604
20120926,11:15:00.000,BBG000CHPY97,0.009028575,-0.0032015408,903616
20120926,11:15:00.000,BBG000C3GN47,0.01686201,0.001947098,697559
20120926,11:15:00.000,BBG000BYYLS8,0.003079275,-0.0036171298,1256882
20120926,11:15:00.000,BBG000DTMH63,,,1009579
20120926,11:15:00.000,BBG000PVRDL2,-0.012223394,-0.02894342,3383554
20120926,11:15:00.000,BBG000DQTXY6,-0.0035347086,-0.055184796,4121344
20120926,11:15:00.000,BBG000JF5CV9,0.0152331805,-0.0027771115,1119728
20120926,11:15:00.000,BBG000CJZ2W6,-0.017585738,-0.033488426,1057710
20120926,11:15:00.000,BBG000K14Q84,-0.013541691,-0.03647373,1761909
20120926,11:15:00.000,BBG000BH3JF8,0.0071416027,0.0011006475,1316231
20120926,11:15:00.000,BBG000BTKGG8,0.007045294,-0.003899945,2429919
20120926,11:15:00.000,BBG000BB5006,0.006624677,-0.00881883,1390630
20120926,11:15:00.000,BBG000BSBZH7,-0.0023410488,-0.0018535806,551955
20120926,11:15:00.000,BBG000BM6788,-0.012537891,-0.026924847,1154230
20120926,11:15:00.000,BBG000BQ5DS5,-0.0054980754,-0.008140748,1245345
20120926,11:15:00.000,BBG000BB6WG8,-0.009155236,-0.012656081,1622447
20120926,11:15:00.000,BBG000BRK7L6,0.0009678699,-0.01340441,1383797
20120926,11:15:00.000,BBG000BMY992,0.0013098173,0.0012778987,1648533
20120926,11:15:00.000,BBG000FKJRC5,-0.012322419,-0.017832747,636748
20120926,11:15:00.000,BBG000C1BW00,0.009262532,0.008305714,424137
20120926,11:15:00.000,BBG000DY8ZS4,0.014300547,-0.014314356,3781428
20120926,11:15:00.000,BBG000BY33P5,-0.018067611,-0.031906158,2737158
20120926,11:15:00.000,BBG000BKLH74,-0.0023226787,-0.009020084,1559414
20120926,11:15:00.000,BBG000BMF5J0,-0.020437067,-0.034448165,3086096
20120926,11:15:00.000,BBG000CSY9H9,0.008528869,0.0039523803,1245801
20120926,11:15:00.000,BBG000CPQZ77,-0.009949673,-0.0144681735,572549
20120926,11:15:00.000,BBG000CS7CT9,0.0042590313,-0.00048840814,724208
20120926,11:15:00.000,BBG000BC9938,-0.008735841,-0.029271403,1025979
20120926,11:15:00.000,BBG000BBJQV0,-0.0062786313,-0.025363307,3759574
20120926,11:15:00.000,BBG000FQ6PY6,-7.507375e-05,-0.018491317,472258
20120926,11:15:00.000,BBG000PM7GJ0,0.022134492,0.0045909006,9241594
20120926,11:15:00.000,BBG000GC80B4,0.011105119,0.0062986226,643718
20120926,11:15:00.000,BBG000DYGNW7,0.0010456303,0.005647882,453730
20120926,11:15:00.000,BBG000HCJMF9,-0.013378428,-0.029869424,1530158
20120926,11:15:00.000,BBG000C17X76,0.013740611,0.012231595,773304
20120926,11:15:00.000,BBG000BMDV41,0.003957617,-0.008004484,1528021
20120926,11:15:00.000,BBG000TWC2V5,0.0044821133,0.0050253677,434361
20120926,11:15:00.000,BBG000BBPFB9,0.004283877,-0.013458495,3152209
20120926,11:15:00.000,BBG000BLKK03,-0.006340362,-0.013394073,586983
20120926,11:15:00.000,BBG000R8ZVD1,0.012635087,0.0019194711,564813
20120926,11:15:00.000,BBG000BD8PN9,0.008062461,-0.002208942,1921607
20120926,11:15:00.000,BBG000BBDV81,0.0052186293,-0.005080272,560412
20120926,11:15:00.000,BBG000BCVJ77,-0.012957056,-0.014634369,2033071
20120926,11:15:00.000,BBG000BJL3N0,0.006148251,-0.0019462641,4636866
20120926,11:15:00.000,BBG000BZ2GG4,-0.005347882,-0.02897114,677945
20120926,11:15:00.000,BBG000BKFBD7,-0.006100354,-0.014634231,1131339
20120926,11:15:00.000,BBG000BJ2VQ6,0.0036412706,-0.015785368,905316
20120926,11:15:00.000,BBG000BKFZM4,-0.0012692766,-0.013915834,4343198
20120926,11:15:00.000,BBG000QBR5J5,0.00059071253,-0.010362518,1424178
20120926,11:15:00.000,BBG000BJPDZ1,-0.0022637453,-0.008696675,54530
20120926,11:15:00.000,BBG000BH5LT6,0.0032034975,-0.016947404,1528080
20120926,11:15:00.000,BBG000MBDGM6,0.022660488,0.0041691354,280767
20120926,11:15:00.000,BBG000LD9JQ8,-0.0023626303,-0.007990632,363270
20120926,11:15:00.000,BBG000BTR593,0.0062276875,-0.003303633,1209560
20120926,11:15:00.000,BBG000BVMGF2,-0.0015324923,-0.007261677,993141
20120926,11:15:00.000,BBG000FJLFX8,-0.007105864,-0.014788583,1540374
20120926,11:15:00.000,BBG000BWNFZ9,0.004313997,-0.026519129,1308931
20120926,11:15:00.000,BBG000BR54L0,-0.0027029575,-0.05975691,9703671
20120926,11:15:00.000,BBG000BCBCM7,-0.021008419,-0.039329503,9752888
20120926,11:15:00.000,BBG000BM5SR2,0.0091087865,-0.008475542,1559901
20120926,11:15:00.000,BBG000BJ81C1,-0.0091166515,-0.010079728,705855
20120926,11:15:00.000,BBG001DCCGR8,-0.010943347,-0.029918816,1220620
20120926,11:15:00.000,BBG000H89QJ6,0.00074883393,-0.007233741,771477
20120926,11:15:00.000,BBG000F6H8W8,-0.00044757593,0.0012815156,533008
20120926,11:15:00.000,BBG000BS0ZF1,-0.004190533,-0.009663993,189937
20120926,11:15:00.000,BBG000BVWLJ6,-0.0022872724,-0.005835527,1448615
20120926,11:15:00.000,BBG000BGJRC8,-0.0038316152,-0.008504516,2098214
20120926,11:15:00.000,BBG000BT9DW0,-0.00281636,0.009399606,1189068
20120926,11:15:00.000,BBG000BXRPH1,0.0057219914,-0.012671475,884693
20120926,11:15:00.000,BBG000C7LMS8,0.013499523,0.016602343,467637
20120926,11:15:00.000,BBG00286S4N9,-0.00033769265,-0.012610077,1071841
20120926,11:15:00.000,BBG000BH2JM1,0.001312278,-0.016053092,2752917
20120926,11:15:00.000,BBG000BRD0D8,-0.0019542663,-0.0068945494,1061491
20120926,11:15:00.000,BBG000BJF1Z8,-0.0016859627,-0.005025069,736459
20120926,11:15:00.000,BBG000BHQ1H0,0.011513985,0.008440009,764320
20120926,11:15:00.000,BBG000BN5HF7,-0.003253156,-0.04617479,3908924
20120926,11:15:00.000,BBG000B9WH86,-0.006948203,-0.011318438,7671153
20120926,11:15:00.000,BBG000C5Z1S3,-0.010875595,-0.0327599,12250670
20120926,11:15:00.000,BBG000D9D830,-0.0008748053,-0.0095484,978267
20120926,11:15:00.000,BBG000JWD753,0.009099824,0.0017568342,3037586
20120926,11:15:00.000,BBG000BKCFC2,-0.0050614835,-0.00074823824,1454927
20120926,11:15:00.000,BBG000BWVCP8,-0.01313317,-0.022730554,1692174
20120926,11:15:00.000,BBG000BBD070,-0.008353972,-0.024904199,1836542
20120926,11:15:00.000,BBG000BMBL90,-0.00602561,-0.014146529,911302
20120926,11:15:00.000,BBG000BNWG87,0.005666316,0.0013856126,1722977
20120926,11:15:00.000,BBG000BCG930,-0.007622962,-0.016756412,991607
20120926,11:15:00.000,BBG000BHX7N2,-0.0029185629,-0.008903485,1139108
20120926,11:15:00.000,BBG000BX3TD3,0.01134164,0.0010483086,3890443
20120926,11:15:00.000,BBG000BH23R1,-0.00451629,-0.01303267,5874912
20120926,11:15:00.000,BBG000BBVJZ8,-0.0045404937,-0.013868909,573143
20120926,11:15:00.000,BBG000BJ3PD2,0.010815145,-0.0028134477,1178996
20120926,11:15:00.000,BBG000BFQYY3,0.0077218465,0.008855104,496453
20120926,11:15:00.000,BBG000BMW2Z0,-0.0021316386,0.000468047,448576
20120926,11:15:00.000,BBG000CXYSZ6,-0.0023710998,-0.0216289,460172
20120926,11:15:00.000,BBG000H556T9,-0.0030200877,-0.007924087,1228462
20120926,11:15:00.000,BBG000J6XT05,-0.0061316867,0.0042111273,1248653
20120926,11:15:00.000,BBG000C8H633,-0.0037636426,-0.017979294,2518917
20120926,11:15:00.000,BBG000FP1N32,-0.018910242,-0.036020037,3795854
20120926,11:15:00.000,BBG000BD4VG8,-0.000886278,-0.021722661,1256019
20120926,11:15:00.000,BBG000C496P7,-0.0037873378,-0.018159252,3041767
20120926,11:15:00.000,BBG000FG3C43,-0.006577757,-0.029632973,2806181
20120926,11:15:00.000,BBG000DHSPT0,-0.005784088,-0.016440867,1404048
20120926,11:15:00.000,BBG000FW00S1,0.008416079,-0.011830778,2990571
20120926,11:15:00.000,BBG000BFC8J2,0.011936715,0.0072907014,927463
20120926,11:15:00.000,BBG000BZ9223,-0.0028298183,-0.016855324,329151
20120926,11:15:00.000,BBG000GFFQN9,0.0011158648,-0.0044656643,5635295
20120926,11:15:00.000,BBG000G2R6M0,0.007002902,-0.0038091827,2159540
20120926,11:15:00.000,BBG000FL1TC8,-0.0014171934,-0.0109463,1005861
20120926,11:15:00.000,BBG000BGKTF9,-0.0022423707,-0.01234007,1405712
20120926,11:15:00.000,BBG000BB6KF5,-0.0081602335,-0.025918184,2963570
20120926,11:15:00.000,BBG000BGLRN3,-0.007855282,-0.0057215006,1087838
20120926,11:15:00.000,BBG000Q9HH23,-0.011418255,-0.026613327,911468
20120926,11:15:00.000,BBG000BV8DN6,0.0069760005,0.007263672,1834262
20120926,11:15:00.000,BBG000BFXHL6,-0.0024583084,-0.010162028,1566967
20120926,11:15:00.000,BBG000C46HM9,0.002279564,-0.0072816373,1727005
20120926,11:15:00.000,BBG000BFRF55,0.005366947,-0.01257891,3054899
20120926,11:15:00.000,BBG000BNBDC2,-6.35914e-05,-0.0042154314,1583739
20120926,11:15:00.000,BBG000BH13K9,0.004067915,-0.00029750104,1253190
20120926,11:15:00.000,BBG000BGPTV6,0.011291692,-0.007519134,857688
20120926,11:15:00.000,BBG000QX74T1,-0.0074665933,-0.020427639,471160
20120926,11:15:00.000,BBG000BWJFZ4,0.017205063,0.003128714,299301
20120926,11:15:00.000,BBG000BWLMJ4,-0.0005886268,-0.004159216,2011996
20120926,11:15:00.000,BBG000BW3299,-0.007980082,-0.0111320885,770343
20120926,11:15:00.000,BBG000BFDXW1,-0.0025619813,-0.01996274,3367893
20120926,11:15:00.000,BBG000BC2C10,0.005453264,-0.0046325456,1110257
20120926,11:15:00.000,BBG000BVV7G1,-0.014059858,-0.029110698,6999096
20120926,11:15:00.000,BBG000BPWXK1,-0.005967195,-0.013981138,2448094
20120926,11:15:00.000,BBG000BBGGQ1,-0.012620956,-0.029556897,2755989
20120926,11:15:00.000,BBG000BHBK84,-0.00029786053,-0.011201519,3165555
20120926,11:15:00.000,BBG000BJX8C8,-0.0018349352,-0.018454986,1041915
20120926,11:15:00.000,BBG000H8TVT2,-0.008267093,-0.0076129544,966790
20120926,11:15:00.000,BBG000BTZQC4,0.0013789617,-0.005657963,1931009
20120926,11:15:00.000,BBG000BP52R2,0.0008113851,2.348674e-08,908278
20120926,11:15:00.000,BBG000C5HS04,-0.004667081,-0.0014196893,839290
20120926,11:15:00.000,BBG000BH3GZ2,-0.00019512279,-0.007792135,799576
20120926,11:15:00.000,BBG000F1ZSQ2,0.0027548636,-0.0056577744,115163
20120926,11:15:00.000,BBG000C15T95,0.002037206,0.0007157879,961229
20120926,11:15:00.000,BBG000BFWKC0,-0.004251733,-0.008897824,714862
20120926,11:15:00.000,BBG000CL9VN6,0.034982536,0.019987203,1940629
20120926,11:15:00.000,BBG000F0KF42,0.0031629372,-0.032958794,2824461
20120926,11:15:00.000,BBG000C240W1,0.000114540555,-0.01987347,16132102
20120926,11:15:00.000,BBG000L9CV04,-0.0021216625,-0.00027775488,1327801
20120926,11:15:00.000,BBG000BC40Y8,-0.0003157991,-0.010626411,1373585
20120926,11:15:00.000,BBG000BL4504,-0.004055197,-0.024613973,4936376
20120926,11:15:00.000,BBG000BB07P9,0.00041047955,-0.010010996,4221110
20120926,11:15:00.000,BBG000BBDZG3,-0.0023321584,-0.019634303,14618671
20120926,11:15:00.000,BBG000BY29C7,0.0013430294,-0.00804256,2245314
20120926,11:15:00.000,BBG000DWG505,0.0051508914,0.006634447,1068344
20120926,11:15:00.000,BBG000BCQZS4,-0.0067437477,-0.01269184,1670925
20120926,11:15:00.000,BBG000CKGBP2,-0.012083035,-0.016132675,3122066
20120926,11:15:00.000,BBG000BHGDH5,-0.00642409,0.00590806,1144492
20120926,11:15:00.000,BBG000FFDM15,-0.0005544417,-0.0013273506,2840308
20120926,11:15:00.000,BBG000BWXBC2,0.0013006151,0.0013466713,1521874
20120926,11:15:00.000,BBG000BGRY34,0.0067267967,0.0052502486,2590099
20120926,11:15:00.000,BBG000BN2DC2,-0.013246305,-0.03256254,828417
20120926,11:15:00.000,BBG000BH1NH9,0.0052610855,-0.008066488,1198429
20120926,11:15:00.000,BBG000F0PF65,-0.00093515584,-0.011110157,2559274
20120926,11:15:00.000,BBG000BW8S60,0.0020959198,-0.00025378447,1547564
20120926,11:15:00.000,BBG000BCSST7,0.0061320253,0.010160133,1533980
20120926,11:15:00.000,BBG000CH5208,-0.00092379894,-0.003558571,2015652
20120926,11:15:00.000,BBG000BQQ2S6,0.004606737,-0.0065044253,1046374
20120926,11:15:00.000,BBG000BLZRJ2,0.0061225095,-0.013842826,7968671
20120926,11:15:00.000,BBG000BP6LJ8,-0.0025659371,0.0038205734,1939639
20120926,11:15:00.000,BBG000DWYF03,-0.0011503074,-0.01023508,4070642
20120926,11:15:00.000,BBG000BQPC32,-0.002983688,-0.010907404,18093496
20120926,11:15:00.000,BBG000BBS2Y0,0.0032463765,0.001610459,1843964
20120926,11:15:00.000,BBG000CTQBF3,-0.0015506631,-0.011677457,2273491
20120926,11:15:00.000,BBG000DQLV23,-0.0032964014,-0.0058830515,3074879
20120926,11:15:00.000,BBG000KHWT55,-0.005150053,-0.01854641,10915836
20120926,11:15:00.000,BBG000BNDN65,0.009176655,0.005052389,5900531
20120926,11:15:00.000,BBG000B9ZXB4,-0.0013319171,-0.002299258,1997679
20120926,11:15:00.000,BBG000DH7JK6,-0.00016108809,0.008246224,1401818
20120926,11:15:00.000,BBG000BH4R78,-0.007905794,-0.014268337,2649729
20120926,11:15:00.000,BBG000BQQH30,0.002477116,-0.008014842,2326558
20120926,11:15:00.000,BBG000PSKYX7,-0.0010885114,-0.01003091,807178
20120926,11:15:00.000,BBG000C6CFJ5,2.0331514e-05,-0.011093868,1757538
20120926,11:15:00.000,BBG000BKTFN2,-0.011958962,-0.03106574,6098720
20120926,11:15:00.000,BBG000J2XL74,-0.0014125361,0.0033855895,1512083
20120926,11:15:00.000,BBG000BHVJJ3,-0.00033482155,-0.018044809,5604378
20120926,11:15:00.000,BBG000C43RR5,0.0006374789,-0.0108321,4151226
20120926,11:15:00.000,BBG000BFT2L4,-0.003005816,-0.011437526,3917678
20120926,11:15:00.000,BBG000D4LWF6,-0.0014929532,0.0007264737,4549868
20120926,11:15:00.000,BBG000BNSZP1,0.0050249137,0.0033381742,1677752
20120926,11:15:00.000,BBG000BT41Q8,0.0049868035,-0.007840247,1765912
20120926,11:15:00.000,BBG000BKZB36,-0.006405707,-0.008204367,3053412
20120926,11:15:00.000,BBG000BPD168,0.005509569,0.0031019514,4959368
20120926,11:15:00.000,BBG000HS77T5,0.003173875,0.003944916,3623632
20120926,11:15:00.000,BBG000BQLTW7,-0.005583032,-0.016616382,11982714
20120926,11:15:00.000,BBG000BVPV84,-0.005674131,-0.0123803625,1300727
20120926,11:15:00.000,BBG000BJDB15,-0.0020039997,-0.01602474,9877933
20120926,11:15:00.000,BBG000BMX289,0.00468069,0.011410355,4935377
20120926,11:15:00.000,BBG000MM2P62,-0.0031249004,-0.018742528,14920866
20120926,11:15:00.000,BBG000CGC1X8,0.0050760005,-0.0051840357,4583717
20120926,11:15:00.000,BBG000BLBVN4,-0.007186175,-0.018650848,376776
20120926,11:15:00.000,BBG000BF0K17,0.0021803635,-0.01062803,3448655
20120926,11:15:00.000,BBG000BR2TH3,-0.0017906826,0.0015807627,3645977
20120926,11:15:00.000,BBG000K4ND22,0.0004621293,-0.00487457,1956232
20120926,11:15:00.000,BBG000BR2B91,0.005387277,0.0036227235,9172939
20120926,11:15:00.000,BBG000C3J3C9,-0.0005619089,-0.013408472,11770933
20120926,11:15:00.000,BBG000BLNNH6,0.0046693864,-0.0018283706,1076007
20120926,11:15:00.000,BBG000BWQFY7,0.0045130495,3.0380477e-07,9464230
20120926,11:15:00.000,BBG000BMHYD1,-0.0007994237,9.952321e-09,3506539
20120926,11:15:00.000,BBG000BK6MB5,-0.003555938,-0.0071698944,13704773
20120926,11:15:00.000,BBG000BSJK37,0.006502897,0.0073574423,8135701
20120926,11:15:00.000,BBG000C0G1D1,0.01423874,4.3968979e-07,16714694
20120926,11:15:00.000,BBG000FY4S11,-0.00021277774,-0.020684496,18655756
20120926,11:15:00.000,BBG000BCTLF6,0.0064825574,-0.011204231,69757824
20120926,11:15:00.000,BBG000DMBXR2,0.0047301464,-0.008628115,9998908
20120926,11:15:00.000,BBG000BPH459,0.0022628906,-0.009211843,20478162
20120926,11:15:00.000,BBG000GZQ728,-0.0032017138,-0.0051220027,3626560
20120926,11:15:00.000,BBG000BHSKN9,0.001344102,-0.006218249,2283771
20120926,11:15:00.000,BBG000B9XRY4,0.00051864807,-0.014478634,8926185
20120926,11:30:00.000,BBG000BFVXX0,0.0072953734,0.012412032,958122
20120926,11:30:00.000,BBG000M4SW14,-0.031220539,-0.04146008,319682
20120926,11:30:00.000,BBG000HS74G6,-0.006969782,-0.009168924,195173
20120926,11:30:00.000,BBG000BJNGN9,-0.07016751,-0.09253509,5578504
20120926,11:30:00.000,BBG000FNRZ69,-0.003569463,-0.015234559,2326965
20120926,11:30:00.000,BBG000BW2QX0,-0.005856856,-0.010872369,753069
20120926,11:30:00.000,BBG000BBV8B8,0.0065929405,-0.01277962,514378
20120926,11:30:00.000,BBG000DV7MX4,0.020213844,0.006551706,4083079
20120926,11:30:00.000,BBG000BQ74K1,-0.0005219661,-0.0068130256,325876
20120926,11:30:00.000,BBG000BCYP43,0.000725158,0.0008571877,79216
20120926,11:30:00.000,BBG000BW5YW1,0.018899567,-0.012394027,1133357
20120926,11:30:00.000,BBG000BLCL55,0.00061104004,-0.013045382,335775
20120926,11:30:00.000,BBG000CZWZ05,0.0022489477,-0.0052141906,177550
20120926,11:30:00.000,BBG000NSCNT7,0.008295884,-0.0026112432,950596
20120926,11:30:00.000,BBG000D14WM3,-0.0064377496,-0.026809538,2903642
20120926,11:30:00.000,BBG000BK5DP1,0.009887265,-0.0066063344,1350908
20120926,11:30:00.000,BBG000PCNTM2,-0.0039257514,-0.013714285,190223
20120926,11:30:00.000,BBG000BBB3K1,-0.0003550451,0.006652265,469449
20120926,11:30:00.000,BBG000C2YHG9,-0.010193758,-0.023110045,811100
20120926,11:30:00.000,BBG000RGM5P1,-0.008360416,-0.02156489,1127571
20120926,11:30:00.000,BBG000BQ87N0,0.003911259,0.010510896,431895
20120926,11:30:00.000,BBG000BD0TF8,0.0017444765,-0.0070092496,223682
20120926,11:30:00.000,BBG000BDG1Y1,0.00025499464,-0.009677432,453538
20120926,11:30:00.000,BBG000BHC2S1,0.0042607463,-0.008121671,224031
20120926,11:30:00.000,BBG000BCHG15,0.0031934276,-0.0016597378,351326
20120926,11:30:00.000,BBG000CLVM51,-0.0007059299,-0.006412904,94737
20120926,11:30:00.000,BBG000BBCQD7,0.003217461,-0.006229169,502041
20120926,11:30:00.000,BBG000BB03M1,0.013362488,0.0019842647,466546
20120926,11:30:00.000,BBG000BQC9V2,0.018227547,0.008898355,1515296
20120926,11:30:00.000,BBG000D5S4M0,-0.008613324,-0.015421051,222205
20120926,11:30:00.000,BBG000BB9RZ5,0.014810902,0.002646666,144340
20120926,11:30:00.000,BBG000DCCZW2,0.000621509,-0.016182674,357538
20120926,11:30:00.000,BBG000BS5170,-0.0076471684,-0.011573733,446313
20120926,11:30:00.000,BBG000BLMZK6,-0.0019491119,-0.0028110766,577243
20120926,11:30:00.000,BBG000BB5BF6,-0.0013149935,-0.0043074153,1683286
20120926,11:30:00.000,BBG000BLXZN1,0.0019713691,-0.013197152,107946
20120926,11:30:00.000,BBG000FQRVM3,-0.0006533899,-0.0024964404,135604
20120926,11:30:00.000,BBG000BGFLL5,-0.0005960227,-0.0076442477,906431
20120926,11:30:00.000,BBG000BJ5GK2,0.006245956,0.008601363,287777
20120926,11:30:00.000,BBG000BWP7D9,0.0065749176,0.010426323,931653
20120926,11:30:00.000,BBG000BPQVR5,0.0038683189,-0.0070437994,203379
20120926,11:30:00.000,BBG000DGPR66,-0.0101504885,-0.015288074,344845
20120926,11:30:00.000,BBG000BRZBT3,-0.006089718,-0.022113344,776891
20120926,11:30:00.000,BBG000BWBZN1,0.0001650953,-0.0034852892,301185
20120926,11:30:00.000,BBG000BFS7D3,0.011618946,0.018208424,285326
20120926,11:30:00.000,BBG000C23KJ3,-0.007522807,-0.008140389,2990753
20120926,11:30:00.000,BBG001QD41M9,-0.0013687143,-0.012748951,349222
20120926,11:30:00.000,BBG000M44VW8,-0.0072282604,-0.032117415,641592
20120926,11:30:00.000,BBG000BSJTT0,0.009806533,-0.005936776,1482691
20120926,11:30:00.000,BBG000C9W1Y1,0.0023456707,0.0008355596,793392
20120926,11:30:00.000,BBG000DHNDK1,,,638558
20120926,11:30:00.000,BBG000BN9WT5,0.0035784724,-0.00850055,541487
20120926,11:30:00.000,BBG000BBMT95,0.002602827,-0.004549836,748029
20120926,11:30:00.000,BBG000BJVZF7,0.0068437913,0.0035995126,984609
20120926,11:30:00.000,BBG000BPZBB6,0.0011465794,0.0023513942,719983
20120926,11:30:00.000,BBG000R57L13,0.00952292,-0.013563652,1566517
20120926,11:30:00.000,BBG000C1FB75,0.00423658,0.0008127381,72738
20120926,11:30:00.000,BBG000BF6LY3,-0.0042597093,-0.0040433933,2699869
20120926,11:30:00.000,BBG000F6ZWH2,0.008449164,-0.006495256,319515
20120926,11:30:00.000,BBG000BP7JB0,-0.009505739,-0.028351571,1984671
20120926,11:30:00.000,BBG000RNTSX0,0.00777914,-0.008392612,192706
20120926,11:30:00.000,BBG000BCTQ65,0.0035488952,0.0101281665,791379
20120926,11:30:00.000,BBG000C4DPX1,0.008333161,-0.0072715436,805435
20120926,11:30:00.000,BBG000TJM7F0,0.0022796867,0.0067530377,293084
20120926,11:30:00.000,BBG0016WLQ18,-0.015484378,-0.027255632,883687
20120926,11:30:00.000,BBG000CNFQW6,0.0031731327,0.00055611547,95565
20120926,11:30:00.000,BBG000BMZ7P7,-0.009485226,-0.016831543,142634
20120926,11:30:00.000,BBG000BLDV98,-0.0041962964,0.0041306685,946200
20120926,11:30:00.000,BBG000BKWSR6,0.005444795,-0.0014672411,1861990
20120926,11:30:00.000,BBG000MQ1SN9,0.004727745,0.006781364,232125
20120926,11:30:00.000,BBG000C75N77,0.0055845976,0.00032462575,579841
20120926,11:30:00.000,BBG000C2ZCH8,0.0007707988,0.0048119356,342705
20120926,11:30:00.000,BBG000BVB8Q0,0.011241033,-0.0022215224,1565309
20120926,11:30:00.000,BBG000G6BN50,-0.010315503,-0.019370016,137508
20120926,11:30:00.000,BBG000BL79J3,-0.004934627,-0.010017302,837921
20120926,11:30:00.000,BBG000BKXFN7,0.00050743273,-0.020376718,1749964
20120926,11:30:00.000,BBG000BD3LM4,0.0002560419,-0.018279027,1217129
20120926,11:30:00.000,BBG000F86GP6,0.006133522,-0.0011256856,583628
20120926,11:30:00.000,BBG000BGXZB5,-0.011149624,-0.018357167,1132412
20120926,11:30:00.000,BBG000BVMPN3,0.0049807653,-0.0020645997,311018
20120926,11:30:00.000,BBG000D9DMK0,-0.006562965,-0.0026322443,121053
20120926,11:30:00.000,BBG000FDBX90,-0.0027497713,0.0004667703,1167372
20120926,11:30:00.000,BBG000MM5VL9,-0.0030122525,-0.010301501,443847
20120926,11:30:00.000,BBG000BHCP19,0.0017653208,-0.00926376,581963
20120926,11:30:00.000,BBG000BX8DC4,0.0013276689,-0.0057239654,343479
20120926,11:30:00.000,BBG000G3QLY3,0.009662199,-0.0016986768,442586
20120926,11:30:00.000,BBG000BDWKC5,0.0015678297,-0.00921106,1354860
20120926,11:30:00.000,BBG000BMRFF9,0.008425695,0.002494036,255434
20120926,11:30:00.000,BBG000BT4T69,-0.004286074,-0.00639003,677273
20120926,11:30:00.000,BBG000BRRG02,0.0041182204,-0.00091646134,309065
20120926,11:30:00.000,BBG000BP0KQ8,-0.0066053504,-0.019723814,3014971
20120926,11:30:00.000,BBG000RKR4R8,0.003462601,-0.014234732,3548304
20120926,11:30:00.000,BBG000C3HSR0,-0.0047926134,-0.020879302,2512552
20120926,11:30:00.000,BBG000BKQ3V3,-0.0028785195,-0.02299846,1107804
20120926,11:30:00.000,BBG000CGT2S4,0.014666936,0.008315686,785973
20120926,11:30:00.000,BBG000C1FQS9,-0.002866275,0.0062889317,194548
20120926,11:30:00.000,BBG000FFH4P5,0.0016780242,-0.009546958,165561
20120926,11:30:00.000,BBG000BF5RY1,-0.0039893994,-0.003570662,1001728
20120926,11:30:00.000,BBG000BFNR17,0.0021751914,-0.006854144,155366
20120926,11:30:00.000,BBG000BR1W32,-0.022353074,-0.046183567,1358960
20120926,11:30:00.000,BBG001M8HHB7,-0.0037605152,-0.013628049,909907
20120926,11:30:00.000,BBG000BPNP00,-0.0005573024,-0.0145229995,1329357
20120926,11:30:00.000,BBG000C0LW92,0.0057752607,-3.015916e-07,2039047
20120926,11:30:00.000,BBG000K7PWX7,0.01735162,0.0035590094,656605
20120926,11:30:00.000,BBG000BQSQ38,-0.0018864112,-0.004488835,1557431
20120926,11:30:00.000,BBG000BKXYX5,0.047336146,0.04386333,1196725
20120926,11:30:00.000,BBG000BLHRS2,-0.003922679,0.00063431467,136715
20120926,11:30:00.000,BBG000JYP7L8,0.015616245,0.0035752025,445115
20120926,11:30:00.000,BBG000PV2L86,-0.009690789,-0.0073286565,167481
20120926,11:30:00.000,BBG000BTCH57,0.00429819,0.0071138344,705367
20120926,11:30:00.000,BBG000BBNYF6,0.007917403,-0.0011638479,362795
20120926,11:30:00.000,BBG000BPL8X4,-0.00012775727,-0.0009233662,552980
20120926,11:30:00.000,BBG000BLCPY4,0.010339106,-0.011684231,628494
20120926,11:30:00.000,BBG000BNC3Y9,0.0014631704,-0.017103057,781509
20120926,11:30:00.000,BBG000BT9T73,0.002724022,-0.01845268,2412889
20120926,11:30:00.000,BBG000BC15S7,0.0024205665,0.0036606065,198571
20120926,11:30:00.000,BBG000BKNX95,-0.003358656,-0.017276708,1472793
20120926,11:30:00.000,BBG000C90DH9,0.0007890632,-0.01333925,1000080
20120926,11:30:00.000,BBG000C7B436,0.0037170404,-0.020984137,1027677
20120926,11:30:00.000,BBG000BK6G19,-0.005729064,-0.01752463,444287
20120926,11:30:00.000,BBG000BX5ZF5,-0.00036434387,-0.01750421,5492852
20120926,11:30:00.000,BBG000BGD7W6,-0.005171078,-0.0030654906,1000591
20120926,11:30:00.000,BBG000BVSX05,0.0021789598,-0.01462621,885128
20120926,11:30:00.000,BBG000CKJ0P3,-0.0011795512,-0.004395828,308275
20120926,11:30:00.000,BBG000BNJHS8,-0.0028010425,0.0056529017,1330469
20120926,11:30:00.000,BBG000BQZMH4,0.0008035674,0.0062825563,453524
20120926,11:30:00.000,BBG000DN7P92,0.0018545002,-0.0012993547,313127
20120926,11:30:00.000,BBG000BKPL53,0.0018177977,-0.0032155123,337392
20120926,11:30:00.000,BBG000BB2DM7,0.0036195084,-0.0041218237,4469626
20120926,11:30:00.000,BBG000BJDPC2,0.017249161,0.019156024,502840
20120926,11:30:00.000,BBG000BJ8YN7,-0.0022995889,-0.010742774,628518
20120926,11:30:00.000,BBG000BPVCR1,-0.03422612,-0.048420303,3813473
20120926,11:30:00.000,BBG000PCQQL6,0.0017777806,-0.0066137393,722697
20120926,11:30:00.000,BBG000C2BXK4,-0.0008558774,-1.6412521e-07,2297317
20120926,11:30:00.000,BBG000F9KJN4,-0.0019249117,-0.014893305,910494
20120926,11:30:00.000,BBG000BNNYW1,-0.0026646783,-0.003655987,851096
20120926,11:30:00.000,BBG000C734W3,-0.00039379645,-0.011091544,249054
20120926,11:30:00.000,BBG000D7RKJ5,-0.002107324,0.0078040096,405190
20120926,11:30:00.000,BBG000G8N9C6,-0.00079515984,-0.00428044,583601
20120926,11:30:00.000,BBG000BRXP69,0.00113856,-0.004021102,182137
20120926,11:30:00.000,BBG000NDYB67,-0.00017623857,-0.011896941,4415916
20120926,11:30:00.000,BBG000BHZ5J9,0.007185378,0.001488486,155694
20120926,11:30:00.000,BBG000BHKYH4,0.0056071985,0.008308904,506745
20120926,11:30:00.000,BBG000D2M0Z7,0.0050934143,0.0036783936,182540
20120926,11:30:00.000,BBG000CHWP52,0.0074121677,-0.002138321,435719
20120926,11:30:00.000,BBG0029SNR63,0.015280555,0.0043931985,2742281
20120926,11:30:00.000,BBG000BNNKG9,0.0016544672,-0.018655386,3293216
20120926,11:30:00.000,BBG000BP4MH0,0.004615446,0.0067816763,1037417
20120926,11:30:00.000,BBG000BHLYS1,0.00521616,0.013112235,1052434
20120926,11:30:00.000,BBG000BFJ645,-0.006440239,-0.009465426,7889167
20120926,11:30:00.000,BBG000BC4JJ4,-0.0023114246,-0.0058184643,409914
20120926,11:30:00.000,BBG000BVVQQ8,-0.0026118308,-0.01308495,933050
20120926,11:30:00.000,BBG000DLFM21,0.0037871555,-0.0062168883,286781
20120926,11:30:00.000,BBG000BP1152,-0.019829836,-0.03807366,1752606
20120926,11:30:00.000,BBG000H50PN8,0.003375541,-0.0045440313,518845
20120926,11:30:00.000,BBG000CP95B7,0.0026300387,0.00043894933,230808
20120926,11:30:00.000,BBG000BS9489,-0.0039952914,-0.010606535,550196
20120926,11:30:00.000,BBG000KBQZ88,0.0033634566,-0.0012650477,367078
20120926,11:30:00.000,BBG000C37332,-0.0054887184,-0.016902028,231210
20120926,11:30:00.000,BBG000C2PW58,0.00863738,0.002641873,133571
20120926,11:30:00.000,BBG000BKR1D6,0.011465971,0.0016688377,257851
20120926,11:30:00.000,BBG000BR37X2,-0.0075858803,-0.006238785,1319301
20120926,11:30:00.000,BBG000BWCKB6,0.005719914,0.005008274,163005
20120926,11:30:00.000,BBG000BCZYD3,-0.0021143225,-0.002025328,233450
20120926,11:30:00.000,BBG000BMKDM3,-0.0024298257,0.0016389367,446300
20120926,11:30:00.000,BBG000D3MB18,-0.00013645472,-0.008829863,617860
20120926,11:30:00.000,BBG000BB1TH9,-0.003442148,-0.009792059,564043
20120926,11:30:00.000,BBG000BQVTF5,-0.0077479994,-0.018872598,943168
20120926,11:30:00.000,BBG000D1QCF1,-0.019796545,-0.03380728,1017793
20120926,11:30:00.000,BBG000PX3XC0,-0.0099294605,-0.02431316,736205
20120926,11:30:00.000,BBG000J1QLT0,0.009989278,0.0034187376,455201
20120926,11:30:00.000,BBG000BH8TT6,-0.011484409,-0.022919541,2323635
20120926,11:30:00.000,BBG000QRFNK2,-0.06371499,-0.073248364,4676079
20120926,11:30:00.000,BBG000BCNYT9,0.00021420183,-0.005701851,962997
20120926,11:30:00.000,BBG000BPMH90,-0.013179284,-0.022439871,437903
20120926,11:30:00.000,BBG000F7RCJ1,-0.0009682816,-0.003109125,270733
20120926,11:30:00.000,BBG000BB6G37,-0.00041537962,-0.011665031,797398
20120926,11:30:00.000,BBG000BFDLV8,-0.0012727698,-0.006749014,379048
20120926,11:30:00.000,BBG000WCFV84,0.004346103,-0.0070852847,1144757
20120926,11:30:00.000,BBG000BY2Y78,0.002305737,-0.008445834,654605
20120926,11:30:00.000,BBG000BXM6V2,-0.006152317,-0.011254585,652633
20120926,11:30:00.000,BBG000FH8PX5,0.0010682808,-0.0033658552,201138
20120926,11:30:00.000,BBG000BP8Z50,-0.003484491,-0.012491415,548097
20120926,11:30:00.000,BBG000BQWPC5,0.0015972594,0.0065643853,881507
20120926,11:30:00.000,BBG000BWSV34,-0.0023511914,-0.0242966,510204
20120926,11:30:00.000,BBG000NDZ417,-0.010328861,-0.028075874,1049339
20120926,11:30:00.000,BBG000BJQWD2,-0.0056409016,-0.018467741,719309
20120926,11:30:00.000,BBG000BB5373,0.01635201,0.008716633,1271428
20120926,11:30:00.000,BBG000BHB3M6,0.004229873,-0.0063418937,412920
20120926,11:30:00.000,BBG000BLW530,-0.0009356873,-0.014105733,367186
20120926,11:30:00.000,BBG000D8RG11,-0.012708125,-0.017023476,1174286
20120926,11:30:00.000,BBG0019JZ882,0.0001002869,-0.0025316007,1195610
20120926,11:30:00.000,BBG000R7RDB4,-0.013074197,-0.02520684,448416
20120926,11:30:00.000,BBG000BQ8KV2,0.0014351464,0.0022341455,764413
20120926,11:30:00.000,BBG000BYWTX7,-0.0059596207,-0.022715207,6614931
20120926,11:30:00.000,BBG000C1S2X2,-0.011792465,-0.019373983,529233
20120926,11:30:00.000,BBG000DLVDK3,0.0025642724,-0.0050279964,678608
20120926,11:30:00.000,BBG000BFL116,0.015109755,-0.008769929,1793979
20120926,11:30:00.000,BBG000C1DHF5,-0.016267082,-0.040092703,1933986
20120926,11:30:00.000,BBG000BVHBM1,0.003921074,-0.040709745,2098203
20120926,11:30:00.000,BBG000BGVW60,0.0021463486,0.00930544,947106
20120926,11:30:00.000,BBG000BPQD31,0.00053543167,-0.0070231413,712038
20120926,11:30:00.000,BBG000H1F895,-0.008748696,-0.033132065,1130553
20120926,11:30:00.000,BBG000K82ZT8,0.008753353,-0.006441297,854278
20120926,11:30:00.000,BBG000DNTSP4,-0.0065641315,-0.0071735233,1116559
20120926,11:30:00.000,BBG000F15NW9,0.0067253243,0.0013109772,815922
20120926,11:30:00.000,BBG000BPT0C6,-0.00061637734,-0.008537695,319753
20120926,11:30:00.000,BBG000B9WJ73,0.045307018,0.03052237,5661225
20120926,11:30:00.000,BBG000BDXGP9,0.0052603236,0.0069332416,1310520
20120926,11:30:00.000,BBG000BSD7C2,-0.004837938,-0.0011196752,309178
20120926,11:30:00.000,BBG000BSLZY7,0.0056978613,-0.0007760512,5386501
20120926,11:30:00.000,BBG000BKZTP3,0.0026996331,-0.004498344,1457856
20120926,11:30:00.000,BBG000BF1R66,-0.0026393274,-0.0013815043,376456
20120926,11:30:00.000,BBG000HW5GX3,0.0030094816,-0.010788206,1535472
20120926,11:30:00.000,BBG000C0F570,0.00015600242,-0.012128084,877993
20120926,11:30:00.000,BBG000BP1Q11,0.0075432165,0.00073959696,487070
20120926,11:30:00.000,BBG000BMQPL1,0.0058697453,-0.0022788013,3485519
20120926,11:30:00.000,BBG000M65M61,-0.001408699,0.0040330505,1555694
20120926,11:30:00.000,BBG000BM7HL0,0.006083558,-0.011254721,1009970
20120926,11:30:00.000,BBG000BJ49H3,-0.00087558886,-0.009803002,448042
20120926,11:30:00.000,BBG000JBN3X6,0.015404869,0.011655668,1682190
20120926,11:30:00.000,BBG000NSQ9M0,-0.003714109,-0.01270662,3275136
20120926,11:30:00.000,BBG000BTVJ25,-0.00042367473,0.0012955674,784301
20120926,11:30:00.000,BBG000BBCDZ2,-0.014041792,-0.021809272,581068
20120926,11:30:00.000,BBG000BNGTQ7,-0.0002889636,-0.005473885,510982
20120926,11:30:00.000,BBG000BGKHZ3,0.0046388856,-0.003870003,558348
20120926,11:30:00.000,BBG000BL9439,-0.0006018896,0.003045645,445277
20120926,11:30:00.000,BBG000H9G7X2,-0.00395237,-0.012436911,848998
20120926,11:30:00.000,BBG000BK67C7,0.004606178,0.007297289,575343
20120926,11:30:00.000,BBG000FV1Z23,0.0062260996,0.0039285277,336581
20120926,11:30:00.000,BBG000BV7LP7,-0.007674449,-0.016498378,2379921
20120926,11:30:00.000,BBG000CR90K4,0.03842121,0.028766477,18979772
20120926,11:30:00.000,BBG000BL9JQ1,0.0005554326,-0.01674728,1071676
20120926,11:30:00.000,BBG000BF2KK4,0.008114249,0.00087655615,179875
20120926,11:30:00.000,BBG000GLBN48,-0.0009468698,-0.008775112,351841
20120926,11:30:00.000,BBG000BB6M98,0.0004762537,0.003835867,404674
20120926,11:30:00.000,BBG000BXMFC3,-0.033506084,-0.05779045,2721291
20120926,11:30:00.000,BBG000BSXQV7,-0.0014685906,-0.0004734351,268597
20120926,11:30:00.000,BBG000MDCQC2,-0.003666264,0.0023185995,1033612
20120926,11:30:00.000,BBG000BRJ809,0.0034315006,-0.0033905532,179418
20120926,11:30:00.000,BBG000DKCC19,0.019584527,0.017593062,1756793
20120926,11:30:00.000,BBG000BFMBQ6,0.0074123004,0.0042678495,474869
20120926,11:30:00.000,BBG000BQ2C28,0.0076812985,0.0063855904,505763
20120926,11:30:00.000,BBG000BMTFR4,0.015915751,-0.0014938812,1052533
20120926,11:30:00.000,BBG000BHLYP4,0.0033692135,-0.0010493933,624671
20120926,11:30:00.000,BBG000BNFLM9,-0.003944163,-0.016952159,1481415
20120926,11:30:00.000,BBG000NV1KK7,0.007528535,0.0066406573,1281409
20120926,11:30:00.000,BBG000FBK808,-0.009689725,-0.02481068,1943785
20120926,11:30:00.000,BBG000R0L5J4,-0.010629327,-0.022107797,442171
20120926,11:30:00.000,BBG000BZTW70,-0.006610422,-0.030865928,3694938
20120926,11:30:00.000,BBG000BLM0V1,,,471972
20120926,11:30:00.000,BBG000BTQR96,0.0017011433,-0.010282907,583267
20120926,11:30:00.000,BBG000BH5DV1,0.011261918,-8.694971e-05,1347926
20120926,11:30:00.000,BBG000BLBXT4,-0.007888571,-0.007857243,394833
20120926,11:30:00.000,BBG000KLB4Q1,-0.01304918,-0.03788028,3754445
20120926,11:30:00.000,BBG000BR3KL6,-0.0020777253,-0.013342322,477584
20120926,11:30:00.000,BBG000BB9KF2,-0.004034758,0.004057246,534946
20120926,11:30:00.000,BBG000BVDLH9,0.0048232814,-0.00016965385,389377
20120926,11:30:00.000,BBG000C0MF34,-0.0022339728,0.0015843177,302099
20120926,11:30:00.000,BBG000FVXD63,0.009957405,0.0026083048,428029
20120926,11:30:00.000,BBG000CGQ6M4,-0.014522771,-0.01697922,661583
20120926,11:30:00.000,BBG000BJSBJ0,0.003609995,0.010489205,938065
20120926,11:30:00.000,BBG000BFTJ91,-0.0027831313,-0.009743369,696140
20120926,11:30:00.000,BBG000BSC0K9,0.00063143665,-0.0027722362,549780
20120926,11:30:00.000,BBG000BWXL85,0.00996857,-0.007441529,1010213
20120926,11:30:00.000,BBG000QY3XZ2,0.0075993724,-0.012640749,763990
20120926,11:30:00.000,BBG000BCWCG1,0.00017237746,-0.0029525724,2543171
20120926,11:30:00.000,BBG000CKVSG8,0.020214334,0.00940982,2826768
20120926,11:30:00.000,BBG000JN8R00,0.010142501,-0.0012349806,749102
20120926,11:30:00.000,BBG000BBBNC6,-0.0014119524,-0.015870031,1247343
20120926,11:30:00.000,BBG000JG0547,-0.0007711684,-0.0029974752,1036665
20120926,11:30:00.000,BBG000R7Z112,0.0050482536,0.008874118,2295814
20120926,11:30:00.000,BBG000D898T9,0.0020195763,0.0042285603,1474481
20120926,11:30:00.000,BBG000Q3JN03,-0.00137596,-0.011072894,5009605
20120926,11:30:00.000,BBG000BRJL00,-0.006230222,0.0024150421,1867137
20120926,11:30:00.000,BBG000C2V3D6,0.0059340307,-0.007172187,1229870
20120926,11:30:00.000,BBG000G30YX4,-0.0018971391,-0.00956631,428109
20120926,11:30:00.000,BBG000G0Z878,0.009564026,-0.0031911833,2047170
20120926,11:30:00.000,BBG000BKXBV7,-0.011905849,-0.02022617,4690921
20120926,11:30:00.000,BBG000BJ98Z0,-0.0077005485,-0.011299481,3918532
20120926,11:30:00.000,BBG000BR14K5,0.0042761965,0.004929631,630300
20120926,11:30:00.000,BBG000BGYWY6,0.0016539805,0.003672041,385068
20120926,11:30:00.000,BBG000BCGY17,-0.0019511664,0.0033467077,379778
20120926,11:30:00.000,BBG000BV75B7,0.0019150227,-0.012332467,618799
20120926,11:30:00.000,BBG000CXD6X9,-0.00507149,-0.008887706,826700
20120926,11:30:00.000,BBG000BWVSR1,-0.008967962,-0.004985197,1161096
20120926,11:30:00.000,BBG000BVPPM1,-0.0024537665,-0.018394303,1158021
20120926,11:30:00.000,BBG000BBMSJ6,-0.002690926,-0.017312372,1126811
20120926,11:30:00.000,BBG000CHPY97,0.009636058,0.00091440143,1022126
20120926,11:30:00.000,BBG000C3GN47,0.016314307,0.0040087975,783610
20120926,11:30:00.000,BBG000BYYLS8,0.0034346152,-0.0024113962,1373073
20120926,11:30:00.000,BBG000DTMH63,,,1111421
20120926,11:30:00.000,BBG000PVRDL2,-0.011394583,-0.023812694,3566512
20120926,11:30:00.000,BBG000DQTXY6,-0.0029462364,-0.05150562,4527609
20120926,11:30:00.000,BBG000JF5CV9,0.012996721,-0.0015867834,1201435
20120926,11:30:00.000,BBG000CJZ2W6,-0.01687165,-0.028835133,1120908
20120926,11:30:00.000,BBG000K14Q84,-0.013285921,-0.031288363,2050825
20120926,11:30:00.000,BBG000BH3JF8,0.010533193,0.0064183357,1425375
20120926,11:30:00.000,BBG000BTKGG8,0.0076450408,-0.0014182415,2662374
20120926,11:30:00.000,BBG000BB5006,0.007768509,-0.0060820226,1682417
20120926,11:30:00.000,BBG000BSBZH7,-0.00088219845,-0.0009265378,620853
20120926,11:30:00.000,BBG000BM6788,-0.009368445,-0.020830592,1262665
20120926,11:30:00.000,BBG000BQ5DS5,-0.007971756,-0.009830542,1351420
20120926,11:30:00.000,BBG000BB6WG8,-0.0060978965,-0.007955351,1751428
20120926,11:30:00.000,BBG000BRK7L6,0.0025569405,-0.00944416,1536631
20120926,11:30:00.000,BBG000BMY992,-0.00075367955,0.0008518271,1759988
20120926,11:30:00.000,BBG000FKJRC5,-0.012705535,-0.01612261,678716
20120926,11:30:00.000,BBG000C1BW00,0.008846352,0.008633524,451568
20120926,11:30:00.000,BBG000DY8ZS4,0.015824512,-0.009543145,4360568
20120926,11:30:00.000,BBG000BY33P5,-0.015537397,-0.026308684,3031983
20120926,11:30:00.000,BBG000BKLH74,-0.0003072358,-0.0067648604,1688096
20120926,11:30:00.000,BBG000BMF5J0,-0.019065924,-0.030395498,3379852
20120926,11:30:00.000,BBG000CSY9H9,0.011771257,0.0100018475,1388946
20120926,11:30:00.000,BBG000CPQZ77,-0.011895127,-0.014570043,598252
20120926,11:30:00.000,BBG000CS7CT9,0.004060453,0.00048822293,756763
20120926,11:30:00.000,BBG000BC9938,-0.0073490143,-0.025319822,1078732
20120926,11:30:00.000,BBG000BBJQV0,-0.00090151216,-0.017903572,4396959
20120926,11:30:00.000,BBG000FQ6PY6,0.00061853544,-0.015298357,551655
20120926,11:30:00.000,BBG000PM7GJ0,0.035116248,0.022953512,10954979
20120926,11:30:00.000,BBG000GC80B4,0.009905144,0.00529057,725344
20120926,11:30:00.000,BBG000DYGNW7,0.0003716637,0.0063323895,496036
20120926,11:30:00.000,BBG000HCJMF9,-0.014684915,-0.02905977,1768092
20120926,11:30:00.000,BBG000C17X76,0.00933201,0.00902663,804105
20120926,11:30:00.000,BBG000BMDV41,0.0040834188,-0.005457887,1634630
20120926,11:30:00.000,BBG000TWC2V5,0.003553744,0.005908011,480579
20120926,11:30:00.000,BBG000BBPFB9,0.0046004844,-0.010766662,3434538
20120926,11:30:00.000,BBG000BLKK03,-0.0045683263,-0.009141502,619382
20120926,11:30:00.000,BBG000R8ZVD1,0.012243067,0.004318815,623265
20120926,11:30:00.000,BBG000BD8PN9,0.008162354,-0.00044153794,2056014
20120926,11:30:00.000,BBG000BBDV81,0.0044623152,-0.0025771202,619403
20120926,11:30:00.000,BBG000BCVJ77,-0.013489537,-0.0152919935,2130490
20120926,11:30:00.000,BBG000BJL3N0,0.0048587476,-0.0025936863,4919488
20120926,11:30:00.000,BBG000BZ2GG4,-0.0066876467,-0.029059777,785399
20120926,11:30:00.000,BBG000BKFBD7,-0.0043938695,-0.011093722,1233266
20120926,11:30:00.000,BBG000BJ2VQ6,-0.0027013784,-0.020774988,1051432
20120926,11:30:00.000,BBG000BKFZM4,-0.0019262095,-0.013142675,4793213
20120926,11:30:00.000,BBG000QBR5J5,0.0010565809,-0.008502565,1592455
20120926,11:30:00.000,BBG000BJPDZ1,-0.0029633234,-0.008364437,55930
20120926,11:30:00.000,BBG000BH5LT6,0.0041741403,-0.013643383,1673580
20120926,11:30:00.000,BBG000MBDGM6,0.021928404,0.0057104193,300050
20120926,11:30:00.000,BBG000LD9JQ8,-0.0025071278,-0.0045661074,386026
20120926,11:30:00.000,BBG000BTR593,0.005434416,-0.0010509505,1289484
20120926,11:30:00.000,BBG000BVMGF2,-0.0019825785,-0.007011269,1052666
20120926,11:30:00.000,BBG000FJLFX8,-0.0076701143,-0.012783288,1591896
20120926,11:30:00.000,BBG000BWNFZ9,0.0028156652,-0.025630932,1381516
20120926,11:30:00.000,BBG000BR54L0,-0.00539676,-0.057889473,11009900
20120926,11:30:00.000,BBG000BCBCM7,-0.026372353,-0.04103961,10534988
20120926,11:30:00.000,BBG000BM5SR2,0.007693815,-0.008058861,1720705
20120926,11:30:00.000,BBG000BJ81C1,-0.008732273,-0.0092033995,788742
20120926,11:30:00.000,BBG001DCCGR8,-0.004608606,-0.020504925,1336921
20120926,11:30:00.000,BBG000H89QJ6,0.004082538,-0.0024815837,867225
20120926,11:30:00.000,BBG000F6H8W8,-0.0013354191,0.0015279382,572884
20120926,11:30:00.000,BBG000BS0ZF1,-0.0041137887,-0.008240885,201209
20120926,11:30:00.000,BBG000BVWLJ6,-0.004586706,-0.006017976,1683779
20120926,11:30:00.000,BBG000BGJRC8,-0.004083588,-0.008032089,2266021
20120926,11:30:00.000,BBG000BT9DW0,-0.0020356001,0.009618047,1244388
20120926,11:30:00.000,BBG000BXRPH1,0.005638745,-0.010049835,927825
20120926,11:30:00.000,BBG000C7LMS8,0.009477776,0.0150152445,505307
20120926,11:30:00.000,BBG00286S4N9,-0.0022887131,-0.012175185,1201910
20120926,11:30:00.000,BBG000BH2JM1,0.0043142303,-0.011071122,2942904
20120926,11:30:00.000,BBG000BRD0D8,-0.006624591,-0.011000229,1373620
20120926,11:30:00.000,BBG000BJF1Z8,-0.0019158735,-0.0025420573,791974
20120926,11:30:00.000,BBG000BHQ1H0,0.009543977,0.00761794,813181
20120926,11:30:00.000,BBG000BN5HF7,-0.0070337155,-0.047139466,4333751
20120926,11:30:00.000,BBG000B9WH86,-0.0063092704,-0.0045270324,8588916
20120926,11:30:00.000,BBG000C5Z1S3,-0.0066760397,-0.024569962,14285160
20120926,11:30:00.000,BBG000D9D830,-0.0025973702,-0.009240495,1110713
20120926,11:30:00.000,BBG000JWD753,0.007207489,0.0032941585,3324013
20120926,11:30:00.000,BBG000BKCFC2,-0.00559257,-0.0007483107,1525213
20120926,11:30:00.000,BBG000BWVCP8,-0.01130831,-0.01899014,2012499
20120926,11:30:00.000,BBG000BBD070,-0.0058104834,-0.019680727,1931295
20120926,11:30:00.000,BBG000BMBL90,-0.0067659616,-0.013136125,1066071
20120926,11:30:00.000,BBG000BNWG87,0.0048040524,0.00046222348,1826973
20120926,11:30:00.000,BBG000BCG930,-0.009660766,-0.0156451,1050058
20120926,11:30:00.000,BBG000BHX7N2,-0.0038890112,-0.0074540665,1343218
20120926,11:30:00.000,BBG000BX3TD3,0.014274578,0.011003988,4387055
20120926,11:30:00.000,BBG000BH23R1,-0.0039430917,-0.010025165,6408392
20120926,11:30:00.000,BBG000BBVJZ8,-0.005192061,-0.0121038435,639400
20120926,11:30:00.000,BBG000BJ3PD2,0.013189598,0.0016231631,1302454
20120926,11:30:00.000,BBG000BFQYY3,0.0069501023,0.009089187,535585
20120926,11:30:00.000,BBG000BMW2Z0,-0.0019791913,0.001286874,494583
20120926,11:30:00.000,BBG000CXYSZ6,0.00087459135,-0.015509297,506690
20120926,11:30:00.000,BBG000H556T9,-0.002693082,-0.0059854793,1328969
20120926,11:30:00.000,BBG000J6XT05,-0.0050066006,0.0050534573,1363354
20120926,11:30:00.000,BBG000C8H633,-0.007100301,-0.0186452,2707307
20120926,11:30:00.000,BBG000FP1N32,-0.024640467,-0.039215274,4177002
20120926,11:30:00.000,BBG000BD4VG8,-0.0016953798,-0.021290489,1350078
20120926,11:30:00.000,BBG000C496P7,-0.00041815932,-0.01293157,3302315
20120926,11:30:00.000,BBG000FG3C43,-0.011419258,-0.03168439,3053133
20120926,11:30:00.000,BBG000DHSPT0,-0.0066333017,-0.015430408,1581152
20120926,11:30:00.000,BBG000FW00S1,0.010665202,-0.0054599596,3354269
20120926,11:30:00.000,BBG000BFC8J2,0.012934447,0.010049294,1006746
20120926,11:30:00.000,BBG000BZ9223,0.00028133453,-0.011429359,386047
20120926,11:30:00.000,BBG000GFFQN9,0.00029091645,-0.0025517228,5811199
20120926,11:30:00.000,BBG000G2R6M0,0.0057878518,-0.0011209333,2405096
20120926,11:30:00.000,BBG000FL1TC8,-0.0018508057,-0.010191322,1116999
20120926,11:30:00.000,BBG000BGKTF9,-0.0004832131,-0.008674013,1557079
20120926,11:30:00.000,BBG000BB6KF5,-0.010598055,-0.026494076,3324099
20120926,11:30:00.000,BBG000BGLRN3,-0.008702919,-0.006436826,1151698
20120926,11:30:00.000,BBG000Q9HH23,-0.005682308,-0.017311271,998766
20120926,11:30:00.000,BBG000BV8DN6,0.007921325,0.0077178376,2069183
20120926,11:30:00.000,BBG000BFXHL6,-0.0035191134,-0.009640973,1675855
20120926,11:30:00.000,BBG000C46HM9,0.00015237238,-0.008473308,1930155
20120926,11:30:00.000,BBG000BFRF55,0.0077911327,-0.0048780176,3338475
20120926,11:30:00.000,BBG000BNBDC2,0.00079023483,-0.0031616422,1685844
20120926,11:30:00.000,BBG000BH13K9,0.002887044,-0.00059487816,1353379
20120926,11:30:00.000,BBG000BGPTV6,0.010568974,-0.004381573,945926
20120926,11:30:00.000,BBG000QX74T1,-0.008088239,-0.017568924,500485
20120926,11:30:00.000,BBG000BWJFZ4,0.016226714,0.0037593856,326378
20120926,11:30:00.000,BBG000BWLMJ4,0.0022624875,0.0002770929,2232163
20120926,11:30:00.000,BBG000BW3299,-0.008279645,-0.011048874,807128
20120926,11:30:00.000,BBG000BFDXW1,-0.0019215279,-0.017358921,3897497
20120926,11:30:00.000,BBG000BC2C10,0.0075838706,-0.00035164747,1171071
20120926,11:30:00.000,BBG000BVV7G1,-0.01418134,-0.027673012,7675248
20120926,11:30:00.000,BBG000BPWXK1,-0.0050746724,-0.009351145,2586409
20120926,11:30:00.000,BBG000BBGGQ1,-0.008623202,-0.022882931,3128148
20120926,11:30:00.000,BBG000BHBK84,-0.002872549,-0.012219445,3507440
20120926,11:30:00.000,BBG000BJX8C8,-0.0025463882,-0.017395014,1234538
20120926,11:30:00.000,BBG000H8TVT2,-0.008011496,-0.0069138254,1041369
20120926,11:30:00.000,BBG000BTZQC4,0.001570522,-0.0030021924,2050923
20120926,11:30:00.000,BBG000BP52R2,0.0020824599,0.002046661,970599
20120926,11:30:00.000,BBG000C5HS04,-0.005722179,-0.00078872574,945279
20120926,11:30:00.000,BBG000BH3GZ2,-0.0020862222,-0.008091654,871744
20120926,11:30:00.000,BBG000F1ZSQ2,0.0033711733,-0.0029889976,125606
20120926,11:30:00.000,BBG000C15T95,0.0037538887,0.004214729,1032784
20120926,11:30:00.000,BBG000BFWKC0,-0.0027987661,-0.0064108707,809427
20120926,11:30:00.000,BBG000CL9VN6,0.037944216,0.028353788,2268839
20120926,11:30:00.000,BBG000F0KF42,0.0057481187,-0.028205132,3128124
20120926,11:30:00.000,BBG000C240W1,0.003808369,-0.010840179,17979634
20120926,11:30:00.000,BBG000L9CV04,-0.0030153054,0.0016643784,1418627
20120926,11:30:00.000,BBG000BC40Y8,-0.0029681947,-0.010554088,1507827
20120926,11:30:00.000,BBG000BL4504,-0.00294268,-0.019900579,5389691
20120926,11:30:00.000,BBG000BB07P9,-0.0006488648,-0.0074470346,4657396
20120926,11:30:00.000,BBG000BBDZG3,0.00028454448,-0.0138947945,15656890
20120926,11:30:00.000,BBG000BY29C7,0.000701858,-0.0059162634,2392821
20120926,11:30:00.000,BBG000DWG505,0.0071058827,0.008846005,1221149
20120926,11:30:00.000,BBG000BCQZS4,-0.0072530606,-0.01190434,1905815
20120926,11:30:00.000,BBG000CKGBP2,-0.011998142,-0.014571645,3277889
20120926,11:30:00.000,BBG000BHGDH5,-0.0067232586,0.004975443,1241513
20120926,11:30:00.000,BBG000FFDM15,0.00040966523,0.0007362177,3193917
20120926,11:30:00.000,BBG000BWXBC2,-0.0007877156,-0.00040386914,1658342
20120926,11:30:00.000,BBG000BGRY34,0.0083120465,0.008190318,2741501
20120926,11:30:00.000,BBG000BN2DC2,-0.011638957,-0.02881672,900841
20120926,11:30:00.000,BBG000BH1NH9,0.0051512755,-0.0052335784,1341923
20120926,11:30:00.000,BBG000F0PF65,-0.0023710993,-0.010665677,2778956
20120926,11:30:00.000,BBG000BW8S60,0.0009164262,0.0009525412,1720925
20120926,11:30:00.000,BBG000BCSST7,0.006596665,0.012321794,1732718
20120926,11:30:00.000,BBG000CH5208,0.0020948476,0.0013352307,2251497
20120926,11:30:00.000,BBG000BQQ2S6,0.0048388853,-0.0041018897,1146338
20120926,11:30:00.000,BBG000BLZRJ2,0.0046594534,-0.012037101,8828954
20120926,11:30:00.000,BBG000BP6LJ8,-0.0038704604,0.0029389723,2146016
20120926,11:30:00.000,BBG000DWYF03,-5.3440344e-05,-0.00736913,4480977
20120926,11:30:00.000,BBG000BQPC32,0.0014861793,-0.0049581365,21119662
20120926,11:30:00.000,BBG000BBS2Y0,0.002514897,0.001312089,1954129
20120926,11:30:00.000,BBG000CTQBF3,-0.00068666425,-0.009104427,2383969
20120926,11:30:00.000,BBG000DQLV23,-0.00423652,-0.0061771935,3459453
20120926,11:30:00.000,BBG000KHWT55,-0.0036383073,-0.01376022,11720586
20120926,11:30:00.000,BBG000BNDN65,0.009477292,0.0077473754,6272647
20120926,11:30:00.000,BBG000B9ZXB4,-0.0022246244,-0.0030897243,2149820
20120926,11:30:00.000,BBG000DH7JK6,-0.0014268832,0.0069664973,1552476
20120926,11:30:00.000,BBG000BH4R78,-0.007169138,-0.012556203,2895203
20120926,11:30:00.000,BBG000BQQH30,0.003953526,-0.00522703,2556628
20120926,11:30:00.000,BBG000PSKYX7,8.6736414e-05,-0.007281633,886367
20120926,11:30:00.000,BBG000C6CFJ5,0.00030074708,-0.008188411,2181085
20120926,11:30:00.000,BBG000BKTFN2,-0.012570331,-0.030202644,6724398
20120926,11:30:00.000,BBG000J2XL74,-0.00042868592,0.0049953433,1660763
20120926,11:30:00.000,BBG000BHVJJ3,0.0015717275,-0.014362413,6173363
20120926,11:30:00.000,BBG000C43RR5,0.00016711424,-0.008749053,4517669
20120926,11:30:00.000,BBG000BFT2L4,-0.002876226,-0.009763564,4509052
20120926,11:30:00.000,BBG000D4LWF6,-0.0022976946,0.00072654634,4941967
20120926,11:30:00.000,BBG000BNSZP1,0.004581902,0.0038766966,1872179
20120926,11:30:00.000,BBG000BT41Q8,0.002567478,-0.008596647,1896305
20120926,11:30:00.000,BBG000BKZB36,-0.0046846704,-0.00485566,3244373
20120926,11:30:00.000,BBG000BPD168,0.005871229,0.0033237105,5273596
20120926,11:30:00.000,BBG000HS77T5,0.0034988115,0.005479148,3879921
20120926,11:30:00.000,BBG000BQLTW7,-0.007298238,-0.016616467,12876704
20120926,11:30:00.000,BBG000BVPV84,-0.0033736418,-0.008478202,1384119
20120926,11:30:00.000,BBG000BJDB15,0.0010776614,-0.00941141,10648351
20120926,11:30:00.000,BBG000BMX289,0.004746961,0.011675654,5445030
20120926,11:30:00.000,BBG000MM2P62,-0.0018618392,-0.013317211,16184665
20120926,11:30:00.000,BBG000CGC1X8,0.0027154752,-0.0060613654,4788722
20120926,11:30:00.000,BBG000BLBVN4,-0.009943713,-0.01925996,441191
20120926,11:30:00.000,BBG000BF0K17,-5.076347e-05,-0.00942185,3795413
20120926,11:30:00.000,BBG000BR2TH3,-0.0021112186,0.002299255,3827403
20120926,11:30:00.000,BBG000K4ND22,0.00090785266,-0.0030785901,2116461
20120926,11:30:00.000,BBG000BR2B91,0.0070549925,0.0052327034,9836030
20120926,11:30:00.000,BBG000C3J3C9,0.0024433904,-0.009117925,13211549
20120926,11:30:00.000,BBG000BLNNH6,0.005647391,0.000292513,1193465
20120926,11:30:00.000,BBG000BWQFY7,0.0028981925,-0.0011517203,10527571
20120926,11:30:00.000,BBG000BMHYD1,-0.0018989759,-0.0011542279,3764891
20120926,11:30:00.000,BBG000BK6MB5,-0.0045661973,-0.00672169,15042445
20120926,11:30:00.000,BBG000BSJK37,0.0054383604,0.007357461,8782078
20120926,11:30:00.000,BBG000C0G1D1,0.014888591,0.0017772611,18725376
20120926,11:30:00.000,BBG000FY4S11,0.0016350978,-0.016730161,22845840
20120926,11:30:00.000,BBG000BCTLF6,0.0036823025,-0.011204142,74349528
20120926,11:30:00.000,BBG000DMBXR2,0.0058313357,-0.0054234066,10842245
20120926,11:30:00.000,BBG000BPH459,0.0031052714,-0.007238005,22133000
20120926,11:30:00.000,BBG000GZQ728,-0.003000286,-0.0031601454,3971121
20120926,11:30:00.000,BBG000BHSKN9,0.0003074919,-0.005198611,2457894
20120926,11:30:00.000,BBG000B9XRY4,-0.0009269486,-0.0146714635,9584728
20120926,11:45:00.000,BBG000BFVXX0,0.0077144136,0.0119841285,1005204
20120926,11:45:00.000,BBG000M4SW14,-0.021321205,-0.029853962,414106
20120926,11:45:00.000,BBG000HS74G6,-0.007539303,-0.009280959,212123
20120926,11:45:00.000,BBG000BJNGN9,-0.07087731,-0.09348898,5800368
20120926,11:45:00.000,BBG000FNRZ69,-0.0049602427,-0.015234531,3056640
20120926,11:45:00.000,BBG000BW2QX0,-0.0061728326,-0.010872406,795734
20120926,11:45:00.000,BBG000BBV8B8,0.0014099842,-0.01695752,555870
20120926,11:45:00.000,BBG000DV7MX4,0.016133578,0.003275687,4444301
20120926,11:45:00.000,BBG000BQ74K1,-0.001007835,-0.0075582177,345964
20120926,11:45:00.000,BBG000BCYP43,0.00068726134,0.0004284891,82925
20120926,11:45:00.000,BBG000BW5YW1,0.016583197,-0.011246459,1218293
20120926,11:45:00.000,BBG000BLCL55,0.0011931527,-0.011112617,373458
20120926,11:45:00.000,BBG000CZWZ05,0.0012507885,-0.006579805,190515
20120926,11:45:00.000,BBG000NSCNT7,0.007203058,-0.003357496,1004646
20120926,11:45:00.000,BBG000D14WM3,-0.0050212773,-0.023592366,3053886
20120926,11:45:00.000,BBG000BK5DP1,0.009139235,-0.006606469,1439056
20120926,11:45:00.000,BBG000PCNTM2,-0.003834037,-0.013763109,199481
20120926,11:45:00.000,BBG000BBB3K1,0.0012193839,0.008257887,509308
20120926,11:45:00.000,BBG000C2YHG9,-0.009573598,-0.022147082,836281
20120926,11:45:00.000,BBG000RGM5P1,-0.0075729424,-0.020399213,1222844
20120926,11:45:00.000,BBG000BQ87N0,0.0029859997,0.009722489,448101
20120926,11:45:00.000,BBG000BD0TF8,0.002631764,-0.0063644405,238606
20120926,11:45:00.000,BBG000BDG1Y1,0.0012032442,-0.008482541,484837
20120926,11:45:00.000,BBG000BHC2S1,0.0057680868,-0.0066580367,234348
20120926,11:45:00.000,BBG000BCHG15,-0.00017769981,-0.0043297303,374939
20120926,11:45:00.000,BBG000CLVM51,-0.0041021113,-0.009926743,104237
20120926,11:45:00.000,BBG000BBCQD7,0.0015228824,-0.008097795,534916
20120926,11:45:00.000,BBG000BB03M1,0.015487097,0.0059528733,521545
20120926,11:45:00.000,BBG000BQC9V2,0.020188496,0.012038775,1630680
20120926,11:45:00.000,BBG000D5S4M0,-0.009997595,-0.014796789,240775
20120926,11:45:00.000,BBG000BB9RZ5,0.0140763065,0.0034521925,155646
20120926,11:45:00.000,BBG000DCCZW2,-0.0034194435,-0.016398413,385249
20120926,11:45:00.000,BBG000BS5170,-0.008765151,-0.008906907,464707
20120926,11:45:00.000,BBG000BLMZK6,0.0001308504,-0.0008788087,598656
20120926,11:45:00.000,BBG000BB5BF6,0.0053090816,0.003349943,1811122
20120926,11:45:00.000,BBG000BLXZN1,0.0017788847,-0.013094174,114225
20120926,11:45:00.000,BBG000FQRVM3,0.000161999,-0.0019021655,166045
20120926,11:45:00.000,BBG000BGFLL5,-0.00092679175,-0.008046634,964168
20120926,11:45:00.000,BBG000BJ5GK2,0.0052335304,0.007907748,310610
20120926,11:45:00.000,BBG000BWP7D9,0.008436453,0.011763234,976003
20120926,11:45:00.000,BBG000BPQVR5,0.003746544,-0.006422361,218223
20120926,11:45:00.000,BBG000DGPR66,-0.007561467,-0.0128661925,360894
20120926,11:45:00.000,BBG000BRZBT3,-0.0067437375,-0.02023456,822719
20120926,11:45:00.000,BBG000BWBZN1,0.002181002,-0.0015768274,311912
20120926,11:45:00.000,BBG000BFS7D3,0.013539919,0.020029474,339359
20120926,11:45:00.000,BBG000C23KJ3,-0.009850166,-0.010854157,3157876
20120926,11:45:00.000,BBG001QD41M9,0.0022477855,-0.007649521,543961
20120926,11:45:00.000,BBG000M44VW8,-0.008093957,-0.029937373,676745
20120926,11:45:00.000,BBG000BSJTT0,0.012083485,-0.0010174278,1581032
20120926,11:45:00.000,BBG000C9W1Y1,0.0039779935,0.0025067267,821326
20120926,11:45:00.000,BBG000DHNDK1,,,667526
20120926,11:45:00.000,BBG000BN9WT5,0.004278813,-0.007556042,578978
20120926,11:45:00.000,BBG000BBMT95,-0.00016318423,-0.0071498435,885693
20120926,11:45:00.000,BBG000BJVZF7,0.008003554,0.0041531716,1011481
20120926,11:45:00.000,BBG000BPZBB6,-0.0003581805,0.0011755385,805310
20120926,11:45:00.000,BBG000R57L13,0.009164494,-0.01356368,1798793
20120926,11:45:00.000,BBG000C1FB75,0.0025424478,-0.0010360696,80726
20120926,11:45:00.000,BBG000BF6LY3,-0.0023419156,-0.0018868427,2871884
20120926,11:45:00.000,BBG000F6ZWH2,0.006806667,-0.007561778,339527
20120926,11:45:00.000,BBG000BP7JB0,-0.01082026,-0.029161675,2235966
20120926,11:45:00.000,BBG000RNTSX0,0.009594363,-0.006487871,214106
20120926,11:45:00.000,BBG000BCTQ65,0.0042933417,0.011213454,864299
20120926,11:45:00.000,BBG000C4DPX1,0.010365069,-0.0051508653,1045502
20120926,11:45:00.000,BBG000TJM7F0,0.0009108587,0.005837271,340128
20120926,11:45:00.000,BBG0016WLQ18,-0.013647571,-0.024973148,948206
20120926,11:45:00.000,BBG000CNFQW6,0.0013975783,-0.0014560613,105913
20120926,11:45:00.000,BBG000BMZ7P7,-0.009941207,-0.015980082,157550
20120926,11:45:00.000,BBG000BLDV98,-0.004530041,0.00472087,1004087
20120926,11:45:00.000,BBG000BKWSR6,0.003865728,-0.0029345949,2068781
20120926,11:45:00.000,BBG000MQ1SN9,0.0043665054,0.005484902,242044
20120926,11:45:00.000,BBG000C75N77,0.0054432033,-0.00032526502,633790
20120926,11:45:00.000,BBG000C2ZCH8,0.0012171523,0.0041130977,362249
20120926,11:45:00.000,BBG000BVB8Q0,0.009925458,-0.002221634,1715252
20120926,11:45:00.000,BBG000G6BN50,-0.010512357,-0.018232277,148350
20120926,11:45:00.000,BBG000BL79J3,-0.004656138,-0.008040369,888366
20120926,11:45:00.000,BBG000BKXFN7,0.0025960892,-0.014819397,2098814
20120926,11:45:00.000,BBG000BD3LM4,-0.0003486909,-0.01869004,1362972
20120926,11:45:00.000,BBG000F86GP6,0.004903479,-0.0022511918,629045
20120926,11:45:00.000,BBG000BGXZB5,-0.011319144,-0.01694503,1235490
20120926,11:45:00.000,BBG000BVMPN3,0.003793714,-0.0034940315,395097
20120926,11:45:00.000,BBG000D9DMK0,-0.008144563,-0.0048261643,144319
20120926,11:45:00.000,BBG000FDBX90,-0.0039380845,-0.0009341368,1278331
20120926,11:45:00.000,BBG000MM5VL9,-0.0065811323,-0.013260319,482832
20120926,11:45:00.000,BBG000BHCP19,0.0024027363,-0.008352699,658155
20120926,11:45:00.000,BBG000BX8DC4,0.001703255,-0.0037694804,386555
20120926,11:45:00.000,BBG000G3QLY3,0.009579526,-0.002145821,460098
20120926,11:45:00.000,BBG000BDWKC5,0.0036827067,-0.0072919545,1436498
20120926,11:45:00.000,BBG000BMRFF9,0.007992188,0.0039677643,279532
20120926,11:45:00.000,BBG000BT4T69,-0.0030859152,-0.00451062,724138
20120926,11:45:00.000,BBG000BRRG02,0.0010180429,-0.0021562588,343347
20120926,11:45:00.000,BBG000BP0KQ8,-0.0014712383,-0.014201138,3384474
20120926,11:45:00.000,BBG000RKR4R8,0.008424355,-0.007117264,3769275
20120926,11:45:00.000,BBG000C3HSR0,-0.0021168054,-0.017399454,2600961
20120926,11:45:00.000,BBG000BKQ3V3,-0.003056025,-0.021490512,1166612
20120926,11:45:00.000,BBG000CGT2S4,0.0131921265,0.0092397,850630
20120926,11:45:00.000,BBG000C1FQS9,-0.0025596218,0.006867146,210065
20120926,11:45:00.000,BBG000FFH4P5,0.001502521,-0.008182968,181924
20120926,11:45:00.000,BBG000BF5RY1,-0.00551112,-0.0045445147,1029438
20120926,11:45:00.000,BBG000BFNR17,0.00043464816,-0.008119417,165683
20120926,11:45:00.000,BBG000BR1W32,-0.021733547,-0.045821786,1426546
20120926,11:45:00.000,BBG001M8HHB7,-0.0023444756,-0.010665408,965261
20120926,11:45:00.000,BBG000BPNP00,-0.0024107362,-0.016434044,1396515
20120926,11:45:00.000,BBG000C0LW92,0.002557663,-0.003549642,2198982
20120926,11:45:00.000,BBG000K7PWX7,0.014576996,0.001186173,691630
20120926,11:45:00.000,BBG000BQSQ38,-0.0036758075,-0.00598521,1634640
20120926,11:45:00.000,BBG000BKXYX5,0.036357477,0.03614807,1322275
20120926,11:45:00.000,BBG000BLHRS2,-0.00302448,0.0011275926,148152
20120926,11:45:00.000,BBG000JYP7L8,0.016980072,0.0058263987,476137
20120926,11:45:00.000,BBG000PV2L86,-0.009186086,-0.006377102,200043
20120926,11:45:00.000,BBG000BTCH57,0.006284036,0.009485008,743342
20120926,11:45:00.000,BBG000BBNYF6,0.007113288,-0.00035845969,388403
20120926,11:45:00.000,BBG000BPL8X4,-0.0018580303,-0.00063488545,669561
20120926,11:45:00.000,BBG000BLCPY4,0.013442307,-0.0060030003,709424
20120926,11:45:00.000,BBG000BNC3Y9,0.0014481937,-0.016484844,830897
20120926,11:45:00.000,BBG000BT9T73,0.002352124,-0.018452702,2705891
20120926,11:45:00.000,BBG000BC15S7,0.002380031,0.0035642788,208357
20120926,11:45:00.000,BBG000BKNX95,-0.004894426,-0.016453989,1594170
20120926,11:45:00.000,BBG000C90DH9,4.6701927e-05,-0.013339213,1110637
20120926,11:45:00.000,BBG000C7B436,0.002538442,-0.017825358,1141784
20120926,11:45:00.000,BBG000BK6G19,-0.0053536673,-0.015177616,488532
20120926,11:45:00.000,BBG000BX5ZF5,-0.00066456397,-0.017504193,5829874
20120926,11:45:00.000,BBG000BGD7W6,-0.0044478364,-0.0021714144,1063646
20120926,11:45:00.000,BBG000BVSX05,-0.0002496858,-0.01681177,966487
20120926,11:45:00.000,BBG000CKJ0P3,0.00021891462,-0.0034758495,352433
20120926,11:45:00.000,BBG000BNJHS8,-0.0012467009,0.0079139685,1449262
20120926,11:45:00.000,BBG000BQZMH4,0.00116802,0.006596744,479443
20120926,11:45:00.000,BBG000DN7P92,0.0039808475,0.00049340236,345544
20120926,11:45:00.000,BBG000BKPL53,0.0016371481,-0.0036643443,354098
20120926,11:45:00.000,BBG000BB2DM7,0.0041495916,-1.5950131e-07,4806025
20120926,11:45:00.000,BBG000BJDPC2,0.015566095,0.019156124,556423
20120926,11:45:00.000,BBG000BJ8YN7,-0.0035301996,-0.009125501,685567
20120926,11:45:00.000,BBG000BPVCR1,-0.040225144,-0.054634586,3967520
20120926,11:45:00.000,BBG000PCQQL6,0.0021677741,-0.005511735,763835
20120926,11:45:00.000,BBG000C2BXK4,0.00075211877,0.0019109971,2516952
20120926,11:45:00.000,BBG000F9KJN4,-0.0046159765,-0.017108338,971422
20120926,11:45:00.000,BBG000BNNYW1,-0.0025660887,-0.0018276895,876628
20120926,11:45:00.000,BBG000C734W3,-0.0018566593,-0.013658869,286844
20120926,11:45:00.000,BBG000D7RKJ5,-0.001903687,0.008243409,444714
20120926,11:45:00.000,BBG000G8N9C6,-0.0007011905,-0.0026412327,603096
20120926,11:45:00.000,BBG000BRXP69,0.0013156033,-0.004404282,192500
20120926,11:45:00.000,BBG000NDYB67,0.0037081202,-0.005948197,4610049
20120926,11:45:00.000,BBG000BHZ5J9,0.008322747,0.0039401967,177409
20120926,11:45:00.000,BBG000BHKYH4,0.0064251674,0.009249387,562967
20120926,11:45:00.000,BBG000D2M0Z7,0.0049359393,0.0052312952,213167
20120926,11:45:00.000,BBG000CHWP52,0.0085151745,-0.0011121641,469434
20120926,11:45:00.000,BBG0029SNR63,0.019465832,0.010123317,2949802
20120926,11:45:00.000,BBG000BNNKG9,0.0024164226,-0.016082345,3416975
20120926,11:45:00.000,BBG000BP4MH0,0.006144318,0.007960863,1100206
20120926,11:45:00.000,BBG000BHLYS1,0.0072682616,0.014457109,1170806
20120926,11:45:00.000,BBG000BFJ645,-0.009246303,-0.0123050595,8165220
20120926,11:45:00.000,BBG000BC4JJ4,-0.0005457326,-0.00425909,469728
20120926,11:45:00.000,BBG000BVVQQ8,-0.0025984088,-0.011545361,1045754
20120926,11:45:00.000,BBG000DLFM21,0.0055458215,-0.005135692,318515
20120926,11:45:00.000,BBG000BP1152,-0.020349644,-0.038073637,1904085
20120926,11:45:00.000,BBG000H50PN8,0.004142383,-0.0045440183,541499
20120926,11:45:00.000,BBG000CP95B7,0.003944021,0.00032922864,239204
20120926,11:45:00.000,BBG000BS9489,-0.004723299,-0.011269658,586987
20120926,11:45:00.000,BBG000KBQZ88,0.0014877759,-0.0036431463,385371
20120926,11:45:00.000,BBG000C37332,-0.006576637,-0.015370699,252181
20120926,11:45:00.000,BBG000C2PW58,0.009324525,0.003035512,140143
20120926,11:45:00.000,BBG000BKR1D6,0.013139032,0.0059013185,273925
20120926,11:45:00.000,BBG000BR37X2,-0.0056058574,-0.0038388458,1429147
20120926,11:45:00.000,BBG000BWCKB6,0.0060641626,0.007131807,182058
20120926,11:45:00.000,BBG000BCZYD3,-0.0018195099,-0.0022151158,247644
20120926,11:45:00.000,BBG000BMKDM3,-0.0026906226,0.0011569727,490707
20120926,11:45:00.000,BBG000D3MB18,-0.00013627096,-0.008490246,646227
20120926,11:45:00.000,BBG000BB1TH9,-0.003981057,-0.009439315,608870
20120926,11:45:00.000,BBG000BQVTF5,-0.006522284,-0.015048703,1016823
20120926,11:45:00.000,BBG000D1QCF1,-0.018300708,-0.029659057,1115133
20120926,11:45:00.000,BBG000PX3XC0,-0.010303625,-0.022727488,802660
20120926,11:45:00.000,BBG000J1QLT0,0.009703938,0.0037297127,490731
20120926,11:45:00.000,BBG000BH8TT6,-0.021474797,-0.033015013,2477552
20120926,11:45:00.000,BBG000QRFNK2,-0.06509436,-0.073581286,4841930
20120926,11:45:00.000,BBG000BCNYT9,-0.00038419323,-0.0057019047,1055914
20120926,11:45:00.000,BBG000BPMH90,-0.01494314,-0.022715822,470263
20120926,11:45:00.000,BBG000F7RCJ1,-0.0011830681,-0.0028869584,334829
20120926,11:45:00.000,BBG000BB6G37,0.0017674678,-0.009486032,876333
20120926,11:45:00.000,BBG000BFDLV8,-0.0018719292,-0.007818119,414772
20120926,11:45:00.000,BBG000WCFV84,0.00293577,-0.008266093,1226147
20120926,11:45:00.000,BBG000BY2Y78,0.0017874495,-0.008847897,702345
20120926,11:45:00.000,BBG000BXM6V2,-0.008122002,-0.010797003,694920
20120926,11:45:00.000,BBG000FH8PX5,0.0015056541,-0.0034862044,210169
20120926,11:45:00.000,BBG000BP8Z50,-0.0029431346,-0.012196297,581546
20120926,11:45:00.000,BBG000BQWPC5,0.0026520716,0.0070331898,927744
20120926,11:45:00.000,BBG000BWSV34,-0.0026475657,-0.02327664,552851
20120926,11:45:00.000,BBG000NDZ417,-0.004353399,-0.020959772,1163297
20120926,11:45:00.000,BBG000BJQWD2,-0.0033452504,-0.015866665,765890
20120926,11:45:00.000,BBG000BB5373,0.014743723,0.008171832,1414127
20120926,11:45:00.000,BBG000BHB3M6,0.002456086,-0.0065110414,447085
20120926,11:45:00.000,BBG000BLW530,-0.0015944039,-0.013570183,423638
20120926,11:45:00.000,BBG000D8RG11,-0.01423103,-0.018863795,1252292
20120926,11:45:00.000,BBG0019JZ882,-0.002120327,-0.0042196494,1281720
20120926,11:45:00.000,BBG000R7RDB4,-0.011065006,-0.022133965,480003
20120926,11:45:00.000,BBG000BQ8KV2,0.000323798,0.0014453952,831411
20120926,11:45:00.000,BBG000BYWTX7,-0.00669157,-0.022715313,7017824
20120926,11:45:00.000,BBG000C1S2X2,-0.015295028,-0.023106601,570704
20120926,11:45:00.000,BBG000DLVDK3,0.0039130994,-0.00020118193,727867
20120926,11:45:00.000,BBG000BFL116,0.014188857,-0.0085263755,1913306
20120926,11:45:00.000,BBG000C1DHF5,-0.021236598,-0.044489995,2209429
20120926,11:45:00.000,BBG000BVHBM1,0.0053660166,-0.032680582,2547485
20120926,11:45:00.000,BBG000BGVW60,0.00089258654,0.0075962474,996966
20120926,11:45:00.000,BBG000BPQD31,0.00086140627,-0.007436173,765829
20120926,11:45:00.000,BBG000H1F895,-0.007782514,-0.031894002,1170662
20120926,11:45:00.000,BBG000K82ZT8,0.0046187555,-0.010389465,925586
20120926,11:45:00.000,BBG000DNTSP4,-0.00554848,-0.005123811,1281521
20120926,11:45:00.000,BBG000F15NW9,0.007841607,0.002383195,856304
20120926,11:45:00.000,BBG000BPT0C6,-0.0007531581,-0.007395805,352628
20120926,11:45:00.000,BBG000B9WJ73,0.039548993,0.027309539,6315675
20120926,11:45:00.000,BBG000BDXGP9,0.004637521,0.0062034237,1373130
20120926,11:45:00.000,BBG000BSD7C2,-0.0057479604,-0.0011197642,336809
20120926,11:45:00.000,BBG000BSLZY7,0.0034317407,-0.0031043552,5622374
20120926,11:45:00.000,BBG000BKZTP3,0.004077462,-0.002012681,1525568
20120926,11:45:00.000,BBG000BF1R66,-0.003159036,-0.0020392633,396987
20120926,11:45:00.000,BBG000HW5GX3,0.0026279457,-0.009836487,1718606
20120926,11:45:00.000,BBG000C0F570,-0.0006218754,-0.012719619,920948
20120926,11:45:00.000,BBG000BP1Q11,0.008488524,0.0018494374,529994
20120926,11:45:00.000,BBG000BMQPL1,0.004968516,-0.0034183406,3659602
20120926,11:45:00.000,BBG000M65M61,-0.002864938,0.0035287857,1665816
20120926,11:45:00.000,BBG000BM7HL0,0.004736922,-0.012167248,1055070
20120926,11:45:00.000,BBG000BJ49H3,-0.0018554017,-0.008658032,500285
20120926,11:45:00.000,BBG000JBN3X6,0.013870121,0.0116556985,1745321
20120926,11:45:00.000,BBG000NSQ9M0,-0.006056566,-0.0116245765,3540494
20120926,11:45:00.000,BBG000BTVJ25,-0.00021886943,0.0019437495,811760
20120926,11:45:00.000,BBG000BBCDZ2,-0.013740892,-0.020379055,640328
20120926,11:45:00.000,BBG000BNGTQ7,0.001134191,-0.0027368842,549628
20120926,11:45:00.000,BBG000BGKHZ3,0.0060610264,-0.0021965674,608864
20120926,11:45:00.000,BBG000BL9439,-1.1097585e-05,0.0034039267,467705
20120926,11:45:00.000,BBG000H9G7X2,-0.0033461805,-0.009689415,902168
20120926,11:45:00.000,BBG000BK67C7,0.0050473874,0.009102718,640543
20120926,11:45:00.000,BBG000FV1Z23,0.004708482,0.002828642,363780
20120926,11:45:00.000,BBG000BV7LP7,-0.008682866,-0.016498316,2502065
20120926,11:45:00.000,BBG000CR90K4,0.038159475,0.028766427,19679840
20120926,11:45:00.000,BBG000BL9JQ1,0.003705747,-0.012157283,1149911
20120926,11:45:00.000,BBG000BF2KK4,0.007885899,0.0028312681,207471
20120926,11:45:00.000,BBG000GLBN48,-0.002531551,-0.0106384,386569
20120926,11:45:00.000,BBG000BB6M98,-0.0005656222,0.0036102207,429131
20120926,11:45:00.000,BBG000BXMFC3,-0.02986689,-0.052127443,2849410
20120926,11:45:00.000,BBG000BSXQV7,-0.0052079735,-0.0041939337,300682
20120926,11:45:00.000,BBG000MDCQC2,-0.0013847185,0.0038639968,1098687
20120926,11:45:00.000,BBG000BRJ809,0.0048155356,-0.0018258485,197693
20120926,11:45:00.000,BBG000DKCC19,0.018470455,0.016964816,1812155
20120926,11:45:00.000,BBG000BFMBQ6,0.006184988,0.0023470225,492023
20120926,11:45:00.000,BBG000BQ2C28,0.0083429655,0.0080580665,542698
20120926,11:45:00.000,BBG000BMTFR4,0.014747627,-0.0027744595,1148566
20120926,11:45:00.000,BBG000BHLYP4,0.003095499,-0.0015741865,649594
20120926,11:45:00.000,BBG000BNFLM9,-0.0033673253,-0.016010392,1612554
20120926,11:45:00.000,BBG000NV1KK7,0.006829866,0.007399636,1395642
20120926,11:45:00.000,BBG000FBK808,-0.0065089017,-0.019969655,2212822
20120926,11:45:00.000,BBG000R0L5J4,-0.009637464,-0.020902013,454970
20120926,11:45:00.000,BBG000BZTW70,-0.0063624787,-0.028059961,3946719
20120926,11:45:00.000,BBG000BLM0V1,,,504088
20120926,11:45:00.000,BBG000BTQR96,-0.000694607,-0.010876225,639924
20120926,11:45:00.000,BBG000BH5DV1,0.009922248,-0.0017276346,1410360
20120926,11:45:00.000,BBG000BLBXT4,-0.008786263,-0.008206361,419840
20120926,11:45:00.000,BBG000KLB4Q1,-0.009681115,-0.034049656,3994257
20120926,11:45:00.000,BBG000BR3KL6,-0.0028004895,-0.012380699,517875
20120926,11:45:00.000,BBG000BB9KF2,-0.0035729746,0.004846206,567124
20120926,11:45:00.000,BBG000BVDLH9,0.0051390673,-0.00033907668,401183
20120926,11:45:00.000,BBG000C0MF34,-0.0025911245,0.003168944,309349
20120926,11:45:00.000,BBG000FVXD63,0.013141116,0.0073029185,459040
20120926,11:45:00.000,BBG000CGQ6M4,-0.0144690825,-0.01721451,706712
20120926,11:45:00.000,BBG000BJSBJ0,0.004433457,0.011207839,998519
20120926,11:45:00.000,BBG000BFTJ91,-0.0031921074,-0.010889635,732916
20120926,11:45:00.000,BBG000BSC0K9,-0.0009760109,-0.0027721957,614209
20120926,11:45:00.000,BBG000BWXL85,0.008965684,-0.00853058,1084135
20120926,11:45:00.000,BBG000QY3XZ2,0.004633966,-0.014016486,794319
20120926,11:45:00.000,BBG000BCWCG1,0.002914958,0.0005905576,2685746
20120926,11:45:00.000,BBG000CKVSG8,0.020024253,0.010949595,2946190
20120926,11:45:00.000,BBG000JN8R00,0.015356542,0.0075626215,842517
20120926,11:45:00.000,BBG000BBBNC6,-0.0046833255,-0.01870758,1373202
20120926,11:45:00.000,BBG000JG0547,-0.0013711337,-0.0037681637,1097659
20120926,11:45:00.000,BBG000R7Z112,0.006320057,0.011092664,2402977
20120926,11:45:00.000,BBG000D898T9,0.0039849654,0.0055100014,1588839
20120926,11:45:00.000,BBG000Q3JN03,0.0035801549,-0.006920661,5741018
20120926,11:45:00.000,BBG000BRJL00,-0.005585686,0.003449886,1926608
20120926,11:45:00.000,BBG000C2V3D6,0.008491604,-0.0049553695,1321355
20120926,11:45:00.000,BBG000G30YX4,-0.004623986,-0.013647477,487238
20120926,11:45:00.000,BBG000G0Z878,0.007508803,-0.0047864374,2165317
20120926,11:45:00.000,BBG000BKXBV7,-0.0011557067,-0.0095181735,4872698
20120926,11:45:00.000,BBG000BJ98Z0,-0.011043368,-0.013391935,4125122
20120926,11:45:00.000,BBG000BR14K5,0.0046722624,0.0051295334,646797
20120926,11:45:00.000,BBG000BGYWY6,-0.0002464251,0.0018361061,400384
20120926,11:45:00.000,BBG000BCGY17,-0.0001468387,0.005295632,411261
20120926,11:45:00.000,BBG000BV75B7,0.001169236,-0.012494783,710177
20120926,11:45:00.000,BBG000CXD6X9,-0.008078382,-0.011202366,875198
20120926,11:45:00.000,BBG000BWVSR1,-0.0074598845,-0.0037390147,1256705
20120926,11:45:00.000,BBG000BVPPM1,-0.0004995625,-0.015227185,1234347
20120926,11:45:00.000,BBG000BBMSJ6,-0.0043642935,-0.018731365,1255763
20120926,11:45:00.000,BBG000CHPY97,0.0085607665,0.0013717728,1149378
20120926,11:45:00.000,BBG000C3GN47,0.015854444,0.0053832536,839056
20120926,11:45:00.000,BBG000BYYLS8,0.0036590027,-0.0027127499,1486340
20120926,11:45:00.000,BBG000DTMH63,,,1259160
20120926,11:45:00.000,BBG000PVRDL2,-0.008983042,-0.018155495,3796655
20120926,11:45:00.000,BBG000DQTXY6,0.0037534127,-0.038169198,5165668
20120926,11:45:00.000,BBG000JF5CV9,0.009407114,-0.0027771452,1619784
20120926,11:45:00.000,BBG000CJZ2W6,-0.017388439,-0.027919691,1181958
20120926,11:45:00.000,BBG000K14Q84,-0.009784888,-0.023729924,2193909
20120926,11:45:00.000,BBG000BH3JF8,0.010448503,0.0069683413,1568360
20120926,11:45:00.000,BBG000BTKGG8,0.00947601,-0.00017736902,2814337
20120926,11:45:00.000,BBG000BB5006,0.005920415,-0.007906456,1742010
20120926,11:45:00.000,BBG000BSBZH7,-0.0016555666,-0.00054051814,677384
20120926,11:45:00.000,BBG000BM6788,-0.009528987,-0.01950078,1367960
20120926,11:45:00.000,BBG000BQ5DS5,-0.006226165,-0.0071425964,1429359
20120926,11:45:00.000,BBG000BB6WG8,-0.008118372,-0.010486607,1920391
20120926,11:45:00.000,BBG000BRK7L6,0.0006256087,-0.010358082,1698734
20120926,11:45:00.000,BBG000BMY992,0.0003761034,0.0021297596,1870814
20120926,11:45:00.000,BBG000FKJRC5,-0.014464906,-0.01799531,772431
20120926,11:45:00.000,BBG000C1BW00,0.008236524,0.008579015,481358
20120926,11:45:00.000,BBG000DY8ZS4,0.0153322,-0.0071573732,4940053
20120926,11:45:00.000,BBG000BY33P5,-0.014296673,-0.025189046,3257546
20120926,11:45:00.000,BBG000BKLH74,-0.00036491294,-0.005637195,1801842
20120926,11:45:00.000,BBG000BMF5J0,-0.013483008,-0.022290068,3679022
20120926,11:45:00.000,BBG000CSY9H9,0.012059703,0.010163328,1592975
20120926,11:45:00.000,BBG000CPQZ77,-0.012529441,-0.015079432,632952
20120926,11:45:00.000,BBG000CS7CT9,0.0025116988,0.00087890483,818772
20120926,11:45:00.000,BBG000BC9938,-0.010738717,-0.028959166,1160723
20120926,11:45:00.000,BBG000BBJQV0,-0.0073745498,-0.023871422,4880719
20120926,11:45:00.000,BBG000FQ6PY6,0.0013429073,-0.01463324,625150
20120926,11:45:00.000,BBG000PM7GJ0,0.031109383,0.021423427,11926714
20120926,11:45:00.000,BBG000GC80B4,0.010022475,0.004786726,770434
20120926,11:45:00.000,BBG000DYGNW7,0.0003352871,0.005362532,538694
20120926,11:45:00.000,BBG000HCJMF9,-0.015049502,-0.029149603,1895948
20120926,11:45:00.000,BBG000C17X76,0.010728854,0.009320934,864346
20120926,11:45:00.000,BBG000BMDV41,0.0038074702,-0.0038206151,1817127
20120926,11:45:00.000,BBG000TWC2V5,0.0031070367,0.0054325294,542184
20120926,11:45:00.000,BBG000BBPFB9,0.004758833,-0.010766641,3658413
20120926,11:45:00.000,BBG000BLKK03,-0.005416967,-0.0108425375,668084
20120926,11:45:00.000,BBG000R8ZVD1,0.012784985,0.0070605353,673558
20120926,11:45:00.000,BBG000BD8PN9,0.008547614,-0.0004415294,2150193
20120926,11:45:00.000,BBG000BBDV81,0.004951325,-0.0019883031,662858
20120926,11:45:00.000,BBG000BCVJ77,-0.013345165,-0.015785351,2252845
20120926,11:45:00.000,BBG000BJL3N0,0.0020547037,-0.005831006,5300537
20120926,11:45:00.000,BBG000BZ2GG4,-0.004142067,-0.023921093,856790
20120926,11:45:00.000,BBG000BKFBD7,-0.0046151793,-0.011329733,1308680
20120926,11:45:00.000,BBG000BJ2VQ6,-0.0034468705,-0.019323522,1166205
20120926,11:45:00.000,BBG000BKFZM4,-0.0025361222,-0.013915801,5241314
20120926,11:45:00.000,BBG000QBR5J5,0.002878778,-0.00664269,1762274
20120926,11:45:00.000,BBG000BJPDZ1,-0.0041150805,-0.0102601005,64198
20120926,11:45:00.000,BBG000BH5LT6,0.003226706,-0.012577497,1745970
20120926,11:45:00.000,BBG000MBDGM6,0.020706106,0.004724944,312354
20120926,11:45:00.000,BBG000LD9JQ8,-0.004793535,-0.0059271166,410999
20120926,11:45:00.000,BBG000BTR593,0.005510612,0.00030046955,1395553
20120926,11:45:00.000,BBG000BVMGF2,-0.002367865,-0.00701102,1116245
20120926,11:45:00.000,BBG000FJLFX8,-0.006771469,-0.012532722,1650437
20120926,11:45:00.000,BBG000BWNFZ9,0.0029829016,-0.025250427,1505968
20120926,11:45:00.000,BBG000BR54L0,-0.00741034,-0.05353222,11858453
20120926,11:45:00.000,BBG000BCBCM7,-0.029713232,-0.042749796,10922244
20120926,11:45:00.000,BBG000BM5SR2,0.008663772,-0.0062525887,1857080
20120926,11:45:00.000,BBG000BJ81C1,-0.009655848,-0.01037196,841017
20120926,11:45:00.000,BBG001DCCGR8,-0.004436428,-0.019572776,1479645
20120926,11:45:00.000,BBG000H89QJ6,0.0018032837,-0.0049104234,911886
20120926,11:45:00.000,BBG000F6H8W8,-0.0022216965,0.00049308036,607400
20120926,11:45:00.000,BBG000BS0ZF1,-0.0030622222,-0.0054277848,237543
20120926,11:45:00.000,BBG000BVWLJ6,-0.0036735185,-0.004467835,1868835
20120926,11:45:00.000,BBG000BGJRC8,-0.0051219747,-0.008032067,2486977
20120926,11:45:00.000,BBG000BT9DW0,-0.0018936177,0.009836776,1324944
20120926,11:45:00.000,BBG000BXRPH1,0.006048954,-0.0077680903,958647
20120926,11:45:00.000,BBG000C7LMS8,0.0107131675,0.016032653,526012
20120926,11:45:00.000,BBG00286S4N9,0.0058436184,-0.0025001543,1400351
20120926,11:45:00.000,BBG000BH2JM1,0.009367966,-0.006089196,3581566
20120926,11:45:00.000,BBG000BRD0D8,-0.0074760304,-0.012859359,1835855
20120926,11:45:00.000,BBG000BJF1Z8,-0.00071624183,-0.0011232768,847063
20120926,11:45:00.000,BBG000BHQ1H0,0.009272459,0.0064123147,858974
20120926,11:45:00.000,BBG000BN5HF7,-0.009121875,-0.043280028,5161577
20120926,11:45:00.000,BBG000B9WH86,-0.0076569286,-0.005658818,9602529
20120926,11:45:00.000,BBG000C5Z1S3,-0.0066083428,-0.024569927,14762669
20120926,11:45:00.000,BBG000D9D830,-0.0030292931,-0.009702585,1149957
20120926,11:45:00.000,BBG000JWD753,0.008011692,0.0049413517,3542038
20120926,11:45:00.000,BBG000BKCFC2,-0.0053811213,-0.00074832403,1604875
20120926,11:45:00.000,BBG000BWVCP8,-0.012344362,-0.018990189,2304086
20120926,11:45:00.000,BBG000BBD070,-0.0064698127,-0.018468326,2067050
20120926,11:45:00.000,BBG000BMBL90,-0.0067297663,-0.012630875,1229766
20120926,11:45:00.000,BBG000BNWG87,0.005550121,0.00069309893,1938874
20120926,11:45:00.000,BBG000BCG930,-0.0078029754,-0.014875665,1112351
20120926,11:45:00.000,BBG000BHX7N2,-0.0034906461,-0.0051763193,1462139
20120926,11:45:00.000,BBG000BX3TD3,0.00907145,0.006812298,4882849
20120926,11:45:00.000,BBG000BH23R1,-0.0052325316,-0.011027686,6823192
20120926,11:45:00.000,BBG000BBVJZ8,-0.0045859683,-0.0099183945,693783
20120926,11:45:00.000,BBG000BJ3PD2,0.014297602,0.004978015,1367152
20120926,11:45:00.000,BBG000BFQYY3,0.0062581617,0.008105576,570882
20120926,11:45:00.000,BBG000BMW2Z0,-0.0012639903,0.0019299504,522564
20120926,11:45:00.000,BBG000CXYSZ6,0.001797114,-0.014621614,560895
20120926,11:45:00.000,BBG000H556T9,-0.0017255214,-0.004720957,1416992
20120926,11:45:00.000,BBG000J6XT05,-0.005594736,0.0050534084,1464319
20120926,11:45:00.000,BBG000C8H633,-0.006470733,-0.016314542,2927715
20120926,11:45:00.000,BBG000FP1N32,-0.025789043,-0.040377196,4443106
20120926,11:45:00.000,BBG000BD4VG8,0.0018023552,-0.015130239,1487754
20120926,11:45:00.000,BBG000C496P7,-0.005639918,-0.018159343,3582013
20120926,11:45:00.000,BBG000FG3C43,-0.01170854,-0.031798456,3139965
20120926,11:45:00.000,BBG000DHSPT0,-0.006067468,-0.014695512,1656803
20120926,11:45:00.000,BBG000FW00S1,0.010287678,-0.0036395208,3575632
20120926,11:45:00.000,BBG000BFC8J2,0.008699085,0.0047948183,1102294
20120926,11:45:00.000,BBG000BZ9223,-0.0021330344,-0.012541068,443032
20120926,11:45:00.000,BBG000GFFQN9,0.0013290581,-0.0012759727,6167510
20120926,11:45:00.000,BBG000G2R6M0,0.004997676,0.0015676059,2620735
20120926,11:45:00.000,BBG000FL1TC8,-0.0020826191,-0.010474295,1181009
20120926,11:45:00.000,BBG000BGKTF9,0.00089311757,-0.0075114896,1700397
20120926,11:45:00.000,BBG000BB6KF5,-0.008423901,-0.023902263,3612485
20120926,11:45:00.000,BBG000BGLRN3,-0.00826055,-0.0071520265,1248088
20120926,11:45:00.000,BBG000Q9HH23,-0.008889495,-0.020147894,1093242
20120926,11:45:00.000,BBG000BV8DN6,0.011580024,0.012484705,2378837
20120926,11:45:00.000,BBG000BFXHL6,-0.0026679877,-0.008338217,1775864
20120926,11:45:00.000,BBG000C46HM9,0.00051112426,-0.006354807,2008793
20120926,11:45:00.000,BBG000BFRF55,0.007135576,-0.003594358,3533117
20120926,11:45:00.000,BBG000BNBDC2,0.0015726092,-0.003161927,1914234
20120926,11:45:00.000,BBG000BH13K9,0.003027984,-0.00049568026,1412673
20120926,11:45:00.000,BBG000BGPTV6,0.009405346,-0.0019472962,973861
20120926,11:45:00.000,BBG000QX74T1,-0.0057374765,-0.013551467,543391
20120926,11:45:00.000,BBG000BWJFZ4,0.014743239,0.002755438,348766
20120926,11:45:00.000,BBG000BWLMJ4,0.0006490756,-0.0011092805,2402012
20120926,11:45:00.000,BBG000BW3299,-0.007179084,-0.009179637,847729
20120926,11:45:00.000,BBG000BFDXW1,-0.0021485374,-0.017648086,4082367
20120926,11:45:00.000,BBG000BC2C10,0.0056331633,-0.0008206841,1278300
20120926,11:45:00.000,BBG000BVV7G1,-0.011595827,-0.025157355,8234201
20120926,11:45:00.000,BBG000BPWXK1,-0.0022636093,-0.0032687348,2732441
20120926,11:45:00.000,BBG000BBGGQ1,-0.007864115,-0.020658351,3621957
20120926,11:45:00.000,BBG000BHBK84,-0.0036629636,-0.011540704,3799482
20120926,11:45:00.000,BBG000BJX8C8,-0.0017176633,-0.014714032,1353793
20120926,11:45:00.000,BBG000H8TVT2,-0.009478787,-0.006991523,1180758
20120926,11:45:00.000,BBG000BTZQC4,0.00050656666,-0.0021938137,2124621
20120926,11:45:00.000,BBG000BP52R2,0.0012240902,0.0011849857,1025461
20120926,11:45:00.000,BBG000C5HS04,-0.0041189324,0.0023662986,1031046
20120926,11:45:00.000,BBG000BH3GZ2,-0.002202237,-0.0071925223,927400
20120926,11:45:00.000,BBG000F1ZSQ2,0.0051492015,-0.0014498335,135330
20120926,11:45:00.000,BBG000C15T95,0.0038069536,0.0031014543,1092232
20120926,11:45:00.000,BBG000BFWKC0,-0.0029514427,-0.0072950297,862935
20120926,11:45:00.000,BBG000CL9VN6,0.041070588,0.034024537,2566639
20120926,11:45:00.000,BBG000F0KF42,0.007803505,-0.02630384,3361420
20120926,11:45:00.000,BBG000C240W1,0.0013979675,-0.012646861,18850816
20120926,11:45:00.000,BBG000L9CV04,-0.0041026734,0.00027715182,1548996
20120926,11:45:00.000,BBG000BC40Y8,-0.0005563638,-0.0068672285,1659490
20120926,11:45:00.000,BBG000BL4504,-0.005406935,-0.019900832,5776024
20120926,11:45:00.000,BBG000BB07P9,0.00031407984,-0.0031740018,5020208
20120926,11:45:00.000,BBG000BBDZG3,-0.0020305065,-0.015707249,16489164
20120926,11:45:00.000,BBG000BY29C7,0.002374254,-0.002033624,2607485
20120926,11:45:00.000,BBG000DWG505,0.007205324,0.008846094,1334372
20120926,11:45:00.000,BBG000BCQZS4,-0.0063026156,-0.011466918,2026516
20120926,11:45:00.000,BBG000CKGBP2,-0.01280576,-0.016132787,3428024
20120926,11:45:00.000,BBG000BHGDH5,-0.0069037275,0.0051309196,1355710
20120926,11:45:00.000,BBG000FFDM15,-6.5235668e-06,-0.00014823998,3407961
20120926,11:45:00.000,BBG000BWXBC2,8.004457e-06,0.0005387052,1758608
20120926,11:45:00.000,BBG000BGRY34,0.007925285,0.0077704047,2866951
20120926,11:45:00.000,BBG000BN2DC2,-0.011931383,-0.028882788,948067
20120926,11:45:00.000,BBG000BH1NH9,0.005228406,-0.002647322,1427786
20120926,11:45:00.000,BBG000F0PF65,-0.0005991796,-0.008888065,2934248
20120926,11:45:00.000,BBG000BW8S60,0.0019943698,0.0030478004,1907744
20120926,11:45:00.000,BBG000BCSST7,0.0062769866,0.013186577,1908598
20120926,11:45:00.000,BBG000CH5208,0.0023193639,0.0003564878,2331428
20120926,11:45:00.000,BBG000BQQ2S6,0.005009095,-0.0028712635,1212413
20120926,11:45:00.000,BBG000BLZRJ2,0.0055763014,-0.011435315,9334020
20120926,11:45:00.000,BBG000BP6LJ8,-0.0019976737,0.004996224,2290887
20120926,11:45:00.000,BBG000DWYF03,-0.0017759695,-0.009211389,4848889
20120926,11:45:00.000,BBG000BQPC32,0.0013519387,-0.0029749833,22234328
20120926,11:45:00.000,BBG000BBS2Y0,0.0017447992,-0.00053665554,2076523
20120926,11:45:00.000,BBG000CTQBF3,-0.0021734464,-0.009302467,2550063
20120926,11:45:00.000,BBG000DQLV23,-0.0041556777,-0.0070598265,3744345
20120926,11:45:00.000,BBG000KHWT55,-0.0048358585,-0.014956836,12570122
20120926,11:45:00.000,BBG000BNDN65,0.005008235,0.003368095,6700160
20120926,11:45:00.000,BBG000B9ZXB4,-0.0016818218,-0.0038799292,2323505
20120926,11:45:00.000,BBG000DH7JK6,-0.0006187933,0.00781938,1638903
20120926,11:45:00.000,BBG000BH4R78,-0.0066459444,-0.012175807,3072215
20120926,11:45:00.000,BBG000BQQH30,0.0023184877,-0.0050527896,2717768
20120926,11:45:00.000,BBG000PSKYX7,0.0019275101,-0.00590691,975633
20120926,11:45:00.000,BBG000C6CFJ5,0.001341998,-0.007440087,2450099
20120926,11:45:00.000,BBG000BKTFN2,-0.013096536,-0.027901487,7198915
20120926,11:45:00.000,BBG000J2XL74,-0.00021137657,0.0051062745,1737878
20120926,11:45:00.000,BBG000BHVJJ3,0.00019162479,-0.016203545,6746978
20120926,11:45:00.000,BBG000C43RR5,0.000603553,-0.008124152,4754414
20120926,11:45:00.000,BBG000BFT2L4,-0.003083645,-0.0103217615,4667693
20120926,11:45:00.000,BBG000D4LWF6,-0.0014370176,0.0012106523,5274337
20120926,11:45:00.000,BBG000BNSZP1,0.0038212521,0.0040918854,1998754
20120926,11:45:00.000,BBG000BT41Q8,0.002693435,-0.006533708,2022050
20120926,11:45:00.000,BBG000BKZB36,-0.005119238,-0.0056928154,3410194
20120926,11:45:00.000,BBG000BPD168,0.0063118404,0.0026590505,5501892
20120926,11:45:00.000,BBG000HS77T5,0.0035442906,0.0050407522,4204087
20120926,11:45:00.000,BBG000BQLTW7,-0.00703504,-0.016936004,13581297
20120926,11:45:00.000,BBG000BVPV84,-0.00394408,-0.008656385,1428988
20120926,11:45:00.000,BBG000BJDB15,0.00037194655,-0.006613497,11188211
20120926,11:45:00.000,BBG000BMX289,0.0040625585,0.0108795725,6059970
20120926,11:45:00.000,BBG000MM2P62,-0.0049013137,-0.015783414,16812732
20120926,11:45:00.000,BBG000CGC1X8,0.003362796,-0.0060610687,5094944
20120926,11:45:00.000,BBG000BLBVN4,-0.008403311,-0.016514212,463072
20120926,11:45:00.000,BBG000BF0K17,0.0025538765,-0.004596229,4132683
20120926,11:45:00.000,BBG000BR2TH3,-0.0022163538,0.0018680926,4036112
20120926,11:45:00.000,BBG000K4ND22,-0.0005445108,-0.0035060572,2259338
20120926,11:45:00.000,BBG000BR2B91,0.008147055,0.0052329153,10744514
20120926,11:45:00.000,BBG000C3J3C9,0.0056253755,-0.006436111,14335979
20120926,11:45:00.000,BBG000BLNNH6,0.0060138153,0.0003657408,1268282
20120926,11:45:00.000,BBG000BWQFY7,-0.0007552654,-0.0060471827,11592588
20120926,11:45:00.000,BBG000BMHYD1,-0.0020512454,-0.0024530166,4015876
20120926,11:45:00.000,BBG000BK6MB5,-0.004310833,-0.0067216028,15973060
20120926,11:45:00.000,BBG000BSJK37,0.0063067083,0.007357367,9203179
20120926,11:45:00.000,BBG000C0G1D1,0.017867884,0.004442251,21001246
20120926,11:45:00.000,BBG000FY4S11,0.0015498978,-0.016730208,24409108
20120926,11:45:00.000,BBG000BCTLF6,0.0013127589,-0.013445055,78850120
20120926,11:45:00.000,BBG000DMBXR2,0.004100999,-0.007888666,11440835
20120926,11:45:00.000,BBG000BPH459,0.0026135664,-0.008225006,23140266
20120926,11:45:00.000,BBG000GZQ728,-0.004240393,-0.004249944,4293903
20120926,11:45:00.000,BBG000BHSKN9,0.0014953499,-0.004212228,2583655
20120926,11:45:00.000,BBG000B9XRY4,1.8768022e-05,-0.0145306215,10043571
20120926,12:00:00.000,BBG000BFVXX0,0.008259222,0.0119841285,1052809
20120926,12:00:00.000,BBG000M4SW14,-0.029423118,-0.036108527,459884
20120926,12:00:00.000,BBG000HS74G6,-0.007144549,-0.009560306,226024
20120926,12:00:00.000,BBG000BJNGN9,-0.07601762,-0.09730483,5946643
20120926,12:00:00.000,BBG000FNRZ69,-0.00085013255,-0.010881807,3632341
20120926,12:00:00.000,BBG000BW2QX0,-0.006689757,-0.012425504,843055
20120926,12:00:00.000,BBG000BBV8B8,0.0046785944,-0.012288162,594739
20120926,12:00:00.000,BBG000DV7MX4,0.014981597,0.0049137166,4689115
20120926,12:00:00.000,BBG000BQ74K1,-0.00091776525,-0.009048664,372929
20120926,12:00:00.000,BBG000BCYP43,0.0003090926,-0.000952965,88386
20120926,12:00:00.000,BBG000BW5YW1,0.014441756,-0.013312072,1268211
20120926,12:00:00.000,BBG000BLCL55,0.0021367753,-0.008696744,420518
20120926,12:00:00.000,BBG000CZWZ05,-0.00045331442,-0.0084421355,213352
20120926,12:00:00.000,BBG000NSCNT7,0.0071167587,-0.004849747,1081601
20120926,12:00:00.000,BBG000D14WM3,0.003017345,-0.015013481,3337927
20120926,12:00:00.000,BBG000BK5DP1,0.0061087534,-0.010460081,1528085
20120926,12:00:00.000,BBG000PCNTM2,-0.003797053,-0.014934239,212408
20120926,12:00:00.000,BBG000BBB3K1,0.00034509116,0.0057346323,568826
20120926,12:00:00.000,BBG000C2YHG9,-0.01001482,-0.022468235,890530
20120926,12:00:00.000,BBG000RGM5P1,-0.007864416,-0.02039919,1252662
20120926,12:00:00.000,BBG000BQ87N0,0.0018882893,0.007883001,469101
20120926,12:00:00.000,BBG000BD0TF8,0.0038761122,-0.0062434636,248897
20120926,12:00:00.000,BBG000BDG1Y1,-0.0010338164,-0.009677303,526074
20120926,12:00:00.000,BBG000BHC2S1,0.002785172,-0.008633609,278583
20120926,12:00:00.000,BBG000BCHG15,-0.00018964002,-0.0044020656,400280
20120926,12:00:00.000,BBG000CLVM51,-0.005899323,-0.011771454,110014
20120926,12:00:00.000,BBG000BBCQD7,-0.00012187324,-0.010589213,562601
20120926,12:00:00.000,BBG000BB03M1,0.01554401,0.0062175686,550737
20120926,12:00:00.000,BBG000BQC9V2,0.016152607,0.007851431,1785578
20120926,12:00:00.000,BBG000D5S4M0,-0.009553927,-0.012799008,252404
20120926,12:00:00.000,BBG000BB9RZ5,0.014469188,0.003797334,166346
20120926,12:00:00.000,BBG000DCCZW2,-0.005455039,-0.01952705,457282
20120926,12:00:00.000,BBG000BS5170,-0.0109143425,-0.011147092,502833
20120926,12:00:00.000,BBG000BLMZK6,-0.0011022039,-0.0019326755,640361
20120926,12:00:00.000,BBG000BB5BF6,0.003084759,0.0014356419,1904418
20120926,12:00:00.000,BBG000BLXZN1,-1.9719482e-05,-0.013867339,121871
20120926,12:00:00.000,BBG000FQRVM3,-6.550494e-05,-0.002080424,186975
20120926,12:00:00.000,BBG000BGFLL5,-0.0011177047,-0.009253507,1018959
20120926,12:00:00.000,BBG000BJ5GK2,0.004736283,0.0062429444,328229
20120926,12:00:00.000,BBG000BWP7D9,0.008251046,0.011228552,1013758
20120926,12:00:00.000,BBG000BPQVR5,0.0046083317,-0.006077153,226864
20120926,12:00:00.000,BBG000DGPR66,-0.0051884325,-0.010444288,427621
20120926,12:00:00.000,BBG000BRZBT3,-0.005724505,-0.019078514,930470
20120926,12:00:00.000,BBG000BWBZN1,0.0022653681,-0.0019918066,326967
20120926,12:00:00.000,BBG000BFS7D3,0.01455255,0.01960935,379130
20120926,12:00:00.000,BBG000C23KJ3,-0.011116582,-0.011758631,3352341
20120926,12:00:00.000,BBG001QD41M9,-0.0008786503,-0.011155407,566388
20120926,12:00:00.000,BBG000M44VW8,-0.008640979,-0.03022821,721975
20120926,12:00:00.000,BBG000BSJTT0,0.013328658,0.0022056722,1719374
20120926,12:00:00.000,BBG000C9W1Y1,0.0039658477,0.0012534541,845303
20120926,12:00:00.000,BBG000DHNDK1,,,692344
20120926,12:00:00.000,BBG000BN9WT5,0.0027226594,-0.0069265594,623840
20120926,12:00:00.000,BBG000BBMT95,0.001323462,-0.0045497906,1016226
20120926,12:00:00.000,BBG000BJVZF7,0.007134387,0.0024919726,1034219
20120926,12:00:00.000,BBG000BPZBB6,-0.0019738858,-2.6734443e-07,861072
20120926,12:00:00.000,BBG000R57L13,0.010913012,-0.010063348,1904138
20120926,12:00:00.000,BBG000C1FB75,0.0012613876,-0.0034022077,86109
20120926,12:00:00.000,BBG000BF6LY3,-0.0058274106,-0.007008683,3189029
20120926,12:00:00.000,BBG000F6ZWH2,0.004627942,-0.008725212,372609
20120926,12:00:00.000,BBG000BP7JB0,-0.011665262,-0.029161593,2384074
20120926,12:00:00.000,BBG000RNTSX0,0.007109509,-0.008083957,229404
20120926,12:00:00.000,BBG000BCTQ65,0.0030999377,0.009404844,910204
20120926,12:00:00.000,BBG000C4DPX1,0.011671897,-0.001818029,1306947
20120926,12:00:00.000,BBG000TJM7F0,0.0012931336,0.0052649737,367943
20120926,12:00:00.000,BBG0016WLQ18,-0.010757579,-0.021750785,1023306
20120926,12:00:00.000,BBG000CNFQW6,0.0004335263,-0.0034254738,114533
20120926,12:00:00.000,BBG000BMZ7P7,-0.009724789,-0.015914414,183047
20120926,12:00:00.000,BBG000BLDV98,-0.0034043256,0.0047207745,1072300
20120926,12:00:00.000,BBG000BKWSR6,0.003998983,-0.004401932,2177261
20120926,12:00:00.000,BBG000MQ1SN9,0.004196581,0.004737005,251758
20120926,12:00:00.000,BBG000C75N77,0.0041472283,-0.0025998957,661588
20120926,12:00:00.000,BBG000C2ZCH8,0.0016191176,0.004578757,384656
20120926,12:00:00.000,BBG000BVB8Q0,0.0065513426,-0.004442998,1773904
20120926,12:00:00.000,BBG000G6BN50,-0.011187924,-0.01864053,154947
20120926,12:00:00.000,BBG000BL79J3,-0.0063046142,-0.0094900625,969259
20120926,12:00:00.000,BBG000BKXFN7,-0.002347575,-0.019759102,2273041
20120926,12:00:00.000,BBG000BD3LM4,-0.0037422443,-0.020949341,1433901
20120926,12:00:00.000,BBG000F86GP6,0.0051765945,-0.0029264672,658543
20120926,12:00:00.000,BBG000BGXZB5,-0.01014441,-0.016003495,1319286
20120926,12:00:00.000,BBG000BVMPN3,0.0028504173,-0.0058764997,423283
20120926,12:00:00.000,BBG000D9DMK0,-0.009739452,-0.00674569,158049
20120926,12:00:00.000,BBG000FDBX90,-0.0052378494,-0.0023349675,1394247
20120926,12:00:00.000,BBG000MM5VL9,-0.009309704,-0.015451997,508008
20120926,12:00:00.000,BBG000BHCP19,0.0017293158,-0.007441578,705538
20120926,12:00:00.000,BBG000BX8DC4,0.0014308381,-0.0044676824,435622
20120926,12:00:00.000,BBG000G3QLY3,0.009332744,-0.003755177,500313
20120926,12:00:00.000,BBG000BDWKC5,0.0052101305,-0.0053730374,1566135
20120926,12:00:00.000,BBG000BMRFF9,0.0070225704,0.0037410138,298994
20120926,12:00:00.000,BBG000BT4T69,-0.0039012153,-0.0056381277,790407
20120926,12:00:00.000,BBG000BRRG02,0.0036958596,0.0010778216,376216
20120926,12:00:00.000,BBG000BP0KQ8,0.0060503976,-0.0047335825,3581980
20120926,12:00:00.000,BBG000RKR4R8,0.008067132,-0.0056938175,4002649
20120926,12:00:00.000,BBG000C3HSR0,-0.003965696,-0.018348588,2658915
20120926,12:00:00.000,BBG000BKQ3V3,-0.0023542023,-0.021741869,1235065
20120926,12:00:00.000,BBG000CGT2S4,0.012178859,0.010163659,903989
20120926,12:00:00.000,BBG000C1FQS9,-0.0016551284,0.0068669305,223965
20120926,12:00:00.000,BBG000FFH4P5,0.0016574546,-0.00806591,204177
20120926,12:00:00.000,BBG000BF5RY1,-0.0062763314,-0.006816863,1059435
20120926,12:00:00.000,BBG000BFNR17,-0.00019801786,-0.008857588,175664
20120926,12:00:00.000,BBG000BR1W32,-0.025070325,-0.049921595,1557291
20120926,12:00:00.000,BBG001M8HHB7,-0.0022916265,-0.010073025,1030224
20120926,12:00:00.000,BBG000BPNP00,-0.0010639889,-0.01299449,1433973
20120926,12:00:00.000,BBG000C0LW92,0.0023727845,-0.0035496491,2396210
20120926,12:00:00.000,BBG000K7PWX7,0.013896161,0.00207621,762408
20120926,12:00:00.000,BBG000BQSQ38,-0.0051369537,-0.008080272,1724016
20120926,12:00:00.000,BBG000BKXYX5,0.032326445,0.035433706,1360732
20120926,12:00:00.000,BBG000BLHRS2,-0.0041130106,-0.0005637575,165377
20120926,12:00:00.000,BBG000JYP7L8,0.018469436,0.0078129,542640
20120926,12:00:00.000,BBG000PV2L86,-0.0063040974,-0.0050446177,216335
20120926,12:00:00.000,BBG000BTCH57,0.0062524965,0.0077067465,765782
20120926,12:00:00.000,BBG000BBNYF6,0.006411179,-0.0011638575,415712
20120926,12:00:00.000,BBG000BPL8X4,-0.0014960271,-0.0010966606,745256
20120926,12:00:00.000,BBG000BLCPY4,0.014585135,-0.004823796,747346
20120926,12:00:00.000,BBG000BNC3Y9,0.00051629095,-0.018133422,1078879
20120926,12:00:00.000,BBG000BT9T73,0.004163668,-0.014194416,3049471
20120926,12:00:00.000,BBG000BC15S7,0.0020883684,0.0022155328,216946
20120926,12:00:00.000,BBG000BKNX95,-0.010125104,-0.023035709,1782430
20120926,12:00:00.000,BBG000C90DH9,0.0018655991,-0.011560767,1364361
20120926,12:00:00.000,BBG000C7B436,-0.00091471215,-0.021435365,1278879
20120926,12:00:00.000,BBG000BK6G19,-0.007281924,-0.015490576,558663
20120926,12:00:00.000,BBG000BX5ZF5,-0.0032034153,-0.018877339,5942623
20120926,12:00:00.000,BBG000BGD7W6,-0.001973289,-0.00025542613,1136991
20120926,12:00:00.000,BBG000BVSX05,0.0012997098,-0.014457989,1027720
20120926,12:00:00.000,BBG000CKJ0P3,-0.0014509435,-0.005213576,370099
20120926,12:00:00.000,BBG000BNJHS8,-0.00094109186,0.007914065,1620924
20120926,12:00:00.000,BBG000BQZMH4,0.00080541515,0.0056544393,504249
20120926,12:00:00.000,BBG000DN7P92,0.0035424451,-0.00067172025,400816
20120926,12:00:00.000,BBG000BKPL53,0.0022932342,-0.0037389705,374986
20120926,12:00:00.000,BBG000BB2DM7,0.00333239,2.3861839e-08,5038569
20120926,12:00:00.000,BBG000BJDPC2,0.01782365,0.020343361,655893
20120926,12:00:00.000,BBG000BJ8YN7,-0.0047729616,-0.011320061,723215
20120926,12:00:00.000,BBG000BPVCR1,-0.03994557,-0.054634582,4132598
20120926,12:00:00.000,BBG000PCQQL6,0.004397709,-0.0038582694,803405
20120926,12:00:00.000,BBG000C2BXK4,0.0032272285,0.00477783,2738661
20120926,12:00:00.000,BBG000F9KJN4,-0.00526928,-0.017795619,1048904
20120926,12:00:00.000,BBG000BNNYW1,-0.004212883,-0.0022495533,900235
20120926,12:00:00.000,BBG000C734W3,-0.0019015297,-0.014446163,303995
20120926,12:00:00.000,BBG000D7RKJ5,-0.0013319709,0.008023377,476224
20120926,12:00:00.000,BBG000G8N9C6,-0.0010550371,-0.0033697686,665737
20120926,12:00:00.000,BBG000BRXP69,0.0010308714,-0.005265942,227807
20120926,12:00:00.000,BBG000NDYB67,0.0029474308,-0.008072604,4879611
20120926,12:00:00.000,BBG000BHZ5J9,0.010170544,0.0065671047,196509
20120926,12:00:00.000,BBG000BHKYH4,0.008163556,0.010974009,597880
20120926,12:00:00.000,BBG000D2M0Z7,0.0051851375,0.0041687456,241275
20120926,12:00:00.000,BBG000CHWP52,0.00806801,-0.0019672574,495577
20120926,12:00:00.000,BBG0029SNR63,0.02155549,0.014325354,3120184
20120926,12:00:00.000,BBG000BNNKG9,-0.0014871628,-0.02058552,3599846
20120926,12:00:00.000,BBG000BP4MH0,0.0064514475,0.0070762583,1165060
20120926,12:00:00.000,BBG000BHLYS1,0.0064205253,0.013196227,1277432
20120926,12:00:00.000,BBG000BFJ645,-0.010638211,-0.014198122,8313955
20120926,12:00:00.000,BBG000BC4JJ4,-0.0007066931,-0.0043189893,490967
20120926,12:00:00.000,BBG000BVVQQ8,-0.0025612228,-0.010775906,1241527
20120926,12:00:00.000,BBG000DLFM21,0.0055856537,-0.0054059136,339702
20120926,12:00:00.000,BBG000BP1152,-0.020140857,-0.03658051,2246259
20120926,12:00:00.000,BBG000H50PN8,0.0040254286,-0.0052612424,595023
20120926,12:00:00.000,BBG000CP95B7,0.0050572963,0.00043892526,253386
20120926,12:00:00.000,BBG000BS9489,-0.0073426194,-0.01439504,648382
20120926,12:00:00.000,BBG000KBQZ88,0.0027331752,-0.0033902356,406687
20120926,12:00:00.000,BBG000C37332,-0.009559449,-0.01566509,266263
20120926,12:00:00.000,BBG000C2PW58,0.008097403,0.0005625962,148927
20120926,12:00:00.000,BBG000BKR1D6,0.014690253,0.0063608238,295103
20120926,12:00:00.000,BBG000BR37X2,-0.0051603043,-0.004318946,1475233
20120926,12:00:00.000,BBG000BWCKB6,0.0064308974,0.008780013,195292
20120926,12:00:00.000,BBG000BCZYD3,-0.0021426436,-0.003354553,258592
20120926,12:00:00.000,BBG000BMKDM3,-0.0035627051,-0.00019278552,529511
20120926,12:00:00.000,BBG000D3MB18,-1.4906232e-05,-0.008490164,688071
20120926,12:00:00.000,BBG000BB1TH9,-0.0022471226,-0.007939482,712035
20120926,12:00:00.000,BBG000BQVTF5,-0.0060440567,-0.015788915,1056735
20120926,12:00:00.000,BBG000D1QCF1,-0.016172228,-0.027999865,1212018
20120926,12:00:00.000,BBG000PX3XC0,-0.0077043637,-0.018816229,871824
20120926,12:00:00.000,BBG000J1QLT0,0.007828082,0.0012433312,522934
20120926,12:00:00.000,BBG000BH8TT6,-0.024736544,-0.037107766,2524402
20120926,12:00:00.000,BBG000QRFNK2,-0.060773987,-0.06792141,5082903
20120926,12:00:00.000,BBG000BCNYT9,-2.011942e-05,-0.005068306,1106125
20120926,12:00:00.000,BBG000BPMH90,-0.014830794,-0.022072092,495269
20120926,12:00:00.000,BBG000F7RCJ1,0.0019842458,-7.3938194e-05,363650
20120926,12:00:00.000,BBG000BB6G37,0.0015599112,-0.007947716,995634
20120926,12:00:00.000,BBG000BFDLV8,-0.0056539923,-0.012027877,456615
20120926,12:00:00.000,BBG000WCFV84,0.0007360253,-0.0109229125,1302798
20120926,12:00:00.000,BBG000BY2Y78,0.00041511733,-0.011663103,791017
20120926,12:00:00.000,BBG000BXM6V2,-0.010009153,-0.010705621,748690
20120926,12:00:00.000,BBG000FH8PX5,-0.00015574748,-0.006010946,216513
20120926,12:00:00.000,BBG000BP8Z50,-0.0034455915,-0.012786477,631925
20120926,12:00:00.000,BBG000BQWPC5,0.0029250523,0.007033108,962834
20120926,12:00:00.000,BBG000BWSV34,-0.00071959005,-0.021956988,577688
20120926,12:00:00.000,BBG000NDZ417,-0.007580338,-0.023159197,1240773
20120926,12:00:00.000,BBG000BJQWD2,-0.003385407,-0.015476672,809667
20120926,12:00:00.000,BBG000BB5373,0.0106514385,0.003813189,1485912
20120926,12:00:00.000,BBG000BHB3M6,2.4096342e-05,-0.008709569,485255
20120926,12:00:00.000,BBG000BLW530,-0.0010188216,-0.013213098,439821
20120926,12:00:00.000,BBG000D8RG11,-0.013996501,-0.017943608,1427582
20120926,12:00:00.000,BBG0019JZ882,-0.0036935324,-0.0050637308,1355474
20120926,12:00:00.000,BBG000R7RDB4,-0.013022077,-0.023071524,498503
20120926,12:00:00.000,BBG000BQ8KV2,0.0012936009,0.0032862567,897072
20120926,12:00:00.000,BBG000BYWTX7,-0.0077744555,-0.020551877,7437927
20120926,12:00:00.000,BBG000C1S2X2,-0.017048107,-0.025328558,593464
20120926,12:00:00.000,BBG000DLVDK3,0.0028072856,-0.0008045243,791651
20120926,12:00:00.000,BBG000BFL116,0.019687697,0.0009742685,2089971
20120926,12:00:00.000,BBG000C1DHF5,-0.025915353,-0.046688635,2313122
20120926,12:00:00.000,BBG000BVHBM1,0.0060340688,-0.027891401,2788536
20120926,12:00:00.000,BBG000BGVW60,0.0014343857,0.007406275,1031552
20120926,12:00:00.000,BBG000BPQD31,0.0004375628,-0.008675722,824668
20120926,12:00:00.000,BBG000H1F895,-0.007876083,-0.029516913,1197360
20120926,12:00:00.000,BBG000K82ZT8,0.004162399,-0.009662179,980979
20120926,12:00:00.000,BBG000DNTSP4,-0.0048441067,-0.0037574375,1357014
20120926,12:00:00.000,BBG000F15NW9,0.0080148745,0.002025718,891976
20120926,12:00:00.000,BBG000BPT0C6,0.0011119029,-0.004676713,376200
20120926,12:00:00.000,BBG000B9WJ73,0.050138954,0.041767433,6969918
20120926,12:00:00.000,BBG000BDXGP9,0.0032623957,0.0040139216,1448705
20120926,12:00:00.000,BBG000BSD7C2,-0.0070192954,-0.0029284074,368804
20120926,12:00:00.000,BBG000BSLZY7,0.005020859,-0.0023283665,5797166
20120926,12:00:00.000,BBG000BKZTP3,0.004912552,-0.0020125096,1582712
20120926,12:00:00.000,BBG000BF1R66,-0.0038132675,-0.004012585,414675
20120926,12:00:00.000,BBG000HW5GX3,0.0015940153,-0.009836592,1902602
20120926,12:00:00.000,BBG000C0F570,-0.0010880168,-0.011240457,964223
20120926,12:00:00.000,BBG000BP1Q11,0.008778122,0.0014793483,560136
20120926,12:00:00.000,BBG000BMQPL1,0.0050200527,-0.0045578824,3802367
20120926,12:00:00.000,BBG000M65M61,-0.003963243,0.0020164272,1732980
20120926,12:00:00.000,BBG000BM7HL0,0.0026631888,-0.012775432,1135564
20120926,12:00:00.000,BBG000BJ49H3,-0.0012673388,-0.009445117,527195
20120926,12:00:00.000,BBG000JBN3X6,0.01108334,0.008741609,1810056
20120926,12:00:00.000,BBG000NSQ9M0,-0.005631208,-0.011083757,3755708
20120926,12:00:00.000,BBG000BTVJ25,0.0006775213,0.0012957369,854176
20120926,12:00:00.000,BBG000BBCDZ2,-0.015241289,-0.022381468,705223
20120926,12:00:00.000,BBG000BNGTQ7,5.59638e-06,-0.0042574755,571998
20120926,12:00:00.000,BBG000BGKHZ3,0.006482455,-0.0020920245,649731
20120926,12:00:00.000,BBG000BL9439,0.000103141836,0.0028666393,485167
20120926,12:00:00.000,BBG000H9G7X2,-0.0048159054,-0.010267981,952565
20120926,12:00:00.000,BBG000BK67C7,0.004594979,0.008124898,668557
20120926,12:00:00.000,BBG000FV1Z23,0.0043316246,0.0020430242,403351
20120926,12:00:00.000,BBG000BV7LP7,-0.010560114,-0.01833164,2609775
20120926,12:00:00.000,BBG000CR90K4,0.03988516,0.03330852,20394704
20120926,12:00:00.000,BBG000BL9JQ1,0.0044433046,-0.011289076,1277267
20120926,12:00:00.000,BBG000BF2KK4,0.009183524,0.00323559,232960
20120926,12:00:00.000,BBG000GLBN48,-0.0015098929,-0.010037419,412280
20120926,12:00:00.000,BBG000BB6M98,-0.00032184288,0.0036102906,473971
20120926,12:00:00.000,BBG000BXMFC3,-0.022506919,-0.043996286,3032160
20120926,12:00:00.000,BBG000BSXQV7,-0.0044705817,-0.0038893651,324272
20120926,12:00:00.000,BBG000MDCQC2,-0.0019679486,0.0028335594,1140623
20120926,12:00:00.000,BBG000BRJ809,0.0050081676,-0.0018256331,209056
20120926,12:00:00.000,BBG000DKCC19,0.018078683,0.016964806,1997006
20120926,12:00:00.000,BBG000BFMBQ6,0.0067350296,0.0021334747,516807
20120926,12:00:00.000,BBG000BQ2C28,0.0075659263,0.0067658033,565010
20120926,12:00:00.000,BBG000BMTFR4,0.015106637,-0.00085347233,1220154
20120926,12:00:00.000,BBG000BHLYP4,0.0036541265,-0.0020985666,668499
20120926,12:00:00.000,BBG000BNFLM9,-0.004167485,-0.014754812,1717223
20120926,12:00:00.000,BBG000NV1KK7,0.0049408595,0.004553517,1478488
20120926,12:00:00.000,BBG000FBK808,-0.0072398763,-0.019364482,2384314
20120926,12:00:00.000,BBG000R0L5J4,-0.010095887,-0.021437814,483500
20120926,12:00:00.000,BBG000BZTW70,0.0014482188,-0.019641912,4312871
20120926,12:00:00.000,BBG000BLM0V1,,,520506
20120926,12:00:00.000,BBG000BTQR96,-0.0006809982,-0.0108761955,697051
20120926,12:00:00.000,BBG000BH5DV1,0.009485998,-0.0015549558,1483628
20120926,12:00:00.000,BBG000BLBXT4,-0.0060822396,-0.006023773,492273
20120926,12:00:00.000,BBG000KLB4Q1,-0.0070184967,-0.02851651,4268707
20120926,12:00:00.000,BBG000BR3KL6,-0.0030725996,-0.0125009455,560905
20120926,12:00:00.000,BBG000BB9KF2,-0.0036745071,0.0038318015,598854
20120926,12:00:00.000,BBG000BVDLH9,0.0052560694,-0.0004237599,414927
20120926,12:00:00.000,BBG000C0MF34,-0.0014228218,0.004660322,315506
20120926,12:00:00.000,BBG000FVXD63,0.016518531,0.011774098,500539
20120926,12:00:00.000,BBG000CGQ6M4,-0.01477296,-0.017355666,748841
20120926,12:00:00.000,BBG000BJSBJ0,0.0038340052,0.009770709,1035645
20120926,12:00:00.000,BBG000BFTJ91,-0.003268246,-0.011749269,764059
20120926,12:00:00.000,BBG000BSC0K9,-0.0036513845,-0.006365279,699487
20120926,12:00:00.000,BBG000BWXL85,0.011128829,-0.005263506,1147898
20120926,12:00:00.000,BBG000QY3XZ2,0.004843703,-0.014188563,876928
20120926,12:00:00.000,BBG000BCWCG1,0.0009432365,-0.0005905286,2800248
20120926,12:00:00.000,BBG000CKVSG8,0.019103836,0.012318319,3106739
20120926,12:00:00.000,BBG000JN8R00,0.01751355,0.011884201,947857
20120926,12:00:00.000,BBG000BBBNC6,-0.0050910893,-0.020389041,1477109
20120926,12:00:00.000,BBG000JG0547,-0.0012893641,-0.0047958517,1140072
20120926,12:00:00.000,BBG000R7Z112,0.006799983,0.01109258,2578602
20120926,12:00:00.000,BBG000D898T9,0.0037756802,0.004997555,1664768
20120926,12:00:00.000,BBG000Q3JN03,0.0059340578,-0.0055366517,6448668
20120926,12:00:00.000,BBG000BRJL00,-0.0053342907,0.0027601584,2039495
20120926,12:00:00.000,BBG000C2V3D6,0.009422001,-0.0037817415,1361974
20120926,12:00:00.000,BBG000G30YX4,-0.00459021,-0.014568939,509749
20120926,12:00:00.000,BBG000G0Z878,0.0075315516,-0.00531821,2237499
20120926,12:00:00.000,BBG000BKXBV7,-0.006624375,-0.015467082,5056499
20120926,12:00:00.000,BBG000BJ98Z0,-0.009390038,-0.01004404,4380491
20120926,12:00:00.000,BBG000BR14K5,0.0042658583,0.0033974778,669243
20120926,12:00:00.000,BBG000BGYWY6,-0.0018110038,7.594103e-08,412021
20120926,12:00:00.000,BBG000BCGY17,0.0008610855,0.0052533643,431518
20120926,12:00:00.000,BBG000BV75B7,0.00092965295,-0.011521132,750113
20120926,12:00:00.000,BBG000CXD6X9,-0.0067488574,-0.009998725,936516
20120926,12:00:00.000,BBG000BWVSR1,-0.007825375,-0.004362146,1331913
20120926,12:00:00.000,BBG000BVPPM1,0.0028987275,-0.0118161775,1329142
20120926,12:00:00.000,BBG000BBMSJ6,-0.0044976575,-0.01631882,1444445
20120926,12:00:00.000,BBG000CHPY97,0.009544113,0.0032011154,1276481
20120926,12:00:00.000,BBG000C3GN47,0.020576797,0.011110128,947456
20120926,12:00:00.000,BBG000BYYLS8,0.0031985166,-0.004822717,1644374
20120926,12:00:00.000,BBG000DTMH63,,,1484167
20120926,12:00:00.000,BBG000PVRDL2,-0.01438845,-0.023418035,4037899
20120926,12:00:00.000,BBG000DQTXY6,0.004983014,-0.033110525,5629244
20120926,12:00:00.000,BBG000JF5CV9,0.008579118,-0.0027771841,1876632
20120926,12:00:00.000,BBG000CJZ2W6,-0.016359448,-0.02647046,1247085
20120926,12:00:00.000,BBG000K14Q84,-0.009452987,-0.024081701,2424541
20120926,12:00:00.000,BBG000BH3JF8,0.013086018,0.009902237,1796540
20120926,12:00:00.000,BBG000BTKGG8,0.0076493393,-0.0031909146,2932294
20120926,12:00:00.000,BBG000BB5006,0.0045819622,-0.008210456,1790143
20120926,12:00:00.000,BBG000BSBZH7,-0.002446958,-0.0016990919,708722
20120926,12:00:00.000,BBG000BM6788,-0.008721445,-0.018614387,1438436
20120926,12:00:00.000,BBG000BQ5DS5,-0.0070703872,-0.008371333,1503849
20120926,12:00:00.000,BBG000BB6WG8,-0.0064044017,-0.009401809,2026380
20120926,12:00:00.000,BBG000BRK7L6,0.00096542196,-0.009139448,1844735
20120926,12:00:00.000,BBG000BMY992,-0.0003965799,0.00042574742,1982351
20120926,12:00:00.000,BBG000FKJRC5,-0.012639833,-0.016366756,805764
20120926,12:00:00.000,BBG000C1BW00,0.008268476,0.008305785,506527
20120926,12:00:00.000,BBG000DY8ZS4,0.012681481,-0.008747783,5326497
20120926,12:00:00.000,BBG000BY33P5,-0.014578461,-0.024069581,3353531
20120926,12:00:00.000,BBG000BKLH74,0.0003058325,-0.005355251,1879848
20120926,12:00:00.000,BBG000BMF5J0,-0.0092119565,-0.017426956,4272777
20120926,12:00:00.000,BBG000CSY9H9,0.011601746,0.009679426,1719193
20120926,12:00:00.000,BBG000CPQZ77,-0.011092701,-0.014824866,684938
20120926,12:00:00.000,BBG000CS7CT9,0.0036708585,0.0014649858,895805
20120926,12:00:00.000,BBG000BC9938,-0.0069960463,-0.023863953,1285056
20120926,12:00:00.000,BBG000BBJQV0,-0.0062178466,-0.020141477,5284672
20120926,12:00:00.000,BBG000FQ6PY6,0.0033670128,-0.011507009,714147
20120926,12:00:00.000,BBG000PM7GJ0,0.044112552,0.038255822,13308759
20120926,12:00:00.000,BBG000GC80B4,0.009252851,0.0028550813,843344
20120926,12:00:00.000,BBG000DYGNW7,0.0009703173,0.005704959,570146
20120926,12:00:00.000,BBG000HCJMF9,-0.014577045,-0.029509585,2042199
20120926,12:00:00.000,BBG000C17X76,0.009471524,0.00709712,900377
20120926,12:00:00.000,BBG000BMDV41,0.002834258,-0.005094141,1935124
20120926,12:00:00.000,BBG000TWC2V5,0.0022249732,0.0047535244,568743
20120926,12:00:00.000,BBG000BBPFB9,0.006828969,-0.007177519,4047906
20120926,12:00:00.000,BBG000BLKK03,-0.0040238304,-0.009708349,695900
20120926,12:00:00.000,BBG000R8ZVD1,0.011214613,0.0076086204,707463
20120926,12:00:00.000,BBG000BD8PN9,0.0073952354,-0.002650409,2327592
20120926,12:00:00.000,BBG000BBDV81,0.0039860783,-0.0027981373,726345
20120926,12:00:00.000,BBG000BCVJ77,-0.013865051,-0.01726538,2413754
20120926,12:00:00.000,BBG000BJL3N0,0.0034007467,-0.005831035,5625852
20120926,12:00:00.000,BBG000BZ2GG4,-0.004498459,-0.024364144,918874
20120926,12:00:00.000,BBG000BKFBD7,-0.004538447,-0.01251016,1380830
20120926,12:00:00.000,BBG000BJ2VQ6,-0.0060674627,-0.021772914,1287916
20120926,12:00:00.000,BBG000BKFZM4,0.0021366503,-0.008504079,6030678
20120926,12:00:00.000,BBG000QBR5J5,0.0023470032,-0.00823706,1860450
20120926,12:00:00.000,BBG000BJPDZ1,-0.004623025,-0.011559659,82114
20120926,12:00:00.000,BBG000BH5LT6,-7.453347e-06,-0.015561743,1796325
20120926,12:00:00.000,BBG000MBDGM6,0.02401394,0.008085581,337230
20120926,12:00:00.000,BBG000LD9JQ8,-0.0035084211,-0.0047857054,427359
20120926,12:00:00.000,BBG000BTR593,0.0073629804,0.0036043515,1522895
20120926,12:00:00.000,BBG000BVMGF2,-0.0019642678,-0.0077622514,1174087
20120926,12:00:00.000,BBG000FJLFX8,-0.0073374067,-0.013785871,1760850
20120926,12:00:00.000,BBG000BWNFZ9,0.004752433,-0.0223322,1609243
20120926,12:00:00.000,BBG000BR54L0,-0.0057718577,-0.047929898,12765824
20120926,12:00:00.000,BBG000BCBCM7,-0.021973474,-0.034199215,11529751
20120926,12:00:00.000,BBG000BM5SR2,0.010213092,-0.005835693,2058272
20120926,12:00:00.000,BBG000BJ81C1,-0.009173557,-0.011248494,893345
20120926,12:00:00.000,BBG001DCCGR8,-0.0015930039,-0.016404077,1605523
20120926,12:00:00.000,BBG000H89QJ6,0.0015669232,-0.005860845,943651
20120926,12:00:00.000,BBG000F6H8W8,-0.0011682711,-9.8394e-05,632936
20120926,12:00:00.000,BBG000BS0ZF1,-0.0009804378,-0.003078121,301248
20120926,12:00:00.000,BBG000BVWLJ6,-0.0035851104,-0.004012021,2026072
20120926,12:00:00.000,BBG000BGJRC8,-0.0048212744,-0.008032011,2647738
20120926,12:00:00.000,BBG000BT9DW0,-0.0017426097,0.008962359,1389281
20120926,12:00:00.000,BBG000BXRPH1,0.0029935387,-0.00946734,1012306
20120926,12:00:00.000,BBG000C7LMS8,0.01140131,0.016154738,542822
20120926,12:00:00.000,BBG00286S4N9,0.0070707113,-0.0008696061,1478226
20120926,12:00:00.000,BBG000BH2JM1,0.009134731,-0.004982197,3840988
20120926,12:00:00.000,BBG000BRD0D8,-0.005410165,-0.011929929,2032741
20120926,12:00:00.000,BBG000BJF1Z8,-0.00096725504,-0.0020099317,900650
20120926,12:00:00.000,BBG000BHQ1H0,0.009198826,0.0055903527,896815
20120926,12:00:00.000,BBG000BN5HF7,-0.0052237147,-0.03638824,5526063
20120926,12:00:00.000,BBG000B9WH86,-0.006269643,-0.0022632065,10479789
20120926,12:00:00.000,BBG000C5Z1S3,-0.006530472,-0.02129385,15921509
20120926,12:00:00.000,BBG000D9D830,-0.0024984435,-0.009548506,1210520
20120926,12:00:00.000,BBG000JWD753,0.006418678,0.0035138684,3729885
20120926,12:00:00.000,BBG000BKCFC2,-0.004961751,-0.0009977098,1673925
20120926,12:00:00.000,BBG000BWVCP8,-0.013130436,-0.01899023,2469176
20120926,12:00:00.000,BBG000BBD070,-0.009652048,-0.020986699,2275633
20120926,12:00:00.000,BBG000BMBL90,-0.0067553823,-0.013051843,1332505
20120926,12:00:00.000,BBG000BNWG87,0.006027217,0.00023137032,1985732
20120926,12:00:00.000,BBG000BCG930,-0.00819422,-0.015388633,1146727
20120926,12:00:00.000,BBG000BHX7N2,-0.002950853,-0.0053835046,1561637
20120926,12:00:00.000,BBG000BX3TD3,0.01710804,0.01833977,5455885
20120926,12:00:00.000,BBG000BH23R1,-0.0033802364,-0.008020105,7642533
20120926,12:00:00.000,BBG000BBVJZ8,-0.0049992204,-0.009245949,765522
20120926,12:00:00.000,BBG000BJ3PD2,0.015848419,0.0060602007,1445439
20120926,12:00:00.000,BBG000BFQYY3,0.0062670917,0.007168503,595947
20120926,12:00:00.000,BBG000BMW2Z0,-0.0022293294,-0.00029196808,570559
20120926,12:00:00.000,BBG000CXYSZ6,0.001593161,-0.013968,584801
20120926,12:00:00.000,BBG000H556T9,-0.00081856514,-0.0038780132,1534312
20120926,12:00:00.000,BBG000J6XT05,-0.004578874,0.0053340616,1605534
20120926,12:00:00.000,BBG000C8H633,-0.005919384,-0.015648738,3074249
20120926,12:00:00.000,BBG000FP1N32,-0.020694105,-0.033986524,4647167
20120926,12:00:00.000,BBG000BD4VG8,0.00027167745,-0.016210869,1585708
20120926,12:00:00.000,BBG000C496P7,-0.009290444,-0.022286333,4159652
20120926,12:00:00.000,BBG000FG3C43,-0.010530763,-0.029632818,3268010
20120926,12:00:00.000,BBG000DHSPT0,-0.0064543574,-0.015797546,1793316
20120926,12:00:00.000,BBG000FW00S1,0.013613409,0.0027312774,4105035
20120926,12:00:00.000,BBG000BFC8J2,0.00966037,0.005123157,1219990
20120926,12:00:00.000,BBG000BZ9223,-0.0024247384,-0.0117404,466112
20120926,12:00:00.000,BBG000GFFQN9,0.0027971764,-8.587672e-08,6476271
20120926,12:00:00.000,BBG000G2R6M0,0.0036461332,0.0007835723,2780911
20120926,12:00:00.000,BBG000FL1TC8,-0.004705033,-0.012739111,1260053
20120926,12:00:00.000,BBG000BGKTF9,0.0001801463,-0.008763456,1801806
20120926,12:00:00.000,BBG000BB6KF5,-0.00651006,-0.022750465,3979516
20120926,12:00:00.000,BBG000BGLRN3,-0.009987706,-0.009774584,1398349
20120926,12:00:00.000,BBG000Q9HH23,-0.008794826,-0.019146785,1134959
20120926,12:00:00.000,BBG000BV8DN6,0.011384557,0.012030699,2516250
20120926,12:00:00.000,BBG000BFXHL6,-0.0026098283,-0.0085119875,1880598
20120926,12:00:00.000,BBG000C46HM9,0.002873747,-0.004766037,2169656
20120926,12:00:00.000,BBG000BFRF55,0.012784718,0.0046202494,3756488
20120926,12:00:00.000,BBG000BNBDC2,0.0011723407,-0.0046373215,2030137
20120926,12:00:00.000,BBG000BH13K9,0.002935878,-0.00079299643,1460676
20120926,12:00:00.000,BBG000BGPTV6,0.00936993,-0.0028670335,1003520
20120926,12:00:00.000,BBG000QX74T1,-0.008365997,-0.015004097,558457
20120926,12:00:00.000,BBG000BWJFZ4,0.013022671,0.0006073205,374489
20120926,12:00:00.000,BBG000BWLMJ4,-0.0006848352,-0.003604822,2651197
20120926,12:00:00.000,BBG000BW3299,-0.0074410606,-0.009927319,903267
20120926,12:00:00.000,BBG000BFDXW1,2.1900814e-06,-0.013019165,4416104
20120926,12:00:00.000,BBG000BC2C10,0.0060225124,0.0008212669,1363883
20120926,12:00:00.000,BBG000BVV7G1,-0.009755608,-0.02120388,8680495
20120926,12:00:00.000,BBG000BPWXK1,-0.0035205132,-0.0043583387,2871074
20120926,12:00:00.000,BBG000BBGGQ1,-0.0065396195,-0.018751549,3733045
20120926,12:00:00.000,BBG000BHBK84,-0.0045156716,-0.011879874,4072802
20120926,12:00:00.000,BBG000BJX8C8,-0.0012602566,-0.013965715,1448250
20120926,12:00:00.000,BBG000H8TVT2,-0.009163327,-0.007612931,1244356
20120926,12:00:00.000,BBG000BTZQC4,0.0025777475,0.00023097693,2291260
20120926,12:00:00.000,BBG000BP52R2,0.00041744535,0.00032318293,1085673
20120926,12:00:00.000,BBG000C5HS04,-0.003157678,0.0059944578,1118163
20120926,12:00:00.000,BBG000BH3GZ2,-0.0004381284,-0.004944804,977232
20120926,12:00:00.000,BBG000F1ZSQ2,0.0041536377,-0.0026346066,145531
20120926,12:00:00.000,BBG000C15T95,0.00439514,0.0032604674,1139477
20120926,12:00:00.000,BBG000BFWKC0,-0.004016331,-0.0085109575,950026
20120926,12:00:00.000,BBG000CL9VN6,0.039858177,0.034210473,2900291
20120926,12:00:00.000,BBG000F0KF42,0.0075844345,-0.026303908,3528166
20120926,12:00:00.000,BBG000C240W1,0.0010825399,-0.012646878,19340576
20120926,12:00:00.000,BBG000L9CV04,-0.00435131,-0.0013874504,1631868
20120926,12:00:00.000,BBG000BC40Y8,-0.0016232727,-0.0067949714,1754275
20120926,12:00:00.000,BBG000BL4504,-0.0019604084,-0.01466404,6119565
20120926,12:00:00.000,BBG000BB07P9,-0.0013928504,-0.004394752,5256886
20120926,12:00:00.000,BBG000BBDZG3,-0.0024133448,-0.017217556,17513280
20120926,12:00:00.000,BBG000BY29C7,0.006432349,0.0048074652,2911116
20120926,12:00:00.000,BBG000DWG505,0.007847467,0.008448956,1440472
20120926,12:00:00.000,BBG000BCQZS4,-0.007862283,-0.013830097,2099634
20120926,12:00:00.000,BBG000CKGBP2,-0.012937102,-0.016950361,3568630
20120926,12:00:00.000,BBG000BHGDH5,-0.0063268,0.004819958,1425485
20120926,12:00:00.000,BBG000FFDM15,-0.0014087422,-0.0019173018,3641535
20120926,12:00:00.000,BBG000BWXBC2,0.00044851756,-0.00013450324,1840221
20120926,12:00:00.000,BBG000BGRY34,0.0063507454,0.004620202,3023915
20120926,12:00:00.000,BBG000BN2DC2,-0.009338386,-0.024972687,1096146
20120926,12:00:00.000,BBG000BH1NH9,0.007226527,-0.0019081965,1503908
20120926,12:00:00.000,BBG000F0PF65,0.00092702295,-0.007999259,3037173
20120926,12:00:00.000,BBG000BW8S60,0.0015751907,0.0024763455,2017886
20120926,12:00:00.000,BBG000BCSST7,0.008491143,0.015203975,2100215
20120926,12:00:00.000,BBG000CH5208,0.004497424,0.0017802492,2502564
20120926,12:00:00.000,BBG000BQQ2S6,0.004595626,-0.0025783705,1296572
20120926,12:00:00.000,BBG000BLZRJ2,0.005748703,-0.011435279,9822409
20120926,12:00:00.000,BBG000BP6LJ8,-0.0011052738,0.004114651,2439022
20120926,12:00:00.000,BBG000DWYF03,-0.0016932411,-0.00982547,5097012
20120926,12:00:00.000,BBG000BQPC32,-0.00085057534,-0.0069412263,23283996
20120926,12:00:00.000,BBG000BBS2Y0,0.0024246708,-0.0008346508,2176614
20120926,12:00:00.000,BBG000CTQBF3,-0.003488298,-0.010094218,2693246
20120926,12:00:00.000,BBG000DQLV23,-0.005609795,-0.009707138,4256341
20120926,12:00:00.000,BBG000KHWT55,0.000623308,-0.0077776187,13206533
20120926,12:00:00.000,BBG000BNDN65,0.0060036364,0.0033681623,7006429
20120926,12:00:00.000,BBG000B9ZXB4,-0.001965371,-0.0053170533,2507552
20120926,12:00:00.000,BBG000DH7JK6,-0.0013407381,0.0065397946,1720495
20120926,12:00:00.000,BBG000BH4R78,-0.006252306,-0.012365912,3436764
20120926,12:00:00.000,BBG000BQQH30,0.004144267,-0.0036591287,2927966
20120926,12:00:00.000,BBG000PSKYX7,0.00070676394,-0.007207285,1035079
20120926,12:00:00.000,BBG000C6CFJ5,4.8035174e-05,-0.00950891,2632784
20120926,12:00:00.000,BBG000BKTFN2,-0.009337001,-0.024162091,7710302
20120926,12:00:00.000,BBG000J2XL74,0.0005993697,0.004606815,1788425
20120926,12:00:00.000,BBG000BHVJJ3,0.0021973506,-0.013257514,7108798
20120926,12:00:00.000,BBG000C43RR5,-0.0008937007,-0.009790584,5017414
20120926,12:00:00.000,BBG000BFT2L4,-0.0035622201,-0.011437645,4832800
20120926,12:00:00.000,BBG000D4LWF6,-0.0014060122,0.00048468375,5904643
20120926,12:00:00.000,BBG000BNSZP1,0.004640207,0.0050611706,2136297
20120926,12:00:00.000,BBG000BT41Q8,0.0022845776,-0.0066711577,2110809
20120926,12:00:00.000,BBG000BKZB36,-0.0061190575,-0.008204245,3639588
20120926,12:00:00.000,BBG000BPD168,0.0072948607,0.002659132,5902793
20120926,12:00:00.000,BBG000HS77T5,0.0033611436,0.0041640415,4498099
20120926,12:00:00.000,BBG000BQLTW7,-0.008146372,-0.01725547,14179207
20120926,12:00:00.000,BBG000BVPV84,-0.0036367332,-0.008319722,1479168
20120926,12:00:00.000,BBG000BJDB15,-0.0004436488,-0.006359095,11658516
20120926,12:00:00.000,BBG000BMX289,0.0035778272,0.009552754,6444444
20120926,12:00:00.000,BBG000MM2P62,-0.0052036433,-0.015290212,17241388
20120926,12:00:00.000,BBG000CGC1X8,0.0030532086,-0.0062204967,5342998
20120926,12:00:00.000,BBG000BLBVN4,-0.009381773,-0.01784358,484725
20120926,12:00:00.000,BBG000BF0K17,0.0031302467,-0.004596097,4399340
20120926,12:00:00.000,BBG000BR2TH3,-0.0026283045,0.00043118917,4164914
20120926,12:00:00.000,BBG000K4ND22,-0.0006680172,-0.0032493316,2370164
20120926,12:00:00.000,BBG000BR2B91,0.007661505,0.0036231596,11667088
20120926,12:00:00.000,BBG000C3J3C9,0.0036940079,-0.0075087035,15040547
20120926,12:00:00.000,BBG000BLNNH6,0.0056717987,-0.00021916656,1330632
20120926,12:00:00.000,BBG000BWQFY7,-0.0030631658,-0.009502845,12721751
20120926,12:00:00.000,BBG000BMHYD1,-0.001006236,-0.0025971953,4238142
20120926,12:00:00.000,BBG000BK6MB5,-0.005363721,-0.007617958,16708325
20120926,12:00:00.000,BBG000BSJK37,0.007823524,0.007882926,9996894
20120926,12:00:00.000,BBG000C0G1D1,0.018258523,0.0071070674,23027212
20120926,12:00:00.000,BBG000FY4S11,-0.00086867646,-0.019467708,25570788
20120926,12:00:00.000,BBG000BCTLF6,0.0011439709,-0.014565566,82616528
20120926,12:00:00.000,BBG000DMBXR2,0.0048213457,-0.008874678,11889992
20120926,12:00:00.000,BBG000BPH459,0.0026746264,-0.0075669205,24246010
20120926,12:00:00.000,BBG000GZQ728,-0.003995307,-0.0039229584,4556681
20120926,12:00:00.000,BBG000BHSKN9,0.00247172,-0.0033458504,2713691
20120926,12:00:00.000,BBG000B9XRY4,-0.0019241747,-0.015369332,10470335
20120926,12:15:00.000,BBG000BFVXX0,0.008962411,0.012412031,1174178
20120926,12:15:00.000,BBG000M4SW14,-0.019222718,-0.02205194,483956
20120926,12:15:00.000,BBG000HS74G6,-0.0059061106,-0.00866558,237533
20120926,12:15:00.000,BBG000BJNGN9,-0.07729604,-0.09587387,6138055
20120926,12:15:00.000,BBG000FNRZ69,-0.002708925,-0.009431068,3895482
20120926,12:15:00.000,BBG000BW2QX0,-0.006905859,-0.009837012,910045
20120926,12:15:00.000,BBG000BBV8B8,0.0077416017,-0.00565277,819612
20120926,12:15:00.000,BBG000DV7MX4,0.0140399365,0.008189641,4910042
20120926,12:15:00.000,BBG000BQ74K1,-0.00046894132,-0.0064937137,404746
20120926,12:15:00.000,BBG000BCYP43,0.0010220705,0.00019028108,101123
20120926,12:15:00.000,BBG000BW5YW1,0.016318023,-0.0036722557,1325033
20120926,12:15:00.000,BBG000BLCL55,0.0024268264,-0.0030599874,463214
20120926,12:15:00.000,BBG000CZWZ05,0.00071910763,-0.0070764376,228937
20120926,12:15:00.000,BBG000NSCNT7,0.005523199,-0.0027979107,1159086
20120926,12:15:00.000,BBG000D14WM3,-0.0003463362,-0.011796251,3527626
20120926,12:15:00.000,BBG000BK5DP1,0.006945233,-0.008258022,1616855
20120926,12:15:00.000,BBG000PCNTM2,-0.003070917,-0.0128844,222280
20120926,12:15:00.000,BBG000BBB3K1,-0.00011702405,0.0043582567,608663
20120926,12:15:00.000,BBG000C2YHG9,-0.013699781,-0.024715183,910445
20120926,12:15:00.000,BBG000RGM5P1,-0.0071456837,-0.01777637,1312245
20120926,12:15:00.000,BBG000BQ87N0,0.00066136493,0.006831912,501856
20120926,12:15:00.000,BBG000BD0TF8,0.0037144055,-0.004269326,255871
20120926,12:15:00.000,BBG000BDG1Y1,-2.4292518e-05,-0.008243639,563427
20120926,12:15:00.000,BBG000BHC2S1,0.0005541991,-0.011341003,317698
20120926,12:15:00.000,BBG000BCHG15,-0.004229245,-0.005556842,427732
20120926,12:15:00.000,BBG000CLVM51,-0.006076781,-0.010453856,119714
20120926,12:15:00.000,BBG000BBCQD7,-0.0003853992,-0.00872074,648125
20120926,12:15:00.000,BBG000BB03M1,0.01445985,0.009260259,567826
20120926,12:15:00.000,BBG000BQC9V2,0.016120592,0.009421635,1857769
20120926,12:15:00.000,BBG000D5S4M0,-0.010347663,-0.012986449,262017
20120926,12:15:00.000,BBG000BB9RZ5,0.012408868,0.004602579,190441
20120926,12:15:00.000,BBG000DCCZW2,-0.007876375,-0.016290538,547722
20120926,12:15:00.000,BBG000BS5170,-0.010976858,-0.004906654,527436
20120926,12:15:00.000,BBG000BLMZK6,-0.0016734598,-3.9722548e-07,690234
20120926,12:15:00.000,BBG000BB5BF6,-0.0005563196,0.0009571191,1986413
20120926,12:15:00.000,BBG000BLXZN1,0.00096695725,-0.012527023,126447
20120926,12:15:00.000,BBG000FQRVM3,7.103375e-05,-0.0019613835,204484
20120926,12:15:00.000,BBG000BGFLL5,0.0036506266,-0.0024138982,1283277
20120926,12:15:00.000,BBG000BJ5GK2,0.003862133,0.007491415,348527
20120926,12:15:00.000,BBG000BWP7D9,0.008410436,0.010961237,1034307
20120926,12:15:00.000,BBG000BPQVR5,0.0040024533,-0.0035219972,263068
20120926,12:15:00.000,BBG000DGPR66,-0.0034431105,-0.007643943,435023
20120926,12:15:00.000,BBG000BRZBT3,-0.0073148217,-0.016766075,989182
20120926,12:15:00.000,BBG000BWBZN1,6.828221e-06,-0.0025727712,358154
20120926,12:15:00.000,BBG000BFS7D3,0.011438278,0.014917189,400209
20120926,12:15:00.000,BBG000C23KJ3,-0.012146381,-0.010854047,3542995
20120926,12:15:00.000,BBG001QD41M9,0.0012514058,-0.007330782,581588
20120926,12:15:00.000,BBG000M44VW8,-0.007535269,-0.023979023,829533
20120926,12:15:00.000,BBG000BSJTT0,0.01845885,0.014249648,1910123
20120926,12:15:00.000,BBG000C9W1Y1,0.0036468366,0.0025068698,993213
20120926,12:15:00.000,BBG000DHNDK1,,,718705
20120926,12:15:00.000,BBG000BN9WT5,0.0026333039,-0.0056674206,697230
20120926,12:15:00.000,BBG000BBMT95,0.0023030762,-0.0025999413,1098965
20120926,12:15:00.000,BBG000BJVZF7,0.005972123,0.0027688215,1085621
20120926,12:15:00.000,BBG000BPZBB6,-0.0022965341,0.00039155516,901015
20120926,12:15:00.000,BBG000R57L13,0.011681349,-0.005688022,2032577
20120926,12:15:00.000,BBG000C1FB75,0.0024710107,-0.0005184293,93476
20120926,12:15:00.000,BBG000BF6LY3,-0.0042038676,-0.0035040262,3294414
20120926,12:15:00.000,BBG000F6ZWH2,0.008101114,-0.004168678,398158
20120926,12:15:00.000,BBG000BP7JB0,-0.012195394,-0.025111523,2594484
20120926,12:15:00.000,BBG000RNTSX0,0.0051537156,-0.0088563645,238971
20120926,12:15:00.000,BBG000BCTQ65,0.0021852755,0.008319654,949157
20120926,12:15:00.000,BBG000C4DPX1,0.013666288,0.0030296794,1546018
20120926,12:15:00.000,BBG000TJM7F0,0.0010647294,0.0046926793,390435
20120926,12:15:00.000,BBG0016WLQ18,-0.013130352,-0.022825016,1101246
20120926,12:15:00.000,BBG000CNFQW6,-0.0005975736,-0.004110397,122126
20120926,12:15:00.000,BBG000BMZ7P7,-0.010127589,-0.014735612,198667
20120926,12:15:00.000,BBG000BLDV98,-0.0025819312,0.005310725,1143966
20120926,12:15:00.000,BBG000BKWSR6,0.0037102997,-0.0014670774,2305288
20120926,12:15:00.000,BBG000MQ1SN9,0.004240801,0.0046371436,261112
20120926,12:15:00.000,BBG000C75N77,0.004412433,0.0009745013,696865
20120926,12:15:00.000,BBG000C2ZCH8,0.0013197636,0.003957629,410411
20120926,12:15:00.000,BBG000BVB8Q0,0.008932973,0.002961448,1852169
20120926,12:15:00.000,BBG000G6BN50,-0.010198968,-0.01575237,169290
20120926,12:15:00.000,BBG000BL79J3,-0.005793469,-0.007117693,1010861
20120926,12:15:00.000,BBG000BKXFN7,-0.0076133725,-0.019759074,2495862
20120926,12:15:00.000,BBG000BD3LM4,-0.00440797,-0.019717114,1522654
20120926,12:15:00.000,BBG000F86GP6,0.0034296804,-0.0029264765,707830
20120926,12:15:00.000,BBG000BGXZB5,-0.0099197915,-0.014120607,1374963
20120926,12:15:00.000,BBG000BVMPN3,0.002884863,-0.0037321467,461275
20120926,12:15:00.000,BBG000D9DMK0,-0.009899487,-0.0072391997,179609
20120926,12:15:00.000,BBG000FDBX90,-0.0027522116,-2.3219891e-07,1521657
20120926,12:15:00.000,BBG000MM5VL9,-0.010525412,-0.015671214,542876
20120926,12:15:00.000,BBG000BHCP19,-0.0005297428,-0.008201043,769894
20120926,12:15:00.000,BBG000BX8DC4,0.0021183544,-0.0025132212,481027
20120926,12:15:00.000,BBG000G3QLY3,0.009487763,-0.00062590797,614786
20120926,12:15:00.000,BBG000BDWKC5,0.0051634316,-0.005756933,1648992
20120926,12:15:00.000,BBG000BMRFF9,0.010275688,0.007935589,320928
20120926,12:15:00.000,BBG000BT4T69,-0.006755591,-0.00751751,876541
20120926,12:15:00.000,BBG000BRRG02,0.00401312,0.0030722662,403988
20120926,12:15:00.000,BBG000BP0KQ8,0.0067159673,-0.0015777163,3873958
20120926,12:15:00.000,BBG000RKR4R8,0.005941448,-0.0014232626,4330325
20120926,12:15:00.000,BBG000C3HSR0,-0.0021961273,-0.0107560875,2744809
20120926,12:15:00.000,BBG000BKQ3V3,-0.00077839557,-0.018851269,1294315
20120926,12:15:00.000,BBG000CGT2S4,0.01059735,0.01385942,970934
20120926,12:15:00.000,BBG000C1FQS9,-0.0019016967,0.0062163123,239261
20120926,12:15:00.000,BBG000FFH4P5,0.0011353317,-0.00537678,221126
20120926,12:15:00.000,BBG000BF5RY1,-0.007666686,-0.006979344,1087491
20120926,12:15:00.000,BBG000BFNR17,0.0010620417,-0.0072759036,186914
20120926,12:15:00.000,BBG000BR1W32,-0.027275851,-0.047268823,1706140
20120926,12:15:00.000,BBG001M8HHB7,-0.0010280082,-0.007851266,1073284
20120926,12:15:00.000,BBG000BPNP00,0.0009943704,-0.00955479,1513001
20120926,12:15:00.000,BBG000C0LW92,0.0054880697,0.0017741772,2580601
20120926,12:15:00.000,BBG000K7PWX7,0.0131125385,0.004300721,925596
20120926,12:15:00.000,BBG000BQSQ38,-0.0042306003,-0.006583822,1783801
20120926,12:15:00.000,BBG000BKXYX5,0.03006874,0.03657667,1395444
20120926,12:15:00.000,BBG000BLHRS2,-0.0049117454,-0.0018322528,191487
20120926,12:15:00.000,BBG000JYP7L8,0.019880425,0.012580494,616315
20120926,12:15:00.000,BBG000PV2L86,-0.0048870966,-0.0021893946,232306
20120926,12:15:00.000,BBG000BTCH57,0.0052386876,0.0077068093,803212
20120926,12:15:00.000,BBG000BBNYF6,0.0045815147,-0.0012534185,445674
20120926,12:15:00.000,BBG000BPL8X4,-0.001734871,-0.0010967006,775333
20120926,12:15:00.000,BBG000BLCPY4,0.015086144,0.00053589913,798390
20120926,12:15:00.000,BBG000BNC3Y9,-0.0003457779,-0.014012468,1138343
20120926,12:15:00.000,BBG000BT9T73,0.0092431735,-0.0056776702,3387788
20120926,12:15:00.000,BBG000BC15S7,0.0017557773,0.0025047646,236065
20120926,12:15:00.000,BBG000BKNX95,-0.009824786,-0.01809944,1952370
20120926,12:15:00.000,BBG000C90DH9,0.004816603,-0.0062251952,1543389
20120926,12:15:00.000,BBG000C7B436,0.0043282267,-0.007897459,1481987
20120926,12:15:00.000,BBG000BK6G19,-0.009141781,-0.011265831,659064
20120926,12:15:00.000,BBG000BX5ZF5,0.0046212045,-0.007892283,6714895
20120926,12:15:00.000,BBG000BGD7W6,-0.002515269,0.00051081396,1170986
20120926,12:15:00.000,BBG000BVSX05,0.002304326,-0.011936147,1096113
20120926,12:15:00.000,BBG000CKJ0P3,-0.0016980612,-0.005111232,398806
20120926,12:15:00.000,BBG000BNJHS8,-0.0007572688,0.00904464,1715097
20120926,12:15:00.000,BBG000BQZMH4,0.0004699441,0.0053401487,536683
20120926,12:15:00.000,BBG000DN7P92,0.0033216632,4.545103e-05,430255
20120926,12:15:00.000,BBG000BKPL53,0.0037620638,-0.0011218757,408162
20120926,12:15:00.000,BBG000BB2DM7,0.004084694,0.009273517,5506826
20120926,12:15:00.000,BBG000BJDPC2,0.016731689,0.020264292,688561
20120926,12:15:00.000,BBG000BJ8YN7,-0.004092995,-0.009471702,754588
20120926,12:15:00.000,BBG000BPVCR1,-0.041018486,-0.054116685,4275356
20120926,12:15:00.000,BBG000PCQQL6,0.004633576,-0.0022050773,894333
20120926,12:15:00.000,BBG000C2BXK4,0.0013140343,0.006688936,3121228
20120926,12:15:00.000,BBG000F9KJN4,-0.0010164521,-0.011838325,1103552
20120926,12:15:00.000,BBG000BNNYW1,-0.0047286376,-0.0033744203,930807
20120926,12:15:00.000,BBG000C734W3,-0.001514397,-0.013864164,318652
20120926,12:15:00.000,BBG000D7RKJ5,-0.0031576927,0.0060451697,526433
20120926,12:15:00.000,BBG000G8N9C6,-0.0015573064,-0.0025502355,729969
20120926,12:15:00.000,BBG000BRXP69,-0.0017216941,-0.007085295,244374
20120926,12:15:00.000,BBG000NDYB67,0.0053535984,-0.0016992986,5074234
20120926,12:15:00.000,BBG000BHZ5J9,0.009433492,0.009193889,222307
20120926,12:15:00.000,BBG000BHKYH4,0.009002239,0.012071541,627827
20120926,12:15:00.000,BBG000D2M0Z7,0.003130355,0.0026975365,268853
20120926,12:15:00.000,BBG000CHWP52,0.009067357,0.00025644698,527635
20120926,12:15:00.000,BBG0029SNR63,0.019716347,0.014038703,3297676
20120926,12:15:00.000,BBG000BNNKG9,-0.002253754,-0.016725827,3740441
20120926,12:15:00.000,BBG000BP4MH0,0.007203607,0.007960695,1276278
20120926,12:15:00.000,BBG000BHLYS1,0.0067796055,0.012944189,1380513
20120926,12:15:00.000,BBG000BFJ645,-0.010952736,-0.013251492,8528997
20120926,12:15:00.000,BBG000BC4JJ4,0.00056528306,-0.0019199095,540058
20120926,12:15:00.000,BBG000BVVQQ8,-0.00057575904,-0.0053880173,1447204
20120926,12:15:00.000,BBG000DLFM21,0.003949763,-0.0050454456,355667
20120926,12:15:00.000,BBG000BP1152,-0.016247567,-0.02836844,2400970
20120926,12:15:00.000,BBG000H50PN8,0.0034062534,-0.005261226,641138
20120926,12:15:00.000,BBG000CP95B7,0.005006434,0.0006585961,270873
20120926,12:15:00.000,BBG000BS9489,-0.008004189,-0.014584357,698429
20120926,12:15:00.000,BBG000KBQZ88,-0.00067277194,-0.0060720406,425547
20120926,12:15:00.000,BBG000C37332,-0.010682924,-0.013780494,302856
20120926,12:15:00.000,BBG000C2PW58,0.0063008643,0.0007593151,169701
20120926,12:15:00.000,BBG000BKR1D6,0.013386176,0.0058772345,314613
20120926,12:15:00.000,BBG000BR37X2,-0.0029045893,-0.0019190008,1538974
20120926,12:15:00.000,BBG000BWCKB6,0.0052648187,0.0071317633,212352
20120926,12:15:00.000,BBG000BCZYD3,-0.0014159527,-0.0028481372,268402
20120926,12:15:00.000,BBG000BMKDM3,-0.0019208444,0.0005782455,609645
20120926,12:15:00.000,BBG000D3MB18,-0.0015372008,-0.0091693625,729292
20120926,12:15:00.000,BBG000BB1TH9,-0.0017251028,-0.0042343573,778722
20120926,12:15:00.000,BBG000BQVTF5,-0.009061073,-0.014555574,1109167
20120926,12:15:00.000,BBG000D1QCF1,-0.014290385,-0.023022054,1271055
20120926,12:15:00.000,BBG000PX3XC0,-0.006669133,-0.011416609,920529
20120926,12:15:00.000,BBG000J1QLT0,0.0047816155,0.0003109235,547689
20120926,12:15:00.000,BBG000BH8TT6,-0.02561568,-0.03410625,2592565
20120926,12:15:00.000,BBG000QRFNK2,-0.056877255,-0.06159542,5266034
20120926,12:15:00.000,BBG000BCNYT9,0.0015618646,-0.0025343073,1178294
20120926,12:15:00.000,BBG000BPMH90,-0.014455664,-0.017289702,521082
20120926,12:15:00.000,BBG000F7RCJ1,0.0014604495,0.0010365942,373608
20120926,12:15:00.000,BBG000BB6G37,0.00056472357,-0.00743517,1116931
20120926,12:15:00.000,BBG000BFDLV8,-0.005194952,-0.010691559,500799
20120926,12:15:00.000,BBG000WCFV84,0.0029528358,-0.0064945356,1347124
20120926,12:15:00.000,BBG000BY2Y78,0.00049657235,-0.008445783,1015492
20120926,12:15:00.000,BBG000BXM6V2,-0.008781632,-0.008418101,809544
20120926,12:15:00.000,BBG000FH8PX5,0.00023894664,-0.004448015,225787
20120926,12:15:00.000,BBG000BP8Z50,-0.0041831965,-0.012196353,716841
20120926,12:15:00.000,BBG000BQWPC5,0.0027837863,0.0070329877,1028671
20120926,12:15:00.000,BBG000BWSV34,0.0029324323,-0.016077688,603148
20120926,12:15:00.000,BBG000NDZ417,-0.008452898,-0.017854411,1291452
20120926,12:15:00.000,BBG000BJQWD2,-0.004014151,-0.013525819,834002
20120926,12:15:00.000,BBG000BB5373,0.011772062,0.0054477346,1585970
20120926,12:15:00.000,BBG000BHB3M6,0.0012547137,-0.004481203,526621
20120926,12:15:00.000,BBG000BLW530,-0.0009603729,-0.010445445,478975
20120926,12:15:00.000,BBG000D8RG11,-0.012016494,-0.013342714,1570004
20120926,12:15:00.000,BBG0019JZ882,-0.0064809863,-0.005907749,1490927
20120926,12:15:00.000,BBG000R7RDB4,-0.01202205,-0.017290507,539627
20120926,12:15:00.000,BBG000BQ8KV2,0.0030334527,0.00775641,991966
20120926,12:15:00.000,BBG000BYWTX7,-0.005672715,-0.015143756,7876513
20120926,12:15:00.000,BBG000C1S2X2,-0.016376114,-0.022928767,648986
20120926,12:15:00.000,BBG000DLVDK3,-0.0003175947,0.0032180694,834086
20120926,12:15:00.000,BBG000BFL116,0.027897906,0.014859787,2419179
20120926,12:15:00.000,BBG000C1DHF5,-0.01823972,-0.03491918,2487440
20120926,12:15:00.000,BBG000BVHBM1,0.0028281433,-0.025919275,3014831
20120926,12:15:00.000,BBG000BGVW60,0.0009867968,0.006646636,1067727
20120926,12:15:00.000,BBG000BPQD31,-0.0013037877,-0.008675696,884562
20120926,12:15:00.000,BBG000H1F895,-0.009854698,-0.028229278,1237656
20120926,12:15:00.000,BBG000K82ZT8,0.002707845,-0.010805223,1026800
20120926,12:15:00.000,BBG000DNTSP4,-0.00637963,-0.0040991604,1433728
20120926,12:15:00.000,BBG000F15NW9,0.0073297317,0.0027403897,953719
20120926,12:15:00.000,BBG000BPT0C6,0.0011110267,-0.000271839,387171
20120926,12:15:00.000,BBG000B9WJ73,0.047437187,0.04658686,7743135
20120926,12:15:00.000,BBG000BDXGP9,0.004190347,0.004743787,1577500
20120926,12:15:00.000,BBG000BSD7C2,-0.0063528214,-0.0027562242,403508
20120926,12:15:00.000,BBG000BSLZY7,0.005624456,0.0015523342,6155742
20120926,12:15:00.000,BBG000BKZTP3,0.0038609488,-0.0005920387,1622966
20120926,12:15:00.000,BBG000BF1R66,-0.0036853591,-0.0038811327,441472
20120926,12:15:00.000,BBG000HW5GX3,0.0041389996,-0.0019040728,2110523
20120926,12:15:00.000,BBG000C0F570,-0.0021592516,-0.010648898,1040480
20120926,12:15:00.000,BBG000BP1Q11,0.011157723,0.004253665,598611
20120926,12:15:00.000,BBG000BMQPL1,0.0042936886,-0.0022784844,4590981
20120926,12:15:00.000,BBG000M65M61,-0.004158006,0.003024826,1799634
20120926,12:15:00.000,BBG000BM7HL0,0.0020614478,-0.01155884,1204614
20120926,12:15:00.000,BBG000BJ49H3,-0.002847653,-0.007083713,560560
20120926,12:15:00.000,BBG000JBN3X6,0.008973936,0.008741606,1883363
20120926,12:15:00.000,BBG000NSQ9M0,-0.0052468665,-0.0040528323,3953072
20120926,12:15:00.000,BBG000BTVJ25,0.00030045497,0.00032377403,914072
20120926,12:15:00.000,BBG000BBCDZ2,-0.0093303,-0.014372789,769806
20120926,12:15:00.000,BBG000BNGTQ7,0.0003672298,-0.0028385813,666655
20120926,12:15:00.000,BBG000BGKHZ3,0.0063258284,-0.0015689754,708199
20120926,12:15:00.000,BBG000BL9439,-0.00042070556,0.0017916578,513826
20120926,12:15:00.000,BBG000H9G7X2,-0.002251166,-0.0039049517,1012618
20120926,12:15:00.000,BBG000BK67C7,0.005564227,0.009554115,705280
20120926,12:15:00.000,BBG000FV1Z23,0.0049141864,0.0033785258,425172
20120926,12:15:00.000,BBG000BV7LP7,-0.009837424,-0.017720394,2701614
20120926,12:15:00.000,BBG000CR90K4,0.037823312,0.03482248,21213688
20120926,12:15:00.000,BBG000BL9JQ1,0.005686174,-0.0062026368,1352685
20120926,12:15:00.000,BBG000BF2KK4,0.009114024,0.004718175,261497
20120926,12:15:00.000,BBG000GLBN48,0.0015005511,-0.0075732586,439227
20120926,12:15:00.000,BBG000BB6M98,-0.0005353525,0.0032719779,519325
20120926,12:15:00.000,BBG000BXMFC3,-0.022191126,-0.03876913,3181345
20120926,12:15:00.000,BBG000BSXQV7,-0.0072779744,-0.0065951245,368069
20120926,12:15:00.000,BBG000MDCQC2,-0.0010627455,0.0030912317,1224925
20120926,12:15:00.000,BBG000BRJ809,0.005241987,0.00013045115,222010
20120926,12:15:00.000,BBG000DKCC19,0.015525769,0.016336292,2129921
20120926,12:15:00.000,BBG000BFMBQ6,0.0066215764,0.0029870502,539758
20120926,12:15:00.000,BBG000BQ2C28,0.007430752,0.0071459734,590580
20120926,12:15:00.000,BBG000BMTFR4,0.014092968,-0.0010669222,1329593
20120926,12:15:00.000,BBG000BHLYP4,0.0053449175,0.0012239843,712926
20120926,12:15:00.000,BBG000BNFLM9,-0.0040923543,-0.01255723,1877534
20120926,12:15:00.000,BBG000NV1KK7,0.005867324,0.006166249,1574218
20120926,12:15:00.000,BBG000FBK808,-0.00691221,-0.012707919,2525823
20120926,12:15:00.000,BBG000R0L5J4,-0.011074216,-0.020366019,510821
20120926,12:15:00.000,BBG000BZTW70,-0.00079083507,-0.015432796,4589114
20120926,12:15:00.000,BBG000BLM0V1,,,534707
20120926,12:15:00.000,BBG000BTQR96,-0.0015522187,-0.008107705,714419
20120926,12:15:00.000,BBG000BH5DV1,0.009968865,-0.0012093798,1617600
20120926,12:15:00.000,BBG000BLBXT4,-0.00676464,-0.0041904245,531578
20120926,12:15:00.000,BBG000KLB4Q1,-0.010572404,-0.027665215,4479597
20120926,12:15:00.000,BBG000BR3KL6,-0.0029007704,-0.009015274,607377
20120926,12:15:00.000,BBG000BB9KF2,-0.0030812037,0.0040570674,663238
20120926,12:15:00.000,BBG000BVDLH9,0.0053986968,0.00084698404,439148
20120926,12:15:00.000,BBG000C0MF34,-0.0036057124,0.0053129313,357654
20120926,12:15:00.000,BBG000FVXD63,0.015862277,0.015574602,606065
20120926,12:15:00.000,BBG000CGQ6M4,-0.013241304,-0.014815949,775036
20120926,12:15:00.000,BBG000BJSBJ0,0.0053739785,0.010776567,1118578
20120926,12:15:00.000,BBG000BFTJ91,-0.006002597,-0.0143284695,919094
20120926,12:15:00.000,BBG000BSC0K9,-0.00036796843,-0.0018484015,756620
20120926,12:15:00.000,BBG000BWXL85,0.00868597,-0.005535788,1201384
20120926,12:15:00.000,BBG000QY3XZ2,0.0061366996,-0.011350763,982670
20120926,12:15:00.000,BBG000BCWCG1,0.0003748124,0.0023620075,2941511
20120926,12:15:00.000,BBG000CKVSG8,0.021579558,0.019674968,3260346
20120926,12:15:00.000,BBG000JN8R00,0.018535383,0.021608032,1044745
20120926,12:15:00.000,BBG000BBBNC6,-0.004385548,-0.016290009,1537794
20120926,12:15:00.000,BBG000JG0547,-0.0017666817,-0.0047959425,1216438
20120926,12:15:00.000,BBG000R7Z112,0.00652627,0.012201824,2676523
20120926,12:15:00.000,BBG000D898T9,0.0047903936,0.005510027,1992920
20120926,12:15:00.000,BBG000Q3JN03,0.004081611,-0.0027685314,7005821
20120926,12:15:00.000,BBG000BRJL00,-0.0053030364,0.0024152314,2069033
20120926,12:15:00.000,BBG000C2V3D6,0.009100553,-0.002216919,1441954
20120926,12:15:00.000,BBG000G30YX4,-0.003207981,-0.013515912,537188
20120926,12:15:00.000,BBG000G0Z878,0.006462668,-0.0021276243,2321748
20120926,12:15:00.000,BBG000BKXBV7,-0.007852935,-0.015467086,5155588
20120926,12:15:00.000,BBG000BJ98Z0,-0.0075395554,-0.0043944237,4581350
20120926,12:15:00.000,BBG000BR14K5,0.0040598125,0.0036639175,690174
20120926,12:15:00.000,BBG000BGYWY6,-0.0027466347,1.144594e-07,430333
20120926,12:15:00.000,BBG000BCGY17,1.4649559e-05,0.003346881,450800
20120926,12:15:00.000,BBG000BV75B7,0.0008108044,-0.010141766,822144
20120926,12:15:00.000,BBG000CXD6X9,-0.009220906,-0.010831923,970277
20120926,12:15:00.000,BBG000BWVSR1,-0.007864162,-0.00436218,1414381
20120926,12:15:00.000,BBG000BVPPM1,0.00030958524,-0.010597945,1410646
20120926,12:15:00.000,BBG000BBMSJ6,-0.0040477454,-0.013338798,1610676
20120926,12:15:00.000,BBG000CHPY97,0.011242932,0.010061312,1386517
20120926,12:15:00.000,BBG000C3GN47,0.01946604,0.014775243,1015470
20120926,12:15:00.000,BBG000BYYLS8,0.002390653,-0.0036167875,1705900
20120926,12:15:00.000,BBG000DTMH63,,,1708509
20120926,12:15:00.000,BBG000PVRDL2,-0.013532168,-0.015261022,4269749
20120926,12:15:00.000,BBG000DQTXY6,0.005262363,-0.027592152,6324018
20120926,12:15:00.000,BBG000JF5CV9,0.0024436824,-0.0039673946,2321360
20120926,12:15:00.000,BBG000CJZ2W6,-0.018695202,-0.025173513,1306029
20120926,12:15:00.000,BBG000K14Q84,-0.007902218,-0.015556526,2617902
20120926,12:15:00.000,BBG000BH3JF8,0.013052729,0.01173592,2060853
20120926,12:15:00.000,BBG000BTKGG8,0.006478415,-1.18977894e-07,3091556
20120926,12:15:00.000,BBG000BB5006,0.0047158278,-0.0072982083,1845001
20120926,12:15:00.000,BBG000BSBZH7,-0.0037493426,-0.0025487037,739758
20120926,12:15:00.000,BBG000BM6788,-0.008597982,-0.014625584,1524084
20120926,12:15:00.000,BBG000BQ5DS5,-0.00895081,-0.009139374,1584526
20120926,12:15:00.000,BBG000BB6WG8,-0.003583656,-0.0054240543,2157667
20120926,12:15:00.000,BBG000BRK7L6,-0.0002664914,-0.0057883137,1972855
20120926,12:15:00.000,BBG000BMY992,0.0008125979,0.0012777384,2078545
20120926,12:15:00.000,BBG000FKJRC5,-0.011465684,-0.015145351,835629
20120926,12:15:00.000,BBG000C1BW00,0.007805778,0.007158247,532999
20120926,12:15:00.000,BBG000DY8ZS4,0.010227665,-0.006362191,5692425
20120926,12:15:00.000,BBG000BY33P5,-0.014912193,-0.020711081,3586385
20120926,12:15:00.000,BBG000BKLH74,-0.0006227206,-0.0053552026,1945790
20120926,12:15:00.000,BBG000BMF5J0,-0.0036120655,-0.008105736,4693481
20120926,12:15:00.000,BBG000CSY9H9,0.010990414,0.0115347095,1832498
20120926,12:15:00.000,BBG000CPQZ77,-0.012800709,-0.015894676,756530
20120926,12:15:00.000,BBG000CS7CT9,0.0031296997,0.002832434,931879
20120926,12:15:00.000,BBG000BC9938,-0.008244993,-0.023604209,1369815
20120926,12:15:00.000,BBG000BBJQV0,-0.004740424,-0.015665634,5852897
20120926,12:15:00.000,BBG000FQ6PY6,0.003339066,-0.009578028,796512
20120926,12:15:00.000,BBG000PM7GJ0,0.03935972,0.041316506,14416144
20120926,12:15:00.000,BBG000GC80B4,0.010098809,0.00495452,891266
20120926,12:15:00.000,BBG000DYGNW7,0.0025649713,0.006275364,597039
20120926,12:15:00.000,BBG000HCJMF9,-0.016662737,-0.027890159,2258567
20120926,12:15:00.000,BBG000C17X76,0.0057372274,0.0026493603,941072
20120926,12:15:00.000,BBG000BMDV41,0.0046621924,0.00036329732,2074222
20120926,12:15:00.000,BBG000TWC2V5,3.5332698e-05,0.002648303,599065
20120926,12:15:00.000,BBG000BBPFB9,0.009102786,-0.0035884767,4464546
20120926,12:15:00.000,BBG000BLKK03,-0.003901828,-0.009212121,710652
20120926,12:15:00.000,BBG000R8ZVD1,0.0123585295,0.010076604,746775
20120926,12:15:00.000,BBG000BD8PN9,0.007349816,0.00044211483,2607056
20120926,12:15:00.000,BBG000BBDV81,0.004141409,-0.0005893123,768651
20120926,12:15:00.000,BBG000BCVJ77,-0.015373863,-0.018416325,2633939
20120926,12:15:00.000,BBG000BJL3N0,0.0026827094,-0.003888667,6051525
20120926,12:15:00.000,BBG000BZ2GG4,-0.0031658695,-0.019845717,1015291
20120926,12:15:00.000,BBG000BKFBD7,-0.0037613097,-0.008969477,1468621
20120926,12:15:00.000,BBG000BJ2VQ6,-0.006876294,-0.019142149,1426705
20120926,12:15:00.000,BBG000BKFZM4,0.004260802,-0.0038654294,6370168
20120926,12:15:00.000,BBG000QBR5J5,0.0035738407,-0.004782796,1936715
20120926,12:15:00.000,BBG000BJPDZ1,-0.0031738312,-0.008432689,94137
20120926,12:15:00.000,BBG000BH5LT6,0.0024471078,-0.009486506,1871202
20120926,12:15:00.000,BBG000MBDGM6,0.021230014,0.0074285725,363788
20120926,12:15:00.000,BBG000LD9JQ8,-0.002706441,-0.0025904637,453384
20120926,12:15:00.000,BBG000BTR593,0.0077718236,0.008109609,1701274
20120926,12:15:00.000,BBG000BVMGF2,-0.0025286432,-0.007261281,1261603
20120926,12:15:00.000,BBG000FJLFX8,-0.008359564,-0.014036399,1888990
20120926,12:15:00.000,BBG000BWNFZ9,0.00095371896,-0.022332227,1748613
20120926,12:15:00.000,BBG000BR54L0,0.0031961964,-0.03236829,13742999
20120926,12:15:00.000,BBG000BCBCM7,-0.027717747,-0.03761946,12531801
20120926,12:15:00.000,BBG000BM5SR2,0.008686727,-0.004585212,2198926
20120926,12:15:00.000,BBG000BJ81C1,-0.00887654,-0.010664118,947302
20120926,12:15:00.000,BBG001DCCGR8,0.00028766325,-0.011650609,1783981
20120926,12:15:00.000,BBG000H89QJ6,0.0008364281,-0.006547138,1001380
20120926,12:15:00.000,BBG000F6H8W8,-0.0021843847,-0.0012813729,677609
20120926,12:15:00.000,BBG000BS0ZF1,-0.00089230284,-0.0010261748,316078
20120926,12:15:00.000,BBG000BVWLJ6,-0.0039215824,-0.0016412521,2156420
20120926,12:15:00.000,BBG000BGJRC8,-0.005958759,-0.008032058,2896691
20120926,12:15:00.000,BBG000BT9DW0,-0.00090178236,0.008962401,1471821
20120926,12:15:00.000,BBG000BXRPH1,0.006483069,-0.00019404008,1039933
20120926,12:15:00.000,BBG000C7LMS8,0.010179357,0.015123853,558764
20120926,12:15:00.000,BBG00286S4N9,0.0074459324,0.0027176787,1535803
20120926,12:15:00.000,BBG000BH2JM1,0.009361711,-0.0038751815,4001963
20120926,12:15:00.000,BBG000BRD0D8,-0.0064228293,-0.010613242,2197627
20120926,12:15:00.000,BBG000BJF1Z8,-5.2180756e-05,0.00047309205,975914
20120926,12:15:00.000,BBG000BHQ1H0,0.009112713,0.0063576098,948113
20120926,12:15:00.000,BBG000BN5HF7,-0.0076420414,-0.03376926,5805678
20120926,12:15:00.000,BBG000B9WH86,0.001422756,0.010187248,12086470
20120926,12:15:00.000,BBG000C5Z1S3,0.003312041,-0.00655178,17773066
20120926,12:15:00.000,BBG000D9D830,-0.0035309768,-0.009548402,1300564
20120926,12:15:00.000,BBG000JWD753,0.007032176,0.005929403,4171483
20120926,12:15:00.000,BBG000BKCFC2,-0.0045887697,-0.0012469145,1766155
20120926,12:15:00.000,BBG000BWVCP8,-0.013761641,-0.017551618,2830939
20120926,12:15:00.000,BBG000BBD070,-0.0071557094,-0.013991023,2383259
20120926,12:15:00.000,BBG000BMBL90,-0.006235796,-0.010609608,1765852
20120926,12:15:00.000,BBG000BNWG87,0.005848785,0.00092379935,2037846
20120926,12:15:00.000,BBG000BCG930,-0.008771368,-0.015046577,1192251
20120926,12:15:00.000,BBG000BHX7N2,-0.004558766,-0.0053834417,1711156
20120926,12:15:00.000,BBG000BX3TD3,0.02227042,0.029343031,6109303
20120926,12:15:00.000,BBG000BH23R1,-0.004078822,-0.0060151736,7869357
20120926,12:15:00.000,BBG000BBVJZ8,-0.0069552683,-0.006556008,842442
20120926,12:15:00.000,BBG000BJ3PD2,0.015727613,0.009089971,1530068
20120926,12:15:00.000,BBG000BFQYY3,0.0056695594,0.005434861,630070
20120926,12:15:00.000,BBG000BMW2Z0,-0.00025334329,0.0004681341,629414
20120926,12:15:00.000,BBG000CXYSZ6,0.00022574028,-0.011912515,616701
20120926,12:15:00.000,BBG000H556T9,0.0005227318,-0.0013491323,1730127
20120926,12:15:00.000,BBG000J6XT05,-0.0045260326,0.0053340616,1717496
20120926,12:15:00.000,BBG000C8H633,-0.007157809,-0.011653277,3551110
20120926,12:15:00.000,BBG000FP1N32,-0.022718146,-0.033114854,4890313
20120926,12:15:00.000,BBG000BD4VG8,0.00034469244,-0.013400987,1664901
20120926,12:15:00.000,BBG000C496P7,-0.005244619,-0.015957877,4760946
20120926,12:15:00.000,BBG000FG3C43,-0.013297124,-0.028379135,3546712
20120926,12:15:00.000,BBG000DHSPT0,-0.005848732,-0.014143976,1929237
20120926,12:15:00.000,BBG000FW00S1,0.017082788,0.012059861,4458526
20120926,12:15:00.000,BBG000BFC8J2,0.009043633,0.0049919356,1284690
20120926,12:15:00.000,BBG000BZ9223,-0.0007817388,-0.004980271,542212
20120926,12:15:00.000,BBG000GFFQN9,0.00095772,-1.2493494e-07,6709659
20120926,12:15:00.000,BBG000G2R6M0,0.0023884526,0.006496615,2964573
20120926,12:15:00.000,BBG000FL1TC8,-0.004874372,-0.013022205,1380532
20120926,12:15:00.000,BBG000BGKTF9,0.00078905246,-0.005275972,1879243
20120926,12:15:00.000,BBG000BB6KF5,-0.0059017614,-0.018142618,4278413
20120926,12:15:00.000,BBG000BGLRN3,-0.010966671,-0.009774728,1586690
20120926,12:15:00.000,BBG000Q9HH23,-0.00850764,-0.01647701,1193675
20120926,12:15:00.000,BBG000BV8DN6,0.011902557,0.012938657,2798834
20120926,12:15:00.000,BBG000BFXHL6,-0.0039276993,-0.0062536974,1990385
20120926,12:15:00.000,BBG000C46HM9,0.0026047514,-0.002780026,2313901
20120926,12:15:00.000,BBG000BFRF55,0.015375406,0.012835025,4045208
20120926,12:15:00.000,BBG000BNBDC2,0.00078310585,-0.0048479093,2115378
20120926,12:15:00.000,BBG000BH13K9,0.003513816,0.00089150964,1530657
20120926,12:15:00.000,BBG000BGPTV6,0.010894658,0.004273162,1061237
20120926,12:15:00.000,BBG000QX74T1,-0.010196031,-0.013551539,582752
20120926,12:15:00.000,BBG000BWJFZ4,0.0142908795,0.0054176054,435544
20120926,12:15:00.000,BBG000BWLMJ4,-0.0009696784,-0.004159279,2801161
20120926,12:15:00.000,BBG000BW3299,-0.007239645,-0.009013498,977790
20120926,12:15:00.000,BBG000BFDXW1,-0.0037404755,-0.013887149,4718473
20120926,12:15:00.000,BBG000BC2C10,0.0054399967,0.005336492,1503697
20120926,12:15:00.000,BBG000BVV7G1,-0.009699748,-0.018688286,9228780
20120926,12:15:00.000,BBG000BPWXK1,-0.001490763,0.0039031145,3113588
20120926,12:15:00.000,BBG000BBGGQ1,-0.00707484,-0.01525538,3910303
20120926,12:15:00.000,BBG000BHBK84,-0.0064275092,-0.011540535,4418779
20120926,12:15:00.000,BBG000BJX8C8,-0.0028733818,-0.012407019,1664207
20120926,12:15:00.000,BBG000H8TVT2,-0.008760221,-0.0063697756,1402152
20120926,12:15:00.000,BBG000BTZQC4,-0.0013421843,0.000808403,2474675
20120926,12:15:00.000,BBG000BP52R2,0.0005996549,0.0017235271,1145836
20120926,12:15:00.000,BBG000C5HS04,-0.0045585106,0.0034178626,1180974
20120926,12:15:00.000,BBG000BH3GZ2,-0.0013756192,-0.0044204076,1016006
20120926,12:15:00.000,BBG000F1ZSQ2,0.003606215,-0.0022912598,158616
20120926,12:15:00.000,BBG000C15T95,0.0033810344,0.0027833234,1240704
20120926,12:15:00.000,BBG000BFWKC0,-0.0029573732,-0.0069083525,1018631
20120926,12:15:00.000,BBG000CL9VN6,0.038979113,0.036627535,3184316
20120926,12:15:00.000,BBG000F0KF42,0.009530821,-0.021867162,3749709
20120926,12:15:00.000,BBG000C240W1,0.00042146855,-0.009033657,20606766
20120926,12:15:00.000,BBG000L9CV04,-0.0033657625,-0.00020825109,1732699
20120926,12:15:00.000,BBG000BC40Y8,-0.002169266,-0.0019516705,1879732
20120926,12:15:00.000,BBG000BL4504,-0.0022283911,-0.008903331,6422632
20120926,12:15:00.000,BBG000BB07P9,-0.0040583513,-0.00048828457,5594160
20120926,12:15:00.000,BBG000BBDZG3,-0.0037059486,-0.014498839,18554214
20120926,12:15:00.000,BBG000BY29C7,0.0028881722,0.0029585713,3145274
20120926,12:15:00.000,BBG000DWG505,0.0073718256,0.009072681,1541977
20120926,12:15:00.000,BBG000BCQZS4,-0.006916517,-0.011554394,2187309
20120926,12:15:00.000,BBG000CKGBP2,-0.0112562245,-0.015835306,3718759
20120926,12:15:00.000,BBG000BHGDH5,-0.005954326,0.0046645734,1485024
20120926,12:15:00.000,BBG000FFDM15,-0.00083881535,-0.00044336444,3887359
20120926,12:15:00.000,BBG000BWXBC2,0.0015481684,-1.0508307e-07,1924658
20120926,12:15:00.000,BBG000BGRY34,0.007825646,0.0065103346,3119767
20120926,12:15:00.000,BBG000BN2DC2,-0.008689029,-0.02296807,1136437
20120926,12:15:00.000,BBG000BH1NH9,0.0075302515,0.0018482422,1605397
20120926,12:15:00.000,BBG000F0PF65,0.0026906077,-0.0051108073,3192943
20120926,12:15:00.000,BBG000BW8S60,-0.00038785016,0.0017777961,2258508
20120926,12:15:00.000,BBG000BCSST7,0.007687441,0.014915754,2242351
20120926,12:15:00.000,BBG000CH5208,0.005199699,0.002136337,2692404
20120926,12:15:00.000,BBG000BQQ2S6,0.004643373,0.0017582353,1414851
20120926,12:15:00.000,BBG000BLZRJ2,0.00720143,-0.0048147016,10424003
20120926,12:15:00.000,BBG000BP6LJ8,-0.0013016192,0.0032329117,2609369
20120926,12:15:00.000,BBG000DWYF03,-0.0020012432,-0.008597249,5372664
20120926,12:15:00.000,BBG000BQPC32,0.0003870894,-0.0029749135,24406410
20120926,12:15:00.000,BBG000BBS2Y0,0.004191591,-0.00023822811,2316954
20120926,12:15:00.000,BBG000CTQBF3,-0.004567276,-0.009302481,2811292
20120926,12:15:00.000,BBG000DQLV23,-0.005235432,-0.0091188485,4468543
20120926,12:15:00.000,BBG000KHWT55,0.004294415,-0.0011966018,13824745
20120926,12:15:00.000,BBG000BNDN65,0.006403647,0.0057261707,7255230
20120926,12:15:00.000,BBG000B9ZXB4,-0.0009028761,-0.004310955,2709239
20120926,12:15:00.000,BBG000DH7JK6,-0.0012090373,0.005971106,1789865
20120926,12:15:00.000,BBG000BH4R78,-0.0059185526,-0.0112246,3612922
20120926,12:15:00.000,BBG000BQQH30,0.0022724813,-0.0027879414,3239603
20120926,12:15:00.000,BBG000PSKYX7,-0.00043968493,-0.0077646207,1078759
20120926,12:15:00.000,BBG000C6CFJ5,-0.00089552393,-0.0068676616,2846517
20120926,12:15:00.000,BBG000BKTFN2,-0.011617768,-0.023586921,8222433
20120926,12:15:00.000,BBG000J2XL74,0.00018730105,0.0038298634,1865019
20120926,12:15:00.000,BBG000BHVJJ3,0.00068903074,-0.012152676,7459577
20120926,12:15:00.000,BBG000C43RR5,-0.0022504593,-0.008957206,5324621
20120926,12:15:00.000,BBG000BFT2L4,-0.00631871,-0.013390522,5211584
20120926,12:15:00.000,BBG000D4LWF6,-0.0022436802,-0.0002414152,6434569
20120926,12:15:00.000,BBG000BNSZP1,0.0038266168,0.0046303906,2268829
20120926,12:15:00.000,BBG000BT41Q8,0.0011113099,-0.0045391503,2208955
20120926,12:15:00.000,BBG000BKZB36,-0.0055356724,-0.006529807,3862626
20120926,12:15:00.000,BBG000BPD168,0.0062532094,0.0017728447,6143571
20120926,12:15:00.000,BBG000HS77T5,0.0030953162,0.0039446806,4862687
20120926,12:15:00.000,BBG000BQLTW7,-0.0074002896,-0.01597735,14779314
20120926,12:15:00.000,BBG000BVPV84,-0.0039077634,-0.0082206335,1551363
20120926,12:15:00.000,BBG000BJDB15,0.0007275725,0.002797642,12786594
20120926,12:15:00.000,BBG000BMX289,0.0015978767,0.00743017,7084088
20120926,12:15:00.000,BBG000MM2P62,-0.0017574044,-0.009371566,18145600
20120926,12:15:00.000,BBG000CGC1X8,0.003859798,-0.003428731,5522267
20120926,12:15:00.000,BBG000BLBVN4,-0.008008925,-0.01542195,521534
20120926,12:15:00.000,BBG000BF0K17,0.0048105437,0.000861578,4718262
20120926,12:15:00.000,BBG000BR2TH3,-0.0022049826,-0.00014382851,4396801
20120926,12:15:00.000,BBG000K4ND22,-0.0014223452,-0.0015389033,2511070
20120926,12:15:00.000,BBG000BR2B91,0.0068530543,0.0028180883,12340368
20120926,12:15:00.000,BBG000C3J3C9,0.0011305838,-0.00804524,15715224
20120926,12:15:00.000,BBG000BLNNH6,0.0059642904,-4.8718528e-05,1440950
20120926,12:15:00.000,BBG000BWQFY7,-0.0026106236,-0.0069110426,13543398
20120926,12:15:00.000,BBG000BMHYD1,-0.0007169484,-0.002452985,4485994
20120926,12:15:00.000,BBG000BK6MB5,-0.004923876,-0.005825384,17727900
20120926,12:15:00.000,BBG000BSJK37,0.0061673643,0.0065690097,10676104
20120926,12:15:00.000,BBG000C0G1D1,0.01582816,0.0062186923,25150358
20120926,12:15:00.000,BBG000FY4S11,0.0012160703,-0.01216743,26691806
20120926,12:15:00.000,BBG000BCTLF6,7.963155e-06,-0.010083814,86201816
20120926,12:15:00.000,BBG000DMBXR2,0.0059660897,-0.004190989,12583545
20120926,12:15:00.000,BBG000BPH459,0.0008968247,-0.009540991,25695798
20120926,12:15:00.000,BBG000GZQ728,-0.0034482526,-0.0021247785,4890214
20120926,12:15:00.000,BBG000BHSKN9,0.009003564,0.0039521744,2978902
20120926,12:15:00.000,BBG000B9XRY4,0.001285118,-0.011027703,11143546
20120926,12:30:00.000,BBG000BFVXX0,0.009069766,0.012412031,1256388
20120926,12:30:00.000,BBG000M4SW14,-0.013445815,-0.017538598,505864
20120926,12:30:00.000,BBG000HS74G6,-0.0063584168,-0.009783829,248965
20120926,12:30:00.000,BBG000BJNGN9,-0.07451121,-0.09396602,6399145
20120926,12:30:00.000,BBG000FNRZ69,-0.0058043436,-0.0137837855,4085096
20120926,12:30:00.000,BBG000BW2QX0,-0.0074592014,-0.010354622,945070
20120926,12:30:00.000,BBG000BBV8B8,0.0141981905,-0.0014747909,939089
20120926,12:30:00.000,BBG000DV7MX4,0.013054818,0.004913725,5030284
20120926,12:30:00.000,BBG000BQ74K1,-0.002198805,-0.008622721,432427
20120926,12:30:00.000,BBG000BCYP43,0.00044471462,-0.0011433683,103142
20120926,12:30:00.000,BBG000BW5YW1,0.017519498,-0.0061967955,1428798
20120926,12:30:00.000,BBG000BLCL55,0.0031924797,-0.004831733,486670
20120926,12:30:00.000,BBG000CZWZ05,0.001227837,-0.0068280897,250598
20120926,12:30:00.000,BBG000NSCNT7,0.006277512,-0.0020517253,1258044
20120926,12:30:00.000,BBG000D14WM3,-0.0024925044,-0.017158238,3640912
20120926,12:30:00.000,BBG000BK5DP1,0.0045538084,-0.011010677,1754467
20120926,12:30:00.000,BBG000PCNTM2,-0.0033716324,-0.014641419,237394
20120926,12:30:00.000,BBG000BBB3K1,-0.000112183705,0.004358361,645971
20120926,12:30:00.000,BBG000C2YHG9,-0.012479404,-0.024073279,926589
20120926,12:30:00.000,BBG000RGM5P1,-0.004633188,-0.015736567,1374686
20120926,12:30:00.000,BBG000BQ87N0,2.124168e-05,0.006043509,523225
20120926,12:30:00.000,BBG000BD0TF8,0.0032543093,-0.0058001583,264214
20120926,12:30:00.000,BBG000BDG1Y1,-0.00110846,-0.01015533,622791
20120926,12:30:00.000,BBG000BHC2S1,-0.0006064434,-0.011926214,365972
20120926,12:30:00.000,BBG000BCHG15,-0.005654747,-0.008010165,465369
20120926,12:30:00.000,BBG000CLVM51,-0.0057451944,-0.010541845,133734
20120926,12:30:00.000,BBG000BBCQD7,-0.00065679493,-0.009343662,672617
20120926,12:30:00.000,BBG000BB03M1,0.01227699,0.005952898,598265
20120926,12:30:00.000,BBG000BQC9V2,0.017340124,0.009421749,1911184
20120926,12:30:00.000,BBG000D5S4M0,-0.009762051,-0.012487116,267874
20120926,12:30:00.000,BBG000BB9RZ5,0.012765267,0.0039122137,214262
20120926,12:30:00.000,BBG000DCCZW2,-0.008661468,-0.01780095,606052
20120926,12:30:00.000,BBG000BS5170,-0.010449418,-0.00613357,551751
20120926,12:30:00.000,BBG000BLMZK6,-0.0018468939,-3.899402e-07,747451
20120926,12:30:00.000,BBG000BB5BF6,0.003336629,0.005264403,2105754
20120926,12:30:00.000,BBG000BLXZN1,0.0032361306,-0.009743272,149499
20120926,12:30:00.000,BBG000FQRVM3,0.00027705915,-0.002734167,211984
20120926,12:30:00.000,BBG000BGFLL5,0.0022111388,-0.0040232465,1422306
20120926,12:30:00.000,BBG000BJ5GK2,0.0028641706,0.0051329103,361327
20120926,12:30:00.000,BBG000BWP7D9,0.0074191424,0.009891877,1083272
20120926,12:30:00.000,BBG000BPQVR5,0.0037769156,-0.0040052533,309377
20120926,12:30:00.000,BBG000DGPR66,-0.0033890172,-0.0076439795,450183
20120926,12:30:00.000,BBG000BRZBT3,-0.0060800333,-0.01618796,1033887
20120926,12:30:00.000,BBG000BWBZN1,-0.00031672334,-0.003485529,370952
20120926,12:30:00.000,BBG000BFS7D3,0.01275906,0.016177662,412025
20120926,12:30:00.000,BBG000C23KJ3,-0.009401303,-0.008139985,4039239
20120926,12:30:00.000,BBG001QD41M9,0.003177583,-0.0063747535,602188
20120926,12:30:00.000,BBG000M44VW8,-0.008890381,-0.027176248,870159
20120926,12:30:00.000,BBG000BSJTT0,0.014385255,0.008651484,2060670
20120926,12:30:00.000,BBG000C9W1Y1,0.0031937298,0.0016712891,1110098
20120926,12:30:00.000,BBG000DHNDK1,,,747160
20120926,12:30:00.000,BBG000BN9WT5,0.003358571,-0.0069267047,731628
20120926,12:30:00.000,BBG000BBMT95,0.0031772812,-0.0012998742,1202050
20120926,12:30:00.000,BBG000BJVZF7,0.005407606,0.0013843718,1099168
20120926,12:30:00.000,BBG000BPZBB6,-0.0015734312,0.00039151183,934376
20120926,12:30:00.000,BBG000R57L13,0.0071482174,-0.012469886,2181924
20120926,12:30:00.000,BBG000C1FB75,0.0020013095,-0.0012578168,96746
20120926,12:30:00.000,BBG000BF6LY3,-0.006277591,-0.006738852,3404475
20120926,12:30:00.000,BBG000F6ZWH2,0.0072231777,-0.004653405,411186
20120926,12:30:00.000,BBG000BP7JB0,-0.016296398,-0.03159185,2801653
20120926,12:30:00.000,BBG000RNTSX0,0.005007255,-0.008908051,246131
20120926,12:30:00.000,BBG000BCTQ65,0.0014165948,0.0075961147,982156
20120926,12:30:00.000,BBG000C4DPX1,0.011995599,-0.0007574352,1653141
20120926,12:30:00.000,BBG000TJM7F0,0.0005008961,0.0041204793,425461
20120926,12:30:00.000,BBG0016WLQ18,-0.008961351,-0.018260201,1127897
20120926,12:30:00.000,BBG000CNFQW6,-0.0011069273,-0.005308984,127726
20120926,12:30:00.000,BBG000BMZ7P7,-0.009028502,-0.014473417,209187
20120926,12:30:00.000,BBG000BLDV98,-0.001287844,0.0059008286,1224837
20120926,12:30:00.000,BBG000BKWSR6,0.0049272375,-0.0014670283,2460258
20120926,12:30:00.000,BBG000MQ1SN9,0.0033813382,0.0036899927,268614
20120926,12:30:00.000,BBG000C75N77,0.0046800347,-0.0003252641,749627
20120926,12:30:00.000,BBG000C2ZCH8,-4.662365e-05,0.0027934306,433336
20120926,12:30:00.000,BBG000BVB8Q0,0.006472101,-0.0014813807,1909673
20120926,12:30:00.000,BBG000G6BN50,-0.009268831,-0.016219173,187253
20120926,12:30:00.000,BBG000BL79J3,-0.004789129,-0.006458583,1039146
20120926,12:30:00.000,BBG000BKXFN7,-0.0073893447,-0.02037649,2573289
20120926,12:30:00.000,BBG000BD3LM4,-0.0048917206,-0.020949524,1583705
20120926,12:30:00.000,BBG000F86GP6,0.0034194544,-0.004389509,744040
20120926,12:30:00.000,BBG000BGXZB5,-0.011114378,-0.015532719,1422425
20120926,12:30:00.000,BBG000BVMPN3,0.0030297602,-0.0046054795,488259
20120926,12:30:00.000,BBG000D9DMK0,-0.008541544,-0.0057582795,184480
20120926,12:30:00.000,BBG000FDBX90,-0.002277876,-1.314961e-07,1602157
20120926,12:30:00.000,BBG000MM5VL9,-0.010955108,-0.016328791,573661
20120926,12:30:00.000,BBG000BHCP19,-0.0022628608,-0.012149387,932683
20120926,12:30:00.000,BBG000BX8DC4,0.001141781,-0.0037694813,529469
20120926,12:30:00.000,BBG000G3QLY3,0.0136901615,0.0029503056,715868
20120926,12:30:00.000,BBG000BDWKC5,0.0025781272,-0.008443433,1757497
20120926,12:30:00.000,BBG000BMRFF9,0.010223642,0.007028764,343796
20120926,12:30:00.000,BBG000BT4T69,-0.00558526,-0.0067657284,936359
20120926,12:30:00.000,BBG000BRRG02,0.0032996524,0.0019942713,450712
20120926,12:30:00.000,BBG000BP0KQ8,0.007848521,-0.00078861567,4052521
20120926,12:30:00.000,BBG000RKR4R8,0.010217258,2.269291e-07,4619268
20120926,12:30:00.000,BBG000C3HSR0,-0.0065866103,-0.017716018,2798110
20120926,12:30:00.000,BBG000BKQ3V3,-0.0023311004,-0.020862037,1315174
20120926,12:30:00.000,BBG000CGT2S4,0.007399075,0.008546343,1031171
20120926,12:30:00.000,BBG000C1FQS9,-0.0010728203,0.0070116012,258510
20120926,12:30:00.000,BBG000FFH4P5,8.1233695e-05,-0.00658491,227495
20120926,12:30:00.000,BBG000BF5RY1,-0.0070522698,-0.007141687,1124443
20120926,12:30:00.000,BBG000BFNR17,0.00068759324,-0.008541323,193774
20120926,12:30:00.000,BBG000BR1W32,-0.02614279,-0.046545338,1775308
20120926,12:30:00.000,BBG001M8HHB7,0.000963027,-0.006962467,1112095
20120926,12:30:00.000,BBG000BPNP00,0.000576607,-0.011848039,1543522
20120926,12:30:00.000,BBG000C0LW92,0.0039703893,-4.156668e-07,2753636
20120926,12:30:00.000,BBG000K7PWX7,0.015546277,0.0054870266,970192
20120926,12:30:00.000,BBG000BQSQ38,-0.004954597,-0.0077809775,1874393
20120926,12:30:00.000,BBG000BKXYX5,0.031322602,0.03786243,1446254
20120926,12:30:00.000,BBG000BLHRS2,-0.0055082147,-0.002395919,201478
20120926,12:30:00.000,BBG000JYP7L8,0.016839314,0.008475041,758744
20120926,12:30:00.000,BBG000PV2L86,-0.002530444,-0.0011424178,252263
20120926,12:30:00.000,BBG000BTCH57,0.0047915205,0.0055051995,824834
20120926,12:30:00.000,BBG000BBNYF6,0.0046481914,-0.0021483595,470659
20120926,12:30:00.000,BBG000BPL8X4,-0.00020481052,-0.0012120282,793088
20120926,12:30:00.000,BBG000BLCPY4,0.015480523,0.00010700332,839368
20120926,12:30:00.000,BBG000BNC3Y9,0.00040686922,-0.013600234,1182232
20120926,12:30:00.000,BBG000BT9T73,0.010252479,-0.0070972233,3790566
20120926,12:30:00.000,BBG000BC15S7,0.0024985794,0.0025049204,248771
20120926,12:30:00.000,BBG000BKNX95,-0.0073676496,-0.01727664,2062033
20120926,12:30:00.000,BBG000C90DH9,0.0036794958,-0.008003822,1636508
20120926,12:30:00.000,BBG000C7B436,0.004468253,-0.008123146,1631855
20120926,12:30:00.000,BBG000BK6G19,-0.010041485,-0.014864749,773206
20120926,12:30:00.000,BBG000BX5ZF5,0.0062156464,-0.0065191854,6816597
20120926,12:30:00.000,BBG000BGD7W6,-0.004221194,-0.002043662,1236751
20120926,12:30:00.000,BBG000BVSX05,0.0023522642,-0.012944868,1138315
20120926,12:30:00.000,BBG000CKJ0P3,-3.7782032e-05,-0.004293532,428096
20120926,12:30:00.000,BBG000BNJHS8,-0.00084454357,0.007914058,1833605
20120926,12:30:00.000,BBG000BQZMH4,-0.00039946602,0.0043978603,569511
20120926,12:30:00.000,BBG000DN7P92,0.003460904,-0.00067150325,447858
20120926,12:30:00.000,BBG000BKPL53,0.0031393582,-0.0023183774,421355
20120926,12:30:00.000,BBG000BB2DM7,0.0048896014,0.008243107,5780176
20120926,12:30:00.000,BBG000BJDPC2,0.015993878,0.019630877,704953
20120926,12:30:00.000,BBG000BJ8YN7,-0.003940269,-0.009702838,795210
20120926,12:30:00.000,BBG000BPVCR1,-0.036983304,-0.051786244,4430428
20120926,12:30:00.000,BBG000PCQQL6,0.0052904603,-0.0022050843,936487
20120926,12:30:00.000,BBG000C2BXK4,0.0013943237,0.0057332553,3239616
20120926,12:30:00.000,BBG000F9KJN4,-0.00092189346,-0.013060369,1165526
20120926,12:30:00.000,BBG000BNNYW1,-0.005957286,-0.0042180894,962876
20120926,12:30:00.000,BBG000C734W3,-0.003271989,-0.01684239,351812
20120926,12:30:00.000,BBG000D7RKJ5,-0.0037296852,0.0051660347,548634
20120926,12:30:00.000,BBG000G8N9C6,0.00058947067,-0.0005467414,787544
20120926,12:30:00.000,BBG000BRXP69,-0.0017386228,-0.007851201,251244
20120926,12:30:00.000,BBG000NDYB67,0.0025368605,-0.005948212,5227666
20120926,12:30:00.000,BBG000BHZ5J9,0.008351439,0.006129411,236068
20120926,12:30:00.000,BBG000BHKYH4,0.008049226,0.009641532,648755
20120926,12:30:00.000,BBG000D2M0Z7,0.004678706,0.0035149986,318699
20120926,12:30:00.000,BBG000CHWP52,0.009840078,0.00017098286,558396
20120926,12:30:00.000,BBG0029SNR63,0.016830089,0.011746435,3368160
20120926,12:30:00.000,BBG000BNNKG9,-0.004958565,-0.021228997,3894699
20120926,12:30:00.000,BBG000BP4MH0,0.0064671547,0.0061917207,1333866
20120926,12:30:00.000,BBG000BHLYS1,0.005945042,0.012103742,1434243
20120926,12:30:00.000,BBG000BFJ645,-0.009222121,-0.012305068,8666370
20120926,12:30:00.000,BBG000BC4JJ4,-0.00060948526,-0.004438927,557773
20120926,12:30:00.000,BBG000BVVQQ8,0.0039741085,-0.00076997356,1658651
20120926,12:30:00.000,BBG000DLFM21,0.0046432586,-0.0057662684,379977
20120926,12:30:00.000,BBG000BP1152,-0.01752586,-0.032101136,2446668
20120926,12:30:00.000,BBG000H50PN8,0.0032015,-0.006098265,744580
20120926,12:30:00.000,BBG000CP95B7,0.006311426,0.0004389397,280653
20120926,12:30:00.000,BBG000BS9489,-0.008386233,-0.015626311,758036
20120926,12:30:00.000,BBG000KBQZ88,-0.0013249815,-0.008298395,488491
20120926,12:30:00.000,BBG000C37332,-0.01387613,-0.017078334,310417
20120926,12:30:00.000,BBG000C2PW58,0.005577919,-0.00030848378,193836
20120926,12:30:00.000,BBG000BKR1D6,0.015070511,0.0069415155,336515
20120926,12:30:00.000,BBG000BR37X2,-0.0027397613,-0.0019189795,1584065
20120926,12:30:00.000,BBG000BWCKB6,0.0060449587,0.007955752,224199
20120926,12:30:00.000,BBG000BCZYD3,-0.0012422734,-0.0030380695,300057
20120926,12:30:00.000,BBG000BMKDM3,-0.0025571792,9.622218e-05,637761
20120926,12:30:00.000,BBG000D3MB18,-0.0020275274,-0.010527925,761852
20120926,12:30:00.000,BBG000BB1TH9,-0.003994367,-0.008027916,809843
20120926,12:30:00.000,BBG000BQVTF5,-0.010054033,-0.015789142,1152514
20120926,12:30:00.000,BBG000D1QCF1,-0.014170503,-0.02354046,1307597
20120926,12:30:00.000,BBG000PX3XC0,-0.0056451797,-0.013319409,957249
20120926,12:30:00.000,BBG000J1QLT0,0.004618783,1.3086587e-07,571690
20120926,12:30:00.000,BBG000BH8TT6,-0.017330397,-0.027012253,2690937
20120926,12:30:00.000,BBG000QRFNK2,-0.054129582,-0.058931917,5411154
20120926,12:30:00.000,BBG000BCNYT9,0.0040463926,-1.7034905e-07,1241008
20120926,12:30:00.000,BBG000BPMH90,-0.014197483,-0.019037012,544278
20120926,12:30:00.000,BBG000F7RCJ1,7.9506775e-05,-0.0007399125,388920
20120926,12:30:00.000,BBG000BB6G37,0.0025391,-0.007691597,1231900
20120926,12:30:00.000,BBG000BFDLV8,-0.0059250225,-0.012295433,514548
20120926,12:30:00.000,BBG000WCFV84,0.0043774205,-0.0067899167,1472524
20120926,12:30:00.000,BBG000BY2Y78,0.001760346,-0.008043629,1089554
20120926,12:30:00.000,BBG000BXM6V2,-0.005186262,-0.0044835554,856401
20120926,12:30:00.000,BBG000FH8PX5,0.0017093885,-0.0039070672,240916
20120926,12:30:00.000,BBG000BP8Z50,-0.004470664,-0.013770007,751117
20120926,12:30:00.000,BBG000BQWPC5,0.0017543922,0.0060952404,1073876
20120926,12:30:00.000,BBG000BWSV34,0.0032177405,-0.017697573,618809
20120926,12:30:00.000,BBG000NDZ417,-0.009422099,-0.021606293,1322778
20120926,12:30:00.000,BBG000BJQWD2,-0.003550342,-0.014566246,856170
20120926,12:30:00.000,BBG000BB5373,0.0080058165,0.0010892747,1712962
20120926,12:30:00.000,BBG000BHB3M6,0.0015290014,-0.004142821,576514
20120926,12:30:00.000,BBG000BLW530,-0.002637481,-0.013213052,505403
20120926,12:30:00.000,BBG000D8RG11,-0.013583282,-0.015183056,1619175
20120926,12:30:00.000,BBG0019JZ882,-0.006511541,-0.0073144194,1577235
20120926,12:30:00.000,BBG000R7RDB4,-0.012288383,-0.020311262,599571
20120926,12:30:00.000,BBG000BQ8KV2,0.0015115365,0.0067046895,1093653
20120926,12:30:00.000,BBG000BYWTX7,-0.00437715,-0.015143712,8066062
20120926,12:30:00.000,BBG000C1S2X2,-0.015413491,-0.022217562,705462
20120926,12:30:00.000,BBG000DLVDK3,-0.0015601977,0.0001007143,887220
20120926,12:30:00.000,BBG000BFL116,0.02493171,0.009500431,2564512
20120926,12:30:00.000,BBG000C1DHF5,-0.02519923,-0.044489678,2601154
20120926,12:30:00.000,BBG000BVHBM1,0.0021200615,-0.03183563,3156781
20120926,12:30:00.000,BBG000BGVW60,0.0011937051,0.0066467673,1100373
20120926,12:30:00.000,BBG000BPQD31,-0.0005170581,-0.009088772,1009721
20120926,12:30:00.000,BBG000H1F895,-0.008731036,-0.028922565,1268489
20120926,12:30:00.000,BBG000K82ZT8,-4.467851e-06,-0.014233611,1063533
20120926,12:30:00.000,BBG000DNTSP4,-0.005787859,-0.004782383,1577086
20120926,12:30:00.000,BBG000F15NW9,0.009635418,0.004765307,1004484
20120926,12:30:00.000,BBG000BPT0C6,0.0034099466,-0.00059813267,411913
20120926,12:30:00.000,BBG000B9WJ73,0.054729216,0.053012718,8255875
20120926,12:30:00.000,BBG000BDXGP9,0.0044022496,0.0051086554,1615751
20120926,12:30:00.000,BBG000BSD7C2,-0.0068878774,-0.0030146344,438602
20120926,12:30:00.000,BBG000BSLZY7,0.006891507,0.0023283924,6341928
20120926,12:30:00.000,BBG000BKZTP3,0.0028535733,-0.0027226608,1663160
20120926,12:30:00.000,BBG000BF1R66,-0.0039034055,-0.004341714,460829
20120926,12:30:00.000,BBG000HW5GX3,0.0031166314,-0.0052356827,2165364
20120926,12:30:00.000,BBG000C0F570,-0.0029806586,-0.013606908,1100228
20120926,12:30:00.000,BBG000BP1Q11,0.011362579,0.0036987837,677900
20120926,12:30:00.000,BBG000BMQPL1,0.0052523245,-0.0022784763,4722934
20120926,12:30:00.000,BBG000M65M61,-0.0042367675,0.0020164745,1860656
20120926,12:30:00.000,BBG000BM7HL0,0.0029373246,-0.011559013,1258659
20120926,12:30:00.000,BBG000BJ49H3,-0.0037053043,-0.010088966,586411
20120926,12:30:00.000,BBG000JBN3X6,0.0066071292,0.005341832,1949530
20120926,12:30:00.000,BBG000NSQ9M0,-0.004485934,-0.005134247,4151401
20120926,12:30:00.000,BBG000BTVJ25,0.001303047,0.0012957636,953718
20120926,12:30:00.000,BBG000BBCDZ2,-0.0076492196,-0.013014267,802921
20120926,12:30:00.000,BBG000BNGTQ7,0.00012435121,-0.003244021,687094
20120926,12:30:00.000,BBG000BGKHZ3,0.006321134,-0.002824117,750384
20120926,12:30:00.000,BBG000BL9439,-0.00026345378,0.0021500585,530596
20120926,12:30:00.000,BBG000H9G7X2,-0.004253897,-0.006218805,1049346
20120926,12:30:00.000,BBG000BK67C7,0.0037106813,0.007974127,768606
20120926,12:30:00.000,BBG000FV1Z23,0.0068177953,0.0047141807,461325
20120926,12:30:00.000,BBG000BV7LP7,-0.009444411,-0.017109383,2770355
20120926,12:30:00.000,BBG000CR90K4,0.038790047,0.034822535,21783316
20120926,12:30:00.000,BBG000BL9JQ1,0.005444645,-0.007691289,1410778
20120926,12:30:00.000,BBG000BF2KK4,0.008616049,0.0040440783,290864
20120926,12:30:00.000,BBG000GLBN48,-0.0018702713,-0.010939077,453877
20120926,12:30:00.000,BBG000BB6M98,-0.00030039408,0.003385041,548638
20120926,12:30:00.000,BBG000BXMFC3,-0.025813162,-0.04268977,3412495
20120926,12:30:00.000,BBG000BSXQV7,-0.0060056737,-0.0064259297,393881
20120926,12:30:00.000,BBG000MDCQC2,-0.00071614515,0.0036064242,1271902
20120926,12:30:00.000,BBG000BRJ809,0.005415345,-0.00126029,232322
20120926,12:30:00.000,BBG000DKCC19,0.017968021,0.019477766,2304415
20120926,12:30:00.000,BBG000BFMBQ6,0.0076905973,0.0034139974,568298
20120926,12:30:00.000,BBG000BQ2C28,0.0067276047,0.006538017,621945
20120926,12:30:00.000,BBG000BMTFR4,0.010659916,-0.0066160243,1427933
20120926,12:30:00.000,BBG000BHLYP4,0.005537086,0.0013988556,765846
20120926,12:30:00.000,BBG000BNFLM9,-0.0044908086,-0.015382525,1961498
20120926,12:30:00.000,BBG000NV1KK7,0.0054547233,0.005691972,1621140
20120926,12:30:00.000,BBG000FBK808,-0.008410456,-0.016943926,2646024
20120926,12:30:00.000,BBG000R0L5J4,-0.009946024,-0.020500131,536252
20120926,12:30:00.000,BBG000BZTW70,0.002484003,-0.012626754,4793197
20120926,12:30:00.000,BBG000BLM0V1,,,556410
20120926,12:30:00.000,BBG000BTQR96,-0.00015124372,-0.0068555735,806793
20120926,12:30:00.000,BBG000BH5DV1,0.0089291455,-0.0030228929,1716255
20120926,12:30:00.000,BBG000BLBXT4,-0.0063609183,-0.005063429,553933
20120926,12:30:00.000,BBG000KLB4Q1,-0.0058547664,-0.025111737,4658467
20120926,12:30:00.000,BBG000BR3KL6,-0.0016278523,-0.007753046,652174
20120926,12:30:00.000,BBG000BB9KF2,-0.003293413,0.003606295,692809
20120926,12:30:00.000,BBG000BVDLH9,0.006534224,0.00067757,454536
20120926,12:30:00.000,BBG000C0MF34,-0.0021243442,0.0053440034,378896
20120926,12:30:00.000,BBG000FVXD63,0.017838435,0.014978558,628443
20120926,12:30:00.000,BBG000CGQ6M4,-0.015966635,-0.018672619,819630
20120926,12:30:00.000,BBG000BJSBJ0,0.004938637,0.010057932,1168660
20120926,12:30:00.000,BBG000BFTJ91,-0.005436377,-0.014328571,1012726
20120926,12:30:00.000,BBG000BSC0K9,-0.0016018284,-0.003388174,787274
20120926,12:30:00.000,BBG000BWXL85,0.009596742,-0.0053543216,1252532
20120926,12:30:00.000,BBG000QY3XZ2,0.0065638972,-0.012038726,1061354
20120926,12:30:00.000,BBG000BCWCG1,0.00057884643,0.0035430656,3006388
20120926,12:30:00.000,BBG000CKVSG8,0.021733647,0.018477235,3339044
20120926,12:30:00.000,BBG000JN8R00,0.018701391,0.019447284,1125812
20120926,12:30:00.000,BBG000BBBNC6,-0.0052451384,-0.01702577,1602165
20120926,12:30:00.000,BBG000JG0547,-0.0019916545,-0.0059949625,1318855
20120926,12:30:00.000,BBG000R7Z112,0.0074321562,0.012201817,2794907
20120926,12:30:00.000,BBG000D898T9,0.0058679855,0.0067915614,2088892
20120926,12:30:00.000,BBG000Q3JN03,0.001672073,-0.006920768,7537268
20120926,12:30:00.000,BBG000BRJL00,-0.0053353393,0.0024152934,2143646
20120926,12:30:00.000,BBG000C2V3D6,0.009707131,-0.0027385396,1548592
20120926,12:30:00.000,BBG000G30YX4,-0.0025648584,-0.0139108915,555543
20120926,12:30:00.000,BBG000G0Z878,0.0067105866,-0.0021275713,2400038
20120926,12:30:00.000,BBG000BKXBV7,-0.0112916855,-0.020226125,5296984
20120926,12:30:00.000,BBG000BJ98Z0,-0.007120348,-0.0033482965,4723145
20120926,12:30:00.000,BBG000BR14K5,0.004064708,0.0035306376,711790
20120926,12:30:00.000,BBG000BGYWY6,-0.004632015,-0.0017175213,444679
20120926,12:30:00.000,BBG000BCGY17,-0.0002681446,0.0033468623,481820
20120926,12:30:00.000,BBG000BV75B7,-2.4139312e-05,-0.010223087,904405
20120926,12:30:00.000,BBG000CXD6X9,-0.010465951,-0.012220596,1007292
20120926,12:30:00.000,BBG000BWVSR1,-0.007573663,-0.0052969214,1470959
20120926,12:30:00.000,BBG000BVPPM1,-0.00051585416,-0.012546985,1520799
20120926,12:30:00.000,BBG000BBMSJ6,-0.0047933245,-0.01617687,1759521
20120926,12:30:00.000,BBG000CHPY97,0.010090597,0.0064024394,1668115
20120926,12:30:00.000,BBG000C3GN47,0.017514316,0.010308346,1077152
20120926,12:30:00.000,BBG000BYYLS8,0.00023834968,-0.0069325166,1780031
20120926,12:30:00.000,BBG000DTMH63,,,1776336
20120926,12:30:00.000,BBG000PVRDL2,-0.012711717,-0.016708039,4543188
20120926,12:30:00.000,BBG000DQTXY6,0.004844915,-0.0331107,6710002
20120926,12:30:00.000,BBG000JF5CV9,0.0040567964,-0.003967434,2733292
20120926,12:30:00.000,BBG000CJZ2W6,-0.020642046,-0.028301088,1390754
20120926,12:30:00.000,BBG000K14Q84,-0.006169991,-0.013710954,2731347
20120926,12:30:00.000,BBG000BH3JF8,0.01538955,0.01338626,2338434
20120926,12:30:00.000,BBG000BTKGG8,0.00695059,-0.0014183822,3212981
20120926,12:30:00.000,BBG000BB5006,0.003818239,-0.008818682,1891446
20120926,12:30:00.000,BBG000BSBZH7,-0.0048373453,-0.0036300186,763976
20120926,12:30:00.000,BBG000BM6788,-0.007979772,-0.014071606,1605815
20120926,12:30:00.000,BBG000BQ5DS5,-0.009851596,-0.010368046,1673827
20120926,12:30:00.000,BBG000BB6WG8,-0.0031787793,-0.005062518,2266471
20120926,12:30:00.000,BBG000BRK7L6,0.0005121811,-0.0070069754,2066966
20120926,12:30:00.000,BBG000BMY992,0.0021591752,0.0025555524,2281069
20120926,12:30:00.000,BBG000FKJRC5,-0.009717776,-0.014249675,861129
20120926,12:30:00.000,BBG000C1BW00,0.007075071,0.0061745862,554765
20120926,12:30:00.000,BBG000DY8ZS4,0.009762826,-0.007157487,5988593
20120926,12:30:00.000,BBG000BY33P5,-0.014163516,-0.021830503,3695118
20120926,12:30:00.000,BBG000BKLH74,0.00022969258,-0.00479135,2023482
20120926,12:30:00.000,BBG000BMF5J0,-0.0032233738,-0.007092412,5071481
20120926,12:30:00.000,BBG000CSY9H9,0.01370513,0.0139546,1951410
20120926,12:30:00.000,BBG000CPQZ77,-0.014153399,-0.017881336,812564
20120926,12:30:00.000,BBG000CS7CT9,0.005021506,0.0051765963,1002963
20120926,12:30:00.000,BBG000BC9938,-0.007344786,-0.023656113,1424651
20120926,12:30:00.000,BBG000BBJQV0,-0.0055685425,-0.018649582,5976207
20120926,12:30:00.000,BBG000FQ6PY6,0.002943772,-0.010775241,873945
20120926,12:30:00.000,BBG000PM7GJ0,0.039243143,0.039786335,15482266
20120926,12:30:00.000,BBG000GC80B4,0.01120253,0.005290255,919552
20120926,12:30:00.000,BBG000DYGNW7,0.0029023048,0.0067317453,754198
20120926,12:30:00.000,BBG000HCJMF9,-0.016287202,-0.027440187,2510400
20120926,12:30:00.000,BBG000C17X76,0.00458807,0.00039263399,968920
20120926,12:30:00.000,BBG000BMDV41,0.0042776116,-0.0007280274,2140786
20120926,12:30:00.000,BBG000TWC2V5,0.0004933089,0.0033273066,621453
20120926,12:30:00.000,BBG000BBPFB9,0.011549679,-0.0035885132,4780360
20120926,12:30:00.000,BBG000BLKK03,-0.0033169966,-0.008999538,773943
20120926,12:30:00.000,BBG000R8ZVD1,0.0114692915,0.009048489,765897
20120926,12:30:00.000,BBG000BD8PN9,0.008204367,0.00088395,2804946
20120926,12:30:00.000,BBG000BBDV81,0.0025047439,-0.0038287907,815233
20120926,12:30:00.000,BBG000BCVJ77,-0.015610965,-0.019156259,2766978
20120926,12:30:00.000,BBG000BJL3N0,0.0036177319,-0.0045360234,6413118
20120926,12:30:00.000,BBG000BZ2GG4,-0.002963667,-0.020908985,1064893
20120926,12:30:00.000,BBG000BKFBD7,-0.0034689393,-0.00896945,1554324
20120926,12:30:00.000,BBG000BJ2VQ6,-0.008641199,-0.021137876,1588263
20120926,12:30:00.000,BBG000BKFZM4,0.0016432591,-0.00695771,6733263
20120926,12:30:00.000,BBG000QBR5J5,0.0012505746,-0.0077055246,2026773
20120926,12:30:00.000,BBG000BJPDZ1,-0.0040591056,-0.01019145,99716
20120926,12:30:00.000,BBG000BH5LT6,0.0014927518,-0.010978674,1913628
20120926,12:30:00.000,BBG000MBDGM6,0.021496037,0.006847457,384043
20120926,12:30:00.000,BBG000LD9JQ8,-0.0021078466,-0.0027661114,472379
20120926,12:30:00.000,BBG000BTR593,0.008984153,0.00705827,1830425
20120926,12:30:00.000,BBG000BVMGF2,-0.0030605241,-0.0077621033,1305042
20120926,12:30:00.000,BBG000FJLFX8,-0.009986406,-0.015916258,1996942
20120926,12:30:00.000,BBG000BWNFZ9,0.0012525852,-0.022839816,1875942
20120926,12:30:00.000,BBG000BR54L0,0.0003202807,-0.040460393,14727368
20120926,12:30:00.000,BBG000BCBCM7,-0.027666219,-0.036764443,14066558
20120926,12:30:00.000,BBG000BM5SR2,0.0073628407,-0.005974715,2286898
20120926,12:30:00.000,BBG000BJ81C1,-0.008550794,-0.010591235,989701
20120926,12:30:00.000,BBG001DCCGR8,0.0053978465,-0.007829209,2087861
20120926,12:30:00.000,BBG000H89QJ6,0.0003130642,-0.007655972,1039817
20120926,12:30:00.000,BBG000F6H8W8,-0.0018304483,-0.0012323171,699945
20120926,12:30:00.000,BBG000BS0ZF1,-0.00030649191,-0.0006952121,324507
20120926,12:30:00.000,BBG000BVWLJ6,-0.0031865386,-0.0007295116,2382152
20120926,12:30:00.000,BBG000BGJRC8,-0.0044362047,-0.0070871296,3115594
20120926,12:30:00.000,BBG000BT9DW0,-0.001269359,0.008306786,1552950
20120926,12:30:00.000,BBG000BXRPH1,0.005656105,-0.003932377,1077149
20120926,12:30:00.000,BBG000C7LMS8,0.009753809,0.014784591,565572
20120926,12:30:00.000,BBG00286S4N9,0.008013748,0.0020653366,1599080
20120926,12:30:00.000,BBG000BH2JM1,0.0072204187,-0.006642987,4241281
20120926,12:30:00.000,BBG000BRD0D8,-0.005298331,-0.01092299,2344441
20120926,12:30:00.000,BBG000BJF1Z8,-0.0025018975,-0.0033104995,1089236
20120926,12:30:00.000,BBG000BHQ1H0,0.009360273,0.0054808264,983918
20120926,12:30:00.000,BBG000BN5HF7,-0.005299343,-0.035561077,6069808
20120926,12:30:00.000,BBG000B9WH86,-0.0016112056,0.007923264,13069782
20120926,12:30:00.000,BBG000C5Z1S3,0.0043008546,-0.008189761,18133446
20120926,12:30:00.000,BBG000D9D830,-0.0032493793,-0.010472441,1366580
20120926,12:30:00.000,BBG000JWD753,0.009840074,0.008125523,4489517
20120926,12:30:00.000,BBG000BKCFC2,-0.0050229807,-0.0014962435,1902614
20120926,12:30:00.000,BBG000BWVCP8,-0.01341937,-0.018990273,3074410
20120926,12:30:00.000,BBG000BBD070,-0.0074090282,-0.015576778,2472305
20120926,12:30:00.000,BBG000BMBL90,-0.0038857243,-0.009177884,1840681
20120926,12:30:00.000,BBG000BNWG87,0.0047930507,-0.0006922077,2128931
20120926,12:30:00.000,BBG000BCG930,-0.008048069,-0.014533702,1242232
20120926,12:30:00.000,BBG000BHX7N2,-0.0058402224,-0.0066256635,1801551
20120926,12:30:00.000,BBG000BX3TD3,0.023333214,0.030914964,6578660
20120926,12:30:00.000,BBG000BH23R1,-0.004940621,-0.0070176767,8282486
20120926,12:30:00.000,BBG000BBVJZ8,-0.004920875,-0.006724071,883420
20120926,12:30:00.000,BBG000BJ3PD2,0.014845475,0.00800768,1649307
20120926,12:30:00.000,BBG000BFQYY3,0.0057846387,0.0053412933,662165
20120926,12:30:00.000,BBG000BMW2Z0,0.0009458036,0.0016375418,687036
20120926,12:30:00.000,BBG000CXYSZ6,-0.0005530536,-0.0149956085,640879
20120926,12:30:00.000,BBG000H556T9,0.002899478,0.0003366725,1812204
20120926,12:30:00.000,BBG000J6XT05,-0.0052262284,0.0047724303,1875938
20120926,12:30:00.000,BBG000C8H633,-0.0060147434,-0.013317984,3707131
20120926,12:30:00.000,BBG000FP1N32,-0.024142148,-0.035438612,5179985
20120926,12:30:00.000,BBG000BD4VG8,-0.00033447437,-0.014373854,1727272
20120926,12:30:00.000,BBG000C496P7,-0.007131003,-0.019259524,5132443
20120926,12:30:00.000,BBG000FG3C43,-0.012864334,-0.028721094,3746601
20120926,12:30:00.000,BBG000DHSPT0,-0.0037778039,-0.013041732,2035514
20120926,12:30:00.000,BBG000FW00S1,0.016459394,0.010922286,4671516
20120926,12:30:00.000,BBG000BFC8J2,0.0107291415,0.0053860187,1324916
20120926,12:30:00.000,BBG000BZ9223,-0.0003626848,-0.0075598783,570046
20120926,12:30:00.000,BBG000GFFQN9,0.00049843057,-0.0012760807,6966618
20120926,12:30:00.000,BBG000G2R6M0,0.0020338818,0.004480322,3071079
20120926,12:30:00.000,BBG000FL1TC8,-0.0055505605,-0.014248961,1492945
20120926,12:30:00.000,BBG000BGKTF9,0.0005666211,-0.006080715,1943819
20120926,12:30:00.000,BBG000BB6KF5,-0.005394749,-0.017566737,4535000
20120926,12:30:00.000,BBG000BGLRN3,-0.012063377,-0.011681938,1737018
20120926,12:30:00.000,BBG000Q9HH23,-0.010764635,-0.019480227,1230776
20120926,12:30:00.000,BBG000BV8DN6,0.010719153,0.011576883,2933080
20120926,12:30:00.000,BBG000BFXHL6,-0.003285347,-0.006775052,2079094
20120926,12:30:00.000,BBG000C46HM9,0.004655698,-0.0007940641,2506794
20120926,12:30:00.000,BBG000BFRF55,0.017511992,0.015659012,4550260
20120926,12:30:00.000,BBG000BNBDC2,0.000101187004,-0.0061127255,2181781
20120926,12:30:00.000,BBG000BH13K9,0.0033042235,-0.000396611,1592911
20120926,12:30:00.000,BBG000BGPTV6,0.009852217,0.003353645,1100182
20120926,12:30:00.000,BBG000QX74T1,-0.008684873,-0.013412326,592801
20120926,12:30:00.000,BBG000BWJFZ4,0.01658245,0.005791132,446774
20120926,12:30:00.000,BBG000BWLMJ4,-0.0016466931,-0.00471379,2878471
20120926,12:30:00.000,BBG000BW3299,-0.0064217225,-0.009055132,1006612
20120926,12:30:00.000,BBG000BFDXW1,-0.0048451545,-0.01706964,4892842
20120926,12:30:00.000,BBG000BC2C10,0.007742848,0.0053364243,1607080
20120926,12:30:00.000,BBG000BVV7G1,-0.008264129,-0.01940719,9587896
20120926,12:30:00.000,BBG000BPWXK1,-0.0014665779,0.0022687912,3310916
20120926,12:30:00.000,BBG000BBGGQ1,-0.007518312,-0.016844522,4056595
20120926,12:30:00.000,BBG000BHBK84,-0.005000027,-0.010861649,4646604
20120926,12:30:00.000,BBG000BJX8C8,-0.0026450644,-0.013653813,1760413
20120926,12:30:00.000,BBG000H8TVT2,-0.008536865,-0.006059321,1483095
20120926,12:30:00.000,BBG000BTZQC4,0.0002810009,0.00046216705,2593186
20120926,12:30:00.000,BBG000BP52R2,-5.5172864e-06,0.00043096638,1206831
20120926,12:30:00.000,BBG000C5HS04,-0.0043489914,0.0041538137,1248588
20120926,12:30:00.000,BBG000BH3GZ2,-0.0003666553,-0.004495464,1070721
20120926,12:30:00.000,BBG000F1ZSQ2,0.00258759,-0.004594347,162616
20120926,12:30:00.000,BBG000C15T95,0.003396971,0.0027832966,1289409
20120926,12:30:00.000,BBG000BFWKC0,-0.0027065254,-0.007682036,1109442
20120926,12:30:00.000,BBG000CL9VN6,0.036147866,0.0328159,3386919
20120926,12:30:00.000,BBG000F0KF42,0.009657102,-0.022817979,3946939
20120926,12:30:00.000,BBG000C240W1,0.00551692,-0.0054202424,21537356
20120926,12:30:00.000,BBG000L9CV04,-0.0026956021,-0.0010406623,1796692
20120926,12:30:00.000,BBG000BC40Y8,-0.0008796919,-0.0034699223,1983509
20120926,12:30:00.000,BBG000BL4504,-0.0034564303,-0.012045323,6706277
20120926,12:30:00.000,BBG000BB07P9,-0.005228483,-0.0030520528,5799185
20120926,12:30:00.000,BBG000BBDZG3,-0.0040501594,-0.015102937,19012520
20120926,12:30:00.000,BBG000BY29C7,0.00397271,0.0048073228,3304592
20120926,12:30:00.000,BBG000DWG505,0.008011545,0.009072755,1632097
20120926,12:30:00.000,BBG000BCQZS4,-0.006633795,-0.011904636,2280007
20120926,12:30:00.000,BBG000CKGBP2,-0.010823121,-0.01657894,3822408
20120926,12:30:00.000,BBG000BHGDH5,-0.0068404884,0.0037318876,1541409
20120926,12:30:00.000,BBG000FFDM15,-0.0027720819,-0.0036862085,4034033
20120926,12:30:00.000,BBG000BWXBC2,0.0010510187,-0.0005387547,2020745
20120926,12:30:00.000,BBG000BGRY34,0.007404076,0.0058803046,3208526
20120926,12:30:00.000,BBG000BN2DC2,-0.006186245,-0.0213252,1187409
20120926,12:30:00.000,BBG000BH1NH9,0.007471038,0.0016018848,1694318
20120926,12:30:00.000,BBG000F0PF65,0.0017594427,-0.006666136,3312197
20120926,12:30:00.000,BBG000BW8S60,-0.00019630775,0.0013966626,2349692
20120926,12:30:00.000,BBG000BCSST7,0.0062262877,0.013618655,2333445
20120926,12:30:00.000,BBG000CH5208,0.004659304,0.0008905329,2796687
20120926,12:30:00.000,BBG000BQQ2S6,0.0037182062,-0.0011133119,1526286
20120926,12:30:00.000,BBG000BLZRJ2,0.007778738,-0.0048148218,10986035
20120926,12:30:00.000,BBG000BP6LJ8,-0.0014770078,0.0029389053,2819668
20120926,12:30:00.000,BBG000DWYF03,-0.0017491799,-0.009416098,5540273
20120926,12:30:00.000,BBG000BQPC32,-0.0005481299,-0.004958086,24997634
20120926,12:30:00.000,BBG000BBS2Y0,0.0039377534,-0.0013712203,2418030
20120926,12:30:00.000,BBG000CTQBF3,-0.004030261,-0.00950053,2939031
20120926,12:30:00.000,BBG000DQLV23,-0.005765028,-0.010295319,4631835
20120926,12:30:00.000,BBG000KHWT55,0.0096069835,0.0035895852,14980750
20120926,12:30:00.000,BBG000BNDN65,0.005355265,0.0050523602,7480287
20120926,12:30:00.000,BBG000B9ZXB4,-0.002414199,-0.0065384693,2867994
20120926,12:30:00.000,BBG000DH7JK6,-0.0013899235,0.0058289384,1850113
20120926,12:30:00.000,BBG000BH4R78,-0.005054981,-0.011224522,3768867
20120926,12:30:00.000,BBG000BQQH30,0.0023868913,-0.004181906,3387376
20120926,12:30:00.000,BBG000PSKYX7,-0.0012597843,-0.009436478,1125805
20120926,12:30:00.000,BBG000C6CFJ5,-0.00048606133,-0.0070439884,3068082
20120926,12:30:00.000,BBG000BKTFN2,-0.0114775,-0.024162466,8435790
20120926,12:30:00.000,BBG000J2XL74,0.00027982457,0.0035525328,1947465
20120926,12:30:00.000,BBG000BHVJJ3,-0.0006944235,-0.014730395,7724150
20120926,12:30:00.000,BBG000C43RR5,-0.0027311975,-0.010415354,5800415
20120926,12:30:00.000,BBG000BFT2L4,-0.005939549,-0.013669485,5453239
20120926,12:30:00.000,BBG000D4LWF6,-0.0023047992,-0.0002414152,6862874
20120926,12:30:00.000,BBG000BNSZP1,0.0023868214,0.0023690728,2389476
20120926,12:30:00.000,BBG000BT41Q8,0.0023492975,-0.004608096,2311366
20120926,12:30:00.000,BBG000BKZB36,-0.0037185426,-0.004855536,4140967
20120926,12:30:00.000,BBG000BPD168,0.0058355504,0.0008865539,6384398
20120926,12:30:00.000,BBG000HS77T5,0.0021218352,0.0024104372,5083271
20120926,12:30:00.000,BBG000BQLTW7,-0.008243668,-0.017575026,15599059
20120926,12:30:00.000,BBG000BVPV84,-0.0039543724,-0.009448702,1616420
20120926,12:30:00.000,BBG000BJDB15,0.003337499,0.0030517904,13625102
20120926,12:30:00.000,BBG000BMX289,0.0014498892,0.0071648117,7361702
20120926,12:30:00.000,BBG000MM2P62,0.0047260826,-0.0029598444,19578330
20120926,12:30:00.000,BBG000CGC1X8,0.0036664247,-0.0055027087,5733698
20120926,12:30:00.000,BBG000BLBVN4,-0.007235932,-0.016015522,550419
20120926,12:30:00.000,BBG000BF0K17,0.007445965,0.0032742722,4949620
20120926,12:30:00.000,BBG000BR2TH3,-0.0025308738,-0.0004311872,4508189
20120926,12:30:00.000,BBG000K4ND22,-0.0011976981,-0.0032492487,2623461
20120926,12:30:00.000,BBG000BR2B91,0.0066276123,0.0020130465,13154193
20120926,12:30:00.000,BBG000C3J3C9,0.0005740874,-0.010190676,16410862
20120926,12:30:00.000,BBG000BLNNH6,0.0050270534,-0.0019258677,1503827
20120926,12:30:00.000,BBG000BWQFY7,-0.0020431238,-0.008062997,13995556
20120926,12:30:00.000,BBG000BMHYD1,-0.0012730681,-0.0037515813,4695824
20120926,12:30:00.000,BBG000BK6MB5,-0.0064252936,-0.007169935,18487430
20120926,12:30:00.000,BBG000BSJK37,0.0055396724,0.0052549057,11229765
20120926,12:30:00.000,BBG000C0G1D1,0.01591173,0.0044423863,26860388
20120926,12:30:00.000,BBG000FY4S11,0.00076197763,-0.013079964,27815436
20120926,12:30:00.000,BBG000BCTLF6,-0.001144301,-0.012324652,88968248
20120926,12:30:00.000,BBG000DMBXR2,0.004125559,-0.00690287,13221676
20120926,12:30:00.000,BBG000BPH459,0.0020081948,-0.008882967,26820842
20120926,12:30:00.000,BBG000GZQ728,-0.0037899606,-0.0039228946,5140898
20120926,12:30:00.000,BBG000BHSKN9,0.009775015,0.0036055252,3151064
20120926,12:30:00.000,BBG000B9XRY4,0.000559192,-0.012511994,11851461
20120926,12:45:00.000,BBG000BFVXX0,0.008907272,0.012412031,1273721
20120926,12:45:00.000,BBG000M4SW14,-0.017310765,-0.021987624,555485
20120926,12:45:00.000,BBG000HS74G6,-0.0069387355,-0.010063269,258161
20120926,12:45:00.000,BBG000BJNGN9,-0.079340875,-0.09825889,6589451
20120926,12:45:00.000,BBG000FNRZ69,0.001094634,-0.0065296195,4467688
20120926,12:45:00.000,BBG000BW2QX0,-0.008303867,-0.01087245,976133
20120926,12:45:00.000,BBG000BBV8B8,0.017935405,0.0031949256,988964
20120926,12:45:00.000,BBG000DV7MX4,0.013519923,0.006551665,5170064
20120926,12:45:00.000,BBG000BQ74K1,-0.0021693578,-0.009261576,451731
20120926,12:45:00.000,BBG000BCYP43,0.000227688,-0.0010005644,105122
20120926,12:45:00.000,BBG000BW5YW1,0.013401121,-0.010098675,1482519
20120926,12:45:00.000,BBG000BLCL55,0.0028932544,-0.0054759122,497439
20120926,12:45:00.000,BBG000CZWZ05,0.0019282475,-0.006952236,270698
20120926,12:45:00.000,BBG000NSCNT7,0.005932512,-0.002611366,1294423
20120926,12:45:00.000,BBG000D14WM3,-0.0038367636,-0.019302923,3751965
20120926,12:45:00.000,BBG000BK5DP1,0.004163256,-0.011010768,1806936
20120926,12:45:00.000,BBG000PCNTM2,-0.0040745256,-0.015617518,246244
20120926,12:45:00.000,BBG000BBB3K1,0.00023928523,0.004817295,707516
20120926,12:45:00.000,BBG000C2YHG9,-0.010589169,-0.022147374,972307
20120926,12:45:00.000,BBG000RGM5P1,-0.00840714,-0.019525008,1411724
20120926,12:45:00.000,BBG000BQ87N0,-0.00082172966,0.00499254,533004
20120926,12:45:00.000,BBG000BD0TF8,0.0031760274,-0.0063642873,268272
20120926,12:45:00.000,BBG000BDG1Y1,-0.001028925,-0.008960432,646393
20120926,12:45:00.000,BBG000BHC2S1,-0.00056712504,-0.011926105,405497
20120926,12:45:00.000,BBG000BCHG15,-0.0031999007,-0.005845199,492958
20120926,12:45:00.000,BBG000CLVM51,-0.0037867273,-0.006676321,137309
20120926,12:45:00.000,BBG000BBCQD7,-0.0009597413,-0.009966497,680802
20120926,12:45:00.000,BBG000BB03M1,0.010372496,0.0055560684,626350
20120926,12:45:00.000,BBG000BQC9V2,0.017803352,0.010468702,1985465
20120926,12:45:00.000,BBG000D5S4M0,-0.0110467,-0.013611025,276935
20120926,12:45:00.000,BBG000BB9RZ5,0.011679254,0.0036820115,227930
20120926,12:45:00.000,BBG000DCCZW2,-0.010222544,-0.01834052,698667
20120926,12:45:00.000,BBG000BS5170,-0.011163429,-0.008267062,568594
20120926,12:45:00.000,BBG000BLMZK6,0.00018236315,0.0017559966,802652
20120926,12:45:00.000,BBG000BB5BF6,0.0063188868,0.009092883,2229996
20120926,12:45:00.000,BBG000BLXZN1,0.006238022,-0.006959341,158599
20120926,12:45:00.000,BBG000FQRVM3,0.00074743887,-0.0021400296,215900
20120926,12:45:00.000,BBG000BGFLL5,-0.0014108712,-0.008046695,1761942
20120926,12:45:00.000,BBG000BJ5GK2,0.0043729474,0.0073526246,375752
20120926,12:45:00.000,BBG000BWP7D9,0.0078094103,0.0106939655,1120713
20120926,12:45:00.000,BBG000BPQVR5,0.0021190874,-0.0053174724,316909
20120926,12:45:00.000,BBG000DGPR66,-0.0018804858,-0.0059034256,461614
20120926,12:45:00.000,BBG000BRZBT3,-0.0066732024,-0.016766312,1073325
20120926,12:45:00.000,BBG000BWBZN1,-0.0014858438,-0.00414945,389469
20120926,12:45:00.000,BBG000BFS7D3,0.011779502,0.015127236,423377
20120926,12:45:00.000,BBG000C23KJ3,-0.010108156,-0.008139985,4071005
20120926,12:45:00.000,BBG001QD41M9,0.0053877058,-0.003187478,635886
20120926,12:45:00.000,BBG000M44VW8,-0.008673628,-0.026595103,913901
20120926,12:45:00.000,BBG000BSJTT0,0.010678778,0.003732099,2116015
20120926,12:45:00.000,BBG000C9W1Y1,0.004026193,0.0020891456,1301910
20120926,12:45:00.000,BBG000DHNDK1,,,759160
20120926,12:45:00.000,BBG000BN9WT5,0.0027308397,-0.006926867,755625
20120926,12:45:00.000,BBG000BBMT95,0.0061774617,0.0019501799,1289376
20120926,12:45:00.000,BBG000BJVZF7,0.0059247846,0.0019380725,1119964
20120926,12:45:00.000,BBG000BPZBB6,-0.0012930767,0.00039151183,948398
20120926,12:45:00.000,BBG000R57L13,0.0074822265,-0.010938491,2316689
20120926,12:45:00.000,BBG000C1FB75,0.0005443903,-0.0031433469,103266
20120926,12:45:00.000,BBG000BF6LY3,-0.0068913386,-0.007547475,3486953
20120926,12:45:00.000,BBG000F6ZWH2,0.006462919,-0.005234996,420095
20120926,12:45:00.000,BBG000BP7JB0,-0.017310996,-0.031591848,2862313
20120926,12:45:00.000,BBG000RNTSX0,0.003236465,-0.010812914,255118
20120926,12:45:00.000,BBG000BCTQ65,0.0011396287,0.0072344295,1001875
20120926,12:45:00.000,BBG000C4DPX1,0.013476945,0.0012117772,1700623
20120926,12:45:00.000,BBG000TJM7F0,0.00027539808,0.0043494604,440264
20120926,12:45:00.000,BBG0016WLQ18,-0.008471452,-0.017857287,1150957
20120926,12:45:00.000,BBG000CNFQW6,-0.00032444578,-0.0048380415,135398
20120926,12:45:00.000,BBG000BMZ7P7,-0.008289207,-0.013229244,225453
20120926,12:45:00.000,BBG000BLDV98,0.00013772496,0.008261269,1338735
20120926,12:45:00.000,BBG000BKWSR6,0.006459019,3.0881827e-07,2560344
20120926,12:45:00.000,BBG000MQ1SN9,0.0027636257,0.004338131,280606
20120926,12:45:00.000,BBG000C75N77,0.004207914,-0.00065014185,781634
20120926,12:45:00.000,BBG000C2ZCH8,-0.0007563202,0.0023274776,446344
20120926,12:45:00.000,BBG000BVB8Q0,0.0065782014,-0.002221764,1927937
20120926,12:45:00.000,BBG000G6BN50,-0.008786605,-0.01493553,195315
20120926,12:45:00.000,BBG000BL79J3,-0.003677863,-0.005931295,1070365
20120926,12:45:00.000,BBG000BKXFN7,-0.006309857,-0.019141555,2664194
20120926,12:45:00.000,BBG000BD3LM4,-0.0027853313,-0.018484991,1647027
20120926,12:45:00.000,BBG000F86GP6,0.004200359,-0.0040518176,763490
20120926,12:45:00.000,BBG000BGXZB5,-0.011390169,-0.016474154,1479939
20120926,12:45:00.000,BBG000BVMPN3,0.0027732272,-0.005637859,510580
20120926,12:45:00.000,BBG000D9DMK0,-0.0086541325,-0.004222462,188940
20120926,12:45:00.000,BBG000FDBX90,9.7428885e-05,0.0023346767,1659857
20120926,12:45:00.000,BBG000MM5VL9,-0.011496065,-0.01665741,614883
20120926,12:45:00.000,BBG000BHCP19,-0.0045737005,-0.013971725,1028947
20120926,12:45:00.000,BBG000BX8DC4,0.00059578853,-0.0050258855,555294
20120926,12:45:00.000,BBG000G3QLY3,0.013059145,0.0023245069,753580
20120926,12:45:00.000,BBG000BDWKC5,0.0031858624,-0.007291961,1796633
20120926,12:45:00.000,BBG000BMRFF9,0.010864941,0.0083892,380312
20120926,12:45:00.000,BBG000BT4T69,-0.006026583,-0.0063898317,991965
20120926,12:45:00.000,BBG000BRRG02,0.0037650347,0.0022639418,497130
20120926,12:45:00.000,BBG000BP0KQ8,0.010752738,0.003156197,4172507
20120926,12:45:00.000,BBG000RKR4R8,0.005769821,-0.004270314,4815357
20120926,12:45:00.000,BBG000C3HSR0,-0.005173805,-0.017083429,2849870
20120926,12:45:00.000,BBG000BKQ3V3,-0.0025105344,-0.02199319,1339927
20120926,12:45:00.000,BBG000CGT2S4,0.005578691,0.0060054534,1081185
20120926,12:45:00.000,BBG000C1FQS9,-0.0011485294,0.006939445,270936
20120926,12:45:00.000,BBG000FFH4P5,0.0008725148,-0.0054157875,234067
20120926,12:45:00.000,BBG000BF5RY1,-0.00680354,-0.0064924345,1164741
20120926,12:45:00.000,BBG000BFNR17,0.0008430903,-0.00850607,213385
20120926,12:45:00.000,BBG000BR1W32,-0.02466906,-0.045821857,1823440
20120926,12:45:00.000,BBG001M8HHB7,0.001242666,-0.0060734027,1124942
20120926,12:45:00.000,BBG000BPNP00,0.0012237063,-0.010701611,1554610
20120926,12:45:00.000,BBG000C0LW92,0.005790748,0.0017741331,2803476
20120926,12:45:00.000,BBG000K7PWX7,0.012202644,0.002965758,987994
20120926,12:45:00.000,BBG000BQSQ38,-0.0042548724,-0.006883194,1914770
20120926,12:45:00.000,BBG000BKXYX5,0.039510615,0.04729232,1646707
20120926,12:45:00.000,BBG000BLHRS2,-0.0063604536,-0.0031710279,211453
20120926,12:45:00.000,BBG000JYP7L8,0.015770026,0.007548138,787986
20120926,12:45:00.000,BBG000PV2L86,-0.0042664423,-0.0030459105,263596
20120926,12:45:00.000,BBG000BTCH57,0.004583196,0.0060131387,841951
20120926,12:45:00.000,BBG000BBNYF6,0.0054627853,-0.00026895697,485512
20120926,12:45:00.000,BBG000BPL8X4,-0.00077574194,-0.0015583015,878392
20120926,12:45:00.000,BBG000BLCPY4,0.015549054,0.00053573545,870991
20120926,12:45:00.000,BBG000BNC3Y9,-0.00089489005,-0.014836692,1205748
20120926,12:45:00.000,BBG000BT9T73,0.0048484444,-0.011355512,3892453
20120926,12:45:00.000,BBG000BC15S7,0.0027305742,0.0026012196,258198
20120926,12:45:00.000,BBG000BKNX95,-0.007149458,-0.01563121,2129584
20120926,12:45:00.000,BBG000C90DH9,0.0030400972,-0.008003822,1657532
20120926,12:45:00.000,BBG000C7B436,0.002964393,-0.00880006,1681635
20120926,12:45:00.000,BBG000BK6G19,-0.009804533,-0.01455174,874940
20120926,12:45:00.000,BBG000BX5ZF5,0.0069370097,-0.00514596,7034618
20120926,12:45:00.000,BBG000BGD7W6,-0.005095008,-0.0025547475,1293329
20120926,12:45:00.000,BBG000BVSX05,0.0036233529,-0.011599886,1221914
20120926,12:45:00.000,BBG000CKJ0P3,0.00016798814,-0.0040891613,436030
20120926,12:45:00.000,BBG000BNJHS8,-0.002832467,0.0067834207,1894946
20120926,12:45:00.000,BBG000BQZMH4,-0.0003934088,0.0047120242,586960
20120926,12:45:00.000,BBG000DN7P92,0.0032349732,-0.0008507426,465066
20120926,12:45:00.000,BBG000BKPL53,0.0023341002,-0.0028415755,434755
20120926,12:45:00.000,BBG000BB2DM7,0.0021548471,0.0041215722,5894432
20120926,12:45:00.000,BBG000BJDPC2,0.017914832,0.021372424,725404
20120926,12:45:00.000,BBG000BJ8YN7,-0.0036879843,-0.010164972,816575
20120926,12:45:00.000,BBG000BPVCR1,-0.038246296,-0.053080924,4512700
20120926,12:45:00.000,BBG000PCQQL6,0.00459461,-0.0027561036,960437
20120926,12:45:00.000,BBG000C2BXK4,-0.0019706343,0.0019109686,3395043
20120926,12:45:00.000,BBG000F9KJN4,-0.0036942505,-0.016420903,1217256
20120926,12:45:00.000,BBG000BNNYW1,-0.0066995043,-0.0044991714,977650
20120926,12:45:00.000,BBG000C734W3,-0.0035072563,-0.017937904,370825
20120926,12:45:00.000,BBG000D7RKJ5,-0.0032055052,0.0053859972,570523
20120926,12:45:00.000,BBG000G8N9C6,4.6174016e-05,-0.0016396454,810548
20120926,12:45:00.000,BBG000BRXP69,-0.0021609964,-0.008569259,258596
20120926,12:45:00.000,BBG000NDYB67,0.004191288,-0.0029741053,5343962
20120926,12:45:00.000,BBG000BHZ5J9,0.0071408497,0.004203089,244698
20120926,12:45:00.000,BBG000BHKYH4,0.0077482415,0.0089359665,671417
20120926,12:45:00.000,BBG000D2M0Z7,0.004392366,0.0030245818,334895
20120926,12:45:00.000,BBG000CHWP52,0.009876416,-1.00178994e-07,581182
20120926,12:45:00.000,BBG0029SNR63,0.014744877,0.010027438,3433677
20120926,12:45:00.000,BBG000BNNKG9,-0.00294749,-0.019299008,3994509
20120926,12:45:00.000,BBG000BP4MH0,0.006042384,0.0053072814,1383948
20120926,12:45:00.000,BBG000BHLYS1,0.0061112586,0.012356043,1471133
20120926,12:45:00.000,BBG000BFJ645,-0.010248345,-0.01325154,8822634
20120926,12:45:00.000,BBG000BC4JJ4,-0.0016355977,-0.00545854,577065
20120926,12:45:00.000,BBG000BVVQQ8,0.0015135072,-0.002693997,1711158
20120926,12:45:00.000,BBG000DLFM21,0.0053469376,-0.0052255974,397840
20120926,12:45:00.000,BBG000BP1152,-0.016545754,-0.030608198,2501014
20120926,12:45:00.000,BBG000H50PN8,0.0021858795,-0.005500405,819385
20120926,12:45:00.000,BBG000CP95B7,0.004817651,0.000329219,285512
20120926,12:45:00.000,BBG000BS9489,-0.0067724544,-0.014205728,800438
20120926,12:45:00.000,BBG000KBQZ88,-0.0012129158,-0.0077924947,504719
20120926,12:45:00.000,BBG000C37332,-0.013544583,-0.015959362,314765
20120926,12:45:00.000,BBG000C2PW58,0.00555044,-0.00123577,196905
20120926,12:45:00.000,BBG000BKR1D6,0.014234051,0.0052004918,351155
20120926,12:45:00.000,BBG000BR37X2,-0.002611162,-0.0019189795,1602302
20120926,12:45:00.000,BBG000BWCKB6,0.0058456855,0.007892382,239327
20120926,12:45:00.000,BBG000BCZYD3,-0.0013509673,-0.00310142,309552
20120926,12:45:00.000,BBG000BMKDM3,-0.002821327,0.0001925945,675976
20120926,12:45:00.000,BBG000D3MB18,-0.00024589148,-0.009169302,776701
20120926,12:45:00.000,BBG000BB1TH9,-0.0033377726,-0.0065280716,833648
20120926,12:45:00.000,BBG000BQVTF5,-0.011206254,-0.016652718,1191407
20120926,12:45:00.000,BBG000D1QCF1,-0.013615074,-0.022814564,1348572
20120926,12:45:00.000,BBG000PX3XC0,-0.0054782857,-0.013425018,1014322
20120926,12:45:00.000,BBG000J1QLT0,0.004014518,2.2145782e-07,587066
20120926,12:45:00.000,BBG000BH8TT6,-0.010605153,-0.020190999,2874055
20120926,12:45:00.000,BBG000QRFNK2,-0.054807127,-0.058765434,5537679
20120926,12:45:00.000,BBG000BCNYT9,0.0063953893,0.0025339324,1290232
20120926,12:45:00.000,BBG000BPMH90,-0.014008364,-0.019220788,565137
20120926,12:45:00.000,BBG000F7RCJ1,0.0006270155,7.4313866e-05,398720
20120926,12:45:00.000,BBG000BB6G37,0.0014480288,-0.008460852,1399273
20120926,12:45:00.000,BBG000BFDLV8,-0.007196554,-0.013832604,530238
20120926,12:45:00.000,BBG000WCFV84,0.0034614233,-0.008266083,1568284
20120926,12:45:00.000,BBG000BY2Y78,0.0026681214,-0.008043631,1127430
20120926,12:45:00.000,BBG000BXM6V2,-0.0083937785,-0.0075944266,880476
20120926,12:45:00.000,BBG000FH8PX5,0.001547769,-0.0040273527,250673
20120926,12:45:00.000,BBG000BP8Z50,-0.0040922817,-0.012589801,773496
20120926,12:45:00.000,BBG000BQWPC5,0.0018167283,0.006447015,1135658
20120926,12:45:00.000,BBG000BWSV34,0.0026242258,-0.01733768,637295
20120926,12:45:00.000,BBG000NDZ417,-0.007678384,-0.02057132,1359752
20120926,12:45:00.000,BBG000BJQWD2,-0.0017233196,-0.012355306,913671
20120926,12:45:00.000,BBG000BB5373,0.0072370823,0.001089289,1988002
20120926,12:45:00.000,BBG000BHB3M6,0.00015218019,-0.005073232,659595
20120926,12:45:00.000,BBG000BLW530,-0.001103231,-0.01187408,521240
20120926,12:45:00.000,BBG000D8RG11,-0.0127830785,-0.014722884,1703850
20120926,12:45:00.000,BBG0019JZ882,-0.005696049,-0.0075956336,1631489
20120926,12:45:00.000,BBG000R7RDB4,-0.012820793,-0.021769485,620671
20120926,12:45:00.000,BBG000BQ8KV2,0.000594227,0.0053900005,1142808
20120926,12:45:00.000,BBG000BYWTX7,-0.0032709832,-0.012980484,8347731
20120926,12:45:00.000,BBG000C1S2X2,-0.015346315,-0.022217609,734744
20120926,12:45:00.000,BBG000DLVDK3,-0.0015417857,-0.0012066399,921179
20120926,12:45:00.000,BBG000BFL116,0.022936612,0.008282301,2658511
20120926,12:45:00.000,BBG000C1DHF5,-0.02457894,-0.043584555,2689695
20120926,12:45:00.000,BBG000BVHBM1,0.00357816,-0.032962218,3258046
20120926,12:45:00.000,BBG000BGVW60,0.000835854,0.0062672123,1125742
20120926,12:45:00.000,BBG000BPQD31,-0.000739182,-0.009088772,1025754
20120926,12:45:00.000,BBG000H1F895,-0.011647624,-0.032042578,1304381
20120926,12:45:00.000,BBG000K82ZT8,-0.0032223687,-0.017038738,1111686
20120926,12:45:00.000,BBG000DNTSP4,-0.0046612886,-0.0044406992,1619241
20120926,12:45:00.000,BBG000F15NW9,0.0091454135,0.0046461863,1057201
20120926,12:45:00.000,BBG000BPT0C6,0.002476498,-0.0020663447,416213
20120926,12:45:00.000,BBG000B9WJ73,0.0520921,0.0481935,8666841
20120926,12:45:00.000,BBG000BDXGP9,0.003974976,0.0051086303,1704155
20120926,12:45:00.000,BBG000BSD7C2,-0.007103955,-0.0028424137,469948
20120926,12:45:00.000,BBG000BSLZY7,0.00604491,0.0007762561,6595384
20120926,12:45:00.000,BBG000BKZTP3,0.0018029241,-0.0036695856,1684288
20120926,12:45:00.000,BBG000BF1R66,-0.0037942126,-0.0046048234,475039
20120926,12:45:00.000,BBG000HW5GX3,0.0028978724,-0.006028869,2224658
20120926,12:45:00.000,BBG000C0F570,-0.0033464835,-0.013606852,1131781
20120926,12:45:00.000,BBG000BP1Q11,0.009444523,0.0018491171,704318
20120926,12:45:00.000,BBG000BMQPL1,0.0053388705,-0.0022784763,4764737
20120926,12:45:00.000,BBG000M65M61,-0.0032406016,0.0040332014,1885208
20120926,12:45:00.000,BBG000BM7HL0,0.0023629856,-0.0112551795,1285682
20120926,12:45:00.000,BBG000BJ49H3,-0.0033456336,-0.009301757,606839
20120926,12:45:00.000,BBG000JBN3X6,0.005595954,0.0058274665,2025628
20120926,12:45:00.000,BBG000NSQ9M0,-0.0052912426,-0.007297569,4270396
20120926,12:45:00.000,BBG000BTVJ25,0.0023528,0.0019437298,989237
20120926,12:45:00.000,BBG000BBCDZ2,-0.0048469896,-0.010011201,843769
20120926,12:45:00.000,BBG000BNGTQ7,0.00044371918,-0.004257694,710258
20120926,12:45:00.000,BBG000BGKHZ3,0.005290243,-0.0037654631,778986
20120926,12:45:00.000,BBG000BL9439,-0.00032202742,0.0021500133,548172
20120926,12:45:00.000,BBG000H9G7X2,-0.007878167,-0.010412611,1110456
20120926,12:45:00.000,BBG000BK67C7,0.0029373202,0.0076733315,820344
20120926,12:45:00.000,BBG000FV1Z23,0.005495654,0.0040074023,498864
20120926,12:45:00.000,BBG000BV7LP7,-0.011214988,-0.018942533,2936923
20120926,12:45:00.000,BBG000CR90K4,0.041069195,0.037850585,22645616
20120926,12:45:00.000,BBG000BL9JQ1,0.0054087196,-0.007939486,1463374
20120926,12:45:00.000,BBG000BF2KK4,0.008888709,0.00417885,310897
20120926,12:45:00.000,BBG000GLBN48,-0.0030644666,-0.0126821855,461477
20120926,12:45:00.000,BBG000BB6M98,-0.0002673483,0.0036105763,576188
20120926,12:45:00.000,BBG000BXMFC3,-0.026908962,-0.043851268,3588052
20120926,12:45:00.000,BBG000BSXQV7,-0.0049822014,-0.005749607,407406
20120926,12:45:00.000,BBG000MDCQC2,-0.00045368116,0.005409288,1294183
20120926,12:45:00.000,BBG000BRJ809,0.005409277,-0.0015644429,243692
20120926,12:45:00.000,BBG000DKCC19,0.017172039,0.019477744,2366105
20120926,12:45:00.000,BBG000BFMBQ6,0.006750301,0.0044811685,608975
20120926,12:45:00.000,BBG000BQ2C28,0.0075579644,0.007754034,686167
20120926,12:45:00.000,BBG000BMTFR4,0.01118915,-0.0051220832,1533947
20120926,12:45:00.000,BBG000BHLYP4,0.0048660645,-1.14732096e-07,833809
20120926,12:45:00.000,BBG000BNFLM9,-0.0046994374,-0.014440826,2064641
20120926,12:45:00.000,BBG000NV1KK7,0.0037562482,0.0037947549,1681624
20120926,12:45:00.000,BBG000FBK808,-0.009438955,-0.01815426,2790192
20120926,12:45:00.000,BBG000R0L5J4,-0.0089159915,-0.019696066,553341
20120926,12:45:00.000,BBG000BZTW70,0.0025452282,-0.0126267625,4943958
20120926,12:45:00.000,BBG000BLM0V1,,,564209
20120926,12:45:00.000,BBG000BTQR96,0.00013351806,-0.0065260474,856734
20120926,12:45:00.000,BBG000BH5DV1,0.0097525325,-0.001986783,1750869
20120926,12:45:00.000,BBG000BLBXT4,-0.005051659,-0.0036664226,666595
20120926,12:45:00.000,BBG000KLB4Q1,-0.002683869,-0.02170673,4854233
20120926,12:45:00.000,BBG000BR3KL6,-0.00053102645,-0.0063707395,663560
20120926,12:45:00.000,BBG000BB9KF2,-0.0027381545,0.0040569026,714061
20120926,12:45:00.000,BBG000BVDLH9,0.0075354646,0.0014399744,466484
20120926,12:45:00.000,BBG000C0MF34,-0.0014126808,0.0057790778,384376
20120926,12:45:00.000,BBG000FVXD63,0.017211739,0.0133393705,644523
20120926,12:45:00.000,BBG000CGQ6M4,-0.015914163,-0.019001817,860449
20120926,12:45:00.000,BBG000BJSBJ0,0.0046502873,0.009770521,1208815
20120926,12:45:00.000,BBG000BFTJ91,-0.006594593,-0.016048066,1061948
20120926,12:45:00.000,BBG000BSC0K9,-0.0029593073,-0.005133416,810470
20120926,12:45:00.000,BBG000BWXL85,0.009374768,-0.0053544,1298288
20120926,12:45:00.000,BBG000QY3XZ2,0.009304472,-0.009286919,1140549
20120926,12:45:00.000,BBG000BCWCG1,0.001235523,0.004723916,3086913
20120926,12:45:00.000,BBG000CKVSG8,0.017976198,0.014371049,3402324
20120926,12:45:00.000,BBG000JN8R00,0.014682011,0.015125651,1176482
20120926,12:45:00.000,BBG000BBBNC6,-0.0056488994,-0.016920837,1631531
20120926,12:45:00.000,BBG000JG0547,-0.0017677243,-0.005823818,1346785
20120926,12:45:00.000,BBG000R7Z112,0.0057936073,0.012201817,2840941
20120926,12:45:00.000,BBG000D898T9,0.005220143,0.007304097,2128886
20120926,12:45:00.000,BBG000Q3JN03,0.0015003865,-0.0069208,7648754
20120926,12:45:00.000,BBG000BRJL00,-0.0061250213,0.0017256144,2195810
20120926,12:45:00.000,BBG000C2V3D6,0.009022597,-0.0032602828,1588246
20120926,12:45:00.000,BBG000G30YX4,-0.0024629436,-0.014920028,578950
20120926,12:45:00.000,BBG000G0Z878,0.0054710587,-0.0031911081,2451942
20120926,12:45:00.000,BBG000BKXBV7,-0.0112707,-0.02022619,5439998
20120926,12:45:00.000,BBG000BJ98Z0,-0.010546547,-0.0054405485,4901620
20120926,12:45:00.000,BBG000BR14K5,0.0042419787,0.003397301,731984
20120926,12:45:00.000,BBG000BGYWY6,-0.006259362,-0.0031387103,463654
20120926,12:45:00.000,BBG000BCGY17,0.0006608724,0.0045755827,505745
20120926,12:45:00.000,BBG000BV75B7,-0.00036689368,-0.010223207,941493
20120926,12:45:00.000,BBG000CXD6X9,-0.010384417,-0.011757533,1051719
20120926,12:45:00.000,BBG000BWVSR1,-0.007084824,-0.0052969595,1519489
20120926,12:45:00.000,BBG000BVPPM1,-0.0005008478,-0.012425067,1593756
20120926,12:45:00.000,BBG000BBMSJ6,-0.0049552945,-0.015893081,1822863
20120926,12:45:00.000,BBG000CHPY97,0.011094573,0.00640236,1728236
20120926,12:45:00.000,BBG000C3GN47,0.017531313,0.00927766,1116740
20120926,12:45:00.000,BBG000BYYLS8,-0.00021577648,-0.007836737,1831155
20120926,12:45:00.000,BBG000DTMH63,,,1814953
20120926,12:45:00.000,BBG000PVRDL2,-0.011716079,-0.017102763,4634563
20120926,12:45:00.000,BBG000DQTXY6,0.005346159,-0.034950044,7085979
20120926,12:45:00.000,BBG000JF5CV9,0.005635148,-0.0031739192,2886779
20120926,12:45:00.000,BBG000CJZ2W6,-0.020100666,-0.02799594,1445696
20120926,12:45:00.000,BBG000K14Q84,-0.00322359,-0.009668027,2875545
20120926,12:45:00.000,BBG000BH3JF8,0.014696769,0.012469385,2420586
20120926,12:45:00.000,BBG000BTKGG8,0.0071802554,-0.0010639422,3314687
20120926,12:45:00.000,BBG000BB5006,0.0043534352,-0.0076022223,1990874
20120926,12:45:00.000,BBG000BSBZH7,-0.0030900536,-0.003089438,794859
20120926,12:45:00.000,BBG000BM6788,-0.007369234,-0.0129636,1653498
20120926,12:45:00.000,BBG000BQ5DS5,-0.009614216,-0.009753541,1725241
20120926,12:45:00.000,BBG000BB6WG8,-0.004684959,-0.0065089357,2448766
20120926,12:45:00.000,BBG000BRK7L6,0.0028818084,-0.005179117,2112644
20120926,12:45:00.000,BBG000BMY992,-0.0006371088,-0.000426292,2376871
20120926,12:45:00.000,BBG000FKJRC5,-0.009522699,-0.014575408,885917
20120926,12:45:00.000,BBG000C1BW00,0.0064606485,0.0061199865,584048
20120926,12:45:00.000,BBG000DY8ZS4,0.010074046,-0.0063622384,6148460
20120926,12:45:00.000,BBG000BY33P5,-0.011371077,-0.017912151,3796292
20120926,12:45:00.000,BBG000BKLH74,0.0013079297,-0.0045094914,2089676
20120926,12:45:00.000,BBG000BMF5J0,-0.0012802712,-0.006079219,5459277
20120926,12:45:00.000,BBG000CSY9H9,0.0135485325,0.014035113,2025723
20120926,12:45:00.000,BBG000CPQZ77,-0.014297016,-0.018747464,844862
20120926,12:45:00.000,BBG000CS7CT9,0.0055963467,0.005762573,1024873
20120926,12:45:00.000,BBG000BC9938,-0.007273333,-0.023708154,1449584
20120926,12:45:00.000,BBG000BBJQV0,-0.0065391157,-0.018649546,6123493
20120926,12:45:00.000,BBG000FQ6PY6,0.0029680964,-0.010642235,909892
20120926,12:45:00.000,BBG000PM7GJ0,0.033497535,0.03213531,16516963
20120926,12:45:00.000,BBG000GC80B4,0.011935284,0.005877937,973642
20120926,12:45:00.000,BBG000DYGNW7,0.0020401601,0.0073022605,792881
20120926,12:45:00.000,BBG000HCJMF9,-0.014383638,-0.025550965,2693026
20120926,12:45:00.000,BBG000C17X76,0.00390297,-0.0011118402,994110
20120926,12:45:00.000,BBG000BMDV41,0.0044303355,-2.4834586e-07,2172688
20120926,12:45:00.000,BBG000TWC2V5,-0.00061635097,0.0024444216,637363
20120926,12:45:00.000,BBG000BBPFB9,0.010614974,-0.0035885132,4883064
20120926,12:45:00.000,BBG000BLKK03,-0.003620362,-0.007582065,789693
20120926,12:45:00.000,BBG000R8ZVD1,0.010793303,0.008362945,835052
20120926,12:45:00.000,BBG000BD8PN9,0.008338201,3.649319e-07,2883914
20120926,12:45:00.000,BBG000BBDV81,0.0019458372,-0.0039760633,846910
20120926,12:45:00.000,BBG000BCVJ77,-0.015317968,-0.018909665,2835936
20120926,12:45:00.000,BBG000BJL3N0,0.0028342535,-0.005183479,6520756
20120926,12:45:00.000,BBG000BZ2GG4,-0.0027274913,-0.020731684,1103106
20120926,12:45:00.000,BBG000BKFBD7,-0.0031782747,-0.009205809,1618363
20120926,12:45:00.000,BBG000BJ2VQ6,-0.0073101195,-0.019777007,1657559
20120926,12:45:00.000,BBG000BKFZM4,0.00011839738,-0.0077308486,6902703
20120926,12:45:00.000,BBG000QBR5J5,0.0029715896,-0.0066427174,2084677
20120926,12:45:00.000,BBG000BJPDZ1,-0.0028133288,-0.00912629,101337
20120926,12:45:00.000,BBG000BH5LT6,0.0028702812,-0.00991276,2012841
20120926,12:45:00.000,BBG000MBDGM6,0.019931361,0.004851339,392981
20120926,12:45:00.000,BBG000LD9JQ8,-0.00333807,-0.0037321928,483582
20120926,12:45:00.000,BBG000BTR593,0.007904257,0.005106023,1890121
20120926,12:45:00.000,BBG000BVMGF2,-0.0037002885,-0.008262993,1376432
20120926,12:45:00.000,BBG000FJLFX8,-0.01075988,-0.014788208,2116544
20120926,12:45:00.000,BBG000BWNFZ9,0.0015415691,-0.021317042,1957708
20120926,12:45:00.000,BBG000BR54L0,-0.00014641884,-0.042950287,15442430
20120926,12:45:00.000,BBG000BCBCM7,-0.028507203,-0.036764443,14303666
20120926,12:45:00.000,BBG000BM5SR2,0.0059071956,-0.007780731,2379307
20120926,12:45:00.000,BBG000BJ81C1,-0.007667836,-0.01007998,1016266
20120926,12:45:00.000,BBG001DCCGR8,0.0042082584,-0.009133797,2155646
20120926,12:45:00.000,BBG000H89QJ6,0.0013402111,-0.0070751803,1076700
20120926,12:45:00.000,BBG000F6H8W8,-0.0017753729,-0.0017251935,716847
20120926,12:45:00.000,BBG000BS0ZF1,0.00075084425,-4.4004847e-07,331257
20120926,12:45:00.000,BBG000BVWLJ6,-0.002669513,-0.0005471764,2570670
20120926,12:45:00.000,BBG000BGJRC8,-0.003852678,-0.006142108,3221892
20120926,12:45:00.000,BBG000BT9DW0,-0.0012550625,0.008088074,1596524
20120926,12:45:00.000,BBG000BXRPH1,0.0023536314,-0.008156321,1097839
20120926,12:45:00.000,BBG000C7LMS8,0.0088833235,0.013997963,572460
20120926,12:45:00.000,BBG00286S4N9,0.008480631,0.0021740736,1673043
20120926,12:45:00.000,BBG000BH2JM1,0.006997863,-0.006089553,4493885
20120926,12:45:00.000,BBG000BRD0D8,-0.0055059223,-0.011465265,2478716
20120926,12:45:00.000,BBG000BJF1Z8,-0.0031729091,-0.0034878547,1128066
20120926,12:45:00.000,BBG000BHQ1H0,0.009938189,0.0061386693,1052153
20120926,12:45:00.000,BBG000BN5HF7,-0.0072309473,-0.039420467,6273546
20120926,12:45:00.000,BBG000B9WH86,0.0006689505,0.0090551125,13338511
20120926,12:45:00.000,BBG000C5Z1S3,0.00090765633,-0.0114658885,18429098
20120926,12:45:00.000,BBG000D9D830,-0.0040035085,-0.011396503,1402867
20120926,12:45:00.000,BBG000JWD753,0.009616683,0.008125569,4800025
20120926,12:45:00.000,BBG000BKCFC2,-0.0046519493,-0.0009976799,1948647
20120926,12:45:00.000,BBG000BWVCP8,-0.013854467,-0.020428943,3174629
20120926,12:45:00.000,BBG000BBD070,-0.01046489,-0.018748105,2598043
20120926,12:45:00.000,BBG000BMBL90,-0.0038609277,-0.009262078,1908579
20120926,12:45:00.000,BBG000BNWG87,0.0052321446,-0.00023036898,2231121
20120926,12:45:00.000,BBG000BCG930,-0.0075194035,-0.012310734,1301735
20120926,12:45:00.000,BBG000BHX7N2,-0.006399062,-0.007246895,1963993
20120926,12:45:00.000,BBG000BX3TD3,0.020904357,0.027247144,7006350
20120926,12:45:00.000,BBG000BH23R1,-0.00037830052,-0.0010025462,9126307
20120926,12:45:00.000,BBG000BBVJZ8,-0.0048821014,-0.007144373,951680
20120926,12:45:00.000,BBG000BJ3PD2,0.015020793,0.008224115,1766731
20120926,12:45:00.000,BBG000BFQYY3,0.0053906674,0.004497941,682079
20120926,12:45:00.000,BBG000BMW2Z0,0.0008104505,0.0012282741,707355
20120926,12:45:00.000,BBG000CXYSZ6,-0.0013431204,-0.015042286,655674
20120926,12:45:00.000,BBG000H556T9,0.0031231206,0.0005052629,1884686
20120926,12:45:00.000,BBG000J6XT05,-0.004944453,0.005053112,1960166
20120926,12:45:00.000,BBG000C8H633,-0.0056893784,-0.013318113,3787760
20120926,12:45:00.000,BBG000FP1N32,-0.026598895,-0.03747201,5404918
20120926,12:45:00.000,BBG000BD4VG8,9.005575e-05,-0.013833638,1775391
20120926,12:45:00.000,BBG000C496P7,-0.006419065,-0.01843393,5378385
20120926,12:45:00.000,BBG000FG3C43,-0.013035753,-0.028379247,3912290
20120926,12:45:00.000,BBG000DHSPT0,-0.0041181543,-0.013409049,2101713
20120926,12:45:00.000,BBG000FW00S1,0.0132087665,0.00773687,4903020
20120926,12:45:00.000,BBG000BFC8J2,0.011324861,0.005780132,1362141
20120926,12:45:00.000,BBG000BZ9223,-0.0006251527,-0.008671538,597705
20120926,12:45:00.000,BBG000GFFQN9,0.0005372613,-0.00063804345,7186604
20120926,12:45:00.000,BBG000G2R6M0,0.0014178583,0.0024639305,3135973
20120926,12:45:00.000,BBG000FL1TC8,-0.005196147,-0.013965963,1608940
20120926,12:45:00.000,BBG000BGKTF9,0.000765046,-0.0067960685,1984270
20120926,12:45:00.000,BBG000BB6KF5,-0.005283566,-0.01727875,4634770
20120926,12:45:00.000,BBG000BGLRN3,-0.010792967,-0.0104899295,1814137
20120926,12:45:00.000,BBG000Q9HH23,-0.009366758,-0.01760326,1252212
20120926,12:45:00.000,BBG000BV8DN6,0.010726178,0.01032831,3057220
20120926,12:45:00.000,BBG000BFXHL6,-0.0037789887,-0.0073830793,2162096
20120926,12:45:00.000,BBG000C46HM9,0.0054719285,-0.0002646571,2620791
20120926,12:45:00.000,BBG000BFRF55,0.014675317,0.012578553,4830256
20120926,12:45:00.000,BBG000BNBDC2,-0.0009003932,-0.0071665933,2246417
20120926,12:45:00.000,BBG000BH13K9,0.002131638,-0.0017836612,1662868
20120926,12:45:00.000,BBG000BGPTV6,0.008923375,0.00302902,1131460
20120926,12:45:00.000,BBG000QX74T1,-0.007075422,-0.010816637,617286
20120926,12:45:00.000,BBG000BWJFZ4,0.01644611,0.0055342843,456471
20120926,12:45:00.000,BBG000BWLMJ4,4.705465e-06,-0.0033273303,3018253
20120926,12:45:00.000,BBG000BW3299,-0.0060728397,-0.008473539,1031895
20120926,12:45:00.000,BBG000BFDXW1,-0.003279698,-0.01504439,5074270
20120926,12:45:00.000,BBG000BC2C10,0.007894772,0.005218948,1688232
20120926,12:45:00.000,BBG000BVV7G1,-0.009729899,-0.020485276,9722194
20120926,12:45:00.000,BBG000BPWXK1,-0.0017058675,0.00072559604,3448762
20120926,12:45:00.000,BBG000BBGGQ1,-0.007302778,-0.016844394,4125188
20120926,12:45:00.000,BBG000BHBK84,-0.0058833216,-0.012219207,4766254
20120926,12:45:00.000,BBG000BJX8C8,-0.0037299283,-0.01502532,1853353
20120926,12:45:00.000,BBG000H8TVT2,-0.007805873,-0.0056709237,1557776
20120926,12:45:00.000,BBG000BTZQC4,-0.00012591606,-0.0005771193,2647480
20120926,12:45:00.000,BBG000BP52R2,-0.0013917909,-0.0010769655,1255552
20120926,12:45:00.000,BBG000C5HS04,-0.0032639496,0.0056789187,1322707
20120926,12:45:00.000,BBG000BH3GZ2,-0.0022930743,-0.0058440208,1123106
20120926,12:45:00.000,BBG000F1ZSQ2,0.001548991,-0.0059009185,166658
20120926,12:45:00.000,BBG000C15T95,0.0059745912,0.006123314,1377472
20120926,12:45:00.000,BBG000BFWKC0,-0.0030359384,-0.008400498,1166114
20120926,12:45:00.000,BBG000CL9VN6,0.032528076,0.029841164,3492200
20120926,12:45:00.000,BBG000F0KF42,0.011143608,-0.020599589,4089535
20120926,12:45:00.000,BBG000C240W1,0.0032444177,-0.0072269673,22063860
20120926,12:45:00.000,BBG000L9CV04,-0.0024558494,-0.0008325911,1829071
20120926,12:45:00.000,BBG000BC40Y8,0.00155156,-0.0018795196,2074618
20120926,12:45:00.000,BBG000BL4504,-0.0032125977,-0.012569098,6958907
20120926,12:45:00.000,BBG000BB07P9,-0.005907412,-0.0046392255,5960061
20120926,12:45:00.000,BBG000BBDZG3,-0.0020661019,-0.013290619,19602972
20120926,12:45:00.000,BBG000BY29C7,0.0075541623,0.009152261,3452765
20120926,12:45:00.000,BBG000DWG505,0.007435661,0.00850584,1721084
20120926,12:45:00.000,BBG000BCQZS4,-0.00689781,-0.013130044,2329205
20120926,12:45:00.000,BBG000CKGBP2,-0.012919475,-0.019032333,3984809
20120926,12:45:00.000,BBG000BHGDH5,-0.0065363636,0.003887425,1580707
20120926,12:45:00.000,BBG000FFDM15,-0.0007139835,-0.0019173367,4329576
20120926,12:45:00.000,BBG000BWXBC2,0.0014870869,-0.0006735214,2068101
20120926,12:45:00.000,BBG000BGRY34,0.007763123,0.0056703785,3261675
20120926,12:45:00.000,BBG000BN2DC2,-0.008507951,-0.023658175,1245473
20120926,12:45:00.000,BBG000BH1NH9,0.008144445,0.002402435,1814416
20120926,12:45:00.000,BBG000F0PF65,0.0016716019,-0.007110619,3498686
20120926,12:45:00.000,BBG000BW8S60,-0.0011283843,0.00057127024,2402507
20120926,12:45:00.000,BBG000BCSST7,0.0056519564,0.013474376,2457822
20120926,12:45:00.000,BBG000CH5208,0.00478848,0.001958046,2876075
20120926,12:45:00.000,BBG000BQQ2S6,0.0028432899,-0.002636912,1571851
20120926,12:45:00.000,BBG000BLZRJ2,0.0062044165,-0.0072224317,11337893
20120926,12:45:00.000,BBG000BP6LJ8,-0.0009215858,0.003526701,2980927
20120926,12:45:00.000,BBG000DWYF03,-0.001205474,-0.009416082,5738778
20120926,12:45:00.000,BBG000BQPC32,-0.0012057837,-0.0049580056,26837010
20120926,12:45:00.000,BBG000BBS2Y0,0.0039202147,-0.0022062333,2525170
20120926,12:45:00.000,BBG000CTQBF3,-0.0036797286,-0.008510929,3047579
20120926,12:45:00.000,BBG000DQLV23,-0.0057263304,-0.010589413,4759676
20120926,12:45:00.000,BBG000KHWT55,0.010805681,0.005384432,16728138
20120926,12:45:00.000,BBG000BNDN65,0.0068573845,0.0063996874,7576717
20120926,12:45:00.000,BBG000B9ZXB4,-0.0021080126,-0.0066103586,2980221
20120926,12:45:00.000,BBG000DH7JK6,-0.002057556,0.005402579,1898936
20120926,12:45:00.000,BBG000BH4R78,-0.0062179654,-0.012746428,3904405
20120926,12:45:00.000,BBG000BQQH30,0.0013668594,-0.0055756895,3491622
20120926,12:45:00.000,BBG000PSKYX7,-0.0012426628,-0.009770993,1154807
20120926,12:45:00.000,BBG000C6CFJ5,-0.0013555124,-0.0090688765,3169851
20120926,12:45:00.000,BBG000BKTFN2,-0.008225671,-0.020710785,8739608
20120926,12:45:00.000,BBG000J2XL74,0.0018087091,0.0049958597,2030761
20120926,12:45:00.000,BBG000BHVJJ3,0.00010421596,-0.013993807,8149552
20120926,12:45:00.000,BBG000C43RR5,-0.00311485,-0.011040265,6118718
20120926,12:45:00.000,BBG000BFT2L4,-0.0073822346,-0.015622338,5663559
20120926,12:45:00.000,BBG000D4LWF6,-0.0021153383,-0.00024153147,7166878
20120926,12:45:00.000,BBG000BNSZP1,0.0027291768,0.0031228417,2479900
20120926,12:45:00.000,BBG000BT41Q8,0.002925872,-0.00440169,2398393
20120926,12:45:00.000,BBG000BKZB36,-0.00487248,-0.0065298793,4363697
20120926,12:45:00.000,BBG000BPD168,0.005897402,0.0006650988,6572593
20120926,12:45:00.000,BBG000HS77T5,0.0014561531,0.0019720034,5257183
20120926,12:45:00.000,BBG000BQLTW7,-0.007518695,-0.016616372,16025883
20120926,12:45:00.000,BBG000BVPV84,-0.0028885293,-0.009012988,1663889
20120926,12:45:00.000,BBG000BJDB15,0.0030320687,0.0017801066,14136446
20120926,12:45:00.000,BBG000BMX289,0.00046250861,0.006368752,7699836
20120926,12:45:00.000,BBG000MM2P62,0.0050833793,-0.0029596416,20375054
20120926,12:45:00.000,BBG000CGC1X8,0.0016561797,-0.006858612,5874744
20120926,12:45:00.000,BBG000BLBVN4,-0.006956004,-0.016118271,558529
20120926,12:45:00.000,BBG000BF0K17,0.0073781325,0.003446522,5186103
20120926,12:45:00.000,BBG000BR2TH3,-0.0016363105,-1.9313978e-07,4604824
20120926,12:45:00.000,BBG000K4ND22,-0.0008621618,-0.003505621,2716376
20120926,12:45:00.000,BBG000BR2B91,0.0065201153,0.0016104603,13626800
20120926,12:45:00.000,BBG000C3J3C9,0.0017351438,-0.008045437,16980064
20120926,12:45:00.000,BBG000BLNNH6,0.003947817,-0.0030472896,1565800
20120926,12:45:00.000,BBG000BWQFY7,-0.0040684375,-0.010366874,14367710
20120926,12:45:00.000,BBG000BMHYD1,-0.0012037046,-0.0040402147,4830999
20120926,12:45:00.000,BBG000BK6MB5,-0.005012281,-0.0067217057,19012320
20120926,12:45:00.000,BBG000BSJK37,0.005737035,0.0055177305,11555310
20120926,12:45:00.000,BBG000C0G1D1,0.016523158,0.005330508,27778170
20120926,12:45:00.000,BBG000FY4S11,5.1894225e-05,-0.014296583,28278248
20120926,12:45:00.000,BBG000BCTLF6,-0.0017255354,-0.013445126,90089576
20120926,12:45:00.000,BBG000DMBXR2,0.0042841183,-0.007642634,13608899
20120926,12:45:00.000,BBG000BPH459,0.001417966,-0.009211953,28490932
20120926,12:45:00.000,BBG000GZQ728,-0.0041292356,-0.004903768,5349783
20120926,12:45:00.000,BBG000BHSKN9,0.008469411,0.002185765,3305852
20120926,12:45:00.000,BBG000B9XRY4,0.00015093145,-0.013187474,12300188
20120926,13:00:00.000,BBG000BFVXX0,0.009895976,0.014980045,1376296
20120926,13:00:00.000,BBG000M4SW14,-0.01671293,-0.021020437,578460
20120926,13:00:00.000,BBG000HS74G6,-0.0073626535,-0.010566202,273446
20120926,13:00:00.000,BBG000BJNGN9,-0.078674436,-0.097304866,6748120
20120926,13:00:00.000,BBG000FNRZ69,0.0007015202,-0.0058041406,4644078
20120926,13:00:00.000,BBG000BW2QX0,-0.009100207,-0.009836928,1012006
20120926,13:00:00.000,BBG000BBV8B8,0.015047217,0.0004914884,1043259
20120926,13:00:00.000,BBG000DV7MX4,0.0094312485,0.0032756662,5429215
20120926,13:00:00.000,BBG000BQ74K1,-0.0019653838,-0.00787769,475751
20120926,13:00:00.000,BBG000BCYP43,0.0012105721,0.00014245274,106755
20120926,13:00:00.000,BBG000BW5YW1,0.013849285,-0.0048198034,1539169
20120926,13:00:00.000,BBG000BLCL55,0.0022145803,-0.005958991,521777
20120926,13:00:00.000,BBG000CZWZ05,0.0028866478,-0.0055865007,302164
20120926,13:00:00.000,BBG000NSCNT7,0.0068385927,1.5459298e-07,1330573
20120926,13:00:00.000,BBG000D14WM3,-0.0030329216,-0.01823066,3863784
20120926,13:00:00.000,BBG000BK5DP1,0.0022967218,-0.0110106785,1905501
20120926,13:00:00.000,BBG000PCNTM2,-0.004444787,-0.014348533,265815
20120926,13:00:00.000,BBG000BBB3K1,0.0019844088,0.007799016,780311
20120926,13:00:00.000,BBG000C2YHG9,-0.010634055,-0.02086331,1025127
20120926,13:00:00.000,BBG000RGM5P1,-0.0070836996,-0.018359493,1471379
20120926,13:00:00.000,BBG000BQ87N0,-0.0011740392,0.0055178795,561508
20120926,13:00:00.000,BBG000BD0TF8,0.0036702426,-0.004551338,274889
20120926,13:00:00.000,BBG000BDG1Y1,-0.0012488208,-0.008601965,671011
20120926,13:00:00.000,BBG000BHC2S1,-0.0016553242,-0.011853033,439300
20120926,13:00:00.000,BBG000BCHG15,-0.004100024,-0.004907293,533107
20120926,13:00:00.000,BBG000CLVM51,-0.003459503,-0.005095122,141486
20120926,13:00:00.000,BBG000BBCQD7,-0.0005375551,-0.008097928,733318
20120926,13:00:00.000,BBG000BB03M1,0.011718591,0.008466503,651833
20120926,13:00:00.000,BBG000BQC9V2,0.016808232,0.01046852,2055184
20120926,13:00:00.000,BBG000D5S4M0,-0.013536042,-0.014360237,290661
20120926,13:00:00.000,BBG000BB9RZ5,0.011472311,0.0043725516,237160
20120926,13:00:00.000,BBG000DCCZW2,-0.009542491,-0.01780111,760633
20120926,13:00:00.000,BBG000BS5170,-0.011618481,-0.003413553,610140
20120926,13:00:00.000,BBG000BLMZK6,-0.00051388686,0.0028098917,848768
20120926,13:00:00.000,BBG000BB5BF6,0.0087252185,0.013400103,2324581
20120926,13:00:00.000,BBG000BLXZN1,0.006200721,-0.005464441,188334
20120926,13:00:00.000,BBG000FQRVM3,0.00041422585,-0.0017834582,224819
20120926,13:00:00.000,BBG000BGFLL5,-0.0036596681,-0.008851321,1927311
20120926,13:00:00.000,BBG000BJ5GK2,0.0045785056,0.0069365217,404272
20120926,13:00:00.000,BBG000BWP7D9,0.008090141,0.01229782,1146712
20120926,13:00:00.000,BBG000BPQVR5,0.00037530524,-0.0046960413,366649
20120926,13:00:00.000,BBG000DGPR66,-0.0011365317,-0.0032545002,512438
20120926,13:00:00.000,BBG000BRZBT3,-0.006320005,-0.015899308,1109502
20120926,13:00:00.000,BBG000BWBZN1,-0.002713698,-0.0051451246,409610
20120926,13:00:00.000,BBG000BFS7D3,0.0107515305,0.014917042,453453
20120926,13:00:00.000,BBG000C23KJ3,-0.00959014,-0.0054262322,4185538
20120926,13:00:00.000,BBG001QD41M9,0.0051482217,-0.003665567,652104
20120926,13:00:00.000,BBG000M44VW8,-0.006660346,-0.021217896,949720
20120926,13:00:00.000,BBG000BSJTT0,0.011780801,0.00932998,2198968
20120926,13:00:00.000,BBG000C9W1Y1,0.004079917,0.0029249066,1365871
20120926,13:00:00.000,BBG000DHNDK1,,,799231
20120926,13:00:00.000,BBG000BN9WT5,0.0025751966,-0.00661207,791611
20120926,13:00:00.000,BBG000BBMT95,0.0018215447,-0.001299682,1442888
20120926,13:00:00.000,BBG000BJVZF7,0.0048596896,0.002215167,1166461
20120926,13:00:00.000,BBG000BPZBB6,-0.00088574254,0.0023510405,981281
20120926,13:00:00.000,BBG000R57L13,0.0030158889,-0.014876251,2446586
20120926,13:00:00.000,BBG000C1FB75,0.00030724707,-0.0028475204,114156
20120926,13:00:00.000,BBG000BF6LY3,-0.0055019166,-0.00444739,3613026
20120926,13:00:00.000,BBG000F6ZWH2,0.005848721,-0.004168543,436595
20120926,13:00:00.000,BBG000BP7JB0,-0.016101835,-0.029971711,3099098
20120926,13:00:00.000,BBG000RNTSX0,0.005422371,-0.007157443,264543
20120926,13:00:00.000,BBG000BCTQ65,0.0022796753,0.009042957,1038110
20120926,13:00:00.000,BBG000C4DPX1,0.015669405,0.0036355671,1802884
20120926,13:00:00.000,BBG000TJM7F0,0.0020803541,0.0073251603,475922
20120926,13:00:00.000,BBG0016WLQ18,-0.004069353,-0.012352561,1176728
20120926,13:00:00.000,BBG000CNFQW6,-0.0005049798,-0.0037249222,140098
20120926,13:00:00.000,BBG000BMZ7P7,-0.009680562,-0.014146119,250327
20120926,13:00:00.000,BBG000BLDV98,-0.0018285946,0.008851528,1414057
20120926,13:00:00.000,BBG000BKWSR6,0.007483594,0.0029349998,2804478
20120926,13:00:00.000,BBG000MQ1SN9,0.003452459,0.006532133,295119
20120926,13:00:00.000,BBG000C75N77,0.004900547,0.0019493108,846534
20120926,13:00:00.000,BBG000C2ZCH8,-0.0016865641,0.0027932506,463846
20120926,13:00:00.000,BBG000BVB8Q0,0.008594814,-2.950452e-07,1965139
20120926,13:00:00.000,BBG000G6BN50,-0.008879128,-0.013826955,199712
20120926,13:00:00.000,BBG000BL79J3,-0.0052116327,-0.0047451816,1116219
20120926,13:00:00.000,BBG000BKXFN7,-0.0076096044,-0.019141473,2761951
20120926,13:00:00.000,BBG000BD3LM4,-0.0031482729,-0.017868854,1728207
20120926,13:00:00.000,BBG000F86GP6,0.004319273,-0.0024761532,795125
20120926,13:00:00.000,BBG000BGXZB5,-0.011945599,-0.014120683,1564522
20120926,13:00:00.000,BBG000BVMPN3,0.0020143362,-0.005240927,544844
20120926,13:00:00.000,BBG000D9DMK0,-0.008058394,-0.0021385166,196191
20120926,13:00:00.000,BBG000FDBX90,-0.0013240139,0.002334607,1749006
20120926,13:00:00.000,BBG000MM5VL9,-0.008640915,-0.012493031,652145
20120926,13:00:00.000,BBG000BHCP19,-0.0061219186,-0.015186556,1132889
20120926,13:00:00.000,BBG000BX8DC4,0.00039831916,-0.0026525627,590990
20120926,13:00:00.000,BBG000G3QLY3,0.012703265,0.003576295,802263
20120926,13:00:00.000,BBG000BDWKC5,0.0021590954,-0.0076758564,1902095
20120926,13:00:00.000,BBG000BMRFF9,0.013872658,0.012697279,439958
20120926,13:00:00.000,BBG000BT4T69,-0.0059257527,-0.0045105116,1069964
20120926,13:00:00.000,BBG000BRRG02,0.0019684602,0.0029646528,521027
20120926,13:00:00.000,BBG000BP0KQ8,0.010612128,0.0039452375,4276014
20120926,13:00:00.000,BBG000RKR4R8,0.009373837,2.8651633e-07,5000614
20120926,13:00:00.000,BBG000C3HSR0,-0.005456393,-0.016450774,2902945
20120926,13:00:00.000,BBG000BKQ3V3,-0.0023813553,-0.021113316,1379183
20120926,13:00:00.000,BBG000CGT2S4,0.004106462,0.0050814883,1116538
20120926,13:00:00.000,BBG000C1FQS9,-0.0003769851,0.008529886,289445
20120926,13:00:00.000,BBG000FFH4P5,0.00036628297,-0.0057664756,246670
20120926,13:00:00.000,BBG000BF5RY1,-0.0059103593,-0.0038952671,1222332
20120926,13:00:00.000,BBG000BFNR17,-0.0005950268,-0.008506196,226052
20120926,13:00:00.000,BBG000BR1W32,-0.02589666,-0.0438925,1911870
20120926,13:00:00.000,BBG001M8HHB7,0.0003637672,-0.00740699,1184509
20120926,13:00:00.000,BBG000BPNP00,0.0031485301,-0.008599645,1591748
20120926,13:00:00.000,BBG000C0LW92,0.0030224328,-4.5975102e-07,2958047
20120926,13:00:00.000,BBG000K7PWX7,0.011296946,0.00311416,1019154
20120926,13:00:00.000,BBG000BQSQ38,-0.0036261163,-0.0050875163,2021950
20120926,13:00:00.000,BBG000BKXYX5,0.0350848,0.04486326,1711581
20120926,13:00:00.000,BBG000BLHRS2,-0.005765073,-0.001338776,227616
20120926,13:00:00.000,BBG000JYP7L8,0.015494467,0.009931888,812275
20120926,13:00:00.000,BBG000PV2L86,-0.0037088338,0.00047547955,273523
20120926,13:00:00.000,BBG000BTCH57,0.0044249147,0.005335594,861695
20120926,13:00:00.000,BBG000BBNYF6,0.0056034587,0.0016108053,512444
20120926,13:00:00.000,BBG000BPL8X4,-0.0013531904,-0.0015583015,894535
20120926,13:00:00.000,BBG000BLCPY4,0.015353837,0.001286354,904242
20120926,13:00:00.000,BBG000BNC3Y9,-0.0029791696,-0.014424482,1286201
20120926,13:00:00.000,BBG000BT9T73,0.0060806097,-0.009936041,4077443
20120926,13:00:00.000,BBG000BC15S7,0.0034956492,0.0039497274,276036
20120926,13:00:00.000,BBG000BKNX95,-0.0071904124,-0.014808411,2199956
20120926,13:00:00.000,BBG000C90DH9,0.0031754135,-0.0062252935,1743789
20120926,13:00:00.000,BBG000C7B436,-0.0017385032,-0.013087177,1838365
20120926,13:00:00.000,BBG000BK6G19,-0.008348096,-0.012204628,920307
20120926,13:00:00.000,BBG000BX5ZF5,0.011200928,0.00034652353,7183498
20120926,13:00:00.000,BBG000BGD7W6,-0.005101043,-1.8850281e-07,1351372
20120926,13:00:00.000,BBG000BVSX05,-0.000992422,-0.015298749,1267601
20120926,13:00:00.000,BBG000CKJ0P3,-0.0007170809,-0.0043958975,452351
20120926,13:00:00.000,BBG000BNJHS8,-0.0028504631,0.011305791,2039841
20120926,13:00:00.000,BBG000BQZMH4,-0.0006718897,0.0056544044,627702
20120926,13:00:00.000,BBG000DN7P92,0.003473434,4.551423e-05,500138
20120926,13:00:00.000,BBG000BKPL53,0.0026201797,-0.0020939359,453726
20120926,13:00:00.000,BBG000BB2DM7,0.002784058,0.011334482,6137063
20120926,13:00:00.000,BBG000BJDPC2,0.016322859,0.022401478,859935
20120926,13:00:00.000,BBG000BJ8YN7,-0.0044188616,-0.011551123,850254
20120926,13:00:00.000,BBG000BPVCR1,-0.03614592,-0.05049161,4591260
20120926,13:00:00.000,BBG000PCQQL6,0.0056316215,-0.0005519906,1030312
20120926,13:00:00.000,BBG000C2BXK4,-0.00022844733,0.0076444596,3654584
20120926,13:00:00.000,BBG000F9KJN4,-0.005537568,-0.016879335,1251370
20120926,13:00:00.000,BBG000BNNYW1,-0.0067547658,-0.002811522,1026676
20120926,13:00:00.000,BBG000C734W3,-0.0059876386,-0.019957513,387005
20120926,13:00:00.000,BBG000D7RKJ5,-0.0022485896,0.007144061,592129
20120926,13:00:00.000,BBG000G8N9C6,0.00052140426,0.0017298599,840763
20120926,13:00:00.000,BBG000BRXP69,-0.0020732288,-0.008473469,277407
20120926,13:00:00.000,BBG000NDYB67,0.0047985306,-0.0012744106,5462668
20120926,13:00:00.000,BBG000BHZ5J9,0.006516965,0.003940314,253378
20120926,13:00:00.000,BBG000BHKYH4,0.0069553554,0.010660411,713189
20120926,13:00:00.000,BBG000D2M0Z7,0.0042398563,0.0034332,344155
20120926,13:00:00.000,BBG000CHWP52,0.010678998,0.002052268,606103
20120926,13:00:00.000,BBG0029SNR63,0.011866877,0.00840389,3533470
20120926,13:00:00.000,BBG000BNNKG9,-0.0026472928,-0.015439196,4265083
20120926,13:00:00.000,BBG000BP4MH0,0.0062170937,0.0061917147,1479830
20120926,13:00:00.000,BBG000BHLYS1,0.006288083,0.013952963,1509617
20120926,13:00:00.000,BBG000BFJ645,-0.010400379,-0.011358561,8936515
20120926,13:00:00.000,BBG000BC4JJ4,-0.00068180996,-0.0037792197,602731
20120926,13:00:00.000,BBG000BVVQQ8,0.0037767289,-5.561493e-08,1765679
20120926,13:00:00.000,BBG000DLFM21,0.005970332,-0.0027929614,434739
20120926,13:00:00.000,BBG000BP1152,-0.016760612,-0.0306083,2552803
20120926,13:00:00.000,BBG000H50PN8,0.0014292258,-0.0050221523,923441
20120926,13:00:00.000,BBG000CP95B7,0.0043379054,0.00043891562,300806
20120926,13:00:00.000,BBG000BS9489,-0.008972991,-0.015152783,895018
20120926,13:00:00.000,BBG000KBQZ88,-0.005625964,-0.010929681,551159
20120926,13:00:00.000,BBG000C37332,-0.01547318,-0.0154881645,320748
20120926,13:00:00.000,BBG000C2PW58,0.0049635815,-0.00044888922,205102
20120926,13:00:00.000,BBG000BKR1D6,0.010293769,0.000629531,376439
20120926,13:00:00.000,BBG000BR37X2,-0.0019512982,-0.00047905094,1749841
20120926,13:00:00.000,BBG000BWCKB6,0.006108527,0.009826074,258791
20120926,13:00:00.000,BBG000BCZYD3,-0.0016705067,-0.0029750355,320442
20120926,13:00:00.000,BBG000BMKDM3,-0.00261859,0.0020241616,725976
20120926,13:00:00.000,BBG000D3MB18,4.4162567e-05,-0.00730138,832035
20120926,13:00:00.000,BBG000BB1TH9,-0.003777606,-0.005028428,864403
20120926,13:00:00.000,BBG000BQVTF5,-0.00973517,-0.015172537,1243622
20120926,13:00:00.000,BBG000D1QCF1,-0.011294301,-0.020118026,1406411
20120926,13:00:00.000,BBG000PX3XC0,-0.004748677,-0.012050921,1139194
20120926,13:00:00.000,BBG000J1QLT0,0.0021204802,-0.0006215408,625174
20120926,13:00:00.000,BBG000BH8TT6,-0.011057617,-0.019645048,2956259
20120926,13:00:00.000,BBG000QRFNK2,-0.056722026,-0.05893208,5689101
20120926,13:00:00.000,BBG000BCNYT9,0.007599364,0.0057014422,1349803
20120926,13:00:00.000,BBG000BPMH90,-0.014259897,-0.018301144,587760
20120926,13:00:00.000,BBG000F7RCJ1,0.00045631657,0.0012586433,410130
20120926,13:00:00.000,BBG000BB6G37,0.0004077014,-0.009229874,1497599
20120926,13:00:00.000,BBG000BFDLV8,-0.0051471908,-0.011493698,548699
20120926,13:00:00.000,BBG000WCFV84,0.0061548487,-0.0025583887,1708950
20120926,13:00:00.000,BBG000BY2Y78,0.0013554199,-0.0076416256,1278858
20120926,13:00:00.000,BBG000BXM6V2,-0.008438756,-0.00631348,934719
20120926,13:00:00.000,BBG000FH8PX5,0.002023788,-0.0022842477,261061
20120926,13:00:00.000,BBG000BP8Z50,-0.0042537437,-0.011999659,827388
20120926,13:00:00.000,BBG000BQWPC5,0.001754372,0.00820512,1184750
20120926,13:00:00.000,BBG000BWSV34,0.0024276588,-0.015777953,680118
20120926,13:00:00.000,BBG000NDZ417,-0.010806395,-0.023158839,1401521
20120926,13:00:00.000,BBG000BJQWD2,-0.0006316175,-0.009884148,956089
20120926,13:00:00.000,BBG000BB5373,0.0052509154,-3.3620037e-07,2721443
20120926,13:00:00.000,BBG000BHB3M6,0.00011847339,-0.0045659,712912
20120926,13:00:00.000,BBG000BLW530,-0.00082728313,-0.010177942,545473
20120926,13:00:00.000,BBG000D8RG11,-0.013531345,-0.013342562,1751267
20120926,13:00:00.000,BBG0019JZ882,-0.006097253,-0.007314351,1697415
20120926,13:00:00.000,BBG000R7RDB4,-0.013862689,-0.022758992,645581
20120926,13:00:00.000,BBG000BQ8KV2,0.0005977758,0.005784481,1209153
20120926,13:00:00.000,BBG000BYWTX7,-0.0030779098,-0.011898812,8896363
20120926,13:00:00.000,BBG000C1S2X2,-0.016310662,-0.022395493,775923
20120926,13:00:00.000,BBG000DLVDK3,-0.0032779453,0.0026147505,960592
20120926,13:00:00.000,BBG000BFL116,0.021275872,0.008038669,2724266
20120926,13:00:00.000,BBG000C1DHF5,-0.027527962,-0.046688788,2894181
20120926,13:00:00.000,BBG000BVHBM1,0.0049731773,-0.026482606,3412260
20120926,13:00:00.000,BBG000BGVW60,-6.0582202e-05,0.0066471873,1175689
20120926,13:00:00.000,BBG000BPQD31,-0.0014578154,-0.008262414,1071866
20120926,13:00:00.000,BBG000H1F895,-0.010762883,-0.03159691,1324582
20120926,13:00:00.000,BBG000K82ZT8,-0.0022040135,-0.014960798,1211268
20120926,13:00:00.000,BBG000DNTSP4,-0.005085596,-0.0034158963,1696127
20120926,13:00:00.000,BBG000F15NW9,0.0094131315,0.0058373353,1102891
20120926,13:00:00.000,BBG000BPT0C6,0.004346796,0.00016325916,438557
20120926,13:00:00.000,BBG000B9WJ73,0.047762077,0.046587218,9005395
20120926,13:00:00.000,BBG000BDXGP9,0.004355185,0.0072978926,2076760
20120926,13:00:00.000,BBG000BSD7C2,-0.0070542027,-0.0022394664,495891
20120926,13:00:00.000,BBG000BSLZY7,0.0063883355,0.0023284012,6920860
20120926,13:00:00.000,BBG000BKZTP3,0.0017887859,-0.0029594013,1723054
20120926,13:00:00.000,BBG000BF1R66,-0.0033498881,-0.0036181302,523783
20120926,13:00:00.000,BBG000HW5GX3,0.00364662,-0.0047597047,2332858
20120926,13:00:00.000,BBG000C0F570,-0.003503735,-0.013311102,1176798
20120926,13:00:00.000,BBG000BP1Q11,0.010531381,0.0040687323,741339
20120926,13:00:00.000,BBG000BMQPL1,0.004428574,-0.0011387315,5091856
20120926,13:00:00.000,BBG000M65M61,-0.00018699278,0.012099674,1925017
20120926,13:00:00.000,BBG000BM7HL0,0.0012821406,-0.011102904,1337988
20120926,13:00:00.000,BBG000BJ49H3,-0.0034418607,-0.00908709,629533
20120926,13:00:00.000,BBG000JBN3X6,0.007966701,0.012626917,2187726
20120926,13:00:00.000,BBG000NSQ9M0,-0.004944958,-0.0013482433,4411976
20120926,13:00:00.000,BBG000BTVJ25,0.0026218707,0.0042116614,1042285
20120926,13:00:00.000,BBG000BBCDZ2,-0.0047691176,-0.009725236,868979
20120926,13:00:00.000,BBG000BNGTQ7,-0.000519206,-0.0015205966,750019
20120926,13:00:00.000,BBG000BGKHZ3,0.007818094,0.00010447361,822849
20120926,13:00:00.000,BBG000BL9439,-0.0005095782,0.0034041554,577737
20120926,13:00:00.000,BBG000H9G7X2,-0.008433431,-0.0070864595,1170001
20120926,13:00:00.000,BBG000BK67C7,0.0029026526,0.008124655,864386
20120926,13:00:00.000,BBG000FV1Z23,0.0058014155,0.005971299,530690
20120926,13:00:00.000,BBG000BV7LP7,-0.008540983,-0.01344302,3089474
20120926,13:00:00.000,BBG000CR90K4,0.03912811,0.03633657,23181656
20120926,13:00:00.000,BBG000BL9JQ1,0.0048230425,-0.0068230717,1551734
20120926,13:00:00.000,BBG000BF2KK4,0.008999672,0.003841934,360512
20120926,13:00:00.000,BBG000GLBN48,-0.0042484016,-0.013884208,474470
20120926,13:00:00.000,BBG000BB6M98,9.050488e-05,0.005415791,616446
20120926,13:00:00.000,BBG000BXMFC3,-0.028458368,-0.043561097,3696630
20120926,13:00:00.000,BBG000BSXQV7,-0.006066893,-0.004802484,442470
20120926,13:00:00.000,BBG000MDCQC2,-0.0007101469,0.0064396057,1342936
20120926,13:00:00.000,BBG000BRJ809,0.0056841034,0.00073936756,264726
20120926,13:00:00.000,BBG000DKCC19,0.016241912,0.020734452,2491409
20120926,13:00:00.000,BBG000BFMBQ6,0.0073480844,0.0066152546,630274
20120926,13:00:00.000,BBG000BQ2C28,0.0077044065,0.008666185,712689
20120926,13:00:00.000,BBG000BMTFR4,0.010083504,-0.006189163,1666838
20120926,13:00:00.000,BBG000BHLYP4,0.0037247597,-7.320441e-08,865453
20120926,13:00:00.000,BBG000BNFLM9,-0.004963278,-0.014126819,2126038
20120926,13:00:00.000,BBG000NV1KK7,0.0042775255,0.0068306,1814212
20120926,13:00:00.000,BBG000FBK808,-0.012018365,-0.01996954,2999625
20120926,13:00:00.000,BBG000R0L5J4,-0.009326474,-0.018624013,591275
20120926,13:00:00.000,BBG000BZTW70,0.003139557,-0.010522236,5059026
20120926,13:00:00.000,BBG000BLM0V1,,,583730
20120926,13:00:00.000,BBG000BTQR96,-9.926198e-05,-0.00586683,892828
20120926,13:00:00.000,BBG000BH5DV1,0.0095197335,-0.0014686689,1815286
20120926,13:00:00.000,BBG000BLBXT4,-0.005900999,-0.0013089927,731635
20120926,13:00:00.000,BBG000KLB4Q1,-0.0015268166,-0.020004211,5085483
20120926,13:00:00.000,BBG000BR3KL6,-0.0006897649,-0.0058896984,675782
20120926,13:00:00.000,BBG000BB9KF2,-0.0023489797,0.005184055,744543
20120926,13:00:00.000,BBG000BVDLH9,0.0069701415,0.0019481018,482919
20120926,13:00:00.000,BBG000C0MF34,-0.0042509255,0.0052507557,398497
20120926,13:00:00.000,BBG000FVXD63,0.016986815,0.013041276,670590
20120926,13:00:00.000,BBG000CGQ6M4,-0.017492777,-0.019377995,905967
20120926,13:00:00.000,BBG000BJSBJ0,0.0044925245,0.010632779,1310873
20120926,13:00:00.000,BBG000BFTJ91,-0.007605169,-0.016047997,1242804
20120926,13:00:00.000,BBG000BSC0K9,-0.003498255,-0.0029776236,869180
20120926,13:00:00.000,BBG000BWXL85,0.011519216,-0.0025410673,1363619
20120926,13:00:00.000,BBG000QY3XZ2,0.011638947,-0.0069651944,1194299
20120926,13:00:00.000,BBG000BCWCG1,0.0009185998,0.007085828,3232783
20120926,13:00:00.000,BBG000CKVSG8,0.01801526,0.015055427,3510996
20120926,13:00:00.000,BBG000JN8R00,0.012600975,0.01713198,1235085
20120926,13:00:00.000,BBG000BBBNC6,-0.0065033664,-0.015659312,1678302
20120926,13:00:00.000,BBG000JG0547,-0.0016564517,-0.0044537256,1379378
20120926,13:00:00.000,BBG000R7Z112,0.007622118,0.018857202,3051883
20120926,13:00:00.000,BBG000D898T9,0.006909186,0.010123253,2257562
20120926,13:00:00.000,BBG000Q3JN03,0.0062107546,-4.933876e-07,8069850
20120926,13:00:00.000,BBG000BRJL00,-0.0072841216,0.001725676,2384593
20120926,13:00:00.000,BBG000C2V3D6,0.006500928,-0.0048252293,1688400
20120926,13:00:00.000,BBG000G30YX4,-0.002872736,-0.015095388,602983
20120926,13:00:00.000,BBG000G0Z878,0.007052366,0.00053122774,2552865
20120926,13:00:00.000,BBG000BKXBV7,-0.008990304,-0.017846642,5643629
20120926,13:00:00.000,BBG000BJ98Z0,-0.008938429,-0.0018834464,5117514
20120926,13:00:00.000,BBG000BR14K5,0.004830509,0.004663256,762476
20120926,13:00:00.000,BBG000BGYWY6,-0.0048682285,-0.00017766705,480893
20120926,13:00:00.000,BBG000BCGY17,0.0017139177,0.0072021643,544762
20120926,13:00:00.000,BBG000BV75B7,0.0015186907,-0.006166313,1038542
20120926,13:00:00.000,BBG000CXD6X9,-0.01147392,-0.011479654,1079665
20120926,13:00:00.000,BBG000BWVSR1,-0.0066003674,-0.003739113,1582735
20120926,13:00:00.000,BBG000BVPPM1,-0.00086076,-0.0114503745,1661859
20120926,13:00:00.000,BBG000BBMSJ6,-0.005717386,-0.016176855,1931863
20120926,13:00:00.000,BBG000CHPY97,0.009069073,0.0054874965,1786099
20120926,13:00:00.000,BBG000C3GN47,0.015903959,0.0076742475,1161016
20120926,13:00:00.000,BBG000BYYLS8,2.9995883e-05,-0.0057267603,1954350
20120926,13:00:00.000,BBG000DTMH63,,,1923111
20120926,13:00:00.000,BBG000PVRDL2,-0.011380317,-0.011050929,4793040
20120926,13:00:00.000,BBG000DQTXY6,0.009229498,-0.025752332,7682232
20120926,13:00:00.000,BBG000JF5CV9,0.004700454,-0.0019837092,2970558
20120926,13:00:00.000,BBG000CJZ2W6,-0.018317629,-0.02372393,1487808
20120926,13:00:00.000,BBG000K14Q84,-0.0048786155,-0.010810542,2952694
20120926,13:00:00.000,BBG000BH3JF8,0.014184274,0.012377655,2562828
20120926,13:00:00.000,BBG000BTKGG8,0.008421386,0.0028361795,3418482
20120926,13:00:00.000,BBG000BB5006,0.0037642554,-0.0072981804,2035893
20120926,13:00:00.000,BBG000BSBZH7,-0.0033975858,-0.0007723614,865489
20120926,13:00:00.000,BBG000BM6788,-0.0063517243,-0.011634158,1720125
20120926,13:00:00.000,BBG000BQ5DS5,-0.0111860465,-0.010674989,1847716
20120926,13:00:00.000,BBG000BB6WG8,-0.0050508506,-0.0047008824,2556108
20120926,13:00:00.000,BBG000BRK7L6,0.0006104269,-0.0063978327,2254374
20120926,13:00:00.000,BBG000BMY992,0.0011465062,0.0034075312,2474863
20120926,13:00:00.000,BBG000FKJRC5,-0.009489645,-0.013598357,904688
20120926,13:00:00.000,BBG000C1BW00,0.006859649,0.006994478,606175
20120926,13:00:00.000,BBG000DY8ZS4,0.00770254,-0.007157415,6571440
20120926,13:00:00.000,BBG000BY33P5,-0.011076663,-0.017352423,3930478
20120926,13:00:00.000,BBG000BKLH74,0.0012295429,-0.0022543792,2155825
20120926,13:00:00.000,BBG000BMF5J0,0.005073092,0.0040524993,5777427
20120926,13:00:00.000,BBG000CSY9H9,0.013690904,0.015809624,2136072
20120926,13:00:00.000,BBG000CPQZ77,-0.013964214,-0.016913539,865232
20120926,13:00:00.000,BBG000CS7CT9,0.0043179695,0.0074229394,1123303
20120926,13:00:00.000,BBG000BC9938,-0.006950592,-0.022252288,1497649
20120926,13:00:00.000,BBG000BBJQV0,-0.007980674,-0.019395458,6579391
20120926,13:00:00.000,BBG000FQ6PY6,0.003170145,-0.009511285,957653
20120926,13:00:00.000,BBG000PM7GJ0,0.035344753,0.03672617,17163632
20120926,13:00:00.000,BBG000GC80B4,0.012778539,0.00755782,1023112
20120926,13:00:00.000,BBG000DYGNW7,0.0025056584,0.009013683,823332
20120926,13:00:00.000,BBG000HCJMF9,-0.015143541,-0.024021465,2878090
20120926,13:00:00.000,BBG000C17X76,0.0051127602,0.00029459043,1020213
20120926,13:00:00.000,BBG000BMDV41,0.0044343234,0.00072747463,2255962
20120926,13:00:00.000,BBG000TWC2V5,0.00020026577,0.0050248387,661898
20120926,13:00:00.000,BBG000BBPFB9,0.011086467,-0.0026912743,5069023
20120926,13:00:00.000,BBG000BLKK03,-0.003728851,-0.0058809505,856157
20120926,13:00:00.000,BBG000R8ZVD1,0.009256252,0.008774322,879992
20120926,13:00:00.000,BBG000BD8PN9,0.009754424,0.0030930112,3068409
20120926,13:00:00.000,BBG000BBDV81,0.0009771658,-0.0034605686,884535
20120926,13:00:00.000,BBG000BCVJ77,-0.01465832,-0.017922923,2942922
20120926,13:00:00.000,BBG000BJL3N0,0.0039229197,-0.0019461935,6716319
20120926,13:00:00.000,BBG000BZ2GG4,-0.0030900468,-0.020288667,1159801
20120926,13:00:00.000,BBG000BKFBD7,-0.0045444844,-0.008969765,1976702
20120926,13:00:00.000,BBG000BJ2VQ6,-0.0082018655,-0.020230833,1740323
20120926,13:00:00.000,BBG000BKFZM4,-8.55751e-05,-0.006957803,7236188
20120926,13:00:00.000,BBG000QBR5J5,0.004572593,-0.00398569,2168755
20120926,13:00:00.000,BBG000BJPDZ1,-0.0037735128,-0.009820231,107092
20120926,13:00:00.000,BBG000BH5LT6,0.0015210883,-0.010126002,2087779
20120926,13:00:00.000,BBG000MBDGM6,0.01801057,0.004446989,420417
20120926,13:00:00.000,BBG000LD9JQ8,-0.0037702739,-0.000307733,515780
20120926,13:00:00.000,BBG000BTR593,0.0068906546,0.00420502,2105429
20120926,13:00:00.000,BBG000BVMGF2,-0.0035518857,-0.007011028,1433648
20120926,13:00:00.000,BBG000FJLFX8,-0.01064865,-0.01290845,2259934
20120926,13:00:00.000,BBG000BWNFZ9,0.00264391,-0.019032989,2094574
20120926,13:00:00.000,BBG000BR54L0,-0.00060799124,-0.037970584,15951688
20120926,13:00:00.000,BBG000BCBCM7,-0.027089259,-0.033344157,14651569
20120926,13:00:00.000,BBG000BM5SR2,0.005229296,-0.006113568,2482601
20120926,13:00:00.000,BBG000BJ81C1,-0.007501244,-0.009130374,1056982
20120926,13:00:00.000,BBG001DCCGR8,0.000889487,-0.0109977545,2227071
20120926,13:00:00.000,BBG000H89QJ6,0.0017771259,-0.0051215384,1119906
20120926,13:00:00.000,BBG000F6H8W8,-0.002698908,-0.000985943,759226
20120926,13:00:00.000,BBG000BS0ZF1,0.0038005856,0.0058242013,375433
20120926,13:00:00.000,BBG000BVWLJ6,-0.0021294851,0.00036458328,2935867
20120926,13:00:00.000,BBG000BGJRC8,-0.0037293578,-0.005197218,3413744
20120926,13:00:00.000,BBG000BT9DW0,-0.00032653936,0.009618181,1666931
20120926,13:00:00.000,BBG000BXRPH1,0.0019882396,-0.007864997,1117697
20120926,13:00:00.000,BBG000C7LMS8,0.008724806,0.015585117,592291
20120926,13:00:00.000,BBG00286S4N9,0.00776179,0.003369875,1736502
20120926,13:00:00.000,BBG000BH2JM1,0.0051336824,-0.007196536,4713157
20120926,13:00:00.000,BBG000BRD0D8,-0.006255964,-0.00999336,2604306
20120926,13:00:00.000,BBG000BJF1Z8,-0.0030932105,-0.003546959,1173893
20120926,13:00:00.000,BBG000BHQ1H0,0.009943268,0.0076728226,1108896
20120926,13:00:00.000,BBG000BN5HF7,-0.0061756936,-0.03349362,6422847
20120926,13:00:00.000,BBG000B9WH86,0.0011602615,0.011318863,14078756
20120926,13:00:00.000,BBG000C5Z1S3,-0.0005201433,-0.011465814,18975656
20120926,13:00:00.000,BBG000D9D830,-0.0045307563,-0.010318453,1459477
20120926,13:00:00.000,BBG000JWD753,0.01501539,0.017349277,5444723
20120926,13:00:00.000,BBG000BKCFC2,-0.0039661545,0.0012459873,2039848
20120926,13:00:00.000,BBG000BWVCP8,-0.013314363,-0.018414652,3459830
20120926,13:00:00.000,BBG000BBD070,-0.009229793,-0.015670178,2680472
20120926,13:00:00.000,BBG000BMBL90,-0.0058660596,-0.010356865,1991940
20120926,13:00:00.000,BBG000BNWG87,0.0046166345,-0.00023045093,2323971
20120926,13:00:00.000,BBG000BCG930,-0.008020852,-0.010686168,1349186
20120926,13:00:00.000,BBG000BHX7N2,-0.0064835637,-0.007454089,2068541
20120926,13:00:00.000,BBG000BX3TD3,0.012295195,0.020435467,7664840
20120926,13:00:00.000,BBG000BH23R1,-0.0018416794,-0.001002541,9689325
20120926,13:00:00.000,BBG000BBVJZ8,-0.004797782,-0.0064722383,1002144
20120926,13:00:00.000,BBG000BJ3PD2,0.013203291,0.007141907,1838073
20120926,13:00:00.000,BBG000BFQYY3,0.0057455944,0.0059974,724158
20120926,13:00:00.000,BBG000BMW2Z0,-0.00053925905,0.0009360128,775719
20120926,13:00:00.000,BBG000CXYSZ6,-0.002129543,-0.01527603,679878
20120926,13:00:00.000,BBG000H556T9,0.0049135773,0.0030339812,1996493
20120926,13:00:00.000,BBG000J6XT05,-0.005778762,0.005333857,2183099
20120926,13:00:00.000,BBG000C8H633,-0.005271138,-0.01198647,3885402
20120926,13:00:00.000,BBG000FP1N32,-0.03074434,-0.04095788,5696131
20120926,13:00:00.000,BBG000BD4VG8,0.00041579353,-0.012644768,1832456
20120926,13:00:00.000,BBG000C496P7,-0.004297702,-0.015407314,5622601
20120926,13:00:00.000,BBG000FG3C43,-0.01452339,-0.028721046,4118800
20120926,13:00:00.000,BBG000DHSPT0,-0.005080707,-0.01267432,2290116
20120926,13:00:00.000,BBG000FW00S1,0.015725145,0.0127427,5091664
20120926,13:00:00.000,BBG000BFC8J2,0.010505293,0.0055174516,1401664
20120926,13:00:00.000,BBG000BZ9223,-0.0004897095,-0.008048898,625488
20120926,13:00:00.000,BBG000GFFQN9,-0.0007276001,-1.596128e-08,7403458
20120926,13:00:00.000,BBG000G2R6M0,0.0007470681,0.007840908,3303268
20120926,13:00:00.000,BBG000FL1TC8,-0.005560472,-0.012927861,1859333
20120926,13:00:00.000,BBG000BGKTF9,0.002749694,-0.0033983036,2047153
20120926,13:00:00.000,BBG000BB6KF5,-0.0070098434,-0.01641492,4840498
20120926,13:00:00.000,BBG000BGLRN3,-0.010557595,-0.008821123,1885747
20120926,13:00:00.000,BBG000Q9HH23,-0.010871915,-0.01764474,1276658
20120926,13:00:00.000,BBG000BV8DN6,0.0116420835,0.014073631,3268707
20120926,13:00:00.000,BBG000BFXHL6,-0.003094029,-0.0045167524,2271280
20120926,13:00:00.000,BBG000C46HM9,0.0057844203,0.0031777653,2722453
20120926,13:00:00.000,BBG000BFRF55,0.017439254,0.018097565,5096865
20120926,13:00:00.000,BBG000BNBDC2,-0.00077898346,-0.005269636,2332282
20120926,13:00:00.000,BBG000BH13K9,0.0019501763,0.00039613136,1727929
20120926,13:00:00.000,BBG000BGPTV6,0.00959733,0.0034617344,1201486
20120926,13:00:00.000,BBG000QX74T1,-0.008318459,-0.010229559,634298
20120926,13:00:00.000,BBG000BWJFZ4,0.0184938,0.0095738275,477006
20120926,13:00:00.000,BBG000BWLMJ4,0.00034173424,-0.00083163363,3144165
20120926,13:00:00.000,BBG000BW3299,-0.006934761,-0.008888982,1063221
20120926,13:00:00.000,BBG000BFDXW1,-0.004756923,-0.015912393,5253585
20120926,13:00:00.000,BBG000BC2C10,0.007168123,0.0051603657,1799582
20120926,13:00:00.000,BBG000BVV7G1,-0.0106351655,-0.02048527,10031935
20120926,13:00:00.000,BBG000BPWXK1,-0.00027209916,0.008079253,3628798
20120926,13:00:00.000,BBG000BBGGQ1,-0.0067869024,-0.014301974,4214711
20120926,13:00:00.000,BBG000BHBK84,-0.0058224867,-0.00984338,4927073
20120926,13:00:00.000,BBG000BJX8C8,-0.003633331,-0.014090167,1950490
20120926,13:00:00.000,BBG000H8TVT2,-0.008962664,-0.004117394,1638968
20120926,13:00:00.000,BBG000BTZQC4,-0.0020133355,0.0015014856,2742234
20120926,13:00:00.000,BBG000BP52R2,-0.0008287606,-0.0003766727,1315748
20120926,13:00:00.000,BBG000C5HS04,-0.0009415608,0.009307353,1454199
20120926,13:00:00.000,BBG000BH3GZ2,-0.0005222451,-0.0023224077,1188047
20120926,13:00:00.000,BBG000F1ZSQ2,0.00087747624,-0.0050926297,170718
20120926,13:00:00.000,BBG000C15T95,0.0042069606,0.006043858,1472196
20120926,13:00:00.000,BBG000BFWKC0,-0.0026387055,-0.007018876,1244600
20120926,13:00:00.000,BBG000CL9VN6,0.025417944,0.023519667,3667705
20120926,13:00:00.000,BBG000F0KF42,0.0117987655,-0.019015009,4255034
20120926,13:00:00.000,BBG000C240W1,0.0041802875,-0.003613498,22923980
20120926,13:00:00.000,BBG000L9CV04,-0.00291424,-0.0015261187,1898577
20120926,13:00:00.000,BBG000BC40Y8,0.002395906,-0.00014453552,2136314
20120926,13:00:00.000,BBG000BL4504,-0.0027573446,-0.010474271,7181832
20120926,13:00:00.000,BBG000BB07P9,-0.0056135133,0.0017093673,6170437
20120926,13:00:00.000,BBG000BBDZG3,0.00016372625,-0.009665897,20263496
20120926,13:00:00.000,BBG000BY29C7,0.00894847,0.0129424855,3640905
20120926,13:00:00.000,BBG000DWG505,0.007046778,0.00907279,1844350
20120926,13:00:00.000,BBG000BCQZS4,-0.0060685696,-0.011029285,2418442
20120926,13:00:00.000,BBG000CKGBP2,-0.010835403,-0.016356088,4117312
20120926,13:00:00.000,BBG000BHGDH5,-0.005982835,0.0052865143,1626341
20120926,13:00:00.000,BBG000FFDM15,0.0005340017,0.0010307806,4697567
20120926,13:00:00.000,BBG000BWXBC2,0.001775163,0.00094220723,2305452
20120926,13:00:00.000,BBG000BGRY34,0.0071215886,0.007140498,3350357
20120926,13:00:00.000,BBG000BN2DC2,-0.00862912,-0.022639606,1288339
20120926,13:00:00.000,BBG000BH1NH9,0.008151877,0.0030798116,1900253
20120926,13:00:00.000,BBG000F0PF65,0.0019478835,-0.005110752,3662898
20120926,13:00:00.000,BBG000BW8S60,-0.0031435248,6.336038e-05,2477742
20120926,13:00:00.000,BBG000BCSST7,0.0072802855,0.015924333,2613163
20120926,13:00:00.000,BBG000CH5208,0.0039226394,0.0024917442,3008902
20120926,13:00:00.000,BBG000BQQ2S6,0.003396544,-0.0005274604,1628160
20120926,13:00:00.000,BBG000BLZRJ2,0.008648415,-0.0018055467,11851100
20120926,13:00:00.000,BBG000BP6LJ8,-0.000542004,0.0058778613,3170610
20120926,13:00:00.000,BBG000DWYF03,-0.0005088947,-0.0073689763,6084891
20120926,13:00:00.000,BBG000BQPC32,0.0014350776,-1.8484556e-07,28481528
20120926,13:00:00.000,BBG000BBS2Y0,0.0027523444,-0.0026236314,2661464
20120926,13:00:00.000,BBG000CTQBF3,-0.0029590982,-0.006135944,3166292
20120926,13:00:00.000,BBG000DQLV23,-0.0049648588,-0.007942018,4999516
20120926,13:00:00.000,BBG000KHWT55,0.017054612,0.013760184,18587966
20120926,13:00:00.000,BBG000BNDN65,0.005502924,0.007747232,7790908
20120926,13:00:00.000,BBG000B9ZXB4,-8.548234e-05,-0.0031613638,3132708
20120926,13:00:00.000,BBG000DH7JK6,-0.001858782,0.006966487,1972464
20120926,13:00:00.000,BBG000BH4R78,-0.005749244,-0.011034194,4026620
20120926,13:00:00.000,BBG000BQQH30,0.0015813701,-0.0045301183,3605031
20120926,13:00:00.000,BBG000PSKYX7,-0.0010328838,-0.008210464,1201539
20120926,13:00:00.000,BBG000C6CFJ5,-0.0014316008,-0.0066036466,3358483
20120926,13:00:00.000,BBG000BKTFN2,-0.008712305,-0.020135341,9286474
20120926,13:00:00.000,BBG000J2XL74,0.003374688,0.0083259,2131889
20120926,13:00:00.000,BBG000BHVJJ3,-0.00021042519,-0.013625575,9647190
20120926,13:00:00.000,BBG000C43RR5,-0.0035322604,-0.009998792,6379408
20120926,13:00:00.000,BBG000BFT2L4,-0.008505592,-0.015343459,6093988
20120926,13:00:00.000,BBG000D4LWF6,-0.0026707433,0.0009686982,7490582
20120926,13:00:00.000,BBG000BNSZP1,0.0017200498,0.00393052,2567406
20120926,13:00:00.000,BBG000BT41Q8,0.0038091925,-0.0030951323,2541136
20120926,13:00:00.000,BBG000BKZB36,-0.0053821215,-0.004688092,4551750
20120926,13:00:00.000,BBG000BPD168,0.005984008,0.0024375697,6809673
20120926,13:00:00.000,BBG000HS77T5,0.0017207414,0.003944583,5457328
20120926,13:00:00.000,BBG000BQLTW7,-0.007667349,-0.015977321,16762537
20120926,13:00:00.000,BBG000BVPV84,-0.0005773191,-0.0074482556,1738138
20120926,13:00:00.000,BBG000BJDB15,0.0009475996,0.0058497554,14705644
20120926,13:00:00.000,BBG000BMX289,5.051548e-05,0.007430264,8072312
20120926,13:00:00.000,BBG000MM2P62,0.0056040417,-0.0004936236,21169340
20120926,13:00:00.000,BBG000CGC1X8,0.0015656773,-0.006698922,6112478
20120926,13:00:00.000,BBG000BLBVN4,-0.0084587345,-0.017431855,578767
20120926,13:00:00.000,BBG000BF0K17,0.0064344713,0.0035614662,5547604
20120926,13:00:00.000,BBG000BR2TH3,-0.002770569,-1.2987874e-07,4744317
20120926,13:00:00.000,BBG000K4ND22,0.00015734966,-0.0015815368,2827047
20120926,13:00:00.000,BBG000BR2B91,0.005980279,0.0028180603,14551241
20120926,13:00:00.000,BBG000C3J3C9,0.00092515646,-0.008581863,17457644
20120926,13:00:00.000,BBG000BLNNH6,0.0031128898,-0.0022672692,1631320
20120926,13:00:00.000,BBG000BWQFY7,-0.0033913818,-0.0077748788,15164223
20120926,13:00:00.000,BBG000BMHYD1,-0.0015592127,-0.0027415091,5122336
20120926,13:00:00.000,BBG000BK6MB5,-0.0059977183,-0.0062737623,20119668
20120926,13:00:00.000,BBG000BSJK37,0.006680594,0.007882607,12015180
20120926,13:00:00.000,BBG000C0G1D1,0.016086243,0.005774783,28901144
20120926,13:00:00.000,BBG000FY4S11,0.0014063177,-0.009733755,29076312
20120926,13:00:00.000,BBG000BCTLF6,-0.0020385718,-0.010083864,92821216
20120926,13:00:00.000,BBG000DMBXR2,0.004753606,-0.003945028,14067642
20120926,13:00:00.000,BBG000BPH459,0.00011592862,-0.009540993,30242584
20120926,13:00:00.000,BBG000GZQ728,-0.0044538807,-0.003814037,5594372
20120926,13:00:00.000,BBG000BHSKN9,0.0100044925,0.005304911,3467289
20120926,13:00:00.000,BBG000B9XRY4,-0.00052035204,-0.013914898,12725851
20120926,13:15:00.000,BBG000BFVXX0,0.0093351565,0.014123991,1440217
20120926,13:15:00.000,BBG000M4SW14,-0.022505665,-0.027403876,608551
20120926,13:15:00.000,BBG000HS74G6,-0.007183955,-0.011013599,293979
20120926,13:15:00.000,BBG000BJNGN9,-0.07791992,-0.09635088,6882585
20120926,13:15:00.000,BBG000FNRZ69,-0.0021105676,-0.008705902,4824373
20120926,13:15:00.000,BBG000BW2QX0,-0.008419679,-0.009319239,1050712
20120926,13:15:00.000,BBG000BBV8B8,0.015536912,0.002457653,1085813
20120926,13:15:00.000,BBG000DV7MX4,0.00754131,0.0032756187,5642975
20120926,13:15:00.000,BBG000BQ74K1,-0.0027690919,-0.009155109,506107
20120926,13:15:00.000,BBG000BCYP43,0.00088558486,-0.00052422966,113513
20120926,13:15:00.000,BBG000BW5YW1,0.017481145,4.0993793e-08,1592340
20120926,13:15:00.000,BBG000BLCL55,-0.00037803315,-0.010629703,542732
20120926,13:15:00.000,BBG000CZWZ05,0.0019115694,-0.006952136,337335
20120926,13:15:00.000,BBG000NSCNT7,0.007038441,1.5399395e-07,1381088
20120926,13:15:00.000,BBG000D14WM3,-0.0050615664,-0.022520166,3974864
20120926,13:15:00.000,BBG000BK5DP1,0.0020274855,-0.011010751,2212636
20120926,13:15:00.000,BBG000PCNTM2,-0.003730878,-0.013469976,286199
20120926,13:15:00.000,BBG000BBB3K1,0.0020323738,0.008257876,800911
20120926,13:15:00.000,BBG000C2YHG9,-0.012299207,-0.022147197,1056497
20120926,13:15:00.000,BBG000RGM5P1,-0.0063614026,-0.017193818,1523344
20120926,13:15:00.000,BBG000BQ87N0,-0.0017890006,0.004466817,588756
20120926,13:15:00.000,BBG000BD0TF8,0.0028614695,-0.006203155,282812
20120926,13:15:00.000,BBG000BDG1Y1,-0.0030468144,-0.010155107,707833
20120926,13:15:00.000,BBG000BHC2S1,-0.0028763986,-0.013023541,454608
20120926,13:15:00.000,BBG000BCHG15,-0.0035882709,-0.0033919024,581605
20120926,13:15:00.000,BBG000CLVM51,-0.0034452109,-0.004743734,146686
20120926,13:15:00.000,BBG000BBCQD7,-0.0025006253,-0.010589279,792112
20120926,13:15:00.000,BBG000BB03M1,0.0111027425,0.008202001,669324
20120926,13:15:00.000,BBG000BQC9V2,0.016908305,0.011515356,2109619
20120926,13:15:00.000,BBG000D5S4M0,-0.0134303775,-0.01504686,303152
20120926,13:15:00.000,BBG000BB9RZ5,0.012134438,0.0048327288,250427
20120926,13:15:00.000,BBG000DCCZW2,-0.010750866,-0.01650637,801923
20120926,13:15:00.000,BBG000BS5170,-0.010594476,-0.0029869576,653515
20120926,13:15:00.000,BBG000BLMZK6,-0.0017219053,0.0024585377,876182
20120926,13:15:00.000,BBG000BB5BF6,0.0010997129,0.007178753,2488279
20120926,13:15:00.000,BBG000BLXZN1,0.0064758677,-0.005103443,189674
20120926,13:15:00.000,BBG000FQRVM3,0.00062811247,-0.0017239595,243807
20120926,13:15:00.000,BBG000BGFLL5,-0.004109392,-0.009253632,2063145
20120926,13:15:00.000,BBG000BJ5GK2,0.0041918014,0.005687895,422826
20120926,13:15:00.000,BBG000BWP7D9,0.0075016483,0.011763238,1201310
20120926,13:15:00.000,BBG000BPQVR5,0.0014038306,-0.0031078784,382560
20120926,13:15:00.000,BBG000DGPR66,-0.003205021,-0.0049195033,521138
20120926,13:15:00.000,BBG000BRZBT3,-0.0067200586,-0.016477367,1149422
20120926,13:15:00.000,BBG000BWBZN1,-0.0033187477,-0.0054770587,422075
20120926,13:15:00.000,BBG000BFS7D3,0.010290097,0.015477298,467587
20120926,13:15:00.000,BBG000C23KJ3,-0.007973252,-0.003616966,4275725
20120926,13:15:00.000,BBG001QD41M9,0.0072494633,-0.0006377949,677308
20120926,13:15:00.000,BBG000M44VW8,-0.0044847997,-0.017730156,996625
20120926,13:15:00.000,BBG000BSJTT0,0.012721788,0.01051755,2278789
20120926,13:15:00.000,BBG000C9W1Y1,0.0051415665,0.0033426476,1404405
20120926,13:15:00.000,BBG000DHNDK1,,,836093
20120926,13:15:00.000,BBG000BN9WT5,0.0011917886,-0.0066121235,836888
20120926,13:15:00.000,BBG000BBMT95,0.004141073,0.0019502271,2416663
20120926,13:15:00.000,BBG000BJVZF7,0.0054534,0.002492178,1182610
20120926,13:15:00.000,BBG000BPZBB6,-0.0012839258,0.0011752713,1032188
20120926,13:15:00.000,BBG000R57L13,0.009047278,-0.0080942735,2546927
20120926,13:15:00.000,BBG000C1FB75,0.0009332829,-0.0026998161,118576
20120926,13:15:00.000,BBG000BF6LY3,-0.007082707,-0.007008321,3696701
20120926,13:15:00.000,BBG000F6ZWH2,0.003756793,-0.006010504,451184
20120926,13:15:00.000,BBG000BP7JB0,-0.012980747,-0.025921507,3240453
20120926,13:15:00.000,BBG000RNTSX0,0.0054646083,-0.007260493,283146
20120926,13:15:00.000,BBG000BCTQ65,0.0010734499,0.0075961,1093094
20120926,13:15:00.000,BBG000C4DPX1,0.017027115,0.0066653127,1971784
20120926,13:15:00.000,BBG000TJM7F0,0.0019266726,0.007783135,500760
20120926,13:15:00.000,BBG0016WLQ18,-0.0030452793,-0.010204406,1218115
20120926,13:15:00.000,BBG000CNFQW6,-0.00086553,-0.0039817826,146742
20120926,13:15:00.000,BBG000BMZ7P7,-0.007366216,-0.012508796,261044
20120926,13:15:00.000,BBG000BLDV98,-0.0027727173,0.0076712524,1445344
20120926,13:15:00.000,BBG000BKWSR6,0.0035996374,-0.0014669896,3094966
20120926,13:15:00.000,BBG000MQ1SN9,0.0040405085,0.0068314783,309033
20120926,13:15:00.000,BBG000C75N77,0.0005884286,-0.0029246956,920018
20120926,13:15:00.000,BBG000C2ZCH8,-0.002646858,0.0016289871,491595
20120926,13:15:00.000,BBG000BVB8Q0,0.009598017,-0.00074074947,2010192
20120926,13:15:00.000,BBG000G6BN50,-0.008425489,-0.01341853,208016
20120926,13:15:00.000,BBG000BL79J3,-0.008216355,-0.0085675325,1202931
20120926,13:15:00.000,BBG000BKXFN7,-0.008490917,-0.019758845,2958446
20120926,13:15:00.000,BBG000BD3LM4,-0.0033109703,-0.017663313,1781765
20120926,13:15:00.000,BBG000F86GP6,0.0051144524,-0.0022509485,841578
20120926,13:15:00.000,BBG000BGXZB5,-0.01254241,-0.015532703,1616748
20120926,13:15:00.000,BBG000BVMPN3,0.0024653526,-0.0054790406,582674
20120926,13:15:00.000,BBG000D9DMK0,-0.007721807,-0.0016998015,202411
20120926,13:15:00.000,BBG000FDBX90,-0.0006519613,0.002334575,1821931
20120926,13:15:00.000,BBG000MM5VL9,-0.010666345,-0.012493047,696917
20120926,13:15:00.000,BBG000BHCP19,-0.0036855664,-0.0112382285,1292036
20120926,13:15:00.000,BBG000BX8DC4,0.0010026185,-0.0027922066,622978
20120926,13:15:00.000,BBG000G3QLY3,0.012980428,0.0033973374,868071
20120926,13:15:00.000,BBG000BDWKC5,0.001009815,-0.008443499,1987300
20120926,13:15:00.000,BBG000BMRFF9,0.011659314,0.012923977,477074
20120926,13:15:00.000,BBG000BT4T69,-0.0037106022,-0.0015037473,1149645
20120926,13:15:00.000,BBG000BRRG02,0.0016476174,0.001563147,526827
20120926,13:15:00.000,BBG000BP0KQ8,0.010926073,0.0055231145,4430580
20120926,13:15:00.000,BBG000RKR4R8,0.006923908,-0.0042702216,5220199
20120926,13:15:00.000,BBG000C3HSR0,-0.0060375016,-0.01898164,2952910
20120926,13:15:00.000,BBG000BKQ3V3,-0.0028131811,-0.022244267,1407910
20120926,13:15:00.000,BBG000CGT2S4,0.0006958808,-4.6716713e-07,1175651
20120926,13:15:00.000,BBG000C1FQS9,-0.00083953096,0.0076624276,306975
20120926,13:15:00.000,BBG000FFH4P5,-0.0013991802,-0.0065848385,255439
20120926,13:15:00.000,BBG000BF5RY1,-0.006327355,-0.0038953165,1269599
20120926,13:15:00.000,BBG000BFNR17,-0.00060974626,-0.008471129,245464
20120926,13:15:00.000,BBG000BR1W32,-0.025701405,-0.04389259,1981520
20120926,13:15:00.000,BBG001M8HHB7,0.0008612885,-0.0059255585,1232877
20120926,13:15:00.000,BBG000BPNP00,0.0014873247,-0.008790613,1614445
20120926,13:15:00.000,BBG000C0LW92,0.003046163,-5.038352e-07,3097509
20120926,13:15:00.000,BBG000K7PWX7,0.012865424,0.005635235,1108930
20120926,13:15:00.000,BBG000BQSQ38,-0.0046489835,-0.0056861727,2092106
20120926,13:15:00.000,BBG000BKXYX5,0.027494026,0.038290843,1755980
20120926,13:15:00.000,BBG000BLHRS2,-0.005656759,-0.0011272866,248422
20120926,13:15:00.000,BBG000JYP7L8,0.015657237,0.012448197,841402
20120926,13:15:00.000,BBG000PV2L86,-0.0033061008,0.00018997662,292452
20120926,13:15:00.000,BBG000BTCH57,0.0052153063,0.004658116,876456
20120926,13:15:00.000,BBG000BBNYF6,0.0054964637,0.001610581,528083
20120926,13:15:00.000,BBG000BPL8X4,-0.00060337695,-0.0016161457,1003177
20120926,13:15:00.000,BBG000BLCPY4,0.018379124,0.004287795,947768
20120926,13:15:00.000,BBG000BNC3Y9,-0.0033001294,-0.015248772,1337757
20120926,13:15:00.000,BBG000BT9T73,0.005489092,-0.008516675,4208054
20120926,13:15:00.000,BBG000BC15S7,0.002660992,0.0026011905,286297
20120926,13:15:00.000,BBG000BKNX95,-0.0043892073,-0.010694999,2454686
20120926,13:15:00.000,BBG000C90DH9,0.00097554986,-0.008003961,2134356
20120926,13:15:00.000,BBG000C7B436,0.001815625,-0.0063181603,1944097
20120926,13:15:00.000,BBG000BK6G19,-0.009036862,-0.014708033,961962
20120926,13:15:00.000,BBG000BX5ZF5,0.009475119,-0.0010266263,7386682
20120926,13:15:00.000,BBG000BGD7W6,-0.0054068365,-0.0005112404,1446174
20120926,13:15:00.000,BBG000BVSX05,-0.0037434504,-0.017652476,1309231
20120926,13:15:00.000,BBG000CKJ0P3,-0.002130435,-0.0060312017,467607
20120926,13:15:00.000,BBG000BNJHS8,-0.0027735045,0.011305801,2175505
20120926,13:15:00.000,BBG000BQZMH4,-0.00093570614,0.0053402116,682922
20120926,13:15:00.000,BBG000DN7P92,0.0030222929,-0.000581852,521299
20120926,13:15:00.000,BBG000BKPL53,0.0025421293,-0.0023182433,468460
20120926,13:15:00.000,BBG000BB2DM7,0.002769137,0.0113345785,6371783
20120926,13:15:00.000,BBG000BJDPC2,0.011960016,0.016781438,882564
20120926,13:15:00.000,BBG000BJ8YN7,-0.0053465967,-0.011435471,869640
20120926,13:15:00.000,BBG000BPVCR1,-0.033090975,-0.04660775,4700031
20120926,13:15:00.000,BBG000PCQQL6,0.005923606,-6.6010085e-07,1073843
20120926,13:15:00.000,BBG000C2BXK4,-0.00041236795,0.00668888,3796034
20120926,13:15:00.000,BBG000F9KJN4,-0.00515936,-0.01672662,1303413
20120926,13:15:00.000,BBG000BNNYW1,-0.0054144016,-0.0025302272,1054753
20120926,13:15:00.000,BBG000C734W3,-0.006322498,-0.020847727,410978
20120926,13:15:00.000,BBG000D7RKJ5,-0.0024133397,0.0062648556,621642
20120926,13:15:00.000,BBG000G8N9C6,0.0012868779,0.0014566137,879290
20120926,13:15:00.000,BBG000BRXP69,-0.004119218,-0.010819481,292240
20120926,13:15:00.000,BBG000NDYB67,0.005918737,0.00084997324,5552881
20120926,13:15:00.000,BBG000BHZ5J9,0.006687892,0.0020139285,262734
20120926,13:15:00.000,BBG000BHKYH4,0.0064151566,0.010738914,745163
20120926,13:15:00.000,BBG000D2M0Z7,0.005305798,0.0044139787,357391
20120926,13:15:00.000,BBG000CHWP52,0.008947321,8.5459025e-05,630163
20120926,13:15:00.000,BBG0029SNR63,0.0101456465,0.005634317,3639799
20120926,13:15:00.000,BBG000BNNKG9,-0.0046482985,-0.016725827,4532623
20120926,13:15:00.000,BBG000BP4MH0,0.0069504404,0.0064866724,1545676
20120926,13:15:00.000,BBG000BHLYS1,0.0061868397,0.013784772,1541516
20120926,13:15:00.000,BBG000BFJ645,-0.006006688,-0.0066258903,9545614
20120926,13:15:00.000,BBG000BC4JJ4,-0.00092311064,-0.0033593448,619621
20120926,13:15:00.000,BBG000BVVQQ8,0.0045134625,0.0011543827,1878357
20120926,13:15:00.000,BBG000DLFM21,0.004957299,-0.00405441,452508
20120926,13:15:00.000,BBG000BP1152,-0.017983064,-0.030608289,2600008
20120926,13:15:00.000,BBG000H50PN8,0.0023219176,-0.0047829268,1420700
20120926,13:15:00.000,BBG000CP95B7,0.005580715,0.0006036786,308554
20120926,13:15:00.000,BBG000BS9489,-0.009421958,-0.015531691,964736
20120926,13:15:00.000,BBG000KBQZ88,-0.005677122,-0.011840554,575898
20120926,13:15:00.000,BBG000C37332,-0.014312443,-0.014663729,331337
20120926,13:15:00.000,BBG000C2PW58,0.004332417,-0.0017416113,211302
20120926,13:15:00.000,BBG000BKR1D6,0.0099022975,0.0011372971,394660
20120926,13:15:00.000,BBG000BR37X2,-0.0018365802,-0.00095915195,1851557
20120926,13:15:00.000,BBG000BWCKB6,0.006863007,0.009508922,275346
20120926,13:15:00.000,BBG000BCZYD3,-0.002314723,-0.0037978054,337623
20120926,13:15:00.000,BBG000BMKDM3,-0.0030225045,0.0017350012,754756
20120926,13:15:00.000,BBG000D3MB18,0.00092691416,-0.0064522875,854590
20120926,13:15:00.000,BBG000BB1TH9,-0.0015756761,-0.0030874324,885910
20120926,13:15:00.000,BBG000BQVTF5,-0.009996593,-0.013445733,1310204
20120926,13:15:00.000,BBG000D1QCF1,-0.013030485,-0.02115511,1451471
20120926,13:15:00.000,BBG000PX3XC0,-0.0057848664,-0.015010723,1165496
20120926,13:15:00.000,BBG000J1QLT0,0.0025356952,0.00031090516,664799
20120926,13:15:00.000,BBG000BH8TT6,-0.013541815,-0.021282038,3003635
20120926,13:15:00.000,BBG000QRFNK2,-0.057046097,-0.057933148,5802489
20120926,13:15:00.000,BBG000BCNYT9,0.008605713,0.00823535,1406167
20120926,13:15:00.000,BBG000BPMH90,-0.014999728,-0.02060055,613021
20120926,13:15:00.000,BBG000F7RCJ1,0.0017991276,0.0026649449,420805
20120926,13:15:00.000,BBG000BB6G37,-0.00037879805,-0.008717117,1586882
20120926,13:15:00.000,BBG000BFDLV8,-0.004961437,-0.011627213,560299
20120926,13:15:00.000,BBG000WCFV84,0.0075356844,-0.0001965239,1800316
20120926,13:15:00.000,BBG000BY2Y78,0.001272516,-0.008446011,1527879
20120926,13:15:00.000,BBG000BXM6V2,-0.0054450464,-0.0037513762,987006
20120926,13:15:00.000,BBG000FH8PX5,0.002093676,-0.0025848509,266635
20120926,13:15:00.000,BBG000BP8Z50,-0.005491954,-0.013179795,926419
20120926,13:15:00.000,BBG000BQWPC5,0.0012381467,0.007736457,1258726
20120926,13:15:00.000,BBG000BWSV34,0.0064524277,-0.010258688,713925
20120926,13:15:00.000,BBG000NDZ417,-0.013057336,-0.027816745,1450709
20120926,13:15:00.000,BBG000BJQWD2,-0.00012714774,-0.0092338445,980595
20120926,13:15:00.000,BBG000BB5373,0.005836986,0.0010892964,3194066
20120926,13:15:00.000,BBG000BHB3M6,0.00034199134,-0.003381979,744918
20120926,13:15:00.000,BBG000BLW530,-0.0019922652,-0.010535251,595267
20120926,13:15:00.000,BBG000D8RG11,-0.01242341,-0.012422232,1984414
20120926,13:15:00.000,BBG0019JZ882,-0.0072293677,-0.01069033,1860159
20120926,13:15:00.000,BBG000R7RDB4,-0.014517595,-0.025883878,675128
20120926,13:15:00.000,BBG000BQ8KV2,0.0015781479,0.00801957,1266551
20120926,13:15:00.000,BBG000BYWTX7,-0.0023779534,-0.008653903,9228418
20120926,13:15:00.000,BBG000C1S2X2,-0.015586311,-0.02186199,887309
20120926,13:15:00.000,BBG000DLVDK3,-0.0044906656,0.0010057444,1004572
20120926,13:15:00.000,BBG000BFL116,0.027076593,0.016564894,2932136
20120926,13:15:00.000,BBG000C1DHF5,-0.021888524,-0.039575387,2987878
20120926,13:15:00.000,BBG000BVHBM1,0.0060013975,-0.024792368,3487761
20120926,13:15:00.000,BBG000BGVW60,0.0006309163,0.0070270905,1228343
20120926,13:15:00.000,BBG000BPQD31,-0.0011034863,-0.008262457,1149946
20120926,13:15:00.000,BBG000H1F895,-0.011006157,-0.030061616,1345193
20120926,13:15:00.000,BBG000K82ZT8,-0.0016204552,-0.014025736,1253643
20120926,13:15:00.000,BBG000DNTSP4,-0.004655991,-0.004440791,1741376
20120926,13:15:00.000,BBG000F15NW9,0.009798546,0.0060756607,1254735
20120926,13:15:00.000,BBG000BPT0C6,0.0040229824,-0.0026101947,451656
20120926,13:15:00.000,BBG000B9WJ73,0.047505062,0.046587206,9263201
20120926,13:15:00.000,BBG000BDXGP9,0.0043244525,0.0072977482,2113405
20120926,13:15:00.000,BBG000BSD7C2,-0.0056830724,-0.0015507082,513866
20120926,13:15:00.000,BBG000BSLZY7,0.007314383,0.003104465,7300949
20120926,13:15:00.000,BBG000BKZTP3,-0.00069435843,-0.0049716453,1755389
20120926,13:15:00.000,BBG000BF1R66,-0.0036575752,-0.004736435,562767
20120926,13:15:00.000,BBG000HW5GX3,0.004170407,-0.006029143,2395645
20120926,13:15:00.000,BBG000C0F570,-0.0050872047,-0.013606868,1218936
20120926,13:15:00.000,BBG000BP1Q11,0.013940919,0.00739797,796982
20120926,13:15:00.000,BBG000BMQPL1,0.003976714,-0.0022783764,5382319
20120926,13:15:00.000,BBG000M65M61,0.00013378587,0.0126038315,2019310
20120926,13:15:00.000,BBG000BM7HL0,0.0002920891,-0.011711343,1414092
20120926,13:15:00.000,BBG000BJ49H3,-0.004670362,-0.009158839,655218
20120926,13:15:00.000,BBG000JBN3X6,0.00713894,0.012626921,2219807
20120926,13:15:00.000,BBG000NSQ9M0,-0.0067769154,-0.0035116759,4616809
20120926,13:15:00.000,BBG000BTVJ25,0.0031553055,0.0042115874,1092180
20120926,13:15:00.000,BBG000BBCDZ2,-0.003004409,-0.0075084586,895916
20120926,13:15:00.000,BBG000BNGTQ7,-0.0004679811,-0.0026355847,785473
20120926,13:15:00.000,BBG000BGKHZ3,0.006797082,-0.00094132306,874405
20120926,13:15:00.000,BBG000BL9439,-0.00086290785,0.003404095,611126
20120926,13:15:00.000,BBG000H9G7X2,-0.008568268,-0.00694193,1193187
20120926,13:15:00.000,BBG000BK67C7,0.0029222441,0.007823765,898860
20120926,13:15:00.000,BBG000FV1Z23,0.006614633,0.0061284476,565509
20120926,13:15:00.000,BBG000BV7LP7,-0.010249268,-0.014665163,3276124
20120926,13:15:00.000,BBG000CR90K4,0.055705387,0.05450469,25339032
20120926,13:15:00.000,BBG000BL9JQ1,0.007846991,-0.0048381067,1777896
20120926,13:15:00.000,BBG000BF2KK4,0.008582635,0.0037745386,407845
20120926,13:15:00.000,BBG000GLBN48,-0.003598479,-0.0138842985,486810
20120926,13:15:00.000,BBG000BB6M98,-0.0007022542,0.004061999,652388
20120926,13:15:00.000,BBG000BXMFC3,-0.027188536,-0.04123783,3775370
20120926,13:15:00.000,BBG000BSXQV7,-0.0060139126,-0.0045995796,475220
20120926,13:15:00.000,BBG000MDCQC2,-0.00023515086,0.006954863,1383584
20120926,13:15:00.000,BBG000BRJ809,0.0033233445,-0.0009992404,281811
20120926,13:15:00.000,BBG000DKCC19,0.019569412,0.025132826,2661664
20120926,13:15:00.000,BBG000BFMBQ6,0.0068735243,0.0057616695,657599
20120926,13:15:00.000,BBG000BQ2C28,0.0086353645,0.009730401,768465
20120926,13:15:00.000,BBG000BMTFR4,0.0074742083,-0.007149702,1733949
20120926,13:15:00.000,BBG000BHLYP4,0.0042703543,-8.744388e-05,943867
20120926,13:15:00.000,BBG000BNFLM9,-0.006313624,-0.013812885,2227863
20120926,13:15:00.000,BBG000NV1KK7,0.0061462163,0.006830485,1873335
20120926,13:15:00.000,BBG000FBK808,-0.014194922,-0.024205457,3335363
20120926,13:15:00.000,BBG000R0L5J4,-0.009468151,-0.018624064,620366
20120926,13:15:00.000,BBG000BZTW70,0.003667681,-0.009820644,5170472
20120926,13:15:00.000,BBG000BLM0V1,,,609906
20120926,13:15:00.000,BBG000BTQR96,-0.0018461609,-0.006921425,937764
20120926,13:15:00.000,BBG000BH5DV1,0.009600267,-0.0012959677,1860196
20120926,13:15:00.000,BBG000BLBXT4,-0.0061417734,-0.0019201019,946981
20120926,13:15:00.000,BBG000KLB4Q1,0.004198506,-0.012342967,5247894
20120926,13:15:00.000,BBG000BR3KL6,-0.0010326672,-0.0051686293,690126
20120926,13:15:00.000,BBG000BB9KF2,-0.002674969,0.0042824238,793465
20120926,13:15:00.000,BBG000BVDLH9,0.007273424,0.0018634654,497463
20120926,13:15:00.000,BBG000C0MF34,-0.003384356,0.005468338,405995
20120926,13:15:00.000,BBG000FVXD63,0.018649,0.012221357,702036
20120926,13:15:00.000,BBG000CGQ6M4,-0.017805157,-0.019377997,956069
20120926,13:15:00.000,BBG000BJSBJ0,0.0053416835,0.010848108,1405905
20120926,13:15:00.000,BBG000BFTJ91,-0.008156572,-0.017194359,1338457
20120926,13:15:00.000,BBG000BSC0K9,-0.0033645995,-0.0044147815,936994
20120926,13:15:00.000,BBG000BWXL85,0.007453905,-0.0062619555,1419381
20120926,13:15:00.000,BBG000QY3XZ2,0.013669591,-0.0049874308,1254920
20120926,13:15:00.000,BBG000BCWCG1,0.000618661,0.008267081,3335500
20120926,13:15:00.000,BBG000CKVSG8,0.02059911,0.0167662,3613537
20120926,13:15:00.000,BBG000JN8R00,0.02013611,0.024694914,1294725
20120926,13:15:00.000,BBG000BBBNC6,-0.0046231793,-0.014503092,1752078
20120926,13:15:00.000,BBG000JG0547,-0.0021934316,-0.0049676313,1452984
20120926,13:15:00.000,BBG000R7Z112,0.008351791,0.01996648,3167573
20120926,13:15:00.000,BBG000D898T9,0.010902927,0.014223555,2536916
20120926,13:15:00.000,BBG000Q3JN03,0.0029248868,-0.004152762,8486673
20120926,13:15:00.000,BBG000BRJL00,-0.007411494,0.0013807472,2489111
20120926,13:15:00.000,BBG000C2V3D6,0.0052445945,-0.0061294697,1843525
20120926,13:15:00.000,BBG000G30YX4,-0.002619452,-0.01566587,631038
20120926,13:15:00.000,BBG000G0Z878,0.0059253895,-0.0010641787,2675035
20120926,13:15:00.000,BBG000BKXBV7,-0.0068030236,-0.015467123,5793968
20120926,13:15:00.000,BBG000BJ98Z0,-0.00422784,0.005440373,5354145
20120926,13:15:00.000,BBG000BR14K5,0.00440628,0.003530643,781385
20120926,13:15:00.000,BBG000BGYWY6,-0.004873066,-0.0001777056,498602
20120926,13:15:00.000,BBG000BCGY17,0.0018128975,0.007752825,566318
20120926,13:15:00.000,BBG000BV75B7,0.0011034745,-0.006166331,1099959
20120926,13:15:00.000,BBG000CXD6X9,-0.008043661,-0.0073134275,1147445
20120926,13:15:00.000,BBG000BWVSR1,-0.007987691,-0.004985303,1657897
20120926,13:15:00.000,BBG000BVPPM1,-0.003650304,-0.015348604,1708732
20120926,13:15:00.000,BBG000BBMSJ6,-0.0066404105,-0.015609384,2112829
20120926,13:15:00.000,BBG000CHPY97,0.008098102,0.0022860717,1833197
20120926,13:15:00.000,BBG000C3GN47,0.016607404,0.0058417423,1204979
20120926,13:15:00.000,BBG000BYYLS8,-0.0013335084,-0.008138201,2040737
20120926,13:15:00.000,BBG000DTMH63,,,2016521
20120926,13:15:00.000,BBG000PVRDL2,-0.0107399775,-0.0109192375,4920393
20120926,13:15:00.000,BBG000DQTXY6,0.007951519,-0.026212236,8000109
20120926,13:15:00.000,BBG000JF5CV9,0.005287319,-0.0023803643,3055501
20120926,13:15:00.000,BBG000CJZ2W6,-0.018172842,-0.02303732,1566497
20120926,13:15:00.000,BBG000K14Q84,-0.0062834295,-0.0090528065,3017427
20120926,13:15:00.000,BBG000BH3JF8,0.013984272,0.012835992,2750176
20120926,13:15:00.000,BBG000BTKGG8,0.008486058,0.001772629,3709739
20120926,13:15:00.000,BBG000BB5006,0.002775647,-0.00821045,2078305
20120926,13:15:00.000,BBG000BSBZH7,-0.0021813016,-0.0005405898,940552
20120926,13:15:00.000,BBG000BM6788,-0.00541984,-0.00997218,1814196
20120926,13:15:00.000,BBG000BQ5DS5,-0.009618047,-0.009292637,1988299
20120926,13:15:00.000,BBG000BB6WG8,-0.00608369,-0.0054240855,2653116
20120926,13:15:00.000,BBG000BRK7L6,0.0018801017,-0.006702635,2313578
20120926,13:15:00.000,BBG000BMY992,0.0014781649,0.003407706,2803568
20120926,13:15:00.000,BBG000FKJRC5,-0.008337571,-0.01172567,947126
20120926,13:15:00.000,BBG000C1BW00,0.007972487,0.007977927,625526
20120926,13:15:00.000,BBG000DY8ZS4,0.008455547,-0.006362141,6919094
20120926,13:15:00.000,BBG000BY33P5,-0.011032451,-0.01623294,4020419
20120926,13:15:00.000,BBG000BKLH74,-0.00029061476,-0.004791467,2213317
20120926,13:15:00.000,BBG000BMF5J0,-0.0022251036,-0.0032423353,6075925
20120926,13:15:00.000,BBG000CSY9H9,0.011912427,0.014599534,2219578
20120926,13:15:00.000,BBG000CPQZ77,-0.013819242,-0.017525116,919501
20120926,13:15:00.000,BBG000CS7CT9,0.00781895,0.009962629,1237570
20120926,13:15:00.000,BBG000BC9938,-0.00789401,-0.023136072,1525206
20120926,13:15:00.000,BBG000BBJQV0,-0.008593076,-0.018649371,6818436
20120926,13:15:00.000,BBG000FQ6PY6,0.002277509,-0.0099103125,1036527
20120926,13:15:00.000,BBG000PM7GJ0,0.03387906,0.03519603,17566934
20120926,13:15:00.000,BBG000GC80B4,0.011065697,0.0053740987,1091017
20120926,13:15:00.000,BBG000DYGNW7,0.0040073046,0.0104397675,900192
20120926,13:15:00.000,BBG000HCJMF9,-0.015456149,-0.025011115,3001215
20120926,13:15:00.000,BBG000C17X76,0.005221916,-0.00019591965,1049071
20120926,13:15:00.000,BBG000BMDV41,0.0006939136,-0.0018193979,2473173
20120926,13:15:00.000,BBG000TWC2V5,-0.0010410955,0.004209877,688095
20120926,13:15:00.000,BBG000BBPFB9,0.011485825,-0.00089665287,5289615
20120926,13:15:00.000,BBG000BLKK03,-0.0042111697,-0.0065897233,935282
20120926,13:15:00.000,BBG000R8ZVD1,0.009270161,0.007883171,931762
20120926,13:15:00.000,BBG000BD8PN9,0.008583888,0.0013258405,3260675
20120926,13:15:00.000,BBG000BBDV81,-0.00021049228,-0.0046386407,935541
20120926,13:15:00.000,BBG000BCVJ77,-0.015667874,-0.019238425,3013493
20120926,13:15:00.000,BBG000BJL3N0,0.0035740666,-0.0032409814,7005148
20120926,13:15:00.000,BBG000BZ2GG4,-0.00037327647,-0.017985223,1290810
20120926,13:15:00.000,BBG000BKFBD7,-0.002191941,-0.0070815505,2213204
20120926,13:15:00.000,BBG000BJ2VQ6,-0.0077628703,-0.020140141,1908951
20120926,13:15:00.000,BBG000BKFZM4,-0.0014968171,-0.008504115,7485900
20120926,13:15:00.000,BBG000QBR5J5,-0.00011180311,-0.009432711,2249858
20120926,13:15:00.000,BBG000BJPDZ1,-0.0036875554,-0.010230728,110665
20120926,13:15:00.000,BBG000BH5LT6,0.0019711866,-0.010552342,2163212
20120926,13:15:00.000,BBG000MBDGM6,0.018453527,0.0045733065,432142
20120926,13:15:00.000,BBG000LD9JQ8,-0.00500286,-0.0022394648,544714
20120926,13:15:00.000,BBG000BTR593,0.0060031526,0.0012016252,2158235
20120926,13:15:00.000,BBG000BVMGF2,-0.0042136763,-0.008513397,1504033
20120926,13:15:00.000,BBG000FJLFX8,-0.0100939805,-0.012783019,2346643
20120926,13:15:00.000,BBG000BWNFZ9,0.0014140304,-0.020048117,2179461
20120926,13:15:00.000,BBG000BR54L0,-0.0029709938,-0.039838176,16341351
20120926,13:15:00.000,BBG000BCBCM7,-0.018739672,-0.023938429,15428206
20120926,13:15:00.000,BBG000BM5SR2,0.007338784,-0.0022230933,2736435
20120926,13:15:00.000,BBG000BJ81C1,-0.007001207,-0.009495503,1090866
20120926,13:15:00.000,BBG001DCCGR8,0.0027577907,-0.01043856,2264190
20120926,13:15:00.000,BBG000H89QJ6,0.0009026644,-0.006599823,1149825
20120926,13:15:00.000,BBG000F6H8W8,-0.0033695602,-0.0024647114,794492
20120926,13:15:00.000,BBG000BS0ZF1,0.0025082726,0.0037060701,384448
20120926,13:15:00.000,BBG000BVWLJ6,-0.0023780428,0.00036446593,3130203
20120926,13:15:00.000,BBG000BGJRC8,-0.003742047,-0.0056696604,3485330
20120926,13:15:00.000,BBG000BT9DW0,-0.00019140217,0.009180886,1757274
20120926,13:15:00.000,BBG000BXRPH1,0.00083714357,-0.011215152,1126997
20120926,13:15:00.000,BBG000C7LMS8,0.00781946,0.014486426,599748
20120926,13:15:00.000,BBG00286S4N9,0.007777782,0.0021739814,1814091
20120926,13:15:00.000,BBG000BH2JM1,0.0047260895,-0.007196469,4924527
20120926,13:15:00.000,BBG000BRD0D8,-0.0065892353,-0.011465124,2730617
20120926,13:15:00.000,BBG000BJF1Z8,-0.002919157,-0.0044338875,1204931
20120926,13:15:00.000,BBG000BHQ1H0,0.009813966,0.0069603384,1158645
20120926,13:15:00.000,BBG000BN5HF7,-0.0030515422,-0.02963418,6600547
20120926,13:15:00.000,BBG000B9WH86,0.0016926181,0.013582589,16226321
20120926,13:15:00.000,BBG000C5Z1S3,-0.004976529,-0.014741708,19535264
20120926,13:15:00.000,BBG000D9D830,-0.004168466,-0.010010287,1539171
20120926,13:15:00.000,BBG000JWD753,0.011261455,0.012956957,5701100
20120926,13:15:00.000,BBG000BKCFC2,-0.0034095626,0.00199364,2125586
20120926,13:15:00.000,BBG000BWVCP8,-0.014156689,-0.021004027,3560861
20120926,13:15:00.000,BBG000BBD070,-0.0091529945,-0.016416408,2773526
20120926,13:15:00.000,BBG000BMBL90,-0.005731207,-0.009599103,2102797
20120926,13:15:00.000,BBG000BNWG87,0.004147672,-0.0011539381,2401731
20120926,13:15:00.000,BBG000BCG930,-0.008364766,-0.011284807,1407393
20120926,13:15:00.000,BBG000BHX7N2,-0.0055812257,-0.0060047074,2193792
20120926,13:15:00.000,BBG000BX3TD3,0.013885362,0.024627194,7935274
20120926,13:15:00.000,BBG000BH23R1,0.0033396452,0.0050123553,11185323
20120926,13:15:00.000,BBG000BBVJZ8,-0.005473245,-0.009330075,1037803
20120926,13:15:00.000,BBG000BJ3PD2,0.012380638,0.0074664503,1920464
20120926,13:15:00.000,BBG000BFQYY3,0.0054949443,0.0062783877,755293
20120926,13:15:00.000,BBG000BMW2Z0,5.55475e-05,0.002105201,817604
20120926,13:15:00.000,BBG000CXYSZ6,-0.0022655306,-0.014902223,697323
20120926,13:15:00.000,BBG000H556T9,0.00608411,0.0037925933,2110862
20120926,13:15:00.000,BBG000J6XT05,-0.005261617,0.0056146877,2260031
20120926,13:15:00.000,BBG000C8H633,-0.004924431,-0.013984112,3988371
20120926,13:15:00.000,BBG000FP1N32,-0.033448715,-0.043717545,6051718
20120926,13:15:00.000,BBG000BD4VG8,-0.0002634148,-0.0134012345,1879733
20120926,13:15:00.000,BBG000C496P7,-0.006533348,-0.017608458,5870889
20120926,13:15:00.000,BBG000FG3C43,-0.015036394,-0.029518913,4206477
20120926,13:15:00.000,BBG000DHSPT0,-0.0052007088,-0.013225517,2398896
20120926,13:15:00.000,BBG000FW00S1,0.017636443,0.0150179425,5303669
20120926,13:15:00.000,BBG000BFC8J2,0.009422123,0.0038096427,1436225
20120926,13:15:00.000,BBG000BZ9223,-0.001067696,-0.011295433,643272
20120926,13:15:00.000,BBG000GFFQN9,-0.0001566599,0.00063795253,7550107
20120926,13:15:00.000,BBG000G2R6M0,0.00012615942,0.0069448897,3408564
20120926,13:15:00.000,BBG000FL1TC8,-0.0065118596,-0.0141546335,1922311
20120926,13:15:00.000,BBG000BGKTF9,0.00061114354,-0.006259798,2140773
20120926,13:15:00.000,BBG000BB6KF5,-0.0066378214,-0.016702877,5059271
20120926,13:15:00.000,BBG000BGLRN3,-0.010751127,-0.009298002,1934498
20120926,13:15:00.000,BBG000Q9HH23,-0.011464867,-0.018270364,1318627
20120926,13:15:00.000,BBG000BV8DN6,0.012473156,0.013846482,3436225
20120926,13:15:00.000,BBG000BFXHL6,-0.0027906108,-0.00356136,2344876
20120926,13:15:00.000,BBG000C46HM9,0.005122694,0.0013241797,2806716
20120926,13:15:00.000,BBG000BFRF55,0.017414028,0.020022994,5280344
20120926,13:15:00.000,BBG000BNBDC2,-0.0017725591,-0.0067451205,2459803
20120926,13:15:00.000,BBG000BH13K9,0.0010808689,-1.5995015e-07,1773256
20120926,13:15:00.000,BBG000BGPTV6,0.009685713,0.0064910552,1263075
20120926,13:15:00.000,BBG000QX74T1,-0.009804385,-0.011218337,652945
20120926,13:15:00.000,BBG000BWJFZ4,0.018905891,0.010414509,509221
20120926,13:15:00.000,BBG000BWLMJ4,4.679783e-05,-0.0016635684,3219749
20120926,13:15:00.000,BBG000BW3299,-0.0073969313,-0.010259658,1116175
20120926,13:15:00.000,BBG000BFDXW1,-0.0042942637,-0.01417652,5393758
20120926,13:15:00.000,BBG000BC2C10,0.007924709,0.003811381,1854826
20120926,13:15:00.000,BBG000BVV7G1,-0.010374765,-0.019047895,10311346
20120926,13:15:00.000,BBG000BPWXK1,-0.0009575646,0.006899158,3866340
20120926,13:15:00.000,BBG000BBGGQ1,-0.008329762,-0.016844483,4309587
20120926,13:15:00.000,BBG000BHBK84,-0.0067793266,-0.010522185,5101147
20120926,13:15:00.000,BBG000BJX8C8,-0.0061609647,-0.017270003,2152928
20120926,13:15:00.000,BBG000H8TVT2,-0.00845648,-0.0052828155,1698882
20120926,13:15:00.000,BBG000BTZQC4,-0.00040945527,0.0031180512,2843589
20120926,13:15:00.000,BBG000BP52R2,-0.0010177682,-0.0005921622,1374459
20120926,13:15:00.000,BBG000C5HS04,-0.0003440577,0.009044515,1581087
20120926,13:15:00.000,BBG000BH3GZ2,-0.0013855043,-0.0032963485,1235220
20120926,13:15:00.000,BBG000F1ZSQ2,0.0008403312,-0.005513633,175174
20120926,13:15:00.000,BBG000C15T95,0.0055788956,0.0069186226,1548936
20120926,13:15:00.000,BBG000BFWKC0,-0.0026302214,-0.007295079,1292488
20120926,13:15:00.000,BBG000CL9VN6,0.02989131,0.029933963,3813596
20120926,13:15:00.000,BBG000F0KF42,0.010122906,-0.020916415,4424397
20120926,13:15:00.000,BBG000C240W1,-0.001584016,-0.010840423,24518052
20120926,13:15:00.000,BBG000L9CV04,-0.0023776966,-0.0024972372,1969609
20120926,13:15:00.000,BBG000BC40Y8,0.0034751226,-0.0015179373,2221455
20120926,13:15:00.000,BBG000BL4504,-0.0015888372,-0.010998234,7415996
20120926,13:15:00.000,BBG000BB07P9,-0.0073856213,-0.00024398851,6377902
20120926,13:15:00.000,BBG000BBDZG3,-0.0015019005,-0.011478288,20937220
20120926,13:15:00.000,BBG000BY29C7,0.0070296787,0.011001095,3779734
20120926,13:15:00.000,BBG000DWG505,0.008413412,0.009753373,1939734
20120926,13:15:00.000,BBG000BCQZS4,-0.006462322,-0.012429683,2501272
20120926,13:15:00.000,BBG000CKGBP2,-0.011185863,-0.017768597,4167756
20120926,13:15:00.000,BBG000BHGDH5,-0.0059906226,0.0046646968,1677437
20120926,13:15:00.000,BBG000FFDM15,0.0013032118,0.001325531,5069151
20120926,13:15:00.000,BBG000BWXBC2,0.0008415166,-0.0006736941,2375247
20120926,13:15:00.000,BBG000BGRY34,0.0077402005,0.006930477,3456623
20120926,13:15:00.000,BBG000BN2DC2,-0.006640165,-0.020898204,1328448
20120926,13:15:00.000,BBG000BH1NH9,0.008247803,0.0044345097,2006711
20120926,13:15:00.000,BBG000F0PF65,0.00273985,-0.0046664276,3757650
20120926,13:15:00.000,BBG000BW8S60,-0.0030648422,-5.5234942e-08,2591675
20120926,13:15:00.000,BBG000BCSST7,0.006498081,0.014339092,2833286
20120926,13:15:00.000,BBG000CH5208,0.0016336764,-0.0007114034,3304170
20120926,13:15:00.000,BBG000BQQ2S6,0.003444774,-0.0021096505,1724642
20120926,13:15:00.000,BBG000BLZRJ2,0.009158642,-0.0018056297,12350419
20120926,13:15:00.000,BBG000BP6LJ8,-0.00057536416,0.0058777994,3463440
20120926,13:15:00.000,BBG000DWYF03,0.0011831793,-0.0061405753,6790933
20120926,13:15:00.000,BBG000BQPC32,-0.0017979619,-0.0029748124,29245680
20120926,13:15:00.000,BBG000BBS2Y0,0.002166036,-0.00399523,2738089
20120926,13:15:00.000,BBG000CTQBF3,-0.004635492,-0.007719342,3332656
20120926,13:15:00.000,BBG000DQLV23,-0.0044251066,-0.007941878,5138351
20120926,13:15:00.000,BBG000KHWT55,0.017174097,0.014358449,20722306
20120926,13:15:00.000,BBG000BNDN65,0.0054204543,0.0074104466,7954527
20120926,13:15:00.000,BBG000B9ZXB4,-0.00015888682,-0.004023617,3241860
20120926,13:15:00.000,BBG000DH7JK6,-0.001677785,0.007108713,2031558
20120926,13:15:00.000,BBG000BH4R78,-0.005270763,-0.011034146,4280303
20120926,13:15:00.000,BBG000BQQH30,0.0020924786,-0.0057496005,3702310
20120926,13:15:00.000,BBG000PSKYX7,-0.00021662889,-0.007876287,1248612
20120926,13:15:00.000,BBG000C6CFJ5,0.0006242536,-0.0053270296,3460297
20120926,13:15:00.000,BBG000BKTFN2,-0.0075714025,-0.01927238,9707229
20120926,13:15:00.000,BBG000J2XL74,0.0031653026,0.007992989,2254725
20120926,13:15:00.000,BBG000BHVJJ3,0.0007763463,-0.013257221,9925771
20120926,13:15:00.000,BBG000C43RR5,-0.00393298,-0.010415599,6658924
20120926,13:15:00.000,BBG000BFT2L4,-0.008829114,-0.016459374,6515837
20120926,13:15:00.000,BBG000D4LWF6,-0.0027644744,0.0007267693,7699559
20120926,13:15:00.000,BBG000BNSZP1,0.0016596221,0.0036614698,2637959
20120926,13:15:00.000,BBG000BT41Q8,0.0035725336,-0.0044018035,2643491
20120926,13:15:00.000,BBG000BKZB36,-0.0042965063,-0.0043533244,4707326
20120926,13:15:00.000,BBG000BPD168,0.007144245,0.0028805118,7089765
20120926,13:15:00.000,BBG000HS77T5,0.0026369598,0.004163836,5693647
20120926,13:15:00.000,BBG000BQLTW7,-0.009131455,-0.017575128,17287362
20120926,13:15:00.000,BBG000BVPV84,-0.0028300174,-0.009944068,1811881
20120926,13:15:00.000,BBG000BJDB15,0.0019872552,0.0066128243,15200721
20120926,13:15:00.000,BBG000BMX289,-0.00152928,0.0058381967,8518555
20120926,13:15:00.000,BBG000MM2P62,0.0069971113,0.0014793272,21924304
20120926,13:15:00.000,BBG000CGC1X8,0.0019711808,-0.006060583,6400519
20120926,13:15:00.000,BBG000BLBVN4,-0.008864189,-0.017740324,591361
20120926,13:15:00.000,BBG000BF0K17,0.0075951163,0.005687094,5798994
20120926,13:15:00.000,BBG000BR2TH3,-0.0034282145,-2.1712331e-07,4849222
20120926,13:15:00.000,BBG000K4ND22,0.0002640568,-0.0035912385,2928091
20120926,13:15:00.000,BBG000BR2B91,0.005887525,0.002013071,15619403
20120926,13:15:00.000,BBG000C3J3C9,0.0003070294,-0.008581959,18070244
20120926,13:15:00.000,BBG000BLNNH6,0.00315547,-0.0026086078,1681461
20120926,13:15:00.000,BBG000BWQFY7,-0.0032249456,-0.00892691,15639602
20120926,13:15:00.000,BBG000BMHYD1,-0.0012372134,-0.0030301095,5261454
20120926,13:15:00.000,BBG000BK6MB5,-0.0049348045,-0.006273708,20718812
20120926,13:15:00.000,BBG000BSJK37,0.00630057,0.006831681,12339214
20120926,13:15:00.000,BBG000C0G1D1,0.015332828,0.006218951,29973646
20120926,13:15:00.000,BBG000FY4S11,0.001718518,-0.010342142,29865516
20120926,13:15:00.000,BBG000BCTLF6,0.00023508121,-0.008963379,95794912
20120926,13:15:00.000,BBG000DMBXR2,0.0042313104,-0.005670668,14415432
20120926,13:15:00.000,BBG000BPH459,0.00053203705,-0.009211941,31461660
20120926,13:15:00.000,BBG000GZQ728,-0.0039059692,-0.00457687,5757000
20120926,13:15:00.000,BBG000BHSKN9,0.010144241,0.004818341,3557193
20120926,13:15:00.000,BBG000B9XRY4,-0.00013819903,-0.014456581,12961755
20120926,13:30:00.000,BBG000BFVXX0,0.008090892,0.011556037,1530461
20120926,13:30:00.000,BBG000M4SW14,-0.020131186,-0.022567919,621057
20120926,13:30:00.000,BBG000HS74G6,-0.008026947,-0.01168437,309999
20120926,13:30:00.000,BBG000BJNGN9,-0.07709259,-0.09301193,7118961
20120926,13:30:00.000,BBG000FNRZ69,-0.0013215486,-0.00580432,5019620
20120926,13:30:00.000,BBG000BW2QX0,-0.00898041,-0.009319244,1130999
20120926,13:30:00.000,BBG000BBV8B8,0.015638158,0.0066355537,1142511
20120926,13:30:00.000,BBG000DV7MX4,0.005363204,0.004913657,5836722
20120926,13:30:00.000,BBG000BQ74K1,-0.0031814983,-0.008622807,530475
20120926,13:30:00.000,BBG000BCYP43,0.00024323014,-0.0015244925,123869
20120926,13:30:00.000,BBG000BW5YW1,0.016064173,0.0029836847,1636193
20120926,13:30:00.000,BBG000BLCL55,0.0018967584,-0.00756966,579566
20120926,13:30:00.000,BBG000CZWZ05,0.0014271615,-0.0069520413,354745
20120926,13:30:00.000,BBG000NSCNT7,0.0064209453,0.0003731173,1403031
20120926,13:30:00.000,BBG000D14WM3,-0.0036652908,-0.019302974,4068736
20120926,13:30:00.000,BBG000BK5DP1,0.0036841983,-0.009359295,2296949
20120926,13:30:00.000,BBG000PCNTM2,-0.0040853354,-0.0130794905,299949
20120926,13:30:00.000,BBG000BBB3K1,0.001893255,0.0077990433,844142
20120926,13:30:00.000,BBG000C2YHG9,-0.010746415,-0.020221429,1137577
20120926,13:30:00.000,BBG000RGM5P1,-0.0072962167,-0.016610892,1568438
20120926,13:30:00.000,BBG000BQ87N0,-0.002438121,0.0026272559,601834
20120926,13:30:00.000,BBG000BD0TF8,0.0034338462,-0.0041890126,288812
20120926,13:30:00.000,BBG000BDG1Y1,-0.0029545536,-0.008482428,757200
20120926,13:30:00.000,BBG000BHC2S1,-0.0020280671,-0.011486879,490663
20120926,13:30:00.000,BBG000BCHG15,-0.004499615,-0.0031034704,601940
20120926,13:30:00.000,BBG000CLVM51,-0.003332373,-0.0035136987,153906
20120926,13:30:00.000,BBG000BBCQD7,-0.004299523,-0.010589258,844309
20120926,13:30:00.000,BBG000BB03M1,0.010788602,0.010053944,676907
20120926,13:30:00.000,BBG000BQC9V2,0.018386902,0.014655695,2167553
20120926,13:30:00.000,BBG000D5S4M0,-0.011653384,-0.01098868,321318
20120926,13:30:00.000,BBG000BB9RZ5,0.010347277,0.0048327562,270218
20120926,13:30:00.000,BBG000DCCZW2,-0.010400355,-0.0130541315,834858
20120926,13:30:00.000,BBG000BS5170,-0.010720244,0.00042691836,669150
20120926,13:30:00.000,BBG000BLMZK6,-0.002763026,0.003512163,907364
20120926,13:30:00.000,BBG000BB5BF6,0.0060496316,0.014836046,2616119
20120926,13:30:00.000,BBG000BLXZN1,0.0044688405,-0.005464204,195529
20120926,13:30:00.000,BBG000FQRVM3,0.000755047,-0.0019022279,252152
20120926,13:30:00.000,BBG000BGFLL5,-0.0027807502,-0.006839562,2094584
20120926,13:30:00.000,BBG000BJ5GK2,0.0033574915,0.006658833,441459
20120926,13:30:00.000,BBG000BWP7D9,0.008445817,0.011763218,1264325
20120926,13:30:00.000,BBG000BPQVR5,0.0013258221,-0.00062197703,436819
20120926,13:30:00.000,BBG000DGPR66,-0.004298858,-0.0044655865,532014
20120926,13:30:00.000,BBG000BRZBT3,-0.0072940276,-0.016622156,1173988
20120926,13:30:00.000,BBG000BWBZN1,-0.004226716,-0.005891951,436608
20120926,13:30:00.000,BBG000BFS7D3,0.010751413,0.015757693,475529
20120926,13:30:00.000,BBG000C23KJ3,-0.008962442,-0.0045215706,4364017
20120926,13:30:00.000,BBG001QD41M9,0.0060980064,0.0006371401,696002
20120926,13:30:00.000,BBG000M44VW8,-0.0064538773,-0.016422208,1036038
20120926,13:30:00.000,BBG000BSJTT0,0.013489418,0.015097602,2344002
20120926,13:30:00.000,BBG000C9W1Y1,0.004684007,0.0033426094,1510043
20120926,13:30:00.000,BBG000DHNDK1,,,864688
20120926,13:30:00.000,BBG000BN9WT5,0.0018967014,-0.003778914,917418
20120926,13:30:00.000,BBG000BBMT95,0.045336485,0.045498986,3571475
20120926,13:30:00.000,BBG000BJVZF7,0.005197439,0.0024922616,1210981
20120926,13:30:00.000,BBG000BPZBB6,-0.0028187146,-0.0007843506,1061937
20120926,13:30:00.000,BBG000R57L13,0.013995331,0.0017506711,2656190
20120926,13:30:00.000,BBG000C1FB75,0.00044538788,-0.0018861375,120377
20120926,13:30:00.000,BBG000BF6LY3,-0.007810207,-0.0055255895,3767085
20120926,13:30:00.000,BBG000F6ZWH2,0.0032687401,-0.0051381206,471107
20120926,13:30:00.000,BBG000BP7JB0,-0.011499047,-0.021061432,3369820
20120926,13:30:00.000,BBG000RNTSX0,0.0043482636,-0.006539796,297008
20120926,13:30:00.000,BBG000BCTQ65,0.0007413572,0.006149106,1131319
20120926,13:30:00.000,BBG000C4DPX1,0.01667709,0.009543737,2187858
20120926,13:30:00.000,BBG000TJM7F0,0.003181865,0.00915651,530277
20120926,13:30:00.000,BBG0016WLQ18,0.00081770873,-0.004296854,1254261
20120926,13:30:00.000,BBG000CNFQW6,-0.0011204144,-0.0031255994,154365
20120926,13:30:00.000,BBG000BMZ7P7,-0.009718541,-0.0132290665,274130
20120926,13:30:00.000,BBG000BLDV98,-0.003917887,0.007671296,1522482
20120926,13:30:00.000,BBG000BKWSR6,0.0035978805,4.6403392e-07,3263043
20120926,13:30:00.000,BBG000MQ1SN9,0.0044319597,0.006931148,320405
20120926,13:30:00.000,BBG000C75N77,0.0010090271,-0.000975034,958785
20120926,13:30:00.000,BBG000C2ZCH8,-0.0027701417,0.00023168315,512761
20120926,13:30:00.000,BBG000BVB8Q0,0.007633429,-0.002221567,2125753
20120926,13:30:00.000,BBG000G6BN50,-0.0095137125,-0.01321431,212908
20120926,13:30:00.000,BBG000BL79J3,-0.007520909,-0.0056678727,1263814
20120926,13:30:00.000,BBG000BKXFN7,-0.0046962905,-0.0148191,3134559
20120926,13:30:00.000,BBG000BD3LM4,-0.004348381,-0.016431123,1826848
20120926,13:30:00.000,BBG000F86GP6,0.0035531824,-0.0028136245,944688
20120926,13:30:00.000,BBG000BGXZB5,-0.012701001,-0.014120568,1723910
20120926,13:30:00.000,BBG000BVMPN3,0.0021509775,-0.0045260466,618527
20120926,13:30:00.000,BBG000D9DMK0,-0.007749794,-0.002138578,208711
20120926,13:30:00.000,BBG000FDBX90,-4.299545e-05,0.0018676637,1876331
20120926,13:30:00.000,BBG000MM5VL9,-0.013441153,-0.012273698,746624
20120926,13:30:00.000,BBG000BHCP19,-0.001968078,-0.007289974,1461760
20120926,13:30:00.000,BBG000BX8DC4,0.0005365501,-0.001815067,672821
20120926,13:30:00.000,BBG000G3QLY3,0.014732747,0.006437166,916807
20120926,13:30:00.000,BBG000BDWKC5,0.0013053112,-0.0072920336,2093802
20120926,13:30:00.000,BBG000BMRFF9,0.011802967,0.01666476,523591
20120926,13:30:00.000,BBG000BT4T69,-0.004962627,-0.0015038208,1220115
20120926,13:30:00.000,BBG000BRRG02,0.0008811162,0.0026948485,569812
20120926,13:30:00.000,BBG000BP0KQ8,0.0138998255,0.011045874,4592351
20120926,13:30:00.000,BBG000RKR4R8,0.005292074,-0.0042701373,5390009
20120926,13:30:00.000,BBG000C3HSR0,-0.0065905144,-0.017083636,2998460
20120926,13:30:00.000,BBG000BKQ3V3,-0.0032873969,-0.02236978,1475211
20120926,13:30:00.000,BBG000CGT2S4,0.00064153824,0.00046164144,1232581
20120926,13:30:00.000,BBG000C1FQS9,-0.0009693276,0.0057105245,321875
20120926,13:30:00.000,BBG000FFH4P5,-0.0036478608,-0.007091641,269039
20120926,13:30:00.000,BBG000BF5RY1,-0.007306959,-0.004544629,1323341
20120926,13:30:00.000,BBG000BFNR17,-0.0013375294,-0.008260067,258968
20120926,13:30:00.000,BBG000BR1W32,-0.02569303,-0.041239727,2112781
20120926,13:30:00.000,BBG001M8HHB7,-0.0034586915,-0.007555022,1258559
20120926,13:30:00.000,BBG000BPNP00,0.0011823475,-0.0064975466,1636631
20120926,13:30:00.000,BBG000C0LW92,0.0019459132,-5.038352e-07,3153924
20120926,13:30:00.000,BBG000K7PWX7,0.013770102,0.010084249,1160143
20120926,13:30:00.000,BBG000BQSQ38,-0.0056852503,-0.006583992,2144916
20120926,13:30:00.000,BBG000BKXYX5,0.026374172,0.04214851,1789325
20120926,13:30:00.000,BBG000BLHRS2,-0.0059411842,-0.0005635226,264137
20120926,13:30:00.000,BBG000JYP7L8,0.015394733,0.014567253,940191
20120926,13:30:00.000,BBG000PV2L86,-0.0036183968,0.0017129323,304858
20120926,13:30:00.000,BBG000BTCH57,0.004886664,0.0059284107,889850
20120926,13:30:00.000,BBG000BBNYF6,0.0055545922,0.0025055732,558629
20120926,13:30:00.000,BBG000BPL8X4,-0.0017486648,-0.0015584856,1045754
20120926,13:30:00.000,BBG000BLCPY4,0.016316151,0.0032158021,974254
20120926,13:30:00.000,BBG000BNC3Y9,-0.0034700097,-0.013600335,1372423
20120926,13:30:00.000,BBG000BT9T73,0.007354592,-0.0028387788,4408911
20120926,13:30:00.000,BBG000BC15S7,0.0029008775,0.0029864588,304597
20120926,13:30:00.000,BBG000BKNX95,-0.00011814944,-0.0016453228,2728144
20120926,13:30:00.000,BBG000C90DH9,-0.0010275666,-0.008893237,2241840
20120926,13:30:00.000,BBG000C7B436,0.0027840333,-0.0009031497,2056868
20120926,13:30:00.000,BBG000BK6G19,-0.009165454,-0.013456324,1003743
20120926,13:30:00.000,BBG000BX5ZF5,0.008688071,0.00034636745,7662678
20120926,13:30:00.000,BBG000BGD7W6,-0.004936973,0.0010214136,1495433
20120926,13:30:00.000,BBG000BVSX05,-0.0029462613,-0.014626185,1340151
20120926,13:30:00.000,BBG000CKJ0P3,-0.0012897365,-0.0054179337,485806
20120926,13:30:00.000,BBG000BNJHS8,-0.0016898564,0.013567026,2254903
20120926,13:30:00.000,BBG000BQZMH4,-0.0010875209,0.0040838234,711803
20120926,13:30:00.000,BBG000DN7P92,0.0030890803,-0.0004923476,545933
20120926,13:30:00.000,BBG000BKPL53,0.0019523504,-0.0029165251,563092
20120926,13:30:00.000,BBG000BB2DM7,0.005912371,0.019577572,6656633
20120926,13:30:00.000,BBG000BJDPC2,0.011320593,0.017810466,906082
20120926,13:30:00.000,BBG000BJ8YN7,-0.005236496,-0.011320078,899050
20120926,13:30:00.000,BBG000BPVCR1,-0.029560082,-0.040393487,4860284
20120926,13:30:00.000,BBG000PCQQL6,0.0069525475,0.0022037844,1113246
20120926,13:30:00.000,BBG000C2BXK4,0.0025748196,0.013377932,4126141
20120926,13:30:00.000,BBG000F9KJN4,-0.0044543226,-0.01382445,1349662
20120926,13:30:00.000,BBG000BNNYW1,-0.0057752714,-0.0014053172,1101290
20120926,13:30:00.000,BBG000C734W3,-0.00761948,-0.020950453,424130
20120926,13:30:00.000,BBG000D7RKJ5,-0.002266173,0.0047263713,653920
20120926,13:30:00.000,BBG000G8N9C6,0.001667506,0.0033688378,893377
20120926,13:30:00.000,BBG000BRXP69,-0.003278623,-0.009191727,302761
20120926,13:30:00.000,BBG000NDYB67,0.006896295,0.0063738623,5771129
20120926,13:30:00.000,BBG000BHZ5J9,0.0069989874,0.0024515518,272782
20120926,13:30:00.000,BBG000BHKYH4,0.006638612,0.011522789,774445
20120926,13:30:00.000,BBG000D2M0Z7,0.00539771,0.0044955183,373857
20120926,13:30:00.000,BBG000CHWP52,0.00829153,8.522267e-05,658744
20120926,13:30:00.000,BBG0029SNR63,0.0062290626,0.005252245,3755350
20120926,13:30:00.000,BBG000BNNKG9,-0.006441292,-0.016082449,4720428
20120926,13:30:00.000,BBG000BP4MH0,0.0064973356,0.0058968384,1579674
20120926,13:30:00.000,BBG000BHLYS1,0.0055471016,0.011935512,1576018
20120926,13:30:00.000,BBG000BFJ645,-0.0076386803,-0.0085189035,9912402
20120926,13:30:00.000,BBG000BC4JJ4,0.00011493923,-0.0020397536,639283
20120926,13:30:00.000,BBG000BVVQQ8,0.006509178,0.0050026956,1941633
20120926,13:30:00.000,BBG000DLFM21,0.003131491,-0.0040542614,475792
20120926,13:30:00.000,BBG000BP1152,-0.021416496,-0.030608369,2704432
20120926,13:30:00.000,BBG000H50PN8,0.0020822464,-0.0047828495,1452096
20120926,13:30:00.000,BBG000CP95B7,0.004773604,0.00054867787,312702
20120926,13:30:00.000,BBG000BS9489,-0.00857522,-0.0153421005,1000509
20120926,13:30:00.000,BBG000KBQZ88,-0.0047849854,-0.009462455,595809
20120926,13:30:00.000,BBG000C37332,-0.012782268,-0.008362063,365830
20120926,13:30:00.000,BBG000C2PW58,0.0043578716,-0.00025211822,218679
20120926,13:30:00.000,BBG000BKR1D6,0.0108658,0.0021047362,409300
20120926,13:30:00.000,BBG000BR37X2,-0.0021887687,-0.0014390451,1943719
20120926,13:30:00.000,BBG000BWCKB6,0.0071425345,0.011411039,290866
20120926,13:30:00.000,BBG000BCZYD3,-0.0016672893,-0.0037978515,352936
20120926,13:30:00.000,BBG000BMKDM3,-0.0037900258,0.0017350226,769343
20120926,13:30:00.000,BBG000D3MB18,0.0003469813,-0.006792014,881318
20120926,13:30:00.000,BBG000BB1TH9,-0.0011292071,-0.00097023544,903121
20120926,13:30:00.000,BBG000BQVTF5,-0.0120668495,-0.013322361,1407300
20120926,13:30:00.000,BBG000D1QCF1,-0.012585398,-0.018666286,1493057
20120926,13:30:00.000,BBG000PX3XC0,-0.004590531,-0.012368117,1189291
20120926,13:30:00.000,BBG000J1QLT0,0.0005534176,1.3902421e-07,696569
20120926,13:30:00.000,BBG000BH8TT6,-0.00906173,-0.01391513,3116310
20120926,13:30:00.000,BBG000QRFNK2,-0.06279086,-0.060596667,5966553
20120926,13:30:00.000,BBG000BCNYT9,0.010980475,0.012669888,1538121
20120926,13:30:00.000,BBG000BPMH90,-0.0154529065,-0.020416604,637775
20120926,13:30:00.000,BBG000F7RCJ1,0.0026696585,0.0055519524,437252
20120926,13:30:00.000,BBG000BB6G37,0.0010039302,-0.0051280484,1700413
20120926,13:30:00.000,BBG000BFDLV8,-0.0038630764,-0.009889726,570743
20120926,13:30:00.000,BBG000WCFV84,0.0061206925,9.871473e-05,1854510
20120926,13:30:00.000,BBG000BY2Y78,0.0017032551,-0.0064351643,1694789
20120926,13:30:00.000,BBG000BXM6V2,-0.0010312982,0.003294229,1064993
20120926,13:30:00.000,BBG000FH8PX5,0.0013333883,-0.0026451102,275235
20120926,13:30:00.000,BBG000BP8Z50,-0.0048815375,-0.01140941,1084324
20120926,13:30:00.000,BBG000BQWPC5,0.0011696611,0.0070332373,1325707
20120926,13:30:00.000,BBG000BWSV34,0.0086903125,-0.004439689,807484
20120926,13:30:00.000,BBG000NDZ417,-0.01251035,-0.026005372,1515165
20120926,13:30:00.000,BBG000BJQWD2,0.0006870011,-0.0059825457,1027697
20120926,13:30:00.000,BBG000BB5373,0.0067725526,0.0027236461,3358841
20120926,13:30:00.000,BBG000BHB3M6,0.00025863343,-0.0016060756,780927
20120926,13:30:00.000,BBG000BLW530,-0.0023242065,-0.009731788,636237
20120926,13:30:00.000,BBG000D8RG11,-0.011595359,-0.010581921,2108436
20120926,13:30:00.000,BBG0019JZ882,-0.00760503,-0.011252988,1946950
20120926,13:30:00.000,BBG000R7RDB4,-0.014512526,-0.02489445,722874
20120926,13:30:00.000,BBG000BQ8KV2,0.0023961088,0.010254921,1305528
20120926,13:30:00.000,BBG000BYWTX7,-0.0010811656,-0.0032456373,9690238
20120926,13:30:00.000,BBG000C1S2X2,-0.017543027,-0.022306444,922844
20120926,13:30:00.000,BBG000DLVDK3,-0.0038737638,0.006033892,1087150
20120926,13:30:00.000,BBG000BFL116,0.035798408,0.032399192,3187676
20120926,13:30:00.000,BBG000C1DHF5,-0.015622194,-0.028064886,3138853
20120926,13:30:00.000,BBG000BVHBM1,0.006514095,-0.022820301,3590211
20120926,13:30:00.000,BBG000BGVW60,0.00012954308,0.00531775,1263655
20120926,13:30:00.000,BBG000BPQD31,0.0009233619,-0.0057836953,1388561
20120926,13:30:00.000,BBG000H1F895,-0.006440845,-0.020949157,1387137
20120926,13:30:00.000,BBG000K82ZT8,-0.0022627176,-0.012467246,1289515
20120926,13:30:00.000,BBG000DNTSP4,-0.005031377,-0.0051239706,1798014
20120926,13:30:00.000,BBG000F15NW9,0.008351057,0.005122725,1394996
20120926,13:30:00.000,BBG000BPT0C6,0.0036174096,-0.0028821495,459162
20120926,13:30:00.000,BBG000B9WJ73,0.05111036,0.054619364,9524529
20120926,13:30:00.000,BBG000BDXGP9,0.004760626,0.008757336,2185729
20120926,13:30:00.000,BBG000BSD7C2,-0.0043272353,-0.0003449814,544024
20120926,13:30:00.000,BBG000BSLZY7,0.0070632133,0.0046565454,7604612
20120926,13:30:00.000,BBG000BKZTP3,-0.0030645505,-0.0044979863,1809029
20120926,13:30:00.000,BBG000BF1R66,-0.0036423749,-0.004736561,588189
20120926,13:30:00.000,BBG000HW5GX3,0.004400818,-0.0053946567,2472197
20120926,13:30:00.000,BBG000C0F570,-0.004304474,-0.010205039,1265228
20120926,13:30:00.000,BBG000BP1Q11,0.01395344,0.0068430314,872779
20120926,13:30:00.000,BBG000BMQPL1,0.0035901053,-0.0011387154,5484211
20120926,13:30:00.000,BBG000M65M61,0.0020349955,0.016132977,2067793
20120926,13:30:00.000,BBG000BM7HL0,-0.00015347815,-0.009886049,1500753
20120926,13:30:00.000,BBG000BJ49H3,-0.0031509353,-0.0031480591,794009
20120926,13:30:00.000,BBG000JBN3X6,0.006520964,0.014569519,2342769
20120926,13:30:00.000,BBG000NSQ9M0,-0.0042925943,0.0029783973,4771907
20120926,13:30:00.000,BBG000BTVJ25,0.0022552987,0.0038876636,1134600
20120926,13:30:00.000,BBG000BBCDZ2,-0.0034751904,-0.0067935726,913948
20120926,13:30:00.000,BBG000BNGTQ7,0.00081573013,-5.0023935e-08,908780
20120926,13:30:00.000,BBG000BGKHZ3,0.0060289823,-0.00062744215,904538
20120926,13:30:00.000,BBG000BL9439,-0.0019164411,0.0030458865,650963
20120926,13:30:00.000,BBG000H9G7X2,-0.00898921,-0.004049642,1254427
20120926,13:30:00.000,BBG000BK67C7,0.002834557,0.00797424,928676
20120926,13:30:00.000,BBG000FV1Z23,0.005947512,0.0065210336,584291
20120926,13:30:00.000,BBG000BV7LP7,-0.007526342,-0.009776648,3565790
20120926,13:30:00.000,BBG000CR90K4,0.052050103,0.05601879,27075908
20120926,13:30:00.000,BBG000BL9JQ1,0.0054958994,-0.0054583615,1893108
20120926,13:30:00.000,BBG000BF2KK4,0.008105964,0.0047854395,483885
20120926,13:30:00.000,BBG000GLBN48,-0.0018063844,-0.011540464,512474
20120926,13:30:00.000,BBG000BB6M98,-0.0010495036,0.0031593065,686670
20120926,13:30:00.000,BBG000BXMFC3,-0.025951987,-0.03688167,4043158
20120926,13:30:00.000,BBG000BSXQV7,-0.0064922585,-0.0043628956,501612
20120926,13:30:00.000,BBG000MDCQC2,-0.0012965307,0.005409476,1446598
20120926,13:30:00.000,BBG000BRJ809,0.0036036076,4.401454e-05,304804
20120926,13:30:00.000,BBG000DKCC19,0.020783834,0.028902953,2774033
20120926,13:30:00.000,BBG000BFMBQ6,0.0067135426,0.0059749917,676213
20120926,13:30:00.000,BBG000BQ2C28,0.00827895,0.009882431,802325
20120926,13:30:00.000,BBG000BMTFR4,0.00727601,-0.0041616587,1810231
20120926,13:30:00.000,BBG000BHLYP4,0.0042877584,0.001573813,976090
20120926,13:30:00.000,BBG000BNFLM9,-0.004983731,-0.008790096,2310693
20120926,13:30:00.000,BBG000NV1KK7,0.0043661706,0.0070200744,1949065
20120926,13:30:00.000,BBG000FBK808,-0.013483804,-0.022390164,3568100
20120926,13:30:00.000,BBG000R0L5J4,-0.009629186,-0.0168824,643396
20120926,13:30:00.000,BBG000BZTW70,0.005307578,-0.0063131317,5305459
20120926,13:30:00.000,BBG000BLM0V1,,,632688
20120926,13:30:00.000,BBG000BTQR96,-0.0020813956,-0.005207763,1001946
20120926,13:30:00.000,BBG000BH5DV1,0.010287643,0.00069004804,2120577
20120926,13:30:00.000,BBG000BLBXT4,-0.00923673,-0.0026184383,994656
20120926,13:30:00.000,BBG000KLB4Q1,0.009403771,-0.002127999,5485109
20120926,13:30:00.000,BBG000BR3KL6,-0.0023241467,-0.0044475743,703815
20120926,13:30:00.000,BBG000BB9KF2,-0.0033620922,0.002141019,835491
20120926,13:30:00.000,BBG000BVDLH9,0.006875698,0.0022870493,516637
20120926,13:30:00.000,BBG000C0MF34,-0.0037458807,0.0066180397,419387
20120926,13:30:00.000,BBG000FVXD63,0.020054745,0.014084429,732713
20120926,13:30:00.000,BBG000CGQ6M4,-0.017819524,-0.019284103,1001841
20120926,13:30:00.000,BBG000BJSBJ0,0.0050229966,0.009052108,1470394
20120926,13:30:00.000,BBG000BFTJ91,-0.008261799,-0.01776747,1416511
20120926,13:30:00.000,BBG000BSC0K9,-0.005185984,-0.0042093215,962632
20120926,13:30:00.000,BBG000BWXL85,0.008238417,-0.0028132368,1467231
20120926,13:30:00.000,BBG000QY3XZ2,0.013291134,-0.0027517718,1276096
20120926,13:30:00.000,BBG000BCWCG1,-0.00041157613,0.010629089,3436318
20120926,13:30:00.000,BBG000CKVSG8,0.019293603,0.017108232,3718503
20120926,13:30:00.000,BBG000JN8R00,0.015837708,0.0251579,1344166
20120926,13:30:00.000,BBG000BBBNC6,-0.0039304732,-0.013452423,1784069
20120926,13:30:00.000,BBG000JG0547,-0.002456799,-0.0049676294,1478930
20120926,13:30:00.000,BBG000R7Z112,0.004702025,0.017747968,3404575
20120926,13:30:00.000,BBG000D898T9,0.01025339,0.0131985415,2665174
20120926,13:30:00.000,BBG000Q3JN03,0.0060118963,0.0013835089,8888527
20120926,13:30:00.000,BBG000BRJL00,-0.0084517645,-0.0013782321,2754543
20120926,13:30:00.000,BBG000C2V3D6,0.005463237,-0.00482534,1936484
20120926,13:30:00.000,BBG000G30YX4,-0.0028733897,-0.015314852,645081
20120926,13:30:00.000,BBG000G0Z878,0.0056068483,-6.6400037e-07,2757843
20120926,13:30:00.000,BBG000BKXBV7,-0.008127543,-0.015467109,5946033
20120926,13:30:00.000,BBG000BJ98Z0,-0.0031504652,0.011717621,5565225
20120926,13:30:00.000,BBG000BR14K5,0.0042224755,0.0035306087,805039
20120926,13:30:00.000,BBG000BGYWY6,-0.004998129,0.0017765826,517154
20120926,13:30:00.000,BBG000BCGY17,0.0010688843,0.00715964,587980
20120926,13:30:00.000,BBG000BV75B7,0.002140738,-0.0031642085,1181046
20120926,13:30:00.000,BBG000CXD6X9,-0.0063338964,-0.0036099316,1214827
20120926,13:30:00.000,BBG000BWVSR1,-0.008710824,-0.005296964,1729699
20120926,13:30:00.000,BBG000BVPPM1,-0.0035044122,-0.013277645,1772222
20120926,13:30:00.000,BBG000BBMSJ6,-0.0064300415,-0.011919735,2262523
20120926,13:30:00.000,BBG000CHPY97,0.006761885,0.0013714372,2344386
20120926,13:30:00.000,BBG000C3GN47,0.01683319,0.006987259,1240737
20120926,13:30:00.000,BBG000BYYLS8,-0.0012951865,-0.006932312,2116319
20120926,13:30:00.000,BBG000DTMH63,,,2116505
20120926,13:30:00.000,BBG000PVRDL2,-0.010807651,-0.0061831865,5073491
20120926,13:30:00.000,BBG000DQTXY6,0.0057909554,-0.02667217,8258887
20120926,13:30:00.000,BBG000JF5CV9,0.004917174,-0.00039669257,3177433
20120926,13:30:00.000,BBG000CJZ2W6,-0.015968625,-0.01731615,1627243
20120926,13:30:00.000,BBG000K14Q84,-0.005156653,-0.0036915801,3125578
20120926,13:30:00.000,BBG000BH3JF8,0.013315863,0.013752832,2924106
20120926,13:30:00.000,BBG000BTKGG8,0.0072782096,0.0028361247,3799202
20120926,13:30:00.000,BBG000BB5006,0.0039298497,-0.0054734857,2191980
20120926,13:30:00.000,BBG000BSBZH7,-0.000634132,0.0021627783,989294
20120926,13:30:00.000,BBG000BM6788,-0.0045121056,-0.0066478285,1888612
20120926,13:30:00.000,BBG000BQ5DS5,-0.008865229,-0.0071422537,2049789
20120926,13:30:00.000,BBG000BB6WG8,-0.006210104,-0.0036161395,2786157
20120926,13:30:00.000,BBG000BRK7L6,0.002241921,-0.0057886564,2372275
20120926,13:30:00.000,BBG000BMY992,0.0036867326,0.0068156347,3145740
20120926,13:30:00.000,BBG000FKJRC5,-0.0071860217,-0.0089571765,975979
20120926,13:30:00.000,BBG000C1BW00,0.007849541,0.007977912,655792
20120926,13:30:00.000,BBG000DY8ZS4,0.011120686,-0.000795289,7334181
20120926,13:30:00.000,BBG000BY33P5,-0.010902026,-0.012314836,4200554
20120926,13:30:00.000,BBG000BKLH74,-0.00019823272,-0.0031001784,2252103
20120926,13:30:00.000,BBG000BMF5J0,0.0031871253,0.006483955,6260347
20120926,13:30:00.000,BBG000CSY9H9,0.010438885,0.015809506,2293169
20120926,13:30:00.000,BBG000CPQZ77,-0.0132921925,-0.015283382,945717
20120926,13:30:00.000,BBG000CS7CT9,0.008224012,0.012502199,1323271
20120926,13:30:00.000,BBG000BC9938,-0.008573854,-0.020900408,1559260
20120926,13:30:00.000,BBG000BBJQV0,-0.009223133,-0.01566527,7054422
20120926,13:30:00.000,BBG000FQ6PY6,0.0022883504,-0.0074493536,1098880
20120926,13:30:00.000,BBG000PM7GJ0,0.03655157,0.042847175,18060696
20120926,13:30:00.000,BBG000GC80B4,0.011804354,0.0062139197,1128064
20120926,13:30:00.000,BBG000DYGNW7,0.003366115,0.0092988005,922378
20120926,13:30:00.000,BBG000HCJMF9,-0.015233299,-0.023211591,3132400
20120926,13:30:00.000,BBG000C17X76,0.0047857077,-0.0012752212,1083508
20120926,13:30:00.000,BBG000BMDV41,0.0047148434,0.0054572113,2561483
20120926,13:30:00.000,BBG000TWC2V5,-0.0023770393,0.0046850904,713298
20120926,13:30:00.000,BBG000BBPFB9,0.011931504,0.0026923236,5974491
20120926,13:30:00.000,BBG000BLKK03,-0.0008685935,-0.0024080565,975404
20120926,13:30:00.000,BBG000R8ZVD1,0.013353062,0.015766347,972722
20120926,13:30:00.000,BBG000BD8PN9,0.009757802,0.0044183307,3504616
20120926,13:30:00.000,BBG000BBDV81,-0.00019077868,-0.0023560375,959094
20120926,13:30:00.000,BBG000BCVJ77,-0.014817995,-0.018580776,3126961
20120926,13:30:00.000,BBG000BJL3N0,0.0026460995,-0.0025934053,7268247
20120926,13:30:00.000,BBG000BZ2GG4,-0.0012328145,-0.01745381,1430369
20120926,13:30:00.000,BBG000BKFBD7,-0.0023406965,-0.0054292027,2278554
20120926,13:30:00.000,BBG000BJ2VQ6,-0.008188598,-0.020140046,1984259
20120926,13:30:00.000,BBG000BKFZM4,-0.00047004572,-0.005411701,7668461
20120926,13:30:00.000,BBG000QBR5J5,-0.00018752777,-0.0077054785,2328455
20120926,13:30:00.000,BBG000BJPDZ1,-0.0038530268,-0.009439219,113460
20120926,13:30:00.000,BBG000BH5LT6,0.0033481852,-0.008420692,2267432
20120926,13:30:00.000,BBG000MBDGM6,0.01940202,0.007630576,451844
20120926,13:30:00.000,BBG000LD9JQ8,-0.0060193576,-0.00021998199,587679
20120926,13:30:00.000,BBG000BTR593,0.0062462436,0.0024030644,2190397
20120926,13:30:00.000,BBG000BVMGF2,-0.00345124,-0.00751176,1542940
20120926,13:30:00.000,BBG000FJLFX8,-0.010804349,-0.012782972,2439566
20120926,13:30:00.000,BBG000BWNFZ9,0.0006267821,-0.016748898,2257697
20120926,13:30:00.000,BBG000BR54L0,-0.0010917193,-0.035480995,16797180
20120926,13:30:00.000,BBG000BCBCM7,-0.014970299,-0.017953057,16245642
20120926,13:30:00.000,BBG000BM5SR2,0.0076858974,0.00041704733,2880462
20120926,13:30:00.000,BBG000BJ81C1,-0.0072771227,-0.009422529,1138796
20120926,13:30:00.000,BBG001DCCGR8,-0.00014022313,-0.011836328,2303938
20120926,13:30:00.000,BBG000H89QJ6,0.00028612273,-0.007391773,1296332
20120926,13:30:00.000,BBG000F6H8W8,-0.0035085566,-0.0015282646,830400
20120926,13:30:00.000,BBG000BS0ZF1,0.002954801,0.0064857597,395132
20120926,13:30:00.000,BBG000BVWLJ6,-0.0033482192,0.0003643696,3394866
20120926,13:30:00.000,BBG000BGJRC8,-0.004313444,-0.0047248644,3601797
20120926,13:30:00.000,BBG000BT9DW0,5.531607e-05,0.007869321,1803841
20120926,13:30:00.000,BBG000BXRPH1,0.0015378771,-0.009273111,1144380
20120926,13:30:00.000,BBG000C7LMS8,0.0065814634,0.014649265,615748
20120926,13:30:00.000,BBG00286S4N9,0.0037493228,-0.0011960244,2005289
20120926,13:30:00.000,BBG000BH2JM1,0.0065087103,-0.0033215934,5139714
20120926,13:30:00.000,BBG000BRD0D8,-0.0068965927,-0.010303191,2806409
20120926,13:30:00.000,BBG000BJF1Z8,-0.0021689355,-0.0019509337,1252396
20120926,13:30:00.000,BBG000BHQ1H0,0.01002976,0.0075085275,1204327
20120926,13:30:00.000,BBG000BN5HF7,-0.0026726397,-0.027290842,6763411
20120926,13:30:00.000,BBG000B9WH86,0.00036333143,0.014714384,16680749
20120926,13:30:00.000,BBG000C5Z1S3,-0.0072746407,-0.0114657795,20559266
20120926,13:30:00.000,BBG000D9D830,-0.0047672098,-0.0095482925,1599545
20120926,13:30:00.000,BBG000JWD753,0.016203763,0.02152157,5948701
20120926,13:30:00.000,BBG000BKCFC2,-0.004044554,0.0022429763,2192516
20120926,13:30:00.000,BBG000BWVCP8,-0.010041305,-0.016400361,3811166
20120926,13:30:00.000,BBG000BBD070,-0.0095785195,-0.015110414,2861793
20120926,13:30:00.000,BBG000BMBL90,-0.0063342345,-0.009093809,2223048
20120926,13:30:00.000,BBG000BNWG87,0.0038033216,-0.0016155984,2504457
20120926,13:30:00.000,BBG000BCG930,-0.008780796,-0.010429852,1498477
20120926,13:30:00.000,BBG000BHX7N2,-0.0052289255,-0.0041411486,2296467
20120926,13:30:00.000,BBG000BX3TD3,0.012415779,0.026723154,8155537
20120926,13:30:00.000,BBG000BH23R1,0.0015067103,0.0060148756,12154824
20120926,13:30:00.000,BBG000BBVJZ8,-0.00443927,-0.007817282,1119276
20120926,13:30:00.000,BBG000BJ3PD2,0.011208483,0.008765105,2000603
20120926,13:30:00.000,BBG000BFQYY3,0.005413138,0.006700232,778180
20120926,13:30:00.000,BBG000BMW2Z0,0.00021266447,0.0025730825,840271
20120926,13:30:00.000,BBG000CXYSZ6,-0.00026794235,-0.0091566,736382
20120926,13:30:00.000,BBG000H556T9,0.0059586084,0.004382602,2225000
20120926,13:30:00.000,BBG000J6XT05,-0.0060729682,0.0033683865,2456902
20120926,13:30:00.000,BBG000C8H633,-0.0050185276,-0.013651193,4216561
20120926,13:30:00.000,BBG000FP1N32,-0.03325004,-0.040667485,6459006
20120926,13:30:00.000,BBG000BD4VG8,-0.00025213455,-0.011672332,1931678
20120926,13:30:00.000,BBG000C496P7,-0.0113559365,-0.020910317,6146892
20120926,13:30:00.000,BBG000FG3C43,-0.014191167,-0.02518779,4405219
20120926,13:30:00.000,BBG000DHSPT0,-0.004861236,-0.012674318,2526368
20120926,13:30:00.000,BBG000FW00S1,0.017402213,0.018203331,5475833
20120926,13:30:00.000,BBG000BFC8J2,0.0093091205,0.0038752446,1472781
20120926,13:30:00.000,BBG000BZ9223,-0.000348578,-0.009783402,672365
20120926,13:30:00.000,BBG000GFFQN9,-0.0012419699,0.0012758534,7858369
20120926,13:30:00.000,BBG000G2R6M0,4.965655e-05,0.011425708,3567728
20120926,13:30:00.000,BBG000FL1TC8,-0.0076458757,-0.014909464,2009729
20120926,13:30:00.000,BBG000BGKTF9,0.00068541156,-0.0037561383,2206725
20120926,13:30:00.000,BBG000BB6KF5,-0.00733668,-0.0155510595,5220698
20120926,13:30:00.000,BBG000BGLRN3,-0.013554783,-0.012397244,2098268
20120926,13:30:00.000,BBG000Q9HH23,-0.011991229,-0.015892578,1361242
20120926,13:30:00.000,BBG000BV8DN6,0.014169907,0.016797177,3626690
20120926,13:30:00.000,BBG000BFXHL6,-0.0031553418,-0.002432185,2403016
20120926,13:30:00.000,BBG000C46HM9,0.005084775,0.0037072531,2903501
20120926,13:30:00.000,BBG000BFRF55,0.016970962,0.023360008,5486581
20120926,13:30:00.000,BBG000BNBDC2,-0.0028455015,-0.0077989255,2596934
20120926,13:30:00.000,BBG000BH13K9,0.0022710783,0.0017833965,1872182
20120926,13:30:00.000,BBG000BGPTV6,0.00855417,0.009033135,1329161
20120926,13:30:00.000,BBG000QX74T1,-0.0115486495,-0.009920415,669756
20120926,13:30:00.000,BBG000BWJFZ4,0.019128999,0.012516287,524130
20120926,13:30:00.000,BBG000BWLMJ4,0.0005647431,0.0005547715,3310997
20120926,13:30:00.000,BBG000BW3299,-0.008373688,-0.00984432,1170225
20120926,13:30:00.000,BBG000BFDXW1,-0.0042558536,-0.010415597,5508593
20120926,13:30:00.000,BBG000BC2C10,0.009766888,0.0064504086,1923462
20120926,13:30:00.000,BBG000BVV7G1,-0.013065743,-0.0186886,11224902
20120926,13:30:00.000,BBG000BPWXK1,2.0533229e-05,0.011801492,4099997
20120926,13:30:00.000,BBG000BBGGQ1,-0.009232737,-0.016208889,4424455
20120926,13:30:00.000,BBG000BHBK84,-0.007270003,-0.009503928,5268788
20120926,13:30:00.000,BBG000BJX8C8,-0.009064568,-0.018704085,2323788
20120926,13:30:00.000,BBG000H8TVT2,-0.009517144,-0.004816688,1785723
20120926,13:30:00.000,BBG000BTZQC4,-0.0030861571,0.0028872343,3226909
20120926,13:30:00.000,BBG000BP52R2,-0.0006071815,0.0003772488,1415496
20120926,13:30:00.000,BBG000C5HS04,-0.0019701908,0.00967566,1654684
20120926,13:30:00.000,BBG000BH3GZ2,-0.002592959,-0.0033712457,1310708
20120926,13:30:00.000,BBG000F1ZSQ2,5.1044342e-05,-0.004871519,182585
20120926,13:30:00.000,BBG000C15T95,0.0063017737,0.008350033,1642149
20120926,13:30:00.000,BBG000BFWKC0,-0.0027273144,-0.0070189065,1325863
20120926,13:30:00.000,BBG000CL9VN6,0.032625057,0.03765003,4080316
20120926,13:30:00.000,BBG000F0KF42,0.011204646,-0.016479604,4530149
20120926,13:30:00.000,BBG000C240W1,-0.003176292,-0.009033767,25376592
20120926,13:30:00.000,BBG000L9CV04,-0.002892905,-0.0018731685,2095766
20120926,13:30:00.000,BBG000BC40Y8,0.003977932,-7.211423e-05,2262491
20120926,13:30:00.000,BBG000BL4504,-0.0033001795,-0.010474482,7677266
20120926,13:30:00.000,BBG000BB07P9,-0.008303441,0.0032966095,6588373
20120926,13:30:00.000,BBG000BBDZG3,-0.0024007207,-0.011478352,21543960
20120926,13:30:00.000,BBG000BY29C7,0.0076076384,0.015068645,3908595
20120926,13:30:00.000,BBG000DWG505,0.008626151,0.0103204595,2007038
20120926,13:30:00.000,BBG000BCQZS4,-0.0070767514,-0.011554558,2601312
20120926,13:30:00.000,BBG000CKGBP2,-0.011575601,-0.018065939,4337587
20120926,13:30:00.000,BBG000BHGDH5,-0.006552406,0.0027992975,1731059
20120926,13:30:00.000,BBG000FFDM15,0.0008453189,0.0019151845,5349384
20120926,13:30:00.000,BBG000BWXBC2,0.00050535117,-0.00020236307,2456702
20120926,13:30:00.000,BBG000BGRY34,0.007110206,0.007980711,3555628
20120926,13:30:00.000,BBG000BN2DC2,-0.005566088,-0.016791195,1359389
20120926,13:30:00.000,BBG000BH1NH9,0.007996305,0.0066512483,2110186
20120926,13:30:00.000,BBG000F0PF65,0.0028586283,-0.0042219847,3879085
20120926,13:30:00.000,BBG000BW8S60,-0.0040480695,0.00025391337,2669821
20120926,13:30:00.000,BBG000BCSST7,0.0060167196,0.014194979,2949806
20120926,13:30:00.000,BBG000CH5208,0.00076791144,-0.0012452314,3406375
20120926,13:30:00.000,BBG000BQQ2S6,0.0025059022,-0.0020510124,1790368
20120926,13:30:00.000,BBG000BLZRJ2,0.00948064,0.0024074882,12755013
20120926,13:30:00.000,BBG000BP6LJ8,-0.00057206175,0.0058778673,3686153
20120926,13:30:00.000,BBG000DWYF03,0.0016221909,-0.0053217695,7075485
20120926,13:30:00.000,BBG000BQPC32,-0.001086916,0.000991447,30851596
20120926,13:30:00.000,BBG000BBS2Y0,0.00223986,-0.0045916224,2843837
20120926,13:30:00.000,BBG000CTQBF3,-0.004563181,-0.0059379865,3430241
20120926,13:30:00.000,BBG000DQLV23,-0.0043873675,-0.0076475134,5302818
20120926,13:30:00.000,BBG000KHWT55,0.016954493,0.017349904,21679580
20120926,13:30:00.000,BBG000BNDN65,0.0067240293,0.010779094,8161681
20120926,13:30:00.000,BBG000B9ZXB4,0.00073298695,-0.0031611824,3377436
20120926,13:30:00.000,BBG000DH7JK6,-0.002375819,0.006682112,2122927
20120926,13:30:00.000,BBG000BH4R78,-0.0059504057,-0.011604838,4699839
20120926,13:30:00.000,BBG000BQQH30,0.0027456258,-0.005052495,3805079
20120926,13:30:00.000,BBG000PSKYX7,-0.002005141,-0.008024622,1315475
20120926,13:30:00.000,BBG000C6CFJ5,0.002823144,-0.00035251537,3580238
20120926,13:30:00.000,BBG000BKTFN2,-0.006721646,-0.016683621,10147593
20120926,13:30:00.000,BBG000J2XL74,0.0035064665,0.008437059,2400192
20120926,13:30:00.000,BBG000BHVJJ3,0.0003659871,-0.011047659,10361156
20120926,13:30:00.000,BBG000C43RR5,-0.003931485,-0.008540642,6944656
20120926,13:30:00.000,BBG000BFT2L4,-0.009935811,-0.01729628,6719930
20120926,13:30:00.000,BBG000D4LWF6,-0.0050940122,-0.00024149826,7941917
20120926,13:30:00.000,BBG000BNSZP1,0.0011693278,0.003876788,2750872
20120926,13:30:00.000,BBG000BT41Q8,0.0028735904,-0.0043329354,2823647
20120926,13:30:00.000,BBG000BKZB36,-0.004430965,-0.0030138884,4858575
20120926,13:30:00.000,BBG000BPD168,0.0076163104,0.0035451865,7252988
20120926,13:30:00.000,BBG000HS77T5,0.0023368443,0.0041639563,5846715
20120926,13:30:00.000,BBG000BQLTW7,-0.009387123,-0.015977299,17829480
20120926,13:30:00.000,BBG000BVPV84,-0.0010475847,-0.0057645864,1882415
20120926,13:30:00.000,BBG000BJDB15,0.0017224791,0.011191015,15761926
20120926,13:30:00.000,BBG000BMX289,-0.00010465348,0.00769558,8823281
20120926,13:30:00.000,BBG000MM2P62,0.013085654,0.011343665,23668892
20120926,13:30:00.000,BBG000CGC1X8,0.00202573,-0.0033484614,6645377
20120926,13:30:00.000,BBG000BLBVN4,-0.010062377,-0.016316047,622156
20120926,13:30:00.000,BBG000BF0K17,0.008922353,0.009421317,6045277
20120926,13:30:00.000,BBG000BR2TH3,-0.0031251407,0.0010056638,4965470
20120926,13:30:00.000,BBG000K4ND22,5.643448e-05,-0.003890539,3046361
20120926,13:30:00.000,BBG000BR2B91,0.0064829253,0.0028180818,16234214
20120926,13:30:00.000,BBG000C3J3C9,0.00071273634,-0.005363906,18854472
20120926,13:30:00.000,BBG000BLNNH6,0.0027281037,-0.0020723373,1783729
20120926,13:30:00.000,BBG000BWQFY7,-0.0028427371,-0.0069110463,16067137
20120926,13:30:00.000,BBG000BMHYD1,-0.0018950388,-0.0037517308,5406319
20120926,13:30:00.000,BBG000BK6MB5,-0.0034341572,-0.0040330063,21937184
20120926,13:30:00.000,BBG000BSJK37,0.0062431996,0.0068316213,13158094
20120926,13:30:00.000,BBG000C0G1D1,0.013304684,0.007551512,31196556
20120926,13:30:00.000,BBG000FY4S11,0.0056280824,-0.0027375622,30912240
20120926,13:30:00.000,BBG000BCTLF6,0.0008609952,-0.004481556,100402848
20120926,13:30:00.000,BBG000DMBXR2,0.005427388,-0.0017262654,14958054
20120926,13:30:00.000,BBG000BPH459,0.0010702597,-0.007237961,32373856
20120926,13:30:00.000,BBG000GZQ728,-0.0045857984,-0.0050129164,5973114
20120926,13:30:00.000,BBG000BHSKN9,0.012199057,0.008697449,3698923
20120926,13:30:00.000,BBG000B9XRY4,0.0031054327,-0.008304204,13493911
20120926,13:45:00.000,BBG000BFVXX0,0.00862951,0.011128194,1568270
20120926,13:45:00.000,BBG000M4SW14,-0.021676825,-0.022567969,624107
20120926,13:45:00.000,BBG000HS74G6,-0.00807562,-0.012187422,327201
20120926,13:45:00.000,BBG000BJNGN9,-0.076853864,-0.09253471,7416985
20120926,13:45:00.000,BBG000FNRZ69,-0.002042137,-0.0058043497,5118542
20120926,13:45:00.000,BBG000BW2QX0,-0.00477526,-0.0041418565,1678548
20120926,13:45:00.000,BBG000BBV8B8,0.014885089,0.005898267,1175840
20120926,13:45:00.000,BBG000DV7MX4,0.005750088,0.0065516145,5953258
20120926,13:45:00.000,BBG000BQ74K1,-0.004009617,-0.009687524,559946
20120926,13:45:00.000,BBG000BCYP43,0.00066594523,-0.002143545,131316
20120926,13:45:00.000,BBG000BW5YW1,0.012265599,-0.0020657491,1687306
20120926,13:45:00.000,BBG000BLCL55,0.00027574995,-0.008696947,606175
20120926,13:45:00.000,BBG000CZWZ05,0.0009001329,-0.0070762155,368862
20120926,13:45:00.000,BBG000NSCNT7,0.006849203,0.001865414,1432618
20120926,13:45:00.000,BBG000D14WM3,-0.004620342,-0.019302977,4155298
20120926,13:45:00.000,BBG000BK5DP1,0.0050588,-0.008808617,2341032
20120926,13:45:00.000,BBG000PCNTM2,-0.0043294677,-0.013665192,313549
20120926,13:45:00.000,BBG000BBB3K1,0.0016191661,0.007110986,910554
20120926,13:45:00.000,BBG000C2YHG9,-0.014729921,-0.02407322,1168324
20120926,13:45:00.000,BBG000RGM5P1,-0.006867397,-0.01602814,1605218
20120926,13:45:00.000,BBG000BQ87N0,-0.0020881481,0.002495882,619969
20120926,13:45:00.000,BBG000BD0TF8,0.004994596,-0.00281945,296880
20120926,13:45:00.000,BBG000BDG1Y1,-0.0012142264,-0.006092989,786470
20120926,13:45:00.000,BBG000BHC2S1,-0.0017837716,-0.009584728,504161
20120926,13:45:00.000,BBG000BCHG15,-0.00523828,-0.0028147767,647206
20120926,13:45:00.000,BBG000CLVM51,-0.003958161,-0.0035136414,165289
20120926,13:45:00.000,BBG000BBCQD7,-0.0051725865,-0.011212136,909571
20120926,13:45:00.000,BBG000BB03M1,0.011663416,0.010583269,697989
20120926,13:45:00.000,BBG000BQC9V2,0.020331351,0.015702585,2259482
20120926,13:45:00.000,BBG000D5S4M0,-0.00984445,-0.00755482,344050
20120926,13:45:00.000,BBG000BB9RZ5,0.011706912,0.005062845,278468
20120926,13:45:00.000,BBG000DCCZW2,-0.010088731,-0.013917205,876228
20120926,13:45:00.000,BBG000BS5170,-0.0068695284,0.004747173,692851
20120926,13:45:00.000,BBG000BLMZK6,-0.0025531163,0.005268609,937685
20120926,13:45:00.000,BBG000BB5BF6,0.0048854225,0.014357493,2762435
20120926,13:45:00.000,BBG000BLXZN1,0.00524359,-0.0027318632,202734
20120926,13:45:00.000,BBG000FQRVM3,7.047926e-05,-0.002793559,258264
20120926,13:45:00.000,BBG000BGFLL5,-0.0012165813,-0.0052304575,2153760
20120926,13:45:00.000,BBG000BJ5GK2,0.0021721506,0.0054104216,461225
20120926,13:45:00.000,BBG000BWP7D9,0.008869034,0.011896816,1351791
20120926,13:45:00.000,BBG000BPQVR5,0.0020431357,-0.00096714654,492346
20120926,13:45:00.000,BBG000DGPR66,-0.0040903427,-0.0052223294,557755
20120926,13:45:00.000,BBG000BRZBT3,-0.008354172,-0.016188545,1203372
20120926,13:45:00.000,BBG000BWBZN1,-0.004654092,-0.0067217234,447416
20120926,13:45:00.000,BBG000BFS7D3,0.011039265,0.014567051,490759
20120926,13:45:00.000,BBG000C23KJ3,-0.009572838,-0.0045215706,4397586
20120926,13:45:00.000,BBG001QD41M9,0.007924995,0.00079649943,713882
20120926,13:45:00.000,BBG000M44VW8,-0.008702171,-0.02063667,1074406
20120926,13:45:00.000,BBG000BSJTT0,0.012528485,0.016115567,2422177
20120926,13:45:00.000,BBG000C9W1Y1,0.0038301996,0.0025069695,1553632
20120926,13:45:00.000,BBG000DHNDK1,,,885728
20120926,13:45:00.000,BBG000BN9WT5,0.0011401927,-0.004408483,975164
20120926,13:45:00.000,BBG000BBMT95,0.040425196,0.0402132,3673436
20120926,13:45:00.000,BBG000BJVZF7,0.0048358967,0.0017999953,1235628
20120926,13:45:00.000,BBG000BPZBB6,-0.0023056306,-0.00039235406,1131371
20120926,13:45:00.000,BBG000R57L13,0.015549981,0.0030632485,2787697
20120926,13:45:00.000,BBG000C1FB75,0.00067798275,-0.0018490455,122218
20120926,13:45:00.000,BBG000BF6LY3,-0.0074694413,-0.0051213815,3932343
20120926,13:45:00.000,BBG000F6ZWH2,0.0022880905,-0.003974601,493310
20120926,13:45:00.000,BBG000BP7JB0,-0.012221401,-0.021871699,3497232
20120926,13:45:00.000,BBG000RNTSX0,0.0064804866,-0.002215147,342501
20120926,13:45:00.000,BBG000BCTQ65,0.00039172708,0.005425784,1150945
20120926,13:45:00.000,BBG000C4DPX1,0.01720483,0.01105867,2332226
20120926,13:45:00.000,BBG000TJM7F0,0.0016190024,0.0072108917,556364
20120926,13:45:00.000,BBG0016WLQ18,0.0001501474,-0.0036255675,1279979
20120926,13:45:00.000,BBG000CNFQW6,-0.0025030798,-0.0050521847,157195
20120926,13:45:00.000,BBG000BMZ7P7,-0.009852903,-0.01349096,292883
20120926,13:45:00.000,BBG000BLDV98,-0.0040882113,0.0064909454,1604181
20120926,13:45:00.000,BBG000BKWSR6,0.0038815255,5.195342e-07,3490911
20120926,13:45:00.000,BBG000MQ1SN9,0.0064285616,0.0082276445,341590
20120926,13:45:00.000,BBG000C75N77,0.00293639,0.00064966024,1083690
20120926,13:45:00.000,BBG000C2ZCH8,-0.0029713367,-0.00077730883,531178
20120926,13:45:00.000,BBG000BVB8Q0,0.009809127,0.0007403989,2292235
20120926,13:45:00.000,BBG000G6BN50,-0.008760746,-0.012601863,218034
20120926,13:45:00.000,BBG000BL79J3,-0.008214024,-0.0050088377,1363331
20120926,13:45:00.000,BBG000BKXFN7,0.0012900481,-0.00679197,3338555
20120926,13:45:00.000,BBG000BD3LM4,-0.0045611826,-0.015198911,1871965
20120926,13:45:00.000,BBG000F86GP6,0.0044241995,-0.0020259104,1040281
20120926,13:45:00.000,BBG000BGXZB5,-0.012589044,-0.01317926,1789915
20120926,13:45:00.000,BBG000BVMPN3,0.0027848422,-0.004049508,649717
20120926,13:45:00.000,BBG000D9DMK0,-0.00829821,-0.0035643997,213711
20120926,13:45:00.000,BBG000FDBX90,-6.9563146e-05,0.0009338088,1941222
20120926,13:45:00.000,BBG000MM5VL9,-0.011572982,-0.01008213,789967
20120926,13:45:00.000,BBG000BHCP19,-0.0038791418,-0.009112017,1519631
20120926,13:45:00.000,BBG000BX8DC4,0.0005434818,-0.0009774566,696833
20120926,13:45:00.000,BBG000G3QLY3,0.015528828,0.007867581,971342
20120926,13:45:00.000,BBG000BDWKC5,0.00094191247,-0.007292007,2125432
20120926,13:45:00.000,BBG000BMRFF9,0.011010332,0.01609792,554302
20120926,13:45:00.000,BBG000BT4T69,-0.0060914326,-0.0037589513,1292946
20120926,13:45:00.000,BBG000BRRG02,0.00052343507,0.0038267907,584912
20120926,13:45:00.000,BBG000BP0KQ8,0.012988081,0.011834705,4729956
20120926,13:45:00.000,BBG000RKR4R8,0.00300998,-0.00569365,5450077
20120926,13:45:00.000,BBG000C3HSR0,-0.011813168,-0.021196425,3046487
20120926,13:45:00.000,BBG000BKQ3V3,-0.0033184327,-0.02086137,1517565
20120926,13:45:00.000,BBG000CGT2S4,-0.0008410716,-4.2209294e-07,1285356
20120926,13:45:00.000,BBG000C1FQS9,-0.0010652152,0.00491538,338067
20120926,13:45:00.000,BBG000FFH4P5,-0.003343965,-0.007910206,278739
20120926,13:45:00.000,BBG000BF5RY1,-0.007677562,-0.0051940144,1353734
20120926,13:45:00.000,BBG000BFNR17,-4.6456462e-05,-0.0071353377,288625
20120926,13:45:00.000,BBG000BR1W32,-0.02624409,-0.040515926,2202490
20120926,13:45:00.000,BBG001M8HHB7,-0.0024352414,-0.00637001,1292277
20120926,13:45:00.000,BBG000BPNP00,-0.00013366633,-0.0076441127,1676999
20120926,13:45:00.000,BBG000C0LW92,0.0020682625,-5.038352e-07,3182182
20120926,13:45:00.000,BBG000K7PWX7,0.014169563,0.012753504,1242153
20120926,13:45:00.000,BBG000BQSQ38,-0.0038891698,-0.005087666,2229317
20120926,13:45:00.000,BBG000BKXYX5,0.027804842,0.04714924,1843673
20120926,13:45:00.000,BBG000BLHRS2,-0.0055209408,-0.0015501281,282130
20120926,13:45:00.000,BBG000JYP7L8,0.017849227,0.018010514,960186
20120926,13:45:00.000,BBG000PV2L86,-0.003770159,0.0014274359,320063
20120926,13:45:00.000,BBG000BTCH57,0.0033792148,0.0033879974,914025
20120926,13:45:00.000,BBG000BBNYF6,0.0062721916,0.0030426653,580177
20120926,13:45:00.000,BBG000BPL8X4,-0.00044348298,-0.0010968992,1058357
20120926,13:45:00.000,BBG000BLCPY4,0.018127607,0.006860515,1001968
20120926,13:45:00.000,BBG000BNC3Y9,-0.0034693826,-0.01195192,1431651
20120926,13:45:00.000,BBG000BT9T73,0.00804282,-0.0014193417,4461962
20120926,13:45:00.000,BBG000BC15S7,0.0027224466,0.002697474,313342
20120926,13:45:00.000,BBG000BKNX95,0.00067230867,-0.00082252023,2912733
20120926,13:45:00.000,BBG000C90DH9,-6.318996e-05,-0.008004076,2290421
20120926,13:45:00.000,BBG000C7B436,-0.003988013,-0.0072209253,2159938
20120926,13:45:00.000,BBG000BK6G19,-0.010551753,-0.01423868,1040658
20120926,13:45:00.000,BBG000BX5ZF5,0.009351634,0.0017195379,7766449
20120926,13:45:00.000,BBG000BGD7W6,-0.0040906765,0.002043158,1532000
20120926,13:45:00.000,BBG000BVSX05,-0.0027952588,-0.013113033,1390390
20120926,13:45:00.000,BBG000CKJ0P3,-0.0017540951,-0.0060312496,502471
20120926,13:45:00.000,BBG000BNJHS8,-0.004943764,0.009044654,2606318
20120926,13:45:00.000,BBG000BQZMH4,-0.0018986647,0.0028271934,737814
20120926,13:45:00.000,BBG000DN7P92,0.0034254745,-0.0004922601,589360
20120926,13:45:00.000,BBG000BKPL53,0.0013468026,-0.004411895,594409
20120926,13:45:00.000,BBG000BB2DM7,0.004527934,0.019577438,6972213
20120926,13:45:00.000,BBG000BJDPC2,0.0099391,0.01757305,919442
20120926,13:45:00.000,BBG000BJ8YN7,-0.00396492,-0.011204483,922025
20120926,13:45:00.000,BBG000BPVCR1,-0.037770238,-0.047902424,5088343
20120926,13:45:00.000,BBG000PCQQL6,0.0067768544,0.00220372,1150336
20120926,13:45:00.000,BBG000C2BXK4,0.0015248455,0.01337796,4204667
20120926,13:45:00.000,BBG000F9KJN4,-0.0045275223,-0.013519031,1382561
20120926,13:45:00.000,BBG000BNNYW1,-0.007547363,-0.0022490458,1130929
20120926,13:45:00.000,BBG000C734W3,-0.0047812657,-0.01786942,440296
20120926,13:45:00.000,BBG000D7RKJ5,-0.002538342,0.0040669376,677498
20120926,13:45:00.000,BBG000G8N9C6,0.0012163135,0.004188599,926855
20120926,13:45:00.000,BBG000BRXP69,-0.0035265712,-0.00971839,312361
20120926,13:45:00.000,BBG000NDYB67,0.005531991,0.0046742056,6063688
20120926,13:45:00.000,BBG000BHZ5J9,0.0062036,0.0016634542,281882
20120926,13:45:00.000,BBG000BHKYH4,0.0044276775,0.009249438,794083
20120926,13:45:00.000,BBG000D2M0Z7,0.0062891548,0.0053948383,388024
20120926,13:45:00.000,BBG000CHWP52,0.00824607,-0.00017139089,672167
20120926,13:45:00.000,BBG0029SNR63,0.0042860135,0.0054432135,3895459
20120926,13:45:00.000,BBG000BNNKG9,-0.00611412,-0.016725706,4815387
20120926,13:45:00.000,BBG000BP4MH0,0.005101322,0.0044227224,1635146
20120926,13:45:00.000,BBG000BHLYS1,0.0048773554,0.010758745,1608873
20120926,13:45:00.000,BBG000BFJ645,-0.008843062,-0.009465364,10221078
20120926,13:45:00.000,BBG000BC4JJ4,-0.0001619323,-0.0023397412,658217
20120926,13:45:00.000,BBG000BVVQQ8,0.0062146555,0.0046177814,2026519
20120926,13:45:00.000,BBG000DLFM21,0.0023095855,-0.0042343214,493007
20120926,13:45:00.000,BBG000BP1152,-0.022170315,-0.030608332,2773663
20120926,13:45:00.000,BBG000H50PN8,0.0019243887,-0.0050221984,1513946
20120926,13:45:00.000,BBG000CP95B7,0.004959942,0.00054867787,318022
20120926,13:45:00.000,BBG000BS9489,-0.008001997,-0.015152624,1025284
20120926,13:45:00.000,BBG000KBQZ88,-0.005697296,-0.010828531,617394
20120926,13:45:00.000,BBG000C37332,-0.012446422,-0.005240844,392354
20120926,13:45:00.000,BBG000C2PW58,0.0024903675,-0.0019102008,239467
20120926,13:45:00.000,BBG000BKR1D6,0.011103353,0.0008954131,419601
20120926,13:45:00.000,BBG000BR37X2,-0.0023226212,-0.0019189839,2049749
20120926,13:45:00.000,BBG000BWCKB6,0.00753057,0.012995782,301807
20120926,13:45:00.000,BBG000BCZYD3,-0.0019084655,-0.004810653,374236
20120926,13:45:00.000,BBG000BMKDM3,-0.0033357297,0.0005782403,818456
20120926,13:45:00.000,BBG000D3MB18,0.00026436732,-0.006791963,922121
20120926,13:45:00.000,BBG000BB1TH9,-0.0022651674,-0.0025580567,923566
20120926,13:45:00.000,BBG000BQVTF5,-0.01158499,-0.013322439,1460900
20120926,13:45:00.000,BBG000D1QCF1,-0.010821138,-0.016695917,1540345
20120926,13:45:00.000,BBG000PX3XC0,-0.004878054,-0.01183952,1218105
20120926,13:45:00.000,BBG000J1QLT0,0.0007330451,0.0006217534,714725
20120926,13:45:00.000,BBG000BH8TT6,-0.012276164,-0.016097832,3241785
20120926,13:45:00.000,BBG000QRFNK2,-0.06869896,-0.06542441,6156404
20120926,13:45:00.000,BBG000BCNYT9,0.014218846,0.015837371,1665187
20120926,13:45:00.000,BBG000BPMH90,-0.015565193,-0.020324614,666193
20120926,13:45:00.000,BBG000F7RCJ1,0.002751574,0.0054039885,475251
20120926,13:45:00.000,BBG000BB6G37,0.00072998565,-0.0051279874,1781594
20120926,13:45:00.000,BBG000BFDLV8,-0.0024871603,-0.009154749,583957
20120926,13:45:00.000,BBG000WCFV84,0.004795366,-0.00029510353,1901694
20120926,13:45:00.000,BBG000BY2Y78,0.002646873,-0.0052284296,1759312
20120926,13:45:00.000,BBG000BXM6V2,0.00034337808,0.006862569,1129648
20120926,13:45:00.000,BBG000FH8PX5,0.0010975994,-0.0032461167,283428
20120926,13:45:00.000,BBG000BP8Z50,-0.0044373604,-0.011802809,1129212
20120926,13:45:00.000,BBG000BQWPC5,0.0006783355,0.0065641697,1372257
20120926,13:45:00.000,BBG000BWSV34,0.009177934,-0.004919658,829763
20120926,13:45:00.000,BBG000NDZ417,-0.01242519,-0.02522894,1564402
20120926,13:45:00.000,BBG000BJQWD2,-0.0013568792,-0.007803253,1071818
20120926,13:45:00.000,BBG000BB5373,0.005034207,0.00054458657,3515539
20120926,13:45:00.000,BBG000BHB3M6,-0.0006082151,-0.003466469,798095
20120926,13:45:00.000,BBG000BLW530,-0.0027985456,-0.010267686,705551
20120926,13:45:00.000,BBG000D8RG11,-0.010396603,-0.00828154,2415772
20120926,13:45:00.000,BBG0019JZ882,-0.008389227,-0.011815731,2005775
20120926,13:45:00.000,BBG000R7RDB4,-0.016227482,-0.025988018,753468
20120926,13:45:00.000,BBG000BQ8KV2,0.0018257959,0.010123712,1346875
20120926,13:45:00.000,BBG000BYWTX7,-0.0031730668,-0.0043274295,10241389
20120926,13:45:00.000,BBG000C1S2X2,-0.020393474,-0.024261655,957828
20120926,13:45:00.000,BBG000DLVDK3,-0.0013004236,0.009654168,1344725
20120926,13:45:00.000,BBG000BFL116,0.03745238,0.036540497,3451979
20120926,13:45:00.000,BBG000C1DHF5,-0.0098464275,-0.020563772,3266769
20120926,13:45:00.000,BBG000BVHBM1,0.0055849184,-0.024510654,3670642
20120926,13:45:00.000,BBG000BGVW60,-0.0001001308,0.0049379435,1287750
20120926,13:45:00.000,BBG000BPQD31,0.0028358945,-0.004131008,1502016
20120926,13:45:00.000,BBG000H1F895,-0.0049238843,-0.017680572,1420197
20120926,13:45:00.000,BBG000K82ZT8,-0.0039596753,-0.013610124,1328872
20120926,13:45:00.000,BBG000DNTSP4,-0.004435531,-0.004782403,1857327
20120926,13:45:00.000,BBG000F15NW9,0.0073462287,0.0035742237,1434345
20120926,13:45:00.000,BBG000BPT0C6,0.0036034242,-0.0029364603,468942
20120926,13:45:00.000,BBG000B9WJ73,0.047080457,0.054619364,9886527
20120926,13:45:00.000,BBG000BDXGP9,0.005176288,0.0072976295,2237247
20120926,13:45:00.000,BBG000BSD7C2,-0.0041189524,-0.001378579,560263
20120926,13:45:00.000,BBG000BSLZY7,0.0071250387,0.0054326784,7940323
20120926,13:45:00.000,BBG000BKZTP3,-0.0032689415,-0.004734767,1839163
20120926,13:45:00.000,BBG000BF1R66,-0.0032846124,-0.0047365054,621988
20120926,13:45:00.000,BBG000HW5GX3,0.0048637926,-0.004125457,2547094
20120926,13:45:00.000,BBG000C0F570,-0.0043828655,-0.0100571485,1295513
20120926,13:45:00.000,BBG000BP1Q11,0.013952471,0.006287953,941175
20120926,13:45:00.000,BBG000BMQPL1,0.0027445024,-0.002278357,5699059
20120926,13:45:00.000,BBG000M65M61,-0.0016321003,0.011595471,2157584
20120926,13:45:00.000,BBG000BM7HL0,-0.001084568,-0.009734079,1542267
20120926,13:45:00.000,BBG000BJ49H3,-0.004515621,-0.0044359784,863239
20120926,13:45:00.000,BBG000JBN3X6,0.008075331,0.01554089,2437519
20120926,13:45:00.000,BBG000NSQ9M0,-2.1952517e-05,0.00784575,4963732
20120926,13:45:00.000,BBG000BTVJ25,0.0020163115,0.002591697,1163636
20120926,13:45:00.000,BBG000BBCDZ2,-0.0016445906,-0.0054350165,975394
20120926,13:45:00.000,BBG000BNGTQ7,0.0009159785,0.0014189838,950249
20120926,13:45:00.000,BBG000BGKHZ3,0.007361209,0.0002094631,937064
20120926,13:45:00.000,BBG000BL9439,-0.0016679416,0.001970995,683761
20120926,13:45:00.000,BBG000H9G7X2,-0.010059569,-0.002603246,1298735
20120926,13:45:00.000,BBG000BK67C7,0.0024911077,0.006620161,972980
20120926,13:45:00.000,BBG000FV1Z23,0.0049780733,0.0073852893,621869
20120926,13:45:00.000,BBG000BV7LP7,-0.008007872,-0.010998674,3667613
20120926,13:45:00.000,BBG000CR90K4,0.056139316,0.060560722,29470068
20120926,13:45:00.000,BBG000BL9JQ1,0.00550699,-0.0049621863,1945521
20120926,13:45:00.000,BBG000BF2KK4,0.008812585,0.00458304,496545
20120926,13:45:00.000,BBG000GLBN48,0.0008458978,-0.0090761855,522232
20120926,13:45:00.000,BBG000BB6M98,-0.0014697863,0.0018052357,711060
20120926,13:45:00.000,BBG000BXMFC3,-0.02847734,-0.03717215,4211868
20120926,13:45:00.000,BBG000BSXQV7,-0.005544129,-0.0038557593,530536
20120926,13:45:00.000,BBG000MDCQC2,-0.0014008618,0.004379428,1488569
20120926,13:45:00.000,BBG000BRJ809,0.004888633,0.0013914882,328550
20120926,13:45:00.000,BBG000DKCC19,0.020291302,0.027646232,2935553
20120926,13:45:00.000,BBG000BFMBQ6,0.0070824726,0.006401716,698699
20120926,13:45:00.000,BBG000BQ2C28,0.0073618633,0.008209982,825204
20120926,13:45:00.000,BBG000BMTFR4,0.008505533,-0.0036282216,1855012
20120926,13:45:00.000,BBG000BHLYP4,0.0040706485,0.0012239176,998935
20120926,13:45:00.000,BBG000BNFLM9,-0.0053982944,-0.00941804,2413764
20120926,13:45:00.000,BBG000NV1KK7,0.004327426,0.007778918,2011003
20120926,13:45:00.000,BBG000FBK808,-0.0138642425,-0.022390144,3660695
20120926,13:45:00.000,BBG000R0L5J4,-0.009063663,-0.016078569,665318
20120926,13:45:00.000,BBG000BZTW70,0.007909512,-0.0007012439,5491148
20120926,13:45:00.000,BBG000BLM0V1,,,644019
20120926,13:45:00.000,BBG000BTQR96,-0.0038657119,-0.00764667,1052101
20120926,13:45:00.000,BBG000BH5DV1,0.010743204,0.0018125811,2193879
20120926,13:45:00.000,BBG000BLBXT4,-0.008507777,-0.0014836198,1032160
20120926,13:45:00.000,BBG000KLB4Q1,0.00997399,1.9616928e-07,5723094
20120926,13:45:00.000,BBG000BR3KL6,-0.00263962,-0.0053491136,714015
20120926,13:45:00.000,BBG000BB9KF2,-0.0038107722,0.0011268053,887725
20120926,13:45:00.000,BBG000BVDLH9,0.005565651,0.0011011645,533039
20120926,13:45:00.000,BBG000C0MF34,-0.0032919622,0.0066491985,432501
20120926,13:45:00.000,BBG000FVXD63,0.019221209,0.013637403,762967
20120926,13:45:00.000,BBG000CGQ6M4,-0.01800232,-0.019143052,1050215
20120926,13:45:00.000,BBG000BJSBJ0,0.005550925,0.009052289,1536028
20120926,13:45:00.000,BBG000BFTJ91,-0.008384292,-0.018054133,1506770
20120926,13:45:00.000,BBG000BSC0K9,-0.0054976726,-0.0033879732,982075
20120926,13:45:00.000,BBG000BWXL85,0.008287194,-0.0009982531,1528035
20120926,13:45:00.000,BBG000QY3XZ2,0.014394994,-0.0020638558,1295120
20120926,13:45:00.000,BBG000BCWCG1,0.0011898663,0.013581467,3681260
20120926,13:45:00.000,BBG000CKVSG8,0.016968146,0.016081868,3831011
20120926,13:45:00.000,BBG000JN8R00,0.016093284,0.027781632,1375028
20120926,13:45:00.000,BBG000BBBNC6,-0.0044237054,-0.012401383,1850073
20120926,13:45:00.000,BBG000JG0547,-0.0020529612,-0.0051390366,1503583
20120926,13:45:00.000,BBG000R7Z112,0.005745877,0.017747859,3474987
20120926,13:45:00.000,BBG000D898T9,0.008487037,0.010379552,2858372
20120926,13:45:00.000,BBG000Q3JN03,0.0060136,0.0013835571,9160856
20120926,13:45:00.000,BBG000BRJL00,-0.008440384,-0.0017231654,2837187
20120926,13:45:00.000,BBG000C2V3D6,0.003147912,-0.006911895,2006275
20120926,13:45:00.000,BBG000G30YX4,-0.00094161474,-0.013296122,676112
20120926,13:45:00.000,BBG000G0Z878,0.006358511,0.0021265657,2959073
20120926,13:45:00.000,BBG000BKXBV7,-0.012824858,-0.020226175,6153484
20120926,13:45:00.000,BBG000BJ98Z0,-0.008647934,0.0073234104,5990800
20120926,13:45:00.000,BBG000BR14K5,0.0048206826,0.003996882,841826
20120926,13:45:00.000,BBG000BGYWY6,-0.005441614,0.0012438276,531154
20120926,13:45:00.000,BBG000BCGY17,0.0022777095,0.008049362,626481
20120926,13:45:00.000,BBG000BV75B7,0.0042486824,0.0015416284,1234796
20120926,13:45:00.000,BBG000CXD6X9,-0.011990154,-0.008794721,1261489
20120926,13:45:00.000,BBG000BWVSR1,-0.008549231,-0.004985321,1905190
20120926,13:45:00.000,BBG000BVPPM1,-0.0021121765,-0.011937872,1815806
20120926,13:45:00.000,BBG000BBMSJ6,-0.0073316884,-0.011919808,2403276
20120926,13:45:00.000,BBG000CHPY97,0.0063052326,0.0013715004,2395221
20120926,13:45:00.000,BBG000C3GN47,0.015784089,0.006300049,1276574
20120926,13:45:00.000,BBG000BYYLS8,-0.0013733159,-0.0075351507,2168330
20120926,13:45:00.000,BBG000DTMH63,,,2197258
20120926,13:45:00.000,BBG000PVRDL2,-0.010720272,-0.0052621635,5236966
20120926,13:45:00.000,BBG000DQTXY6,0.007025539,-0.026672073,8452500
20120926,13:45:00.000,BBG000JF5CV9,0.0048946603,1.1689755e-07,3203058
20120926,13:45:00.000,BBG000CJZ2W6,-0.01852827,-0.018841844,1732424
20120926,13:45:00.000,BBG000K14Q84,-0.0081913555,-0.0068556336,3210918
20120926,13:45:00.000,BBG000BH3JF8,0.014809896,0.014669697,3110674
20120926,13:45:00.000,BBG000BTKGG8,0.006713966,0.0021271491,3929073
20120926,13:45:00.000,BBG000BB5006,0.002515143,-0.0060817823,2237826
20120926,13:45:00.000,BBG000BSBZH7,0.0003195215,0.004325269,1062845
20120926,13:45:00.000,BBG000BM6788,-0.00097522564,-0.003766953,1981264
20120926,13:45:00.000,BBG000BQ5DS5,-0.009210385,-0.0073726047,2131962
20120926,13:45:00.000,BBG000BB6WG8,-0.0057327882,-0.0043395264,3220031
20120926,13:45:00.000,BBG000BRK7L6,0.0020543134,-0.0051793624,2424257
20120926,13:45:00.000,BBG000BMY992,0.0043190615,0.006389676,3277681
20120926,13:45:00.000,BBG000FKJRC5,-0.0068294406,-0.009201537,1025806
20120926,13:45:00.000,BBG000C1BW00,0.008542843,0.007486002,671430
20120926,13:45:00.000,BBG000DY8ZS4,0.010520217,0.00079517416,7544570
20120926,13:45:00.000,BBG000BY33P5,-0.009366858,-0.010635719,4318505
20120926,13:45:00.000,BBG000BKLH74,0.00029175068,-0.0019726693,2293391
20120926,13:45:00.000,BBG000BMF5J0,0.007281982,0.01377876,6662601
20120926,13:45:00.000,BBG000CSY9H9,0.011453423,0.017664477,2419109
20120926,13:45:00.000,BBG000CPQZ77,-0.013574159,-0.016098497,984712
20120926,13:45:00.000,BBG000CS7CT9,0.0053652003,0.011232374,1364088
20120926,13:45:00.000,BBG000BC9938,-0.0033603904,-0.0141935535,1600057
20120926,13:45:00.000,BBG000BBJQV0,-0.00863094,-0.014919211,7220176
20120926,13:45:00.000,BBG000FQ6PY6,-0.00021519215,-0.008313896,1168852
20120926,13:45:00.000,BBG000PM7GJ0,0.04178471,0.052028447,18680346
20120926,13:45:00.000,BBG000GC80B4,0.010412687,0.0044501824,1166283
20120926,13:45:00.000,BBG000DYGNW7,0.0027349773,0.007644437,953566
20120926,13:45:00.000,BBG000HCJMF9,-0.016238958,-0.022851659,3274957
20120926,13:45:00.000,BBG000C17X76,0.0031000415,-0.0028778352,1118029
20120926,13:45:00.000,BBG000BMDV41,0.003108103,0.003637787,2666178
20120926,13:45:00.000,BBG000TWC2V5,-0.0030388613,0.0031231595,739577
20120926,13:45:00.000,BBG000BBPFB9,0.012343281,0.0026921257,6193144
20120926,13:45:00.000,BBG000BLKK03,-0.0010967668,-0.0026914605,1001718
20120926,13:45:00.000,BBG000R8ZVD1,0.012651273,0.017274477,1011732
20120926,13:45:00.000,BBG000BD8PN9,0.009578735,0.0048600226,3628799
20120926,13:45:00.000,BBG000BBDV81,0.00044707936,-0.0013989173,1045267
20120926,13:45:00.000,BBG000BCVJ77,-0.013716186,-0.01808755,3182480
20120926,13:45:00.000,BBG000BJL3N0,0.003864264,-0.0019459445,7612569
20120926,13:45:00.000,BBG000BZ2GG4,-0.0013007254,-0.016213628,1495977
20120926,13:45:00.000,BBG000BKFBD7,-0.0031916131,-0.0061375154,2340299
20120926,13:45:00.000,BBG000BJ2VQ6,-0.009861313,-0.02004944,2110484
20120926,13:45:00.000,BBG000BKFZM4,0.001172885,-0.0038653275,7786230
20120926,13:45:00.000,BBG000QBR5J5,0.0015720018,-0.005845422,2431900
20120926,13:45:00.000,BBG000BJPDZ1,-0.0047003054,-0.010563044,119295
20120926,13:45:00.000,BBG000BH5LT6,0.002446894,-0.0075680334,2319001
20120926,13:45:00.000,BBG000MBDGM6,0.019200543,0.0078074466,461812
20120926,13:45:00.000,BBG000LD9JQ8,-0.0073793605,-0.0016688624,684126
20120926,13:45:00.000,BBG000BTR593,0.006883559,0.0033042366,2440365
20120926,13:45:00.000,BBG000BVMGF2,-0.0039385953,-0.008012635,1588611
20120926,13:45:00.000,BBG000FJLFX8,-0.010752778,-0.013033827,2538618
20120926,13:45:00.000,BBG000BWNFZ9,0.0004864958,-0.017002756,2333319
20120926,13:45:00.000,BBG000BR54L0,0.0024790922,-0.032368608,17414166
20120926,13:45:00.000,BBG000BCBCM7,-0.013047929,-0.01453289,16617578
20120926,13:45:00.000,BBG000BM5SR2,0.0054464056,-0.0026396418,2981299
20120926,13:45:00.000,BBG000BJ81C1,-0.007102906,-0.009495313,1169871
20120926,13:45:00.000,BBG001DCCGR8,-0.0008800062,-0.012488789,2365925
20120926,13:45:00.000,BBG000H89QJ6,0.0009871527,-0.0069693923,1333592
20120926,13:45:00.000,BBG000F6H8W8,-0.0025111218,-0.001380444,858999
20120926,13:45:00.000,BBG000BS0ZF1,0.0029412769,0.008140623,404262
20120926,13:45:00.000,BBG000BVWLJ6,-0.003296564,0.00018201154,3738131
20120926,13:45:00.000,BBG000BGJRC8,-0.0047404855,-0.005197287,3693899
20120926,13:45:00.000,BBG000BT9DW0,0.0016908254,0.008962311,1887699
20120926,13:45:00.000,BBG000BXRPH1,0.0017221944,-0.008350712,1162541
20120926,13:45:00.000,BBG000C7LMS8,0.0070972946,0.014866349,623648
20120926,13:45:00.000,BBG00286S4N9,8.96615e-05,-0.00478331,2071922
20120926,13:45:00.000,BBG000BH2JM1,0.0061097792,-0.002768026,5454797
20120926,13:45:00.000,BBG000BRD0D8,-0.010081737,-0.013479242,2907564
20120926,13:45:00.000,BBG000BJF1Z8,-0.0024872136,-0.0023648164,1293708
20120926,13:45:00.000,BBG000BHQ1H0,0.010336347,0.0073440527,1258044
20120926,13:45:00.000,BBG000BN5HF7,-0.0048940834,-0.029909544,6879665
20120926,13:45:00.000,BBG000B9WH86,-0.002567395,0.014714397,16959280
20120926,13:45:00.000,BBG000C5Z1S3,-0.008914967,-0.0114657795,20716312
20120926,13:45:00.000,BBG000D9D830,-0.0048340033,-0.009548491,1634294
20120926,13:45:00.000,BBG000JWD753,0.01237551,0.01800767,6285876
20120926,13:45:00.000,BBG000BKCFC2,-0.0043073925,0.00049805676,2345485
20120926,13:45:00.000,BBG000BWVCP8,-0.010905906,-0.01726357,3960546
20120926,13:45:00.000,BBG000BBD070,-0.008207628,-0.012871899,2944939
20120926,13:45:00.000,BBG000BMBL90,-0.0059656813,-0.009093854,2281586
20120926,13:45:00.000,BBG000BNWG87,0.004169249,-0.0018466025,2580654
20120926,13:45:00.000,BBG000BCG930,-0.009226526,-0.0106009105,1579127
20120926,13:45:00.000,BBG000BHX7N2,-0.005754809,-0.0051763593,2589379
20120926,13:45:00.000,BBG000BX3TD3,0.009308931,0.027246978,8359231
20120926,13:45:00.000,BBG000BH23R1,6.661043e-05,0.0050123516,12623723
20120926,13:45:00.000,BBG000BBVJZ8,-0.004956195,-0.008069414,1148062
20120926,13:45:00.000,BBG000BJ3PD2,0.011885139,0.0090897605,2049062
20120926,13:45:00.000,BBG000BFQYY3,0.0043559694,0.0045917896,803207
20120926,13:45:00.000,BBG000BMW2Z0,0.00045114697,0.001520685,863518
20120926,13:45:00.000,BBG000CXYSZ6,-0.00092821155,-0.010137542,771725
20120926,13:45:00.000,BBG000H556T9,0.005572089,0.0037082438,2300589
20120926,13:45:00.000,BBG000J6XT05,-0.0057404465,0.0033683898,2566842
20120926,13:45:00.000,BBG000C8H633,-0.0027984616,-0.011653674,4395602
20120926,13:45:00.000,BBG000FP1N32,-0.03233462,-0.039215144,6778576
20120926,13:45:00.000,BBG000BD4VG8,0.00016530081,-0.009726898,2001864
20120926,13:45:00.000,BBG000C496P7,-0.008267061,-0.01788378,6389792
20120926,13:45:00.000,BBG000FG3C43,-0.012912565,-0.023592116,4673154
20120926,13:45:00.000,BBG000DHSPT0,-0.0050226892,-0.013225479,2598331
20120926,13:45:00.000,BBG000FW00S1,0.016949205,0.020023482,5613125
20120926,13:45:00.000,BBG000BFC8J2,0.008958551,0.0036783414,1504059
20120926,13:45:00.000,BBG000BZ9223,0.0015194729,-0.0076042945,723504
20120926,13:45:00.000,BBG000GFFQN9,-0.00068301364,0.0012758534,7997815
20120926,13:45:00.000,BBG000G2R6M0,0.00027175224,0.012545748,3685590
20120926,13:45:00.000,BBG000FL1TC8,-0.007375368,-0.01490941,2065426
20120926,13:45:00.000,BBG000BGKTF9,-0.0012190861,-0.0050082845,2296837
20120926,13:45:00.000,BBG000BB6KF5,-0.005385532,-0.012383315,5418831
20120926,13:45:00.000,BBG000BGLRN3,-0.013960725,-0.012635589,2187572
20120926,13:45:00.000,BBG000Q9HH23,-0.0056330697,-0.00921819,1391899
20120926,13:45:00.000,BBG000BV8DN6,0.01476609,0.018613027,3850244
20120926,13:45:00.000,BBG000BFXHL6,-0.0043937857,-0.0026057994,2505434
20120926,13:45:00.000,BBG000C46HM9,0.0054124133,0.0055608856,3031037
20120926,13:45:00.000,BBG000BFRF55,0.014830669,0.024130296,5690272
20120926,13:45:00.000,BBG000BNBDC2,-0.0026496155,-0.008220504,2707924
20120926,13:45:00.000,BBG000BH13K9,0.003459866,0.0033685213,1973510
20120926,13:45:00.000,BBG000BGPTV6,0.008011594,0.008167485,1423196
20120926,13:45:00.000,BBG000QX74T1,-0.012743068,-0.009966741,698338
20120926,13:45:00.000,BBG000BWJFZ4,0.018095564,0.012142695,538205
20120926,13:45:00.000,BBG000BWLMJ4,-0.00015277615,-0.0013861498,3388597
20120926,13:45:00.000,BBG000BW3299,-0.010058164,-0.011713518,1222676
20120926,13:45:00.000,BBG000BFDXW1,-0.0069048414,-0.012151437,5748896
20120926,13:45:00.000,BBG000BC2C10,0.01085405,0.007975155,2003843
20120926,13:45:00.000,BBG000BVV7G1,-0.009069755,-0.01401656,11534757
20120926,13:45:00.000,BBG000BPWXK1,-0.00070825685,0.0116200615,4327433
20120926,13:45:00.000,BBG000BBGGQ1,-0.0076364316,-0.014302024,4509389
20120926,13:45:00.000,BBG000BHBK84,-0.008779126,-0.0101826815,5429391
20120926,13:45:00.000,BBG000BJX8C8,-0.0057260585,-0.014464383,2434321
20120926,13:45:00.000,BBG000H8TVT2,-0.009236973,-0.003263051,1855162
20120926,13:45:00.000,BBG000BTZQC4,-0.0040677134,0.0024253335,3366562
20120926,13:45:00.000,BBG000BP52R2,-0.00050810026,-0.00021505024,1459291
20120926,13:45:00.000,BBG000C5HS04,-0.0015617656,0.011516134,1696942
20120926,13:45:00.000,BBG000BH3GZ2,-0.002966005,-0.0034460325,1372030
20120926,13:45:00.000,BBG000F1ZSQ2,-6.1458835e-05,-0.005037849,184624
20120926,13:45:00.000,BBG000C15T95,0.006874743,0.008906553,1725478
20120926,13:45:00.000,BBG000BFWKC0,-0.0029692089,-0.007184801,1356155
20120926,13:45:00.000,BBG000CL9VN6,0.031593107,0.038300797,4225318
20120926,13:45:00.000,BBG000F0KF42,0.011671876,-0.016479677,4634470
20120926,13:45:00.000,BBG000C240W1,-0.0055795335,-0.009033746,25977994
20120926,13:45:00.000,BBG000L9CV04,-0.0029085283,-0.0023586056,2258268
20120926,13:45:00.000,BBG000BC40Y8,0.004980949,0.0014457756,2318068
20120926,13:45:00.000,BBG000BL4504,-0.005074441,-0.01099812,7850285
20120926,13:45:00.000,BBG000BB07P9,-0.008635321,0.0036629972,6839044
20120926,13:45:00.000,BBG000BBDZG3,-0.0016191415,-0.009665758,22073156
20120926,13:45:00.000,BBG000BY29C7,0.010273971,0.020245798,4066019
20120926,13:45:00.000,BBG000DWG505,0.006613849,0.008449318,2104421
20120926,13:45:00.000,BBG000BCQZS4,-0.0066693584,-0.011204557,2712357
20120926,13:45:00.000,BBG000CKGBP2,-0.009823981,-0.01650472,4402636
20120926,13:45:00.000,BBG000BHGDH5,-0.007100743,0.0018665388,1782672
20120926,13:45:00.000,BBG000FFDM15,0.002139821,0.0025046314,5716109
20120926,13:45:00.000,BBG000BWXBC2,0.0009080026,-0.00013503495,2514507
20120926,13:45:00.000,BBG000BGRY34,0.00782326,0.007980824,3611532
20120926,13:45:00.000,BBG000BN2DC2,-0.0048874603,-0.014688261,1407392
20120926,13:45:00.000,BBG000BH1NH9,0.007926435,0.0057889353,2193545
20120926,13:45:00.000,BBG000F0PF65,0.0005984152,-0.006666294,4049487
20120926,13:45:00.000,BBG000BW8S60,-0.0039020404,-0.00038126713,2743532
20120926,13:45:00.000,BBG000BCSST7,0.0057807504,0.01333033,3096575
20120926,13:45:00.000,BBG000CH5208,0.0007838589,-0.0016013057,3518421
20120926,13:45:00.000,BBG000BQQ2S6,0.0027524885,-0.001230655,1864588
20120926,13:45:00.000,BBG000BLZRJ2,0.008806565,0.0030095535,13105129
20120926,13:45:00.000,BBG000BP6LJ8,0.00038571126,0.0064659743,3916311
20120926,13:45:00.000,BBG000DWYF03,0.0012116609,-0.0057311803,7428857
20120926,13:45:00.000,BBG000BQPC32,-0.00069663126,0.000991394,31484272
20120926,13:45:00.000,BBG000BBS2Y0,0.0024622993,-0.0047110375,2930797
20120926,13:45:00.000,BBG000CTQBF3,-0.004960461,-0.005937927,3587260
20120926,13:45:00.000,BBG000DQLV23,-0.0044209934,-0.00823592,5511240
20120926,13:45:00.000,BBG000KHWT55,0.02457713,0.026323391,23129916
20120926,13:45:00.000,BBG000BNDN65,0.0077982843,0.012126435,8395634
20120926,13:45:00.000,BBG000B9ZXB4,0.0009493897,-0.003304981,3456472
20120926,13:45:00.000,BBG000DH7JK6,-0.0034367293,0.005402452,2186739
20120926,13:45:00.000,BBG000BH4R78,-0.0067907893,-0.0125562595,5008695
20120926,13:45:00.000,BBG000BQQH30,0.0020881488,-0.0055749463,3885680
20120926,13:45:00.000,BBG000PSKYX7,-0.0023640934,-0.0085076075,1377271
20120926,13:45:00.000,BBG000C6CFJ5,0.0014116889,-0.0009245657,3678222
20120926,13:45:00.000,BBG000BKTFN2,-0.0069706524,-0.015533121,10455761
20120926,13:45:00.000,BBG000J2XL74,0.0031717727,0.008104105,2471346
20120926,13:45:00.000,BBG000BHVJJ3,0.0015836451,-0.009574419,10743004
20120926,13:45:00.000,BBG000C43RR5,-0.0051554097,-0.009165608,7363040
20120926,13:45:00.000,BBG000BFT2L4,-0.009475284,-0.0170172,7221846
20120926,13:45:00.000,BBG000D4LWF6,-0.00490992,-0.0009676064,8513737
20120926,13:45:00.000,BBG000BNSZP1,0.0010362172,0.0038767993,2833528
20120926,13:45:00.000,BBG000BT41Q8,0.0027648206,-0.0037139265,2903862
20120926,13:45:00.000,BBG000BKZB36,-0.0050671147,-0.0036836427,4993747
20120926,13:45:00.000,BBG000BPD168,0.00745297,0.0031022541,7469661
20120926,13:45:00.000,BBG000HS77T5,0.0014889044,0.003944715,6023603
20120926,13:45:00.000,BBG000BQLTW7,-0.009811099,-0.015018527,18503944
20120926,13:45:00.000,BBG000BVPV84,-0.0027268,-0.0068935645,1968124
20120926,13:45:00.000,BBG000BJDB15,0.002967715,0.01348016,16222394
20120926,13:45:00.000,BBG000BMX289,-0.0004171702,0.007430352,9022426
20120926,13:45:00.000,BBG000MM2P62,0.02186703,0.021207992,26470438
20120926,13:45:00.000,BBG000CGC1X8,0.0014923761,-0.0046246513,6784155
20120926,13:45:00.000,BBG000BLBVN4,-0.008763877,-0.014875957,641959
20120926,13:45:00.000,BBG000BF0K17,0.0073574306,0.0077552577,6268004
20120926,13:45:00.000,BBG000BR2TH3,-0.0036969697,-0.00043158297,5084714
20120926,13:45:00.000,BBG000K4ND22,0.0008660913,-0.0033345958,3152289
20120926,13:45:00.000,BBG000BR2B91,0.0073821126,0.0032205414,16692547
20120926,13:45:00.000,BBG000C3J3C9,0.0001973796,-0.0064365016,19485980
20120926,13:45:00.000,BBG000BLNNH6,0.0027977314,-0.0019991854,1842057
20120926,13:45:00.000,BBG000BWQFY7,-0.0035891617,-0.007775051,16503020
20120926,13:45:00.000,BBG000BMHYD1,-0.0017742135,-0.004184667,5539825
20120926,13:45:00.000,BBG000BK6MB5,-0.003820341,-0.0044811363,22673612
20120926,13:45:00.000,BBG000BSJK37,0.0057679676,0.0068315873,13643582
20120926,13:45:00.000,BBG000C0G1D1,0.01357918,0.00843969,31865132
20120926,13:45:00.000,BBG000FY4S11,0.0045018503,-0.0027375098,31723568
20120926,13:45:00.000,BBG000BCTLF6,0.002262575,-0.0022406152,102713776
20120926,13:45:00.000,BBG000DMBXR2,0.0065437746,-0.00024717452,15414730
20120926,13:45:00.000,BBG000BPH459,0.00061030744,-0.006908893,33128596
20120926,13:45:00.000,BBG000GZQ728,-0.004145195,-0.0047948533,6159380
20120926,13:45:00.000,BBG000BHSKN9,0.013362387,0.009623804,3861613
20120926,13:45:00.000,BBG000B9XRY4,0.0020030728,-0.00909818,13860470
20120926,14:00:00.000,BBG000BFVXX0,0.009152585,0.011128313,1655173
20120926,14:00:00.000,BBG000M4SW14,-0.024347046,-0.030563239,640918
20120926,14:00:00.000,BBG000HS74G6,-0.008988719,-0.013082028,344319
20120926,14:00:00.000,BBG000BJNGN9,-0.07921304,-0.09921261,7706744
20120926,14:00:00.000,BBG000FNRZ69,0.0009551702,-0.006529808,5216640
20120926,14:00:00.000,BBG000BW2QX0,-0.0053589395,-0.008283836,1803610
20120926,14:00:00.000,BBG000BBV8B8,0.014485603,-0.00049167936,1225974
20120926,14:00:00.000,BBG000DV7MX4,0.005442978,-3.989886e-07,6438869
20120926,14:00:00.000,BBG000BQ74K1,-0.0036500741,-0.011816506,596392
20120926,14:00:00.000,BBG000BCYP43,0.00094604655,-0.0030485669,135516
20120926,14:00:00.000,BBG000BW5YW1,0.0133404145,-0.009869355,1723126
20120926,14:00:00.000,BBG000BLCL55,0.002903663,-0.0125623755,638083
20120926,14:00:00.000,BBG000CZWZ05,0.0027718619,-0.0076968805,387531
20120926,14:00:00.000,BBG000NSCNT7,0.0068563563,-0.0022383148,1478383
20120926,14:00:00.000,BBG000D14WM3,-0.004220549,-0.02680979,4365249
20120926,14:00:00.000,BBG000BK5DP1,0.0029397272,-0.0121117225,2434317
20120926,14:00:00.000,BBG000PCNTM2,-0.0046052258,-0.015275746,319386
20120926,14:00:00.000,BBG000BBB3K1,0.0012904028,0.005964159,955011
20120926,14:00:00.000,BBG000C2YHG9,-0.01150149,-0.021986905,1232969
20120926,14:00:00.000,BBG000RGM5P1,-0.007723041,-0.020107929,1668362
20120926,14:00:00.000,BBG000BQ87N0,-0.002539552,0.0005250322,640854
20120926,14:00:00.000,BBG000BD0TF8,0.004302601,-0.0064046984,305393
20120926,14:00:00.000,BBG000BDG1Y1,-0.0023850633,-0.009796666,837549
20120926,14:00:00.000,BBG000BHC2S1,-1.2887763e-05,-0.009438426,519871
20120926,14:00:00.000,BBG000BCHG15,-0.0019471907,-0.0034641067,693513
20120926,14:00:00.000,BBG000CLVM51,-0.0030867204,-0.0059734927,205094
20120926,14:00:00.000,BBG000BBCQD7,-0.006337248,-0.014949268,975807
20120926,14:00:00.000,BBG000BB03M1,0.012955812,0.006614343,720275
20120926,14:00:00.000,BBG000BQC9V2,0.020126173,0.013085439,2356287
20120926,14:00:00.000,BBG000D5S4M0,-0.008406052,-0.009739943,373763
20120926,14:00:00.000,BBG000BB9RZ5,0.013796786,0.0039123083,297547
20120926,14:00:00.000,BBG000DCCZW2,-0.010095897,-0.020390324,919905
20120926,14:00:00.000,BBG000BS5170,-0.0032397357,-0.0009598103,722407
20120926,14:00:00.000,BBG000BLMZK6,-0.004016345,0.0001745403,969027
20120926,14:00:00.000,BBG000BB5BF6,0.003027242,0.007178682,2894554
20120926,14:00:00.000,BBG000BLXZN1,0.007230839,-0.0037112227,216207
20120926,14:00:00.000,BBG000FQRVM3,-0.0010504869,-0.006537938,272003
20120926,14:00:00.000,BBG000BGFLL5,-0.0007519844,-0.0072421473,2202043
20120926,14:00:00.000,BBG000BJ5GK2,0.0004845233,0.0008321791,486788
20120926,14:00:00.000,BBG000BWP7D9,0.007825625,0.01042634,1390919
20120926,14:00:00.000,BBG000BPQVR5,0.0025291953,-0.003383955,528000
20120926,14:00:00.000,BBG000DGPR66,-0.004416843,-0.008098381,567595
20120926,14:00:00.000,BBG000BRZBT3,-0.009355614,-0.024282292,1238545
20120926,14:00:00.000,BBG000BWBZN1,-0.004792889,-0.009792052,477105
20120926,14:00:00.000,BBG000BFS7D3,0.0101231495,0.013166453,500143
20120926,14:00:00.000,BBG000C23KJ3,-0.007740927,-0.0045214365,4606723
20120926,14:00:00.000,BBG001QD41M9,0.009695115,-2.1840945e-07,744852
20120926,14:00:00.000,BBG000M44VW8,-0.011000972,-0.028775062,1114199
20120926,14:00:00.000,BBG000BSJTT0,0.013150468,0.0066160825,2551331
20120926,14:00:00.000,BBG000C9W1Y1,0.00369369,0.00041800702,1592386
20120926,14:00:00.000,BBG000DHNDK1,,,948513
20120926,14:00:00.000,BBG000BN9WT5,-0.00041155273,-0.009445483,1033239
20120926,14:00:00.000,BBG000BBMT95,0.040438194,0.03767137,3673436
20120926,14:00:00.000,BBG000BJVZF7,0.0030123063,-0.0016611508,1303859
20120926,14:00:00.000,BBG000BPZBB6,-0.0020961731,-0.0015682246,1208383
20120926,14:00:00.000,BBG000R57L13,0.017885623,-0.00043696267,2936993
20120926,14:00:00.000,BBG000C1FB75,0.0013775679,-0.0036607634,135799
20120926,14:00:00.000,BBG000BF6LY3,-0.0055112746,-0.0053908955,4082343
20120926,14:00:00.000,BBG000F6ZWH2,0.00390685,-0.005913577,510109
20120926,14:00:00.000,BBG000BP7JB0,-0.011973426,-0.027542107,3630679
20120926,14:00:00.000,BBG000RNTSX0,0.006162592,-0.0061280676,355990
20120926,14:00:00.000,BBG000BCTQ65,3.2143613e-05,0.0036170774,1235303
20120926,14:00:00.000,BBG000C4DPX1,0.018574094,0.007271442,2437750
20120926,14:00:00.000,BBG000TJM7F0,0.002748615,0.0066386275,591502
20120926,14:00:00.000,BBG0016WLQ18,0.0018524682,-0.0056394576,1308930
20120926,14:00:00.000,BBG000CNFQW6,-0.001400525,-0.00590842,165688
20120926,14:00:00.000,BBG000BMZ7P7,-0.008521222,-0.014342501,313865
20120926,14:00:00.000,BBG000BLDV98,-0.0030715205,0.0053106113,1706471
20120926,14:00:00.000,BBG000BKWSR6,0.007219345,5.6873745e-07,3661011
20120926,14:00:00.000,BBG000MQ1SN9,0.0071578505,0.0077787675,376170
20120926,14:00:00.000,BBG000C75N77,0.0026220733,-0.0029246907,1124844
20120926,14:00:00.000,BBG000C2ZCH8,-0.004134697,-0.0024075187,564990
20120926,14:00:00.000,BBG000BVB8Q0,0.011335895,-0.0037022622,2438071
20120926,14:00:00.000,BBG000G6BN50,-0.008643792,-0.015023006,229587
20120926,14:00:00.000,BBG000BL79J3,-0.009973613,-0.00949007,1414231
20120926,14:00:00.000,BBG000BKXFN7,-0.0008645496,-0.017906524,3486818
20120926,14:00:00.000,BBG000BD3LM4,-0.0023938303,-0.016841816,1943473
20120926,14:00:00.000,BBG000F86GP6,0.0048338356,-0.004276792,1072261
20120926,14:00:00.000,BBG000BGXZB5,-0.015589728,-0.018357044,1872013
20120926,14:00:00.000,BBG000BVMPN3,0.0013434915,-0.008417475,669312
20120926,14:00:00.000,BBG000D9DMK0,-0.009065093,-0.005812859,219669
20120926,14:00:00.000,BBG000FDBX90,-0.0005024503,-0.0004672723,2020428
20120926,14:00:00.000,BBG000MM5VL9,-0.013015734,-0.015671138,826809
20120926,14:00:00.000,BBG000BHCP19,-0.0023028804,-0.011389814,1581710
20120926,14:00:00.000,BBG000BX8DC4,0.0021402754,-0.0016755122,722682
20120926,14:00:00.000,BBG000G3QLY3,0.01426283,0.0030398124,1019290
20120926,14:00:00.000,BBG000BDWKC5,-0.0004257838,-0.0103624435,2238370
20120926,14:00:00.000,BBG000BMRFF9,0.012602703,0.013490162,583427
20120926,14:00:00.000,BBG000BT4T69,-0.0071078176,-0.007893639,1373734
20120926,14:00:00.000,BBG000BRRG02,0.000948032,0.0012932331,600385
20120926,14:00:00.000,BBG000BP0KQ8,0.009446545,0.0031563053,5027308
20120926,14:00:00.000,BBG000RKR4R8,0.004855488,-0.0113875,5779793
20120926,14:00:00.000,BBG000C3HSR0,-0.003217378,-0.018982034,3207371
20120926,14:00:00.000,BBG000BKQ3V3,-0.0023855225,-0.024631783,1592799
20120926,14:00:00.000,BBG000CGT2S4,-0.0030779815,-0.008778449,1336051
20120926,14:00:00.000,BBG000C1FQS9,-0.00088988454,0.004192462,357241
20120926,14:00:00.000,BBG000FFH4P5,-0.003777476,-0.011612467,285939
20120926,14:00:00.000,BBG000BF5RY1,-0.007609365,-0.008115593,1382518
20120926,14:00:00.000,BBG000BFNR17,0.00082650373,-0.00766245,303939
20120926,14:00:00.000,BBG000BR1W32,-0.025939802,-0.044615828,2254877
20120926,14:00:00.000,BBG001M8HHB7,-0.007043703,-0.015257648,1318623
20120926,14:00:00.000,BBG000BPNP00,-0.001021328,-0.012230424,1704118
20120926,14:00:00.000,BBG000C0LW92,0.0011597328,-0.003549809,3809943
20120926,14:00:00.000,BBG000K7PWX7,0.016464883,0.009490945,1285504
20120926,14:00:00.000,BBG000BQSQ38,-0.0042323614,-0.0071825925,2278464
20120926,14:00:00.000,BBG000BKXYX5,0.029373901,0.040862754,1931372
20120926,14:00:00.000,BBG000BLHRS2,-0.004547117,-0.0019728155,300090
20120926,14:00:00.000,BBG000JYP7L8,0.01573958,0.009932149,979305
20120926,14:00:00.000,BBG000PV2L86,-0.0030718811,-0.0006663508,332224
20120926,14:00:00.000,BBG000BTCH57,0.0021593862,8.554761e-05,937313
20120926,14:00:00.000,BBG000BBNYF6,0.0055513848,8.918966e-05,597409
20120926,14:00:00.000,BBG000BPL8X4,0.00029751225,-0.0014432129,1100134
20120926,14:00:00.000,BBG000BLCPY4,0.017102763,-0.0034299407,1039790
20120926,14:00:00.000,BBG000BNC3Y9,-0.0036862781,-0.017309388,1468846
20120926,14:00:00.000,BBG000BT9T73,0.008493398,-0.007097138,4626470
20120926,14:00:00.000,BBG000BC15S7,0.0020903335,0.00019278379,328936
20120926,14:00:00.000,BBG000BKNX95,-0.0038606098,-0.010695158,3038797
20120926,14:00:00.000,BBG000C90DH9,0.0015625308,-0.008893374,2467039
20120926,14:00:00.000,BBG000C7B436,-0.005493592,-0.0173741,2236439
20120926,14:00:00.000,BBG000BK6G19,-0.009457338,-0.020340908,1100662
20120926,14:00:00.000,BBG000BX5ZF5,0.0065580797,-0.0051463544,8241585
20120926,14:00:00.000,BBG000BGD7W6,-0.005016076,-0.0017887915,1572362
20120926,14:00:00.000,BBG000BVSX05,0.001976468,-0.012104108,1544401
20120926,14:00:00.000,BBG000CKJ0P3,-0.0011942179,-0.007973407,541091
20120926,14:00:00.000,BBG000BNJHS8,-0.003229312,0.009044654,2674841
20120926,14:00:00.000,BBG000BQZMH4,-0.0021863154,0.0012566756,783048
20120926,14:00:00.000,BBG000DN7P92,0.004148443,-0.0015677334,654868
20120926,14:00:00.000,BBG000BKPL53,0.00029817107,-0.007403016,614181
20120926,14:00:00.000,BBG000BB2DM7,-0.00032907925,0.0030908412,7225447
20120926,14:00:00.000,BBG000BJDPC2,0.009926415,0.01504032,943422
20120926,14:00:00.000,BBG000BJ8YN7,-0.0042570415,-0.0143234525,953629
20120926,14:00:00.000,BBG000BPVCR1,-0.043945823,-0.05748275,5403994
20120926,14:00:00.000,BBG000PCQQL6,0.007352474,0.00055022637,1315754
20120926,14:00:00.000,BBG000C2BXK4,0.0021960272,0.009555844,4418636
20120926,14:00:00.000,BBG000F9KJN4,-0.0067530414,-0.018865438,1417605
20120926,14:00:00.000,BBG000BNNYW1,-0.008122349,-0.004921081,1173909
20120926,14:00:00.000,BBG000C734W3,-0.0049744295,-0.020573962,451778
20120926,14:00:00.000,BBG000D7RKJ5,-0.0034098024,0.0024187155,704379
20120926,14:00:00.000,BBG000G8N9C6,-0.00151364,-0.0010022611,969694
20120926,14:00:00.000,BBG000BRXP69,-0.0033709,-0.011489864,322106
20120926,14:00:00.000,BBG000NDYB67,0.0067343055,0.0012749837,6250175
20120926,14:00:00.000,BBG000BHZ5J9,0.0038307055,-0.004990857,291445
20120926,14:00:00.000,BBG000BHKYH4,0.0038941607,0.006427212,813637
20120926,14:00:00.000,BBG000D2M0Z7,0.008269682,0.0061304523,409987
20120926,14:00:00.000,BBG000CHWP52,0.008961642,-0.0006846372,701260
20120926,14:00:00.000,BBG0029SNR63,0.007029018,0.0042016213,4037527
20120926,14:00:00.000,BBG000BNNKG9,-0.0063661123,-0.021871975,5003547
20120926,14:00:00.000,BBG000BP4MH0,0.004937913,0.0029484269,1674170
20120926,14:00:00.000,BBG000BHLYS1,0.0049803467,0.010590485,1662309
20120926,14:00:00.000,BBG000BFJ645,-0.0095762955,-0.012305015,10464387
20120926,14:00:00.000,BBG000BC4JJ4,-0.001161517,-0.005938405,680882
20120926,14:00:00.000,BBG000BVVQQ8,0.008480258,0.0030784914,2133465
20120926,14:00:00.000,BBG000DLFM21,0.0051387153,-0.003963977,529204
20120926,14:00:00.000,BBG000BP1152,-0.021531833,-0.0350877,2884728
20120926,14:00:00.000,BBG000H50PN8,0.0027800624,-0.0057396702,1568229
20120926,14:00:00.000,BBG000CP95B7,0.006113306,0.00043894514,330322
20120926,14:00:00.000,BBG000BS9489,-0.010301599,-0.017520266,1059437
20120926,14:00:00.000,BBG000KBQZ88,-0.006008635,-0.013560907,647582
20120926,14:00:00.000,BBG000C37332,-0.0109058665,-0.010128948,407977
20120926,14:00:00.000,BBG000C2PW58,0.0032132936,-0.0037365255,259029
20120926,14:00:00.000,BBG000BKR1D6,0.011949586,-0.000676541,447703
20120926,14:00:00.000,BBG000BR37X2,-0.0032458866,-0.0043186927,2173273
20120926,14:00:00.000,BBG000BWCKB6,0.006633867,0.00988939,311498
20120926,14:00:00.000,BBG000BCZYD3,-0.0025007362,-0.0063929833,389409
20120926,14:00:00.000,BBG000BMKDM3,-0.0034799015,-0.00077140646,860514
20120926,14:00:00.000,BBG000D3MB18,-0.0002396111,-0.007810773,952270
20120926,14:00:00.000,BBG000BB1TH9,-0.0024174936,-0.006880961,955466
20120926,14:00:00.000,BBG000BQVTF5,-0.011801132,-0.0186266,1513937
20120926,14:00:00.000,BBG000D1QCF1,-0.014039938,-0.02509594,1620285
20120926,14:00:00.000,BBG000PX3XC0,-0.0057764393,-0.020507526,1253119
20120926,14:00:00.000,BBG000J1QLT0,-5.8153844e-05,-0.0034185953,755125
20120926,14:00:00.000,BBG000BH8TT6,-0.0076243686,-0.016370732,3311309
20120926,14:00:00.000,BBG000QRFNK2,-0.06745832,-0.06858733,6364681
20120926,14:00:00.000,BBG000BCNYT9,0.016460726,0.014570359,1810729
20120926,14:00:00.000,BBG000BPMH90,-0.01793576,-0.027958348,758469
20120926,14:00:00.000,BBG000F7RCJ1,0.0055684047,0.004959827,516039
20120926,14:00:00.000,BBG000BB6G37,-0.000614576,-0.00999912,1884632
20120926,14:00:00.000,BBG000BFDLV8,-0.0024297636,-0.011293174,610606
20120926,14:00:00.000,BBG000WCFV84,0.0039673103,-0.0055105975,1958533
20120926,14:00:00.000,BBG000BY2Y78,0.0016200532,-0.009652268,1804314
20120926,14:00:00.000,BBG000BXM6V2,0.0015317163,0.004026175,1242339
20120926,14:00:00.000,BBG000FH8PX5,0.0016120425,-0.0045083826,293230
20120926,14:00:00.000,BBG000BP8Z50,-0.0023844747,-0.012392929,1201630
20120926,14:00:00.000,BBG000BQWPC5,0.00093069096,0.0060952436,1415982
20120926,14:00:00.000,BBG000BWSV34,0.006714207,-0.010978715,870111
20120926,14:00:00.000,BBG000NDZ417,-0.015117068,-0.034544595,1615170
20120926,14:00:00.000,BBG000BJQWD2,-0.004018657,-0.014046008,1118319
20120926,14:00:00.000,BBG000BB5373,0.0028610416,-0.004358734,3722364
20120926,14:00:00.000,BBG000BHB3M6,0.0005127596,-0.0055805533,828644
20120926,14:00:00.000,BBG000BLW530,-0.0014000166,-0.012857034,759084
20120926,14:00:00.000,BBG000D8RG11,-0.010434886,-0.010581946,2500749
20120926,14:00:00.000,BBG0019JZ882,-0.005403666,-0.011253066,2088031
20120926,14:00:00.000,BBG000R7RDB4,-0.016810691,-0.032810375,811793
20120926,14:00:00.000,BBG000BQ8KV2,-0.00015760178,0.0028925198,1421640
20120926,14:00:00.000,BBG000BYWTX7,-0.0032763258,-0.010817334,10447546
20120926,14:00:00.000,BBG000C1S2X2,-0.021209992,-0.02897211,1005300
20120926,14:00:00.000,BBG000DLVDK3,-0.0012684243,-0.00080435746,1416235
20120926,14:00:00.000,BBG000BFL116,0.029368032,0.019488096,3625477
20120926,14:00:00.000,BBG000C1DHF5,-0.015831163,-0.032979608,3375604
20120926,14:00:00.000,BBG000BVHBM1,0.008340181,-0.026623674,3774893
20120926,14:00:00.000,BBG000BGVW60,-0.0005454563,0.0038936136,1320718
20120926,14:00:00.000,BBG000BPQD31,0.0025305205,-0.006609774,1658571
20120926,14:00:00.000,BBG000H1F895,-0.0042772787,-0.022434928,1475166
20120926,14:00:00.000,BBG000K82ZT8,-0.0051316633,-0.017869936,1364860
20120926,14:00:00.000,BBG000DNTSP4,-0.0030527674,-0.005465403,1920093
20120926,14:00:00.000,BBG000F15NW9,0.0057810447,-0.00047592138,1530119
20120926,14:00:00.000,BBG000BPT0C6,0.00381127,-0.008211326,494141
20120926,14:00:00.000,BBG000B9WJ73,0.038216304,0.036948815,10250340
20120926,14:00:00.000,BBG000BDXGP9,0.006321331,0.006567712,2289623
20120926,14:00:00.000,BBG000BSD7C2,-0.004468118,-0.0020675734,576756
20120926,14:00:00.000,BBG000BSLZY7,0.009605362,0.0038803467,8376901
20120926,14:00:00.000,BBG000BKZTP3,-0.0056902138,-0.010535075,1905156
20120926,14:00:00.000,BBG000BF1R66,-0.0028648458,-0.005394343,646832
20120926,14:00:00.000,BBG000HW5GX3,0.0024327077,-0.013010021,2642135
20120926,14:00:00.000,BBG000C0F570,-0.005801056,-0.015381851,1337514
20120926,14:00:00.000,BBG000BP1Q11,0.014083319,0.006288096,985176
20120926,14:00:00.000,BBG000BMQPL1,0.004268854,-0.0034179585,5847341
20120926,14:00:00.000,BBG000M65M61,-0.0007085969,0.010082971,2205811
20120926,14:00:00.000,BBG000BM7HL0,-0.00049906975,-0.013080138,1627303
20120926,14:00:00.000,BBG000BJ49H3,-0.005517805,-0.010518401,894470
20120926,14:00:00.000,BBG000JBN3X6,0.0039127544,0.0077701774,2744621
20120926,14:00:00.000,BBG000NSQ9M0,-0.0058421963,-0.0078383805,5208907
20120926,14:00:00.000,BBG000BTVJ25,0.0026719337,0.001619773,1205617
20120926,14:00:00.000,BBG000BBCDZ2,-0.004611369,-0.011870472,1020829
20120926,14:00:00.000,BBG000BNGTQ7,0.003088029,0.001824576,1024112
20120926,14:00:00.000,BBG000BGKHZ3,0.006601853,-0.0023007956,982095
20120926,14:00:00.000,BBG000BL9439,-0.0010542435,0.0010753094,705620
20120926,14:00:00.000,BBG000H9G7X2,-0.0043401024,-0.002024938,1441397
20120926,14:00:00.000,BBG000BK67C7,0.0036746778,0.0064697145,1024637
20120926,14:00:00.000,BBG000FV1Z23,0.0053564887,0.0059711407,661576
20120926,14:00:00.000,BBG000BV7LP7,-0.008786455,-0.014665069,3785982
20120926,14:00:00.000,BBG000CR90K4,0.062605016,0.062074687,31366596
20120926,14:00:00.000,BBG000BL9JQ1,0.00786505,-0.0073193004,2007394
20120926,14:00:00.000,BBG000BF2KK4,0.009612823,0.0029656743,525881
20120926,14:00:00.000,BBG000GLBN48,-0.0027650434,-0.014185065,534599
20120926,14:00:00.000,BBG000BB6M98,-0.0013254052,0.0011282471,749373
20120926,14:00:00.000,BBG000BXMFC3,-0.029931687,-0.04501279,4308089
20120926,14:00:00.000,BBG000BSXQV7,-0.0056775874,-0.0058511817,541636
20120926,14:00:00.000,BBG000MDCQC2,-0.0023502558,0.0019325659,1544482
20120926,14:00:00.000,BBG000BRJ809,0.004686368,-0.0023030087,342606
20120926,14:00:00.000,BBG000DKCC19,0.021316258,0.024504565,3016968
20120926,14:00:00.000,BBG000BFMBQ6,0.006890372,0.0037339984,730814
20120926,14:00:00.000,BBG000BQ2C28,0.008356815,0.0077538905,889556
20120926,14:00:00.000,BBG000BMTFR4,0.0080533745,-0.008963846,1899669
20120926,14:00:00.000,BBG000BHLYP4,0.004501822,-0.0005248951,1097106
20120926,14:00:00.000,BBG000BNFLM9,-0.0053266343,-0.015382473,2539929
20120926,14:00:00.000,BBG000NV1KK7,0.0046200496,0.0058816094,2061744
20120926,14:00:00.000,BBG000FBK808,-0.015053852,-0.030862013,3801021
20120926,14:00:00.000,BBG000R0L5J4,-0.008085117,-0.01828925,709030
20120926,14:00:00.000,BBG000BZTW70,0.00282263,-0.015432992,5826356
20120926,14:00:00.000,BBG000BLM0V1,,,661668
20120926,14:00:00.000,BBG000BTQR96,-0.0054573673,-0.012722046,1083197
20120926,14:00:00.000,BBG000BH5DV1,0.0098828245,-0.0010371202,2347345
20120926,14:00:00.000,BBG000BLBXT4,-0.005967681,-0.0031424456,1173242
20120926,14:00:00.000,BBG000KLB4Q1,0.006840246,-0.010214721,5948946
20120926,14:00:00.000,BBG000BR3KL6,-0.002807836,-0.009195523,729275
20120926,14:00:00.000,BBG000BB9KF2,-0.0044301413,-0.00045096947,948328
20120926,14:00:00.000,BBG000BVDLH9,0.0053138025,-0.001694236,560312
20120926,14:00:00.000,BBG000C0MF34,-0.0015713131,0.0033554994,487528
20120926,14:00:00.000,BBG000FVXD63,0.020735275,0.009613244,839168
20120926,14:00:00.000,BBG000CGQ6M4,-0.020142347,-0.023893556,1123306
20120926,14:00:00.000,BBG000BJSBJ0,0.005648762,0.00876482,1613725
20120926,14:00:00.000,BBG000BFTJ91,-0.00921751,-0.018054,2059986
20120926,14:00:00.000,BBG000BSC0K9,-0.004662494,-0.0053384835,1011589
20120926,14:00:00.000,BBG000BWXL85,0.008134354,-0.005354324,1572629
20120926,14:00:00.000,BBG000QY3XZ2,0.014600707,-0.0063633523,1330583
20120926,14:00:00.000,BBG000BCWCG1,0.0028436545,0.009448095,3798688
20120926,14:00:00.000,BBG000CKVSG8,0.013327188,0.0056455657,3940920
20120926,14:00:00.000,BBG000JN8R00,0.016743379,0.016514579,1425189
20120926,14:00:00.000,BBG000BBBNC6,-0.00393666,-0.016395219,1884875
20120926,14:00:00.000,BBG000JG0547,-0.0009960508,-0.005652707,1568766
20120926,14:00:00.000,BBG000R7Z112,0.0064216,0.015529312,3540000
20120926,14:00:00.000,BBG000D898T9,0.0073091295,0.007816763,2985805
20120926,14:00:00.000,BBG000Q3JN03,0.004251548,-0.0041527255,9788518
20120926,14:00:00.000,BBG000BRJL00,-0.007018101,-0.0010333596,2926524
20120926,14:00:00.000,BBG000C2V3D6,0.0035828315,-0.010302696,2089865
20120926,14:00:00.000,BBG000G30YX4,-0.00053503213,-0.014832187,698810
20120926,14:00:00.000,BBG000G0Z878,0.0062882393,-0.0026593606,3062506
20120926,14:00:00.000,BBG000BKXBV7,-0.01792406,-0.028554555,6428080
20120926,14:00:00.000,BBG000BJ98Z0,-0.014137314,-0.0062777144,6175270
20120926,14:00:00.000,BBG000BR14K5,0.0064982525,0.004196795,883163
20120926,14:00:00.000,BBG000BGYWY6,-0.004561822,-0.0004735153,548890
20120926,14:00:00.000,BBG000BCGY17,0.0019711189,0.006820885,644949
20120926,14:00:00.000,BBG000BV75B7,0.0023412637,-0.0044624126,1280657
20120926,14:00:00.000,BBG000CXD6X9,-0.011349138,-0.012035113,1303816
20120926,14:00:00.000,BBG000BWVSR1,-0.0078432355,-0.005920108,1984600
20120926,14:00:00.000,BBG000BVPPM1,-0.00422843,-0.018150441,1869195
20120926,14:00:00.000,BBG000BBMSJ6,-0.010589735,-0.020150278,2584566
20120926,14:00:00.000,BBG000CHPY97,0.008494806,-0.002287542,2500071
20120926,14:00:00.000,BBG000C3GN47,0.015230807,-0.00022839376,1326932
20120926,14:00:00.000,BBG000BYYLS8,-0.0011934496,-0.009343838,2253652
20120926,14:00:00.000,BBG000DTMH63,,,2299664
20120926,14:00:00.000,BBG000PVRDL2,-0.012941492,-0.018681498,5427192
20120926,14:00:00.000,BBG000DQTXY6,0.0061989063,-0.032880463,8673723
20120926,14:00:00.000,BBG000JF5CV9,0.010626444,-0.0011900308,3293590
20120926,14:00:00.000,BBG000CJZ2W6,-0.024742011,-0.030589525,1826884
20120926,14:00:00.000,BBG000K14Q84,-0.008667169,-0.016083907,3272134
20120926,14:00:00.000,BBG000BH3JF8,0.016422646,0.014853109,3384968
20120926,14:00:00.000,BBG000BTKGG8,0.0064745205,-0.0017728851,4014557
20120926,14:00:00.000,BBG000BB5006,0.001395465,-0.009730802,2297400
20120926,14:00:00.000,BBG000BSBZH7,-0.0014489812,0.0013903421,1122634
20120926,14:00:00.000,BBG000BM6788,-0.0042067007,-0.01063693,2041846
20120926,14:00:00.000,BBG000BQ5DS5,-0.010137041,-0.009983754,2215071
20120926,14:00:00.000,BBG000BB6WG8,-0.0061765653,-0.0075937975,3348112
20120926,14:00:00.000,BBG000BRK7L6,0.001553937,-0.0109674735,2533304
20120926,14:00:00.000,BBG000BMY992,0.002509153,0.0025558418,3444416
20120926,14:00:00.000,BBG000FKJRC5,-0.0069295485,-0.01188868,1088956
20120926,14:00:00.000,BBG000C1BW00,0.008085332,0.00639316,693925
20120926,14:00:00.000,BBG000DY8ZS4,0.0140026985,-0.003180995,8026744
20120926,14:00:00.000,BBG000BY33P5,-0.014617304,-0.020711306,4457312
20120926,14:00:00.000,BBG000BKLH74,-0.00045945725,-0.004509568,2363142
20120926,14:00:00.000,BBG000BMF5J0,0.004640988,0.0052681356,6940216
20120926,14:00:00.000,BBG000CSY9H9,0.011291689,0.013389595,2552898
20120926,14:00:00.000,BBG000CPQZ77,-0.013425617,-0.01874781,1027555
20120926,14:00:00.000,BBG000CS7CT9,0.0043287743,0.006739292,1413794
20120926,14:00:00.000,BBG000BC9938,-0.0022229007,-0.017208954,1647887
20120926,14:00:00.000,BBG000BBJQV0,-0.008675998,-0.020141004,7533793
20120926,14:00:00.000,BBG000FQ6PY6,-0.00097601966,-0.013169475,1206621
20120926,14:00:00.000,BBG000PM7GJ0,0.035508916,0.03672629,19734872
20120926,14:00:00.000,BBG000GC80B4,0.01070787,0.0029385618,1239749
20120926,14:00:00.000,BBG000DYGNW7,0.0019161267,0.0057616993,987185
20120926,14:00:00.000,BBG000HCJMF9,-0.017787734,-0.028609566,3462157
20120926,14:00:00.000,BBG000C17X76,0.0041472246,-0.0028779402,1175813
20120926,14:00:00.000,BBG000BMDV41,0.0031943086,-0.0007282187,2736475
20120926,14:00:00.000,BBG000TWC2V5,-0.0030097393,0.0006786753,768500
20120926,14:00:00.000,BBG000BBPFB9,0.013035743,-0.0017941892,6522493
20120926,14:00:00.000,BBG000BLKK03,-0.0030022222,-0.006802303,1019628
20120926,14:00:00.000,BBG000R8ZVD1,0.010966753,0.010625148,1061109
20120926,14:00:00.000,BBG000BD8PN9,0.010041553,0.0022093286,4012526
20120926,14:00:00.000,BBG000BBDV81,0.00326091,-0.0020616215,1122565
20120926,14:00:00.000,BBG000BCVJ77,-0.012951295,-0.018498495,3254434
20120926,14:00:00.000,BBG000BJL3N0,0.0032611778,-0.005183224,8121718
20120926,14:00:00.000,BBG000BZ2GG4,0.00083845726,-0.020023271,1634201
20120926,14:00:00.000,BBG000BKFBD7,-0.0031803371,-0.009324161,2396904
20120926,14:00:00.000,BBG000BJ2VQ6,-0.007818878,-0.025039004,2221158
20120926,14:00:00.000,BBG000BKFZM4,0.0021478953,-0.0069575706,8031754
20120926,14:00:00.000,BBG000QBR5J5,0.002493733,-0.007838192,2542953
20120926,14:00:00.000,BBG000BJPDZ1,-0.006790695,-0.015331511,127847
20120926,14:00:00.000,BBG000BH5LT6,0.0024001477,-0.014496162,2377664
20120926,14:00:00.000,BBG000MBDGM6,0.02130296,0.007074698,469582
20120926,14:00:00.000,BBG000LD9JQ8,-0.008542174,-0.0069814017,720307
20120926,14:00:00.000,BBG000BTR593,0.00414507,-0.0051053357,2546144
20120926,14:00:00.000,BBG000BVMGF2,-0.0036756154,-0.009515118,1655604
20120926,14:00:00.000,BBG000FJLFX8,-0.010160569,-0.0147884665,2673290
20120926,14:00:00.000,BBG000BWNFZ9,0.0021833787,-0.021063088,2410248
20120926,14:00:00.000,BBG000BR54L0,5.5133867e-05,-0.041083295,17946074
20120926,14:00:00.000,BBG000BCBCM7,-0.012006853,-0.018808208,16965708
20120926,14:00:00.000,BBG000BM5SR2,0.006394798,-0.005140625,3033162
20120926,14:00:00.000,BBG000BJ81C1,-0.006867162,-0.010517864,1228079
20120926,14:00:00.000,BBG001DCCGR8,-0.0004945479,-0.01584413,2417137
20120926,14:00:00.000,BBG000H89QJ6,0.0006644184,-0.0067055346,1370822
20120926,14:00:00.000,BBG000F6H8W8,-0.0017329358,-0.0023170204,901755
20120926,14:00:00.000,BBG000BS0ZF1,0.0020741506,0.0034742272,416076
20120926,14:00:00.000,BBG000BVWLJ6,-0.0026125037,-0.00091228064,3888084
20120926,14:00:00.000,BBG000BGJRC8,-0.0047735027,-0.00708717,3858923
20120926,14:00:00.000,BBG000BT9DW0,0.0015303044,0.00808788,1962891
20120926,14:00:00.000,BBG000BXRPH1,0.00010984008,-0.017138476,1182457
20120926,14:00:00.000,BBG000C7LMS8,0.00691596,0.0128723625,643748
20120926,14:00:00.000,BBG00286S4N9,0.001268736,-0.0073922905,2155735
20120926,14:00:00.000,BBG000BH2JM1,0.0046984674,-0.007196397,5703644
20120926,14:00:00.000,BBG000BRD0D8,-0.009355067,-0.01471867,3027140
20120926,14:00:00.000,BBG000BJF1Z8,-0.0032038966,-0.005202603,1325261
20120926,14:00:00.000,BBG000BHQ1H0,0.010549959,0.0060288208,1301506
20120926,14:00:00.000,BBG000BN5HF7,-0.004052752,-0.03445812,7047723
20120926,14:00:00.000,BBG000B9WH86,-0.0029151365,0.005659531,17987868
20120926,14:00:00.000,BBG000C5Z1S3,-0.007527694,-0.016379718,21076940
20120926,14:00:00.000,BBG000D9D830,-0.0044639157,-0.011396521,1690262
20120926,14:00:00.000,BBG000JWD753,0.013055949,0.013834977,6511398
20120926,14:00:00.000,BBG000BKCFC2,-0.002996061,0.00024864814,2438411
20120926,14:00:00.000,BBG000BWVCP8,-0.012176206,-0.02157953,4084576
20120926,14:00:00.000,BBG000BBD070,-0.011067093,-0.021639857,3054084
20120926,14:00:00.000,BBG000BMBL90,-0.0052435505,-0.011030801,2341153
20120926,14:00:00.000,BBG000BNWG87,0.004984018,-0.002539261,2676403
20120926,14:00:00.000,BBG000BCG930,-0.008387999,-0.01205436,1661303
20120926,14:00:00.000,BBG000BHX7N2,-0.005302983,-0.007246949,2668135
20120926,14:00:00.000,BBG000BX3TD3,0.009633522,0.016767515,8650105
20120926,14:00:00.000,BBG000BH23R1,0.0028717176,0.0030075023,13054307
20120926,14:00:00.000,BBG000BBVJZ8,-0.00553273,-0.014289441,1196879
20120926,14:00:00.000,BBG000BJ3PD2,0.011339749,0.004761144,2126994
20120926,14:00:00.000,BBG000BFQYY3,0.002903859,0.0023427664,849411
20120926,14:00:00.000,BBG000BMW2Z0,0.00016305278,0.0004682003,887794
20120926,14:00:00.000,BBG000CXYSZ6,-0.0049395803,-0.019153083,819256
20120926,14:00:00.000,BBG000H556T9,0.0074138395,0.0033710604,2444793
20120926,14:00:00.000,BBG000J6XT05,-0.0036076377,0.003929872,2874066
20120926,14:00:00.000,BBG000C8H633,-0.0032582919,-0.018312544,4571046
20120926,14:00:00.000,BBG000FP1N32,-0.029361617,-0.040958196,6927392
20120926,14:00:00.000,BBG000BD4VG8,-0.0034092779,-0.018805109,2130591
20120926,14:00:00.000,BBG000C496P7,-0.007686827,-0.019534646,6637203
20120926,14:00:00.000,BBG000FG3C43,-0.014622026,-0.03088644,4809567
20120926,14:00:00.000,BBG000DHSPT0,-0.005710901,-0.014786899,2714397
20120926,14:00:00.000,BBG000FW00S1,0.014838216,0.009557126,5858698
20120926,14:00:00.000,BBG000BFC8J2,0.0076390435,-0.00026274766,1570031
20120926,14:00:00.000,BBG000BZ9223,0.0026640673,-0.012629869,788525
20120926,14:00:00.000,BBG000GFFQN9,-0.00036809302,-0.001275978,8298235
20120926,14:00:00.000,BBG000G2R6M0,0.000628169,0.0022400017,3868004
20120926,14:00:00.000,BBG000FL1TC8,-0.007272984,-0.014909364,2216473
20120926,14:00:00.000,BBG000BGKTF9,0.00087712175,-0.0061707525,2392442
20120926,14:00:00.000,BBG000BB6KF5,-0.0062018023,-0.017854892,5643379
20120926,14:00:00.000,BBG000BGLRN3,-0.014178034,-0.013827677,2291344
20120926,14:00:00.000,BBG000Q9HH23,-0.0061601647,-0.013681534,1419593
20120926,14:00:00.000,BBG000BV8DN6,0.013015282,0.015662247,4066698
20120926,14:00:00.000,BBG000BFXHL6,-0.004655065,-0.008078039,2631529
20120926,14:00:00.000,BBG000C46HM9,0.009664061,0.006090856,3226888
20120926,14:00:00.000,BBG000BFRF55,0.013283519,0.011808357,5970384
20120926,14:00:00.000,BBG000BNBDC2,-0.0022585997,-0.008641951,2853586
20120926,14:00:00.000,BBG000BH13K9,0.00388073,0.00079239305,2092702
20120926,14:00:00.000,BBG000BGPTV6,0.009688233,0.0027040732,1481324
20120926,14:00:00.000,BBG000QX74T1,-0.012144367,-0.013922277,723263
20120926,14:00:00.000,BBG000BWJFZ4,0.019070348,0.007822922,558145
20120926,14:00:00.000,BBG000BWLMJ4,-0.0012900867,-0.0047134385,3488952
20120926,14:00:00.000,BBG000BW3299,-0.010724547,-0.013832032,1293602
20120926,14:00:00.000,BBG000BFDXW1,-0.0058360896,-0.01620181,5998743
20120926,14:00:00.000,BBG000BC2C10,0.010071228,0.00087953743,2083399
20120926,14:00:00.000,BBG000BVV7G1,-0.008471723,-0.017969873,12108630
20120926,14:00:00.000,BBG000BPWXK1,-0.0011594129,0.0012706824,4457496
20120926,14:00:00.000,BBG000BBGGQ1,-0.009137753,-0.020022726,4700546
20120926,14:00:00.000,BBG000BHBK84,-0.00760862,-0.012558183,5586282
20120926,14:00:00.000,BBG000BJX8C8,-0.0067964112,-0.02069932,2552040
20120926,14:00:00.000,BBG000H8TVT2,-0.008799572,-0.004816647,1923010
20120926,14:00:00.000,BBG000BTZQC4,-0.002358992,-0.003348378,3520749
20120926,14:00:00.000,BBG000BP52R2,-0.0013029658,-0.002261672,1500661
20120926,14:00:00.000,BBG000C5HS04,-0.0022287315,0.008413623,1801638
20120926,14:00:00.000,BBG000BH3GZ2,-0.0033851466,-0.005693734,1424036
20120926,14:00:00.000,BBG000F1ZSQ2,0.0012554257,-0.0058794725,204682
20120926,14:00:00.000,BBG000C15T95,0.0069977986,0.0069183353,1856820
20120926,14:00:00.000,BBG000BFWKC0,-0.0036105916,-0.010334939,1408113
20120926,14:00:00.000,BBG000CL9VN6,0.030227296,0.028725699,4308236
20120926,14:00:00.000,BBG000F0KF42,0.013636164,-0.019015005,4890048
20120926,14:00:00.000,BBG000C240W1,-0.0051876283,-0.012647069,26765058
20120926,14:00:00.000,BBG000L9CV04,-0.002626528,-0.002913685,2357200
20120926,14:00:00.000,BBG000BC40Y8,0.0043994635,-0.0054941634,2397046
20120926,14:00:00.000,BBG000BL4504,-0.004535353,-0.017806068,8071756
20120926,14:00:00.000,BBG000BB07P9,-0.008574652,-0.006714187,7040408
20120926,14:00:00.000,BBG000BBDZG3,-0.00018704389,-0.011780154,22731200
20120926,14:00:00.000,BBG000BY29C7,0.009285609,0.013866809,4205256
20120926,14:00:00.000,BBG000DWG505,0.004770177,0.0056141336,2180929
20120926,14:00:00.000,BBG000BCQZS4,-0.0074882493,-0.014180409,2836759
20120926,14:00:00.000,BBG000CKGBP2,-0.010669416,-0.018586442,4507641
20120926,14:00:00.000,BBG000BHGDH5,-0.0065201926,0.0012445821,1831651
20120926,14:00:00.000,BBG000FFDM15,0.0019103523,0.00014624359,6040397
20120926,14:00:00.000,BBG000BWXBC2,0.0025259382,0.0008074385,2638021
20120926,14:00:00.000,BBG000BGRY34,0.00800028,0.0058806655,3684651
20120926,14:00:00.000,BBG000BN2DC2,-0.0020822755,-0.015871046,1493323
20120926,14:00:00.000,BBG000BH1NH9,0.0074506667,0.000739581,2273030
20120926,14:00:00.000,BBG000F0PF65,0.0012831535,-0.006666314,4256553
20120926,14:00:00.000,BBG000BW8S60,-0.0042397846,-0.00298467,2807158
20120926,14:00:00.000,BBG000BCSST7,0.0049742004,0.011024534,3215846
20120926,14:00:00.000,BBG000CH5208,0.0008783477,-0.0024910315,3630495
20120926,14:00:00.000,BBG000BQQ2S6,0.002834611,-0.006621953,1969723
20120926,14:00:00.000,BBG000BLZRJ2,0.01043695,-0.0006017492,13612040
20120926,14:00:00.000,BBG000BP6LJ8,0.0016700153,0.006759796,4164888
20120926,14:00:00.000,BBG000DWYF03,0.0001009008,-0.007778283,8524660
20120926,14:00:00.000,BBG000BQPC32,-0.001177451,-0.0029748408,32144924
20120926,14:00:00.000,BBG000BBS2Y0,0.0014574152,-0.0062615313,3050618
20120926,14:00:00.000,BBG000CTQBF3,-0.0053975936,-0.009104544,3752444
20120926,14:00:00.000,BBG000DQLV23,-0.0037139044,-0.00853,5682148
20120926,14:00:00.000,BBG000KHWT55,0.025124162,0.02213551,24522708
20120926,14:00:00.000,BBG000BNDN65,0.0065824455,0.008083888,8743049
20120926,14:00:00.000,BBG000B9ZXB4,0.0019263814,-0.0027299381,3622429
20120926,14:00:00.000,BBG000DH7JK6,-0.0042390265,0.0034120383,2304398
20120926,14:00:00.000,BBG000BH4R78,-0.006396236,-0.012556285,5223374
20120926,14:00:00.000,BBG000BQQH30,0.0038999943,-0.008188425,4043774
20120926,14:00:00.000,BBG000PSKYX7,-0.0015977238,-0.009622062,1435279
20120926,14:00:00.000,BBG000C6CFJ5,0.0016323779,-0.004402363,3765995
20120926,14:00:00.000,BBG000BKTFN2,-0.005673994,-0.02013521,11070766
20120926,14:00:00.000,BBG000J2XL74,0.0037879567,0.007549199,2605181
20120926,14:00:00.000,BBG000BHVJJ3,0.0013706748,-0.013993435,11044697
20120926,14:00:00.000,BBG000C43RR5,-0.0044717547,-0.011457194,7704772
20120926,14:00:00.000,BBG000BFT2L4,-0.008828691,-0.01645912,7739429
20120926,14:00:00.000,BBG000D4LWF6,-0.004841445,-0.0026619255,9373184
20120926,14:00:00.000,BBG000BNSZP1,0.00061696384,0.002476845,2981324
20120926,14:00:00.000,BBG000BT41Q8,0.002653882,-0.00894069,3024175
20120926,14:00:00.000,BBG000BKZB36,-0.004685091,-0.0050229887,5186453
20120926,14:00:00.000,BBG000BPD168,0.007352007,0.0024376824,7613642
20120926,14:00:00.000,BBG000HS77T5,0.0012874476,0.0026296051,6204346
20120926,14:00:00.000,BBG000BQLTW7,-0.010607141,-0.018213967,19618636
20120926,14:00:00.000,BBG000BVPV84,-0.004128992,-0.011825859,2042569
20120926,14:00:00.000,BBG000BJDB15,0.005165186,0.003305813,16785500
20120926,14:00:00.000,BBG000BMX289,0.00020141034,0.006368993,9283217
20120926,14:00:00.000,BBG000MM2P62,0.020582192,0.01528948,27663738
20120926,14:00:00.000,BBG000CGC1X8,0.0008958233,-0.008453373,7036079
20120926,14:00:00.000,BBG000BLBVN4,-0.0068111774,-0.017574152,659862
20120926,14:00:00.000,BBG000BF0K17,0.0066919276,0.0018953733,6506326
20120926,14:00:00.000,BBG000BR2TH3,-0.003476618,-0.0012939853,5186573
20120926,14:00:00.000,BBG000K4ND22,0.0016860391,-0.0059857415,3264678
20120926,14:00:00.000,BBG000BR2B91,0.006652711,0.0020132163,17290144
20120926,14:00:00.000,BBG000C3J3C9,-0.0009411789,-0.010727326,20253522
20120926,14:00:00.000,BBG000BLNNH6,0.003431539,-0.0027791806,1942562
20120926,14:00:00.000,BBG000BWQFY7,-0.0035878187,-0.010079027,16995924
20120926,14:00:00.000,BBG000BMHYD1,-0.0019426371,-0.004906283,5736299
20120926,14:00:00.000,BBG000BK6MB5,-0.005104423,-0.006273661,24085296
20120926,14:00:00.000,BBG000BSJK37,0.005666713,0.005780549,14032944
20120926,14:00:00.000,BBG000C0G1D1,0.013085235,0.003998286,33164412
20120926,14:00:00.000,BBG000FY4S11,0.0041474574,-0.007908576,32695142
20120926,14:00:00.000,BBG000BCTLF6,0.0026860405,-0.0067224163,107425232
20120926,14:00:00.000,BBG000DMBXR2,0.008576292,-0.0014798767,16324072
20120926,14:00:00.000,BBG000BPH459,-0.00045600595,-0.009869904,33998528
20120926,14:00:00.000,BBG000GZQ728,-0.004226323,-0.0070836334,6386912
20120926,14:00:00.000,BBG000BHSKN9,0.01314489,0.0073045944,4085376
20120926,14:00:00.000,BBG000B9XRY4,0.0027473809,-0.011896062,14302619
20120926,14:15:00.000,BBG000BFVXX0,0.008574835,0.011556216,1694062
20120926,14:15:00.000,BBG000M4SW14,-0.024385376,-0.028242147,654271
20120926,14:15:00.000,BBG000HS74G6,-0.008723278,-0.011181241,360943
20120926,14:15:00.000,BBG000BJNGN9,-0.07782973,-0.09587367,8008532
20120926,14:15:00.000,BBG000FNRZ69,0.0003505904,-0.005078881,5336063
20120926,14:15:00.000,BBG000BW2QX0,-0.00332488,-0.005695181,1898373
20120926,14:15:00.000,BBG000BBV8B8,0.013910915,0.0009830364,1289105
20120926,14:15:00.000,BBG000DV7MX4,0.004672978,0.0016375482,6848120
20120926,14:15:00.000,BBG000BQ74K1,-0.004013178,-0.010965009,639941
20120926,14:15:00.000,BBG000BCYP43,0.00051613536,-0.0022863045,147852
20120926,14:15:00.000,BBG000BW5YW1,0.011415763,-0.009639932,1764734
20120926,14:15:00.000,BBG000BLCL55,-0.00023251172,-0.014817222,674571
20120926,14:15:00.000,BBG000CZWZ05,0.0015639942,-0.006827694,399161
20120926,14:15:00.000,BBG000NSCNT7,0.008815729,0.0003729228,1571928
20120926,14:15:00.000,BBG000D14WM3,-0.0028541074,-0.024664976,4618622
20120926,14:15:00.000,BBG000BK5DP1,0.002390331,-0.011561228,2477538
20120926,14:15:00.000,BBG000PCNTM2,-0.0035401224,-0.013372402,328422
20120926,14:15:00.000,BBG000BBB3K1,0.0018530173,0.0068816547,991698
20120926,14:15:00.000,BBG000C2YHG9,-0.012059691,-0.0211846,1306126
20120926,14:15:00.000,BBG000RGM5P1,-0.0073668365,-0.018068066,1719361
20120926,14:15:00.000,BBG000BQ87N0,-0.0031922546,0.0013133402,666450
20120926,14:15:00.000,BBG000BD0TF8,0.004665409,-0.005034949,322066
20120926,14:15:00.000,BBG000BDG1Y1,-0.003969758,-0.009916186,865272
20120926,14:15:00.000,BBG000BHC2S1,0.0010060281,-0.007828656,541711
20120926,14:15:00.000,BBG000BCHG15,-0.0029126108,-0.0028146112,738659
20120926,14:15:00.000,BBG000CLVM51,-0.0014270452,-0.0032499116,211094
20120926,14:15:00.000,BBG000BBCQD7,-0.002873427,-0.009966415,1113862
20120926,14:15:00.000,BBG000BB03M1,0.011992071,0.0072757523,750866
20120926,14:15:00.000,BBG000BQC9V2,0.018212404,0.012561886,2446148
20120926,14:15:00.000,BBG000D5S4M0,-0.009382561,-0.009864986,387006
20120926,14:15:00.000,BBG000BB9RZ5,0.012459789,0.0041424804,307797
20120926,14:15:00.000,BBG000DCCZW2,-0.005770072,-0.014348681,965753
20120926,14:15:00.000,BBG000BS5170,-0.0031183283,0.003627097,742360
20120926,14:15:00.000,BBG000BLMZK6,-0.0026892442,0.0028092656,1026193
20120926,14:15:00.000,BBG000BB5BF6,0.0038501825,0.009571667,3040686
20120926,14:15:00.000,BBG000BLXZN1,0.007845601,-0.0022678506,225005
20120926,14:15:00.000,BBG000FQRVM3,-0.00015287416,-0.004398341,281780
20120926,14:15:00.000,BBG000BGFLL5,-0.00053857925,-0.0056325807,2255577
20120926,14:15:00.000,BBG000BJ5GK2,0.0004368938,0.002358441,503956
20120926,14:15:00.000,BBG000BWP7D9,0.0069083446,0.010159025,1429624
20120926,14:15:00.000,BBG000BPQVR5,0.003931528,-0.0011741726,537358
20120926,14:15:00.000,BBG000DGPR66,-0.0047302213,-0.0074173687,588806
20120926,14:15:00.000,BBG000BRZBT3,-0.0105899805,-0.023992999,1296131
20120926,14:15:00.000,BBG000BWBZN1,-0.0047479724,-0.008381545,490698
20120926,14:15:00.000,BBG000BFS7D3,0.009971139,0.013516556,511337
20120926,14:15:00.000,BBG000C23KJ3,-0.010538762,-0.006330573,4774120
20120926,14:15:00.000,BBG001QD41M9,0.009394833,0.000796476,758842
20120926,14:15:00.000,BBG000M44VW8,-0.009836294,-0.025868637,1154162
20120926,14:15:00.000,BBG000BSJTT0,0.012246269,0.009330359,2659806
20120926,14:15:00.000,BBG000C9W1Y1,0.004466192,0.0020892555,1644808
20120926,14:15:00.000,BBG000DHNDK1,,,989073
20120926,14:15:00.000,BBG000BN9WT5,0.00087678066,-0.0066123246,1111128
20120926,14:15:00.000,BBG000BBMT95,0.04028906,0.03867973,3673436
20120926,14:15:00.000,BBG000BJVZF7,0.003032554,0.00013870995,1342374
20120926,14:15:00.000,BBG000BPZBB6,-0.0014882769,-4.7706163e-07,1275486
20120926,14:15:00.000,BBG000R57L13,0.013446883,-0.0021871964,3055317
20120926,14:15:00.000,BBG000C1FB75,0.0008461137,-0.0025886046,169384
20120926,14:15:00.000,BBG000BF6LY3,-0.0036352228,-0.0018862786,4181164
20120926,14:15:00.000,BBG000F6ZWH2,0.005011712,-0.0040715877,525675
20120926,14:15:00.000,BBG000BP7JB0,-0.008566793,-0.021871848,3781543
20120926,14:15:00.000,BBG000RNTSX0,0.009643216,-0.0017519533,374663
20120926,14:15:00.000,BBG000BCTQ65,-0.0005969924,0.004340561,1298024
20120926,14:15:00.000,BBG000C4DPX1,0.02180814,0.012725024,2584115
20120926,14:15:00.000,BBG000TJM7F0,0.0026397414,0.007096629,634344
20120926,14:15:00.000,BBG0016WLQ18,0.00071418134,-0.0056394697,1422467
20120926,14:15:00.000,BBG000CNFQW6,-0.00048676998,-0.0037676855,172016
20120926,14:15:00.000,BBG000BMZ7P7,-0.008069723,-0.01205038,333546
20120926,14:15:00.000,BBG000BLDV98,-0.003335044,0.005900936,1857473
20120926,14:15:00.000,BBG000BKWSR6,0.00728802,0.0014679723,3837004
20120926,14:15:00.000,BBG000MQ1SN9,0.007054504,0.008825965,446319
20120926,14:15:00.000,BBG000C75N77,0.0025258719,-0.0016249615,1186665
20120926,14:15:00.000,BBG000C2ZCH8,-0.0027901195,-1.2386794e-06,590471
20120926,14:15:00.000,BBG000BVB8Q0,0.009974596,-0.0044426154,2535519
20120926,14:15:00.000,BBG000G6BN50,-0.009063614,-0.013826949,236287
20120926,14:15:00.000,BBG000BL79J3,-0.010960133,-0.008171985,1460242
20120926,14:15:00.000,BBG000BKXFN7,-0.0025326991,-0.017906554,3606197
20120926,14:15:00.000,BBG000BD3LM4,-0.0022943644,-0.015199019,2019088
20120926,14:15:00.000,BBG000F86GP6,0.004873263,-0.0029264088,1117597
20120926,14:15:00.000,BBG000BGXZB5,-0.014703689,-0.015532904,1951800
20120926,14:15:00.000,BBG000BVMPN3,0.003262113,-0.005479218,696570
20120926,14:15:00.000,BBG000D9DMK0,-0.008958465,-0.0046611303,229139
20120926,14:15:00.000,BBG000FDBX90,-0.00060476345,0.0004665582,2077879
20120926,14:15:00.000,BBG000MM5VL9,-0.012961781,-0.015123256,858002
20120926,14:15:00.000,BBG000BHCP19,-0.0011067146,-0.008808075,1639691
20120926,14:15:00.000,BBG000BX8DC4,0.002490657,0.000558338,773008
20120926,14:15:00.000,BBG000G3QLY3,0.013593787,0.003755042,1084777
20120926,14:15:00.000,BBG000BDWKC5,-0.0013835167,-0.009978769,2314512
20120926,14:15:00.000,BBG000BMRFF9,0.010359112,0.012810027,610184
20120926,14:15:00.000,BBG000BT4T69,-0.007765817,-0.00751787,1455507
20120926,14:15:00.000,BBG000BRRG02,-0.0015791507,0.00048458093,615465
20120926,14:15:00.000,BBG000BP0KQ8,0.007477128,0.0031564448,5148606
20120926,14:15:00.000,BBG000RKR4R8,0.0028790091,-0.012810877,6050479
20120926,14:15:00.000,BBG000C3HSR0,-0.0046987524,-0.018982254,3354316
20120926,14:15:00.000,BBG000BKQ3V3,-0.0033801678,-0.024631882,1640491
20120926,14:15:00.000,BBG000CGT2S4,-0.0037756504,-0.008778568,1395597
20120926,14:15:00.000,BBG000C1FQS9,-4.547989e-06,0.0062165167,380510
20120926,14:15:00.000,BBG000FFH4P5,-0.004524066,-0.011495542,305880
20120926,14:15:00.000,BBG000BF5RY1,-0.006796088,-0.006492511,1409531
20120926,14:15:00.000,BBG000BFNR17,0.0012700818,-0.0062215882,318251
20120926,14:15:00.000,BBG000BR1W32,-0.026453443,-0.04341001,2381444
20120926,14:15:00.000,BBG001M8HHB7,-0.0048131878,-0.011554154,1354196
20120926,14:15:00.000,BBG000BPNP00,0.0014713369,-0.008026572,1839308
20120926,14:15:00.000,BBG000C0LW92,0.0032004109,-5.3220987e-07,3954436
20120926,14:15:00.000,BBG000K7PWX7,0.019598063,0.014533169,1376294
20120926,14:15:00.000,BBG000BQSQ38,-0.0039256574,-0.0059854817,2336716
20120926,14:15:00.000,BBG000BKXYX5,0.0365834,0.050006747,2019141
20120926,14:15:00.000,BBG000BLHRS2,-0.0046033873,-0.0012681732,317266
20120926,14:15:00.000,BBG000JYP7L8,0.01559758,0.012050996,998874
20120926,14:15:00.000,BBG000PV2L86,-0.0020370863,0.001427366,349486
20120926,14:15:00.000,BBG000BTCH57,0.0028994007,0.0023717855,971175
20120926,14:15:00.000,BBG000BBNYF6,0.004972603,0.00089454366,613355
20120926,14:15:00.000,BBG000BPL8X4,-0.001092703,-0.001385437,1106531
20120926,14:15:00.000,BBG000BLCPY4,0.017991915,-0.0008574017,1093562
20120926,14:15:00.000,BBG000BNC3Y9,-0.0031844282,-0.016073134,1529638
20120926,14:15:00.000,BBG000BT9T73,0.0047547678,-0.008516565,4770964
20120926,14:15:00.000,BBG000BC15S7,0.0022659649,0.0012524247,342738
20120926,14:15:00.000,BBG000BKNX95,-0.005562503,-0.010695193,3155461
20120926,14:15:00.000,BBG000C90DH9,0.0029156823,-0.006225658,2539123
20120926,14:15:00.000,BBG000C7B436,-0.0071287425,-0.016923072,2317069
20120926,14:15:00.000,BBG000BK6G19,-0.012594278,-0.022687878,1215538
20120926,14:15:00.000,BBG000BX5ZF5,0.008163091,-0.0010268304,8457968
20120926,14:15:00.000,BBG000BGD7W6,-0.0069501,-0.0028107727,1725590
20120926,14:15:00.000,BBG000BVSX05,4.076941e-05,-0.012440295,1619729
20120926,14:15:00.000,BBG000CKJ0P3,-0.001005906,-0.0063380604,568651
20120926,14:15:00.000,BBG000BNJHS8,-0.0028447446,0.012436406,2957860
20120926,14:15:00.000,BBG000BQZMH4,-0.0006211491,0.0037695763,813502
20120926,14:15:00.000,BBG000DN7P92,0.0030274864,-0.0013883569,704253
20120926,14:15:00.000,BBG000BKPL53,0.0010154485,-0.00553344,626774
20120926,14:15:00.000,BBG000BB2DM7,0.0022813776,0.010303678,7481751
20120926,14:15:00.000,BBG000BJDPC2,0.008704017,0.014169614,979594
20120926,14:15:00.000,BBG000BJ8YN7,-0.00470968,-0.013976967,1007494
20120926,14:15:00.000,BBG000BPVCR1,-0.045040824,-0.057482604,5519497
20120926,14:15:00.000,BBG000PCQQL6,0.006414675,0.0011014282,1371241
20120926,14:15:00.000,BBG000C2BXK4,0.0035759318,0.0124224415,4760762
20120926,14:15:00.000,BBG000F9KJN4,-0.008228466,-0.019018147,1476772
20120926,14:15:00.000,BBG000BNNYW1,-0.008520345,-0.0044990084,1207965
20120926,14:15:00.000,BBG000C734W3,-0.004860393,-0.019307356,462908
20120926,14:15:00.000,BBG000D7RKJ5,-0.0030636129,0.0040670843,736070
20120926,14:15:00.000,BBG000G8N9C6,-0.0014810889,-4.3155373e-07,1054982
20120926,14:15:00.000,BBG000BRXP69,-0.0030033966,-0.009766358,330071
20120926,14:15:00.000,BBG000NDYB67,0.005942593,0.002124874,6403265
20120926,14:15:00.000,BBG000BHZ5J9,0.004543308,-0.0033273573,310223
20120926,14:15:00.000,BBG000BHKYH4,0.0033384857,0.0072111585,835656
20120926,14:15:00.000,BBG000D2M0Z7,0.007652617,0.0061303987,420744
20120926,14:15:00.000,BBG000CHWP52,0.010205545,0.0019664895,737650
20120926,14:15:00.000,BBG0029SNR63,0.010086589,0.008881116,4130694
20120926,14:15:00.000,BBG000BNNKG9,-0.005558189,-0.019942088,5169529
20120926,14:15:00.000,BBG000BP4MH0,0.0013677401,0.00029471717,1797812
20120926,14:15:00.000,BBG000BHLYS1,0.0048772614,0.011262777,1714669
20120926,14:15:00.000,BBG000BFJ645,-0.011409555,-0.01419803,10747933
20120926,14:15:00.000,BBG000BC4JJ4,0.0009131895,-0.002459524,713653
20120926,14:15:00.000,BBG000BVVQQ8,0.007172746,0.0030785277,2205532
20120926,14:15:00.000,BBG000DLFM21,0.0046057403,-0.0031532375,551482
20120926,14:15:00.000,BBG000BP1152,-0.022122208,-0.033594623,3031742
20120926,14:15:00.000,BBG000H50PN8,0.002963966,-0.004783099,1848079
20120926,14:15:00.000,BBG000CP95B7,0.0052754926,0.00043894514,342051
20120926,14:15:00.000,BBG000BS9489,-0.01029864,-0.016667822,1316393
20120926,14:15:00.000,BBG000KBQZ88,-0.0006989069,-0.0068818163,669748
20120926,14:15:00.000,BBG000C37332,-0.008701975,-0.006241911,429640
20120926,14:15:00.000,BBG000C2PW58,0.003355819,-0.0023313807,278411
20120926,14:15:00.000,BBG000BKR1D6,0.012796086,0.0009918964,467525
20120926,14:15:00.000,BBG000BR37X2,-0.0028366265,-0.0033586256,2335354
20120926,14:15:00.000,BBG000BWCKB6,0.005863732,0.010048059,329204
20120926,14:15:00.000,BBG000BCZYD3,-0.0024304213,-0.005253725,407667
20120926,14:15:00.000,BBG000BMKDM3,-0.0043922625,-0.0009642331,899055
20120926,14:15:00.000,BBG000D3MB18,0.0013887134,-0.005093759,1037687
20120926,14:15:00.000,BBG000BB1TH9,-0.0034606012,-0.006528007,978222
20120926,14:15:00.000,BBG000BQVTF5,-0.009723867,-0.015049436,1563794
20120926,14:15:00.000,BBG000D1QCF1,-0.01461836,-0.024473546,1704627
20120926,14:15:00.000,BBG000PX3XC0,-0.006287892,-0.020296182,1287622
20120926,14:15:00.000,BBG000J1QLT0,0.0031871647,0.0012433216,838554
20120926,14:15:00.000,BBG000BH8TT6,-0.0067417417,-0.013642243,3371944
20120926,14:15:00.000,BBG000QRFNK2,-0.06609311,-0.065590695,6511316
20120926,14:15:00.000,BBG000BCNYT9,0.013116961,0.012036392,2001057
20120926,14:15:00.000,BBG000BPMH90,-0.017455032,-0.026119133,808386
20120926,14:15:00.000,BBG000F7RCJ1,0.004559471,0.005181795,535387
20120926,14:15:00.000,BBG000BB6G37,-0.0005958662,-0.008204422,2004063
20120926,14:15:00.000,BBG000BFDLV8,-0.00288625,-0.0105580995,621585
20120926,14:15:00.000,BBG000WCFV84,0.007385184,-0.00029512527,2106200
20120926,14:15:00.000,BBG000BY2Y78,0.0022611357,-0.00764158,1847666
20120926,14:15:00.000,BBG000BXM6V2,0.0032762093,0.006771227,1274716
20120926,14:15:00.000,BBG000FH8PX5,0.0031772726,-0.0013828464,309805
20120926,14:15:00.000,BBG000BP8Z50,-0.0038471655,-0.0121963825,1237616
20120926,14:15:00.000,BBG000BQWPC5,0.0015930427,0.0075019537,1490534
20120926,14:15:00.000,BBG000BWSV34,0.0059867464,-0.009538967,905087
20120926,14:15:00.000,BBG000NDZ417,-0.017442547,-0.03583831,1685585
20120926,14:15:00.000,BBG000BJQWD2,-0.0061562653,-0.014826373,1213813
20120926,14:15:00.000,BBG000BB5373,0.0033576314,-0.002724258,3967250
20120926,14:15:00.000,BBG000BHB3M6,0.0015300006,-0.0037201473,872713
20120926,14:15:00.000,BBG000BLW530,-0.0016068297,-0.011964225,787870
20120926,14:15:00.000,BBG000D8RG11,-0.013040378,-0.011962333,2577971
20120926,14:15:00.000,BBG0019JZ882,-0.005131801,-0.009846525,2157762
20120926,14:15:00.000,BBG000R7RDB4,-0.017863626,-0.033122823,841255
20120926,14:15:00.000,BBG000BQ8KV2,0.0012288319,0.006442398,1499907
20120926,14:15:00.000,BBG000BYWTX7,-0.0046276054,-0.009735776,10843126
20120926,14:15:00.000,BBG000C1S2X2,-0.018003853,-0.023284348,1081901
20120926,14:15:00.000,BBG000DLVDK3,-8.124165e-05,0.0050282297,1489058
20120926,14:15:00.000,BBG000BFL116,0.026843293,0.01973169,3761225
20120926,14:15:00.000,BBG000C1DHF5,-0.015968345,-0.030780992,3485289
20120926,14:15:00.000,BBG000BVHBM1,0.0058411364,-0.027750507,3857415
20120926,14:15:00.000,BBG000BGVW60,0.0008260422,0.0060777785,1355045
20120926,14:15:00.000,BBG000BPQD31,0.003905299,-0.0037175938,1752827
20120926,14:15:00.000,BBG000H1F895,-0.008173426,-0.023871183,1511925
20120926,14:15:00.000,BBG000K82ZT8,-0.0065857014,-0.017869977,1406847
20120926,14:15:00.000,BBG000DNTSP4,-0.004340693,-0.005465333,1982279
20120926,14:15:00.000,BBG000F15NW9,0.005812661,0.00095357763,1572064
20120926,14:15:00.000,BBG000BPT0C6,0.0040791035,-0.007613035,510426
20120926,14:15:00.000,BBG000B9WJ73,0.040299974,0.041767906,10453082
20120926,14:15:00.000,BBG000BDXGP9,0.005358137,0.0065676877,2346122
20120926,14:15:00.000,BBG000BSD7C2,-0.0048440634,-0.0012923211,606980
20120926,14:15:00.000,BBG000BSLZY7,0.012064873,0.0077608298,8872852
20120926,14:15:00.000,BBG000BKZTP3,-0.0020796144,-0.005800146,1976686
20120926,14:15:00.000,BBG000BF1R66,-0.0027936278,-0.004605017,674273
20120926,14:15:00.000,BBG000HW5GX3,0.0018447044,-0.013010016,2735069
20120926,14:15:00.000,BBG000C0F570,-0.004985223,-0.012719382,1400335
20120926,14:15:00.000,BBG000BP1Q11,0.016954243,0.010172309,1190996
20120926,14:15:00.000,BBG000BMQPL1,0.0039385953,-0.0022782844,6249691
20120926,14:15:00.000,BBG000M65M61,0.00042707866,0.014620278,2271689
20120926,14:15:00.000,BBG000BM7HL0,-0.00020470949,-0.011255284,1762452
20120926,14:15:00.000,BBG000BJ49H3,-0.0053719003,-0.009015596,932601
20120926,14:15:00.000,BBG000JBN3X6,0.0074548475,0.014569671,2809833
20120926,14:15:00.000,BBG000NSQ9M0,-0.0016564213,0.00081489695,5395386
20120926,14:15:00.000,BBG000BTVJ25,0.0029750937,0.0022677844,1239083
20120926,14:15:00.000,BBG000BBCDZ2,-0.004248193,-0.010511844,1044290
20120926,14:15:00.000,BBG000BNGTQ7,0.0017416356,0.002432871,1060978
20120926,14:15:00.000,BBG000BGKHZ3,0.008047727,1.2257347e-07,1056616
20120926,14:15:00.000,BBG000BL9439,0.00026191675,0.0030462907,746914
20120926,14:15:00.000,BBG000H9G7X2,0.00027072083,0.0049167788,1635226
20120926,14:15:00.000,BBG000BK67C7,0.003214788,0.0074476535,1064268
20120926,14:15:00.000,BBG000FV1Z23,0.006307872,0.008013846,693858
20120926,14:15:00.000,BBG000BV7LP7,-0.010828178,-0.01649811,3980673
20120926,14:15:00.000,BBG000CR90K4,0.068308815,0.07115857,32882776
20120926,14:15:00.000,BBG000BL9JQ1,0.007516729,-0.0057066507,2067857
20120926,14:15:00.000,BBG000BF2KK4,0.009606133,0.003909324,553586
20120926,14:15:00.000,BBG000GLBN48,-0.0033485985,-0.01286282,548363
20120926,14:15:00.000,BBG000BB6M98,-0.0010144316,0.0024821118,784929
20120926,14:15:00.000,BBG000BXMFC3,-0.030565914,-0.0441417,4377038
20120926,14:15:00.000,BBG000BSXQV7,-0.0060194125,-0.0049043032,561549
20120926,14:15:00.000,BBG000MDCQC2,-0.0027876415,0.0025764327,1664344
20120926,14:15:00.000,BBG000BRJ809,0.0030346646,-0.0025202762,365085
20120926,14:15:00.000,BBG000DKCC19,0.0221145,0.027017962,3160594
20120926,14:15:00.000,BBG000BFMBQ6,0.0067546167,0.004694536,767278
20120926,14:15:00.000,BBG000BQ2C28,0.0080012325,0.008666048,914110
20120926,14:15:00.000,BBG000BMTFR4,0.009127948,-0.0064026183,1980205
20120926,14:15:00.000,BBG000BHLYP4,0.0052152947,0.0017484106,1147416
20120926,14:15:00.000,BBG000BNFLM9,-0.0072007417,-0.015382475,2727768
20120926,14:15:00.000,BBG000NV1KK7,0.0043938453,0.0062611736,2101511
20120926,14:15:00.000,BBG000FBK808,-0.012646772,-0.027836261,3936783
20120926,14:15:00.000,BBG000R0L5J4,-0.008985351,-0.018021405,751401
20120926,14:15:00.000,BBG000BZTW70,0.002060449,-0.014029879,6048280
20120926,14:15:00.000,BBG000BLM0V1,,,684518
20120926,14:15:00.000,BBG000BTQR96,-0.0047654207,-0.011074124,1117808
20120926,14:15:00.000,BBG000BH5DV1,0.009643803,-6.212629e-07,2441521
20120926,14:15:00.000,BBG000BLBXT4,-0.0069070333,-0.0029678235,1211979
20120926,14:15:00.000,BBG000KLB4Q1,0.006931239,-0.00766101,6065035
20120926,14:15:00.000,BBG000BR3KL6,-0.0038264883,-0.009195644,745654
20120926,14:15:00.000,BBG000BB9KF2,-0.004357344,0.00090142904,1011016
20120926,14:15:00.000,BBG000BVDLH9,0.005672729,0.00033884,582378
20120926,14:15:00.000,BBG000C0MF34,-0.0021000206,0.00549939,505389
20120926,14:15:00.000,BBG000FVXD63,0.023129517,0.012594031,900035
20120926,14:15:00.000,BBG000CGQ6M4,-0.01888981,-0.021541692,1174151
20120926,14:15:00.000,BBG000BJSBJ0,0.004671669,0.008764943,1683385
20120926,14:15:00.000,BBG000BFTJ91,-0.008429511,-0.016047962,2197729
20120926,14:15:00.000,BBG000BSC0K9,-0.003948582,-0.0043118806,1050803
20120926,14:15:00.000,BBG000BWXL85,0.008926343,-0.0027227718,1642111
20120926,14:15:00.000,BBG000QY3XZ2,0.015566979,-0.0036976645,1359639
20120926,14:15:00.000,BBG000BCWCG1,0.0040182183,0.012400509,4003948
20120926,14:15:00.000,BBG000CKVSG8,0.014963474,0.008896321,4023670
20120926,14:15:00.000,BBG000JN8R00,0.016314968,0.019138508,1466489
20120926,14:15:00.000,BBG000BBBNC6,-0.0037946438,-0.016184798,1985733
20120926,14:15:00.000,BBG000JG0547,-0.001681306,-0.0053101303,1643690
20120926,14:15:00.000,BBG000R7Z112,0.007374089,0.019966295,3672113
20120926,14:15:00.000,BBG000D898T9,0.005754363,0.007304011,3078229
20120926,14:15:00.000,BBG000Q3JN03,0.005299745,-0.001384563,10007628
20120926,14:15:00.000,BBG000BRJL00,-0.0066283653,0.0003463716,3270081
20120926,14:15:00.000,BBG000C2V3D6,0.0064874077,-0.0056078276,2214332
20120926,14:15:00.000,BBG000G30YX4,6.288163e-05,-0.012506339,738476
20120926,14:15:00.000,BBG000G0Z878,0.006182917,-0.0021277505,3210873
20120926,14:15:00.000,BBG000BKXBV7,-0.018841203,-0.028554408,6767198
20120926,14:15:00.000,BBG000BJ98Z0,-0.009992771,-0.00041886204,6431068
20120926,14:15:00.000,BBG000BR14K5,0.0058190664,0.004329982,919455
20120926,14:15:00.000,BBG000BGYWY6,-0.0053572063,0.00017800249,564241
20120926,14:15:00.000,BBG000BCGY17,0.0025433653,0.00787985,668773
20120926,14:15:00.000,BBG000BV75B7,0.002131117,-0.0037321204,1322503
20120926,14:15:00.000,BBG000CXD6X9,-0.009761388,-0.00934999,1349517
20120926,14:15:00.000,BBG000BWVSR1,-0.008247423,-0.0049853474,2097043
20120926,14:15:00.000,BBG000BVPPM1,-0.002146748,-0.013765063,1942877
20120926,14:15:00.000,BBG000BBMSJ6,-0.01156729,-0.019015023,2741344
20120926,14:15:00.000,BBG000CHPY97,0.0074896216,-0.0032020716,2676768
20120926,14:15:00.000,BBG000C3GN47,0.01591421,0.0012605301,1377837
20120926,14:15:00.000,BBG000BYYLS8,-0.0011629438,-0.008138036,2397161
20120926,14:15:00.000,BBG000DTMH63,,,2414834
20120926,14:15:00.000,BBG000PVRDL2,-0.010389685,-0.011577,5603755
20120926,14:15:00.000,BBG000DQTXY6,0.007963877,-0.029891254,8805119
20120926,14:15:00.000,BBG000JF5CV9,0.008605845,-0.00079317915,3366866
20120926,14:15:00.000,BBG000CJZ2W6,-0.020712018,-0.025021,1888863
20120926,14:15:00.000,BBG000K14Q84,-0.008626768,-0.013798697,3325908
20120926,14:15:00.000,BBG000BH3JF8,0.015202993,0.014669718,3564444
20120926,14:15:00.000,BBG000BTKGG8,0.006487633,-3.1426342e-08,4131130
20120926,14:15:00.000,BBG000BB5006,0.0014007783,-0.008210488,2376888
20120926,14:15:00.000,BBG000BSBZH7,-0.0028983383,0.0020084335,1185195
20120926,14:15:00.000,BBG000BM6788,-0.0030562722,-0.008199185,2113975
20120926,14:15:00.000,BBG000BQ5DS5,-0.010401748,-0.008294111,2288709
20120926,14:15:00.000,BBG000BB6WG8,-0.0067140977,-0.0068705273,3612921
20120926,14:15:00.000,BBG000BRK7L6,-0.00030189165,-0.0117291575,2730074
20120926,14:15:00.000,BBG000BMY992,0.0018430453,0.002555831,3582858
20120926,14:15:00.000,BBG000FKJRC5,-0.00587494,-0.010178681,1135274
20120926,14:15:00.000,BBG000C1BW00,0.00813774,0.0076498073,721930
20120926,14:15:00.000,BBG000DY8ZS4,0.017936766,0.0023855784,8559905
20120926,14:15:00.000,BBG000BY33P5,-0.014506367,-0.017912408,4558348
20120926,14:15:00.000,BBG000BKLH74,-0.00022646134,-0.0022543625,2427579
20120926,14:15:00.000,BBG000BMF5J0,0.0019183917,0.0032418054,7159596
20120926,14:15:00.000,BBG000CSY9H9,0.011757093,0.015164074,2685752
20120926,14:15:00.000,BBG000CPQZ77,-0.013577294,-0.01813656,1087319
20120926,14:15:00.000,BBG000CS7CT9,0.004806408,0.0077161603,1498267
20120926,14:15:00.000,BBG000BC9938,-0.002106032,-0.01554515,1694378
20120926,14:15:00.000,BBG000BBJQV0,-0.0070473636,-0.016411223,7837167
20120926,14:15:00.000,BBG000FQ6PY6,0.002405943,-0.008180851,1288237
20120926,14:15:00.000,BBG000PM7GJ0,0.03416651,0.038256567,20204114
20120926,14:15:00.000,BBG000GC80B4,0.010340855,0.0040304447,1274633
20120926,14:15:00.000,BBG000DYGNW7,0.0024852108,0.0073590376,1054642
20120926,14:15:00.000,BBG000HCJMF9,-0.020630758,-0.030589042,3732673
20120926,14:15:00.000,BBG000C17X76,0.0016969116,-0.0038591335,1207841
20120926,14:15:00.000,BBG000BMDV41,0.0037503964,0.0010910475,2781812
20120926,14:15:00.000,BBG000TWC2V5,-0.002421518,0.0021049648,803078
20120926,14:15:00.000,BBG000BBPFB9,0.011298897,-0.0017941982,6901149
20120926,14:15:00.000,BBG000BLKK03,-0.0035923643,-0.006448025,1076792
20120926,14:15:00.000,BBG000R8ZVD1,0.012536553,0.013298715,1105170
20120926,14:15:00.000,BBG000BD8PN9,0.0101654995,0.0039764056,4273291
20120926,14:15:00.000,BBG000BBDV81,0.0023111103,-0.0016200495,1170540
20120926,14:15:00.000,BBG000BCVJ77,-0.011751233,-0.016114287,3319592
20120926,14:15:00.000,BBG000BJL3N0,0.0037761014,-0.0032407723,8453175
20120926,14:15:00.000,BBG000BZ2GG4,0.0019409558,-0.017985517,1714913
20120926,14:15:00.000,BBG000BKFBD7,-0.00473518,-0.009206164,2539418
20120926,14:15:00.000,BBG000BJ2VQ6,-0.0070529324,-0.022680476,2334480
20120926,14:15:00.000,BBG000BKFZM4,0.002400185,-0.004638001,8304326
20120926,14:15:00.000,BBG000QBR5J5,0.0024627596,-0.00637684,2681047
20120926,14:15:00.000,BBG000BJPDZ1,-0.009247993,-0.016259976,149832
20120926,14:15:00.000,BBG000BH5LT6,0.0033026827,-0.012044405,2484943
20120926,14:15:00.000,BBG000MBDGM6,0.021120876,0.00828759,477218
20120926,14:15:00.000,BBG000LD9JQ8,-0.0055274107,-0.0027227018,759518
20120926,14:15:00.000,BBG000BTR593,0.0037112467,-0.0045047323,2657600
20120926,14:15:00.000,BBG000BVMGF2,-0.0025066463,-0.0076370505,1728623
20120926,14:15:00.000,BBG000FJLFX8,-0.008577385,-0.012031176,2891436
20120926,14:15:00.000,BBG000BWNFZ9,0.0013460185,-0.019540366,2507760
20120926,14:15:00.000,BBG000BR54L0,-0.0001613757,-0.039838377,18292264
20120926,14:15:00.000,BBG000BCBCM7,-0.013613965,-0.01880815,17247848
20120926,14:15:00.000,BBG000BM5SR2,0.007755239,-0.0016670537,3136624
20120926,14:15:00.000,BBG000BJ81C1,-0.006161783,-0.00891083,1287068
20120926,14:15:00.000,BBG001DCCGR8,-0.0008634366,-0.014073225,2474020
20120926,14:15:00.000,BBG000H89QJ6,0.0006569924,-0.005491022,1411061
20120926,14:15:00.000,BBG000F6H8W8,-0.0017613127,-0.0015282516,940234
20120926,14:15:00.000,BBG000BS0ZF1,0.0018701961,0.004566328,434001
20120926,14:15:00.000,BBG000BVWLJ6,-0.0023601563,0.00018178475,4061083
20120926,14:15:00.000,BBG000BGJRC8,-0.0039325813,-0.004252239,4115097
20120926,14:15:00.000,BBG000BT9DW0,0.0020244485,0.009836793,2057574
20120926,14:15:00.000,BBG000BXRPH1,0.0011472509,-0.015681911,1198619
20120926,14:15:00.000,BBG000C7LMS8,0.006899554,0.01422863,670874
20120926,14:15:00.000,BBG00286S4N9,-0.0006257061,-0.007609783,2300223
20120926,14:15:00.000,BBG000BH2JM1,0.0075163795,-0.0027679568,6014659
20120926,14:15:00.000,BBG000BRD0D8,-0.008733092,-0.012549706,3201667
20120926,14:15:00.000,BBG000BJF1Z8,-0.0031460228,-0.0035472324,1438299
20120926,14:15:00.000,BBG000BHQ1H0,0.01026641,0.0072346353,1340793
20120926,14:15:00.000,BBG000BN5HF7,-0.003374736,-0.032528438,7124997
20120926,14:15:00.000,BBG000B9WH86,-0.0021679841,0.010186884,18429034
20120926,14:15:00.000,BBG000C5Z1S3,-0.009984989,-0.016379686,21684398
20120926,14:15:00.000,BBG000D9D830,-0.0045811585,-0.010472403,1762785
20120926,14:15:00.000,BBG000JWD753,0.014850705,0.017019277,6804887
20120926,14:15:00.000,BBG000BKCFC2,-0.003873667,0.00024864054,2535426
20120926,14:15:00.000,BBG000BWVCP8,-0.012119924,-0.020140821,4450329
20120926,14:15:00.000,BBG000BBD070,-0.0126392525,-0.021546647,3196707
20120926,14:15:00.000,BBG000BMBL90,-0.0047778194,-0.009430796,2411503
20120926,14:15:00.000,BBG000BNWG87,0.007009324,0.00069303764,2801024
20120926,14:15:00.000,BBG000BCG930,-0.0094944695,-0.011968798,1750847
20120926,14:15:00.000,BBG000BHX7N2,-0.0059349947,-0.0070395283,2787511
20120926,14:15:00.000,BBG000BX3TD3,0.011534331,0.022007253,8895124
20120926,14:15:00.000,BBG000BH23R1,0.0037401742,0.0060150223,13827991
20120926,14:15:00.000,BBG000BBVJZ8,-0.0030833,-0.011095295,1333198
20120926,14:15:00.000,BBG000BJ3PD2,0.012561078,0.006708812,2208542
20120926,14:15:00.000,BBG000BFQYY3,0.0040445905,0.0040297518,896409
20120926,14:15:00.000,BBG000BMW2Z0,0.00043284742,0.0014036202,932767
20120926,14:15:00.000,BBG000CXYSZ6,-0.0064302883,-0.018031975,870655
20120926,14:15:00.000,BBG000H556T9,0.00627318,0.0037083868,2561513
20120926,14:15:00.000,BBG000J6XT05,-0.0045216624,0.004210886,2984024
20120926,14:15:00.000,BBG000C8H633,-0.0022686725,-0.016647851,4774062
20120926,14:15:00.000,BBG000FP1N32,-0.02784613,-0.0368915,7234701
20120926,14:15:00.000,BBG000BD4VG8,-0.00077991193,-0.015022684,2297605
20120926,14:15:00.000,BBG000C496P7,-0.009017352,-0.018984554,6871303
20120926,14:15:00.000,BBG000FG3C43,-0.012836543,-0.02632759,4878729
20120926,14:15:00.000,BBG000DHSPT0,-0.005661822,-0.013408975,2849027
20120926,14:15:00.000,BBG000FW00S1,0.020999687,0.018203143,6187719
20120926,14:15:00.000,BBG000BFC8J2,0.008268853,0.0020362223,1633666
20120926,14:15:00.000,BBG000BZ9223,0.0013765731,-0.013474755,827420
20120926,14:15:00.000,BBG000GFFQN9,0.0006964749,0.0012758558,8526616
20120926,14:15:00.000,BBG000G2R6M0,0.0012619739,0.007616787,4015716
20120926,14:15:00.000,BBG000FL1TC8,-0.0072290055,-0.013776999,2418186
20120926,14:15:00.000,BBG000BGKTF9,-0.0006945887,-0.0059025134,2471671
20120926,14:15:00.000,BBG000BB6KF5,-0.006457645,-0.017278966,5828978
20120926,14:15:00.000,BBG000BGLRN3,-0.013203064,-0.012635733,2373547
20120926,14:15:00.000,BBG000Q9HH23,-0.008043282,-0.014098698,1450345
20120926,14:15:00.000,BBG000BV8DN6,0.013061307,0.01770503,4206932
20120926,14:15:00.000,BBG000BFXHL6,-0.0051482623,-0.0069487565,2743082
20120926,14:15:00.000,BBG000C46HM9,0.008583301,0.0052965838,3396353
20120926,14:15:00.000,BBG000BFRF55,0.012779543,0.014375283,6143174
20120926,14:15:00.000,BBG000BNBDC2,-0.0017617566,-0.0069556455,2951070
20120926,14:15:00.000,BBG000BH13K9,0.003814975,0.0019814228,2204641
20120926,14:15:00.000,BBG000BGPTV6,0.0075408304,0.0024338353,1564288
20120926,14:15:00.000,BBG000QX74T1,-0.0110714305,-0.011017224,741632
20120926,14:15:00.000,BBG000BWJFZ4,0.017486446,0.007752873,574186
20120926,14:15:00.000,BBG000BWLMJ4,-0.000722512,-0.0033271136,3597242
20120926,14:15:00.000,BBG000BW3299,-0.010254232,-0.011339784,1337053
20120926,14:15:00.000,BBG000BFDXW1,-0.0037957528,-0.011862086,6232109
20120926,14:15:00.000,BBG000BC2C10,0.010324845,0.0017591396,2189221
20120926,14:15:00.000,BBG000BVV7G1,-0.007229853,-0.014735396,12502799
20120926,14:15:00.000,BBG000BPWXK1,-0.001324036,0.0059006894,4558898
20120926,14:15:00.000,BBG000BBGGQ1,-0.0068901447,-0.015890855,4871341
20120926,14:15:00.000,BBG000BHBK84,-0.0077678636,-0.011540025,5819254
20120926,14:15:00.000,BBG000BJX8C8,-0.007486469,-0.020076064,2710853
20120926,14:15:00.000,BBG000H8TVT2,-0.00834837,-0.004039805,1988201
20120926,14:15:00.000,BBG000BTZQC4,-0.0044894475,-0.0026554856,3647671
20120926,14:15:00.000,BBG000BP52R2,-0.0018542021,-0.0018307177,1615448
20120926,14:15:00.000,BBG000C5HS04,-0.0017123775,0.010096567,1894924
20120926,14:15:00.000,BBG000BH3GZ2,-0.0020971869,-0.0029962177,1477795
20120926,14:15:00.000,BBG000F1ZSQ2,-0.00010819279,-0.0060896333,210182
20120926,14:15:00.000,BBG000C15T95,0.008161999,0.009622236,1981629
20120926,14:15:00.000,BBG000BFWKC0,-0.00601727,-0.011384976,1566581
20120926,14:15:00.000,BBG000CL9VN6,0.030544823,0.030956665,4377328
20120926,14:15:00.000,BBG000F0KF42,0.011616403,-0.018698104,5172371
20120926,14:15:00.000,BBG000C240W1,-0.006719775,-0.012647132,27191016
20120926,14:15:00.000,BBG000L9CV04,-0.0035303913,-0.0024976877,2480305
20120926,14:15:00.000,BBG000BC40Y8,0.0060945684,-0.0034701012,2471502
20120926,14:15:00.000,BBG000BL4504,-0.004856612,-0.017282587,8491556
20120926,14:15:00.000,BBG000BB07P9,-0.007325684,-0.00060997315,7220896
20120926,14:15:00.000,BBG000BBDZG3,-0.00045409467,-0.011175943,23886884
20120926,14:15:00.000,BBG000BY29C7,0.006367321,0.012110219,4369216
20120926,14:15:00.000,BBG000DWG505,0.0048047826,0.0073153595,2286018
20120926,14:15:00.000,BBG000BCQZS4,-0.0087481765,-0.014180413,2984819
20120926,14:15:00.000,BBG000CKGBP2,-0.008843404,-0.015018153,4609105
20120926,14:15:00.000,BBG000BHGDH5,-0.0057826033,0.003265633,1916828
20120926,14:15:00.000,BBG000FFDM15,0.002865565,0.0027994944,6493222
20120926,14:15:00.000,BBG000BWXBC2,0.0012439738,0.0008075556,2785970
20120926,14:15:00.000,BBG000BGRY34,0.0083797695,0.007350609,3754667
20120926,14:15:00.000,BBG000BN2DC2,-0.003594874,-0.015805278,1555266
20120926,14:15:00.000,BBG000BH1NH9,0.007998585,0.0029564458,2387704
20120926,14:15:00.000,BBG000F0PF65,0.0014370518,-0.0051110177,4407291
20120926,14:15:00.000,BBG000BW8S60,-0.005320041,-0.0027940604,2969292
20120926,14:15:00.000,BBG000BCSST7,0.0070798877,0.014483398,3433074
20120926,14:15:00.000,BBG000CH5208,0.00039124562,-0.002135223,3834040
20120926,14:15:00.000,BBG000BQQ2S6,0.0025030316,-0.005860033,2045374
20120926,14:15:00.000,BBG000BLZRJ2,0.008967027,2.3920705e-07,14248802
20120926,14:15:00.000,BBG000BP6LJ8,0.0013425546,0.007053678,4431713
20120926,14:15:00.000,BBG000DWYF03,0.0006595154,-0.0057312096,9353198
20120926,14:15:00.000,BBG000BQPC32,-0.0029712487,-0.0029748494,33626700
20120926,14:15:00.000,BBG000BBS2Y0,0.0008729056,-0.005546055,3156629
20120926,14:15:00.000,BBG000CTQBF3,-0.0058695497,-0.007719465,4453644
20120926,14:15:00.000,BBG000DQLV23,-0.0036210744,-0.0070592193,5851233
20120926,14:15:00.000,BBG000KHWT55,0.020799233,0.019742576,25416832
20120926,14:15:00.000,BBG000BNDN65,0.0059125125,0.0090943575,9155884
20120926,14:15:00.000,BBG000B9ZXB4,0.0016198629,-0.0015802353,3758702
20120926,14:15:00.000,BBG000DH7JK6,-0.0045084157,0.0038384823,2427430
20120926,14:15:00.000,BBG000BH4R78,-0.0060036904,-0.01084396,5453461
20120926,14:15:00.000,BBG000BQQH30,0.00359912,-0.007665612,4226299
20120926,14:15:00.000,BBG000PSKYX7,-0.0027378327,-0.009473429,1494536
20120926,14:15:00.000,BBG000C6CFJ5,0.0026138215,-0.0015848341,3847580
20120926,14:15:00.000,BBG000BKTFN2,-0.008089839,-0.021285586,11421593
20120926,14:15:00.000,BBG000J2XL74,0.0044244193,0.008770476,2695017
20120926,14:15:00.000,BBG000BHVJJ3,0.0003648103,-0.012520507,11403693
20120926,14:15:00.000,BBG000C43RR5,-0.0050828606,-0.0104157,8149054
20120926,14:15:00.000,BBG000BFT2L4,-0.008038237,-0.014227187,8276134
20120926,14:15:00.000,BBG000D4LWF6,-0.005030852,-0.0016937869,9735569
20120926,14:15:00.000,BBG000BNSZP1,-0.00028772745,0.0031229346,3083634
20120926,14:15:00.000,BBG000BT41Q8,0.0031913284,-0.007565395,3109604
20120926,14:15:00.000,BBG000BKZB36,-0.004238741,-0.003348646,5355730
20120926,14:15:00.000,BBG000BPD168,0.008152058,0.0046533034,7878540
20120926,14:15:00.000,BBG000HS77T5,0.0010338902,0.003067835,6422330
20120926,14:15:00.000,BBG000BQLTW7,-0.010660527,-0.016616216,20418300
20120926,14:15:00.000,BBG000BVPV84,-0.003324575,-0.009131827,2105430
20120926,14:15:00.000,BBG000BJDB15,0.0027261497,0.0053407275,17238296
20120926,14:15:00.000,BBG000BMX289,-0.00096837117,0.005838403,9663965
20120926,14:15:00.000,BBG000MM2P62,0.018474553,0.015289265,28358350
20120926,14:15:00.000,BBG000CGC1X8,0.00065506354,-0.0063792737,7264117
20120926,14:15:00.000,BBG000BLBVN4,-0.007211359,-0.016126225,681532
20120926,14:15:00.000,BBG000BF0K17,0.0048121777,0.0017230595,6730812
20120926,14:15:00.000,BBG000BR2TH3,-0.003360739,-0.0002879651,5314164
20120926,14:15:00.000,BBG000K4ND22,0.0023641456,-0.004446367,3420957
20120926,14:15:00.000,BBG000BR2B91,0.006902697,0.0036231608,18227568
20120926,14:15:00.000,BBG000C3J3C9,0.0010454095,-0.006436453,21391692
20120926,14:15:00.000,BBG000BLNNH6,0.0029654065,-0.0020965086,2055305
20120926,14:15:00.000,BBG000BWQFY7,-0.004800933,-0.009790853,17650756
20120926,14:15:00.000,BBG000BMHYD1,-0.0021062822,-0.003896329,5966522
20120926,14:15:00.000,BBG000BK6MB5,-0.004545497,-0.004929003,25623880
20120926,14:15:00.000,BBG000BSJK37,0.005484949,0.0063060205,14630928
20120926,14:15:00.000,BBG000C0G1D1,0.011983844,0.004886632,34575568
20120926,14:15:00.000,BBG000FY4S11,0.0033616067,-0.006691872,33492826
20120926,14:15:00.000,BBG000BCTLF6,0.0017856609,-0.0056019095,109935864
20120926,14:15:00.000,BBG000DMBXR2,0.007079424,-0.0009866323,16730033
20120926,14:15:00.000,BBG000BPH459,-0.0012379525,-0.009211854,34704016
20120926,14:15:00.000,BBG000GZQ728,-0.0042866007,-0.0059937104,6650165
20120926,14:15:00.000,BBG000BHSKN9,0.016050512,0.011816654,4280386
20120926,14:15:00.000,BBG000B9XRY4,0.0060915663,-0.0059958915,15200608
20120926,14:30:00.000,BBG000BFVXX0,0.009013441,0.011556216,1739218
20120926,14:30:00.000,BBG000M4SW14,-0.027443862,-0.030885605,667418
20120926,14:30:00.000,BBG000HS74G6,-0.009010636,-0.009448469,371391
20120926,14:30:00.000,BBG000BJNGN9,-0.077378266,-0.0944426,8136672
20120926,14:30:00.000,BBG000FNRZ69,0.0030834293,-0.0007264481,5581432
20120926,14:30:00.000,BBG000BW2QX0,-0.0037087058,-0.0067305765,1997104
20120926,14:30:00.000,BBG000BBV8B8,0.01730941,0.0054063904,1377275
20120926,14:30:00.000,BBG000DV7MX4,0.0038537334,0.0016375008,7132457
20120926,14:30:00.000,BBG000BQ74K1,-0.0023536622,-0.010752166,678595
20120926,14:30:00.000,BBG000BCYP43,0.00060523953,-0.0030961512,151910
20120926,14:30:00.000,BBG000BW5YW1,0.010305486,-0.008492543,1824620
20120926,14:30:00.000,BBG000BLCL55,0.0015772232,-0.012401415,710856
20120926,14:30:00.000,BBG000CZWZ05,0.003824119,-0.004717227,417507
20120926,14:30:00.000,BBG000NSCNT7,0.0093522025,-8.295086e-08,1645611
20120926,14:30:00.000,BBG000D14WM3,-0.0057067308,-0.025737356,4731111
20120926,14:30:00.000,BBG000BK5DP1,0.00053677417,-0.0137632,2562422
20120926,14:30:00.000,BBG000PCNTM2,-0.0045095915,-0.013567502,337270
20120926,14:30:00.000,BBG000BBB3K1,0.00096813485,0.0055053383,1020464
20120926,14:30:00.000,BBG000C2YHG9,-0.012791417,-0.02246852,1344794
20120926,14:30:00.000,BBG000RGM5P1,-0.006405488,-0.016902456,1871655
20120926,14:30:00.000,BBG000BQ87N0,-0.0024871817,0.0013133535,705671
20120926,14:30:00.000,BBG000BD0TF8,0.0050182035,-0.005840779,331548
20120926,14:30:00.000,BBG000BDG1Y1,-0.004476876,-0.01039365,893365
20120926,14:30:00.000,BBG000BHC2S1,0.0016486432,-0.006877376,562915
20120926,14:30:00.000,BBG000BCHG15,-0.0010405794,7.168035e-05,768026
20120926,14:30:00.000,BBG000CLVM51,-0.0012111694,-0.0028107378,221665
20120926,14:30:00.000,BBG000BBCQD7,-0.0028523593,-0.011212167,1351845
20120926,14:30:00.000,BBG000BB03M1,0.011578924,0.0070111807,767903
20120926,14:30:00.000,BBG000BQC9V2,0.017036403,0.010991554,2524256
20120926,14:30:00.000,BBG000D5S4M0,-0.008359338,-0.009553031,404248
20120926,14:30:00.000,BBG000BB9RZ5,0.012264207,0.0041424897,324079
20120926,14:30:00.000,BBG000DCCZW2,-0.0051134555,-0.01273044,990916
20120926,14:30:00.000,BBG000BS5170,-0.0039457134,0.0032002218,763858
20120926,14:30:00.000,BBG000BLMZK6,-0.0044517764,0.00070132234,1060717
20120926,14:30:00.000,BBG000BB5BF6,0.00636612,0.011485748,3139437
20120926,14:30:00.000,BBG000BLXZN1,0.009932667,0.0003612181,239432
20120926,14:30:00.000,BBG000FQRVM3,-0.0014542495,-0.0058842683,290023
20120926,14:30:00.000,BBG000BGFLL5,0.00049360417,-0.006034733,2297970
20120926,14:30:00.000,BBG000BJ5GK2,0.0010142113,0.0024971322,517167
20120926,14:30:00.000,BBG000BWP7D9,0.00791618,0.010693588,1480440
20120926,14:30:00.000,BBG000BPQVR5,0.0029749998,-0.0011051447,571491
20120926,14:30:00.000,BBG000DGPR66,-0.0050196005,-0.00832543,605345
20120926,14:30:00.000,BBG000BRZBT3,-0.010464249,-0.024282292,1349492
20120926,14:30:00.000,BBG000BWBZN1,-0.004543871,-0.00904535,508003
20120926,14:30:00.000,BBG000BFS7D3,0.009263685,0.012255985,527918
20120926,14:30:00.000,BBG000C23KJ3,-0.011589372,-0.008139671,4906884
20120926,14:30:00.000,BBG001QD41M9,0.008101305,-0.0007970599,799996
20120926,14:30:00.000,BBG000M44VW8,-0.005575382,-0.020927569,1256745
20120926,14:30:00.000,BBG000BSJTT0,0.010727709,0.0072947135,2729664
20120926,14:30:00.000,BBG000C9W1Y1,0.004668246,0.001671421,1728520
20120926,14:30:00.000,BBG000DHNDK1,,,1042295
20120926,14:30:00.000,BBG000BN9WT5,0.00046730667,-0.0066123195,1164270
20120926,14:30:00.000,BBG000BBMT95,0.040192213,0.038468078,3673436
20120926,14:30:00.000,BBG000BJVZF7,0.003147391,3.811296e-09,1427767
20120926,14:30:00.000,BBG000BPZBB6,-0.0022085046,-0.00078430295,1333877
20120926,14:30:00.000,BBG000R57L13,0.013009941,-0.001749652,3132927
20120926,14:30:00.000,BBG000C1FB75,0.00240499,-0.002218811,203245
20120926,14:30:00.000,BBG000BF6LY3,-0.005150414,-0.004177651,4328717
20120926,14:30:00.000,BBG000F6ZWH2,0.0058328677,-0.0029081579,544262
20120926,14:30:00.000,BBG000BP7JB0,-0.008448826,-0.021061882,3884463
20120926,14:30:00.000,BBG000RNTSX0,0.008725334,-0.0017518642,388514
20120926,14:30:00.000,BBG000BCTQ65,-0.000162285,0.0039788666,1313982
20120926,14:30:00.000,BBG000C4DPX1,0.019515445,0.011361762,2749893
20120926,14:30:00.000,BBG000TJM7F0,0.0023325467,0.0061811153,652932
20120926,14:30:00.000,BBG0016WLQ18,0.0010104509,-0.004968122,1446229
20120926,14:30:00.000,BBG000CNFQW6,0.0006436378,-0.0024834056,184846
20120926,14:30:00.000,BBG000BMZ7P7,-0.009219091,-0.010871501,347875
20120926,14:30:00.000,BBG000BLDV98,-0.004148579,0.0047207084,1946346
20120926,14:30:00.000,BBG000BKWSR6,0.0061160373,6.221421e-07,4067280
20120926,14:30:00.000,BBG000MQ1SN9,0.007097855,0.007928348,461349
20120926,14:30:00.000,BBG000C75N77,0.0025034982,-0.0016249202,1256086
20120926,14:30:00.000,BBG000C2ZCH8,-0.003744674,-0.0014759692,617759
20120926,14:30:00.000,BBG000BVB8Q0,0.0088663595,-0.005183182,2619662
20120926,14:30:00.000,BBG000G6BN50,-0.0065806103,-0.010443026,246090
20120926,14:30:00.000,BBG000BL79J3,-0.011041757,-0.009753702,1507547
20120926,14:30:00.000,BBG000BKXFN7,-0.002321054,-0.017906614,3748955
20120926,14:30:00.000,BBG000BD3LM4,-0.0047279685,-0.01725268,2075944
20120926,14:30:00.000,BBG000F86GP6,0.004165421,-0.00427709,1163235
20120926,14:30:00.000,BBG000BGXZB5,-0.015713615,-0.01788639,2032107
20120926,14:30:00.000,BBG000BVMPN3,0.0040713428,-0.0059556672,720000
20120926,14:30:00.000,BBG000D9DMK0,-0.009301615,-0.006141943,241427
20120926,14:30:00.000,BBG000FDBX90,-0.0011850564,-0.0004673642,2137132
20120926,14:30:00.000,BBG000MM5VL9,-0.012016509,-0.014136622,891779
20120926,14:30:00.000,BBG000BHCP19,-0.00075406634,-0.007896926,1709674
20120926,14:30:00.000,BBG000BX8DC4,0.0028219253,-9.095109e-08,811127
20120926,14:30:00.000,BBG000G3QLY3,0.013738363,0.0028609966,1121263
20120926,14:30:00.000,BBG000BDWKC5,-0.0015252332,-0.010362635,2418057
20120926,14:30:00.000,BBG000BMRFF9,0.0166971,0.019385274,654128
20120926,14:30:00.000,BBG000BT4T69,-0.009743309,-0.009773123,1570276
20120926,14:30:00.000,BBG000BRRG02,-0.0015480473,-0.0007013828,642976
20120926,14:30:00.000,BBG000BP0KQ8,0.006790754,0.002367533,5267039
20120926,14:30:00.000,BBG000RKR4R8,0.0023823709,-0.012810875,6295443
20120926,14:30:00.000,BBG000C3HSR0,-0.006112372,-0.018982394,3476146
20120926,14:30:00.000,BBG000BKQ3V3,-0.0033324515,-0.024254834,1685928
20120926,14:30:00.000,BBG000CGT2S4,-0.0047281506,-0.009471514,1440819
20120926,14:30:00.000,BBG000C1FQS9,0.0007072216,0.005927354,406447
20120926,14:30:00.000,BBG000FFH4P5,-0.002579604,-0.009585871,318180
20120926,14:30:00.000,BBG000BF5RY1,-0.007372628,-0.0077908924,1446894
20120926,14:30:00.000,BBG000BFNR17,0.0016939347,-0.0051671728,340287
20120926,14:30:00.000,BBG000BR1W32,-0.026752023,-0.045098275,2439717
20120926,14:30:00.000,BBG001M8HHB7,-0.0065029953,-0.012442789,1396433
20120926,14:30:00.000,BBG000BPNP00,0.00048264326,-0.008408745,1884962
20120926,14:30:00.000,BBG000C0LW92,0.00092237035,-0.0035498717,4115622
20120926,14:30:00.000,BBG000K7PWX7,0.022856971,0.018388918,1449412
20120926,14:30:00.000,BBG000BQSQ38,-0.00558128,-0.0071826107,2409543
20120926,14:30:00.000,BBG000BKXYX5,0.035017814,0.047863543,2106503
20120926,14:30:00.000,BBG000BLHRS2,-0.0050878976,-0.0022546141,336853
20120926,14:30:00.000,BBG000JYP7L8,0.015373621,0.012183518,1015674
20120926,14:30:00.000,BBG000PV2L86,-0.00089264574,0.0025696335,381794
20120926,14:30:00.000,BBG000BTCH57,0.002659178,0.0014403007,1053688
20120926,14:30:00.000,BBG000BBNYF6,0.0046342383,0.0008944913,645946
20120926,14:30:00.000,BBG000BPL8X4,-0.0035930777,-0.0012123501,1117931
20120926,14:30:00.000,BBG000BLCPY4,0.019848222,0.0003217286,1147417
20120926,14:30:00.000,BBG000BNC3Y9,-0.004932433,-0.018545935,1576082
20120926,14:30:00.000,BBG000BT9T73,0.0038779702,-0.008516526,4882904
20120926,14:30:00.000,BBG000BC15S7,0.0020823628,0.00048173225,353299
20120926,14:30:00.000,BBG000BKNX95,-0.0063044396,-0.012340626,3274947
20120926,14:30:00.000,BBG000C90DH9,0.0032856613,-0.0062256833,2609083
20120926,14:30:00.000,BBG000C7B436,-0.005485232,-0.014215441,2381185
20120926,14:30:00.000,BBG000BK6G19,-0.012490372,-0.022374755,1297660
20120926,14:30:00.000,BBG000BX5ZF5,0.00942238,0.00034619716,8663542
20120926,14:30:00.000,BBG000BGD7W6,-0.005790138,-0.0022998378,1772997
20120926,14:30:00.000,BBG000BVSX05,0.0026660245,-0.00924588,1696227
20120926,14:30:00.000,BBG000CKJ0P3,-0.0018727152,-0.007360244,589516
20120926,14:30:00.000,BBG000BNJHS8,-0.003085481,0.011305786,3096856
20120926,14:30:00.000,BBG000BQZMH4,-0.0013172629,0.0021989634,846492
20120926,14:30:00.000,BBG000DN7P92,0.002623823,-0.002643239,746645
20120926,14:30:00.000,BBG000BKPL53,0.0009791466,-0.006729939,648373
20120926,14:30:00.000,BBG000BB2DM7,0.0014955493,0.009273062,7668849
20120926,14:30:00.000,BBG000BJDPC2,0.0094721485,0.013853073,1018970
20120926,14:30:00.000,BBG000BJ8YN7,-0.0052653803,-0.014092584,1032668
20120926,14:30:00.000,BBG000BPVCR1,-0.044347074,-0.054634556,5602726
20120926,14:30:00.000,BBG000PCQQL6,0.0067526065,0.0016523292,1430277
20120926,14:30:00.000,BBG000C2BXK4,0.0031682416,0.011466885,4829790
20120926,14:30:00.000,BBG000F9KJN4,-0.00448618,-0.014129994,1561934
20120926,14:30:00.000,BBG000BNNYW1,-0.0076735322,-0.005061324,1235127
20120926,14:30:00.000,BBG000C734W3,-0.0030334496,-0.016157886,482496
20120926,14:30:00.000,BBG000D7RKJ5,-0.0041975076,0.0020891104,784813
20120926,14:30:00.000,BBG000G8N9C6,-0.0020180682,-0.002185954,1133349
20120926,14:30:00.000,BBG000BRXP69,-0.0031702383,-0.010388678,338971
20120926,14:30:00.000,BBG000NDYB67,0.0046843053,-0.0008492198,6560671
20120926,14:30:00.000,BBG000BHZ5J9,0.004604018,-0.0028894998,386765
20120926,14:30:00.000,BBG000BHKYH4,0.0014348814,0.0061923605,868529
20120926,14:30:00.000,BBG000D2M0Z7,0.0068531362,0.005966901,432833
20120926,14:30:00.000,BBG000CHWP52,0.011184816,0.0028218597,787689
20120926,14:30:00.000,BBG0029SNR63,0.011374108,0.009740483,4179651
20120926,14:30:00.000,BBG000BNNKG9,-0.0068179937,-0.0205853,5308360
20120926,14:30:00.000,BBG000BP4MH0,0.0005617643,-0.00088463794,1858509
20120926,14:30:00.000,BBG000BHLYS1,0.004734524,0.010506217,1751879
20120926,14:30:00.000,BBG000BFJ645,-0.013247715,-0.01609105,11128751
20120926,14:30:00.000,BBG000BC4JJ4,0.00073569955,-0.0028793,752518
20120926,14:30:00.000,BBG000BVVQQ8,0.0076435693,0.0030786379,2251053
20120926,14:30:00.000,BBG000DLFM21,0.0043156915,-0.002973192,593754
20120926,14:30:00.000,BBG000BP1152,-0.022610573,-0.032848235,3115737
20120926,14:30:00.000,BBG000H50PN8,0.0027921714,-0.0052613225,1948104
20120926,14:30:00.000,BBG000CP95B7,0.0048253597,0.00043894514,348757
20120926,14:30:00.000,BBG000BS9489,-0.010749789,-0.017520191,1413510
20120926,14:30:00.000,BBG000KBQZ88,-0.0026066499,-0.008652477,693075
20120926,14:30:00.000,BBG000C37332,-0.007996381,-0.0064773266,438418
20120926,14:30:00.000,BBG000C2PW58,0.002915493,-0.004101873,286967
20120926,14:30:00.000,BBG000BKR1D6,0.013522003,0.0021768734,481245
20120926,14:30:00.000,BBG000BR37X2,-0.0017277132,-0.0033586437,2416770
20120926,14:30:00.000,BBG000BWCKB6,0.0056503327,0.008336243,341699
20120926,14:30:00.000,BBG000BCZYD3,-0.0024388267,-0.0063297316,424430
20120926,14:30:00.000,BBG000BMKDM3,-0.0044071777,-0.0019283592,965539
20120926,14:30:00.000,BBG000D3MB18,0.0027938355,-0.004074984,1090420
20120926,14:30:00.000,BBG000BB1TH9,-0.0033240544,-0.0064397636,1000320
20120926,14:30:00.000,BBG000BQVTF5,-0.00991901,-0.015296041,1609988
20120926,14:30:00.000,BBG000D1QCF1,-0.014228592,-0.023436708,1792524
20120926,14:30:00.000,BBG000PX3XC0,-0.010018966,-0.023150386,1375999
20120926,14:30:00.000,BBG000J1QLT0,0.0044502574,0.002175842,877819
20120926,14:30:00.000,BBG000BH8TT6,-0.011042875,-0.01637078,3460178
20120926,14:30:00.000,BBG000QRFNK2,-0.06613484,-0.0649248,6704143
20120926,14:30:00.000,BBG000BCNYT9,0.0103695365,0.008235347,2060625
20120926,14:30:00.000,BBG000BPMH90,-0.017462052,-0.026027221,830327
20120926,14:30:00.000,BBG000F7RCJ1,0.0067791576,0.0063663246,566770
20120926,14:30:00.000,BBG000BB6G37,-0.0010453046,-0.00820438,2057178
20120926,14:30:00.000,BBG000BFDLV8,-0.003550288,-0.01189466,635647
20120926,14:30:00.000,BBG000WCFV84,0.010201298,0.0037395752,2202105
20120926,14:30:00.000,BBG000BY2Y78,0.0021040903,-0.009250438,1894608
20120926,14:30:00.000,BBG000BXM6V2,-0.0017935977,0.0006408222,1312998
20120926,14:30:00.000,BBG000FH8PX5,0.004292421,-0.00012056077,325819
20120926,14:30:00.000,BBG000BP8Z50,-0.004495855,-0.01278658,1267490
20120926,14:30:00.000,BBG000BQWPC5,0.0019124541,0.007033113,1541137
20120926,14:30:00.000,BBG000BWSV34,0.0048996396,-0.011158714,929647
20120926,14:30:00.000,BBG000NDZ417,-0.016861597,-0.034415156,1761558
20120926,14:30:00.000,BBG000BJQWD2,-0.0032046663,-0.011184843,1264731
20120926,14:30:00.000,BBG000BB5373,0.0032679155,-0.0027242582,4084258
20120926,14:30:00.000,BBG000BHB3M6,0.0011740891,-0.0043966654,927050
20120926,14:30:00.000,BBG000BLW530,-0.0015850855,-0.011607065,810868
20120926,14:30:00.000,BBG000D8RG11,-0.012321674,-0.01150211,2657632
20120926,14:30:00.000,BBG0019JZ882,-0.0047640977,-0.009565121,2214767
20120926,14:30:00.000,BBG000R7RDB4,-0.015085453,-0.029216636,876698
20120926,14:30:00.000,BBG000BQ8KV2,0.00095916196,0.006310883,1547212
20120926,14:30:00.000,BBG000BYWTX7,-0.0011368089,-0.0064908843,11088718
20120926,14:30:00.000,BBG000C1S2X2,-0.016073002,-0.02159558,1179514
20120926,14:30:00.000,BBG000DLVDK3,-0.0014873184,0.0031175164,1532303
20120926,14:30:00.000,BBG000BFL116,0.03307813,0.026796153,3878206
20120926,14:30:00.000,BBG000C1DHF5,-0.012738955,-0.025478408,3572709
20120926,14:30:00.000,BBG000BVHBM1,0.005666519,-0.028736604,3962454
20120926,14:30:00.000,BBG000BGVW60,0.0006966469,0.0051283073,1383998
20120926,14:30:00.000,BBG000BPQD31,0.0037698823,-0.004130843,1795939
20120926,14:30:00.000,BBG000H1F895,-0.00043760985,-0.014263378,1544807
20120926,14:30:00.000,BBG000K82ZT8,-0.0057707494,-0.017038627,1464500
20120926,14:30:00.000,BBG000DNTSP4,-0.0042356392,-0.005465209,2047342
20120926,14:30:00.000,BBG000F15NW9,0.005871475,-0.0002375603,1608349
20120926,14:30:00.000,BBG000BPT0C6,0.0036121306,-0.007450001,531510
20120926,14:30:00.000,BBG000B9WJ73,0.033805177,0.035342306,11051789
20120926,14:30:00.000,BBG000BDXGP9,0.0054304963,0.005837895,2383802
20120926,14:30:00.000,BBG000BSD7C2,-0.005881547,-0.002756536,637418
20120926,14:30:00.000,BBG000BSLZY7,0.009634063,0.003880353,9210195
20120926,14:30:00.000,BBG000BKZTP3,-0.0043199076,-0.0092332065,2044171
20120926,14:30:00.000,BBG000BF1R66,-0.0026363235,-0.0053286785,690676
20120926,14:30:00.000,BBG000HW5GX3,0.0025697243,-0.01205803,2839466
20120926,14:30:00.000,BBG000C0F570,-0.0051548625,-0.012423578,1434079
20120926,14:30:00.000,BBG000BP1Q11,0.014844491,0.0077678286,1410849
20120926,14:30:00.000,BBG000BMQPL1,0.004512238,-0.0022782844,6382797
20120926,14:30:00.000,BBG000M65M61,0.0025974077,0.01613255,2346853
20120926,14:30:00.000,BBG000BM7HL0,-6.9888694e-05,-0.0112552885,1804374
20120926,14:30:00.000,BBG000BJ49H3,-0.005869937,-0.010375336,954864
20120926,14:30:00.000,BBG000JBN3X6,0.0072771255,0.014569631,2856362
20120926,14:30:00.000,BBG000NSQ9M0,-0.00042338198,0.0018964388,5537092
20120926,14:30:00.000,BBG000BTVJ25,0.0017132806,0.00032376553,1313783
20120926,14:30:00.000,BBG000BBCDZ2,-0.0046367953,-0.011369713,1074660
20120926,14:30:00.000,BBG000BNGTQ7,0.0017332687,0.00081105606,1107077
20120926,14:30:00.000,BBG000BGKHZ3,0.006845699,-0.00041822094,1089493
20120926,14:30:00.000,BBG000BL9439,0.00081180537,0.0028669464,773819
20120926,14:30:00.000,BBG000H9G7X2,0.0062504206,0.009255095,2145165
20120926,14:30:00.000,BBG000BK67C7,0.004129811,0.0077484045,1115922
20120926,14:30:00.000,BBG000FV1Z23,0.007290359,0.008799591,736789
20120926,14:30:00.000,BBG000BV7LP7,-0.012479485,-0.018942378,4254063
20120926,14:30:00.000,BBG000CR90K4,0.06151879,0.0635886,34109024
20120926,14:30:00.000,BBG000BL9JQ1,0.006450728,-0.005954776,2148712
20120926,14:30:00.000,BBG000BF2KK4,0.00937416,0.0035721287,573033
20120926,14:30:00.000,BBG000GLBN48,5.659868e-05,-0.0088963,562846
20120926,14:30:00.000,BBG000BB6M98,-0.0015641109,0.0011282081,801840
20120926,14:30:00.000,BBG000BXMFC3,-0.028114352,-0.04094736,4487140
20120926,14:30:00.000,BBG000BSXQV7,-0.007851384,-0.006088034,588689
20120926,14:30:00.000,BBG000MDCQC2,-0.0035906879,0.0007734732,1745584
20120926,14:30:00.000,BBG000BRJ809,0.002897891,-0.0022595432,376572
20120926,14:30:00.000,BBG000DKCC19,0.021946466,0.025761228,3275691
20120926,14:30:00.000,BBG000BFMBQ6,0.0068428717,0.0040541794,906217
20120926,14:30:00.000,BBG000BQ2C28,0.007584772,0.008057994,942368
20120926,14:30:00.000,BBG000BMTFR4,0.010142156,-0.005335309,2069370
20120926,14:30:00.000,BBG000BHLYP4,0.0064279586,0.0012236717,1195099
20120926,14:30:00.000,BBG000BNFLM9,-0.00674397,-0.015068742,2809784
20120926,14:30:00.000,BBG000NV1KK7,0.0037790788,0.004174148,2200702
20120926,14:30:00.000,BBG000FBK808,-0.012051646,-0.026625868,4048295
20120926,14:30:00.000,BBG000R0L5J4,-0.0070353188,-0.015140546,839505
20120926,14:30:00.000,BBG000BZTW70,1.470366e-05,-0.016835904,6242443
20120926,14:30:00.000,BBG000BLM0V1,,,699573
20120926,14:30:00.000,BBG000BTQR96,-0.0065498073,-0.012853881,1152778
20120926,14:30:00.000,BBG000BH5DV1,0.009256161,-0.00034619414,2503511
20120926,14:30:00.000,BBG000BLBXT4,-0.008172755,-0.0044520423,1274251
20120926,14:30:00.000,BBG000KLB4Q1,0.008114315,-0.0055329143,6197617
20120926,14:30:00.000,BBG000BR3KL6,-0.0038091098,-0.009435985,765818
20120926,14:30:00.000,BBG000BB9KF2,-0.003948999,0.00045071,1043153
20120926,14:30:00.000,BBG000BVDLH9,0.0040925755,-0.0013553567,599100
20120926,14:30:00.000,BBG000C0MF34,-0.0011923632,0.006089721,523360
20120926,14:30:00.000,BBG000FVXD63,0.019510517,0.0096878065,985762
20120926,14:30:00.000,BBG000CGQ6M4,-0.017772269,-0.020695006,1227925
20120926,14:30:00.000,BBG000BJSBJ0,0.0057741366,0.009052289,1782304
20120926,14:30:00.000,BBG000BFTJ91,-0.010853469,-0.018913649,2336716
20120926,14:30:00.000,BBG000BSC0K9,-0.0044478206,-0.005749128,1090939
20120926,14:30:00.000,BBG000BWXL85,0.008833688,-0.0023599272,1682530
20120926,14:30:00.000,BBG000QY3XZ2,0.015646247,-0.0024938616,1422494
20120926,14:30:00.000,BBG000BCWCG1,0.0035535044,0.0106291175,4120337
20120926,14:30:00.000,BBG000CKVSG8,0.015991937,0.009922679,4156722
20120926,14:30:00.000,BBG000JN8R00,0.016023312,0.019292623,1494220
20120926,14:30:00.000,BBG000BBBNC6,-0.0050182696,-0.01807634,2055960
20120926,14:30:00.000,BBG000JG0547,-0.0015972516,-0.004796345,1687678
20120926,14:30:00.000,BBG000R7Z112,0.0061535714,0.017747827,3713376
20120926,14:30:00.000,BBG000D898T9,0.006050146,0.006278959,3401746
20120926,14:30:00.000,BBG000Q3JN03,0.0034776917,-0.0027687012,10392406
20120926,14:30:00.000,BBG000BRJL00,-0.006389851,-0.00034343338,3429942
20120926,14:30:00.000,BBG000C2V3D6,0.0059738364,-0.006129482,2297430
20120926,14:30:00.000,BBG000G30YX4,0.00044993404,-0.011453173,764896
20120926,14:30:00.000,BBG000G0Z878,0.005509811,-0.0037230395,3338847
20120926,14:30:00.000,BBG000BKXBV7,-0.018875105,-0.027364636,6948780
20120926,14:30:00.000,BBG000BJ98Z0,-0.018217016,-0.009207206,6720862
20120926,14:30:00.000,BBG000BR14K5,0.006421121,0.0040635774,950812
20120926,14:30:00.000,BBG000BGYWY6,-0.005555211,-0.00065118505,582603
20120926,14:30:00.000,BBG000BCGY17,0.0019226815,0.0066512986,687374
20120926,14:30:00.000,BBG000BV75B7,0.000588633,-0.005030295,1359469
20120926,14:30:00.000,BBG000CXD6X9,-0.009678923,-0.009350077,1379568
20120926,14:30:00.000,BBG000BWVSR1,-0.009040675,-0.006231681,2258568
20120926,14:30:00.000,BBG000BVPPM1,-0.00019861569,-0.011328687,1985957
20120926,14:30:00.000,BBG000BBMSJ6,-0.012277761,-0.019156918,2842357
20120926,14:30:00.000,BBG000CHPY97,0.007884669,-0.0022875688,2800791
20120926,14:30:00.000,BBG000C3GN47,0.01754,0.0036659013,1437383
20120926,14:30:00.000,BBG000BYYLS8,-0.0013246053,-0.009042329,2459191
20120926,14:30:00.000,BBG000DTMH63,,,2510664
20120926,14:30:00.000,BBG000PVRDL2,-0.008940605,-0.010261433,5763278
20120926,14:30:00.000,BBG000DQTXY6,0.007065113,-0.03219082,8987092
20120926,14:30:00.000,BBG000JF5CV9,0.009194374,3.880567e-07,3615351
20120926,14:30:00.000,BBG000CJZ2W6,-0.02426135,-0.027538326,1934166
20120926,14:30:00.000,BBG000K14Q84,-0.008082823,-0.012568337,3363755
20120926,14:30:00.000,BBG000BH3JF8,0.013133751,0.01246935,3645980
20120926,14:30:00.000,BBG000BTKGG8,0.0045375633,-0.0017728123,4266621
20120926,14:30:00.000,BBG000BB5006,0.0006493942,-0.009122528,2434225
20120926,14:30:00.000,BBG000BSBZH7,-0.003631123,1.227117e-07,1217638
20120926,14:30:00.000,BBG000BM6788,-0.0035969403,-0.009085606,2173208
20120926,14:30:00.000,BBG000BQ5DS5,-0.010781886,-0.0069118277,2359324
20120926,14:30:00.000,BBG000BB6WG8,-0.007161339,-0.008317011,3688134
20120926,14:30:00.000,BBG000BRK7L6,1.1846473e-05,-0.011271938,2831650
20120926,14:30:00.000,BBG000BMY992,0.0027782691,0.0029818937,3718362
20120926,14:30:00.000,BBG000FKJRC5,-0.006079195,-0.010585804,1169017
20120926,14:30:00.000,BBG000C1BW00,0.0085413745,0.0075953137,797538
20120926,14:30:00.000,BBG000DY8ZS4,0.018689223,0.0031807304,8955604
20120926,14:30:00.000,BBG000BY33P5,-0.013981904,-0.0173526,4633720
20120926,14:30:00.000,BBG000BKLH74,-0.00076140504,-0.003945538,2503667
20120926,14:30:00.000,BBG000BMF5J0,0.0028932043,0.0020258261,7318329
20120926,14:30:00.000,BBG000CSY9H9,0.0122755645,0.015083469,2779473
20120926,14:30:00.000,BBG000CPQZ77,-0.012060342,-0.016404252,1123728
20120926,14:30:00.000,BBG000CS7CT9,0.005031285,0.0061532017,1553734
20120926,14:30:00.000,BBG000BC9938,-0.006498669,-0.019756367,1754807
20120926,14:30:00.000,BBG000BBJQV0,-0.007388806,-0.016411297,7938330
20120926,14:30:00.000,BBG000FQ6PY6,0.0005507042,-0.009910243,1346183
20120926,14:30:00.000,BBG000PM7GJ0,0.032081764,0.036726475,20679596
20120926,14:30:00.000,BBG000GC80B4,0.010021238,0.0028547305,1311720
20120926,14:30:00.000,BBG000DYGNW7,0.0021046626,0.0057048053,1082309
20120926,14:30:00.000,BBG000HCJMF9,-0.02352567,-0.034637574,4072163
20120926,14:30:00.000,BBG000C17X76,-0.00013965314,-0.005527281,1237125
20120926,14:30:00.000,BBG000BMDV41,0.0047904286,0.0010910524,2834812
20120926,14:30:00.000,BBG000TWC2V5,-0.0037245315,0.00020340308,847724
20120926,14:30:00.000,BBG000BBPFB9,0.006981603,-0.006280605,7674246
20120926,14:30:00.000,BBG000BLKK03,-0.0032719185,-0.0068023787,1094373
20120926,14:30:00.000,BBG000R8ZVD1,0.012607788,0.0126817925,1142870
20120926,14:30:00.000,BBG000BD8PN9,0.0112764435,0.0035346567,4415577
20120926,14:30:00.000,BBG000BBDV81,0.0026237047,-0.00066280796,1212724
20120926,14:30:00.000,BBG000BCVJ77,-0.011005791,-0.016443167,3372400
20120926,14:30:00.000,BBG000BJL3N0,0.0037232637,-0.0032407255,8595972
20120926,14:30:00.000,BBG000BZ2GG4,0.0017963933,-0.017542489,1827392
20120926,14:30:00.000,BBG000BKFBD7,-0.0051810453,-0.011330489,2637115
20120926,14:30:00.000,BBG000BJ2VQ6,-0.007753588,-0.024131991,2447882
20120926,14:30:00.000,BBG000BKFZM4,0.0030384494,-0.004637914,8557606
20120926,14:30:00.000,BBG000QBR5J5,-0.00089950574,-0.010893849,2901096
20120926,14:30:00.000,BBG000BJPDZ1,-0.012210746,-0.019748293,169145
20120926,14:30:00.000,BBG000BH5LT6,0.0045919707,-0.011937867,2574110
20120926,14:30:00.000,BBG000MBDGM6,0.021247603,0.009424649,494091
20120926,14:30:00.000,BBG000LD9JQ8,-0.004562243,-0.002415122,775118
20120926,14:30:00.000,BBG000BTR593,0.0053725564,-0.0025526085,2767281
20120926,14:30:00.000,BBG000BVMGF2,-0.0031413555,-0.0092646675,1802949
20120926,14:30:00.000,BBG000FJLFX8,-0.009054635,-0.013535016,3008586
20120926,14:30:00.000,BBG000BWNFZ9,0.00057357916,-0.019286532,2600036
20120926,14:30:00.000,BBG000BR54L0,0.0023183879,-0.037971042,18830810
20120926,14:30:00.000,BBG000BCBCM7,-0.0131546995,-0.01880816,17446812
20120926,14:30:00.000,BBG000BM5SR2,0.008807565,-0.0005553359,3221052
20120926,14:30:00.000,BBG000BJ81C1,-0.005890195,-0.009568035,1322153
20120926,14:30:00.000,BBG001DCCGR8,0.00018645026,-0.013047955,2513872
20120926,14:30:00.000,BBG000H89QJ6,0.0002065898,-0.0063358243,1447278
20120926,14:30:00.000,BBG000F6H8W8,-0.0027271605,-0.00280967,990955
20120926,14:30:00.000,BBG000BS0ZF1,0.002271473,0.0034081952,447624
20120926,14:30:00.000,BBG000BVWLJ6,-0.0026029013,-5.9585034e-07,4193164
20120926,14:30:00.000,BBG000BGJRC8,-0.0061059776,-0.004724793,4322148
20120926,14:30:00.000,BBG000BT9DW0,0.0024422484,0.009399579,2118129
20120926,14:30:00.000,BBG000BXRPH1,0.0016275429,-0.014565184,1215015
20120926,14:30:00.000,BBG000C7LMS8,0.007152405,0.013740268,683807
20120926,14:30:00.000,BBG00286S4N9,-0.0029131304,-0.009892547,2451041
20120926,14:30:00.000,BBG000BH2JM1,0.0071798447,-0.0033214197,6122059
20120926,14:30:00.000,BBG000BRD0D8,-0.0070491275,-0.010768095,3337341
20120926,14:30:00.000,BBG000BJF1Z8,-0.002477012,-0.0029563268,1472265
20120926,14:30:00.000,BBG000BHQ1H0,0.010251203,0.006850929,1380558
20120926,14:30:00.000,BBG000BN5HF7,-0.0062642284,-0.035836723,7215071
20120926,14:30:00.000,BBG000B9WH86,-0.0010725923,0.011318635,18897220
20120926,14:30:00.000,BBG000C5Z1S3,-0.012355224,-0.01801767,22789592
20120926,14:30:00.000,BBG000D9D830,-0.004647069,-0.010010415,1794918
20120926,14:30:00.000,BBG000JWD753,0.014531426,0.01570191,6953853
20120926,14:30:00.000,BBG000BKCFC2,-0.0036742627,-0.0004991043,2595667
20120926,14:30:00.000,BBG000BWVCP8,-0.01264336,-0.020716252,4548969
20120926,14:30:00.000,BBG000BBD070,-0.012263848,-0.021173554,3279966
20120926,14:30:00.000,BBG000BMBL90,-0.0046220412,-0.00959928,2487130
20120926,14:30:00.000,BBG000BNWG87,0.0078686895,0.00023144862,2889830
20120926,14:30:00.000,BBG000BCG930,-0.009561421,-0.01316576,1815762
20120926,14:30:00.000,BBG000BHX7N2,-0.005394494,-0.0068322527,2866941
20120926,14:30:00.000,BBG000BX3TD3,0.009613895,0.020435333,9112201
20120926,14:30:00.000,BBG000BH23R1,0.0035928236,0.0050125793,14267096
20120926,14:30:00.000,BBG000BBVJZ8,-0.0003727017,-0.008489567,1498468
20120926,14:30:00.000,BBG000BJ3PD2,0.0123606445,0.0060595777,2271804
20120926,14:30:00.000,BBG000BFQYY3,0.0040134313,0.0032800762,920265
20120926,14:30:00.000,BBG000BMW2Z0,0.00039257415,0.0005852201,956291
20120926,14:30:00.000,BBG000CXYSZ6,-0.009257782,-0.020087332,905611
20120926,14:30:00.000,BBG000H556T9,0.0067566186,0.0040456275,2652453
20120926,14:30:00.000,BBG000J6XT05,-0.0045748367,0.0028069501,3105781
20120926,14:30:00.000,BBG000C8H633,-0.0021008786,-0.016315032,4910412
20120926,14:30:00.000,BBG000FP1N32,-0.02999697,-0.038634453,7682371
20120926,14:30:00.000,BBG000BD4VG8,0.0007149993,-0.013401692,2438474
20120926,14:30:00.000,BBG000C496P7,-0.0071244016,-0.017058596,7234646
20120926,14:30:00.000,BBG000FG3C43,-0.013642299,-0.026897497,5043612
20120926,14:30:00.000,BBG000DHSPT0,-0.006811394,-0.015062344,2933054
20120926,14:30:00.000,BBG000FW00S1,0.026101308,0.022753702,6563685
20120926,14:30:00.000,BBG000BFC8J2,0.008046449,0.0017079727,1682392
20120926,14:30:00.000,BBG000BZ9223,0.000310999,-0.013919576,868975
20120926,14:30:00.000,BBG000GFFQN9,-0.00019489575,0.0006379043,8834691
20120926,14:30:00.000,BBG000G2R6M0,0.0017219556,0.007392655,4112305
20120926,14:30:00.000,BBG000FL1TC8,-0.0065978677,-0.013777139,2603014
20120926,14:30:00.000,BBG000BGKTF9,-0.0010728114,-0.0077802246,2542135
20120926,14:30:00.000,BBG000BB6KF5,-0.0078292815,-0.019870725,6018656
20120926,14:30:00.000,BBG000BGLRN3,-0.014206326,-0.013350952,2468768
20120926,14:30:00.000,BBG000Q9HH23,-0.012175477,-0.017185615,1479698
20120926,14:30:00.000,BBG000BV8DN6,0.011514886,0.014527229,4360976
20120926,14:30:00.000,BBG000BFXHL6,-0.0046856888,-0.006775146,2840628
20120926,14:30:00.000,BBG000C46HM9,0.008831071,0.0039726715,3477588
20120926,14:30:00.000,BBG000BFRF55,0.01343647,0.015145462,6294374
20120926,14:30:00.000,BBG000BNBDC2,-0.001568928,-0.007377021,3039456
20120926,14:30:00.000,BBG000BH13K9,0.0046905195,0.0027738973,2311547
20120926,14:30:00.000,BBG000BGPTV6,0.00565967,0.0012436751,1635908
20120926,14:30:00.000,BBG000QX74T1,-0.012737974,-0.012037063,758019
20120926,14:30:00.000,BBG000BWJFZ4,0.016769223,0.0074026017,591822
20120926,14:30:00.000,BBG000BWLMJ4,0.000154778,-0.0033269625,3777229
20120926,14:30:00.000,BBG000BW3299,-0.009720322,-0.008972129,1393480
20120926,14:30:00.000,BBG000BFDXW1,-0.0031367855,-0.010704791,6447542
20120926,14:30:00.000,BBG000BC2C10,0.0095350705,0.0011725419,2247326
20120926,14:30:00.000,BBG000BVV7G1,-0.007028551,-0.014376108,12774100
20120926,14:30:00.000,BBG000BPWXK1,-0.0008622175,0.0054467334,4642783
20120926,14:30:00.000,BBG000BBGGQ1,-0.0061381715,-0.015255161,4996723
20120926,14:30:00.000,BBG000BHBK84,-0.0074644317,-0.012218798,6085747
20120926,14:30:00.000,BBG000BJX8C8,-0.006098321,-0.01826789,2827291
20120926,14:30:00.000,BBG000H8TVT2,-0.007902,-0.0052827345,2049047
20120926,14:30:00.000,BBG000BTZQC4,-0.0034942247,-0.002193458,3724401
20120926,14:30:00.000,BBG000BP52R2,-0.0014345937,-0.0014537303,1685846
20120926,14:30:00.000,BBG000C5HS04,-0.0008934087,0.009097414,1958593
20120926,14:30:00.000,BBG000BH3GZ2,-0.0024616672,-0.0029961902,1512635
20120926,14:30:00.000,BBG000F1ZSQ2,-0.0016021767,-0.0069199298,216982
20120926,14:30:00.000,BBG000C15T95,0.008237368,0.008588394,2056653
20120926,14:30:00.000,BBG000BFWKC0,-0.0048969346,-0.010390113,1635029
20120926,14:30:00.000,BBG000CL9VN6,0.03191103,0.03337378,4444024
20120926,14:30:00.000,BBG000F0KF42,0.012559443,-0.01679642,5335668
20120926,14:30:00.000,BBG000C240W1,-0.008544131,-0.014453853,27535954
20120926,14:30:00.000,BBG000L9CV04,-0.003127762,-0.0030525227,2606193
20120926,14:30:00.000,BBG000BC40Y8,0.0058593047,-0.0031808792,2554851
20120926,14:30:00.000,BBG000BL4504,-0.004566877,-0.017282626,8716094
20120926,14:30:00.000,BBG000BB07P9,-0.0076144855,-0.0018309581,7392512
20120926,14:30:00.000,BBG000BBDZG3,0.0022908137,-0.008759329,24693712
20120926,14:30:00.000,BBG000BY29C7,0.0045937044,0.008504845,4485771
20120926,14:30:00.000,BBG000DWG505,0.003169122,0.0054441732,2386783
20120926,14:30:00.000,BBG000BCQZS4,-0.008416988,-0.015580965,3131660
20120926,14:30:00.000,BBG000CKGBP2,-0.009901585,-0.016356284,4719988
20120926,14:30:00.000,BBG000BHGDH5,-0.0052411025,0.0027993647,1989350
20120926,14:30:00.000,BBG000FFDM15,0.0040644743,0.0039787414,6829229
20120926,14:30:00.000,BBG000BWXBC2,0.0015547598,0.000538317,2876960
20120926,14:30:00.000,BBG000BGRY34,0.008175865,0.006510583,3849867
20120926,14:30:00.000,BBG000BN2DC2,-0.0036016612,-0.015674032,1593382
20120926,14:30:00.000,BBG000BH1NH9,0.009825432,0.004495918,2476419
20120926,14:30:00.000,BBG000F0PF65,0.0017387667,-0.0055554155,4513922
20120926,14:30:00.000,BBG000BW8S60,-0.0052531553,-0.0031749848,3134625
20120926,14:30:00.000,BBG000BCSST7,0.0064496626,0.013042083,3562352
20120926,14:30:00.000,BBG000CH5208,5.0365074e-05,-0.0032028542,3931729
20120926,14:30:00.000,BBG000BQQ2S6,0.0025284647,-0.0058013042,2094910
20120926,14:30:00.000,BBG000BLZRJ2,0.0059665535,-0.0048148157,14892540
20120926,14:30:00.000,BBG000BP6LJ8,0.0013730245,0.0061720638,4594744
20120926,14:30:00.000,BBG000DWYF03,0.001697533,-0.005321724,9845527
20120926,14:30:00.000,BBG000BQPC32,-0.00404975,-0.0049580582,34402416
20120926,14:30:00.000,BBG000BBS2Y0,0.0005137898,-0.0063213445,3242491
20120926,14:30:00.000,BBG000CTQBF3,-0.0043443455,-0.00613621,4945624
20120926,14:30:00.000,BBG000DQLV23,-0.002951491,-0.007059285,6267619
20120926,14:30:00.000,BBG000KHWT55,0.030302228,0.02871656,26430400
20120926,14:30:00.000,BBG000BNDN65,0.0052102483,0.007073106,9419120
20120926,14:30:00.000,BBG000B9ZXB4,0.0007766959,-0.003017305,3895551
20120926,14:30:00.000,BBG000DH7JK6,-0.0038203679,0.0032698633,2503731
20120926,14:30:00.000,BBG000BH4R78,-0.0061344034,-0.011604942,5628134
20120926,14:30:00.000,BBG000BQQH30,0.0036113937,-0.0078398725,4345460
20120926,14:30:00.000,BBG000PSKYX7,-0.004177884,-0.010513551,1602072
20120926,14:30:00.000,BBG000C6CFJ5,0.003565071,-0.0025532371,3918221
20120926,14:30:00.000,BBG000BKTFN2,-0.008493015,-0.021573177,11557432
20120926,14:30:00.000,BBG000J2XL74,0.0037825857,0.0073274197,2770894
20120926,14:30:00.000,BBG000BHVJJ3,-0.00032646576,-0.012888666,11714776
20120926,14:30:00.000,BBG000C43RR5,-0.006100176,-0.011040697,8608389
20120926,14:30:00.000,BBG000BFT2L4,-0.009865055,-0.016737917,8627681
20120926,14:30:00.000,BBG000D4LWF6,-0.004586594,-0.002178146,10189320
20120926,14:30:00.000,BBG000BNSZP1,-0.00028084553,0.0029614614,3165501
20120926,14:30:00.000,BBG000BT41Q8,0.0026333686,-0.008046732,3227530
20120926,14:30:00.000,BBG000BKZB36,-0.0047299727,-0.004855502,5497986
20120926,14:30:00.000,BBG000BPD168,0.0080671795,0.0039886353,8058935
20120926,14:30:00.000,BBG000HS77T5,0.0005358868,0.0019719186,6567057
20120926,14:30:00.000,BBG000BQLTW7,-0.011104609,-0.017255377,21002212
20120926,14:30:00.000,BBG000BVPV84,-0.0022758998,-0.0073886723,2168069
20120926,14:30:00.000,BBG000BJDB15,0.0039078738,0.0058492874,17530052
20120926,14:30:00.000,BBG000BMX289,-0.00060694164,0.005307752,9893148
20120926,14:30:00.000,BBG000MM2P62,0.020710442,0.017755311,29688908
20120926,14:30:00.000,BBG000CGC1X8,0.001519609,-0.0055813924,7483118
20120926,14:30:00.000,BBG000BLBVN4,-0.008731241,-0.016909542,718521
20120926,14:30:00.000,BBG000BF0K17,0.004634956,0.0012059351,7091319
20120926,14:30:00.000,BBG000BR2TH3,-0.002703643,-0.0007192043,5393182
20120926,14:30:00.000,BBG000K4ND22,0.0021271592,-0.0047028023,3519814
20120926,14:30:00.000,BBG000BR2B91,0.0067331553,0.0028181549,18671294
20120926,14:30:00.000,BBG000C3J3C9,0.002477602,-0.005363871,22296074
20120926,14:30:00.000,BBG000BLNNH6,0.0020570715,-0.0033152807,2126833
20120926,14:30:00.000,BBG000BWQFY7,-0.0062203608,-0.011230877,18268848
20120926,14:30:00.000,BBG000BMHYD1,-0.002096921,-0.004617941,6122847
20120926,14:30:00.000,BBG000BK6MB5,-0.0034620783,-0.0049289363,26672906
20120926,14:30:00.000,BBG000BSJK37,0.005700077,0.006043271,14940781
20120926,14:30:00.000,BBG000C0G1D1,0.01251451,0.0053307386,35535384
20120926,14:30:00.000,BBG000FY4S11,0.0040674033,-0.008212851,34064728
20120926,14:30:00.000,BBG000BCTLF6,0.0013862363,-0.007842874,112283144
20120926,14:30:00.000,BBG000DMBXR2,0.007821863,-0.0014797571,17119848
20120926,14:30:00.000,BBG000BPH459,-0.00041736997,-0.008882997,35686520
20120926,14:30:00.000,BBG000GZQ728,-0.004125962,-0.0062115816,6813084
20120926,14:30:00.000,BBG000BHSKN9,0.017465986,0.013509507,4498599
20120926,14:30:00.000,BBG000B9XRY4,0.008427823,-0.002826946,16061026
20120926,14:45:00.000,BBG000BFVXX0,0.008146461,0.010700407,1802988
20120926,14:45:00.000,BBG000M4SW14,-0.031875826,-0.034883372,688443
20120926,14:45:00.000,BBG000HS74G6,-0.009497033,-0.0096721295,393621
20120926,14:45:00.000,BBG000BJNGN9,-0.07641918,-0.09396566,8247358
20120926,14:45:00.000,BBG000FNRZ69,0.0038898652,-9.938117e-07,5769475
20120926,14:45:00.000,BBG000BW2QX0,-0.0039602173,-0.0067304852,2134248
20120926,14:45:00.000,BBG000BBV8B8,0.016942402,0.004423269,1469145
20120926,14:45:00.000,BBG000DV7MX4,0.004372379,0.0016375203,7231668
20120926,14:45:00.000,BBG000BQ74K1,-0.0021804322,-0.01032638,714145
20120926,14:45:00.000,BBG000BCYP43,0.00064582186,-0.002429187,158430
20120926,14:45:00.000,BBG000BW5YW1,0.014384237,-0.0059677847,1863909
20120926,14:45:00.000,BBG000BLCL55,0.0031683093,-0.0109520005,746031
20120926,14:45:00.000,BBG000CZWZ05,0.0020672176,-0.0065793786,434116
20120926,14:45:00.000,BBG000NSCNT7,0.009047051,0.00037306076,1726242
20120926,14:45:00.000,BBG000D14WM3,-0.007174298,-0.02788219,4945122
20120926,14:45:00.000,BBG000BK5DP1,-0.0026908568,-0.01596522,2755773
20120926,14:45:00.000,BBG000PCNTM2,-0.0048533613,-0.012981895,352108
20120926,14:45:00.000,BBG000BBB3K1,0.001098537,0.0057348083,1056189
20120926,14:45:00.000,BBG000C2YHG9,-0.011850235,-0.02022167,1381421
20120926,14:45:00.000,BBG000RGM5P1,-0.00693614,-0.016902382,1972421
20120926,14:45:00.000,BBG000BQ87N0,-0.003654608,0.000787659,724804
20120926,14:45:00.000,BBG000BD0TF8,0.0048071058,-0.005921456,343106
20120926,14:45:00.000,BBG000BDG1Y1,-0.00438231,-0.010871638,920540
20120926,14:45:00.000,BBG000BHC2S1,0.0011880883,-0.0077554593,587643
20120926,14:45:00.000,BBG000BCHG15,0.0009991326,0.0023085554,809164
20120926,14:45:00.000,BBG000CLVM51,-0.0031322974,-0.0057097645,230186
20120926,14:45:00.000,BBG000BBCQD7,-0.0015469369,-0.009966429,1507815
20120926,14:45:00.000,BBG000BB03M1,0.010377332,0.007143535,794837
20120926,14:45:00.000,BBG000BQC9V2,0.016659334,0.010991603,2633093
20120926,14:45:00.000,BBG000D5S4M0,-0.008525936,-0.009615369,415163
20120926,14:45:00.000,BBG000BB9RZ5,0.011308232,0.0041424045,328996
20120926,14:45:00.000,BBG000DCCZW2,-0.0037907015,-0.010788618,1014920
20120926,14:45:00.000,BBG000BS5170,-0.0048985262,0.0005333049,782140
20120926,14:45:00.000,BBG000BLMZK6,-0.005244068,-1.3858706e-06,1104277
20120926,14:45:00.000,BBG000BB5BF6,0.0057904767,0.011007197,3195036
20120926,14:45:00.000,BBG000BLXZN1,0.013562169,0.0032480692,273743
20120926,14:45:00.000,BBG000FQRVM3,-0.00051950617,-0.0049332664,303001
20120926,14:45:00.000,BBG000BGFLL5,0.0005418373,-0.0056323404,2338402
20120926,14:45:00.000,BBG000BJ5GK2,0.000914519,0.0019423548,535139
20120926,14:45:00.000,BBG000BWP7D9,0.0077245953,0.01069354,1539427
20120926,14:45:00.000,BBG000BPQVR5,0.0032881883,-0.00027633368,594844
20120926,14:45:00.000,BBG000DGPR66,-0.0033783533,-0.0062063807,628950
20120926,14:45:00.000,BBG000BRZBT3,-0.011283555,-0.025872223,1410245
20120926,14:45:00.000,BBG000BWBZN1,-0.003856338,-0.007717668,523277
20120926,14:45:00.000,BBG000BFS7D3,0.009453397,0.012955975,541208
20120926,14:45:00.000,BBG000C23KJ3,-0.013344482,-0.009948726,5103885
20120926,14:45:00.000,BBG001QD41M9,0.0076704226,-0.000318777,818278
20120926,14:45:00.000,BBG000M44VW8,-0.0075664455,-0.023834202,1299651
20120926,14:45:00.000,BBG000BSJTT0,0.010195413,0.0061071203,2824532
20120926,14:45:00.000,BBG000C9W1Y1,0.004857303,0.0016714088,1764746
20120926,14:45:00.000,BBG000DHNDK1,,,1086627
20120926,14:45:00.000,BBG000BN9WT5,0.0009899358,-0.0059828036,1215641
20120926,14:45:00.000,BBG000BBMT95,0.040032413,0.039230697,3673436
20120926,14:45:00.000,BBG000BJVZF7,0.002842165,-0.00083065935,1470678
20120926,14:45:00.000,BBG000BPZBB6,-0.0027692944,-0.0015681499,1401357
20120926,14:45:00.000,BBG000R57L13,0.011414814,-0.003937303,3272563
20120926,14:45:00.000,BBG000C1FB75,0.0014387849,-0.0031801662,235781
20120926,14:45:00.000,BBG000BF6LY3,-0.0052065956,-0.004312521,4438885
20120926,14:45:00.000,BBG000F6ZWH2,0.009706713,0.00019416946,580591
20120926,14:45:00.000,BBG000BP7JB0,-0.006372508,-0.019441878,4174949
20120926,14:45:00.000,BBG000RNTSX0,0.005826793,-0.005613054,409891
20120926,14:45:00.000,BBG000BCTQ65,-0.00033584773,0.004702335,1344271
20120926,14:45:00.000,BBG000C4DPX1,0.0200629,0.012119433,2887449
20120926,14:45:00.000,BBG000TJM7F0,0.0038267998,0.007783525,756400
20120926,14:45:00.000,BBG0016WLQ18,-0.00038538064,-0.0065792566,1471503
20120926,14:45:00.000,BBG000CNFQW6,-0.0002853464,-0.0036394184,194871
20120926,14:45:00.000,BBG000BMZ7P7,-0.009733116,-0.011919562,371823
20120926,14:45:00.000,BBG000BLDV98,-0.0035575654,0.005310658,2011001
20120926,14:45:00.000,BBG000BKWSR6,0.0062286793,6.776424e-07,4295295
20120926,14:45:00.000,BBG000MQ1SN9,0.0076247044,0.0076291747,475265
20120926,14:45:00.000,BBG000C75N77,0.0022193496,-0.0021122433,1300895
20120926,14:45:00.000,BBG000C2ZCH8,-0.0055361395,-0.0031060954,674436
20120926,14:45:00.000,BBG000BVB8Q0,0.009119266,-0.004442672,2693628
20120926,14:45:00.000,BBG000G6BN50,-0.0074645313,-0.012251672,256951
20120926,14:45:00.000,BBG000BL79J3,-0.011865968,-0.009753603,1577371
20120926,14:45:00.000,BBG000BKXFN7,-0.0015673225,-0.017906558,3885278
20120926,14:45:00.000,BBG000BD3LM4,-0.0047269594,-0.018074177,2129325
20120926,14:45:00.000,BBG000F86GP6,0.004768244,-0.0034895416,1224415
20120926,14:45:00.000,BBG000BGXZB5,-0.016459985,-0.017886547,2148948
20120926,14:45:00.000,BBG000BVMPN3,0.0027842983,-0.0069879456,741625
20120926,14:45:00.000,BBG000D9DMK0,-0.009175813,-0.0066904915,255308
20120926,14:45:00.000,BBG000FDBX90,-0.0013523913,-0.00046734334,2261154
20120926,14:45:00.000,BBG000MM5VL9,0.0021668551,0.0005481231,1040264
20120926,14:45:00.000,BBG000BHCP19,0.00045658817,-0.006681952,1851593
20120926,14:45:00.000,BBG000BX8DC4,0.004487625,0.0022336524,924849
20120926,14:45:00.000,BBG000G3QLY3,0.014681501,0.0037549895,1174336
20120926,14:45:00.000,BBG000BDWKC5,-0.001541594,-0.010746298,2500310
20120926,14:45:00.000,BBG000BMRFF9,0.017182782,0.01961212,711454
20120926,14:45:00.000,BBG000BT4T69,-0.010028813,-0.009397401,1648322
20120926,14:45:00.000,BBG000BRRG02,0.001014646,0.0022632603,663583
20120926,14:45:00.000,BBG000BP0KQ8,0.009225057,0.0039454103,5370258
20120926,14:45:00.000,BBG000RKR4R8,0.0010863693,-0.014234244,6480256
20120926,14:45:00.000,BBG000C3HSR0,-0.008783683,-0.022146076,3637761
20120926,14:45:00.000,BBG000BKQ3V3,-0.0032667578,-0.024506284,1727095
20120926,14:45:00.000,BBG000CGT2S4,-0.006898524,-0.01201269,1502365
20120926,14:45:00.000,BBG000C1FQS9,-0.00019596746,0.0057105976,433644
20120926,14:45:00.000,BBG000FFH4P5,-0.0013397092,-0.007715189,328712
20120926,14:45:00.000,BBG000BF5RY1,-0.007151443,-0.007141754,1485971
20120926,14:45:00.000,BBG000BFNR17,0.0014637873,-0.00604596,371384
20120926,14:45:00.000,BBG000BR1W32,-0.02549779,-0.04316908,2497393
20120926,14:45:00.000,BBG001M8HHB7,-0.007383794,-0.013776036,1510859
20120926,14:45:00.000,BBG000BPNP00,0.00048425246,-0.00840868,1972041
20120926,14:45:00.000,BBG000C0LW92,0.0006056266,-0.00354989,4284860
20120926,14:45:00.000,BBG000K7PWX7,0.022468964,0.017054139,1503303
20120926,14:45:00.000,BBG000BQSQ38,-0.0041304715,-0.006284732,2466542
20120926,14:45:00.000,BBG000BKXYX5,0.035272818,0.047434893,2168428
20120926,14:45:00.000,BBG000BLHRS2,-0.00626102,-0.0027478326,354753
20120926,14:45:00.000,BBG000JYP7L8,0.015870888,0.013242794,1036020
20120926,14:45:00.000,BBG000PV2L86,0.00018184372,0.0036166443,408851
20120926,14:45:00.000,BBG000BTCH57,0.0017156228,0.00017028168,1083201
20120926,14:45:00.000,BBG000BBNYF6,0.005473597,0.0011630495,667554
20120926,14:45:00.000,BBG000BPL8X4,-0.0026876694,-0.0010971155,1132295
20120926,14:45:00.000,BBG000BLCPY4,0.020618714,0.000428849,1184343
20120926,14:45:00.000,BBG000BNC3Y9,-0.0046600252,-0.017721664,1644890
20120926,14:45:00.000,BBG000BT9T73,0.0019911467,-0.009935862,5143477
20120926,14:45:00.000,BBG000BC15S7,0.0016999154,0.00019262076,375159
20120926,14:45:00.000,BBG000BKNX95,-0.005342994,-0.010695371,3405758
20120926,14:45:00.000,BBG000C90DH9,0.0014660023,-0.0071151573,2694441
20120926,14:45:00.000,BBG000C7B436,-0.006893722,-0.015118007,2436621
20120926,14:45:00.000,BBG000BK6G19,-0.01038266,-0.020340709,1397440
20120926,14:45:00.000,BBG000BX5ZF5,0.009435954,0.0003461193,9033230
20120926,14:45:00.000,BBG000BGD7W6,-0.004924624,-0.0015334553,1841280
20120926,14:45:00.000,BBG000BVSX05,-0.0017221518,-0.014289569,1748354
20120926,14:45:00.000,BBG000CKJ0P3,-0.001326797,-0.006849138,609428
20120926,14:45:00.000,BBG000BNJHS8,-0.0011666182,0.013567016,3201735
20120926,14:45:00.000,BBG000BQZMH4,-0.0017993134,0.0021989068,882000
20120926,14:45:00.000,BBG000DN7P92,0.0024616031,-0.002195348,800909
20120926,14:45:00.000,BBG000BKPL53,0.0020009144,-0.00493527,669058
20120926,14:45:00.000,BBG000BB2DM7,0.0032408172,0.009272821,7845237
20120926,14:45:00.000,BBG000BJDPC2,0.0109058805,0.015673721,1070882
20120926,14:45:00.000,BBG000BJ8YN7,-0.0056887274,-0.013399446,1065982
20120926,14:45:00.000,BBG000BPVCR1,-0.03771139,-0.049196936,5678994
20120926,14:45:00.000,BBG000PCQQL6,0.005800315,0.0011012334,1493933
20120926,14:45:00.000,BBG000C2BXK4,0.0035715026,0.010511439,4927684
20120926,14:45:00.000,BBG000F9KJN4,-0.0060809166,-0.016650315,1615672
20120926,14:45:00.000,BBG000BNNYW1,-0.006602713,-0.0036550148,1269783
20120926,14:45:00.000,BBG000C734W3,-0.0031002879,-0.016329033,501289
20120926,14:45:00.000,BBG000D7RKJ5,-0.0045297733,0.0023089778,809576
20120926,14:45:00.000,BBG000G8N9C6,-0.0015937174,-0.0009110981,1194003
20120926,14:45:00.000,BBG000BRXP69,-0.0037496167,-0.010436214,344419
20120926,14:45:00.000,BBG000NDYB67,0.0033631318,-0.0012741153,6710499
20120926,14:45:00.000,BBG000BHZ5J9,0.0032434012,-0.0043781498,448948
20120926,14:45:00.000,BBG000BHKYH4,0.0016069675,0.006349018,903130
20120926,14:45:00.000,BBG000D2M0Z7,0.008387823,0.007193189,453861
20120926,14:45:00.000,BBG000CHWP52,0.010629255,0.0025652233,826662
20120926,14:45:00.000,BBG0029SNR63,0.009661308,0.008021661,4243358
20120926,14:45:00.000,BBG000BNNKG9,-0.012730318,-0.026374849,5634293
20120926,14:45:00.000,BBG000BP4MH0,0.0015526466,0.00029461566,1904210
20120926,14:45:00.000,BBG000BHLYS1,0.0046935515,0.010590052,1795044
20120926,14:45:00.000,BBG000BFJ645,-0.0077366647,-0.010411981,11565697
20120926,14:45:00.000,BBG000BC4JJ4,0.000592879,-0.0025194536,779983
20120926,14:45:00.000,BBG000BVVQQ8,0.007602151,0.0034635852,2314842
20120926,14:45:00.000,BBG000DLFM21,0.0054157143,-0.0023427252,616706
20120926,14:45:00.000,BBG000BP1152,-0.018006485,-0.02911562,3206486
20120926,14:45:00.000,BBG000H50PN8,0.003471174,-0.0052613067,2131075
20120926,14:45:00.000,BBG000CP95B7,0.0062558576,0.00043894514,361455
20120926,14:45:00.000,BBG000BS9489,-0.010625799,-0.016478347,1458207
20120926,14:45:00.000,BBG000KBQZ88,-0.0034057517,-0.009968269,712468
20120926,14:45:00.000,BBG000C37332,-0.007470845,-0.0056526805,449117
20120926,14:45:00.000,BBG000C2PW58,0.002769748,-0.004242571,296423
20120926,14:45:00.000,BBG000BKR1D6,0.013518735,0.003289409,491745
20120926,14:45:00.000,BBG000BR37X2,-0.0010023068,-0.0023986162,2539360
20120926,14:45:00.000,BBG000BWCKB6,0.004922056,0.008082689,351069
20120926,14:45:00.000,BBG000BCZYD3,-0.0023564422,-0.0056333267,440676
20120926,14:45:00.000,BBG000BMKDM3,-0.00575292,-0.002506755,1011544
20120926,14:45:00.000,BBG000D3MB18,0.0023686509,-0.0037354352,1130881
20120926,14:45:00.000,BBG000BB1TH9,-0.0026792204,-0.0053809765,1022056
20120926,14:45:00.000,BBG000BQVTF5,-0.008769066,-0.013322426,1790322
20120926,14:45:00.000,BBG000D1QCF1,-0.012833114,-0.021777328,1846536
20120926,14:45:00.000,BBG000PX3XC0,-0.009008774,-0.022304777,1407403
20120926,14:45:00.000,BBG000J1QLT0,0.0038752467,0.0018649951,991706
20120926,14:45:00.000,BBG000BH8TT6,-0.013159113,-0.019099459,3552031
20120926,14:45:00.000,BBG000QRFNK2,-0.062724344,-0.062261067,6869141
20120926,14:45:00.000,BBG000BCNYT9,0.0061932583,0.0044342983,2196855
20120926,14:45:00.000,BBG000BPMH90,-0.017761892,-0.02611924,853223
20120926,14:45:00.000,BBG000F7RCJ1,0.006682264,0.006662445,593328
20120926,14:45:00.000,BBG000BB6G37,-0.0011476006,-0.008204295,2125872
20120926,14:45:00.000,BBG000BFDLV8,-0.0026403398,-0.010491518,655718
20120926,14:45:00.000,BBG000WCFV84,0.012413429,0.0063965633,2288873
20120926,14:45:00.000,BBG000BY2Y78,0.0014715283,-0.009652346,1946751
20120926,14:45:00.000,BBG000BXM6V2,-0.002181582,0.00045764408,1342960
20120926,14:45:00.000,BBG000FH8PX5,0.003633763,-0.0012626381,332337
20120926,14:45:00.000,BBG000BP8Z50,-0.0044292416,-0.01258985,1297181
20120926,14:45:00.000,BBG000BQWPC5,0.0021711735,0.007267667,1604404
20120926,14:45:00.000,BBG000BWSV34,0.004517188,-0.011578774,955138
20120926,14:45:00.000,BBG000NDZ417,-0.016082427,-0.034027126,1866001
20120926,14:45:00.000,BBG000BJQWD2,-0.005593588,-0.0144363465,1314514
20120926,14:45:00.000,BBG000BB5373,0.004023651,-0.0021795894,4186574
20120926,14:45:00.000,BBG000BHB3M6,0.00080097537,-0.004143041,1012311
20120926,14:45:00.000,BBG000BLW530,-0.002485061,-0.011785474,869557
20120926,14:45:00.000,BBG000D8RG11,-0.010367501,-0.0105819125,2755690
20120926,14:45:00.000,BBG0019JZ882,-0.0042197313,-0.009002535,2288385
20120926,14:45:00.000,BBG000R7RDB4,-0.014480194,-0.02921669,931793
20120926,14:45:00.000,BBG000BQ8KV2,-9.7739525e-05,0.005390677,1608735
20120926,14:45:00.000,BBG000BYWTX7,0.00082706916,-0.0043275873,11533948
20120926,14:45:00.000,BBG000C1S2X2,-0.016838497,-0.0220399,1227482
20120926,14:45:00.000,BBG000DLVDK3,0.000558172,0.003922117,1561070
20120926,14:45:00.000,BBG000BFL116,0.030061193,0.022898309,4000700
20120926,14:45:00.000,BBG000C1DHF5,-0.007629282,-0.020951603,3677334
20120926,14:45:00.000,BBG000BVHBM1,0.0039497144,-0.03127212,4072993
20120926,14:45:00.000,BBG000BGVW60,0.00034909774,0.0051283273,1433059
20120926,14:45:00.000,BBG000BPQD31,0.0031864322,-0.0049570613,1836027
20120926,14:45:00.000,BBG000H1F895,-0.003695779,-0.017829195,1582899
20120926,14:45:00.000,BBG000K82ZT8,-0.0065155304,-0.018493174,1512111
20120926,14:45:00.000,BBG000DNTSP4,-0.0047652144,-0.0058067064,2158259
20120926,14:45:00.000,BBG000F15NW9,0.006391094,0.0009535364,1728773
20120926,14:45:00.000,BBG000BPT0C6,0.0036425022,-0.007667494,547873
20120926,14:45:00.000,BBG000B9WJ73,0.030666808,0.030522937,11475455
20120926,14:45:00.000,BBG000BDXGP9,0.0062891464,0.0072975927,2584022
20120926,14:45:00.000,BBG000BSD7C2,-0.0066244514,-0.0036176867,679112
20120926,14:45:00.000,BBG000BSLZY7,0.008750887,0.003104203,9546021
20120926,14:45:00.000,BBG000BKZTP3,-0.0024057615,-0.006747423,2090480
20120926,14:45:00.000,BBG000BF1R66,-0.0023542668,-0.0050655315,796434
20120926,14:45:00.000,BBG000HW5GX3,0.001951228,-0.0120579535,2972382
20120926,14:45:00.000,BBG000C0F570,-0.004757791,-0.012127787,1483555
20120926,14:45:00.000,BBG000BP1Q11,0.015126912,0.009062574,1488996
20120926,14:45:00.000,BBG000BMQPL1,0.004596896,-0.002278212,6670238
20120926,14:45:00.000,BBG000M65M61,0.0027314886,0.016636861,2391013
20120926,14:45:00.000,BBG000BM7HL0,-7.205887e-05,-0.011863561,1905342
20120926,14:45:00.000,BBG000BJ49H3,-0.005985667,-0.009945997,986306
20120926,14:45:00.000,BBG000JBN3X6,0.008776862,0.016512219,2921330
20120926,14:45:00.000,BBG000NSQ9M0,0.00066915026,0.0018964681,5670421
20120926,14:45:00.000,BBG000BTVJ25,0.0025370773,0.0009717559,1357996
20120926,14:45:00.000,BBG000BBCDZ2,-0.0064578503,-0.012370994,1102781
20120926,14:45:00.000,BBG000BNGTQ7,0.0006733127,0.00060841517,1142752
20120926,14:45:00.000,BBG000BGKHZ3,0.006082842,-0.0018824362,1134059
20120926,14:45:00.000,BBG000BL9439,0.0003808108,0.003225262,803759
20120926,14:45:00.000,BBG000H9G7X2,0.0015695308,0.0052058604,2276163
20120926,14:45:00.000,BBG000BK67C7,0.0033740276,0.007221962,1167335
20120926,14:45:00.000,BBG000FV1Z23,0.008464584,0.008956536,827063
20120926,14:45:00.000,BBG000BV7LP7,-0.013340897,-0.02016452,4439232
20120926,14:45:00.000,BBG000CR90K4,0.062465485,0.06358852,35184992
20120926,14:45:00.000,BBG000BL9JQ1,0.0068162885,-0.005086384,2207909
20120926,14:45:00.000,BBG000BF2KK4,0.008227306,0.0035046996,595134
20120926,14:45:00.000,BBG000GLBN48,-0.002137719,-0.011180228,569696
20120926,14:45:00.000,BBG000BB6M98,-0.001573183,0.002030896,837712
20120926,14:45:00.000,BBG000BXMFC3,-0.030593997,-0.04370612,4583118
20120926,14:45:00.000,BBG000BSXQV7,-0.0076570534,-0.0057835355,612909
20120926,14:45:00.000,BBG000MDCQC2,-0.0037056713,-0.0002567236,1818754
20120926,14:45:00.000,BBG000BRJ809,0.0017333596,-0.0030853262,390355
20120926,14:45:00.000,BBG000DKCC19,0.021326836,0.025761206,3463317
20120926,14:45:00.000,BBG000BFMBQ6,0.0067649344,0.003200549,960627
20120926,14:45:00.000,BBG000BQ2C28,0.008027881,0.0085140625,984650
20120926,14:45:00.000,BBG000BMTFR4,0.010622641,-0.004268122,2193184
20120926,14:45:00.000,BBG000BHLYP4,0.006537532,0.0012236361,1292445
20120926,14:45:00.000,BBG000BNFLM9,-0.0073904274,-0.015696563,2917001
20120926,14:45:00.000,BBG000NV1KK7,0.0014302842,0.002181991,2269210
20120926,14:45:00.000,BBG000FBK808,-0.013592447,-0.028441137,4211641
20120926,14:45:00.000,BBG000R0L5J4,-0.0079914685,-0.016815387,892203
20120926,14:45:00.000,BBG000BZTW70,-0.003316465,-0.021044971,6553290
20120926,14:45:00.000,BBG000BLM0V1,,,722206
20120926,14:45:00.000,BBG000BTQR96,-0.00369999,-0.009755893,1223642
20120926,14:45:00.000,BBG000BH5DV1,0.009722243,-0.0004325792,2567099
20120926,14:45:00.000,BBG000BLBXT4,-0.00628432,-0.0028804173,1315649
20120926,14:45:00.000,BBG000KLB4Q1,0.0076097636,-0.0059585166,6385344
20120926,14:45:00.000,BBG000BR3KL6,-0.002122316,-0.0071524256,795156
20120926,14:45:00.000,BBG000BB9KF2,-0.005486082,-0.0004509765,1106299
20120926,14:45:00.000,BBG000BVDLH9,0.0045633577,-0.001016357,627146
20120926,14:45:00.000,BBG000C0MF34,-0.0017790167,0.004878103,543315
20120926,14:45:00.000,BBG000FVXD63,0.016926736,0.0069305766,1042082
20120926,14:45:00.000,BBG000CGQ6M4,-0.01692095,-0.019519191,1266489
20120926,14:45:00.000,BBG000BJSBJ0,0.00495009,0.008764899,1857665
20120926,14:45:00.000,BBG000BFTJ91,-0.010560498,-0.017767241,2451080
20120926,14:45:00.000,BBG000BSC0K9,-0.0038695696,-0.004722504,1121057
20120926,14:45:00.000,BBG000BWXL85,0.007555215,-0.0044472916,1734022
20120926,14:45:00.000,BBG000QY3XZ2,0.014921835,-0.0039556795,1472208
20120926,14:45:00.000,BBG000BCWCG1,0.0073189805,0.014762391,4273239
20120926,14:45:00.000,BBG000CKVSG8,0.015679434,0.009580563,4338342
20120926,14:45:00.000,BBG000JN8R00,0.017112188,0.01882972,1533113
20120926,14:45:00.000,BBG000BBBNC6,-0.0067826672,-0.018706981,2141374
20120926,14:45:00.000,BBG000JG0547,-0.0021634416,-0.005995324,1732022
20120926,14:45:00.000,BBG000R7Z112,0.0052917525,0.017747782,3827746
20120926,14:45:00.000,BBG000D898T9,0.005495239,0.005510185,3585697
20120926,14:45:00.000,BBG000Q3JN03,0.0052029965,-0.0013846282,11018501
20120926,14:45:00.000,BBG000BRJL00,-0.008141891,-0.0013781727,3491534
20120926,14:45:00.000,BBG000C2V3D6,0.010223778,-0.0016954667,2510575
20120926,14:45:00.000,BBG000G30YX4,-4.67109e-05,-0.012067522,784871
20120926,14:45:00.000,BBG000G0Z878,0.0041252156,-0.004786653,3579771
20120926,14:45:00.000,BBG000BKXBV7,-0.019963667,-0.028554436,7095944
20120926,14:45:00.000,BBG000BJ98Z0,-0.020803189,-0.011299566,7052518
20120926,14:45:00.000,BBG000BR14K5,0.00781374,0.005396045,997644
20120926,14:45:00.000,BBG000BGYWY6,-0.006047445,-0.00094727275,599393
20120926,14:45:00.000,BBG000BCGY17,0.0016109773,0.006524059,705896
20120926,14:45:00.000,BBG000BV75B7,0.00024606817,-0.0063282796,1390434
20120926,14:45:00.000,BBG000CXD6X9,-0.010949067,-0.010646236,1405130
20120926,14:45:00.000,BBG000BWVSR1,-0.0079228915,-0.0052969037,2395314
20120926,14:45:00.000,BBG000BVPPM1,0.0020811933,-0.008526899,2109711
20120926,14:45:00.000,BBG000BBMSJ6,-0.011687926,-0.018731104,2937192
20120926,14:45:00.000,BBG000CHPY97,0.008701795,-0.0013729815,2926255
20120926,14:45:00.000,BBG000C3GN47,0.018916607,0.0050403234,1530988
20120926,14:45:00.000,BBG000BYYLS8,-0.00052996766,-0.008138255,2556271
20120926,14:45:00.000,BBG000DTMH63,,,2669252
20120926,14:45:00.000,BBG000PVRDL2,-0.012423723,-0.014997553,5919582
20120926,14:45:00.000,BBG000DQTXY6,0.0094097145,-0.030351432,9231643
20120926,14:45:00.000,BBG000JF5CV9,0.0112437345,0.0019841562,3895061
20120926,14:45:00.000,BBG000CJZ2W6,-0.024817137,-0.029674323,1993425
20120926,14:45:00.000,BBG000K14Q84,-0.0073839333,-0.011425876,3403067
20120926,14:45:00.000,BBG000BH3JF8,0.012677445,0.012286025,3770377
20120926,14:45:00.000,BBG000BTKGG8,0.003787581,-0.002836594,4435300
20120926,14:45:00.000,BBG000BB5006,0.00070265855,-0.009730569,2509462
20120926,14:45:00.000,BBG000BSBZH7,-0.0018086428,0.0026262652,1315006
20120926,14:45:00.000,BBG000BM6788,-0.0033148255,-0.008199358,2243220
20120926,14:45:00.000,BBG000BQ5DS5,-0.011233568,-0.007526018,2415216
20120926,14:45:00.000,BBG000BB6WG8,-0.008356892,-0.009040125,3861596
20120926,14:45:00.000,BBG000BRK7L6,0.0008125347,-0.010053125,3229457
20120926,14:45:00.000,BBG000BMY992,0.0020583803,0.0017037939,3890971
20120926,14:45:00.000,BBG000FKJRC5,-0.0065675303,-0.010993037,1208831
20120926,14:45:00.000,BBG000C1BW00,0.008741808,0.007977716,832873
20120926,14:45:00.000,BBG000DY8ZS4,0.018627964,0.0031806491,9319200
20120926,14:45:00.000,BBG000BY33P5,-0.016222175,-0.02015115,4777262
20120926,14:45:00.000,BBG000BKLH74,4.2295596e-05,-0.002536074,2565581
20120926,14:45:00.000,BBG000BMF5J0,0.002033337,0.0016206579,7474484
20120926,14:45:00.000,BBG000CSY9H9,0.010998846,0.014357691,2866007
20120926,14:45:00.000,BBG000CPQZ77,-0.012770562,-0.017728733,1164497
20120926,14:45:00.000,BBG000CS7CT9,0.0033726087,0.0051764287,1601577
20120926,14:45:00.000,BBG000BC9938,-0.006827988,-0.021160122,1797432
20120926,14:45:00.000,BBG000BBJQV0,-0.0057627214,-0.014919193,8114017
20120926,14:45:00.000,BBG000FQ6PY6,0.0010402154,-0.010043304,1442534
20120926,14:45:00.000,BBG000PM7GJ0,0.028005613,0.030605564,21221030
20120926,14:45:00.000,BBG000GC80B4,0.01098456,0.0041986196,1406918
20120926,14:45:00.000,BBG000DYGNW7,0.0015091778,0.004392793,1119012
20120926,14:45:00.000,BBG000HCJMF9,-0.019760862,-0.030409174,4346997
20120926,14:45:00.000,BBG000C17X76,-9.7421886e-05,-0.005102346,1279206
20120926,14:45:00.000,BBG000BMDV41,0.0023710818,-0.0007280733,3027556
20120926,14:45:00.000,BBG000TWC2V5,-0.0036917569,0.00095056207,892347
20120926,14:45:00.000,BBG000BBPFB9,0.008361777,-0.0044860076,7979970
20120926,14:45:00.000,BBG000BLKK03,-0.003985114,-0.008432656,1111255
20120926,14:45:00.000,BBG000R8ZVD1,0.013534907,0.013298723,1165851
20120926,14:45:00.000,BBG000BD8PN9,0.011488946,0.0035347557,4564113
20120926,14:45:00.000,BBG000BBDV81,0.0038080327,-0.000441841,1251042
20120926,14:45:00.000,BBG000BCVJ77,-0.010264579,-0.01496335,3433818
20120926,14:45:00.000,BBG000BJL3N0,0.0037118539,-0.0032405716,8805688
20120926,14:45:00.000,BBG000BZ2GG4,0.00045601494,-0.018428573,1913847
20120926,14:45:00.000,BBG000BKFBD7,-0.0060637714,-0.012038745,2777218
20120926,14:45:00.000,BBG000BJ2VQ6,-0.0072230776,-0.024313465,2554837
20120926,14:45:00.000,BBG000BKFZM4,0.0027866329,-0.0054109157,8810298
20120926,14:45:00.000,BBG000QBR5J5,0.00048296578,-0.009299503,3071241
20120926,14:45:00.000,BBG000BJPDZ1,-0.0152401915,-0.022533227,184198
20120926,14:45:00.000,BBG000BH5LT6,0.0049274457,-0.012577463,2623498
20120926,14:45:00.000,BBG000MBDGM6,0.023300381,0.010258636,534232
20120926,14:45:00.000,BBG000LD9JQ8,-0.0030161513,-0.0012298874,806692
20120926,14:45:00.000,BBG000BTR593,0.004711941,-0.0036038656,2863595
20120926,14:45:00.000,BBG000BVMGF2,-0.0031458114,-0.008763869,1884744
20120926,14:45:00.000,BBG000FJLFX8,-0.007960191,-0.01303363,3176424
20120926,14:45:00.000,BBG000BWNFZ9,0.00042892978,-0.019540247,2675710
20120926,14:45:00.000,BBG000BR54L0,-0.00011044457,-0.04108342,19245276
20120926,14:45:00.000,BBG000BCBCM7,-0.015239623,-0.021373512,17683504
20120926,14:45:00.000,BBG000BM5SR2,0.011337592,0.00250154,3329563
20120926,14:45:00.000,BBG000BJ81C1,-0.0057573896,-0.009494913,1354872
20120926,14:45:00.000,BBG001DCCGR8,-0.0003355217,-0.012768313,2617138
20120926,14:45:00.000,BBG000H89QJ6,0.0017108514,-0.0042236988,1486068
20120926,14:45:00.000,BBG000F6H8W8,-0.0024145765,-0.002957565,1056653
20120926,14:45:00.000,BBG000BS0ZF1,0.0014377005,0.003275647,463149
20120926,14:45:00.000,BBG000BVWLJ6,-0.0027829525,0.00027272225,4542348
20120926,14:45:00.000,BBG000BGJRC8,-0.0072475434,-0.0061422805,4507823
20120926,14:45:00.000,BBG000BT9DW0,0.0016209042,0.009181053,2232406
20120926,14:45:00.000,BBG000BXRPH1,0.0033811103,-0.012914297,1240496
20120926,14:45:00.000,BBG000C7LMS8,0.0055870484,0.012411044,704878
20120926,14:45:00.000,BBG00286S4N9,-0.0034143515,-0.009566488,2545028
20120926,14:45:00.000,BBG000BH2JM1,0.0076276017,-0.0033214013,6321563
20120926,14:45:00.000,BBG000BRD0D8,-0.0071713766,-0.011232977,3504915
20120926,14:45:00.000,BBG000BJF1Z8,-0.00076883705,-0.0017146212,1534989
20120926,14:45:00.000,BBG000BHQ1H0,0.011278667,0.007454028,1428804
20120926,14:45:00.000,BBG000BN5HF7,-0.0069560804,-0.037077077,7339814
20120926,14:45:00.000,BBG000B9WH86,-0.0004274141,0.01245068,19699538
20120926,14:45:00.000,BBG000C5Z1S3,-0.012723456,-0.019655706,23314410
20120926,14:45:00.000,BBG000D9D830,-0.0022221266,-0.008316503,1891562
20120926,14:45:00.000,BBG000JWD753,0.014770899,0.0155922,7116723
20120926,14:45:00.000,BBG000BKCFC2,-0.0050805765,-0.0012468939,2667782
20120926,14:45:00.000,BBG000BWVCP8,-0.012689679,-0.020716473,4816484
20120926,14:45:00.000,BBG000BBD070,-0.012747213,-0.021639807,3408036
20120926,14:45:00.000,BBG000BMBL90,-0.004120936,-0.008420296,2560785
20120926,14:45:00.000,BBG000BNWG87,0.0068037664,5.2010154e-07,2975786
20120926,14:45:00.000,BBG000BCG930,-0.009435069,-0.013849895,1879349
20120926,14:45:00.000,BBG000BHX7N2,-0.004285944,-0.0047616092,2970229
20120926,14:45:00.000,BBG000BX3TD3,0.0079285195,0.018863585,9379885
20120926,14:45:00.000,BBG000BH23R1,0.0023481112,0.004010071,14728991
20120926,14:45:00.000,BBG000BBVJZ8,1.472869e-06,-0.008069411,1698040
20120926,14:45:00.000,BBG000BJ3PD2,0.011440265,0.0058430983,2359428
20120926,14:45:00.000,BBG000BFQYY3,0.004373175,0.004029513,951690
20120926,14:45:00.000,BBG000BMW2Z0,0.0008954337,0.0014036283,991757
20120926,14:45:00.000,BBG000CXYSZ6,-0.007698474,-0.019386487,941597
20120926,14:45:00.000,BBG000H556T9,0.0066377777,0.004045514,2757840
20120926,14:45:00.000,BBG000J6XT05,-0.00623965,0.0019645733,3206302
20120926,14:45:00.000,BBG000C8H633,-0.0014537345,-0.015316081,5113347
20120926,14:45:00.000,BBG000FP1N32,-0.03239474,-0.04153922,7962267
20120926,14:45:00.000,BBG000BD4VG8,-0.0019317844,-0.015779234,2718702
20120926,14:45:00.000,BBG000C496P7,-0.0073466003,-0.016783435,7556327
20120926,14:45:00.000,BBG000FG3C43,-0.0140524795,-0.0279233,5165957
20120926,14:45:00.000,BBG000DHSPT0,-0.0084061315,-0.015980659,3027235
20120926,14:45:00.000,BBG000FW00S1,0.024492031,0.02093348,6949587
20120926,14:45:00.000,BBG000BFC8J2,0.0070470315,0.0006570396,1762446
20120926,14:45:00.000,BBG000BZ9223,-9.791069e-05,-0.014631171,902574
20120926,14:45:00.000,BBG000GFFQN9,0.0003872192,-8.275447e-08,9366290
20120926,14:45:00.000,BBG000G2R6M0,0.0014053585,0.005824496,4207540
20120926,14:45:00.000,BBG000FL1TC8,-0.008223885,-0.014720776,2727094
20120926,14:45:00.000,BBG000BGKTF9,-0.001407464,-0.008316832,2648475
20120926,14:45:00.000,BBG000BB6KF5,-0.007668277,-0.01929457,6183383
20120926,14:45:00.000,BBG000BGLRN3,-0.015096173,-0.014543005,2621682
20120926,14:45:00.000,BBG000Q9HH23,-0.0090563055,-0.015558812,1502074
20120926,14:45:00.000,BBG000BV8DN6,0.012143324,0.016116055,4578301
20120926,14:45:00.000,BBG000BFXHL6,-0.0056578275,-0.0072961915,2917475
20120926,14:45:00.000,BBG000C46HM9,0.0074830786,0.003443103,3662339
20120926,14:45:00.000,BBG000BFRF55,0.013378925,0.0151454415,6454183
20120926,14:45:00.000,BBG000BNBDC2,-0.00038893166,-0.006323102,3147918
20120926,14:45:00.000,BBG000BH13K9,0.0044352575,0.0027738572,2404707
20120926,14:45:00.000,BBG000BGPTV6,0.0058259205,0.0021090675,1697249
20120926,14:45:00.000,BBG000QX74T1,-0.011632952,-0.011867065,776746
20120926,14:45:00.000,BBG000BWJFZ4,0.01594276,0.007099064,605709
20120926,14:45:00.000,BBG000BWLMJ4,9.864083e-05,-0.0036040805,3943169
20120926,14:45:00.000,BBG000BW3299,-0.010652143,-0.010342903,1437123
20120926,14:45:00.000,BBG000BFDXW1,-0.0029646135,-0.010994282,6647681
20120926,14:45:00.000,BBG000BC2C10,0.009046156,0.0005276515,2331338
20120926,14:45:00.000,BBG000BVV7G1,-0.004291123,-0.01186044,13113927
20120926,14:45:00.000,BBG000BPWXK1,-0.0028170529,0.0022691926,4746630
20120926,14:45:00.000,BBG000BBGGQ1,-0.0059507834,-0.014301809,5129624
20120926,14:45:00.000,BBG000BHBK84,-0.007036328,-0.011540031,6257599
20120926,14:45:00.000,BBG000BJX8C8,-0.008772417,-0.020699222,3009474
20120926,14:45:00.000,BBG000H8TVT2,-0.006452623,-0.0034182705,2126507
20120926,14:45:00.000,BBG000BTZQC4,-0.0035374777,-0.0026554533,3833130
20120926,14:45:00.000,BBG000BP52R2,-0.00089525577,-0.0008075189,1733021
20120926,14:45:00.000,BBG000C5HS04,-0.00047546517,0.009465498,2031562
20120926,14:45:00.000,BBG000BH3GZ2,-0.002136652,-0.003520685,1567615
20120926,14:45:00.000,BBG000F1ZSQ2,-0.00045955807,-0.0068092155,227847
20120926,14:45:00.000,BBG000C15T95,0.0076198764,0.0068388004,2167670
20120926,14:45:00.000,BBG000BFWKC0,-0.003969363,-0.009505959,1697305
20120926,14:45:00.000,BBG000CL9VN6,0.030714316,0.0309566,4488921
20120926,14:45:00.000,BBG000F0KF42,0.014185319,-0.014895028,5607048
20120926,14:45:00.000,BBG000C240W1,-0.00700306,-0.014453938,29198774
20120926,14:45:00.000,BBG000L9CV04,-0.0028107394,-0.002913935,2730230
20120926,14:45:00.000,BBG000BC40Y8,0.00474569,-0.0046266667,2639510
20120926,14:45:00.000,BBG000BL4504,-0.0050937342,-0.017806266,9070681
20120926,14:45:00.000,BBG000BB07P9,-0.0072075925,-0.0026853431,7572853
20120926,14:45:00.000,BBG000BBDZG3,0.0022485903,-0.007853287,25432072
20120926,14:45:00.000,BBG000BY29C7,0.0036556094,0.008042394,4599342
20120926,14:45:00.000,BBG000DWG505,0.0021908933,0.0043101744,2549949
20120926,14:45:00.000,BBG000BCQZS4,-0.007906023,-0.015055657,3285844
20120926,14:45:00.000,BBG000CKGBP2,-0.009111211,-0.015464161,4872254
20120926,14:45:00.000,BBG000BHGDH5,-0.0068524936,0.0017111538,2076703
20120926,14:45:00.000,BBG000FFDM15,0.0066358196,0.0063374727,7408012
20120926,14:45:00.000,BBG000BWXBC2,0.0025520208,0.0014808284,3009685
20120926,14:45:00.000,BBG000BGRY34,0.008938852,0.006720551,3917862
20120926,14:45:00.000,BBG000BN2DC2,-0.0058987634,-0.019124331,1654771
20120926,14:45:00.000,BBG000BH1NH9,0.010077625,0.0051731854,2576142
20120926,14:45:00.000,BBG000F0PF65,0.0017898381,-0.0048887334,4633727
20120926,14:45:00.000,BBG000BW8S60,-0.0042103315,-0.0022860907,3242989
20120926,14:45:00.000,BBG000BCSST7,0.006900133,0.013474489,3681397
20120926,14:45:00.000,BBG000CH5208,0.00014088646,-0.0039146817,4058331
20120926,14:45:00.000,BBG000BQQ2S6,0.0034797178,-0.0048052524,2175407
20120926,14:45:00.000,BBG000BLZRJ2,0.006063562,-0.0054165926,15426274
20120926,14:45:00.000,BBG000BP6LJ8,0.0009086861,0.005878169,4825947
20120926,14:45:00.000,BBG000DWYF03,0.0026954054,-0.0036840744,10281101
20120926,14:45:00.000,BBG000BQPC32,-0.0037259578,-0.00396631,35220416
20120926,14:45:00.000,BBG000BBS2Y0,0.0011367378,-0.0053672586,3407964
20120926,14:45:00.000,BBG000CTQBF3,-0.004031172,-0.006334192,5173266
20120926,14:45:00.000,BBG000DQLV23,-0.003174843,-0.0076475833,6422979
20120926,14:45:00.000,BBG000KHWT55,0.03137678,0.028716533,27603560
20120926,14:45:00.000,BBG000BNDN65,0.007827456,0.010104872,10016625
20120926,14:45:00.000,BBG000B9ZXB4,0.0018581351,-0.002370715,4040968
20120926,14:45:00.000,BBG000DH7JK6,-0.0035022967,0.0035542257,2568402
20120926,14:45:00.000,BBG000BH4R78,-0.0055786073,-0.0104636345,5786916
20120926,14:45:00.000,BBG000BQQH30,0.0032934435,-0.0076657427,4493833
20120926,14:45:00.000,BBG000PSKYX7,-0.0038593484,-0.011330903,1669870
20120926,14:45:00.000,BBG000C6CFJ5,0.0018295629,-0.0046661412,4060653
20120926,14:45:00.000,BBG000BKTFN2,-0.009401331,-0.022148242,11870209
20120926,14:45:00.000,BBG000J2XL74,0.0034049067,0.007050037,2877905
20120926,14:45:00.000,BBG000BHVJJ3,-0.00086860964,-0.0139933415,12072217
20120926,14:45:00.000,BBG000C43RR5,-0.007224016,-0.0127071235,9015436
20120926,14:45:00.000,BBG000BFT2L4,-0.008916133,-0.015343118,9095974
20120926,14:45:00.000,BBG000D4LWF6,-0.0043235095,-0.0014520775,10780431
20120926,14:45:00.000,BBG000BNSZP1,0.0010634926,0.0036614987,3233396
20120926,14:45:00.000,BBG000BT41Q8,0.0022090492,-0.008184114,3365502
20120926,14:45:00.000,BBG000BKZB36,-0.005703356,-0.005357666,5649689
20120926,14:45:00.000,BBG000BPD168,0.0068311575,0.0022161251,8332142
20120926,14:45:00.000,BBG000HS77T5,0.0008175371,0.0017527841,6733492
20120926,14:45:00.000,BBG000BQLTW7,-0.011258536,-0.018214082,21677758
20120926,14:45:00.000,BBG000BVPV84,-0.0026600459,-0.009131955,2242370
20120926,14:45:00.000,BBG000BJDB15,0.0029265152,0.0030512789,17897020
20120926,14:45:00.000,BBG000BMX289,-0.00056558143,0.005042409,10160928
20120926,14:45:00.000,BBG000MM2P62,0.021858951,0.017755356,30198024
20120926,14:45:00.000,BBG000CGC1X8,0.0020046649,-0.0054217773,7746882
20120926,14:45:00.000,BBG000BLBVN4,-0.0076769427,-0.016727543,736629
20120926,14:45:00.000,BBG000BF0K17,0.0041876347,0.0012634117,7304741
20120926,14:45:00.000,BBG000BR2TH3,-0.0035867635,-0.0012942236,5556740
20120926,14:45:00.000,BBG000K4ND22,0.0010701504,-0.005472497,3651817
20120926,14:45:00.000,BBG000BR2B91,0.0062734103,0.002013141,19454240
20120926,14:45:00.000,BBG000C3J3C9,0.001968086,-0.0059000826,22861284
20120926,14:45:00.000,BBG000BLNNH6,0.0019769603,-0.003729616,2224605
20120926,14:45:00.000,BBG000BWQFY7,-0.0041947556,-0.009502943,19093628
20120926,14:45:00.000,BBG000BMHYD1,0.00021540519,-0.0027423117,6384685
20120926,14:45:00.000,BBG000BK6MB5,-0.0038878813,-0.005376914,28179296
20120926,14:45:00.000,BBG000BSJK37,0.005213057,0.0052549634,15626657
20120926,14:45:00.000,BBG000C0G1D1,0.013504271,0.006219092,36471620
20120926,14:45:00.000,BBG000FY4S11,0.0049881907,-0.00760438,34761348
20120926,14:45:00.000,BBG000BCTLF6,0.001578319,-0.007842862,115268992
20120926,14:45:00.000,BBG000DMBXR2,0.0046791486,-0.0046845707,17639820
20120926,14:45:00.000,BBG000BPH459,-0.00014068258,-0.009211965,36683608
20120926,14:45:00.000,BBG000GZQ728,-0.0033967164,-0.0052307323,7042686
20120926,14:45:00.000,BBG000BHSKN9,0.015791096,0.010523791,4658682
20120926,14:45:00.000,BBG000B9XRY4,0.0068862876,-0.005535709,16622684
20120926,15:00:00.000,BBG000BFVXX0,0.009528204,0.0115562705,1867031
20120926,15:00:00.000,BBG000M4SW14,-0.036101144,-0.039590277,728988
20120926,15:00:00.000,BBG000HS74G6,-0.008480782,-0.007826958,410245
20120926,15:00:00.000,BBG000BJNGN9,-0.077378936,-0.09491971,8554266
20120926,15:00:00.000,BBG000FNRZ69,0.00387473,-9.704171e-07,5895499
20120926,15:00:00.000,BBG000BW2QX0,-0.0044772127,-0.007765954,2219100
20120926,15:00:00.000,BBG000BBV8B8,0.016205369,0.0046689557,1538878
20120926,15:00:00.000,BBG000DV7MX4,0.005116729,0.0016375107,7396036
20120926,15:00:00.000,BBG000BQ74K1,-0.0022096247,-0.0111780865,741203
20120926,15:00:00.000,BBG000BCYP43,0.00094744243,-0.0018575075,165537
20120926,15:00:00.000,BBG000BW5YW1,0.013989749,-0.008262998,1923387
20120926,15:00:00.000,BBG000BLCL55,0.002123497,-0.013206671,775187
20120926,15:00:00.000,BBG000CZWZ05,0.0026835208,-0.005586264,459024
20120926,15:00:00.000,BBG000NSCNT7,0.008329261,-0.00074617803,1763132
20120926,15:00:00.000,BBG000D14WM3,-0.008286598,-0.030026969,5105991
20120926,15:00:00.000,BBG000BK5DP1,0.0006861018,-0.012662222,2905234
20120926,15:00:00.000,BBG000PCNTM2,-0.0055762846,-0.013762618,357287
20120926,15:00:00.000,BBG000BBB3K1,0.0007823862,0.0059641493,1078721
20120926,15:00:00.000,BBG000C2YHG9,-0.008591402,-0.017011974,1441282
20120926,15:00:00.000,BBG000RGM5P1,-0.0064032003,-0.016319469,2036888
20120926,15:00:00.000,BBG000BQ87N0,-0.0023668674,0.0018387559,760914
20120926,15:00:00.000,BBG000BD0TF8,0.0059455205,-0.005236623,352850
20120926,15:00:00.000,BBG000BDG1Y1,-0.0033924363,-0.009676831,950815
20120926,15:00:00.000,BBG000BHC2S1,-0.00020925037,-0.008194609,620412
20120926,15:00:00.000,BBG000BCHG15,0.0012301926,0.0025971015,834400
20120926,15:00:00.000,BBG000CLVM51,-0.0039231963,-0.005885528,238066
20120926,15:00:00.000,BBG000BBCQD7,-0.002531711,-0.011835023,1545929
20120926,15:00:00.000,BBG000BB03M1,0.011013172,0.007143517,830434
20120926,15:00:00.000,BBG000BQC9V2,0.0145310415,0.008374476,2729018
20120926,15:00:00.000,BBG000D5S4M0,-0.007417094,-0.008491799,432272
20120926,15:00:00.000,BBG000BB9RZ5,0.00975105,0.001841245,343717
20120926,15:00:00.000,BBG000DCCZW2,-0.0033430336,-0.010464999,1044210
20120926,15:00:00.000,BBG000BS5170,-0.00513632,-0.0005867773,797786
20120926,15:00:00.000,BBG000BLMZK6,-0.005293407,-1.4560376e-06,1147831
20120926,15:00:00.000,BBG000BB5BF6,0.0031552706,0.0081356885,3262760
20120926,15:00:00.000,BBG000BLXZN1,0.013664757,0.0044338694,293781
20120926,15:00:00.000,BBG000FQRVM3,-0.0009895682,-0.0052305884,320377
20120926,15:00:00.000,BBG000BGFLL5,8.5536645e-05,-0.006437141,2405859
20120926,15:00:00.000,BBG000BJ5GK2,0.0011742952,0.001942285,559002
20120926,15:00:00.000,BBG000BWP7D9,0.006128892,0.009356751,1572273
20120926,15:00:00.000,BBG000BPQVR5,0.0022162767,-0.0013123316,633085
20120926,15:00:00.000,BBG000DGPR66,0.000116551455,-0.0025735681,654349
20120926,15:00:00.000,BBG000BRZBT3,-0.007818947,-0.024137577,1527262
20120926,15:00:00.000,BBG000BWBZN1,-0.0034336462,-0.007053714,536950
20120926,15:00:00.000,BBG000BFS7D3,0.0095741255,0.012185642,551107
20120926,15:00:00.000,BBG000C23KJ3,-0.012781054,-0.009948668,5293054
20120926,15:00:00.000,BBG001QD41M9,0.011025834,0.0025496818,899990
20120926,15:00:00.000,BBG000M44VW8,-0.010999764,-0.02848461,1361396
20120926,15:00:00.000,BBG000BSJTT0,0.013306335,0.008312416,2985485
20120926,15:00:00.000,BBG000C9W1Y1,0.005600319,0.0016714471,2027988
20120926,15:00:00.000,BBG000DHNDK1,,,1135256
20120926,15:00:00.000,BBG000BN9WT5,0.002031747,-0.0050384733,1265604
20120926,15:00:00.000,BBG000BBMT95,0.0634781,0.063043505,4770091
20120926,15:00:00.000,BBG000BJVZF7,0.0027194996,-0.0008305645,1512351
20120926,15:00:00.000,BBG000BPZBB6,-0.0027621787,-0.0017639424,1459802
20120926,15:00:00.000,BBG000R57L13,0.0099748075,-0.0043747495,3376708
20120926,15:00:00.000,BBG000C1FB75,0.0014642321,-0.0036238902,239872
20120926,15:00:00.000,BBG000BF6LY3,-0.006077075,-0.005390759,4510641
20120926,15:00:00.000,BBG000F6ZWH2,0.008643833,0.0001941781,613636
20120926,15:00:00.000,BBG000BP7JB0,-0.0075554927,-0.0194421,4318254
20120926,15:00:00.000,BBG000RNTSX0,0.00497931,-0.005201153,418553
20120926,15:00:00.000,BBG000BCTQ65,-0.0004093141,0.0043405388,1369631
20120926,15:00:00.000,BBG000C4DPX1,0.022267282,0.014543337,3031767
20120926,15:00:00.000,BBG000TJM7F0,0.0049574217,0.009385825,799856
20120926,15:00:00.000,BBG0016WLQ18,0.0007035032,-0.005236895,1496560
20120926,15:00:00.000,BBG000CNFQW6,-0.00033996126,-0.003724978,201297
20120926,15:00:00.000,BBG000BMZ7P7,-0.0086207725,-0.009758304,393206
20120926,15:00:00.000,BBG000BLDV98,-0.0050785327,0.0041303174,2055312
20120926,15:00:00.000,BBG000BKWSR6,0.006705808,7.2684566e-07,4576158
20120926,15:00:00.000,BBG000MQ1SN9,0.008126903,0.007828632,490825
20120926,15:00:00.000,BBG000C75N77,0.0013751921,-0.0038993033,1325395
20120926,15:00:00.000,BBG000C2ZCH8,-0.0061018234,-0.0037269148,761495
20120926,15:00:00.000,BBG000BVB8Q0,0.00877625,-0.0059236176,2773163
20120926,15:00:00.000,BBG000G6BN50,-0.0072454587,-0.012397787,263251
20120926,15:00:00.000,BBG000BL79J3,-0.012153715,-0.01041232,1632161
20120926,15:00:00.000,BBG000BKXFN7,0.0006916515,-0.01728907,4023714
20120926,15:00:00.000,BBG000BD3LM4,-0.0030047728,-0.016020356,2180649
20120926,15:00:00.000,BBG000F86GP6,0.0033166069,-0.005177554,1303848
20120926,15:00:00.000,BBG000BGXZB5,-0.014265127,-0.016003888,2255828
20120926,15:00:00.000,BBG000BVMPN3,0.0028005834,-0.0073849643,764622
20120926,15:00:00.000,BBG000D9DMK0,-0.0088841915,-0.0065807137,265616
20120926,15:00:00.000,BBG000FDBX90,-0.002245135,-0.0018682125,2428498
20120926,15:00:00.000,BBG000MM5VL9,-0.0034748265,-0.0056985067,1268808
20120926,15:00:00.000,BBG000BHCP19,4.927119e-05,-0.007593235,1910849
20120926,15:00:00.000,BBG000BX8DC4,0.0032954935,0.0012563401,959946
20120926,15:00:00.000,BBG000G3QLY3,0.015044121,0.0042020557,1230410
20120926,15:00:00.000,BBG000BDWKC5,-0.0019950087,-0.010746279,2603053
20120926,15:00:00.000,BBG000BMRFF9,0.016354801,0.017684855,779116
20120926,15:00:00.000,BBG000BT4T69,-0.012616636,-0.011652605,1819513
20120926,15:00:00.000,BBG000BRRG02,-0.00044932056,0.00043060357,686873
20120926,15:00:00.000,BBG000BP0KQ8,0.006829383,0.0015784581,5515945
20120926,15:00:00.000,BBG000RKR4R8,-0.0010002928,-0.018504871,6851330
20120926,15:00:00.000,BBG000C3HSR0,-0.008136517,-0.023411522,3747000
20120926,15:00:00.000,BBG000BKQ3V3,-0.0023082877,-0.024129156,1780784
20120926,15:00:00.000,BBG000CGT2S4,-0.0060372786,-0.013167514,1580697
20120926,15:00:00.000,BBG000C1FQS9,-0.00021866342,0.0052044536,457563
20120926,15:00:00.000,BBG000FFH4P5,-0.0007288029,-0.0074422793,343791
20120926,15:00:00.000,BBG000BF5RY1,-0.008427323,-0.008115548,1531705
20120926,15:00:00.000,BBG000BFNR17,0.0010207026,-0.0067487187,418357
20120926,15:00:00.000,BBG000BR1W32,-0.024013214,-0.0424455,2541121
20120926,15:00:00.000,BBG001M8HHB7,-0.007927598,-0.016146103,1575547
20120926,15:00:00.000,BBG000BPNP00,0.0015937827,-0.0072621275,2020873
20120926,15:00:00.000,BBG000C0LW92,0.0006604807,-0.00354989,4449327
20120926,15:00:00.000,BBG000K7PWX7,0.022534845,0.017054155,1544481
20120926,15:00:00.000,BBG000BQSQ38,-0.003525278,-0.005386928,2529264
20120926,15:00:00.000,BBG000BKXYX5,0.03141594,0.042291295,2252644
20120926,15:00:00.000,BBG000BLHRS2,-0.0063221063,-0.0019727198,372386
20120926,15:00:00.000,BBG000JYP7L8,0.015661212,0.012845525,1064904
20120926,15:00:00.000,BBG000PV2L86,-0.00033401532,0.0032359797,424708
20120926,15:00:00.000,BBG000BTCH57,-0.0014559855,-0.0035558364,1179569
20120926,15:00:00.000,BBG000BBNYF6,0.004606539,-8.999983e-05,703277
20120926,15:00:00.000,BBG000BPL8X4,-0.0025622533,-0.0010971155,1151146
20120926,15:00:00.000,BBG000BLCPY4,0.019898338,-0.0020367354,1236372
20120926,15:00:00.000,BBG000BNC3Y9,-0.004113319,-0.01730967,1692792
20120926,15:00:00.000,BBG000BT9T73,-0.00082911045,-0.012774742,5229983
20120926,15:00:00.000,BBG000BC15S7,0.0022477668,0.00019264902,402793
20120926,15:00:00.000,BBG000BKNX95,-0.0036684943,-0.009872644,3516925
20120926,15:00:00.000,BBG000C90DH9,0.00060199137,-0.008004463,2733687
20120926,15:00:00.000,BBG000C7B436,-0.0062518297,-0.014892478,2495017
20120926,15:00:00.000,BBG000BK6G19,-0.011093398,-0.022844402,1491694
20120926,15:00:00.000,BBG000BX5ZF5,0.009249908,0.0003461193,9114996
20120926,15:00:00.000,BBG000BGD7W6,-0.0050527444,-0.00153352,1885848
20120926,15:00:00.000,BBG000BVSX05,-0.0040807226,-0.015970716,1796040
20120926,15:00:00.000,BBG000CKJ0P3,-0.0012006097,-0.0066448892,646382
20120926,15:00:00.000,BBG000BNJHS8,-0.0010473215,0.014132365,3333228
20120926,15:00:00.000,BBG000BQZMH4,-0.0020023454,0.0018846045,911670
20120926,15:00:00.000,BBG000DN7P92,0.002756022,-0.0012094958,837606
20120926,15:00:00.000,BBG000BKPL53,0.0013014275,-0.0053838417,729739
20120926,15:00:00.000,BBG000BB2DM7,0.0020111317,0.006181647,8040345
20120926,15:00:00.000,BBG000BJDPC2,0.01164696,0.01567381,1095306
20120926,15:00:00.000,BBG000BJ8YN7,-0.0052265883,-0.012475459,1096859
20120926,15:00:00.000,BBG000BPVCR1,-0.03955176,-0.051527306,5795515
20120926,15:00:00.000,BBG000PCQQL6,0.0070150634,0.0022035125,1553852
20120926,15:00:00.000,BBG000C2BXK4,0.0018635009,0.007644909,5079100
20120926,15:00:00.000,BBG000F9KJN4,-0.0047259275,-0.014740834,1674292
20120926,15:00:00.000,BBG000BNNYW1,-0.0060073677,-0.0033737395,1297909
20120926,15:00:00.000,BBG000C734W3,-0.0030019523,-0.015678575,517893
20120926,15:00:00.000,BBG000D7RKJ5,-0.0032815102,0.0031879793,839224
20120926,15:00:00.000,BBG000G8N9C6,-0.0015589435,-0.0013664528,1224910
20120926,15:00:00.000,BBG000BRXP69,-0.0032923254,-0.009239337,351805
20120926,15:00:00.000,BBG000NDYB67,0.0025697434,-0.002973716,6832511
20120926,15:00:00.000,BBG000BHZ5J9,0.0044750622,-0.004027833,458452
20120926,15:00:00.000,BBG000BHKYH4,0.00299621,0.007446487,952891
20120926,15:00:00.000,BBG000D2M0Z7,0.0076976824,0.0053948388,478841
20120926,15:00:00.000,BBG000CHWP52,0.010112003,0.0016245708,863019
20120926,15:00:00.000,BBG0029SNR63,0.011919353,0.010504536,4336145
20120926,15:00:00.000,BBG000BNNKG9,-0.013504274,-0.027661452,5947823
20120926,15:00:00.000,BBG000BP4MH0,0.0004616072,-0.00088472135,1961155
20120926,15:00:00.000,BBG000BHLYS1,0.005093497,0.010926084,1892042
20120926,15:00:00.000,BBG000BFJ645,-0.006921931,-0.010412002,11735490
20120926,15:00:00.000,BBG000BC4JJ4,0.00050919596,-0.0023995498,815854
20120926,15:00:00.000,BBG000BVVQQ8,0.007570114,0.0034634036,2406148
20120926,15:00:00.000,BBG000DLFM21,0.005525935,-0.0024327454,639293
20120926,15:00:00.000,BBG000BP1152,-0.01621078,-0.026875911,3357188
20120926,15:00:00.000,BBG000H50PN8,0.002837205,-0.005022297,2220303
20120926,15:00:00.000,BBG000CP95B7,0.006556468,0.0007682505,379466
20120926,15:00:00.000,BBG000BS9489,-0.010238247,-0.016004948,1516018
20120926,15:00:00.000,BBG000KBQZ88,-0.0020244438,-0.008450345,727418
20120926,15:00:00.000,BBG000C37332,-0.008541596,-0.006948368,457017
20120926,15:00:00.000,BBG000C2PW58,0.0025574672,-0.004579821,306184
20120926,15:00:00.000,BBG000BKR1D6,0.014101095,0.004160011,518907
20120926,15:00:00.000,BBG000BR37X2,-0.0007966825,-0.0028783858,2638811
20120926,15:00:00.000,BBG000BWCKB6,0.0038724393,0.0065928507,361514
20120926,15:00:00.000,BBG000BCZYD3,-0.0025562942,-0.005443559,458555
20120926,15:00:00.000,BBG000BMKDM3,-0.0058071148,-0.0019284596,1047107
20120926,15:00:00.000,BBG000D3MB18,0.004000556,-0.0027166079,1164195
20120926,15:00:00.000,BBG000BB1TH9,-0.0037700867,-0.007057328,1050829
20120926,15:00:00.000,BBG000BQVTF5,-0.009917349,-0.014679244,1906816
20120926,15:00:00.000,BBG000D1QCF1,-0.013620964,-0.023021685,1902690
20120926,15:00:00.000,BBG000PX3XC0,-0.007585003,-0.0219878,1464960
20120926,15:00:00.000,BBG000J1QLT0,0.004145778,0.0024865768,1047426
20120926,15:00:00.000,BBG000BH8TT6,-0.009379281,-0.01582516,3650574
20120926,15:00:00.000,BBG000QRFNK2,-0.06581279,-0.06559058,7031168
20120926,15:00:00.000,BBG000BCNYT9,0.007510037,0.0050678505,2276918
20120926,15:00:00.000,BBG000BPMH90,-0.017397817,-0.026395343,875619
20120926,15:00:00.000,BBG000F7RCJ1,0.0075970646,0.007254625,615283
20120926,15:00:00.000,BBG000BB6G37,-0.000636996,-0.0076914118,2194600
20120926,15:00:00.000,BBG000BFDLV8,-0.0026150374,-0.010023621,669997
20120926,15:00:00.000,BBG000WCFV84,0.012494712,0.0069867526,2387758
20120926,15:00:00.000,BBG000BY2Y78,0.0017129235,-0.009652357,1994330
20120926,15:00:00.000,BBG000BXM6V2,-0.0004074779,0.0019217188,1372017
20120926,15:00:00.000,BBG000FH8PX5,0.0022262093,-0.0024047538,347567
20120926,15:00:00.000,BBG000BP8Z50,-0.003890022,-0.011802998,1334470
20120926,15:00:00.000,BBG000BQWPC5,0.0032554374,0.008439732,1733021
20120926,15:00:00.000,BBG000BWSV34,0.004652846,-0.01253853,978408
20120926,15:00:00.000,BBG000NDZ417,-0.020176707,-0.039331835,1958221
20120926,15:00:00.000,BBG000BJQWD2,-0.0052336897,-0.014306189,1355621
20120926,15:00:00.000,BBG000BB5373,0.0014112655,-0.0054482613,4447371
20120926,15:00:00.000,BBG000BHB3M6,0.0016845639,-0.003550929,1052419
20120926,15:00:00.000,BBG000BLW530,-0.0016117444,-0.010892703,895231
20120926,15:00:00.000,BBG000D8RG11,-0.0100681335,-0.010582033,2865302
20120926,15:00:00.000,BBG0019JZ882,-0.005957792,-0.011815783,2363361
20120926,15:00:00.000,BBG000R7RDB4,-0.016206061,-0.031924907,963177
20120926,15:00:00.000,BBG000BQ8KV2,0.0005671529,0.005390856,1681781
20120926,15:00:00.000,BBG000BYWTX7,0.00027580926,-0.005409292,11752889
20120926,15:00:00.000,BBG000C1S2X2,-0.015953157,-0.02088452,1333723
20120926,15:00:00.000,BBG000DLVDK3,-0.003053452,-0.0010055243,1638941
20120926,15:00:00.000,BBG000BFL116,0.0268493,0.01802645,4093621
20120926,15:00:00.000,BBG000C1DHF5,-0.0062577794,-0.019399624,3726665
20120926,15:00:00.000,BBG000BVHBM1,0.0033360983,-0.037470073,4206129
20120926,15:00:00.000,BBG000BGVW60,-2.9639334e-05,0.004748571,1477390
20120926,15:00:00.000,BBG000BPQD31,0.0034129678,-0.0049569164,1879874
20120926,15:00:00.000,BBG000H1F895,-0.0047986093,-0.018918663,1625525
20120926,15:00:00.000,BBG000K82ZT8,-0.0051678545,-0.01714249,1546856
20120926,15:00:00.000,BBG000DNTSP4,-0.004091781,-0.005806705,2243449
20120926,15:00:00.000,BBG000F15NW9,0.005589874,0.00071539864,1824329
20120926,15:00:00.000,BBG000BPT0C6,0.0030368506,-0.009625543,564992
20120926,15:00:00.000,BBG000B9WJ73,0.034213882,0.032129392,11906214
20120926,15:00:00.000,BBG000BDXGP9,0.005487462,0.0072974483,2719513
20120926,15:00:00.000,BBG000BSD7C2,-0.008425135,-0.0046512643,751309
20120926,15:00:00.000,BBG000BSLZY7,0.008475756,0.0023280538,9831103
20120926,15:00:00.000,BBG000BKZTP3,-0.004848329,-0.009588222,2169499
20120926,15:00:00.000,BBG000BF1R66,-0.0011667795,-0.0046049994,826465
20120926,15:00:00.000,BBG000HW5GX3,0.0008996424,-0.014279216,3098338
20120926,15:00:00.000,BBG000C0F570,-0.004152031,-0.011683948,1562593
20120926,15:00:00.000,BBG000BP1Q11,0.01359673,0.007952721,1547808
20120926,15:00:00.000,BBG000BMQPL1,0.0052439338,-0.002278212,6807339
20120926,15:00:00.000,BBG000M65M61,0.003810266,0.017645152,2459751
20120926,15:00:00.000,BBG000BM7HL0,0.00032001492,-0.011255322,1982789
20120926,15:00:00.000,BBG000BJ49H3,-0.005004282,-0.009373554,1014989
20120926,15:00:00.000,BBG000JBN3X6,0.008883669,0.01651226,2976282
20120926,15:00:00.000,BBG000NSQ9M0,0.0008038494,0.00081473956,5810611
20120926,15:00:00.000,BBG000BTVJ25,0.002908977,0.0006476072,1403430
20120926,15:00:00.000,BBG000BBCDZ2,-0.007298325,-0.0133002885,1127243
20120926,15:00:00.000,BBG000BNGTQ7,0.0009581925,0.0006083005,1187926
20120926,15:00:00.000,BBG000BGKHZ3,0.0057121012,-0.0026146201,1168836
20120926,15:00:00.000,BBG000BL9439,-0.00055841607,0.0030460702,841694
20120926,15:00:00.000,BBG000H9G7X2,-0.0024230008,0.00043370062,2357843
20120926,15:00:00.000,BBG000BK67C7,0.0028757115,0.0076734303,1218147
20120926,15:00:00.000,BBG000FV1Z23,0.0078609325,0.006914111,877590
20120926,15:00:00.000,BBG000BV7LP7,-0.014016896,-0.022608725,4748817
20120926,15:00:00.000,BBG000CR90K4,0.0654716,0.066616505,35808960
20120926,15:00:00.000,BBG000BL9JQ1,0.0057809455,-0.005830491,2277221
20120926,15:00:00.000,BBG000BF2KK4,0.008632249,0.0035046898,618456
20120926,15:00:00.000,BBG000GLBN48,-0.00096177374,-0.009196805,579341
20120926,15:00:00.000,BBG000BB6M98,-0.0007672234,0.0024821972,889503
20120926,15:00:00.000,BBG000BXMFC3,-0.02815102,-0.041382946,4673159
20120926,15:00:00.000,BBG000BSXQV7,-0.008486455,-0.006426035,634507
20120926,15:00:00.000,BBG000MDCQC2,-0.0054695355,-0.002059669,1913241
20120926,15:00:00.000,BBG000BRJ809,0.0022329646,-0.0027375221,404564
20120926,15:00:00.000,BBG000DKCC19,0.018306687,0.023247793,3571318
20120926,15:00:00.000,BBG000BFMBQ6,0.005424694,0.002133474,996917
20120926,15:00:00.000,BBG000BQ2C28,0.008039237,0.009045896,1016334
20120926,15:00:00.000,BBG000BMTFR4,0.009586268,-0.004481536,2336289
20120926,15:00:00.000,BBG000BHLYP4,0.004486181,-0.0013993154,1372206
20120926,15:00:00.000,BBG000BNFLM9,-0.007225906,-0.0153826,3008328
20120926,15:00:00.000,BBG000NV1KK7,0.0020676772,0.0018974826,2392501
20120926,15:00:00.000,BBG000FBK808,-0.015157347,-0.031466812,4415665
20120926,15:00:00.000,BBG000R0L5J4,-0.009263511,-0.01795432,923029
20120926,15:00:00.000,BBG000BZTW70,-0.0042011105,-0.02385097,6814744
20120926,15:00:00.000,BBG000BLM0V1,,,743357
20120926,15:00:00.000,BBG000BTQR96,-0.0071330015,-0.013117375,1278408
20120926,15:00:00.000,BBG000BH5DV1,0.010272137,0.0006036313,2706353
20120926,15:00:00.000,BBG000BLBXT4,-0.005858662,-0.0020946162,1413239
20120926,15:00:00.000,BBG000KLB4Q1,0.008502606,-0.0051071085,6579349
20120926,15:00:00.000,BBG000BR3KL6,-0.0023961058,-0.007633296,823008
20120926,15:00:00.000,BBG000BB9KF2,-0.0053047515,-0.00022554149,1165720
20120926,15:00:00.000,BBG000BVDLH9,0.0040919455,-0.0014399379,652730
20120926,15:00:00.000,BBG000C0MF34,0.00047878086,0.0066803666,562945
20120926,15:00:00.000,BBG000FVXD63,0.018327689,0.006930502,1104073
20120926,15:00:00.000,BBG000CGQ6M4,-0.018852204,-0.021964857,1351666
20120926,15:00:00.000,BBG000BJSBJ0,0.005105019,0.008764828,1907160
20120926,15:00:00.000,BBG000BFTJ91,-0.011210887,-0.018340424,2535488
20120926,15:00:00.000,BBG000BSC0K9,-0.0045217243,-0.0057489006,1184767
20120926,15:00:00.000,BBG000BWXL85,0.0060376204,-0.0053547206,1792773
20120926,15:00:00.000,BBG000QY3XZ2,0.014161003,-0.0055895126,1510716
20120926,15:00:00.000,BBG000BCWCG1,0.010853862,0.018305259,4431084
20120926,15:00:00.000,BBG000CKVSG8,0.012899544,0.0058165225,4437652
20120926,15:00:00.000,BBG000JN8R00,0.015287596,0.0151256425,1575161
20120926,15:00:00.000,BBG000BBBNC6,-0.005226271,-0.017025515,2266688
20120926,15:00:00.000,BBG000JG0547,-0.0025218704,-0.0065092635,1778085
20120926,15:00:00.000,BBG000R7Z112,0.0052639586,0.017747786,3956218
20120926,15:00:00.000,BBG000D898T9,0.005053371,0.0052538966,3818928
20120926,15:00:00.000,BBG000Q3JN03,0.0032282977,-0.004152888,11632001
20120926,15:00:00.000,BBG000BRJL00,-0.007716829,-0.0010332994,3564264
20120926,15:00:00.000,BBG000C2V3D6,0.008134692,-0.0035211444,2604772
20120926,15:00:00.000,BBG000G30YX4,-0.0012440579,-0.012682015,800910
20120926,15:00:00.000,BBG000G0Z878,0.006101866,-0.0037229254,3760509
20120926,15:00:00.000,BBG000BKXBV7,-0.01647743,-0.026174983,7367981
20120926,15:00:00.000,BBG000BJ98Z0,-0.01974164,-0.010253349,7210919
20120926,15:00:00.000,BBG000BR14K5,0.008197532,0.0051294845,1046498
20120926,15:00:00.000,BBG000BGYWY6,-0.0069281147,-0.00159864,619483
20120926,15:00:00.000,BBG000BCGY17,0.0014004881,0.0068206666,727478
20120926,15:00:00.000,BBG000BV75B7,-0.0022356242,-0.007869784,1449294
20120926,15:00:00.000,BBG000CXD6X9,-0.010818602,-0.009720294,1432404
20120926,15:00:00.000,BBG000BWVSR1,-0.007881365,-0.0056083663,2515681
20120926,15:00:00.000,BBG000BVPPM1,0.005774055,-0.0051160627,2222308
20120926,15:00:00.000,BBG000BBMSJ6,-0.0107623,-0.017737953,3044546
20120926,15:00:00.000,BBG000CHPY97,0.0076387995,-0.003888266,3235854
20120926,15:00:00.000,BBG000C3GN47,0.020412818,0.005842068,1629689
20120926,15:00:00.000,BBG000BYYLS8,-0.0008204404,-0.009344143,2616811
20120926,15:00:00.000,BBG000DTMH63,,,2761046
20120926,15:00:00.000,BBG000PVRDL2,-0.011268648,-0.014997496,6072758
20120926,15:00:00.000,BBG000DQTXY6,0.009380039,-0.036329783,9557851
20120926,15:00:00.000,BBG000JF5CV9,0.012866776,0.0019842442,4021179
20120926,15:00:00.000,BBG000CJZ2W6,-0.023135465,-0.028377729,2068432
20120926,15:00:00.000,BBG000K14Q84,-0.007126404,-0.0112501085,3434755
20120926,15:00:00.000,BBG000BH3JF8,0.01339787,0.012652658,3922308
20120926,15:00:00.000,BBG000BTKGG8,0.0025341175,-0.0049638725,4632027
20120926,15:00:00.000,BBG000BB5006,0.00034938243,-0.009730721,2575137
20120926,15:00:00.000,BBG000BSBZH7,-0.0021853026,0.0023945018,1365145
20120926,15:00:00.000,BBG000BM6788,-0.0013261102,-0.0065372973,2303949
20120926,15:00:00.000,BBG000BQ5DS5,-0.011356665,-0.006911848,2482486
20120926,15:00:00.000,BBG000BB6WG8,-0.008083259,-0.0086783515,4056233
20120926,15:00:00.000,BBG000BRK7L6,0.0034483685,-0.008225374,3752506
20120926,15:00:00.000,BBG000BMY992,0.0012290758,-0.00042608974,4030686
20120926,15:00:00.000,BBG000FKJRC5,-0.0061678286,-0.010911632,1234249
20120926,15:00:00.000,BBG000C1BW00,0.008638337,0.008851964,866169
20120926,15:00:00.000,BBG000DY8ZS4,0.018996364,0.0023854212,9939890
20120926,15:00:00.000,BBG000BY33P5,-0.016860783,-0.020151116,5034273
20120926,15:00:00.000,BBG000BKLH74,-0.0004043307,-0.003381842,2626087
20120926,15:00:00.000,BBG000BMF5J0,-0.00018879537,-0.0020267405,7626998
20120926,15:00:00.000,BBG000CSY9H9,0.008729549,0.012583315,3002161
20120926,15:00:00.000,BBG000CPQZ77,-0.013495904,-0.01879867,1201334
20120926,15:00:00.000,BBG000CS7CT9,0.0049226573,0.0061531654,1655239
20120926,15:00:00.000,BBG000BC9938,-0.00492762,-0.019184543,1828430
20120926,15:00:00.000,BBG000BBJQV0,-0.0058856606,-0.01566503,8289315
20120926,15:00:00.000,BBG000FQ6PY6,0.0014409187,-0.00917855,1497647
20120926,15:00:00.000,BBG000PM7GJ0,0.02072244,0.021424301,22043282
20120926,15:00:00.000,BBG000GC80B4,0.011409957,0.0052064694,1494613
20120926,15:00:00.000,BBG000DYGNW7,0.0011901789,0.0041076764,1149858
20120926,15:00:00.000,BBG000HCJMF9,-0.020437455,-0.031219052,4524310
20120926,15:00:00.000,BBG000C17X76,-0.00082117337,-0.0051679146,1329917
20120926,15:00:00.000,BBG000BMDV41,0.002994622,-0.00036427454,3096560
20120926,15:00:00.000,BBG000TWC2V5,-0.003974863,0.0013579174,935993
20120926,15:00:00.000,BBG000BBPFB9,0.008506669,-0.0035888436,8241040
20120926,15:00:00.000,BBG000BLKK03,-0.0048676515,-0.008999501,1143468
20120926,15:00:00.000,BBG000R8ZVD1,0.014122924,0.013504355,1200971
20120926,15:00:00.000,BBG000BD8PN9,0.010819734,0.0022094199,4756889
20120926,15:00:00.000,BBG000BBDV81,0.004943365,0.00044165642,1289370
20120926,15:00:00.000,BBG000BCVJ77,-0.009204227,-0.013318942,3543640
20120926,15:00:00.000,BBG000BJL3N0,0.0034753075,-0.0038879903,8969337
20120926,15:00:00.000,BBG000BZ2GG4,-0.0011466889,-0.020466294,1984611
20120926,15:00:00.000,BBG000BKFBD7,-0.005969551,-0.0125109535,2932483
20120926,15:00:00.000,BBG000BJ2VQ6,-0.007139681,-0.02585577,2663424
20120926,15:00:00.000,BBG000BKFZM4,0.0060354527,-0.0023182563,9121583
20120926,15:00:00.000,BBG000QBR5J5,-0.0016091793,-0.011691005,3185575
20120926,15:00:00.000,BBG000BJPDZ1,-0.017612614,-0.024448456,206274
20120926,15:00:00.000,BBG000BH5LT6,0.0039137625,-0.015881503,2743000
20120926,15:00:00.000,BBG000MBDGM6,0.022017013,0.009172181,548889
20120926,15:00:00.000,BBG000LD9JQ8,-0.0012264464,0.0006580743,829223
20120926,15:00:00.000,BBG000BTR593,0.00733179,-0.0027029407,3012371
20120926,15:00:00.000,BBG000BVMGF2,-0.0033067297,-0.009014323,1951262
20120926,15:00:00.000,BBG000FJLFX8,-0.007837432,-0.012783075,3288505
20120926,15:00:00.000,BBG000BWNFZ9,0.0019059903,-0.018144466,2758102
20120926,15:00:00.000,BBG000BR54L0,-0.0024897186,-0.048553117,20051604
20120926,15:00:00.000,BBG000BCBCM7,-0.01505868,-0.021373479,17890804
20120926,15:00:00.000,BBG000BM5SR2,0.013537469,0.0052805166,3549184
20120926,15:00:00.000,BBG000BJ81C1,-0.005285525,-0.009641069,1395101
20120926,15:00:00.000,BBG001DCCGR8,0.00072599656,-0.0119294645,2675662
20120926,15:00:00.000,BBG000H89QJ6,0.0026933493,-0.0032735628,1539700
20120926,15:00:00.000,BBG000F6H8W8,-0.0022127314,-0.003450565,1097858
20120926,15:00:00.000,BBG000BS0ZF1,0.00083771173,0.0024151148,482048
20120926,15:00:00.000,BBG000BVWLJ6,-0.0031727334,0.00018158011,4641578
20120926,15:00:00.000,BBG000BGJRC8,-0.007990667,-0.006142291,4771182
20120926,15:00:00.000,BBG000BT9DW0,0.0021656032,0.009618164,2294769
20120926,15:00:00.000,BBG000BXRPH1,0.004745702,-0.012622899,1287075
20120926,15:00:00.000,BBG000C7LMS8,0.0060203397,0.012804188,717164
20120926,15:00:00.000,BBG00286S4N9,-0.0015700582,-0.008153228,2608720
20120926,15:00:00.000,BBG000BH2JM1,0.008564526,-0.0022143885,6497671
20120926,15:00:00.000,BBG000BRD0D8,-0.00938895,-0.01394427,3713926
20120926,15:00:00.000,BBG000BJF1Z8,-0.00045660778,-0.001537315,1589512
20120926,15:00:00.000,BBG000BHQ1H0,0.011059753,0.0071251295,1584546
20120926,15:00:00.000,BBG000BN5HF7,-0.008073642,-0.042590387,7504064
20120926,15:00:00.000,BBG000B9WH86,-0.0011067487,0.011319001,20529568
20120926,15:00:00.000,BBG000C5Z1S3,-0.016331133,-0.024569606,24152582
20120926,15:00:00.000,BBG000D9D830,-0.00037862925,-0.0061606923,1978337
20120926,15:00:00.000,BBG000JWD753,0.017010828,0.018227551,7282273
20120926,15:00:00.000,BBG000BKCFC2,-0.005346143,-0.00074845174,2747914
20120926,15:00:00.000,BBG000BWVCP8,-0.01467381,-0.023305975,5066459
20120926,15:00:00.000,BBG000BBD070,-0.013253054,-0.023318775,3523010
20120926,15:00:00.000,BBG000BMBL90,-0.004481786,-0.009093956,2659091
20120926,15:00:00.000,BBG000BNWG87,0.0051746694,-0.00092289486,3138582
20120926,15:00:00.000,BBG000BCG930,-0.008496039,-0.012995084,1953845
20120926,15:00:00.000,BBG000BHX7N2,-0.004336727,-0.005382715,3046201
20120926,15:00:00.000,BBG000BX3TD3,0.0070803566,0.016767673,9730240
20120926,15:00:00.000,BBG000BH23R1,0.0038851448,0.0050124833,16278260
20120926,15:00:00.000,BBG000BBVJZ8,0.0016565407,-0.007733325,1827823
20120926,15:00:00.000,BBG000BJ3PD2,0.012424838,0.0064923866,2421820
20120926,15:00:00.000,BBG000BFQYY3,0.0047024814,0.0038421398,987507
20120926,15:00:00.000,BBG000BMW2Z0,0.0012079236,0.0012868432,1019208
20120926,15:00:00.000,BBG000CXYSZ6,-0.006985799,-0.017377911,978011
20120926,15:00:00.000,BBG000H556T9,0.0076982537,0.0054783537,2859860
20120926,15:00:00.000,BBG000J6XT05,-0.00637188,0.0016839275,3334493
20120926,15:00:00.000,BBG000C8H633,-0.0006473414,-0.015649179,5287262
20120926,15:00:00.000,BBG000FP1N32,-0.031218417,-0.04037742,8302208
20120926,15:00:00.000,BBG000BD4VG8,-0.0015715773,-0.01599524,3191740
20120926,15:00:00.000,BBG000C496P7,-0.0077558877,-0.016233206,8065654
20120926,15:00:00.000,BBG000FG3C43,-0.014037557,-0.028265296,5276070
20120926,15:00:00.000,BBG000DHSPT0,-0.010619993,-0.018185232,3201582
20120926,15:00:00.000,BBG000FW00S1,0.02381121,0.019113153,7220709
20120926,15:00:00.000,BBG000BFC8J2,0.0078084497,0.0016422635,1809920
20120926,15:00:00.000,BBG000BZ9223,-0.0001228997,-0.015743079,941354
20120926,15:00:00.000,BBG000GFFQN9,0.00066434284,-0.0006380119,9751657
20120926,15:00:00.000,BBG000G2R6M0,0.00056967465,0.0035842073,4338632
20120926,15:00:00.000,BBG000FL1TC8,-0.008180238,-0.014909521,2865285
20120926,15:00:00.000,BBG000BGKTF9,-0.0024663785,-0.010015884,2769378
20120926,15:00:00.000,BBG000BB6KF5,-0.006207169,-0.018142669,6487263
20120926,15:00:00.000,BBG000BGLRN3,-0.01690734,-0.0164503,2831473
20120926,15:00:00.000,BBG000Q9HH23,-0.007467727,-0.013848585,1543625
20120926,15:00:00.000,BBG000BV8DN6,0.012187272,0.016342798,4797226
20120926,15:00:00.000,BBG000BFXHL6,-0.0049187806,-0.0067751817,3008529
20120926,15:00:00.000,BBG000C46HM9,0.006481492,0.0018542473,3804349
20120926,15:00:00.000,BBG000BFRF55,0.010712979,0.012193308,6672022
20120926,15:00:00.000,BBG000BNBDC2,-0.0010148479,-0.006533733,3259119
20120926,15:00:00.000,BBG000BH13K9,0.0042582564,0.0025757707,2496222
20120926,15:00:00.000,BBG000BGPTV6,0.0053370064,0.0020008064,1738161
20120926,15:00:00.000,BBG000QX74T1,-0.01021862,-0.011048039,786738
20120926,15:00:00.000,BBG000BWJFZ4,0.016493432,0.0075426116,617443
20120926,15:00:00.000,BBG000BWLMJ4,-0.0007426407,-0.005267809,4203285
20120926,15:00:00.000,BBG000BW3299,-0.0110159,-0.009803076,1480376
20120926,15:00:00.000,BBG000BFDXW1,-0.0027913472,-0.010994237,6883702
20120926,15:00:00.000,BBG000BC2C10,0.009778104,-0.00011720566,2390375
20120926,15:00:00.000,BBG000BVV7G1,-0.004026187,-0.011860343,13554193
20120926,15:00:00.000,BBG000BPWXK1,-0.0039118286,-9.124396e-05,4846491
20120926,15:00:00.000,BBG000BBGGQ1,-0.007214279,-0.015890693,5274593
20120926,15:00:00.000,BBG000BHBK84,-0.0050901067,-0.010521936,6470484
20120926,15:00:00.000,BBG000BJX8C8,-0.008803109,-0.02126059,3137256
20120926,15:00:00.000,BBG000H8TVT2,-0.0077707157,-0.0054380475,2235606
20120926,15:00:00.000,BBG000BTZQC4,-0.00214451,-0.0024244206,4024894
20120926,15:00:00.000,BBG000BP52R2,-0.0016448795,-0.00080751564,1794383
20120926,15:00:00.000,BBG000C5HS04,-0.0032336314,0.0059948913,2173776
20120926,15:00:00.000,BBG000BH3GZ2,-0.002762051,-0.00464446,1655042
20120926,15:00:00.000,BBG000F1ZSQ2,-0.00019387928,-0.0064329617,249022
20120926,15:00:00.000,BBG000C15T95,0.008092116,0.007315887,2263280
20120926,15:00:00.000,BBG000BFWKC0,-0.0055615315,-0.011163843,1773468
20120926,15:00:00.000,BBG000CL9VN6,0.030549837,0.028539613,4552172
20120926,15:00:00.000,BBG000F0KF42,0.014551335,-0.013944225,5885552
20120926,15:00:00.000,BBG000C240W1,-0.008812612,-0.01806731,30340588
20120926,15:00:00.000,BBG000L9CV04,-0.0022504688,-0.0027753185,2881864
20120926,15:00:00.000,BBG000BC40Y8,0.0046063503,-0.0064338306,2718814
20120926,15:00:00.000,BBG000BL4504,-0.0032848932,-0.01780627,9472175
20120926,15:00:00.000,BBG000BB07P9,-0.007954264,-0.005126876,7748656
20120926,15:00:00.000,BBG000BBDZG3,0.00020109343,-0.01087386,26110844
20120926,15:00:00.000,BBG000BY29C7,0.003091078,0.0073029194,4762591
20120926,15:00:00.000,BBG000DWG505,0.0021118599,0.0035731103,2692448
20120926,15:00:00.000,BBG000BCQZS4,-0.009119833,-0.01741886,3454033
20120926,15:00:00.000,BBG000CKGBP2,-0.009572245,-0.015761642,5048037
20120926,15:00:00.000,BBG000BHGDH5,-0.00611376,0.0024884953,2131143
20120926,15:00:00.000,BBG000FFDM15,0.004480633,0.003389327,8108913
20120926,15:00:00.000,BBG000BWXBC2,0.0021591077,0.0002690247,3133080
20120926,15:00:00.000,BBG000BGRY34,0.010241535,0.007140576,4040856
20120926,15:00:00.000,BBG000BN2DC2,-0.006554234,-0.019189827,1693992
20120926,15:00:00.000,BBG000BH1NH9,0.010707303,0.0053580585,2680970
20120926,15:00:00.000,BBG000F0PF65,0.001257307,-0.00555528,4751171
20120926,15:00:00.000,BBG000BW8S60,-0.0040305518,-0.0019687398,3374399
20120926,15:00:00.000,BBG000BCSST7,0.0069784136,0.01433903,3807436
20120926,15:00:00.000,BBG000CH5208,0.0005275693,-0.0037366254,4204175
20120926,15:00:00.000,BBG000BQQ2S6,0.0033825133,-0.0057428763,2334330
20120926,15:00:00.000,BBG000BLZRJ2,0.004845047,-0.008426011,16638397
20120926,15:00:00.000,BBG000BP6LJ8,0.0012583308,0.0067598852,5009900
20120926,15:00:00.000,BBG000DWYF03,0.0053726523,-0.0012274962,10719559
20120926,15:00:00.000,BBG000BQPC32,-0.005890298,-0.006940809,36436192
20120926,15:00:00.000,BBG000BBS2Y0,0.001916095,-0.0044132597,3500210
20120926,15:00:00.000,BBG000CTQBF3,-0.0019725675,-0.004355011,5360295
20120926,15:00:00.000,BBG000DQLV23,-0.0023409303,-0.006764959,6701675
20120926,15:00:00.000,BBG000KHWT55,0.03512514,0.031707786,29828800
20120926,15:00:00.000,BBG000BNDN65,0.009296811,0.012125796,11020989
20120926,15:00:00.000,BBG000B9ZXB4,0.001278644,-0.002729797,4147465
20120926,15:00:00.000,BBG000DH7JK6,-0.003685519,0.0039808545,2676753
20120926,15:00:00.000,BBG000BH4R78,-0.0056613595,-0.010463813,5955385
20120926,15:00:00.000,BBG000BQQH30,0.004192177,-0.0074916584,4612580
20120926,15:00:00.000,BBG000PSKYX7,-0.0052710613,-0.012779621,1771766
20120926,15:00:00.000,BBG000C6CFJ5,0.0023135047,-0.005678673,4149424
20120926,15:00:00.000,BBG000BKTFN2,-0.00968192,-0.023011312,12327812
20120926,15:00:00.000,BBG000J2XL74,0.0032015531,0.0073831393,2956285
20120926,15:00:00.000,BBG000BHVJJ3,-0.0018877252,-0.01509819,12427744
20120926,15:00:00.000,BBG000C43RR5,-0.0068787825,-0.012082127,9361996
20120926,15:00:00.000,BBG000BFT2L4,-0.009808518,-0.01617998,9431886
20120926,15:00:00.000,BBG000D4LWF6,-0.005156174,-0.0014519552,10965457
20120926,15:00:00.000,BBG000BNSZP1,0.0014846923,0.003769225,3313141
20120926,15:00:00.000,BBG000BT41Q8,0.0017455615,-0.009146795,3501307
20120926,15:00:00.000,BBG000BKZB36,-0.006542957,-0.005525039,5820142
20120926,15:00:00.000,BBG000BPD168,0.005012083,0.00088671787,9218417
20120926,15:00:00.000,BBG000HS77T5,0.0006392948,0.00087601534,6959708
20120926,15:00:00.000,BBG000BQLTW7,-0.010675021,-0.017255336,22364488
20120926,15:00:00.000,BBG000BVPV84,-0.003306134,-0.010835488,2287191
20120926,15:00:00.000,BBG000BJDB15,0.0029283322,0.0017795942,18395188
20120926,15:00:00.000,BBG000BMX289,-0.0009294562,0.0050425176,10427915
20120926,15:00:00.000,BBG000MM2P62,0.01918059,0.01479617,30918896
20120926,15:00:00.000,BBG000CGC1X8,0.0007000991,-0.005581467,7972186
20120926,15:00:00.000,BBG000BLBVN4,-0.006794003,-0.016996643,747488
20120926,15:00:00.000,BBG000BF0K17,0.0037661225,0.0005165084,7500458
20120926,15:00:00.000,BBG000BR2TH3,-0.0031062702,-0.0012941352,5676511
20120926,15:00:00.000,BBG000K4ND22,0.0020379855,-0.0051303017,3756273
20120926,15:00:00.000,BBG000BR2B91,0.006311759,0.0024156098,20169232
20120926,15:00:00.000,BBG000C3J3C9,0.0028896774,-0.0037547469,23409120
20120926,15:00:00.000,BBG000BLNNH6,0.001746949,-0.004022215,2308426
20120926,15:00:00.000,BBG000BWQFY7,-0.0033490388,-0.00921529,19788892
20120926,15:00:00.000,BBG000BMHYD1,-0.00045785672,-0.0034638538,6717261
20120926,15:00:00.000,BBG000BK6MB5,-0.0033133659,-0.0049286904,28770232
20120926,15:00:00.000,BBG000BSJK37,0.0065713096,0.006043499,16028336
20120926,15:00:00.000,BBG000C0G1D1,0.013563362,0.0062192422,37637340
20120926,15:00:00.000,BBG000FY4S11,0.0066906544,-0.00699611,35537012
20120926,15:00:00.000,BBG000BCTLF6,0.0018959703,-0.008963298,120643312
20120926,15:00:00.000,BBG000DMBXR2,0.0049524405,-0.0054240064,18317692
20120926,15:00:00.000,BBG000BPH459,-0.0005959875,-0.009211939,37536908
20120926,15:00:00.000,BBG000GZQ728,-0.003382299,-0.005557667,7270347
20120926,15:00:00.000,BBG000BHSKN9,0.011682354,0.0061915815,4854597
20120926,15:00:00.000,BBG000B9XRY4,0.0058092447,-0.005914212,17285586
20120926,15:15:00.000,BBG000BFVXX0,0.0095754415,0.0115562705,1925907
20120926,15:15:00.000,BBG000M4SW14,-0.041710522,-0.047843713,763846
20120926,15:15:00.000,BBG000HS74G6,-0.008888816,-0.00950413,428422
20120926,15:15:00.000,BBG000BJNGN9,-0.0785583,-0.098258555,8907743
20120926,15:15:00.000,BBG000FNRZ69,0.002799872,-0.0036282043,6073125
20120926,15:15:00.000,BBG000BW2QX0,-0.0032403935,-0.007765996,2362811
20120926,15:15:00.000,BBG000BBV8B8,0.014734411,0.00049099105,1589524
20120926,15:15:00.000,BBG000DV7MX4,0.007293049,0.001637569,7633284
20120926,15:15:00.000,BBG000BQ74K1,-0.0026679386,-0.0118167745,770476
20120926,15:15:00.000,BBG000BCYP43,-0.0006168531,-0.0038582408,180083
20120926,15:15:00.000,BBG000BW5YW1,0.012896399,-0.012853254,1967061
20120926,15:15:00.000,BBG000BLCL55,0.00066619704,-0.015783487,808636
20120926,15:15:00.000,BBG000CZWZ05,0.0027214815,-0.00707617,480158
20120926,15:15:00.000,BBG000NSCNT7,0.006128558,-0.004103789,1809776
20120926,15:15:00.000,BBG000D14WM3,-0.0101877535,-0.03324409,5292049
20120926,15:15:00.000,BBG000BK5DP1,0.0011348426,-0.01376324,3016568
20120926,15:15:00.000,BBG000PCNTM2,-0.005598361,-0.015275639,366887
20120926,15:15:00.000,BBG000BBB3K1,0.00044767535,0.0055054096,1101701
20120926,15:15:00.000,BBG000C2YHG9,-0.009447578,-0.01925877,1486359
20120926,15:15:00.000,BBG000RGM5P1,-0.0045694853,-0.01631949,2192702
20120926,15:15:00.000,BBG000BQ87N0,-0.0023515937,0.0018387416,809841
20120926,15:15:00.000,BBG000BD0TF8,0.0063201454,-0.0056797885,366201
20120926,15:15:00.000,BBG000BDG1Y1,-0.004385429,-0.012066262,1002207
20120926,15:15:00.000,BBG000BHC2S1,0.00096258306,-0.007462962,643294
20120926,15:15:00.000,BBG000BCHG15,0.002797367,0.0026691484,868475
20120926,15:15:00.000,BBG000CLVM51,-0.0016803718,-0.005007031,250763
20120926,15:15:00.000,BBG000BBCQD7,-0.004023209,-0.014326365,1601360
20120926,15:15:00.000,BBG000BB03M1,0.010367482,0.0034393666,859994
20120926,15:15:00.000,BBG000BQC9V2,0.0140257655,0.005757356,2835311
20120926,15:15:00.000,BBG000D5S4M0,-0.008774486,-0.012737092,450914
20120926,15:15:00.000,BBG000BB9RZ5,0.010781098,0.0009208481,352635
20120926,15:15:00.000,BBG000DCCZW2,-0.004301234,-0.013485828,1107079
20120926,15:15:00.000,BBG000BS5170,-0.0038183343,0.0004798479,825927
20120926,15:15:00.000,BBG000BLMZK6,-0.0054487996,-0.002460514,1184355
20120926,15:15:00.000,BBG000BB5BF6,0.002524871,0.004785646,3349482
20120926,15:15:00.000,BBG000BLXZN1,0.012958479,0.0028873615,310783
20120926,15:15:00.000,BBG000FQRVM3,3.9125607e-05,-0.0060032783,339367
20120926,15:15:00.000,BBG000BGFLL5,-0.00028093983,-0.007644156,2456632
20120926,15:15:00.000,BBG000BJ5GK2,2.9901108e-05,2.2494793e-09,592401
20120926,15:15:00.000,BBG000BWP7D9,0.00566126,0.008554726,1620992
20120926,15:15:00.000,BBG000BPQVR5,0.0013011358,-0.004281627,665836
20120926,15:15:00.000,BBG000DGPR66,-0.004160452,-0.0074173515,703809
20120926,15:15:00.000,BBG000BRZBT3,-0.0063113575,-0.023414984,1663124
20120926,15:15:00.000,BBG000BWBZN1,-0.0048040003,-0.009709093,561016
20120926,15:15:00.000,BBG000BFS7D3,0.008583363,0.010715022,565172
20120926,15:15:00.000,BBG000C23KJ3,-0.012055449,-0.009948612,5413482
20120926,15:15:00.000,BBG001QD41M9,0.0148888845,0.004461854,1008135
20120926,15:15:00.000,BBG000M44VW8,-0.011698997,-0.031100294,1424195
20120926,15:15:00.000,BBG000BSJTT0,0.009376117,0.0016967676,3115056
20120926,15:15:00.000,BBG000C9W1Y1,0.00563341,0.0012537149,2062365
20120926,15:15:00.000,BBG000DHNDK1,,,1204182
20120926,15:15:00.000,BBG000BN9WT5,0.0026247199,-0.0053535947,1347516
20120926,15:15:00.000,BBG000BBMT95,0.083197646,0.08059304,6159032
20120926,15:15:00.000,BBG000BJVZF7,0.0017867995,-0.0022150413,1554738
20120926,15:15:00.000,BBG000BPZBB6,-0.003188151,-0.0031355394,1519049
20120926,15:15:00.000,BBG000R57L13,0.007066735,-0.010062846,3483192
20120926,15:15:00.000,BBG000C1FB75,0.0006338606,-0.0045851916,247046
20120926,15:15:00.000,BBG000BF6LY3,-0.007605031,-0.0072778044,4621810
20120926,15:15:00.000,BBG000F6ZWH2,0.0086380495,-0.0010661244,653630
20120926,15:15:00.000,BBG000BP7JB0,-0.0071056,-0.021872254,4540248
20120926,15:15:00.000,BBG000RNTSX0,0.0037565464,-0.0075694383,424182
20120926,15:15:00.000,BBG000BCTQ65,-0.0009940972,0.0039788336,1493499
20120926,15:15:00.000,BBG000C4DPX1,0.021425467,0.012422575,3140374
20120926,15:15:00.000,BBG000TJM7F0,0.0036223424,0.0073255044,890978
20120926,15:15:00.000,BBG0016WLQ18,0.00022619916,-0.0073850993,1525258
20120926,15:15:00.000,BBG000CNFQW6,6.53609e-06,-0.0044100215,209286
20120926,15:15:00.000,BBG000BMZ7P7,-0.009174088,-0.0128365075,416292
20120926,15:15:00.000,BBG000BLDV98,-0.004394346,0.0029499873,2180161
20120926,15:15:00.000,BBG000BKWSR6,0.006113514,-0.0014665618,4804981
20120926,15:15:00.000,BBG000MQ1SN9,0.0073340884,0.0064324895,515385
20120926,15:15:00.000,BBG000C75N77,0.0011761633,-0.005198745,1358202
20120926,15:15:00.000,BBG000C2ZCH8,-0.00567226,-0.003882275,818264
20120926,15:15:00.000,BBG000BVB8Q0,0.008973028,-0.006664104,2904619
20120926,15:15:00.000,BBG000G6BN50,-0.0061303675,-0.012572735,275854
20120926,15:15:00.000,BBG000BL79J3,-0.012137063,-0.012916707,1708636
20120926,15:15:00.000,BBG000BKXFN7,0.001911893,-0.017906714,4170666
20120926,15:15:00.000,BBG000BD3LM4,-0.002258427,-0.016841777,2237147
20120926,15:15:00.000,BBG000F86GP6,0.0033077972,-0.0060781115,1355030
20120926,15:15:00.000,BBG000BGXZB5,-0.013752448,-0.017886538,2329955
20120926,15:15:00.000,BBG000BVMPN3,0.0038224154,-0.0069878777,796642
20120926,15:15:00.000,BBG000D9DMK0,-0.008642681,-0.006964587,275524
20120926,15:15:00.000,BBG000FDBX90,-0.002978711,-0.002802198,2523842
20120926,15:15:00.000,BBG000MM5VL9,-0.0054935534,-0.010630032,1403040
20120926,15:15:00.000,BBG000BHCP19,-0.00026690876,-0.008504189,1959168
20120926,15:15:00.000,BBG000BX8DC4,0.0019719389,-0.0022337763,980988
20120926,15:15:00.000,BBG000G3QLY3,0.015422622,0.0035760165,1335362
20120926,15:15:00.000,BBG000BDWKC5,-0.0027649684,-0.01189782,2692354
20120926,15:15:00.000,BBG000BMRFF9,0.019069642,0.017571226,826126
20120926,15:15:00.000,BBG000BT4T69,-0.005570457,-0.006014506,1978653
20120926,15:15:00.000,BBG000BRRG02,-0.0013494618,-0.0025340214,701663
20120926,15:15:00.000,BBG000BP0KQ8,0.00028543826,-0.007100035,5803497
20120926,15:15:00.000,BBG000RKR4R8,-0.005577826,-0.024198832,7659841
20120926,15:15:00.000,BBG000C3HSR0,-0.009610182,-0.026575133,3857721
20120926,15:15:00.000,BBG000BKQ3V3,-0.0019498235,-0.024380483,1849434
20120926,15:15:00.000,BBG000CGT2S4,-0.0034215525,-0.012012585,1659983
20120926,15:15:00.000,BBG000C1FQS9,-0.00045485105,0.0055660615,478411
20120926,15:15:00.000,BBG000FFH4P5,-0.0014871004,-0.010014443,360120
20120926,15:15:00.000,BBG000BF5RY1,-0.0076465644,-0.008440295,1580648
20120926,15:15:00.000,BBG000BFNR17,-6.514569e-05,-0.008928072,448245
20120926,15:15:00.000,BBG000BR1W32,-0.02389693,-0.043771807,2573219
20120926,15:15:00.000,BBG001M8HHB7,-0.0076337466,-0.016886812,1618676
20120926,15:15:00.000,BBG000BPNP00,0.0024365012,-0.0072622383,2085180
20120926,15:15:00.000,BBG000C0LW92,0.0021544406,-0.00354989,4788647
20120926,15:15:00.000,BBG000K7PWX7,0.024751544,0.016609179,1608485
20120926,15:15:00.000,BBG000BQSQ38,-0.0026467287,-0.0056861984,2588614
20120926,15:15:00.000,BBG000BKXYX5,0.029240523,0.034576077,2360657
20120926,15:15:00.000,BBG000BLHRS2,-0.006161919,-0.0022546556,392688
20120926,15:15:00.000,BBG000JYP7L8,0.016540272,0.0113887815,1099539
20120926,15:15:00.000,BBG000PV2L86,-0.00203884,0.00038076233,452359
20120926,15:15:00.000,BBG000BTCH57,0.0007461922,-0.0015235776,1249698
20120926,15:15:00.000,BBG000BBNYF6,0.0040801303,-0.0017904434,757425
20120926,15:15:00.000,BBG000BPL8X4,-0.0007204631,-0.0010971155,1244295
20120926,15:15:00.000,BBG000BLCPY4,0.018952683,-0.004073484,1285236
20120926,15:15:00.000,BBG000BNC3Y9,-0.0040547103,-0.019370375,1799116
20120926,15:15:00.000,BBG000BT9T73,0.0008231615,-0.012774661,5619864
20120926,15:15:00.000,BBG000BC15S7,0.0023338054,-0.00019278088,419168
20120926,15:15:00.000,BBG000BKNX95,-0.0065942868,-0.016454345,3667570
20120926,15:15:00.000,BBG000C90DH9,-6.610576e-05,-0.010672331,2885579
20120926,15:15:00.000,BBG000C7B436,-0.0023984057,-0.015118167,2602280
20120926,15:15:00.000,BBG000BK6G19,-0.010975005,-0.024096193,1574796
20120926,15:15:00.000,BBG000BX5ZF5,0.008041594,-0.0024001221,9367077
20120926,15:15:00.000,BBG000BGD7W6,-0.005074161,-0.0033217636,1938650
20120926,15:15:00.000,BBG000BVSX05,-0.0047202776,-0.018324548,1853158
20120926,15:15:00.000,BBG000CKJ0P3,0.00018924006,-0.006542586,673062
20120926,15:15:00.000,BBG000BNJHS8,-0.0023513674,0.010175264,3448478
20120926,15:15:00.000,BBG000BQZMH4,-0.0018593777,0.0018843715,944743
20120926,15:15:00.000,BBG000DN7P92,0.0033042328,-0.0013886442,893325
20120926,15:15:00.000,BBG000BKPL53,0.0012799747,-0.005982029,774902
20120926,15:15:00.000,BBG000BB2DM7,0.0020129876,0.0051511917,8280343
20120926,15:15:00.000,BBG000BJDPC2,0.010920584,0.014248911,1116769
20120926,15:15:00.000,BBG000BJ8YN7,-0.005281161,-0.014092763,1136115
20120926,15:15:00.000,BBG000BPVCR1,-0.03793651,-0.0512683,5920424
20120926,15:15:00.000,BBG000PCQQL6,0.007367743,0.001652264,1671750
20120926,15:15:00.000,BBG000C2BXK4,0.0036596062,0.00668926,5270888
20120926,15:15:00.000,BBG000F9KJN4,-0.0057554017,-0.01718493,1738427
20120926,15:15:00.000,BBG000BNNYW1,-0.00605265,-0.005342548,1332867
20120926,15:15:00.000,BBG000C734W3,-0.0039168936,-0.017458374,547585
20120926,15:15:00.000,BBG000D7RKJ5,-0.0036975406,0.0029682668,878337
20120926,15:15:00.000,BBG000G8N9C6,-0.00044615456,-0.0020040062,1252603
20120926,15:15:00.000,BBG000BRXP69,-0.004436929,-0.011441657,360849
20120926,15:15:00.000,BBG000NDYB67,0.0035658095,-0.005523145,7026120
20120926,15:15:00.000,BBG000BHZ5J9,0.0047064945,-0.004378165,467858
20120926,15:15:00.000,BBG000BHKYH4,0.0042292112,0.008465646,1052480
20120926,15:15:00.000,BBG000D2M0Z7,0.007526722,0.0055583445,511628
20120926,15:15:00.000,BBG000CHWP52,0.011994314,0.0025652067,895290
20120926,15:15:00.000,BBG0029SNR63,0.01226528,0.008594519,4426838
20120926,15:15:00.000,BBG000BNNKG9,-0.013822797,-0.030234592,6134326
20120926,15:15:00.000,BBG000BP4MH0,0.0011148151,-0.0005899305,2080133
20120926,15:15:00.000,BBG000BHLYS1,0.0056758067,0.011430308,1966063
20120926,15:15:00.000,BBG000BFJ645,-0.007163057,-0.011358519,12093127
20120926,15:15:00.000,BBG000BC4JJ4,0.0004540502,-0.0030592158,859717
20120926,15:15:00.000,BBG000BVVQQ8,0.007640767,0.0011542944,2514724
20120926,15:15:00.000,BBG000DLFM21,0.005265563,-0.003784289,691549
20120926,15:15:00.000,BBG000BP1152,-0.016479308,-0.030608652,3459619
20120926,15:15:00.000,BBG000H50PN8,0.0032063466,-0.0052612326,2291054
20120926,15:15:00.000,BBG000CP95B7,0.0071077016,0.0009877762,396066
20120926,15:15:00.000,BBG000BS9489,-0.010041813,-0.016667861,1598863
20120926,15:15:00.000,BBG000KBQZ88,-0.003444244,-0.010524951,754403
20120926,15:15:00.000,BBG000C37332,-0.007817345,-0.01024634,482252
20120926,15:15:00.000,BBG000C2PW58,0.0017592391,-0.0055072093,322816
20120926,15:15:00.000,BBG000BKR1D6,0.012555364,0.0012820486,543274
20120926,15:15:00.000,BBG000BR37X2,-0.0014376908,-0.0038382302,2734889
20120926,15:15:00.000,BBG000BWCKB6,0.0022245268,0.003296262,376517
20120926,15:15:00.000,BBG000BCZYD3,-0.0030694245,-0.0064563127,481247
20120926,15:15:00.000,BBG000BMKDM3,-0.0062003504,-0.0028925396,1085258
20120926,15:15:00.000,BBG000D3MB18,0.005659375,-0.002037623,1221289
20120926,15:15:00.000,BBG000BB1TH9,-0.004443057,-0.009704185,1085217
20120926,15:15:00.000,BBG000BQVTF5,-0.009035438,-0.015542835,2005426
20120926,15:15:00.000,BBG000D1QCF1,-0.014562125,-0.025717726,1967235
20120926,15:15:00.000,BBG000PX3XC0,-0.007839647,-0.023784956,1502004
20120926,15:15:00.000,BBG000J1QLT0,0.006220264,0.0031081815,1089710
20120926,15:15:00.000,BBG000BH8TT6,-0.0071607283,-0.015825411,3721910
20120926,15:15:00.000,BBG000QRFNK2,-0.06561092,-0.06825422,7328367
20120926,15:15:00.000,BBG000BCNYT9,0.0077465507,0.0019004035,2324789
20120926,15:15:00.000,BBG000BPMH90,-0.01688274,-0.02676332,911218
20120926,15:15:00.000,BBG000F7RCJ1,0.008691595,0.007106564,649513
20120926,15:15:00.000,BBG000BB6G37,0.00021827313,-0.007435132,2313382
20120926,15:15:00.000,BBG000BFDLV8,-0.002684489,-0.0109591335,693385
20120926,15:15:00.000,BBG000WCFV84,0.010151922,0.0028537146,2511841
20120926,15:15:00.000,BBG000BY2Y78,0.0011847288,-0.010858758,2064249
20120926,15:15:00.000,BBG000BXM6V2,-0.0004222633,-0.0006403015,1431723
20120926,15:15:00.000,BBG000FH8PX5,0.0023623232,-0.0025248793,368406
20120926,15:15:00.000,BBG000BP8Z50,-0.003553942,-0.012393128,1382787
20120926,15:15:00.000,BBG000BQWPC5,0.0031967277,0.00797092,1797281
20120926,15:15:00.000,BBG000BWSV34,0.0056981673,-0.014818315,1007691
20120926,15:15:00.000,BBG000NDZ417,-0.021572627,-0.041790076,2117550
20120926,15:15:00.000,BBG000BJQWD2,-0.0063543683,-0.017687552,1422077
20120926,15:15:00.000,BBG000BB5373,0.003359127,-0.0043586507,4612837
20120926,15:15:00.000,BBG000BHB3M6,0.0017426604,-0.0052421675,1106527
20120926,15:15:00.000,BBG000BLW530,-0.0010766946,-0.011964276,936881
20120926,15:15:00.000,BBG000D8RG11,-0.009053954,-0.011042221,2949132
20120926,15:15:00.000,BBG0019JZ882,-0.0057424847,-0.011534307,2464564
20120926,15:15:00.000,BBG000R7RDB4,-0.0146850515,-0.030727113,1010894
20120926,15:15:00.000,BBG000BQ8KV2,0.00019646416,0.0019724725,1736747
20120926,15:15:00.000,BBG000BYWTX7,-0.00031478764,-0.0075725676,12170393
20120926,15:15:00.000,BBG000C1S2X2,-0.014946864,-0.02141767,1417255
20120926,15:15:00.000,BBG000DLVDK3,-0.0036053485,-0.002413568,1724795
20120926,15:15:00.000,BBG000BFL116,0.025474623,0.013641689,4214888
20120926,15:15:00.000,BBG000C1DHF5,-0.0066292426,-0.022244819,3796923
20120926,15:15:00.000,BBG000BVHBM1,0.0009816795,-0.038878817,4428460
20120926,15:15:00.000,BBG000BGVW60,0.0014780619,0.0060781245,1550578
20120926,15:15:00.000,BBG000BPQD31,0.0031137848,-0.005369809,1930670
20120926,15:15:00.000,BBG000H1F895,0.0013212309,-0.014412125,1657006
20120926,15:15:00.000,BBG000K82ZT8,-0.0052766646,-0.018493278,1586434
20120926,15:15:00.000,BBG000DNTSP4,-0.0035350958,-0.0058066426,2320758
20120926,15:15:00.000,BBG000F15NW9,0.0068774293,0.00095355476,1882773
20120926,15:15:00.000,BBG000BPT0C6,0.0047958517,-0.008429019,591015
20120926,15:15:00.000,BBG000B9WJ73,0.026866328,0.019278066,12325870
20120926,15:15:00.000,BBG000BDXGP9,0.004810102,0.005837779,2798604
20120926,15:15:00.000,BBG000BSD7C2,-0.007450835,-0.0048233904,784145
20120926,15:15:00.000,BBG000BSLZY7,0.008081639,0.00077585154,10189976
20120926,15:15:00.000,BBG000BKZTP3,-0.0016930905,-0.009114779,2355557
20120926,15:15:00.000,BBG000BF1R66,-0.0009628203,-0.0044733924,854018
20120926,15:15:00.000,BBG000HW5GX3,-0.0009890973,-0.017135063,3216400
20120926,15:15:00.000,BBG000C0F570,-0.0038647107,-0.012127842,1610624
20120926,15:15:00.000,BBG000BP1Q11,0.011921545,0.0050857863,1643091
20120926,15:15:00.000,BBG000BMQPL1,0.0047658267,-0.0034178135,7024486
20120926,15:15:00.000,BBG000M65M61,0.0055416794,0.01663677,2547239
20120926,15:15:00.000,BBG000BM7HL0,0.00046203757,-0.013080374,2091840
20120926,15:15:00.000,BBG000BJ49H3,-0.0031211246,-0.011520252,1044111
20120926,15:15:00.000,BBG000JBN3X6,0.009324714,0.013598132,3119754
20120926,15:15:00.000,BBG000NSQ9M0,0.0010673316,0.000814812,5995140
20120926,15:15:00.000,BBG000BTVJ25,0.0029606377,0.00032351754,1457337
20120926,15:15:00.000,BBG000BBCDZ2,-0.009269435,-0.017018529,1182962
20120926,15:15:00.000,BBG000BNGTQ7,0.0005932679,-0.0018245791,1228134
20120926,15:15:00.000,BBG000BGKHZ3,0.0053277174,-0.004287984,1209552
20120926,15:15:00.000,BBG000BL9439,-0.0012276104,0.0017920409,867212
20120926,15:15:00.000,BBG000H9G7X2,-0.0007550828,-0.0020249044,2464234
20120926,15:15:00.000,BBG000BK67C7,0.002048837,0.0052660406,1276532
20120926,15:15:00.000,BBG000FV1Z23,0.007220399,0.006442748,914598
20120926,15:15:00.000,BBG000BV7LP7,-0.015187258,-0.02505298,5017827
20120926,15:15:00.000,BBG000CR90K4,0.06848108,0.06661649,36969968
20120926,15:15:00.000,BBG000BL9JQ1,0.0068548205,-0.005458337,2380905
20120926,15:15:00.000,BBG000BF2KK4,0.008467146,0.0020893672,647645
20120926,15:15:00.000,BBG000GLBN48,-0.0020158722,-0.010819651,597841
20120926,15:15:00.000,BBG000BB6M98,0.00028093683,0.0029334456,966440
20120926,15:15:00.000,BBG000BXMFC3,-0.026716668,-0.04356095,4831374
20120926,15:15:00.000,BBG000BSXQV7,-0.008004516,-0.006459758,662596
20120926,15:15:00.000,BBG000MDCQC2,-0.005349437,-0.0028322919,2045619
20120926,15:15:00.000,BBG000BRJ809,0.002544286,-0.0032156212,443353
20120926,15:15:00.000,BBG000DKCC19,0.019302342,0.022619532,3743267
20120926,15:15:00.000,BBG000BFMBQ6,0.005264888,0.0014930326,1047767
20120926,15:15:00.000,BBG000BQ2C28,0.0082354,0.007905792,1056067
20120926,15:15:00.000,BBG000BMTFR4,0.010869887,-0.003627931,2471694
20120926,15:15:00.000,BBG000BHLYP4,0.0058705667,-0.0001751593,1446006
20120926,15:15:00.000,BBG000BNFLM9,-0.0065761604,-0.015696548,3128637
20120926,15:15:00.000,BBG000NV1KK7,0.0010156442,0.00037964672,2474807
20120926,15:15:00.000,BBG000FBK808,-0.01425672,-0.031466864,4593131
20120926,15:15:00.000,BBG000R0L5J4,-0.006666022,-0.01721758,957306
20120926,15:15:00.000,BBG000BZTW70,-0.001126527,-0.022447826,7068597
20120926,15:15:00.000,BBG000BLM0V1,,,769196
20120926,15:15:00.000,BBG000BTQR96,-0.0039365133,-0.01179919,1361175
20120926,15:15:00.000,BBG000BH5DV1,0.010672808,0.00025814757,2826572
20120926,15:15:00.000,BBG000BLBXT4,-0.0058675576,-0.004364594,1453083
20120926,15:15:00.000,BBG000KLB4Q1,0.0073969,-0.008512004,6736606
20120926,15:15:00.000,BBG000BR3KL6,-0.001921056,-0.009316033,856289
20120926,15:15:00.000,BBG000BB9KF2,-0.0053257085,-1.9203581e-07,1216344
20120926,15:15:00.000,BBG000BVDLH9,0.003054162,-0.003557658,681498
20120926,15:15:00.000,BBG000C0MF34,-0.0008445439,0.0041634412,606477
20120926,15:15:00.000,BBG000FVXD63,0.01852807,0.006632501,1160829
20120926,15:15:00.000,BBG000CGQ6M4,-0.017286733,-0.02078906,1408857
20120926,15:15:00.000,BBG000BJSBJ0,0.0031401175,0.0071842303,1995131
20120926,15:15:00.000,BBG000BFTJ91,-0.0122110015,-0.019773178,2806866
20120926,15:15:00.000,BBG000BSC0K9,-0.0044153156,-0.00657028,1250974
20120926,15:15:00.000,BBG000BWXL85,0.0049712365,-0.00844048,1876565
20120926,15:15:00.000,BBG000QY3XZ2,0.013589605,-0.007223205,1625412
20120926,15:15:00.000,BBG000BCWCG1,0.009088634,0.01299083,4698122
20120926,15:15:00.000,BBG000CKVSG8,0.008568015,-0.00068477844,4585721
20120926,15:15:00.000,BBG000JN8R00,0.013319152,0.009878094,1635995
20120926,15:15:00.000,BBG000BBBNC6,-0.0052831965,-0.018917268,2335146
20120926,15:15:00.000,BBG000JG0547,-0.0018249868,-0.006509189,1843845
20120926,15:15:00.000,BBG000R7Z112,0.0067664944,0.016638512,4063923
20120926,15:15:00.000,BBG000D898T9,0.005155512,0.004485133,4085044
20120926,15:15:00.000,BBG000Q3JN03,0.004465387,-0.004152823,12795928
20120926,15:15:00.000,BBG000BRJL00,-0.008578187,-0.0013781728,3621320
20120926,15:15:00.000,BBG000C2V3D6,0.009480241,-0.0037818463,2740168
20120926,15:15:00.000,BBG000G30YX4,-0.00247774,-0.01452501,825188
20120926,15:15:00.000,BBG000G0Z878,0.0054746256,-0.006381746,3908180
20120926,15:15:00.000,BBG000BKXBV7,-0.019572455,-0.030933911,7581148
20120926,15:15:00.000,BBG000BJ98Z0,-0.021319406,-0.014647368,7496209
20120926,15:15:00.000,BBG000BR14K5,0.0075520608,0.0043299305,1130390
20120926,15:15:00.000,BBG000BGYWY6,-0.0069830487,-0.0030199527,645248
20120926,15:15:00.000,BBG000BCGY17,0.0005757645,0.0059309755,750772
20120926,15:15:00.000,BBG000BV75B7,-0.0015694395,-0.009086799,1561259
20120926,15:15:00.000,BBG000CXD6X9,-0.010259429,-0.010738849,1464768
20120926,15:15:00.000,BBG000BWVSR1,-0.007602268,-0.0062315348,2611288
20120926,15:15:00.000,BBG000BVPPM1,0.005558939,-0.005846892,2333849
20120926,15:15:00.000,BBG000BBMSJ6,-0.009691074,-0.018163562,3144527
20120926,15:15:00.000,BBG000CHPY97,0.00861859,-0.004116843,3370060
20120926,15:15:00.000,BBG000C3GN47,0.021414554,0.0058420943,1739652
20120926,15:15:00.000,BBG000BYYLS8,-0.001111102,-0.00964543,2715959
20120926,15:15:00.000,BBG000DTMH63,,,2900559
20120926,15:15:00.000,BBG000PVRDL2,-0.0067648124,-0.011050555,6298320
20120926,15:15:00.000,BBG000DQTXY6,0.00953928,-0.03495018,9910052
20120926,15:15:00.000,BBG000JF5CV9,0.013204471,0.0015874294,4066451
20120926,15:15:00.000,BBG000CJZ2W6,-0.022171052,-0.030666154,2179528
20120926,15:15:00.000,BBG000K14Q84,-0.0070091733,-0.014326251,3517432
20120926,15:15:00.000,BBG000BH3JF8,0.012137251,0.009902059,4175447
20120926,15:15:00.000,BBG000BTKGG8,0.004400505,-0.004254751,4933485
20120926,15:15:00.000,BBG000BB5006,0.00049003685,-0.010643061,2639822
20120926,15:15:00.000,BBG000BSBZH7,-0.0020486317,0.0009270806,1406375
20120926,15:15:00.000,BBG000BM6788,-0.0018874382,-0.009085639,2398205
20120926,15:15:00.000,BBG000BQ5DS5,-0.010397147,-0.007449449,2565461
20120926,15:15:00.000,BBG000BB6WG8,-0.008224059,-0.009401536,4164382
20120926,15:15:00.000,BBG000BRK7L6,0.0034737678,-0.009139227,4235602
20120926,15:15:00.000,BBG000BMY992,0.0022599306,-2.2533337e-07,4245973
20120926,15:15:00.000,BBG000FKJRC5,-0.0054828124,-0.012458729,1306714
20120926,15:15:00.000,BBG000C1BW00,0.007901153,0.0071034012,898808
20120926,15:15:00.000,BBG000DY8ZS4,0.014109157,-0.0047715995,10400463
20120926,15:15:00.000,BBG000BY33P5,-0.017433595,-0.022949852,5160274
20120926,15:15:00.000,BBG000BKLH74,0.00033835898,-0.0042274296,2768305
20120926,15:15:00.000,BBG000BMF5J0,0.00029367377,-0.0048634587,7870880
20120926,15:15:00.000,BBG000CSY9H9,0.007954082,0.009437613,3099531
20120926,15:15:00.000,BBG000CPQZ77,-0.012314379,-0.01879866,1240289
20120926,15:15:00.000,BBG000CS7CT9,0.005129726,0.004981217,1732963
20120926,15:15:00.000,BBG000BC9938,-0.0027512629,-0.0186646,1862328
20120926,15:15:00.000,BBG000BBJQV0,-0.006957822,-0.01790294,8478995
20120926,15:15:00.000,BBG000FQ6PY6,0.00082100544,-0.011440258,1546114
20120926,15:15:00.000,BBG000PM7GJ0,0.012782548,0.007652269,22675658
20120926,15:15:00.000,BBG000GC80B4,0.011733448,0.004870417,1608898
20120926,15:15:00.000,BBG000DYGNW7,0.0004237889,0.0027383058,1192313
20120926,15:15:00.000,BBG000HCJMF9,-0.019116344,-0.03148904,4675439
20120926,15:15:00.000,BBG000C17X76,-0.00035673377,-0.0053640455,1376312
20120926,15:15:00.000,BBG000BMDV41,0.0037240488,-0.002910996,3177994
20120926,15:15:00.000,BBG000TWC2V5,-0.0057500573,-0.0016981307,1055637
20120926,15:15:00.000,BBG000BBPFB9,0.0075751017,-0.0053833574,8434531
20120926,15:15:00.000,BBG000BLKK03,-0.004169308,-0.008645331,1180914
20120926,15:15:00.000,BBG000R8ZVD1,0.011882369,0.008500174,1254703
20120926,15:15:00.000,BBG000BD8PN9,0.009628815,0.0004422275,4921838
20120926,15:15:00.000,BBG000BBDV81,0.005357585,-0.0009571751,1374311
20120926,15:15:00.000,BBG000BCVJ77,-0.008816184,-0.013483299,3665413
20120926,15:15:00.000,BBG000BJL3N0,0.0022602498,-0.0058303047,9192114
20120926,15:15:00.000,BBG000BZ2GG4,-0.0011864203,-0.02214956,2076094
20120926,15:15:00.000,BBG000BKFBD7,-0.005624985,-0.012746992,3088964
20120926,15:15:00.000,BBG000BJ2VQ6,-0.007267427,-0.026127748,2779139
20120926,15:15:00.000,BBG000BKFZM4,0.005213799,-0.005410555,9626640
20120926,15:15:00.000,BBG000QBR5J5,-0.0005928239,-0.011425237,3325448
20120926,15:15:00.000,BBG000BJPDZ1,-0.021410316,-0.02902143,230037
20120926,15:15:00.000,BBG000BH5LT6,0.004250087,-0.016308052,2851708
20120926,15:15:00.000,BBG000MBDGM6,0.022034489,0.0076561,556175
20120926,15:15:00.000,BBG000LD9JQ8,-0.002045463,-0.002459237,856485
20120926,15:15:00.000,BBG000BTR593,0.008120685,-0.0024025266,3199813
20120926,15:15:00.000,BBG000BVMGF2,-0.002216811,-0.008513508,2086508
20120926,15:15:00.000,BBG000FJLFX8,-0.008177308,-0.0132846255,3424437
20120926,15:15:00.000,BBG000BWNFZ9,0.00382623,-0.018017652,2919578
20120926,15:15:00.000,BBG000BR54L0,0.0027153727,-0.04357357,20701244
20120926,15:15:00.000,BBG000BCBCM7,-0.015244386,-0.023083583,18103926
20120926,15:15:00.000,BBG000BM5SR2,0.012239495,0.0016678995,3797307
20120926,15:15:00.000,BBG000BJ81C1,-0.004141431,-0.008764637,1436857
20120926,15:15:00.000,BBG001DCCGR8,-0.00053238077,-0.013606946,2765876
20120926,15:15:00.000,BBG000H89QJ6,0.002355964,-0.004329583,1598230
20120926,15:15:00.000,BBG000F6H8W8,-0.0020008448,-0.0036477353,1164294
20120926,15:15:00.000,BBG000BS0ZF1,0.0003060308,-0.00023240749,503039
20120926,15:15:00.000,BBG000BVWLJ6,-0.003050575,-0.00091261347,4947676
20120926,15:15:00.000,BBG000BGJRC8,-0.0066591254,-0.0066146576,5015346
20120926,15:15:00.000,BBG000BT9DW0,0.0016748436,0.009618143,2403301
20120926,15:15:00.000,BBG000BXRPH1,0.00694569,-0.01170053,1318847
20120926,15:15:00.000,BBG000C7LMS8,0.005495113,0.011325769,750808
20120926,15:15:00.000,BBG00286S4N9,-0.0037142122,-0.010653503,2722679
20120926,15:15:00.000,BBG000BH2JM1,0.009380657,-0.0027680888,6732469
20120926,15:15:00.000,BBG000BRD0D8,-0.008566795,-0.013634173,3903767
20120926,15:15:00.000,BBG000BJF1Z8,0.0003580063,-0.001301031,1703976
20120926,15:15:00.000,BBG000BHQ1H0,0.009543869,0.005371646,1736418
20120926,15:15:00.000,BBG000BN5HF7,-0.0067231525,-0.040798683,7780481
20120926,15:15:00.000,BBG000B9WH86,-0.003702854,0.0045278156,21164068
20120926,15:15:00.000,BBG000C5Z1S3,-0.019018652,-0.029483568,25713590
20120926,15:15:00.000,BBG000D9D830,-0.0011695037,-0.008470814,2072540
20120926,15:15:00.000,BBG000JWD753,0.015476295,0.0141646685,7504318
20120926,15:15:00.000,BBG000BKCFC2,-0.00551768,-0.0014962228,2796013
20120926,15:15:00.000,BBG000BWVCP8,-0.009435212,-0.01956522,5222995
20120926,15:15:00.000,BBG000BBD070,-0.011775926,-0.023132334,3674857
20120926,15:15:00.000,BBG000BMBL90,-0.005413282,-0.010778278,2753407
20120926,15:15:00.000,BBG000BNWG87,0.005835092,-0.0009227264,3267382
20120926,15:15:00.000,BBG000BCG930,-0.007917559,-0.012824074,2031973
20120926,15:15:00.000,BBG000BHX7N2,-0.0041194116,-0.006418086,3252637
20120926,15:15:00.000,BBG000BX3TD3,0.008157374,0.012051869,9955665
20120926,15:15:00.000,BBG000BH23R1,0.003189686,0.0020049936,18050858
20120926,15:15:00.000,BBG000BBVJZ8,0.0018409906,-0.008069506,1997294
20120926,15:15:00.000,BBG000BJ3PD2,0.011096745,0.0030296934,2518377
20120926,15:15:00.000,BBG000BFQYY3,0.0052791275,0.0034673754,1024322
20120926,15:15:00.000,BBG000BMW2Z0,0.0007790225,6.8106516e-07,1056765
20120926,15:15:00.000,BBG000CXYSZ6,-0.007710007,-0.020274227,1011152
20120926,15:15:00.000,BBG000H556T9,0.0065141516,0.0028650896,2998216
20120926,15:15:00.000,BBG000J6XT05,-0.006168394,0.0019647658,3520519
20120926,15:15:00.000,BBG000C8H633,0.000107709704,-0.015316184,5578658
20120926,15:15:00.000,BBG000FP1N32,-0.030659197,-0.041829895,8603279
20120926,15:15:00.000,BBG000BD4VG8,5.2233972e-05,-0.015779098,3733308
20120926,15:15:00.000,BBG000C496P7,-0.008836244,-0.018709466,8385159
20120926,15:15:00.000,BBG000FG3C43,-0.013530834,-0.02997473,5378308
20120926,15:15:00.000,BBG000DHSPT0,-0.009275745,-0.018185293,3325470
20120926,15:15:00.000,BBG000FW00S1,0.022725422,0.014107481,7706943
20120926,15:15:00.000,BBG000BFC8J2,0.0074798916,0.00059132837,1887048
20120926,15:15:00.000,BBG000BZ9223,-9.706271e-05,-0.016543722,993119
20120926,15:15:00.000,BBG000GFFQN9,0.0003872769,-0.0019138787,9903474
20120926,15:15:00.000,BBG000G2R6M0,0.003360669,0.005936716,4468523
20120926,15:15:00.000,BBG000FL1TC8,-0.009739892,-0.017362908,3050823
20120926,15:15:00.000,BBG000BGKTF9,-0.0027853933,-0.011446733,2857487
20120926,15:15:00.000,BBG000BB6KF5,-0.00741463,-0.020734524,6789962
20120926,15:15:00.000,BBG000BGLRN3,-0.01675761,-0.016211808,3084402
20120926,15:15:00.000,BBG000Q9HH23,-0.007658002,-0.015684083,1577296
20120926,15:15:00.000,BBG000BV8DN6,0.010513987,0.012937857,5070412
20120926,15:15:00.000,BBG000BFXHL6,-0.005570071,-0.008338461,3104186
20120926,15:15:00.000,BBG000C46HM9,0.008143768,0.0021191898,3961718
20120926,15:15:00.000,BBG000BFRF55,0.00848728,0.005005664,6912552
20120926,15:15:00.000,BBG000BNBDC2,0.0003278168,-0.0054799234,3466311
20120926,15:15:00.000,BBG000BH13K9,0.0042723003,0.0017831251,2633955
20120926,15:15:00.000,BBG000BGPTV6,0.0060185795,5.3602846e-05,1788479
20120926,15:15:00.000,BBG000QX74T1,-0.011307611,-0.014555762,811302
20120926,15:15:00.000,BBG000BWJFZ4,0.015832191,0.006305112,634793
20120926,15:15:00.000,BBG000BWLMJ4,-0.0014990101,-0.006376933,4455490
20120926,15:15:00.000,BBG000BW3299,-0.011852447,-0.012503155,1551133
20120926,15:15:00.000,BBG000BFDXW1,-0.00259258,-0.012151381,7134866
20120926,15:15:00.000,BBG000BC2C10,0.010726585,0.00017581417,2475797
20120926,15:15:00.000,BBG000BVV7G1,-0.0031098272,-0.01221958,13918254
20120926,15:15:00.000,BBG000BPWXK1,-0.0033905604,0.00072567374,5057990
20120926,15:15:00.000,BBG000BBGGQ1,-0.005758285,-0.015255007,5409376
20120926,15:15:00.000,BBG000BHBK84,-0.0044473917,-0.011200635,6770564
20120926,15:15:00.000,BBG000BJX8C8,-0.00906112,-0.023068912,3266090
20120926,15:15:00.000,BBG000H8TVT2,-0.0073892786,-0.005826538,2333606
20120926,15:15:00.000,BBG000BTZQC4,-0.0009983408,-0.002193596,4174640
20120926,15:15:00.000,BBG000BP52R2,-0.0016943747,-0.0018846784,1879492
20120926,15:15:00.000,BBG000C5HS04,-0.0022811282,0.004259727,2286190
20120926,15:15:00.000,BBG000BH3GZ2,-0.0011887178,-0.0041949158,1733042
20120926,15:15:00.000,BBG000F1ZSQ2,-0.0009819007,-0.008503376,267632
20120926,15:15:00.000,BBG000C15T95,0.008503781,0.0068388055,2457190
20120926,15:15:00.000,BBG000BFWKC0,-0.005088915,-0.011605713,1854882
20120926,15:15:00.000,BBG000CL9VN6,0.029396357,0.024635317,4634611
20120926,15:15:00.000,BBG000F0KF42,0.013719582,-0.016162742,6150165
20120926,15:15:00.000,BBG000C240W1,-0.0066909934,-0.01806731,31129488
20120926,15:15:00.000,BBG000L9CV04,-0.002983026,-0.0031912648,3010332
20120926,15:15:00.000,BBG000BC40Y8,0.0054684095,-0.006650538,2845261
20120926,15:15:00.000,BBG000BL4504,-0.003485615,-0.019377418,9932098
20120926,15:15:00.000,BBG000BB07P9,-0.0059975483,-0.002929604,7953604
20120926,15:15:00.000,BBG000BBDZG3,0.0019858216,-0.01026973,26835782
20120926,15:15:00.000,BBG000BY29C7,0.0029031564,0.0036049183,4855173
20120926,15:15:00.000,BBG000DWG505,0.0025627443,0.0038564922,2792067
20120926,15:15:00.000,BBG000BCQZS4,-0.008138925,-0.01680614,3654915
20120926,15:15:00.000,BBG000CKGBP2,-0.00919774,-0.016058818,5171523
20120926,15:15:00.000,BBG000BHGDH5,-0.0060349377,0.0026438234,2216508
20120926,15:15:00.000,BBG000FFDM15,0.0042068223,0.0025047942,8711162
20120926,15:15:00.000,BBG000BWXBC2,0.0024341233,0.0006729548,3309886
20120926,15:15:00.000,BBG000BGRY34,0.008761295,0.005250402,4158023
20120926,15:15:00.000,BBG000BN2DC2,-0.0058243503,-0.020109916,1735130
20120926,15:15:00.000,BBG000BH1NH9,0.008722817,0.001971015,2823593
20120926,15:15:00.000,BBG000F0PF65,0.0032128552,-0.0048887013,4952702
20120926,15:15:00.000,BBG000BW8S60,-0.0030631148,-0.0029211827,3558720
20120926,15:15:00.000,BBG000BCSST7,0.0058135176,0.011312888,3943336
20120926,15:15:00.000,BBG000CH5208,-0.0006120035,-0.0048043947,4331709
20120926,15:15:00.000,BBG000BQQ2S6,0.0055925325,-0.004571014,2470250
20120926,15:15:00.000,BBG000BLZRJ2,0.006891783,-0.008426054,17210116
20120926,15:15:00.000,BBG000BP6LJ8,0.0018764973,0.0067598335,5268508
20120926,15:15:00.000,BBG000DWYF03,0.005655447,-0.0020464591,11161933
20120926,15:15:00.000,BBG000BQPC32,-0.005109341,-0.007932376,37171000
20120926,15:15:00.000,BBG000BBS2Y0,0.0018677762,-0.0045920145,3600852
20120926,15:15:00.000,BBG000CTQBF3,-0.0035188033,-0.0073239002,5530447
20120926,15:15:00.000,BBG000DQLV23,-0.0030924138,-0.0076473188,7016601
20120926,15:15:00.000,BBG000KHWT55,0.03499486,0.028716503,31703216
20120926,15:15:00.000,BBG000BNDN65,0.010986583,0.012462653,11784947
20120926,15:15:00.000,BBG000B9ZXB4,0.0011028772,-0.0027296655,4303409
20120926,15:15:00.000,BBG000DH7JK6,-0.0037763093,0.0032700128,2766622
20120926,15:15:00.000,BBG000BH4R78,-0.005026171,-0.010844036,6176270
20120926,15:15:00.000,BBG000BQQH30,0.003935163,-0.007840143,4787031
20120926,15:15:00.000,BBG000PSKYX7,-0.0058387294,-0.014451531,1915604
20120926,15:15:00.000,BBG000C6CFJ5,0.0041258363,-0.0049744095,4223146
20120926,15:15:00.000,BBG000BKTFN2,-0.008994817,-0.023874525,12623388
20120926,15:15:00.000,BBG000J2XL74,0.0025479817,0.006106281,3045708
20120926,15:15:00.000,BBG000BHVJJ3,-0.002174557,-0.016939403,12857929
20120926,15:15:00.000,BBG000C43RR5,-0.0043504653,-0.011040667,9862713
20120926,15:15:00.000,BBG000BFT2L4,-0.010246373,-0.017295888,9899563
20120926,15:15:00.000,BBG000D4LWF6,-0.0045956085,-0.0014518335,11163297
20120926,15:15:00.000,BBG000BNSZP1,0.0013382086,0.0030155093,3405903
20120926,15:15:00.000,BBG000BT41Q8,0.0020622471,-0.010040651,3682517
20120926,15:15:00.000,BBG000BKZB36,-0.0072687105,-0.0070319143,6006832
20120926,15:15:00.000,BBG000BPD168,0.00448943,0.00022210153,9535141
20120926,15:15:00.000,BBG000HS77T5,-0.00015462993,-7.848607e-07,7225847
20120926,15:15:00.000,BBG000BQLTW7,-0.011021764,-0.018533606,23190122
20120926,15:15:00.000,BBG000BVPV84,-0.004283528,-0.012519115,2379149
20120926,15:15:00.000,BBG000BJDB15,0.002191232,-0.0012728131,18833670
20120926,15:15:00.000,BBG000BMX289,-0.0015261406,0.0037157673,10951628
20120926,15:15:00.000,BBG000MM2P62,0.017244143,0.011343668,32891388
20120926,15:15:00.000,BBG000CGC1X8,0.0007124605,-0.0065385783,8206103
20120926,15:15:00.000,BBG000BLBVN4,-0.00573533,-0.016300246,778086
20120926,15:15:00.000,BBG000BF0K17,0.0020201693,-0.0034473808,7741336
20120926,15:15:00.000,BBG000BR2TH3,-0.0025676407,-0.0018690544,5923546
20120926,15:15:00.000,BBG000K4ND22,0.001995671,-0.00538699,3920940
20120926,15:15:00.000,BBG000BR2B91,0.005974445,0.0020132551,20876188
20120926,15:15:00.000,BBG000C3J3C9,0.0029710673,-0.004827448,24148858
20120926,15:15:00.000,BBG000BLNNH6,0.0017118691,-0.0044367304,2411091
20120926,15:15:00.000,BBG000BWQFY7,-0.0022238821,-0.008639302,20708284
20120926,15:15:00.000,BBG000BMHYD1,-0.00056260277,-0.0033196835,7032766
20120926,15:15:00.000,BBG000BK6MB5,-0.0027547164,-0.005376785,30140930
20120926,15:15:00.000,BBG000BSJK37,0.0051296214,0.004729575,17026710
20120926,15:15:00.000,BBG000C0G1D1,0.013246759,0.0053309905,38891868
20120926,15:15:00.000,BBG000FY4S11,0.0050986498,-0.00973361,36359020
20120926,15:15:00.000,BBG000BCTLF6,0.001874568,-0.01008366,125266832
20120926,15:15:00.000,BBG000DMBXR2,0.004219866,-0.006163389,18799760
20120926,15:15:00.000,BBG000BPH459,-0.0009446577,-0.010199011,38758948
20120926,15:15:00.000,BBG000GZQ728,-0.0037448572,-0.0062116203,7547112
20120926,15:15:00.000,BBG000BHSKN9,0.009847485,0.0033124904,5037716
20120926,15:15:00.000,BBG000B9XRY4,0.0053482223,-0.00794018,17867400
20120926,15:30:00.000,BBG000BFVXX0,0.008215677,0.0102725,2053625
20120926,15:30:00.000,BBG000M4SW14,-0.04223786,-0.048488606,801190
20120926,15:30:00.000,BBG000HS74G6,-0.009230577,-0.009951425,465086
20120926,15:30:00.000,BBG000BJNGN9,-0.0750329,-0.09491975,9263702
20120926,15:30:00.000,BBG000FNRZ69,0.00254125,-0.004353494,6291857
20120926,15:30:00.000,BBG000BW2QX0,-0.0024931065,-0.0067304703,2560623
20120926,15:30:00.000,BBG000BBV8B8,0.011684817,-0.00294987,1655848
20120926,15:30:00.000,BBG000DV7MX4,0.0074885483,0.0016375092,7897754
20120926,15:30:00.000,BBG000BQ74K1,-0.003908861,-0.013307179,821853
20120926,15:30:00.000,BBG000BCYP43,-0.0016895396,-0.005858697,221268
20120926,15:30:00.000,BBG000BW5YW1,0.016308391,-0.01101722,2060227
20120926,15:30:00.000,BBG000BLCL55,0.0032377741,-0.012240227,877904
20120926,15:30:00.000,BBG000CZWZ05,0.0028364821,-0.008069387,518038
20120926,15:30:00.000,BBG000NSCNT7,0.005856811,-0.0041039465,1911959
20120926,15:30:00.000,BBG000D14WM3,-0.004865868,-0.027346034,5502505
20120926,15:30:00.000,BBG000BK5DP1,0.0007019284,-0.014864362,3217181
20120926,15:30:00.000,BBG000PCNTM2,-0.0050070086,-0.015519659,403276
20120926,15:30:00.000,BBG000BBB3K1,-3.6097335e-05,0.005046587,1157396
20120926,15:30:00.000,BBG000C2YHG9,-0.009853038,-0.020542713,1550839
20120926,15:30:00.000,BBG000RGM5P1,-0.0035293356,-0.0151536,2314229
20120926,15:30:00.000,BBG000BQ87N0,-0.002327027,0.001970057,852593
20120926,15:30:00.000,BBG000BD0TF8,0.0059866593,-0.0063647414,386995
20120926,15:30:00.000,BBG000BDG1Y1,-0.0037122187,-0.012305294,1097533
20120926,15:30:00.000,BBG000BHC2S1,0.002553384,-0.0057069785,693658
20120926,15:30:00.000,BBG000BCHG15,0.0027481804,0.001514681,902707
20120926,15:30:00.000,BBG000CLVM51,-0.0024402551,-0.006676175,267134
20120926,15:30:00.000,BBG000BBCQD7,-0.0041170404,-0.014949208,1686940
20120926,15:30:00.000,BBG000BB03M1,0.012206463,0.0050267563,910437
20120926,15:30:00.000,BBG000BQC9V2,0.013613434,0.004710493,3107790
20120926,15:30:00.000,BBG000D5S4M0,-0.0077187293,-0.012300163,468423
20120926,15:30:00.000,BBG000BB9RZ5,0.010900366,0.0006907521,361694
20120926,15:30:00.000,BBG000DCCZW2,-0.004595882,-0.013269999,1141770
20120926,15:30:00.000,BBG000BS5170,-0.004649284,-0.00069348735,859940
20120926,15:30:00.000,BBG000BLMZK6,-0.0057387827,-0.0028118456,1244265
20120926,15:30:00.000,BBG000BB5BF6,0.006149212,0.009092823,3454298
20120926,15:30:00.000,BBG000BLXZN1,0.011475534,0.0015985187,327383
20120926,15:30:00.000,BBG000FQRVM3,0.0016507468,-0.005943693,361547
20120926,15:30:00.000,BBG000BGFLL5,0.00012742575,-0.0076443064,2522847
20120926,15:30:00.000,BBG000BJ5GK2,0.0018471354,0.0026357668,641287
20120926,15:30:00.000,BBG000BWP7D9,0.0066046477,0.009624076,1680814
20120926,15:30:00.000,BBG000BPQVR5,-0.0016711429,-0.00759631,772214
20120926,15:30:00.000,BBG000DGPR66,-0.002642291,-0.006282072,735293
20120926,15:30:00.000,BBG000BRZBT3,-0.0065736957,-0.023703873,1764938
20120926,15:30:00.000,BBG000BWBZN1,-0.0050034346,-0.010704797,585839
20120926,15:30:00.000,BBG000BFS7D3,0.00866439,0.0100848675,582704
20120926,15:30:00.000,BBG000C23KJ3,-0.010948142,-0.0090438435,5609243
20120926,15:30:00.000,BBG001QD41M9,0.011920568,0.0012746853,1072032
20120926,15:30:00.000,BBG000M44VW8,-0.0120412875,-0.03168141,1489471
20120926,15:30:00.000,BBG000BSJTT0,0.007919357,0.00033966542,3243499
20120926,15:30:00.000,BBG000C9W1Y1,0.0056394446,0.00083593884,2114321
20120926,15:30:00.000,BBG000DHNDK1,,,1291545
20120926,15:30:00.000,BBG000BN9WT5,0.0013825201,-0.0062980773,1440411
20120926,15:30:00.000,BBG000BBMT95,0.06419121,0.060443643,6946669
20120926,15:30:00.000,BBG000BJVZF7,0.0012364233,-0.003045669,1639661
20120926,15:30:00.000,BBG000BPZBB6,-0.002362004,-0.0019597108,1719219
20120926,15:30:00.000,BBG000R57L13,0.009405488,-0.008750185,3628807
20120926,15:30:00.000,BBG000C1FB75,0.0009664368,-0.0045849746,263814
20120926,15:30:00.000,BBG000BF6LY3,-0.008217543,-0.007547407,4786512
20120926,15:30:00.000,BBG000F6ZWH2,0.007018249,-0.0025201235,684925
20120926,15:30:00.000,BBG000BP7JB0,-0.008499192,-0.023492353,4768039
20120926,15:30:00.000,BBG000RNTSX0,0.0035790037,-0.0076210173,434503
20120926,15:30:00.000,BBG000BCTQ65,-0.00027927442,0.0047023706,1535652
20120926,15:30:00.000,BBG000C4DPX1,0.023993628,0.015149214,3292147
20120926,15:30:00.000,BBG000TJM7F0,0.0034860782,0.007554406,933616
20120926,15:30:00.000,BBG0016WLQ18,0.0021991446,-0.0056394977,1556306
20120926,15:30:00.000,BBG000CNFQW6,0.00033191033,-0.004495761,219807
20120926,15:30:00.000,BBG000BMZ7P7,-0.009443775,-0.013294824,457294
20120926,15:30:00.000,BBG000BLDV98,-0.003782024,0.0041302335,2353309
20120926,15:30:00.000,BBG000BKWSR6,0.008244927,7.760489e-07,4966884
20120926,15:30:00.000,BBG000MQ1SN9,0.008748151,0.006781619,542099
20120926,15:30:00.000,BBG000C75N77,0.0043602753,-0.0025994198,1495811
20120926,15:30:00.000,BBG000C2ZCH8,-0.005018462,-0.0029506132,955393
20120926,15:30:00.000,BBG000BVB8Q0,0.0071045044,-0.0074046836,3104048
20120926,15:30:00.000,BBG000G6BN50,-0.008408479,-0.014381402,286372
20120926,15:30:00.000,BBG000BL79J3,-0.011005032,-0.012916657,1838190
20120926,15:30:00.000,BBG000BKXFN7,0.0017766298,-0.017906716,4325371
20120926,15:30:00.000,BBG000BD3LM4,-0.0030807706,-0.018484859,2310652
20120926,15:30:00.000,BBG000F86GP6,0.0027633964,-0.006753425,1420059
20120926,15:30:00.000,BBG000BGXZB5,-0.015669787,-0.020710768,2532416
20120926,15:30:00.000,BBG000BVMPN3,0.005051259,-0.006114203,859430
20120926,15:30:00.000,BBG000D9DMK0,-0.008207942,-0.00734839,294020
20120926,15:30:00.000,BBG000FDBX90,0.00061661087,0.0009335203,2673968
20120926,15:30:00.000,BBG000MM5VL9,-0.005877633,-0.012164223,1465266
20120926,15:30:00.000,BBG000BHCP19,-0.00094150595,-0.0091115935,2025117
20120926,15:30:00.000,BBG000BX8DC4,0.0018228592,-0.002792191,1031772
20120926,15:30:00.000,BBG000G3QLY3,0.015483126,0.0032183146,1445396
20120926,15:30:00.000,BBG000BDWKC5,-0.004241218,-0.01381685,2915159
20120926,15:30:00.000,BBG000BMRFF9,0.0190755,0.017684652,896330
20120926,15:30:00.000,BBG000BT4T69,-0.0072335186,-0.0078938985,2093430
20120926,15:30:00.000,BBG000BRRG02,-0.0014284338,-0.003665923,713263
20120926,15:30:00.000,BBG000BP0KQ8,0.00082162564,-0.007100041,6037377
20120926,15:30:00.000,BBG000RKR4R8,-0.0059614787,-0.024198812,8307590
20120926,15:30:00.000,BBG000C3HSR0,-0.009358423,-0.026574943,4055958
20120926,15:30:00.000,BBG000BKQ3V3,-0.0014592886,-0.02412931,1910810
20120926,15:30:00.000,BBG000CGT2S4,-0.0062066647,-0.013860494,1739128
20120926,15:30:00.000,BBG000C1FQS9,-0.00046145148,0.0056381356,505046
20120926,15:30:00.000,BBG000FFH4P5,-0.0003444479,-0.00974167,379851
20120926,15:30:00.000,BBG000BF5RY1,-0.008095086,-0.008440399,1751120
20120926,15:30:00.000,BBG000BFNR17,-0.0013691115,-0.010580021,469903
20120926,15:30:00.000,BBG000BR1W32,-0.025877833,-0.045821767,2660748
20120926,15:30:00.000,BBG001M8HHB7,-0.009803939,-0.019849228,1655090
20120926,15:30:00.000,BBG000BPNP00,0.003009499,-0.00649786,2186561
20120926,15:30:00.000,BBG000C0LW92,0.0009441206,-0.00532452,5343495
20120926,15:30:00.000,BBG000K7PWX7,0.020949759,0.010973618,1758753
20120926,15:30:00.000,BBG000BQSQ38,-0.0028003834,-0.006284528,2741189
20120926,15:30:00.000,BBG000BKXYX5,0.029225584,0.033147108,2409601
20120926,15:30:00.000,BBG000BLHRS2,-0.0066445204,-0.0032411518,417387
20120926,15:30:00.000,BBG000JYP7L8,0.017325647,0.010064482,1164883
20120926,15:30:00.000,BBG000PV2L86,-0.0021227242,0.00057113764,483915
20120926,15:30:00.000,BBG000BTCH57,0.0037700867,0.0022025607,1343908
20120926,15:30:00.000,BBG000BBNYF6,0.0049697203,-0.0005374446,796253
20120926,15:30:00.000,BBG000BPL8X4,-0.00041764928,-0.0010971155,1273677
20120926,15:30:00.000,BBG000BLCPY4,0.018265687,-0.0045022746,1339646
20120926,15:30:00.000,BBG000BNC3Y9,-0.0048799356,-0.019782687,1908262
20120926,15:30:00.000,BBG000BT9T73,0.0035088772,-0.009935674,6084995
20120926,15:30:00.000,BBG000BC15S7,0.0022199478,-0.0005781676,447962
20120926,15:30:00.000,BBG000BKNX95,-0.005459883,-0.015631566,3894384
20120926,15:30:00.000,BBG000C90DH9,-0.0007548473,-0.012450969,3094544
20120926,15:30:00.000,BBG000C7B436,-0.00031981262,-0.012861673,2758778
20120926,15:30:00.000,BBG000BK6G19,-0.008818784,-0.021279683,1778446
20120926,15:30:00.000,BBG000BX5ZF5,0.010881748,0.0003460362,9773019
20120926,15:30:00.000,BBG000BGD7W6,-0.0050258003,-0.0033217694,2035947
20120926,15:30:00.000,BBG000BVSX05,-0.003930917,-0.01832451,1917580
20120926,15:30:00.000,BBG000CKJ0P3,0.0016397188,-0.006644788,724231
20120926,15:30:00.000,BBG000BNJHS8,-0.0011836981,0.012436554,3689205
20120926,15:30:00.000,BBG000BQZMH4,-0.0019712276,0.0018843994,1003653
20120926,15:30:00.000,BBG000DN7P92,0.0028319089,-0.0023746786,933650
20120926,15:30:00.000,BBG000BKPL53,0.0032303883,-0.004635876,823567
20120926,15:30:00.000,BBG000BB2DM7,-0.00020001795,0.0020599451,8616965
20120926,15:30:00.000,BBG000BJDPC2,0.012260035,0.01575289,1260711
20120926,15:30:00.000,BBG000BJ8YN7,-0.005924976,-0.0152480025,1187306
20120926,15:30:00.000,BBG000BPVCR1,-0.042733043,-0.057482477,6079535
20120926,15:30:00.000,BBG000PCQQL6,0.006955556,0.0011012459,1783483
20120926,15:30:00.000,BBG000C2BXK4,0.0024091438,0.0057337424,5636865
20120926,15:30:00.000,BBG000F9KJN4,-0.004500249,-0.016420973,1790613
20120926,15:30:00.000,BBG000BNNYW1,-0.0051521705,-0.0050610784,1376742
20120926,15:30:00.000,BBG000C734W3,-0.0049015926,-0.020470794,581910
20120926,15:30:00.000,BBG000D7RKJ5,-0.0035436226,0.003187961,910036
20120926,15:30:00.000,BBG000G8N9C6,0.000474663,-0.0014574577,1296532
20120926,15:30:00.000,BBG000BRXP69,-0.005766855,-0.013643668,376587
20120926,15:30:00.000,BBG000NDYB67,0.0039278385,-0.005098048,7227064
20120926,15:30:00.000,BBG000BHZ5J9,0.004639989,-0.0036775135,480346
20120926,15:30:00.000,BBG000BHKYH4,0.004683434,0.007368416,1125334
20120926,15:30:00.000,BBG000D2M0Z7,0.0084314905,0.006048822,546388
20120926,15:30:00.000,BBG000CHWP52,0.0125904,0.002565096,967986
20120926,15:30:00.000,BBG0029SNR63,0.011475222,0.007066488,4509921
20120926,15:30:00.000,BBG000BNNKG9,-0.014247845,-0.031521108,6476253
20120926,15:30:00.000,BBG000BP4MH0,0.0030109992,0.0011790909,2211438
20120926,15:30:00.000,BBG000BHLYS1,0.0054360987,0.011262063,2057526
20120926,15:30:00.000,BBG000BFJ645,-0.0058483565,-0.010411947,12332442
20120926,15:30:00.000,BBG000BC4JJ4,0.00069348275,-0.003659061,901441
20120926,15:30:00.000,BBG000BVVQQ8,0.0076022716,0.00076966744,2677510
20120926,15:30:00.000,BBG000DLFM21,0.0060863486,-0.0045049856,736103
20120926,15:30:00.000,BBG000BP1152,-0.017083578,-0.032101892,3563544
20120926,15:30:00.000,BBG000H50PN8,0.0031313505,-0.005978654,2361980
20120926,15:30:00.000,BBG000CP95B7,0.008995264,0.001097557,423471
20120926,15:30:00.000,BBG000BS9489,-0.01002228,-0.01742536,1695159
20120926,15:30:00.000,BBG000KBQZ88,-0.0036794073,-0.0116384365,788349
20120926,15:30:00.000,BBG000C37332,-0.007974117,-0.011718739,528550
20120926,15:30:00.000,BBG000C2PW58,0.0016119054,-0.006013114,338721
20120926,15:30:00.000,BBG000BKR1D6,0.014748915,0.0028056984,569688
20120926,15:30:00.000,BBG000BR37X2,-0.002357506,-0.004798007,2932705
20120926,15:30:00.000,BBG000BWCKB6,0.002551625,0.0027892815,395647
20120926,15:30:00.000,BBG000BCZYD3,-0.002438443,-0.006646253,511767
20120926,15:30:00.000,BBG000BMKDM3,-0.0057367547,-0.0029889585,1129467
20120926,15:30:00.000,BBG000D3MB18,0.0070454227,-0.0016980546,1304599
20120926,15:30:00.000,BBG000BB1TH9,-0.0049530542,-0.0104100425,1148805
20120926,15:30:00.000,BBG000BQVTF5,-0.011080562,-0.017269565,2074475
20120926,15:30:00.000,BBG000D1QCF1,-0.0152268205,-0.02665097,2059535
20120926,15:30:00.000,BBG000PX3XC0,-0.008439443,-0.02378494,1552995
20120926,15:30:00.000,BBG000J1QLT0,0.00584655,0.0027974579,1212163
20120926,15:30:00.000,BBG000BH8TT6,-0.007260325,-0.017189754,3816157
20120926,15:30:00.000,BBG000QRFNK2,-0.06459921,-0.06792131,7767407
20120926,15:30:00.000,BBG000BCNYT9,0.008028959,0.0012668874,2418414
20120926,15:30:00.000,BBG000BPMH90,-0.01571896,-0.024831954,966191
20120926,15:30:00.000,BBG000F7RCJ1,0.0072778985,0.005552153,728469
20120926,15:30:00.000,BBG000BB6G37,-0.00018753317,-0.007691513,2447137
20120926,15:30:00.000,BBG000BFDLV8,-0.0029601834,-0.011894855,710620
20120926,15:30:00.000,BBG000WCFV84,0.011567521,0.0026569322,2646415
20120926,15:30:00.000,BBG000BY2Y78,0.0020211204,-0.010456487,2161224
20120926,15:30:00.000,BBG000BXM6V2,-0.00042931802,-0.0011894038,1469739
20120926,15:30:00.000,BBG000FH8PX5,0.0028095152,-0.0025850974,384875
20120926,15:30:00.000,BBG000BP8Z50,-0.004634208,-0.013278264,1463058
20120926,15:30:00.000,BBG000BQWPC5,0.00320204,0.007970936,1878453
20120926,15:30:00.000,BBG000BWSV34,0.005683084,-0.014998267,1043951
20120926,15:30:00.000,BBG000NDZ417,-0.016077202,-0.035450157,2259583
20120926,15:30:00.000,BBG000BJQWD2,-0.006519329,-0.019248031,1563209
20120926,15:30:00.000,BBG000BB5373,0.003449545,-0.0043587154,4808932
20120926,15:30:00.000,BBG000BHB3M6,0.002444837,-0.005411427,1167767
20120926,15:30:00.000,BBG000BLW530,-0.0001431823,-0.012053421,1002061
20120926,15:30:00.000,BBG000D8RG11,-0.009134379,-0.0110422885,3054669
20120926,15:30:00.000,BBG0019JZ882,-0.0047153784,-0.00984642,2636107
20120926,15:30:00.000,BBG000R7RDB4,-0.018464986,-0.033643764,1060632
20120926,15:30:00.000,BBG000BQ8KV2,0.0008877497,0.0014465655,1846397
20120926,15:30:00.000,BBG000BYWTX7,0.0013874341,-0.0054093376,12487938
20120926,15:30:00.000,BBG000C1S2X2,-0.017894737,-0.025861233,1522517
20120926,15:30:00.000,BBG000DLVDK3,-0.00044769456,0.00020123908,1797557
20120926,15:30:00.000,BBG000BFL116,0.024949597,0.012423776,4361759
20120926,15:30:00.000,BBG000C1DHF5,-0.007815214,-0.02418512,3872473
20120926,15:30:00.000,BBG000BVHBM1,0.0016267492,-0.040569074,4727697
20120926,15:30:00.000,BBG000BGVW60,0.0029609276,0.0075974804,1654538
20120926,15:30:00.000,BBG000BPQD31,0.0049181255,-0.0041303583,2004696
20120926,15:30:00.000,BBG000H1F895,0.0013138368,-0.014610286,1699579
20120926,15:30:00.000,BBG000K82ZT8,-0.0026844165,-0.01651915,1659138
20120926,15:30:00.000,BBG000DNTSP4,-0.0028934963,-0.004781766,2445405
20120926,15:30:00.000,BBG000F15NW9,0.006656788,0.00011977185,2058334
20120926,15:30:00.000,BBG000BPT0C6,0.003659499,-0.00864662,631376
20120926,15:30:00.000,BBG000B9WJ73,0.032788206,0.025703669,13213973
20120926,15:30:00.000,BBG000BDXGP9,0.005049212,0.0058377525,2922408
20120926,15:30:00.000,BBG000BSD7C2,-0.008703941,-0.0060291938,881817
20120926,15:30:00.000,BBG000BSLZY7,0.006929851,-0.00077639945,11108656
20120926,15:30:00.000,BBG000BKZTP3,0.0009764767,-0.0067471196,2501185
20120926,15:30:00.000,BBG000BF1R66,-0.001213887,-0.0049339323,893158
20120926,15:30:00.000,BBG000HW5GX3,-0.002176758,-0.017135102,3442401
20120926,15:30:00.000,BBG000C0F570,-0.0043466603,-0.012423665,1670753
20120926,15:30:00.000,BBG000BP1Q11,0.011944066,0.0042533563,1798254
20120926,15:30:00.000,BBG000BMQPL1,0.005310582,-0.003417749,7465344
20120926,15:30:00.000,BBG000M65M61,0.0049759983,0.01663676,2648931
20120926,15:30:00.000,BBG000BM7HL0,-0.00048779076,-0.014905428,2228714
20120926,15:30:00.000,BBG000BJ49H3,-0.0040688505,-0.012664899,1104243
20120926,15:30:00.000,BBG000JBN3X6,0.01091699,0.015540863,3315086
20120926,15:30:00.000,BBG000NSQ9M0,0.0015155615,0.0008145588,6223434
20120926,15:30:00.000,BBG000BTVJ25,0.002614074,-3.1656595e-07,1529406
20120926,15:30:00.000,BBG000BBCDZ2,-0.008878935,-0.016947046,1263085
20120926,15:30:00.000,BBG000BNGTQ7,0.0008113729,-0.0022302135,1279231
20120926,15:30:00.000,BBG000BGKHZ3,0.006294905,-0.003974381,1281295
20120926,15:30:00.000,BBG000BL9439,-0.0008869991,0.0016128133,900044
20120926,15:30:00.000,BBG000H9G7X2,0.0015598133,-0.0011570265,2558462
20120926,15:30:00.000,BBG000BK67C7,0.0018683594,0.0052658953,1330747
20120926,15:30:00.000,BBG000FV1Z23,0.0057153283,0.0056572184,954305
20120926,15:30:00.000,BBG000BV7LP7,-0.016168972,-0.02627507,5261371
20120926,15:30:00.000,BBG000CR90K4,0.061401404,0.059046265,38296968
20120926,15:30:00.000,BBG000BL9JQ1,0.01148198,-0.0004962005,2584595
20120926,15:30:00.000,BBG000BF2KK4,0.008337753,0.0018872144,681886
20120926,15:30:00.000,BBG000GLBN48,-0.0005818316,-0.010759427,621275
20120926,15:30:00.000,BBG000BB6M98,-7.594972e-05,0.0027076853,1014523
20120926,15:30:00.000,BBG000BXMFC3,-0.026991071,-0.04472257,5074555
20120926,15:30:00.000,BBG000BSXQV7,-0.008299953,-0.0075080045,684632
20120926,15:30:00.000,BBG000MDCQC2,-0.0044741626,-0.0025747248,2152942
20120926,15:30:00.000,BBG000BRJ809,0.00263731,-0.0042587304,472138
20120926,15:30:00.000,BBG000DKCC19,0.019369204,0.022619432,3922254
20120926,15:30:00.000,BBG000BFMBQ6,0.0048750495,0.00021244165,1190642
20120926,15:30:00.000,BBG000BQ2C28,0.008256229,0.008057721,1096482
20120926,15:30:00.000,BBG000BMTFR4,0.010904131,-0.00384139,2582809
20120926,15:30:00.000,BBG000BHLYP4,0.0075480966,0.0012237906,1535992
20120926,15:30:00.000,BBG000BNFLM9,-0.006145625,-0.015696542,3321959
20120926,15:30:00.000,BBG000NV1KK7,0.0019482657,0.001707643,2577643
20120926,15:30:00.000,BBG000FBK808,-0.011913984,-0.028441329,4796428
20120926,15:30:00.000,BBG000R0L5J4,-0.0073291184,-0.018624205,994583
20120926,15:30:00.000,BBG000BZTW70,9.3213166e-05,-0.021044778,7398876
20120926,15:30:00.000,BBG000BLM0V1,,,793889
20120926,15:30:00.000,BBG000BTQR96,-0.00428252,-0.013315175,1432441
20120926,15:30:00.000,BBG000BH5DV1,0.010903905,-8.733614e-05,2959270
20120926,15:30:00.000,BBG000BLBXT4,-0.006470128,-0.004626576,1523235
20120926,15:30:00.000,BBG000KLB4Q1,0.007856591,-0.008086168,7002979
20120926,15:30:00.000,BBG000BR3KL6,-0.0009802285,-0.009195772,905520
20120926,15:30:00.000,BBG000BB9KF2,-0.005237583,0.00022524399,1280985
20120926,15:30:00.000,BBG000BVDLH9,0.003999951,-0.0033882172,718848
20120926,15:30:00.000,BBG000C0MF34,-0.00246642,0.0021437088,654545
20120926,15:30:00.000,BBG000FVXD63,0.02182854,0.010582047,1230417
20120926,15:30:00.000,BBG000CGQ6M4,-0.018080361,-0.022576487,1478727
20120926,15:30:00.000,BBG000BJSBJ0,0.0032492294,0.007327958,2058667
20120926,15:30:00.000,BBG000BFTJ91,-0.012639944,-0.020919504,2945895
20120926,15:30:00.000,BBG000BSC0K9,-0.0049912035,-0.0067757755,1350495
20120926,15:30:00.000,BBG000BWXL85,0.0056120045,-0.0085311625,1951531
20120926,15:30:00.000,BBG000QY3XZ2,0.012957782,-0.0075673047,1672390
20120926,15:30:00.000,BBG000BCWCG1,0.02520342,0.029524563,6180515
20120926,15:30:00.000,BBG000CKVSG8,0.006346915,-0.002053328,4765590
20120926,15:30:00.000,BBG000JN8R00,0.011770501,0.007871663,1705147
20120926,15:30:00.000,BBG000BBBNC6,-0.005548733,-0.018286562,2426645
20120926,15:30:00.000,BBG000JG0547,-0.0010652828,-0.0063380515,1903093
20120926,15:30:00.000,BBG000R7Z112,0.005232511,0.015529237,4217588
20120926,15:30:00.000,BBG000D898T9,0.0059280572,0.004741532,4234883
20120926,15:30:00.000,BBG000Q3JN03,0.0024348798,-0.006920947,13369989
20120926,15:30:00.000,BBG000BRJL00,-0.007844945,-0.0006883664,3722242
20120926,15:30:00.000,BBG000C2V3D6,0.012610344,-0.0016949035,2959624
20120926,15:30:00.000,BBG000G30YX4,-0.0027260343,-0.016324075,872239
20120926,15:30:00.000,BBG000G0Z878,0.006287654,-0.005318216,4106797
20120926,15:30:00.000,BBG000BKXBV7,-0.02056247,-0.034503225,8049623
20120926,15:30:00.000,BBG000BJ98Z0,-0.02148696,-0.015902733,7726960
20120926,15:30:00.000,BBG000BR14K5,0.0077602086,0.0042631724,1206648
20120926,15:30:00.000,BBG000BGYWY6,-0.0077244635,-0.003434537,670206
20120926,15:30:00.000,BBG000BCGY17,0.0010931934,0.0065241093,784163
20120926,15:30:00.000,BBG000BV75B7,-0.0005948819,-0.00811308,1621806
20120926,15:30:00.000,BBG000CXD6X9,-0.010811976,-0.011201679,1511263
20120926,15:30:00.000,BBG000BWVSR1,-0.007128077,-0.0059200414,2811193
20120926,15:30:00.000,BBG000BVPPM1,0.007107091,-0.0038978264,2447467
20120926,15:30:00.000,BBG000BBMSJ6,-0.0095102135,-0.01787987,3234929
20120926,15:30:00.000,BBG000CHPY97,0.010697031,-0.0013728344,3580673
20120926,15:30:00.000,BBG000C3GN47,0.021242134,0.006643964,1861709
20120926,15:30:00.000,BBG000BYYLS8,-0.0017741324,-0.010851039,2867109
20120926,15:30:00.000,BBG000DTMH63,,,3073058
20120926,15:30:00.000,BBG000PVRDL2,-0.006951096,-0.01157696,6469392
20120926,15:30:00.000,BBG000DQTXY6,0.009122917,-0.037249427,10261493
20120926,15:30:00.000,BBG000JF5CV9,0.014394745,0.0027778936,4138499
20120926,15:30:00.000,BBG000CJZ2W6,-0.020782344,-0.030284965,2286589
20120926,15:30:00.000,BBG000K14Q84,-0.0045900187,-0.011162475,3640607
20120926,15:30:00.000,BBG000BH3JF8,0.012149066,0.0088018915,4364446
20120926,15:30:00.000,BBG000BTKGG8,0.0031652215,-0.006027477,5186285
20120926,15:30:00.000,BBG000BB5006,0.0001814362,-0.0115554,2769273
20120926,15:30:00.000,BBG000BSBZH7,-0.0017742777,0.000463631,1451760
20120926,15:30:00.000,BBG000BM6788,-0.0025757982,-0.010858432,2546054
20120926,15:30:00.000,BBG000BQ5DS5,-0.010122609,-0.0075258412,2675311
20120926,15:30:00.000,BBG000BB6WG8,-0.00763527,-0.009401601,4370931
20120926,15:30:00.000,BBG000BRK7L6,0.002463217,-0.009443894,4454174
20120926,15:30:00.000,BBG000BMY992,0.0019732746,-0.00042622798,4434373
20120926,15:30:00.000,BBG000FKJRC5,-0.00648995,-0.013924451,1360063
20120926,15:30:00.000,BBG000C1BW00,0.008098286,0.0072673378,938671
20120926,15:30:00.000,BBG000DY8ZS4,0.0123124765,-0.007157391,11036926
20120926,15:30:00.000,BBG000BY33P5,-0.018295933,-0.024629252,5478502
20120926,15:30:00.000,BBG000BKLH74,-0.00043853675,-0.005636914,2863306
20120926,15:30:00.000,BBG000BMF5J0,0.001042256,-0.004052881,8147933
20120926,15:30:00.000,BBG000CSY9H9,0.009329869,0.010647727,3220027
20120926,15:30:00.000,BBG000CPQZ77,-0.0115679335,-0.018187195,1298209
20120926,15:30:00.000,BBG000CS7CT9,0.0043448275,0.004590482,1841310
20120926,15:30:00.000,BBG000BC9938,-0.0025199754,-0.019184582,1922551
20120926,15:30:00.000,BBG000BBJQV0,-0.0071013933,-0.017902859,8904604
20120926,15:30:00.000,BBG000FQ6PY6,0.0020691524,-0.011041184,1618851
20120926,15:30:00.000,BBG000PM7GJ0,0.009861005,0.004591685,23281308
20120926,15:30:00.000,BBG000GC80B4,0.011309046,0.0038625812,1789223
20120926,15:30:00.000,BBG000DYGNW7,0.00024648875,0.0018826665,1236109
20120926,15:30:00.000,BBG000HCJMF9,-0.02008805,-0.031938925,4888706
20120926,15:30:00.000,BBG000C17X76,0.0010007218,-0.0056911805,1420828
20120926,15:30:00.000,BBG000BMDV41,0.004875223,-0.002183353,3291122
20120926,15:30:00.000,BBG000TWC2V5,-0.006009279,-0.0025130168,1258210
20120926,15:30:00.000,BBG000BBPFB9,0.009658332,-0.003588932,8769401
20120926,15:30:00.000,BBG000BLKK03,-0.0051722946,-0.010488308,1212029
20120926,15:30:00.000,BBG000R8ZVD1,0.009386343,0.0051413644,1334819
20120926,15:30:00.000,BBG000BD8PN9,0.009625302,3.9700438e-07,5219140
20120926,15:30:00.000,BBG000BBDV81,0.007093033,-0.0005891076,1447401
20120926,15:30:00.000,BBG000BCVJ77,-0.0092886025,-0.014798846,3909534
20120926,15:30:00.000,BBG000BJL3N0,0.0034948306,-0.0051827673,9501284
20120926,15:30:00.000,BBG000BZ2GG4,-0.000104537765,-0.021972194,2175724
20120926,15:30:00.000,BBG000BKFBD7,-0.0062853186,-0.013691244,3299107
20120926,15:30:00.000,BBG000BJ2VQ6,-0.007757916,-0.026490608,2920989
20120926,15:30:00.000,BBG000BKFZM4,0.005512922,-0.005410483,10098669
20120926,15:30:00.000,BBG000QBR5J5,-0.0020013521,-0.0130196605,3603016
20120926,15:30:00.000,BBG000BJPDZ1,-0.023050724,-0.031522896,263207
20120926,15:30:00.000,BBG000BH5LT6,0.005575725,-0.015242168,3032963
20120926,15:30:00.000,BBG000MBDGM6,0.022526538,0.0077318973,580550
20120926,15:30:00.000,BBG000LD9JQ8,-0.0022017,-0.0016249819,885015
20120926,15:30:00.000,BBG000BTR593,0.008312824,-0.0015015425,3353231
20120926,15:30:00.000,BBG000BVMGF2,-0.0031936637,-0.009264584,2215864
20120926,15:30:00.000,BBG000FJLFX8,-0.00986212,-0.015540571,3612408
20120926,15:30:00.000,BBG000BWNFZ9,0.0035452303,-0.01852515,3089990
20120926,15:30:00.000,BBG000BR54L0,0.003942161,-0.04481843,21294628
20120926,15:30:00.000,BBG000BCBCM7,-0.015715368,-0.023083579,18431168
20120926,15:30:00.000,BBG000BM5SR2,0.012560182,0.00027845034,3986591
20120926,15:30:00.000,BBG000BJ81C1,-0.005027504,-0.00986028,1520040
20120926,15:30:00.000,BBG001DCCGR8,9.6006275e-05,-0.012395254,2865495
20120926,15:30:00.000,BBG000H89QJ6,0.0014960075,-0.006019229,1695236
20120926,15:30:00.000,BBG000F6H8W8,-0.0016581191,-0.003450551,1251101
20120926,15:30:00.000,BBG000BS0ZF1,-0.00037986346,-0.0014900153,523221
20120926,15:30:00.000,BBG000BVWLJ6,-0.0036591236,-0.0025539421,5140564
20120926,15:30:00.000,BBG000BGJRC8,-0.005925147,-0.006142228,5405117
20120926,15:30:00.000,BBG000BT9DW0,0.0023316394,0.0102739865,2527314
20120926,15:30:00.000,BBG000BXRPH1,0.00512552,-0.012574511,1356340
20120926,15:30:00.000,BBG000C7LMS8,0.0043272837,0.010606839,773096
20120926,15:30:00.000,BBG00286S4N9,-0.0029643683,-0.009240445,2823566
20120926,15:30:00.000,BBG000BH2JM1,0.008754376,-0.0041519967,7391777
20120926,15:30:00.000,BBG000BRD0D8,-0.008791969,-0.014408946,4154781
20120926,15:30:00.000,BBG000BJF1Z8,0.00076598855,-0.00047327025,1904169
20120926,15:30:00.000,BBG000BHQ1H0,0.009970983,0.0054263957,1892303
20120926,15:30:00.000,BBG000BN5HF7,-0.008252975,-0.0441067,8074489
20120926,15:30:00.000,BBG000B9WH86,-0.003393671,0.0033959665,21737248
20120926,15:30:00.000,BBG000C5Z1S3,-0.018374423,-0.029483551,26495418
20120926,15:30:00.000,BBG000D9D830,-0.0012621959,-0.009240617,2184232
20120926,15:30:00.000,BBG000JWD753,0.015656458,0.015372369,7728514
20120926,15:30:00.000,BBG000BKCFC2,-0.005116975,-0.0014961713,2882746
20120926,15:30:00.000,BBG000BWVCP8,-0.010495497,-0.020428486,5473780
20120926,15:30:00.000,BBG000BBD070,-0.011741965,-0.023038968,3815407
20120926,15:30:00.000,BBG000BMBL90,-0.0044708587,-0.011030996,2897113
20120926,15:30:00.000,BBG000BNWG87,0.0056219953,-0.0018461883,3435703
20120926,15:30:00.000,BBG000BCG930,-0.006784771,-0.012482104,2150025
20120926,15:30:00.000,BBG000BHX7N2,-0.0040080766,-0.006625096,3441744
20120926,15:30:00.000,BBG000BX3TD3,0.008886312,0.011004042,10323953
20120926,15:30:00.000,BBG000BH23R1,0.0025293245,0.0010024735,18714956
20120926,15:30:00.000,BBG000BBVJZ8,0.0008794943,-0.007901174,2079377
20120926,15:30:00.000,BBG000BJ3PD2,0.011499479,0.002813243,2653207
20120926,15:30:00.000,BBG000BFQYY3,0.0052833725,0.0030457159,1079220
20120926,15:30:00.000,BBG000BMW2Z0,0.0008888582,-0.00035010313,1114280
20120926,15:30:00.000,BBG000CXYSZ6,-0.008595055,-0.021582229,1076472
20120926,15:30:00.000,BBG000H556T9,0.007034987,0.002865085,3126467
20120926,15:30:00.000,BBG000J6XT05,-0.0068354956,0.0014032241,3779916
20120926,15:30:00.000,BBG000C8H633,-0.00023194423,-0.01465043,5894639
20120926,15:30:00.000,BBG000FP1N32,-0.03030417,-0.04182988,8994048
20120926,15:30:00.000,BBG000BD4VG8,-0.0020840114,-0.01858892,4152196
20120926,15:30:00.000,BBG000C496P7,-0.006793824,-0.017333882,8807875
20120926,15:30:00.000,BBG000FG3C43,-0.013159841,-0.029518887,5563411
20120926,15:30:00.000,BBG000DHSPT0,-0.008597425,-0.018369038,3495769
20120926,15:30:00.000,BBG000FW00S1,0.023042463,0.015017542,8040822
20120926,15:30:00.000,BBG000BFC8J2,0.00716486,-0.0017074605,1967680
20120926,15:30:00.000,BBG000BZ9223,1.3821429e-05,-0.0156988,1056120
20120926,15:30:00.000,BBG000GFFQN9,0.0010481136,-0.0019139008,10286599
20120926,15:30:00.000,BBG000G2R6M0,0.004437611,0.006720785,4691738
20120926,15:30:00.000,BBG000FL1TC8,-0.009221153,-0.017551776,3269793
20120926,15:30:00.000,BBG000BGKTF9,-0.00297746,-0.011804582,3025989
20120926,15:30:00.000,BBG000BB6KF5,-0.0072775357,-0.02015847,7075674
20120926,15:30:00.000,BBG000BGLRN3,-0.018021083,-0.01811913,3308417
20120926,15:30:00.000,BBG000Q9HH23,-0.0060392343,-0.015058409,1607705
20120926,15:30:00.000,BBG000BV8DN6,0.008317846,0.009986908,5282163
20120926,15:30:00.000,BBG000BFXHL6,-0.005992002,-0.009901891,3277046
20120926,15:30:00.000,BBG000C46HM9,0.0068634595,0.0010598012,4159736
20120926,15:30:00.000,BBG000BFRF55,0.006557582,0.0026951272,7136312
20120926,15:30:00.000,BBG000BNBDC2,0.0011152418,-0.0050584585,3680429
20120926,15:30:00.000,BBG000BH13K9,0.004118429,0.00059430883,2765176
20120926,15:30:00.000,BBG000BGPTV6,0.005446981,0.00010765129,1839757
20120926,15:30:00.000,BBG000QX74T1,-0.0119275795,-0.015297211,828521
20120926,15:30:00.000,BBG000BWJFZ4,0.017532842,0.0065619387,661546
20120926,15:30:00.000,BBG000BWLMJ4,-0.0017549802,-0.0066542663,4670514
20120926,15:30:00.000,BBG000BW3299,-0.011932438,-0.012793883,1650082
20120926,15:30:00.000,BBG000BFDXW1,-0.0038575737,-0.013308545,7441315
20120926,15:30:00.000,BBG000BC2C10,0.009494929,-2.1471901e-07,2584006
20120926,15:30:00.000,BBG000BVV7G1,-0.0022477377,-0.011141477,14460254
20120926,15:30:00.000,BBG000BPWXK1,-0.0030595164,0.00072568865,5160801
20120926,15:30:00.000,BBG000BBGGQ1,-0.0057581565,-0.014937279,5628569
20120926,15:30:00.000,BBG000BHBK84,-0.004344407,-0.012218702,7058548
20120926,15:30:00.000,BBG000BJX8C8,-0.009785951,-0.02431604,3430223
20120926,15:30:00.000,BBG000H8TVT2,-0.00705173,-0.0052831066,2522772
20120926,15:30:00.000,BBG000BTZQC4,-0.0014084878,-0.0033483296,4332275
20120926,15:30:00.000,BBG000BP52R2,-0.0010371475,-0.0021540876,1979881
20120926,15:30:00.000,BBG000C5HS04,-0.0024219914,0.0034707882,2376337
20120926,15:30:00.000,BBG000BH3GZ2,-0.00046339812,-0.0031460084,1970939
20120926,15:30:00.000,BBG000F1ZSQ2,-0.002258515,-0.010219547,295059
20120926,15:30:00.000,BBG000C15T95,0.0076090526,0.0050892676,2660847
20120926,15:30:00.000,BBG000BFWKC0,-0.0034624708,-0.011218734,1981557
20120926,15:30:00.000,BBG000CL9VN6,0.028288528,0.022776319,4760080
20120926,15:30:00.000,BBG000F0KF42,0.0131513495,-0.017113369,6478116
20120926,15:30:00.000,BBG000C240W1,-0.00477898,-0.016260657,32390072
20120926,15:30:00.000,BBG000L9CV04,-0.003747018,-0.0033298358,3149090
20120926,15:30:00.000,BBG000BC40Y8,0.0057308776,-0.0057106586,2976406
20120926,15:30:00.000,BBG000BL4504,-0.002245255,-0.01728251,10610014
20120926,15:30:00.000,BBG000BB07P9,-0.0066793114,-0.003906291,8246648
20120926,15:30:00.000,BBG000BBDZG3,0.0020618096,-0.0102697,27519518
20120926,15:30:00.000,BBG000BY29C7,0.0034678713,0.0035124603,5009771
20120926,15:30:00.000,BBG000DWG505,0.0031428896,0.0040833163,2930169
20120926,15:30:00.000,BBG000BCQZS4,-0.008840952,-0.017769119,3891444
20120926,15:30:00.000,BBG000CKGBP2,-0.010743872,-0.019627303,5398039
20120926,15:30:00.000,BBG000BHGDH5,-0.0059640403,0.0027993259,2319432
20120926,15:30:00.000,BBG000FFDM15,0.005695221,0.0035368272,9391587
20120926,15:30:00.000,BBG000BWXBC2,0.0020645165,0.0001342752,3662231
20120926,15:30:00.000,BBG000BGRY34,0.009730385,0.0060905507,4291443
20120926,15:30:00.000,BBG000BN2DC2,-0.00592621,-0.02089853,1777245
20120926,15:30:00.000,BBG000BH1NH9,0.009093181,0.0028333252,2938378
20120926,15:30:00.000,BBG000F0PF65,0.0040332535,-0.004666288,5215124
20120926,15:30:00.000,BBG000BW8S60,-0.0037665786,-0.0039371666,3775893
20120926,15:30:00.000,BBG000BCSST7,0.0058312574,0.011168629,4125947
20120926,15:30:00.000,BBG000CH5208,-0.00057521,-0.0056941644,4515109
20120926,15:30:00.000,BBG000BQQ2S6,0.004808188,-0.004805515,2619428
20120926,15:30:00.000,BBG000BLZRJ2,0.0068423725,-0.009027688,17843966
20120926,15:30:00.000,BBG000BP6LJ8,0.0017043791,0.0067599574,5607604
20120926,15:30:00.000,BBG000DWYF03,0.0054311045,-0.0032746675,11551369
20120926,15:30:00.000,BBG000BQPC32,-0.0049585365,-0.0079323435,38796712
20120926,15:30:00.000,BBG000BBS2Y0,0.0007949876,-0.007454731,3760961
20120926,15:30:00.000,BBG000CTQBF3,-0.004917779,-0.00811555,5866432
20120926,15:30:00.000,BBG000DQLV23,-0.0035986532,-0.00852976,7186046
20120926,15:30:00.000,BBG000KHWT55,0.029881094,0.02273396,32575130
20120926,15:30:00.000,BBG000BNDN65,0.01053458,0.012462717,12578570
20120926,15:30:00.000,BBG000B9ZXB4,0.00089139584,-0.003448321,4451463
20120926,15:30:00.000,BBG000DH7JK6,-0.0033707612,0.0038385864,2881952
20120926,15:30:00.000,BBG000BH4R78,-0.0047643064,-0.011605123,6421201
20120926,15:30:00.000,BBG000BQQH30,0.00446511,-0.0067948,4984132
20120926,15:30:00.000,BBG000PSKYX7,-0.0056895893,-0.014637039,2075276
20120926,15:30:00.000,BBG000C6CFJ5,0.005532742,-0.003961727,4391241
20120926,15:30:00.000,BBG000BKTFN2,-0.008760375,-0.024449795,13070285
20120926,15:30:00.000,BBG000J2XL74,0.002769361,0.0064393603,3165790
20120926,15:30:00.000,BBG000BHVJJ3,-0.0023826319,-0.017307514,13817788
20120926,15:30:00.000,BBG000C43RR5,-0.0028301047,-0.010207191,10229812
20120926,15:30:00.000,BBG000BFT2L4,-0.0120028835,-0.01980659,10569187
20120926,15:30:00.000,BBG000D4LWF6,-0.0041476185,-0.0014518335,11400560
20120926,15:30:00.000,BBG000BNSZP1,0.0008138775,0.0029077954,3586049
20120926,15:30:00.000,BBG000BT41Q8,0.002077468,-0.010178646,3916575
20120926,15:30:00.000,BBG000BKZB36,-0.0074177496,-0.00686435,6396310
20120926,15:30:00.000,BBG000BPD168,0.0038464684,-0.0008857006,10048590
20120926,15:30:00.000,BBG000HS77T5,-0.00020766645,0.00021847407,7513453
20120926,15:30:00.000,BBG000BQLTW7,-0.010780769,-0.019172614,23924402
20120926,15:30:00.000,BBG000BVPV84,-0.0036140573,-0.012083523,2451522
20120926,15:30:00.000,BBG000BJDB15,0.00084953284,-0.0030531846,19418900
20120926,15:30:00.000,BBG000BMX289,-0.0014132829,0.0039811237,11523974
20120926,15:30:00.000,BBG000MM2P62,0.015620469,0.009370622,33504632
20120926,15:30:00.000,BBG000CGC1X8,0.0008905745,-0.0065383716,8438348
20120926,15:30:00.000,BBG000BLBVN4,-0.0048799464,-0.015611751,827375
20120926,15:30:00.000,BBG000BF0K17,0.0028809865,-0.0025855722,7954031
20120926,15:30:00.000,BBG000BR2TH3,-0.0026870968,-0.0024439245,6187251
20120926,15:30:00.000,BBG000K4ND22,0.0022261783,-0.004446382,4111829
20120926,15:30:00.000,BBG000BR2B91,0.0060978085,0.0016107387,22161876
20120926,15:30:00.000,BBG000C3J3C9,0.0039251465,-0.0042913184,24950784
20120926,15:30:00.000,BBG000BLNNH6,0.002262379,-0.0043390747,2531749
20120926,15:30:00.000,BBG000BWQFY7,-0.0032459442,-0.010367247,21624724
20120926,15:30:00.000,BBG000BMHYD1,0.00011266961,-0.003175392,7491143
20120926,15:30:00.000,BBG000BK6MB5,-0.0033976734,-0.0067210784,32416352
20120926,15:30:00.000,BBG000BSJK37,0.0021967636,0.0018390139,18918156
20120926,15:30:00.000,BBG000C0G1D1,0.013612235,0.0057753767,40965260
20120926,15:30:00.000,BBG000FY4S11,0.0038298776,-0.011558712,37489432
20120926,15:30:00.000,BBG000BCTLF6,0.0016397177,-0.011204132,129699800
20120926,15:30:00.000,BBG000DMBXR2,0.0034848102,-0.007396097,19404960
20120926,15:30:00.000,BBG000BPH459,0.0003505676,-0.009540953,40279412
20120926,15:30:00.000,BBG000GZQ728,-0.0032479858,-0.0054489253,8039515
20120926,15:30:00.000,BBG000BHSKN9,0.008580497,0.0013930473,5175189
20120926,15:30:00.000,BBG000B9XRY4,0.004469125,-0.008682389,18320350
20120926,15:45:00.000,BBG000BFVXX0,0.0071518975,0.008132638,2159315
20120926,15:45:00.000,BBG000M4SW14,-0.036184836,-0.04158964,850057
20120926,15:45:00.000,BBG000HS74G6,-0.009572909,-0.010342845,515331
20120926,15:45:00.000,BBG000BJNGN9,-0.07820056,-0.09778152,9787147
20120926,15:45:00.000,BBG000FNRZ69,0.0025948114,-0.0036281496,6501044
20120926,15:45:00.000,BBG000BW2QX0,-0.001511608,-0.005695042,2759837
20120926,15:45:00.000,BBG000BBV8B8,0.01641691,0.002456708,1752627
20120926,15:45:00.000,BBG000DV7MX4,0.0054749423,-4.2192534e-07,8237671
20120926,15:45:00.000,BBG000BQ74K1,-0.002348527,-0.011391258,895435
20120926,15:45:00.000,BBG000BCYP43,-0.0021413574,-0.0064303894,268282
20120926,15:45:00.000,BBG000BW5YW1,0.01952737,-0.006426886,2205713
20120926,15:45:00.000,BBG000BLCL55,0.0039516273,-0.010307597,973005
20120926,15:45:00.000,BBG000CZWZ05,0.001047192,-0.0091866,555486
20120926,15:45:00.000,BBG000NSCNT7,0.007320791,-0.0022385775,2071645
20120926,15:45:00.000,BBG000D14WM3,-0.005873072,-0.026809791,5776312
20120926,15:45:00.000,BBG000BK5DP1,7.9274105e-05,-0.014864389,3478565
20120926,15:45:00.000,BBG000PCNTM2,-0.004176818,-0.014641344,426333
20120926,15:45:00.000,BBG000BBB3K1,-0.0017028436,0.0020644267,1334635
20120926,15:45:00.000,BBG000C2YHG9,-0.013603067,-0.02343146,1636662
20120926,15:45:00.000,BBG000RGM5P1,-0.0027621125,-0.014279337,2546377
20120926,15:45:00.000,BBG000BQ87N0,-0.0011280641,0.0019701864,909745
20120926,15:45:00.000,BBG000BD0TF8,0.006796074,-0.0048336275,441483
20120926,15:45:00.000,BBG000BDG1Y1,-0.0037029695,-0.011588561,1142122
20120926,15:45:00.000,BBG000BHC2S1,0.0019878922,-0.0043898956,758949
20120926,15:45:00.000,BBG000BCHG15,0.0028668814,0.0025248253,944251
20120926,15:45:00.000,BBG000CLVM51,-0.00422464,-0.007730323,302684
20120926,15:45:00.000,BBG000BBCQD7,-0.006562618,-0.016817829,1853545
20120926,15:45:00.000,BBG000BB03M1,0.01177542,0.0063497447,985387
20120926,15:45:00.000,BBG000BQC9V2,0.012411271,0.0036635431,3272527
20120926,15:45:00.000,BBG000D5S4M0,-0.006652905,-0.009740264,494334
20120926,15:45:00.000,BBG000BB9RZ5,0.0103515545,0.0011512382,371190
20120926,15:45:00.000,BBG000DCCZW2,-0.0043712533,-0.012407136,1197476
20120926,15:45:00.000,BBG000BS5170,-0.003163992,0.003093574,902885
20120926,15:45:00.000,BBG000BLMZK6,-0.005360052,-0.0014064298,1334657
20120926,15:45:00.000,BBG000BB5BF6,0.008073249,0.011964311,3605096
20120926,15:45:00.000,BBG000BLXZN1,0.010388415,0.002320087,355523
20120926,15:45:00.000,BBG000FQRVM3,-0.0001652382,-0.0070731775,401601
20120926,15:45:00.000,BBG000BGFLL5,-0.00087545015,-0.008046789,2635007
20120926,15:45:00.000,BBG000BJ5GK2,0.0012180536,0.0015257618,694592
20120926,15:45:00.000,BBG000BWP7D9,0.006647718,0.008822249,1797108
20120926,15:45:00.000,BBG000BPQVR5,-0.0006406296,-0.0046959096,825562
20120926,15:45:00.000,BBG000DGPR66,-0.0016769798,-0.00560098,781106
20120926,15:45:00.000,BBG000BRZBT3,-0.0072647813,-0.024860187,1935992
20120926,15:45:00.000,BBG000BWBZN1,-0.004788362,-0.010290017,627816
20120926,15:45:00.000,BBG000BFS7D3,0.008353247,0.009664502,608433
20120926,15:45:00.000,BBG000C23KJ3,-0.012159004,-0.010853023,5931502
20120926,15:45:00.000,BBG001QD41M9,0.010071581,-0.00047829747,1156504
20120926,15:45:00.000,BBG000M44VW8,-0.009093092,-0.028193492,1615954
20120926,15:45:00.000,BBG000BSJTT0,0.0057070307,0.00033986333,3435182
20120926,15:45:00.000,BBG000C9W1Y1,0.0056916643,0.000835851,2199719
20120926,15:45:00.000,BBG000DHNDK1,,,1399921
20120926,15:45:00.000,BBG000BN9WT5,0.0025173943,-0.0053534643,1538205
20120926,15:45:00.000,BBG000BBMT95,0.060338758,0.0571937,7746548
20120926,15:45:00.000,BBG000BJVZF7,-0.000122035875,-0.0044300156,1735451
20120926,15:45:00.000,BBG000BPZBB6,-0.0020264767,-0.0023514354,1870744
20120926,15:45:00.000,BBG000R57L13,0.01073231,-0.0065624174,3869408
20120926,15:45:00.000,BBG000C1FB75,0.0011147057,-0.0037345903,280044
20120926,15:45:00.000,BBG000BF6LY3,-0.0066100983,-0.0061995145,5126883
20120926,15:45:00.000,BBG000F6ZWH2,0.004646318,-0.0028109571,732567
20120926,15:45:00.000,BBG000BP7JB0,-0.0067857127,-0.02106215,5148070
20120926,15:45:00.000,BBG000RNTSX0,0.0029576086,-0.006282341,463249
20120926,15:45:00.000,BBG000BCTQ65,-0.0004457882,0.0032553645,1616867
20120926,15:45:00.000,BBG000C4DPX1,0.022196062,0.013331283,3554303
20120926,15:45:00.000,BBG000TJM7F0,0.0051473095,0.008241182,1036894
20120926,15:45:00.000,BBG0016WLQ18,0.0023850005,-0.0041625085,1605692
20120926,15:45:00.000,BBG000CNFQW6,0.00021274207,-0.0047099013,229351
20120926,15:45:00.000,BBG000BMZ7P7,-0.007990626,-0.011592181,525155
20120926,15:45:00.000,BBG000BLDV98,-0.0046015885,0.003540146,2687441
20120926,15:45:00.000,BBG000BKWSR6,0.0060838014,-0.0014665127,5346629
20120926,15:45:00.000,BBG000MQ1SN9,0.008821447,0.0068812734,580504
20120926,15:45:00.000,BBG000C75N77,0.0049375584,-0.0016246305,1651533
20120926,15:45:00.000,BBG000C2ZCH8,-0.0050310506,-0.004037541,1043849
20120926,15:45:00.000,BBG000BVB8Q0,0.008629923,-0.0051833866,3399102
20120926,15:45:00.000,BBG000G6BN50,-0.0057303216,-0.011318307,300883
20120926,15:45:00.000,BBG000BL79J3,-0.013840131,-0.014498071,2026257
20120926,15:45:00.000,BBG000BKXFN7,-0.0020594457,-0.02161155,4876458
20120926,15:45:00.000,BBG000BD3LM4,-0.0014012246,-0.016020408,2449595
20120926,15:45:00.000,BBG000F86GP6,0.003032698,-0.005852903,1504957
20120926,15:45:00.000,BBG000BGXZB5,-0.017753243,-0.021652153,2860440
20120926,15:45:00.000,BBG000BVMPN3,0.0050578606,-0.0053199623,918765
20120926,15:45:00.000,BBG000D9DMK0,-0.007750961,-0.0068547777,308083
20120926,15:45:00.000,BBG000FDBX90,0.0006796935,-4.201546e-07,2886765
20120926,15:45:00.000,BBG000MM5VL9,-0.0076009287,-0.013369844,1558200
20120926,15:45:00.000,BBG000BHCP19,0.00025603222,-0.008200458,2081103
20120926,15:45:00.000,BBG000BX8DC4,0.0038067873,6.32519e-08,1098118
20120926,15:45:00.000,BBG000G3QLY3,0.016504074,0.0049168253,1545267
20120926,15:45:00.000,BBG000BDWKC5,-0.0039324765,-0.013432915,3110812
20120926,15:45:00.000,BBG000BMRFF9,0.020986097,0.020745516,979324
20120926,15:45:00.000,BBG000BT4T69,-0.006131243,-0.0063902386,2282553
20120926,15:45:00.000,BBG000BRRG02,-0.0023460255,-0.0033424834,752745
20120926,15:45:00.000,BBG000BP0KQ8,0.00082750205,-0.0063109235,6483226
20120926,15:45:00.000,BBG000RKR4R8,-0.008817358,-0.025622228,8799448
20120926,15:45:00.000,BBG000C3HSR0,-0.010493652,-0.027207665,4333563
20120926,15:45:00.000,BBG000BKQ3V3,-0.00086762913,-0.024380717,1998012
20120926,15:45:00.000,BBG000CGT2S4,-0.004679708,-0.011088568,1915140
20120926,15:45:00.000,BBG000C1FQS9,-0.00028329206,0.004481499,547570
20120926,15:45:00.000,BBG000FFH4P5,-0.0009631222,-0.010443104,410828
20120926,15:45:00.000,BBG000BF5RY1,-0.0073721157,-0.008440233,1885016
20120926,15:45:00.000,BBG000BFNR17,-0.00039350614,-0.008611735,511431
20120926,15:45:00.000,BBG000BR1W32,-0.026340788,-0.045821752,2773487
20120926,15:45:00.000,BBG001M8HHB7,-0.0059846235,-0.014812938,1718913
20120926,15:45:00.000,BBG000BPNP00,0.00394866,-0.005733448,2309158
20120926,15:45:00.000,BBG000C0LW92,0.0013037581,-0.00532452,5489387
20120926,15:45:00.000,BBG000K7PWX7,0.022329697,0.013643028,1835312
20120926,15:45:00.000,BBG000BQSQ38,-0.0042923493,-0.0071823937,2828179
20120926,15:45:00.000,BBG000BKXYX5,0.02815174,0.034718774,2462521
20120926,15:45:00.000,BBG000BLHRS2,-0.0058594556,-0.0029595317,467604
20120926,15:45:00.000,BBG000JYP7L8,0.015478732,0.010064537,1238040
20120926,15:45:00.000,BBG000PV2L86,-0.0027935177,0.00019037651,535603
20120926,15:45:00.000,BBG000BTCH57,0.0028815097,0.0006782807,1387860
20120926,15:45:00.000,BBG000BBNYF6,0.0050020074,-0.00053760706,852404
20120926,15:45:00.000,BBG000BPL8X4,-0.00048402118,-0.00075091753,1362523
20120926,15:45:00.000,BBG000BLCPY4,0.01909761,-0.0039662234,1411300
20120926,15:45:00.000,BBG000BNC3Y9,-0.004503426,-0.018546423,2104970
20120926,15:45:00.000,BBG000BT9T73,0.0014257551,-0.0113551,6774860
20120926,15:45:00.000,BBG000BC15S7,0.0017774575,-0.0009635358,508604
20120926,15:45:00.000,BBG000BKNX95,-0.006610526,-0.01563157,4180892
20120926,15:45:00.000,BBG000C90DH9,-0.0032415958,-0.014229594,3493883
20120926,15:45:00.000,BBG000C7B436,-0.000102409016,-0.011507862,2990801
20120926,15:45:00.000,BBG000BK6G19,-0.008462064,-0.019715028,2174804
20120926,15:45:00.000,BBG000BX5ZF5,0.008597317,-0.002400205,10247796
20120926,15:45:00.000,BBG000BGD7W6,-0.0051502627,-0.0028108093,2174511
20120926,15:45:00.000,BBG000BVSX05,-0.00052607397,-0.013953093,2063035
20120926,15:45:00.000,BBG000CKJ0P3,0.0015366257,-0.0063381023,780451
20120926,15:45:00.000,BBG000BNJHS8,-0.0030785892,0.010175396,3997550
20120926,15:45:00.000,BBG000BQZMH4,-0.0014629285,0.0012561235,1108201
20120926,15:45:00.000,BBG000DN7P92,0.0034044466,-0.0017472284,994698
20120926,15:45:00.000,BBG000BKPL53,0.0025482073,-0.0055332063,916732
20120926,15:45:00.000,BBG000BB2DM7,0.003814071,0.0082423035,8933255
20120926,15:45:00.000,BBG000BJDPC2,0.013840858,0.017257044,1312833
20120926,15:45:00.000,BBG000BJ8YN7,-0.005733106,-0.015479065,1305032
20120926,15:45:00.000,BBG000BPVCR1,-0.049532343,-0.062920034,6594635
20120926,15:45:00.000,BBG000PCQQL6,0.01037047,0.0049590026,1974602
20120926,15:45:00.000,BBG000C2BXK4,0.0023723587,0.005733638,6110986
20120926,15:45:00.000,BBG000F9KJN4,-0.0076294863,-0.018636066,1906215
20120926,15:45:00.000,BBG000BNNYW1,-0.0062814495,-0.0053424365,1433609
20120926,15:45:00.000,BBG000C734W3,-0.003595965,-0.019272845,624610
20120926,15:45:00.000,BBG000D7RKJ5,-0.004499287,0.0009901696,982847
20120926,15:45:00.000,BBG000G8N9C6,0.0004089301,-0.0010931133,1375739
20120926,15:45:00.000,BBG000BRXP69,-0.0046365764,-0.012542539,407017
20120926,15:45:00.000,BBG000NDYB67,0.0043510348,-0.0042484393,7489971
20120926,15:45:00.000,BBG000BHZ5J9,0.0058222935,-0.0020142503,532435
20120926,15:45:00.000,BBG000BHKYH4,0.0038131794,0.00752504,1197251
20120926,15:45:00.000,BBG000D2M0Z7,0.008251271,0.006130703,582817
20120926,15:45:00.000,BBG000CHWP52,0.010045954,0.00034148848,1062871
20120926,15:45:00.000,BBG0029SNR63,0.0091113895,0.005634078,4693883
20120926,15:45:00.000,BBG000BNNKG9,-0.020799909,-0.03731073,6949564
20120926,15:45:00.000,BBG000BP4MH0,0.0026953148,0.0008841593,2322572
20120926,15:45:00.000,BBG000BHLYS1,0.005794796,0.010421445,2182052
20120926,15:45:00.000,BBG000BFJ645,-0.007477581,-0.012305032,12695415
20120926,15:45:00.000,BBG000BC4JJ4,0.0011184053,-0.002759428,960908
20120926,15:45:00.000,BBG000BVVQQ8,0.005491558,-0.0015393188,2854766
20120926,15:45:00.000,BBG000DLFM21,0.006276379,-0.0043248124,796906
20120926,15:45:00.000,BBG000BP1152,-0.016952867,-0.030609053,3721422
20120926,15:45:00.000,BBG000H50PN8,0.0034178055,-0.0055004437,2428909
20120926,15:45:00.000,BBG000CP95B7,0.008542855,0.001317155,452490
20120926,15:45:00.000,BBG000BS9489,-0.01012736,-0.017046759,1849483
20120926,15:45:00.000,BBG000KBQZ88,-0.002956419,-0.010980639,838603
20120926,15:45:00.000,BBG000C37332,-0.0063804956,-0.008361828,549264
20120926,15:45:00.000,BBG000C2PW58,0.0020991294,-0.0054229023,357846
20120926,15:45:00.000,BBG000BKR1D6,0.01432516,0.0021771332,609244
20120926,15:45:00.000,BBG000BR37X2,-0.00084912236,-0.0033580523,3198340
20120926,15:45:00.000,BBG000BWCKB6,0.003534693,0.004944673,431524
20120926,15:45:00.000,BBG000BCZYD3,-0.002108718,-0.006519727,565708
20120926,15:45:00.000,BBG000BMKDM3,-0.005810019,-0.003470989,1212349
20120926,15:45:00.000,BBG000D3MB18,0.0033905392,-0.0047546485,1438179
20120926,15:45:00.000,BBG000BB1TH9,-0.0059064534,-0.010586452,1250593
20120926,15:45:00.000,BBG000BQVTF5,-0.0105153425,-0.01628277,2193671
20120926,15:45:00.000,BBG000D1QCF1,-0.015707627,-0.026858352,2252585
20120926,15:45:00.000,BBG000PX3XC0,-0.007415732,-0.021459442,1621360
20120926,15:45:00.000,BBG000J1QLT0,0.0050708666,0.0015542329,1353204
20120926,15:45:00.000,BBG000BH8TT6,-0.013765224,-0.0234653,3965472
20120926,15:45:00.000,BBG000QRFNK2,-0.059298232,-0.061595093,8156002
20120926,15:45:00.000,BBG000BCNYT9,0.009872633,0.0038010285,2691893
20120926,15:45:00.000,BBG000BPMH90,-0.016430756,-0.024924047,1031798
20120926,15:45:00.000,BBG000F7RCJ1,0.006157653,0.005256146,762401
20120926,15:45:00.000,BBG000BB6G37,-7.005411e-05,-0.0076915184,2618758
20120926,15:45:00.000,BBG000BFDLV8,-0.0015939254,-0.010692172,742946
20120926,15:45:00.000,BBG000WCFV84,0.0103155235,0.0032472273,2808591
20120926,15:45:00.000,BBG000BY2Y78,0.0033468357,-0.008445779,2395215
20120926,15:45:00.000,BBG000BXM6V2,-3.7712834e-05,0.0006404459,1526791
20120926,15:45:00.000,BBG000FH8PX5,0.0025343797,-0.0031863782,410074
20120926,15:45:00.000,BBG000BP8Z50,-0.0035047238,-0.01239286,1559551
20120926,15:45:00.000,BBG000BQWPC5,0.0036224038,0.0072674756,2059847
20120926,15:45:00.000,BBG000BWSV34,0.005633611,-0.015178238,1091849
20120926,15:45:00.000,BBG000NDZ417,-0.016282724,-0.03441525,2458393
20120926,15:45:00.000,BBG000BJQWD2,-0.0030047616,-0.014045931,1693560
20120926,15:45:00.000,BBG000BB5373,0.0005126524,-0.0065379706,5277896
20120926,15:45:00.000,BBG000BHB3M6,0.00434839,-0.0038892087,1274509
20120926,15:45:00.000,BBG000BLW530,0.00030672908,-0.010892966,1080038
20120926,15:45:00.000,BBG000D8RG11,-0.011666519,-0.014262796,3265926
20120926,15:45:00.000,BBG0019JZ882,-0.0053701154,-0.010690462,2749602
20120926,15:45:00.000,BBG000R7RDB4,-0.016550722,-0.030883396,1133571
20120926,15:45:00.000,BBG000BQ8KV2,0.0015260556,0.0023669936,1996342
20120926,15:45:00.000,BBG000BYWTX7,-0.00088222563,-0.0075726104,13158872
20120926,15:45:00.000,BBG000C1S2X2,-0.016499517,-0.024261516,1654473
20120926,15:45:00.000,BBG000DLVDK3,-0.00083065574,0.002413629,1894369
20120926,15:45:00.000,BBG000BFL116,0.027859693,0.016077848,4480874
20120926,15:45:00.000,BBG000C1DHF5,-0.0058856006,-0.02146918,4013934
20120926,15:45:00.000,BBG000BVHBM1,0.0038908413,-0.039160676,5051945
20120926,15:45:00.000,BBG000BGVW60,0.0027389799,0.006268184,1790588
20120926,15:45:00.000,BBG000BPQD31,0.002834881,-0.0061959666,2121754
20120926,15:45:00.000,BBG000H1F895,0.006938671,-0.008815922,1765230
20120926,15:45:00.000,BBG000K82ZT8,-0.0013880873,-0.014545375,1749045
20120926,15:45:00.000,BBG000DNTSP4,-0.003265372,-0.00546483,2615529
20120926,15:45:00.000,BBG000F15NW9,0.007419761,0.00047716967,2155310
20120926,15:45:00.000,BBG000BPT0C6,0.0037300047,-0.007939701,677221
20120926,15:45:00.000,BBG000B9WJ73,0.033193313,0.027310135,13741102
20120926,15:45:00.000,BBG000BDXGP9,0.005235613,0.005472868,3089428
20120926,15:45:00.000,BBG000BSD7C2,-0.008883991,-0.0070627085,955017
20120926,15:45:00.000,BBG000BSLZY7,0.006963313,-2.0044847e-07,11558976
20120926,15:45:00.000,BBG000BKZTP3,0.00084623037,-0.0062737423,2661372
20120926,15:45:00.000,BBG000BF1R66,-0.0017114718,-0.005525916,966912
20120926,15:45:00.000,BBG000HW5GX3,-0.002285479,-0.01650045,3704556
20120926,15:45:00.000,BBG000C0F570,-0.0030263155,-0.011240438,1727051
20120926,15:45:00.000,BBG000BP1Q11,0.010004807,0.0029588111,1986417
20120926,15:45:00.000,BBG000BMQPL1,0.002583834,-0.005696846,7818982
20120926,15:45:00.000,BBG000M65M61,0.0043318514,0.0161323,2885116
20120926,15:45:00.000,BBG000BM7HL0,0.00028931466,-0.013080408,2380056
20120926,15:45:00.000,BBG000BJ49H3,-0.0029677066,-0.01058991,1151156
20120926,15:45:00.000,BBG000JBN3X6,0.01202615,0.01748346,3491969
20120926,15:45:00.000,BBG000NSQ9M0,0.0012119967,0.0029778036,6443732
20120926,15:45:00.000,BBG000BTVJ25,0.0024921629,-3.9942998e-07,1698965
20120926,15:45:00.000,BBG000BBCDZ2,-0.008341147,-0.016375095,1326683
20120926,15:45:00.000,BBG000BNGTQ7,0.0008326338,-0.0016220605,1359895
20120926,15:45:00.000,BBG000BGKHZ3,0.0092737535,0.00010473907,1493001
20120926,15:45:00.000,BBG000BL9439,-0.0015427598,0.0005380113,966456
20120926,15:45:00.000,BBG000H9G7X2,0.0019866996,0.0011569201,2757976
20120926,15:45:00.000,BBG000BK67C7,0.0005649574,0.0032346896,1401827
20120926,15:45:00.000,BBG000FV1Z23,0.005966097,0.0073071015,1004581
20120926,15:45:00.000,BBG000BV7LP7,-0.014538567,-0.023830777,5687319
20120926,15:45:00.000,BBG000CR90K4,0.056546338,0.05450438,39496112
20120926,15:45:00.000,BBG000BL9JQ1,0.007747723,-0.0039697224,2758402
20120926,15:45:00.000,BBG000BF2KK4,0.008252461,0.0019548007,715086
20120926,15:45:00.000,BBG000GLBN48,0.0017892354,-0.008535523,686918
20120926,15:45:00.000,BBG000BB6M98,-0.00032620292,0.001805051,1091274
20120926,15:45:00.000,BBG000BXMFC3,-0.028099759,-0.044141877,5255129
20120926,15:45:00.000,BBG000BSXQV7,-0.009926916,-0.008252241,735485
20120926,15:45:00.000,BBG000MDCQC2,-0.005977587,-0.004377535,2312046
20120926,15:45:00.000,BBG000BRJ809,0.0026263464,-0.0032591603,515623
20120926,15:45:00.000,BBG000DKCC19,0.018259902,0.021362765,4272908
20120926,15:45:00.000,BBG000BFMBQ6,0.0028579982,-0.0014949077,1384064
20120926,15:45:00.000,BBG000BQ2C28,0.00796134,0.0074495967,1238047
20120926,15:45:00.000,BBG000BMTFR4,0.010281524,-0.0029877468,2746062
20120926,15:45:00.000,BBG000BHLYP4,0.007376097,0.0012237529,1635064
20120926,15:45:00.000,BBG000BNFLM9,-0.0094031645,-0.017266197,3520007
20120926,15:45:00.000,BBG000NV1KK7,0.0027468011,0.0022768073,2729331
20120926,15:45:00.000,BBG000FBK808,-0.01357215,-0.029046455,5215712
20120926,15:45:00.000,BBG000R0L5J4,-0.0066770404,-0.016882328,1038148
20120926,15:45:00.000,BBG000BZTW70,-0.0010331642,-0.022447906,7775116
20120926,15:45:00.000,BBG000BLM0V1,,,830529
20120926,15:45:00.000,BBG000BTQR96,-0.005158185,-0.014501713,1527311
20120926,15:45:00.000,BBG000BH5DV1,0.011081164,0.000603652,3150564
20120926,15:45:00.000,BBG000BLBXT4,-0.0065986593,-0.003928201,1630280
20120926,15:45:00.000,BBG000KLB4Q1,0.004721315,-0.010639906,7359186
20120926,15:45:00.000,BBG000BR3KL6,-0.0012043111,-0.009436177,962482
20120926,15:45:00.000,BBG000BB9KF2,-0.005781401,-0.0015780118,1416779
20120926,15:45:00.000,BBG000BVDLH9,0.004218593,-0.0030493264,772313
20120926,15:45:00.000,BBG000C0MF34,-0.003366657,0.0022369467,695901
20120926,15:45:00.000,BBG000FVXD63,0.020465245,0.010060487,1332064
20120926,15:45:00.000,BBG000CGQ6M4,-0.018372778,-0.022341276,1581461
20120926,15:45:00.000,BBG000BJSBJ0,0.001963234,0.0048853727,2137656
20120926,15:45:00.000,BBG000BFTJ91,-0.011652315,-0.020059804,3292867
20120926,15:45:00.000,BBG000BSC0K9,-0.005022958,-0.0067759557,1453234
20120926,15:45:00.000,BBG000BWXL85,0.0051388927,-0.008349758,2043747
20120926,15:45:00.000,BBG000QY3XZ2,0.012716531,-0.007137435,1764122
20120926,15:45:00.000,BBG000BCWCG1,0.040188752,0.0451726,8500385
20120926,15:45:00.000,BBG000CKVSG8,0.006941733,-0.00068474887,5015216
20120926,15:45:00.000,BBG000JN8R00,0.011117982,0.00987793,1791862
20120926,15:45:00.000,BBG000BBBNC6,-0.004721361,-0.016605018,2590494
20120926,15:45:00.000,BBG000JG0547,-0.0008004774,-0.0054816017,2005613
20120926,15:45:00.000,BBG000R7Z112,0.00586311,0.016638514,4442094
20120926,15:45:00.000,BBG000D898T9,0.004283713,0.0026913376,4451092
20120926,15:45:00.000,BBG000Q3JN03,-0.00056924805,-0.009689148,13916243
20120926,15:45:00.000,BBG000BRJL00,-0.0072285733,-0.0013779945,3877644
20120926,15:45:00.000,BBG000C2V3D6,0.010770201,-0.00299903,3214046
20120926,15:45:00.000,BBG000G30YX4,-0.0023285497,-0.015665872,919233
20120926,15:45:00.000,BBG000G0Z878,0.0059691207,-0.0053183106,4487630
20120926,15:45:00.000,BBG000BKXBV7,-0.019886278,-0.033313483,8651986
20120926,15:45:00.000,BBG000BJ98Z0,-0.022340145,-0.016530572,7938428
20120926,15:45:00.000,BBG000BR14K5,0.0075021978,0.003796807,1299364
20120926,15:45:00.000,BBG000BGYWY6,-0.007604996,-0.002960748,701477
20120926,15:45:00.000,BBG000BCGY17,0.0025967786,0.006693496,849433
20120926,15:45:00.000,BBG000BV75B7,-0.0023383377,-0.007950527,1721935
20120926,15:45:00.000,BBG000CXD6X9,-0.012226708,-0.01323866,1578457
20120926,15:45:00.000,BBG000BWVSR1,-0.007656003,-0.0065431683,3005001
20120926,15:45:00.000,BBG000BVPPM1,0.0035731304,-0.00706523,2590657
20120926,15:45:00.000,BBG000BBMSJ6,-0.0076338183,-0.015893115,3364951
20120926,15:45:00.000,BBG000CHPY97,0.010609708,-0.0013728543,3760788
20120926,15:45:00.000,BBG000C3GN47,0.02333369,0.009622063,2053647
20120926,15:45:00.000,BBG000BYYLS8,-0.0012400943,-0.010248249,3075877
20120926,15:45:00.000,BBG000DTMH63,,,3290263
20120926,15:45:00.000,BBG000PVRDL2,-0.008017294,-0.009998294,6726865
20120926,15:45:00.000,BBG000DQTXY6,0.008149723,-0.03908896,10918333
20120926,15:45:00.000,BBG000JF5CV9,0.012490076,0.0019844242,4222267
20120926,15:45:00.000,BBG000CJZ2W6,-0.02102795,-0.029140584,2435305
20120926,15:45:00.000,BBG000K14Q84,-0.0047702063,-0.010898879,3865762
20120926,15:45:00.000,BBG000BH3JF8,0.012941184,0.009902133,4812612
20120926,15:45:00.000,BBG000BTKGG8,0.003710884,-0.0053182635,5479607
20120926,15:45:00.000,BBG000BB5006,0.0007983972,-0.010339084,2896371
20120926,15:45:00.000,BBG000BSBZH7,-0.002740309,0.00015475342,1512010
20120926,15:45:00.000,BBG000BM6788,-0.0016305025,-0.010193682,2682972
20120926,15:45:00.000,BBG000BQ5DS5,-0.010573984,-0.007986662,2850827
20120926,15:45:00.000,BBG000BB6WG8,-0.0074480143,-0.009401465,4687788
20120926,15:45:00.000,BBG000BRK7L6,0.0029944568,-0.00852998,4666728
20120926,15:45:00.000,BBG000BMY992,0.0025327676,0.00042569023,4787024
20120926,15:45:00.000,BBG000FKJRC5,-0.006061787,-0.0131103415,1454609
20120926,15:45:00.000,BBG000C1BW00,0.006643265,0.0052455566,1000537
20120926,15:45:00.000,BBG000DY8ZS4,0.012672197,-0.007157415,11956874
20120926,15:45:00.000,BBG000BY33P5,-0.019258434,-0.025188904,5877586
20120926,15:45:00.000,BBG000BKLH74,-0.00082623056,-0.005355019,3060785
20120926,15:45:00.000,BBG000BMF5J0,0.001332393,-0.0028369722,8460784
20120926,15:45:00.000,BBG000CSY9H9,0.008290048,0.0107284365,3391263
20120926,15:45:00.000,BBG000CPQZ77,-0.011655449,-0.0178815,1372211
20120926,15:45:00.000,BBG000CS7CT9,0.005362175,0.0055673104,1937593
20120926,15:45:00.000,BBG000BC9938,-0.00594022,-0.021991871,2019874
20120926,15:45:00.000,BBG000BBJQV0,-0.007046744,-0.017902771,9369964
20120926,15:45:00.000,BBG000FQ6PY6,0.00068286265,-0.011573286,1745161
20120926,15:45:00.000,BBG000PM7GJ0,0.014686133,0.010712606,24042126
20120926,15:45:00.000,BBG000GC80B4,0.011175357,0.0035267798,2029443
20120926,15:45:00.000,BBG000DYGNW7,8.412799e-06,0.0013693632,1297572
20120926,15:45:00.000,BBG000HCJMF9,-0.019021658,-0.030589363,5137155
20120926,15:45:00.000,BBG000C17X76,-0.0004271004,-0.006705056,1488936
20120926,15:45:00.000,BBG000BMDV41,0.0021578139,-0.004730062,3547192
20120926,15:45:00.000,BBG000TWC2V5,-0.0053811674,-0.0023772158,1426006
20120926,15:45:00.000,BBG000BBPFB9,0.008097844,-0.003588926,9248379
20120926,15:45:00.000,BBG000BLKK03,-0.006239516,-0.0113389995,1254159
20120926,15:45:00.000,BBG000R8ZVD1,0.010027307,0.0069922395,1381636
20120926,15:45:00.000,BBG000BD8PN9,0.010921806,0.0017676648,5661100
20120926,15:45:00.000,BBG000BBDV81,0.006842969,0.0004419576,1527660
20120926,15:45:00.000,BBG000BCVJ77,-0.009208575,-0.014963283,4021356
20120926,15:45:00.000,BBG000BJL3N0,0.003110238,-0.005182865,9870903
20120926,15:45:00.000,BBG000BZ2GG4,0.0008743883,-0.020909034,2307125
20120926,15:45:00.000,BBG000BKFBD7,-0.005495057,-0.012511081,3528859
20120926,15:45:00.000,BBG000BJ2VQ6,-0.0069225617,-0.026490433,3073454
20120926,15:45:00.000,BBG000BKFZM4,0.0051690135,-0.0061835814,10762631
20120926,15:45:00.000,BBG000QBR5J5,-0.0031214391,-0.013816731,4090476
20120926,15:45:00.000,BBG000BJPDZ1,-0.020781953,-0.029470986,309680
20120926,15:45:00.000,BBG000BH5LT6,0.00443749,-0.017373778,3181193
20120926,15:45:00.000,BBG000MBDGM6,0.020016687,0.006089567,621323
20120926,15:45:00.000,BBG000LD9JQ8,-0.001554198,-0.0008788426,923471
20120926,15:45:00.000,BBG000BTR593,0.0098685995,0.0009010966,3687075
20120926,15:45:00.000,BBG000BVMGF2,-0.0033757975,-0.009514929,2417777
20120926,15:45:00.000,BBG000FJLFX8,-0.008556512,-0.014287266,3840125
20120926,15:45:00.000,BBG000BWNFZ9,0.0032865927,-0.0192865,3248165
20120926,15:45:00.000,BBG000BR54L0,0.0007319841,-0.04855336,22264824
20120926,15:45:00.000,BBG000BCBCM7,-0.016791845,-0.023083609,18935214
20120926,15:45:00.000,BBG000BM5SR2,0.013286697,0.0022236942,4234216
20120926,15:45:00.000,BBG000BJ81C1,-0.0047423085,-0.009641275,1626182
20120926,15:45:00.000,BBG001DCCGR8,-0.00018115508,-0.012302087,2976836
20120926,15:45:00.000,BBG000H89QJ6,0.0012321832,-0.0062830565,1792238
20120926,15:45:00.000,BBG000F6H8W8,-0.0020732258,-0.0036971597,1345110
20120926,15:45:00.000,BBG000BS0ZF1,-0.00016477687,-0.00033162258,555881
20120926,15:45:00.000,BBG000BVWLJ6,-0.003827092,-0.002553984,5430464
20120926,15:45:00.000,BBG000BGJRC8,-0.006554673,-0.006614559,5767933
20120926,15:45:00.000,BBG000BT9DW0,0.002176842,0.008743697,2733467
20120926,15:45:00.000,BBG000BXRPH1,0.0043872283,-0.012234687,1414756
20120926,15:45:00.000,BBG000C7LMS8,0.006106919,0.012668478,817208
20120926,15:45:00.000,BBG00286S4N9,-0.0035672896,-0.009784008,2942152
20120926,15:45:00.000,BBG000BH2JM1,0.008175972,-0.003875414,7992094
20120926,15:45:00.000,BBG000BRD0D8,-0.009356139,-0.014873676,4411245
20120926,15:45:00.000,BBG000BJF1Z8,9.675168e-05,-0.0013010638,2106745
20120926,15:45:00.000,BBG000BHQ1H0,0.010792284,0.005919496,2044331
20120926,15:45:00.000,BBG000BN5HF7,-0.009487591,-0.046036478,8517423
20120926,15:45:00.000,BBG000B9WH86,-0.003687506,0.004527899,22499324
20120926,15:45:00.000,BBG000C5Z1S3,-0.023197915,-0.03439747,28731786
20120926,15:45:00.000,BBG000D9D830,6.854544e-05,-0.006930587,2389446
20120926,15:45:00.000,BBG000JWD753,0.016022097,0.015811415,8015613
20120926,15:45:00.000,BBG000BKCFC2,-0.005700052,-0.002493294,3038930
20120926,15:45:00.000,BBG000BWVCP8,-0.0107729,-0.020428345,5822635
20120926,15:45:00.000,BBG000BBD070,-0.009110461,-0.020520655,4002534
20120926,15:45:00.000,BBG000BMBL90,-0.004011587,-0.010273152,3034137
20120926,15:45:00.000,BBG000BNWG87,0.004564631,-0.00323138,3629893
20120926,15:45:00.000,BBG000BCG930,-0.0062703155,-0.011969196,2303125
20120926,15:45:00.000,BBG000BHX7N2,-0.004399745,-0.0072462084,3610923
20120926,15:45:00.000,BBG000BX3TD3,0.007901369,0.012051855,10770426
20120926,15:45:00.000,BBG000BH23R1,0.001954434,0.001002483,19328320
20120926,15:45:00.000,BBG000BBVJZ8,0.0008011981,-0.0073969,2193434
20120926,15:45:00.000,BBG000BJ3PD2,0.011292652,0.0025968293,2825765
20120926,15:45:00.000,BBG000BFQYY3,0.0049253306,0.0025301976,1175868
20120926,15:45:00.000,BBG000BMW2Z0,0.0009875027,-0.000525515,1205639
20120926,15:45:00.000,BBG000CXYSZ6,-0.006741439,-0.0192465,1131092
20120926,15:45:00.000,BBG000H556T9,0.007024026,0.0025277727,3307807
20120926,15:45:00.000,BBG000J6XT05,-0.006511483,0.00028007355,4035753
20120926,15:45:00.000,BBG000C8H633,-0.00027257676,-0.013984473,6393164
20120926,15:45:00.000,BBG000FP1N32,-0.029808003,-0.041249044,9457507
20120926,15:45:00.000,BBG000BD4VG8,-0.0023107338,-0.019237388,4457429
20120926,15:45:00.000,BBG000C496P7,-0.008189738,-0.01843446,9624822
20120926,15:45:00.000,BBG000FG3C43,-0.015318685,-0.0320262,5871445
20120926,15:45:00.000,BBG000DHSPT0,-0.0075338194,-0.016899366,3660266
20120926,15:45:00.000,BBG000FW00S1,0.022771757,0.015472617,8482111
20120926,15:45:00.000,BBG000BFC8J2,0.008538688,0.00026308311,2075190
20120926,15:45:00.000,BBG000BZ9223,-0.00069604046,-0.015520833,1119972
20120926,15:45:00.000,BBG000GFFQN9,0.00059882354,-0.001913952,10681218
20120926,15:45:00.000,BBG000G2R6M0,0.0037267306,0.008288893,4894365
20120926,15:45:00.000,BBG000FL1TC8,-0.009514616,-0.017362967,3482078
20120926,15:45:00.000,BBG000BGKTF9,-0.0030286084,-0.011446965,3228844
20120926,15:45:00.000,BBG000BB6KF5,-0.006425016,-0.019006344,7530648
20120926,15:45:00.000,BBG000BGLRN3,-0.017248493,-0.018119184,3670371
20120926,15:45:00.000,BBG000Q9HH23,-0.0072261905,-0.015600552,1674739
20120926,15:45:00.000,BBG000BV8DN6,0.009114944,0.011575942,5660579
20120926,15:45:00.000,BBG000BFXHL6,-0.005113029,-0.008512016,3456616
20120926,15:45:00.000,BBG000C46HM9,0.007012614,0.0013246099,4383904
20120926,15:45:00.000,BBG000BFRF55,0.007484608,0.004620325,7379464
20120926,15:45:00.000,BBG000BNBDC2,0.0029938344,-0.003793805,4120733
20120926,15:45:00.000,BBG000BH13K9,0.0033082403,0.00039627668,2934124
20120926,15:45:00.000,BBG000BGPTV6,0.004720677,-0.00032505285,1938252
20120926,15:45:00.000,BBG000QX74T1,-0.011567736,-0.014463025,854841
20120926,15:45:00.000,BBG000BWJFZ4,0.0178203,0.0077294996,701399
20120926,15:45:00.000,BBG000BWLMJ4,-0.0010246851,-0.005822561,5041397
20120926,15:45:00.000,BBG000BW3299,-0.011383538,-0.012212308,1760260
20120926,15:45:00.000,BBG000BFDXW1,-0.0065643894,-0.015912415,7999095
20120926,15:45:00.000,BBG000BC2C10,0.009446112,0.00046888503,2712770
20120926,15:45:00.000,BBG000BVV7G1,-0.0035699173,-0.012579118,15097158
20120926,15:45:00.000,BBG000BPWXK1,-0.003551721,0.0025413374,5283844
20120926,15:45:00.000,BBG000BBGGQ1,-0.0071347235,-0.016208414,5922805
20120926,15:45:00.000,BBG000BHBK84,-0.0036745549,-0.011200483,7498450
20120926,15:45:00.000,BBG000BJX8C8,-0.0099691525,-0.024440562,3836082
20120926,15:45:00.000,BBG000H8TVT2,-0.006866492,-0.005438547,2786847
20120926,15:45:00.000,BBG000BTZQC4,-0.0011627381,-0.0015006462,4516229
20120926,15:45:00.000,BBG000BP52R2,-0.00083628047,-0.0019386397,2130349
20120926,15:45:00.000,BBG000C5HS04,-0.0024506066,0.004417585,2537382
20120926,15:45:00.000,BBG000BH3GZ2,-0.0005852578,-0.003295869,2124425
20120926,15:45:00.000,BBG000F1ZSQ2,-0.0037691733,-0.010983746,351828
20120926,15:45:00.000,BBG000C15T95,0.0076080756,0.0049302,2841315
20120926,15:45:00.000,BBG000BFWKC0,-0.0039916374,-0.0114951795,2126746
20120926,15:45:00.000,BBG000CL9VN6,0.029076567,0.024728492,4904707
20120926,15:45:00.000,BBG000F0KF42,0.013041572,-0.017113477,6798780
20120926,15:45:00.000,BBG000C240W1,-0.0077038724,-0.018067274,33322048
20120926,15:45:00.000,BBG000L9CV04,-0.0036819133,-0.004162143,3391340
20120926,15:45:00.000,BBG000BC40Y8,0.0057966947,-0.0052769133,3109771
20120926,15:45:00.000,BBG000BL4504,-0.003926257,-0.018330015,11281116
20120926,15:45:00.000,BBG000BB07P9,-0.007100735,-0.0020748305,8626845
20120926,15:45:00.000,BBG000BBDZG3,0.001771983,-0.01057198,28599532
20120926,15:45:00.000,BBG000BY29C7,0.00086870044,0.0024028765,5265165
20120926,15:45:00.000,BBG000DWG505,0.0028728019,0.0035164058,3084977
20120926,15:45:00.000,BBG000BCQZS4,-0.007975872,-0.016806457,4170195
20120926,15:45:00.000,BBG000CKGBP2,-0.008856239,-0.01724823,5635436
20120926,15:45:00.000,BBG000BHGDH5,-0.0065343836,0.00077826035,2438549
20120926,15:45:00.000,BBG000FFDM15,0.004466868,0.0019153868,10258966
20120926,15:45:00.000,BBG000BWXBC2,0.0019546407,-2.628694e-07,3918304
20120926,15:45:00.000,BBG000BGRY34,0.009335194,0.00588075,4555949
20120926,15:45:00.000,BBG000BN2DC2,-0.0058023776,-0.020339986,1860582
20120926,15:45:00.000,BBG000BH1NH9,0.00972899,0.0034492312,3101745
20120926,15:45:00.000,BBG000F0PF65,0.0032528837,-0.0053327857,5537658
20120926,15:45:00.000,BBG000BW8S60,-0.0031272832,-0.0038100726,4042995
20120926,15:45:00.000,BBG000BCSST7,0.0064424677,0.010880504,4360148
20120926,15:45:00.000,BBG000CH5208,-0.0011594668,-0.0064059994,4803950
20120926,15:45:00.000,BBG000BQQ2S6,0.005087683,-0.0042196945,2751549
20120926,15:45:00.000,BBG000BLZRJ2,0.004334545,-0.0108332895,18986758
20120926,15:45:00.000,BBG000BP6LJ8,0.0022304521,0.00587828,6044248
20120926,15:45:00.000,BBG000DWYF03,0.0062091034,-0.0020464547,12018216
20120926,15:45:00.000,BBG000BQPC32,-0.0058514606,-0.008923851,40182056
20120926,15:45:00.000,BBG000BBS2Y0,0.0048596077,-0.0032800743,4036109
20120926,15:45:00.000,BBG000CTQBF3,-0.00491173,-0.008115631,6289172
20120926,15:45:00.000,BBG000DQLV23,-0.0032620803,-0.0088240225,7529388
20120926,15:45:00.000,BBG000KHWT55,0.028503768,0.021537365,33771204
20120926,15:45:00.000,BBG000BNDN65,0.00980111,0.012125871,13261290
20120926,15:45:00.000,BBG000B9ZXB4,0.00059735385,-0.004310479,4688999
20120926,15:45:00.000,BBG000DH7JK6,-0.0030937672,0.0028434754,3051988
20120926,15:45:00.000,BBG000BH4R78,-0.0035413913,-0.010083126,6890734
20120926,15:45:00.000,BBG000BQQH30,0.0046022525,-0.0067946953,5238013
20120926,15:45:00.000,BBG000PSKYX7,-0.006436409,-0.014896975,2298975
20120926,15:45:00.000,BBG000C6CFJ5,0.006400183,-0.002905311,4542800
20120926,15:45:00.000,BBG000BKTFN2,-0.010195673,-0.026175693,13826869
20120926,15:45:00.000,BBG000J2XL74,0.0023024387,0.0046633077,3298083
20120926,15:45:00.000,BBG000BHVJJ3,-0.0014557402,-0.016571095,14531412
20120926,15:45:00.000,BBG000C43RR5,-0.0043553817,-0.010832169,10778921
20120926,15:45:00.000,BBG000BFT2L4,-0.011655786,-0.019527698,11415612
20120926,15:45:00.000,BBG000D4LWF6,-0.0036930013,-0.0016937706,11848794
20120926,15:45:00.000,BBG000BNSZP1,0.0017537806,0.0035001694,3791718
20120926,15:45:00.000,BBG000BT41Q8,0.003527277,-0.008871885,4218269
20120926,15:45:00.000,BBG000BKZB36,-0.0076340456,-0.0068644024,6886499
20120926,15:45:00.000,BBG000BPD168,0.004761478,-0.000664224,10720661
20120926,15:45:00.000,BBG000HS77T5,-0.00050109584,-7.302027e-07,7880887
20120926,15:45:00.000,BBG000BQLTW7,-0.0100879,-0.018214006,25081392
20120926,15:45:00.000,BBG000BVPV84,-0.0036668594,-0.01152899,2539878
20120926,15:45:00.000,BBG000BJDB15,0.0012659448,0.0002533253,20283052
20120926,15:45:00.000,BBG000BMX289,0.0002523322,0.0042465,12251144
20120926,15:45:00.000,BBG000MM2P62,0.018078333,0.012329824,34735292
20120926,15:45:00.000,BBG000CGC1X8,0.0014922214,-0.0065382915,8846082
20120926,15:45:00.000,BBG000BLBVN4,-0.0071460446,-0.017218046,860595
20120926,15:45:00.000,BBG000BF0K17,0.0035991787,-0.0018962187,8155102
20120926,15:45:00.000,BBG000BR2TH3,-0.0028499109,-0.0028751483,6458567
20120926,15:45:00.000,BBG000K4ND22,0.001749076,-0.0049595064,4312041
20120926,15:45:00.000,BBG000BR2B91,0.005567139,0.00040330886,23527328
20120926,15:45:00.000,BBG000C3J3C9,0.003609505,-0.00482758,25928748
20120926,15:45:00.000,BBG000BLNNH6,0.0020440468,-0.0045097703,2769971
20120926,15:45:00.000,BBG000BWQFY7,-0.00042563042,-0.0074875928,23299754
20120926,15:45:00.000,BBG000BMHYD1,0.0004070424,-0.003608267,7993290
20120926,15:45:00.000,BBG000BK6MB5,-0.004214493,-0.0076173386,34442764
20120926,15:45:00.000,BBG000BSJK37,0.0028061206,0.002364556,20735566
20120926,15:45:00.000,BBG000C0G1D1,0.012674823,0.0044430285,42645808
20120926,15:45:00.000,BBG000FY4S11,0.0029610505,-0.01186297,38887996
20120926,15:45:00.000,BBG000BCTLF6,0.0025564192,-0.010083663,133478656
20120926,15:45:00.000,BBG000DMBXR2,0.0033475023,-0.0076427525,20287358
20120926,15:45:00.000,BBG000BPH459,0.0018712933,-0.007896087,42505300
20120926,15:45:00.000,BBG000GZQ728,-0.0040188264,-0.0061029512,8644657
20120926,15:45:00.000,BBG000BHSKN9,0.008432016,0.001959556,5334226
20120926,15:45:00.000,BBG000B9XRY4,0.004238406,-0.009765822,18872452
20120926,16:00:00.000,BBG000BFVXX0,0.008319046,0.009844831,2399624
20120926,16:00:00.000,BBG000M4SW14,-0.033191275,-0.03830134,920529
20120926,16:00:00.000,BBG000HS74G6,-0.0087819025,-0.009001184,567174
20120926,16:00:00.000,BBG000BJNGN9,-0.078755386,-0.09825856,10951295
20120926,16:00:00.000,BBG000FNRZ69,0.0016424308,-0.0043534203,6865514
20120926,16:00:00.000,BBG000BW2QX0,0.0017010873,-0.0036242509,3180077
20120926,16:00:00.000,BBG000BBV8B8,0.014918913,0.002456602,1916845
20120926,16:00:00.000,BBG000DV7MX4,0.0068567917,0.003275571,9290693
20120926,16:00:00.000,BBG000BQ74K1,-0.002403875,-0.0120300725,1044173
20120926,16:00:00.000,BBG000BCYP43,-0.0012406582,-0.0064779273,315983
20120926,16:00:00.000,BBG000BW5YW1,0.01743694,-0.007803991,2421126
20120926,16:00:00.000,BBG000BLCL55,0.005623243,-0.008696781,1142269
20120926,16:00:00.000,BBG000CZWZ05,0.000110018205,-0.010676305,653584
20120926,16:00:00.000,BBG000NSCNT7,0.010325317,-0.00037302892,2541172
20120926,16:00:00.000,BBG000D14WM3,-0.006719032,-0.026809713,6202732
20120926,16:00:00.000,BBG000BK5DP1,0.0020024646,-0.014314016,3722094
20120926,16:00:00.000,BBG000PCNTM2,-0.0024606548,-0.013567593,521343
20120926,16:00:00.000,BBG000BBB3K1,-0.0018684746,0.0013763272,1616537
20120926,16:00:00.000,BBG000C2YHG9,-0.01270331,-0.023431318,1752422
20120926,16:00:00.000,BBG000RGM5P1,-0.0011855995,-0.012822063,2956790
20120926,16:00:00.000,BBG000BQ87N0,-0.0015930416,0.0013134415,1039846
20120926,16:00:00.000,BBG000BD0TF8,0.006080639,-0.006364341,492477
20120926,16:00:00.000,BBG000BDG1Y1,-0.0041104415,-0.012305249,1226004
20120926,16:00:00.000,BBG000BHC2S1,0.002679516,-0.004243691,868999
20120926,16:00:00.000,BBG000BCHG15,0.0042258166,0.0038235993,1014453
20120926,16:00:00.000,BBG000CLVM51,-0.0028892448,-0.0069397553,339178
20120926,16:00:00.000,BBG000BBCQD7,-0.008316111,-0.0193092,2327686
20120926,16:00:00.000,BBG000BB03M1,0.01214668,0.0074080774,1095596
20120926,16:00:00.000,BBG000BQC9V2,0.012010659,0.0026167254,3554560
20120926,16:00:00.000,BBG000D5S4M0,-0.00813469,-0.010739179,533796
20120926,16:00:00.000,BBG000BB9RZ5,0.009626786,0.0011512878,391876
20120926,16:00:00.000,BBG000DCCZW2,-0.0045882133,-0.013378198,1266572
20120926,16:00:00.000,BBG000BS5170,-0.0038896103,0.0026667558,985751
20120926,16:00:00.000,BBG000BLMZK6,-0.0049712732,-0.001933226,1475996
20120926,16:00:00.000,BBG000BB5BF6,0.007556947,0.010050011,3798821
20120926,16:00:00.000,BBG000BLXZN1,0.010732522,0.0025777156,392317
20120926,16:00:00.000,BBG000FQRVM3,-0.00045491962,-0.008975126,467363
20120926,16:00:00.000,BBG000BGFLL5,-0.00030615294,-0.008449079,2815216
20120926,16:00:00.000,BBG000BJ5GK2,6.959138e-05,-0.0006939911,828826
20120926,16:00:00.000,BBG000BWP7D9,0.0061467527,0.008554776,2008941
20120926,16:00:00.000,BBG000BPQVR5,-0.0018692138,-0.006353153,895647
20120926,16:00:00.000,BBG000DGPR66,7.452082e-05,-0.0040874314,896705
20120926,16:00:00.000,BBG000BRZBT3,-0.0056439806,-0.022547679,2238022
20120926,16:00:00.000,BBG000BWBZN1,-0.0027859136,-0.009128251,688752
20120926,16:00:00.000,BBG000BFS7D3,0.0084347185,0.008544206,662293
20120926,16:00:00.000,BBG000C23KJ3,-0.016112747,-0.014471243,7001559
20120926,16:00:00.000,BBG001QD41M9,0.009637725,-0.0009562891,1261203
20120926,16:00:00.000,BBG000M44VW8,-0.010533874,-0.02935607,1801532
20120926,16:00:00.000,BBG000BSJTT0,0.0060932436,0.0010183246,3820615
20120926,16:00:00.000,BBG000C9W1Y1,0.0058536422,0.0004179487,2408994
20120926,16:00:00.000,BBG000DHNDK1,,,1593311
20120926,16:00:00.000,BBG000BN9WT5,0.0025475177,-0.004094219,1725691
20120926,16:00:00.000,BBG000BBMT95,0.05802099,0.055243675,8660872
20120926,16:00:00.000,BBG000BJVZF7,-0.0006537008,-0.005537531,2039283
20120926,16:00:00.000,BBG000BPZBB6,-0.0015248901,-0.001959299,2171632
20120926,16:00:00.000,BBG000R57L13,0.012007461,-0.003937093,4268817
20120926,16:00:00.000,BBG000C1FB75,0.0014083236,-0.004067382,373635
20120926,16:00:00.000,BBG000BF6LY3,-0.008912716,-0.008895311,5972878
20120926,16:00:00.000,BBG000F6ZWH2,0.0054676626,-0.0025202152,805705
20120926,16:00:00.000,BBG000BP7JB0,-0.0034872512,-0.017012015,5875754
20120926,16:00:00.000,BBG000RNTSX0,0.0029812723,-0.0064365864,489294
20120926,16:00:00.000,BBG000BCTQ65,0.0005383422,0.0039787875,1801478
20120926,16:00:00.000,BBG000C4DPX1,0.020754494,0.013634278,4061499
20120926,16:00:00.000,BBG000TJM7F0,0.004269285,0.006638877,1271002
20120926,16:00:00.000,BBG0016WLQ18,8.97796e-05,-0.0067135226,1691989
20120926,16:00:00.000,BBG000CNFQW6,0.0003976878,-0.0050096405,253431
20120926,16:00:00.000,BBG000BMZ7P7,-0.009498687,-0.012967574,608507
20120926,16:00:00.000,BBG000BLDV98,-0.0031202121,0.0041301674,2923171
20120926,16:00:00.000,BBG000BKWSR6,0.006730687,-0.0014665127,5929312
20120926,16:00:00.000,BBG000MQ1SN9,0.008528414,0.0066818804,636812
20120926,16:00:00.000,BBG000C75N77,0.0056559597,-0.00129962,1944037
20120926,16:00:00.000,BBG000C2ZCH8,-0.0056723366,-0.004192752,1146687
20120926,16:00:00.000,BBG000BVB8Q0,0.008329241,-0.0051834867,3789401
20120926,16:00:00.000,BBG000G6BN50,-0.007923944,-0.013564434,321822
20120926,16:00:00.000,BBG000BL79J3,-0.011093277,-0.011334945,2288078
20120926,16:00:00.000,BBG000BKXFN7,-0.0035260036,-0.022229046,5611966
20120926,16:00:00.000,BBG000BD3LM4,-0.00018168023,-0.014377364,2692968
20120926,16:00:00.000,BBG000F86GP6,0.0019188033,-0.007878838,1722651
20120926,16:00:00.000,BBG000BGXZB5,-0.018067967,-0.021652063,3387201
20120926,16:00:00.000,BBG000BVMPN3,0.0050009266,-0.006352345,1008704
20120926,16:00:00.000,BBG000D9DMK0,-0.009371856,-0.0085549895,351988
20120926,16:00:00.000,BBG000FDBX90,0.0018951017,0.0014004471,3307101
20120926,16:00:00.000,BBG000MM5VL9,-0.0059775948,-0.012712361,1721469
20120926,16:00:00.000,BBG000BHCP19,0.00042590834,-0.0066817184,2263146
20120926,16:00:00.000,BBG000BX8DC4,0.0030860107,-0.0005585831,1200862
20120926,16:00:00.000,BBG000G3QLY3,0.015290187,0.0028604737,1776971
20120926,16:00:00.000,BBG000BDWKC5,-0.0039951596,-0.013432956,3444663
20120926,16:00:00.000,BBG000BMRFF9,0.022112012,0.022446081,1126858
20120926,16:00:00.000,BBG000BT4T69,-0.0076319636,-0.008269671,2467187
20120926,16:00:00.000,BBG000BRRG02,-0.0013182324,-0.0016715825,833082
20120926,16:00:00.000,BBG000BP0KQ8,0.00020089268,-0.006310911,7048810
20120926,16:00:00.000,BBG000RKR4R8,-0.008939708,-0.0256222,9663328
20120926,16:00:00.000,BBG000C3HSR0,-0.010730729,-0.026574947,4549302
20120926,16:00:00.000,BBG000BKQ3V3,-0.0013575372,-0.023626568,2198096
20120926,16:00:00.000,BBG000CGT2S4,-0.003272704,-0.009240441,2205519
20120926,16:00:00.000,BBG000C1FQS9,-0.0008030023,0.0033249299,632795
20120926,16:00:00.000,BBG000FFH4P5,-0.0014980619,-0.010949553,464030
20120926,16:00:00.000,BBG000BF5RY1,-0.009561938,-0.011361929,2174693
20120926,16:00:00.000,BBG000BFNR17,-0.00043253732,-0.008681789,583947
20120926,16:00:00.000,BBG000BR1W32,-0.026536005,-0.04558055,2987588
20120926,16:00:00.000,BBG001M8HHB7,-0.0065435516,-0.015405359,1838001
20120926,16:00:00.000,BBG000BPNP00,0.0051080557,-0.0030582817,2648315
20120926,16:00:00.000,BBG000C0LW92,0.00345395,-0.0035499337,6110033
20120926,16:00:00.000,BBG000K7PWX7,0.021939619,0.013939685,2057801
20120926,16:00:00.000,BBG000BQSQ38,-0.0042652185,-0.0074816523,3127659
20120926,16:00:00.000,BBG000BKXYX5,0.02722742,0.03514736,2597958
20120926,16:00:00.000,BBG000BLHRS2,-0.006446705,-0.0039460463,524448
20120926,16:00:00.000,BBG000JYP7L8,0.017980404,0.011918444,1391040
20120926,16:00:00.000,BBG000PV2L86,-0.0034283842,-0.00076119154,616588
20120926,16:00:00.000,BBG000BTCH57,0.0031991277,8.4598105e-07,1551374
20120926,16:00:00.000,BBG000BBNYF6,0.004514958,-0.0014326875,941606
20120926,16:00:00.000,BBG000BPL8X4,-0.001014774,-0.0010971167,1510470
20120926,16:00:00.000,BBG000BLCPY4,0.017893678,-0.0045024385,1535935
20120926,16:00:00.000,BBG000BNC3Y9,-0.004735635,-0.020194776,2467360
20120926,16:00:00.000,BBG000BT9T73,0.0013303056,-0.0099356035,8255813
20120926,16:00:00.000,BBG000BC15S7,0.0005472383,-0.0028901196,647477
20120926,16:00:00.000,BBG000BKNX95,-0.0047078733,-0.013986168,4764025
20120926,16:00:00.000,BBG000C90DH9,-0.0038012082,-0.016008172,4251574
20120926,16:00:00.000,BBG000C7B436,0.00023084879,-0.011507948,3306355
20120926,16:00:00.000,BBG000BK6G19,-0.009812399,-0.021279806,3050691
20120926,16:00:00.000,BBG000BX5ZF5,0.0073683285,-0.0037734972,11901851
20120926,16:00:00.000,BBG000BGD7W6,-0.0053491048,-0.0035770708,2415271
20120926,16:00:00.000,BBG000BVSX05,-0.0017004556,-0.014625548,2220114
20120926,16:00:00.000,BBG000CKJ0P3,0.0018655433,-0.0073601548,891596
20120926,16:00:00.000,BBG000BNJHS8,-0.0036233433,0.009044926,4507156
20120926,16:00:00.000,BBG000BQZMH4,-0.0013024857,0.0012559681,1241969
20120926,16:00:00.000,BBG000DN7P92,0.0026418443,-0.003360538,1099035
20120926,16:00:00.000,BBG000BKPL53,0.0030008235,-0.005981816,987474
20120926,16:00:00.000,BBG000BB2DM7,0.0028236778,0.0082423,9726593
20120926,16:00:00.000,BBG000BJDPC2,0.013986107,0.016702825,1456861
20120926,16:00:00.000,BBG000BJ8YN7,-0.006452962,-0.016287677,1478628
20120926,16:00:00.000,BBG000BPVCR1,-0.04286285,-0.05515225,6989430
20120926,16:00:00.000,BBG000PCQQL6,0.012114613,0.006061283,2431572
20120926,16:00:00.000,BBG000C2BXK4,0.0029733374,0.006689189,6811213
20120926,16:00:00.000,BBG000F9KJN4,-0.00837702,-0.018941652,2114514
20120926,16:00:00.000,BBG000BNNYW1,-0.007402321,-0.0061861463,1560996
20120926,16:00:00.000,BBG000C734W3,-0.005137993,-0.0210188,728497
20120926,16:00:00.000,BBG000D7RKJ5,-0.0051170425,-0.00010859398,1138533
20120926,16:00:00.000,BBG000G8N9C6,0.0021156701,0.00036389372,1672370
20120926,16:00:00.000,BBG000BRXP69,-0.006223983,-0.014601256,448189
20120926,16:00:00.000,BBG000NDYB67,0.0034606878,-0.005523395,7995977
20120926,16:00:00.000,BBG000BHZ5J9,0.005768731,-0.0022770055,586204
20120926,16:00:00.000,BBG000BHKYH4,0.004095383,0.007838779,1339191
20120926,16:00:00.000,BBG000D2M0Z7,0.00783937,0.005640291,719614
20120926,16:00:00.000,BBG000CHWP52,0.0075021815,-0.00307941,1361189
20120926,16:00:00.000,BBG0029SNR63,0.010965844,0.008594646,4963714
20120926,16:00:00.000,BBG000BNNKG9,-0.020276384,-0.0366674,7773990
20120926,16:00:00.000,BBG000BP4MH0,0.0013839062,-0.0011798223,2571296
20120926,16:00:00.000,BBG000BHLYS1,0.0053125396,0.010253326,2355756
20120926,16:00:00.000,BBG000BFJ645,-0.0096630715,-0.01419807,13382069
20120926,16:00:00.000,BBG000BC4JJ4,0.0018113552,-0.0021595422,1148579
20120926,16:00:00.000,BBG000BVVQQ8,0.0053453227,-0.0019240964,3258302
20120926,16:00:00.000,BBG000DLFM21,0.0078058355,-0.0027030862,941229
20120926,16:00:00.000,BBG000BP1152,-0.020157587,-0.032102026,4076632
20120926,16:00:00.000,BBG000H50PN8,0.0038537001,-0.0062177936,2565323
20120926,16:00:00.000,BBG000CP95B7,0.009937436,0.0015917182,524780
20120926,16:00:00.000,BBG000BS9489,-0.011810657,-0.020077411,2168793
20120926,16:00:00.000,BBG000KBQZ88,-0.0036789984,-0.011537262,906558
20120926,16:00:00.000,BBG000C37332,-0.00818862,-0.00942201,592385
20120926,16:00:00.000,BBG000C2PW58,0.001225441,-0.0066310056,407695
20120926,16:00:00.000,BBG000BKR1D6,0.015397221,0.0031928334,681471
20120926,16:00:00.000,BBG000BR37X2,-0.0018602193,-0.0052778586,3602141
20120926,16:00:00.000,BBG000BWCKB6,0.0037926938,0.00573706,470563
20120926,16:00:00.000,BBG000BCZYD3,-0.0027839786,-0.008228699,662339
20120926,16:00:00.000,BBG000BMKDM3,-0.0050252685,-0.003278194,1409667
20120926,16:00:00.000,BBG000D3MB18,0.0033233503,-0.0057733036,1686021
20120926,16:00:00.000,BBG000BB1TH9,-0.0071936743,-0.011997918,1435508
20120926,16:00:00.000,BBG000BQVTF5,-0.009014829,-0.015542564,2473445
20120926,16:00:00.000,BBG000D1QCF1,-0.014750402,-0.025510114,2442833
20120926,16:00:00.000,BBG000PX3XC0,-0.008406575,-0.022516515,1739518
20120926,16:00:00.000,BBG000J1QLT0,0.0046029603,0.0006217766,1636519
20120926,16:00:00.000,BBG000BH8TT6,-0.013862823,-0.022646729,4221360
20120926,16:00:00.000,BBG000QRFNK2,-0.06004317,-0.061928086,8865513
20120926,16:00:00.000,BBG000BCNYT9,0.011186053,0.0038010876,3064507
20120926,16:00:00.000,BBG000BPMH90,-0.015421592,-0.024280319,1240551
20120926,16:00:00.000,BBG000F7RCJ1,0.006762127,0.0045898696,806577
20120926,16:00:00.000,BBG000BB6G37,-0.00018061286,-0.0064097825,2981574
20120926,16:00:00.000,BBG000BFDLV8,-0.0010744303,-0.0105584115,802053
20120926,16:00:00.000,BBG000WCFV84,0.010309034,0.0032473905,3151650
20120926,16:00:00.000,BBG000BY2Y78,0.0024720551,-0.010054415,2765477
20120926,16:00:00.000,BBG000BXM6V2,-0.0010774524,0.00018279887,1587453
20120926,16:00:00.000,BBG000FH8PX5,0.0021271403,-0.004027538,449585
20120926,16:00:00.000,BBG000BP8Z50,-0.004245236,-0.012983001,1802095
20120926,16:00:00.000,BBG000BQWPC5,0.0039330656,0.0079708705,2241905
20120926,16:00:00.000,BBG000BWSV34,0.0039779916,-0.017757813,1262193
20120926,16:00:00.000,BBG000NDZ417,-0.015135056,-0.03312153,2840381
20120926,16:00:00.000,BBG000BJQWD2,-0.0025152043,-0.013785938,1884993
20120926,16:00:00.000,BBG000BB5373,0.00059248344,-0.007082869,5785977
20120926,16:00:00.000,BBG000BHB3M6,0.003599075,-0.0045657144,1401317
20120926,16:00:00.000,BBG000BLW530,-0.00027673034,-0.011785709,1191004
20120926,16:00:00.000,BBG000D8RG11,-0.013925553,-0.01564293,3623965
20120926,16:00:00.000,BBG0019JZ882,-0.006011672,-0.011253187,3063757
20120926,16:00:00.000,BBG000R7RDB4,-0.017556146,-0.031352248,1266180
20120926,16:00:00.000,BBG000BQ8KV2,0.0009423533,0.0017095018,2265817
20120926,16:00:00.000,BBG000BYWTX7,0.0005128272,-0.00432775,14283400
20120926,16:00:00.000,BBG000C1S2X2,-0.017731182,-0.026127718,1819343
20120926,16:00:00.000,BBG000DLVDK3,-0.0004257087,0.003117411,2072301
20120926,16:00:00.000,BBG000BFL116,0.026622623,0.018026454,4818997
20120926,16:00:00.000,BBG000C1DHF5,-0.00947525,-0.022891818,4294030
20120926,16:00:00.000,BBG000BVHBM1,0.0042069727,-0.037751958,5542876
20120926,16:00:00.000,BBG000BGVW60,0.0010308847,0.004559063,1980717
20120926,16:00:00.000,BBG000BPQD31,0.0028645596,-0.006609098,2349639
20120926,16:00:00.000,BBG000H1F895,0.008083129,-0.005101502,1878769
20120926,16:00:00.000,BBG000K82ZT8,-0.0002826972,-0.012882894,2000939
20120926,16:00:00.000,BBG000DNTSP4,-0.0018821411,-0.0044400105,3164510
20120926,16:00:00.000,BBG000F15NW9,0.008468894,0.00071521476,2578623
20120926,16:00:00.000,BBG000BPT0C6,0.0036677541,-0.0081570875,783941
20120926,16:00:00.000,BBG000B9WJ73,0.031331714,0.027310168,14664856
20120926,16:00:00.000,BBG000BDXGP9,0.005505768,0.005107934,3433971
20120926,16:00:00.000,BBG000BSD7C2,-0.009044931,-0.007923933,1088368
20120926,16:00:00.000,BBG000BSLZY7,0.00922723,0.0015520607,12525294
20120926,16:00:00.000,BBG000BKZTP3,6.4891907e-07,-0.0076941713,2853052
20120926,16:00:00.000,BBG000BF1R66,-0.0016821492,-0.0063152546,1076477
20120926,16:00:00.000,BBG000HW5GX3,-0.0023053417,-0.016183,4041826
20120926,16:00:00.000,BBG000C0F570,-0.0033457547,-0.010057354,1941507
20120926,16:00:00.000,BBG000BP1Q11,0.010792389,0.0022188327,2301762
20120926,16:00:00.000,BBG000BMQPL1,0.00088693964,-0.007976059,9207150
20120926,16:00:00.000,BBG000M65M61,0.004430089,0.016132161,3299586
20120926,16:00:00.000,BBG000BM7HL0,-0.0013058985,-0.014601435,2785725
20120926,16:00:00.000,BBG000BJ49H3,-0.0045990646,-0.012593606,1264567
20120926,16:00:00.000,BBG000JBN3X6,0.01375456,0.01942634,3953954
20120926,16:00:00.000,BBG000NSQ9M0,0.0013507635,0.003518648,6781948
20120926,16:00:00.000,BBG000BTVJ25,0.0043588975,0.0012954045,2185666
20120926,16:00:00.000,BBG000BBCDZ2,-0.007787999,-0.016446706,1427176
20120926,16:00:00.000,BBG000BNGTQ7,0.00078059064,-0.0010140123,1486494
20120926,16:00:00.000,BBG000BGKHZ3,0.009458991,0.00010459526,1854256
20120926,16:00:00.000,BBG000BL9439,-0.0007222136,0.00089624495,1133870
20120926,16:00:00.000,BBG000H9G7X2,0.0035442004,0.0034707396,2997161
20120926,16:00:00.000,BBG000BK67C7,0.00031754165,0.0022567727,1588947
20120926,16:00:00.000,BBG000FV1Z23,0.005321685,0.006285534,1096063
20120926,16:00:00.000,BBG000BV7LP7,-0.01235413,-0.02199761,6271312
20120926,16:00:00.000,BBG000CR90K4,0.06098347,0.060560398,42615880
20120926,16:00:00.000,BBG000BL9JQ1,0.008199511,-0.003721492,3014827
20120926,16:00:00.000,BBG000BF2KK4,0.0077784257,0.0010784335,752130
20120926,16:00:00.000,BBG000GLBN48,0.0023530077,-0.008234909,803402
20120926,16:00:00.000,BBG000BB6M98,0.00043139307,0.0027075685,1336975
20120926,16:00:00.000,BBG000BXMFC3,-0.030426187,-0.046465226,5668254
20120926,16:00:00.000,BBG000BSXQV7,-0.011266862,-0.010281538,872496
20120926,16:00:00.000,BBG000MDCQC2,-0.0058843167,-0.004377621,2603685
20120926,16:00:00.000,BBG000BRJ809,0.0024129192,-0.003737191,576891
20120926,16:00:00.000,BBG000DKCC19,0.018542953,0.021362754,4821774
20120926,16:00:00.000,BBG000BFMBQ6,0.0022611283,-0.0032022859,1682396
20120926,16:00:00.000,BBG000BQ2C28,0.007648182,0.0064612483,1371540
20120926,16:00:00.000,BBG000BMTFR4,0.011429672,9.929654e-08,3087822
20120926,16:00:00.000,BBG000BHLYP4,0.009174364,0.0022728867,1918117
20120926,16:00:00.000,BBG000BNFLM9,-0.011370199,-0.01726613,3934069
20120926,16:00:00.000,BBG000NV1KK7,0.003902431,0.0028459644,2917603
20120926,16:00:00.000,BBG000FBK808,-0.014260657,-0.02965154,5996288
20120926,16:00:00.000,BBG000R0L5J4,-0.005843353,-0.015944405,1193000
20120926,16:00:00.000,BBG000BZTW70,-0.0006410143,-0.021044778,8461018
20120926,16:00:00.000,BBG000BLM0V1,,,948919
20120926,16:00:00.000,BBG000BTQR96,-0.00401725,-0.012919619,1698896
20120926,16:00:00.000,BBG000BH5DV1,0.011270151,0.0009491352,3407166
20120926,16:00:00.000,BBG000BLBXT4,-0.006913528,-0.0048010973,1761655
20120926,16:00:00.000,BBG000KLB4Q1,0.00028485587,-0.0127679445,7908265
20120926,16:00:00.000,BBG000BR3KL6,-0.0027984239,-0.011119034,1089408
20120926,16:00:00.000,BBG000BB9KF2,-0.003996458,-0.00045103475,1587529
20120926,16:00:00.000,BBG000BVDLH9,0.0032219272,-0.004912888,893141
20120926,16:00:00.000,BBG000C0MF34,-0.004255594,0.0010872203,775364
20120926,16:00:00.000,BBG000FVXD63,0.02033788,0.009985812,1572579
20120926,16:00:00.000,BBG000CGQ6M4,-0.018840332,-0.023046901,1729241
20120926,16:00:00.000,BBG000BJSBJ0,0.0022598282,0.005029117,2374809
20120926,16:00:00.000,BBG000BFTJ91,-0.01113157,-0.020346453,3807468
20120926,16:00:00.000,BBG000BSC0K9,-0.0037797468,-0.0061600367,1721281
20120926,16:00:00.000,BBG000BWXL85,0.004957362,-0.008077343,2239934
20120926,16:00:00.000,BBG000QY3XZ2,0.011704082,-0.008255394,1904763
20120926,16:00:00.000,BBG000BCWCG1,0.035134025,0.038972456,10020664
20120926,16:00:00.000,BBG000CKVSG8,0.007608625,-4.3437564e-07,5335702
20120926,16:00:00.000,BBG000JN8R00,0.0081536565,0.0074084206,1997570
20120926,16:00:00.000,BBG000BBBNC6,-0.005512329,-0.019337565,2999699
20120926,16:00:00.000,BBG000JG0547,-0.00047532143,-0.0051392377,2337825
20120926,16:00:00.000,BBG000R7Z112,0.0062451903,0.016638517,5049149
20120926,16:00:00.000,BBG000D898T9,0.005337887,0.0034601002,4923702
20120926,16:00:00.000,BBG000Q3JN03,-0.00040512535,-0.009689228,15210141
20120926,16:00:00.000,BBG000BRJL00,-0.00965992,-0.004137036,4947098
20120926,16:00:00.000,BBG000C2V3D6,0.012269966,-0.0022163836,3614428
20120926,16:00:00.000,BBG000G30YX4,-0.0033781284,-0.017113803,1001096
20120926,16:00:00.000,BBG000G0Z878,0.006203514,-0.006381789,5085381
20120926,16:00:00.000,BBG000BKXBV7,-0.017355055,-0.030933885,9418696
20120926,16:00:00.000,BBG000BJ98Z0,-0.021314671,-0.015065818,8538740
20120926,16:00:00.000,BBG000BR14K5,0.0065809176,0.0021977464,1533507
20120926,16:00:00.000,BBG000BGYWY6,-0.00566631,-0.0022501508,817708
20120926,16:00:00.000,BBG000BCGY17,0.0022498139,0.005888457,977231
20120926,16:00:00.000,BBG000BV75B7,-0.001135416,-0.007301462,1941693
20120926,16:00:00.000,BBG000CXD6X9,-0.011731484,-0.012683056,1724151
20120926,16:00:00.000,BBG000BWVSR1,-0.007557111,-0.007166284,3327189
20120926,16:00:00.000,BBG000BVPPM1,0.0026469426,-0.008526996,2909856
20120926,16:00:00.000,BBG000BBMSJ6,-0.0066917287,-0.013338845,3686083
20120926,16:00:00.000,BBG000CHPY97,0.010874738,-0.0009154156,4199891
20120926,16:00:00.000,BBG000C3GN47,0.021998087,0.0083621405,2302124
20120926,16:00:00.000,BBG000BYYLS8,-0.0042350646,-0.013564005,3707523
20120926,16:00:00.000,BBG000DTMH63,,,3769951
20120926,16:00:00.000,BBG000PVRDL2,-0.007954989,-0.009472148,7026895
20120926,16:00:00.000,BBG000DQTXY6,0.007571604,-0.038629152,11628880
20120926,16:00:00.000,BBG000JF5CV9,0.0122647425,0.002381131,4415523
20120926,16:00:00.000,BBG000CJZ2W6,-0.021995757,-0.02936953,2653688
20120926,16:00:00.000,BBG000K14Q84,-0.0025975925,-0.00931696,4019609
20120926,16:00:00.000,BBG000BH3JF8,0.013206541,0.009352003,5138149
20120926,16:00:00.000,BBG000BTKGG8,0.002879434,-0.00638174,5858995
20120926,16:00:00.000,BBG000BB5006,0.0004748539,-0.010643071,3288011
20120926,16:00:00.000,BBG000BSBZH7,-0.003068056,0.00038641258,1624348
20120926,16:00:00.000,BBG000BM6788,-0.0013888517,-0.009972048,2965266
20120926,16:00:00.000,BBG000BQ5DS5,-0.010829433,-0.007986716,3120855
20120926,16:00:00.000,BBG000BB6WG8,-0.004079748,-0.00614715,5442571
20120926,16:00:00.000,BBG000BRK7L6,0.0013046318,-0.010053079,5149014
20120926,16:00:00.000,BBG000BMY992,0.0043129935,0.0017036191,5499017
20120926,16:00:00.000,BBG000FKJRC5,-0.004183111,-0.012214463,1641240
20120926,16:00:00.000,BBG000C1BW00,0.0060749063,0.0043713865,1117100
20120926,16:00:00.000,BBG000DY8ZS4,0.011476535,-0.0071573677,12590283
20120926,16:00:00.000,BBG000BY33P5,-0.021023657,-0.026308525,6497429
20120926,16:00:00.000,BBG000BKLH74,-0.0010064105,-0.005354988,3388260
20120926,16:00:00.000,BBG000BMF5J0,-0.00015657181,-0.0044579697,8989985
20120926,16:00:00.000,BBG000CSY9H9,0.011143707,0.01201899,3797254
20120926,16:00:00.000,BBG000CPQZ77,-0.011229336,-0.017728694,1471849
20120926,16:00:00.000,BBG000CS7CT9,0.0045745745,0.0038092888,2094767
20120926,16:00:00.000,BBG000BC9938,-0.005126254,-0.020224035,2297498
20120926,16:00:00.000,BBG000BBJQV0,-0.007834582,-0.017156733,10541077
20120926,16:00:00.000,BBG000FQ6PY6,-0.00064772123,-0.012438139,2041981
20120926,16:00:00.000,BBG000PM7GJ0,0.011465189,0.009182391,25680358
20120926,16:00:00.000,BBG000GC80B4,0.01088355,0.0025185966,2210731
20120926,16:00:00.000,BBG000DYGNW7,0.0003398615,0.001711673,1410577
20120926,16:00:00.000,BBG000HCJMF9,-0.020101914,-0.032928392,5627895
20120926,16:00:00.000,BBG000C17X76,-0.0006851493,-0.00814424,1660385
20120926,16:00:00.000,BBG000BMDV41,0.0045251804,-0.0025470874,4081530
20120926,16:00:00.000,BBG000TWC2V5,-0.005752521,-0.0029883652,1607794
20120926,16:00:00.000,BBG000BBPFB9,0.009149014,-0.00089721143,10371924
20120926,16:00:00.000,BBG000BLKK03,-0.0063485913,-0.012331281,1370132
20120926,16:00:00.000,BBG000R8ZVD1,0.012073862,0.010076836,1541785
20120926,16:00:00.000,BBG000BD8PN9,0.010512971,0.00088412856,6366031
20120926,16:00:00.000,BBG000BBDV81,0.006061754,-0.0003680377,1695957
20120926,16:00:00.000,BBG000BCVJ77,-0.009788959,-0.016278796,4309530
20120926,16:00:00.000,BBG000BJL3N0,0.003561953,-0.0051828786,10591925
20120926,16:00:00.000,BBG000BZ2GG4,-0.0003815586,-0.02108603,2509516
20120926,16:00:00.000,BBG000BKFBD7,-0.007495789,-0.015225613,4179057
20120926,16:00:00.000,BBG000BJ2VQ6,-0.0058908015,-0.024857389,3389574
20120926,16:00:00.000,BBG000BKFZM4,0.006464901,-0.0054104654,11777792
20120926,16:00:00.000,BBG000QBR5J5,-0.00478256,-0.016208002,5027495
20120926,16:00:00.000,BBG000BJPDZ1,-0.02221031,-0.03116129,377697
20120926,16:00:00.000,BBG000BH5LT6,0.0043910323,-0.016627805,3501017
20120926,16:00:00.000,BBG000MBDGM6,0.022050794,0.008464841,684999
20120926,16:00:00.000,BBG000LD9JQ8,-0.0017405606,-0.001318042,1054639
20120926,16:00:00.000,BBG000BTR593,0.009358589,0.0006008185,4329641
20120926,16:00:00.000,BBG000BVMGF2,-0.004353518,-0.011768487,3099431
20120926,16:00:00.000,BBG000FJLFX8,-0.008717642,-0.015540349,4343212
20120926,16:00:00.000,BBG000BWNFZ9,0.0020393662,-0.020301698,3618085
20120926,16:00:00.000,BBG000BR54L0,-0.00016569099,-0.04855332,23485758
20120926,16:00:00.000,BBG000BCBCM7,-0.01805538,-0.024793928,20506732
20120926,16:00:00.000,BBG000BM5SR2,0.014021685,0.0013900275,4625042
20120926,16:00:00.000,BBG000BJ81C1,-0.0042078737,-0.009933551,1886043
20120926,16:00:00.000,BBG001DCCGR8,0.00047925196,-0.0121153835,3214703
20120926,16:00:00.000,BBG000H89QJ6,0.0016404956,-0.006969269,2084413
20120926,16:00:00.000,BBG000F6H8W8,-0.0025773786,-0.0045350185,1512210
20120926,16:00:00.000,BBG000BS0ZF1,-0.0009109029,-0.0009934002,593317
20120926,16:00:00.000,BBG000BVWLJ6,-0.003311624,-0.0031009614,6368161
20120926,16:00:00.000,BBG000BGJRC8,-0.0077085216,-0.00755959,6752125
20120926,16:00:00.000,BBG000BT9DW0,0.0019175776,0.0080878,2963575
20120926,16:00:00.000,BBG000BXRPH1,0.0032406214,-0.013351248,1535016
20120926,16:00:00.000,BBG000C7LMS8,0.0064876485,0.01173264,867431
20120926,16:00:00.000,BBG00286S4N9,-0.003583135,-0.010001395,3202749
20120926,16:00:00.000,BBG000BH2JM1,0.012148664,-6.077623e-07,9369131
20120926,16:00:00.000,BBG000BRD0D8,-0.010620342,-0.016113091,4946420
20120926,16:00:00.000,BBG000BJF1Z8,4.5039444e-05,-0.0021287543,2287801
20120926,16:00:00.000,BBG000BHQ1H0,0.012571707,0.007180014,2594942
20120926,16:00:00.000,BBG000BN5HF7,-0.00929999,-0.045209385,9116518
20120926,16:00:00.000,BBG000B9WH86,-0.002397624,0.0056598536,24190076
20120926,16:00:00.000,BBG000C5Z1S3,-0.015411421,-0.024569469,31799528
20120926,16:00:00.000,BBG000D9D830,-0.0018403912,-0.008932718,2742875
20120926,16:00:00.000,BBG000JWD753,0.01840091,0.018227184,8622167
20120926,16:00:00.000,BBG000BKCFC2,-0.006670184,-0.003988876,3365825
20120926,16:00:00.000,BBG000BWVCP8,-0.01227596,-0.022442518,6516027
20120926,16:00:00.000,BBG000BBD070,-0.011227476,-0.022199547,4436401
20120926,16:00:00.000,BBG000BMBL90,-0.005453248,-0.011957425,3408825
20120926,16:00:00.000,BBG000BNWG87,0.0030654585,-0.005540002,4369167
20120926,16:00:00.000,BBG000BCG930,-0.0077189375,-0.014362894,2730197
20120926,16:00:00.000,BBG000BHX7N2,-0.005144788,-0.008281483,4351628
20120926,16:00:00.000,BBG000BX3TD3,0.008509204,0.013099703,11886900
20120926,16:00:00.000,BBG000BH23R1,0.0041126264,0.0020049156,21148372
20120926,16:00:00.000,BBG000BBVJZ8,0.00038317486,-0.00806931,2463386
20120926,16:00:00.000,BBG000BJ3PD2,0.011075965,0.0021639338,3076441
20120926,16:00:00.000,BBG000BFQYY3,0.0037705312,0.0003748451,1452886
20120926,16:00:00.000,BBG000BMW2Z0,0.0011292129,-0.001519454,1426984
20120926,16:00:00.000,BBG000CXYSZ6,-0.006980442,-0.018639185,1219275
20120926,16:00:00.000,BBG000H556T9,0.006890567,0.0021905578,3703633
20120926,16:00:00.000,BBG000J6XT05,-0.006475885,-0.00028137668,4384437
20120926,16:00:00.000,BBG000C8H633,-0.0012368823,-0.0153162815,7279964
20120926,16:00:00.000,BBG000FP1N32,-0.030743288,-0.04212041,10355357
20120926,16:00:00.000,BBG000BD4VG8,-0.0030634878,-0.01880499,4891305
20120926,16:00:00.000,BBG000C496P7,-0.010659994,-0.021460893,10953802
20120926,16:00:00.000,BBG000FG3C43,-0.011132846,-0.027695306,6646483
20120926,16:00:00.000,BBG000DHSPT0,-0.008069803,-0.0187365,4064567
20120926,16:00:00.000,BBG000FW00S1,0.021812167,0.014562615,9367724
20120926,16:00:00.000,BBG000BFC8J2,0.0086302105,-0.0007878938,2258721
20120926,16:00:00.000,BBG000BZ9223,-0.0013625671,-0.016276743,1238770
20120926,16:00:00.000,BBG000GFFQN9,-0.0018685213,-0.0044659004,12301166
20120926,16:00:00.000,BBG000G2R6M0,0.0034630722,0.0087369755,5282631
20120926,16:00:00.000,BBG000FL1TC8,-0.009657354,-0.018684119,3870483
20120926,16:00:00.000,BBG000BGKTF9,-0.0025674882,-0.011625939,3689558
20120926,16:00:00.000,BBG000BB6KF5,-0.007251327,-0.021022232,8579571
20120926,16:00:00.000,BBG000BGLRN3,-0.016665377,-0.017165698,4237831
20120926,16:00:00.000,BBG000Q9HH23,-0.007826768,-0.015767174,1787480
20120926,16:00:00.000,BBG000BV8DN6,0.009829719,0.012710843,6383935
20120926,16:00:00.000,BBG000BFXHL6,-0.0054031527,-0.00903296,3784018
20120926,16:00:00.000,BBG000C46HM9,0.006208813,-0.0002644025,4788595
20120926,16:00:00.000,BBG000BFRF55,0.0059759743,0.003336657,7796479
20120926,16:00:00.000,BBG000BNBDC2,0.0024194622,-0.0050584488,4552814
20120926,16:00:00.000,BBG000BH13K9,0.00405179,0.00079258706,3249033
20120926,16:00:00.000,BBG000BGPTV6,0.004231237,-0.0015690139,2130830
20120926,16:00:00.000,BBG000QX74T1,-0.0114573715,-0.014462891,899131
20120926,16:00:00.000,BBG000BWJFZ4,0.018574717,0.008219669,759154
20120926,16:00:00.000,BBG000BWLMJ4,-0.0015530445,-0.00665436,5710816
20120926,16:00:00.000,BBG000BW3299,-0.011446897,-0.0120046055,1944776
20120926,16:00:00.000,BBG000BFDXW1,-0.006110872,-0.013887271,8835493
20120926,16:00:00.000,BBG000BC2C10,0.009178488,-3.482655e-07,2966389
20120926,16:00:00.000,BBG000BVV7G1,-0.0014174618,-0.008985147,16344835
20120926,16:00:00.000,BBG000BPWXK1,-0.0034852433,0.003176902,5752794
20120926,16:00:00.000,BBG000BBGGQ1,-0.0082649095,-0.017797578,6592993
20120926,16:00:00.000,BBG000BHBK84,-0.0051700207,-0.012557953,8463703
20120926,16:00:00.000,BBG000BJX8C8,-0.00851377,-0.022507802,4205058
20120926,16:00:00.000,BBG000H8TVT2,-0.008700035,-0.008079676,3281782
20120926,16:00:00.000,BBG000BTZQC4,-5.015862e-05,-0.00034581294,4777756
20120926,16:00:00.000,BBG000BP52R2,-0.0004985437,-0.002477307,2456944
20120926,16:00:00.000,BBG000C5HS04,-0.0026430287,0.004733138,2810435
20120926,16:00:00.000,BBG000BH3GZ2,9.2829374e-05,-0.002846338,2362660
20120926,16:00:00.000,BBG000F1ZSQ2,-0.004795389,-0.011913735,446687
20120926,16:00:00.000,BBG000C15T95,0.008264912,0.0061231265,3170689
20120926,16:00:00.000,BBG000BFWKC0,-0.0028631135,-0.011052988,2424918
20120926,16:00:00.000,BBG000CL9VN6,0.029248856,0.025379268,5126546
20120926,16:00:00.000,BBG000F0KF42,0.012549114,-0.017747344,7295329
20120926,16:00:00.000,BBG000C240W1,-0.003808657,-0.014454016,37287808
20120926,16:00:00.000,BBG000L9CV04,-0.002791665,-0.004162038,3759128
20120926,16:00:00.000,BBG000BC40Y8,0.005283066,-0.0056384653,3405235
20120926,16:00:00.000,BBG000BL4504,-0.00088575855,-0.0151878735,12673570
20120926,16:00:00.000,BBG000BB07P9,-0.0066618165,-0.00097603264,9219121
20120926,16:00:00.000,BBG000BBDZG3,0.0027017382,-0.010269593,30114088
20120926,16:00:00.000,BBG000BY29C7,0.0005846137,0.0024028427,5637343
20120926,16:00:00.000,BBG000DWG505,0.0016870715,0.0024391352,3456756
20120926,16:00:00.000,BBG000BCQZS4,-0.00776473,-0.016981455,4840949
20120926,16:00:00.000,BBG000CKGBP2,-0.008119119,-0.017768834,5997623
20120926,16:00:00.000,BBG000BHGDH5,-0.006510052,0.00015638559,2636785
20120926,16:00:00.000,BBG000FFDM15,0.0041133044,0.0010308365,11858156
20120926,16:00:00.000,BBG000BWXBC2,0.0012570331,-0.0008081,4395835
20120926,16:00:00.000,BBG000BGRY34,0.008401215,0.0046206117,4925887
20120926,16:00:00.000,BBG000BN2DC2,-0.006639495,-0.020569954,2024610
20120926,16:00:00.000,BBG000BH1NH9,0.009584425,0.002710227,3464413
20120926,16:00:00.000,BBG000F0PF65,0.002268488,-0.0075546736,6370212
20120926,16:00:00.000,BBG000BW8S60,-0.001809989,-0.0027941673,4461680
20120926,16:00:00.000,BBG000BCSST7,0.008484492,0.01232143,4949843
20120926,16:00:00.000,BBG000CH5208,-0.0013773754,-0.007295582,5324261
20120926,16:00:00.000,BBG000BQQ2S6,0.005809907,-0.0036335576,2998482
20120926,16:00:00.000,BBG000BLZRJ2,0.0045628874,-0.010833295,20469956
20120926,16:00:00.000,BBG000BP6LJ8,0.0016763024,0.0047026947,7410823
20120926,16:00:00.000,BBG000DWYF03,0.0068505835,-0.0024557828,12835500
20120926,16:00:00.000,BBG000BQPC32,-0.00494512,-0.007932304,42785508
20120926,16:00:00.000,BBG000BBS2Y0,0.004720443,-0.004591994,4602857
20120926,16:00:00.000,BBG000CTQBF3,-0.0049557243,-0.008115693,6712350
20120926,16:00:00.000,BBG000DQLV23,-0.00369474,-0.009706451,8147667
20120926,16:00:00.000,BBG000KHWT55,0.030935086,0.02393049,36210196
20120926,16:00:00.000,BBG000BNDN65,0.009495683,0.010441343,14513217
20120926,16:00:00.000,BBG000B9ZXB4,-9.095769e-05,-0.005532072,5163898
20120926,16:00:00.000,BBG000DH7JK6,-0.0039757346,0.001279533,3477539
20120926,16:00:00.000,BBG000BH4R78,-0.003742892,-0.011414846,7606189
20120926,16:00:00.000,BBG000BQQH30,0.0048582098,-0.0064462414,5813224
20120926,16:00:00.000,BBG000PSKYX7,-0.0069088703,-0.015082543,2535844
20120926,16:00:00.000,BBG000C6CFJ5,0.0052026156,-0.004357988,4885558
20120926,16:00:00.000,BBG000BKTFN2,-0.009349694,-0.024449835,14921161
20120926,16:00:00.000,BBG000J2XL74,0.0020135797,0.0038863155,3589563
20120926,16:00:00.000,BBG000BHVJJ3,-0.00015884658,-0.015098209,15962364
20120926,16:00:00.000,BBG000C43RR5,-0.0030832286,-0.009373931,11822024
20120926,16:00:00.000,BBG000BFT2L4,-0.0113962935,-0.020364722,13181156
20120926,16:00:00.000,BBG000D4LWF6,-0.0030187604,-0.0012098217,13534799
20120926,16:00:00.000,BBG000BNSZP1,0.0019429196,0.0035541058,4160348
20120926,16:00:00.000,BBG000BT41Q8,0.0031754759,-0.008940561,4700132
20120926,16:00:00.000,BBG000BKZB36,-0.008564328,-0.009208563,8204043
20120926,16:00:00.000,BBG000BPD168,0.0033223487,-0.0026584181,11723061
20120926,16:00:00.000,BBG000HS77T5,-0.0006385994,-0.00043899345,8676165
20120926,16:00:00.000,BBG000BQLTW7,-0.010599715,-0.01853354,27726332
20120926,16:00:00.000,BBG000BVPV84,-0.0030078548,-0.0106772585,2730694
20120926,16:00:00.000,BBG000BJDB15,0.00077287643,-0.00050999585,21462700
20120926,16:00:00.000,BBG000BMX289,-0.00086149666,0.0026543827,14130864
20120926,16:00:00.000,BBG000MM2P62,0.021544348,0.016768625,36670344
20120926,16:00:00.000,BBG000CGC1X8,0.00120456,-0.0060595707,9578948
20120926,16:00:00.000,BBG000BLBVN4,-0.0059947986,-0.015540387,931618
20120926,16:00:00.000,BBG000BF0K17,0.004715061,-0.0010344168,8630478
20120926,16:00:00.000,BBG000BR2TH3,-0.002968855,-0.004024754,7056434
20120926,16:00:00.000,BBG000K4ND22,0.0018494097,-0.005387187,4866552
20120926,16:00:00.000,BBG000BR2B91,0.0053414754,-0.00040160771,26001180
20120926,16:00:00.000,BBG000C3J3C9,0.0041535953,-0.0037550402,28235604
20120926,16:00:00.000,BBG000BLNNH6,0.0015306872,-0.0050704693,3155999
20120926,16:00:00.000,BBG000BWQFY7,-0.0012891811,-0.008351569,26006344
20120926,16:00:00.000,BBG000BMHYD1,0.00040447252,-0.0041854554,8893521
20120926,16:00:00.000,BBG000BK6MB5,-0.005025195,-0.009409714,38199436
20120926,16:00:00.000,BBG000BSJK37,0.0017386312,0.001050724,23243132
20120926,16:00:00.000,BBG000C0G1D1,0.012009769,0.0053312783,46364284
20120926,16:00:00.000,BBG000FY4S11,0.004454951,-0.010950339,41356060
20120926,16:00:00.000,BBG000BCTLF6,0.00060259836,-0.012324527,143489440
20120926,16:00:00.000,BBG000DMBXR2,0.0032786245,-0.0076427967,22022924
20120926,16:00:00.000,BBG000BPH459,0.0024141197,-0.0072380714,47714680
20120926,16:00:00.000,BBG000GZQ728,-0.002717624,-0.0055580707,9821801
20120926,16:00:00.000,BBG000BHSKN9,0.01088054,0.0045587127,5565818
20120926,16:00:00.000,BBG000B9XRY4,0.0007120965,-0.012919887,19705320
