Date,Time,Id,CumReturnResid,CumReturnRaw,CumVolume
20131119,09:45:00.000,BBG000C221G9,-0.0004683691,-0.0024889968,27972
20131119,09:45:00.000,BBG000D9H9F1,0.015337154,0.014277407,319378
20131119,09:45:00.000,BBG000BJ5GK2,0.0017826256,-0.0039247796,45876
20131119,09:45:00.000,BBG000BVVQQ8,0.003649288,0.0024438344,52100
20131119,09:45:00.000,BBG000PTLGZ1,-0.0021481137,-0.0064152996,20169
20131119,09:45:00.000,BBG000CGT2S4,0.002953441,-0.0015459578,198430
20131119,09:45:00.000,BBG000RKR4R8,-0.008807409,-0.019180367,807375
20131119,09:45:00.000,BBG000BDWKC5,0.0018311971,-0.0030720963,138899
20131119,09:45:00.000,BBG000JB27Y9,0.0014297391,-0.0012943196,26502
20131119,09:45:00.000,BBG000BLXZN1,-0.0013725739,-0.003220301,23814
20131119,09:45:00.000,BBG000BK5DP1,-0.0026340347,-0.0071041523,150874
20131119,09:45:00.000,BBG000FBR384,0.009057286,0.007688301,50608
20131119,09:45:00.000,BBG000BCHG15,-0.0055985185,-0.007513201,79838
20131119,09:45:00.000,BBG000BLHRS2,0.0013344765,-0.0051284893,38469
20131119,09:45:00.000,BBG000F80SZ5,-0.0054317797,-0.016554961,583899
20131119,09:45:00.000,BBG000BQ87N0,-0.00039759307,-0.0016336275,46534
20131119,09:45:00.000,BBG000HW5GX3,0.0016807038,-0.0027927475,129597
20131119,09:45:00.000,BBG000BLMZK6,-0.0056333374,-0.008658281,35642
20131119,09:45:00.000,BBG000BND699,-0.0015169797,-0.0032786033,77888
20131119,09:45:00.000,BBG000BYWTX7,-0.012075772,-0.010873614,525416
20131119,09:45:00.000,BBG000BGKHZ3,-0.0036416752,-0.004955355,29690
20131119,09:45:00.000,BBG000M1R011,0.017186904,0.00464587,89218
20131119,09:45:00.000,BBG000BCJ161,-0.0054305326,-0.010142077,166406
20131119,09:45:00.000,BBG000DGPR66,-0.004240396,-0.00816598,170484
20131119,09:45:00.000,BBG000BV75B7,-0.0024018486,-0.002969586,38618
20131119,09:45:00.000,BBG000BPZBB6,0.00033761875,-0.0024825288,44084
20131119,09:45:00.000,BBG000BL79J3,-0.012908517,-0.017913513,1039399
20131119,09:45:00.000,BBG000BP7JB0,0.0018530677,-0.0032613447,164377
20131119,09:45:00.000,BBG000BVB8Q0,-0.0034619453,-0.0090274,183762
20131119,09:45:00.000,BBG000TJM7F0,-0.00136238,-0.0036980503,69635
20131119,09:45:00.000,BBG000BHQYG9,-0.005956308,-0.015454449,19472
20131119,09:45:00.000,BBG000BDDN94,0.0001692553,-0.007970487,11124
20131119,09:45:00.000,BBG000BWP7D9,-0.00079908094,-0.0017714531,45849
20131119,09:45:00.000,BBG000F9KJN4,-0.006261531,-0.011439842,121405
20131119,09:45:00.000,BBG000BWVSR1,-0.0037967956,-0.0052754083,180365
20131119,09:45:00.000,BBG000BHCP19,-0.002931978,-0.0039585773,83736
20131119,09:45:00.000,BBG000BFDLV8,-0.0022424061,-0.008297196,44172
20131119,09:45:00.000,BBG000BX8DC4,0.0064557684,0.00188321,75782
20131119,09:45:00.000,BBG000CPHYL4,-0.0057883263,-0.012864796,75069
20131119,09:45:00.000,BBG000BCNYT9,0.0014012813,-0.0023370706,266755
20131119,09:45:00.000,BBG000VC0T95,0.0013424814,-0.008892355,35511
20131119,09:45:00.000,BBG000PCQQL6,0.004339058,-0.0005409626,45259
20131119,09:45:00.000,BBG000BQ74K1,0.002232069,0.0024561542,44933
20131119,09:45:00.000,BBG000BJDPC2,-0.0014323579,-0.0032117467,20957
20131119,09:45:00.000,BBG000GPXKX9,0.0016178824,-0.0028386514,11473
20131119,09:45:00.000,BBG000BJ49H3,0.002270231,-0.0026963125,14508
20131119,09:45:00.000,BBG000PLXQQ3,-0.0049959533,-0.007885294,14696
20131119,09:45:00.000,BBG000BQHGR6,0.004238754,8.6994536e-05,71787
20131119,09:45:00.000,BBG000KLB4Q1,0.007892688,0.008285452,203900
20131119,09:45:00.000,BBG000C3Y7J6,0.0019793797,-0.0007611744,20780
20131119,09:45:00.000,BBG000FFH4P5,-0.00040836216,-0.002408177,22723
20131119,09:45:00.000,BBG000JBSJZ4,-0.00504155,-0.0064641517,73755
20131119,09:45:00.000,BBG000F86GP6,0.005764079,0.0030306214,138225
20131119,09:45:00.000,BBG000BQTMJ9,0.012308564,0.008352826,190223
20131119,09:45:00.000,BBG000RNTSX0,-0.0029836718,-0.004770312,6715
20131119,09:45:00.000,BBG000GZD660,-0.0039034458,-0.010018778,13097
20131119,09:45:00.000,BBG000D9DMK0,0.0003583677,-0.0037239778,32252
20131119,09:45:00.000,BBG003P9ZSL3,-0.010371944,-0.009424106,15491
20131119,09:45:00.000,BBG000C37332,0.004296786,-0.00073959725,14400
20131119,09:45:00.000,BBG000C1DHF5,-0.00033302323,-0.0010316547,71465
20131119,09:45:00.000,BBG000FW8LZ9,0.0033354454,-0.004546478,59816
20131119,09:45:00.000,BBG000BCVMH9,0.0015629544,-0.00023340438,18686
20131119,09:45:00.000,BBG000BKQ3V3,0.006183717,0.0011982579,92249
20131119,09:45:00.000,BBG000CXD6X9,0.009848575,0.006043303,108140
20131119,09:45:00.000,BBG000BCYP43,0.0074550854,0.0036515063,17567
20131119,09:45:00.000,BBG000PM7GJ0,0.0016040405,-0.0039448184,785306
20131119,09:45:00.000,BBG000C75N77,-0.00074449996,-0.0032385616,35878
20131119,09:45:00.000,BBG000G8N9C6,-0.0033865445,-0.006562443,113651
20131119,09:45:00.000,BBG000C90DH9,0.0023380017,0.0005863348,98850
20131119,09:45:00.000,BBG000C6F3T8,0.006952057,-0.000891036,230735
20131119,09:45:00.000,BBG000BFV115,-0.0044821394,-0.013066081,74299
20131119,09:45:00.000,BBG000C7B436,-0.00430693,-0.011319663,30162
20131119,09:45:00.000,BBG000BLCPY4,0.0063905306,-0.00031717808,64705
20131119,09:45:00.000,BBG000BD3LM4,-0.0028998984,-0.007400493,252271
20131119,09:45:00.000,BBG000BDY3Y7,-0.021180673,-0.027565097,271906
20131119,09:45:00.000,BBG000BMZ7P7,0.00075508445,-0.004259881,20858
20131119,09:45:00.000,BBG000BBNYF6,-0.0089208335,-0.0116629405,106872
20131119,09:45:00.000,BBG000BK6G19,0.0010498633,-0.005484053,40173
20131119,09:45:00.000,BBG000BB29X4,-0.0018876302,-0.0023779497,40084
20131119,09:45:00.000,BBG000BB03M1,0.0007239146,-0.014772876,114589
20131119,09:45:00.000,BBG000BGD7W6,0.0006341284,-0.0039513153,42053
20131119,09:45:00.000,BBG000C3NTN5,0.0020540643,-0.0013987833,86804
20131119,09:45:00.000,BBG000BHB3M6,-0.0053797355,-0.0067855725,24490
20131119,09:45:00.000,BBG000BBCQD7,-0.00025770254,-0.0007669136,88702
20131119,09:45:00.000,BBG000D14WM3,-0.007610974,-0.018590625,656437
20131119,09:45:00.000,BBG000CVWGS6,-0.01036207,-0.016547963,528258
20131119,09:45:00.000,BBG000BQSQ38,-0.0015969459,-0.0029929983,107421
20131119,09:45:00.000,BBG000BPQVR5,0.0014188552,-0.000789885,31188
20131119,09:45:00.000,BBG000BCZYD3,-0.00048279387,-0.0036982992,28134
20131119,09:45:00.000,BBG000FDBX90,-0.0003261129,-0.0026098038,30757
20131119,09:45:00.000,BBG000BQVTF5,0.0013139283,-0.0029262232,55613
20131119,09:45:00.000,BBG001BPFT54,-0.029195474,-0.040480573,1103581
20131119,09:45:00.000,BBG000BHC2S1,-0.0064690895,-0.0048996876,15983
20131119,09:45:00.000,BBG000DN7P92,-0.001313232,-0.004285408,106779
20131119,09:45:00.000,BBG000C060M4,-0.005936605,-0.008831775,43229
20131119,09:45:00.000,BBG000BHKYH4,-0.003985491,-0.0040619466,44256
20131119,09:45:00.000,BBG000F6ZWH2,0.0226189,0.02306405,253618
20131119,09:45:00.000,BBG000BFTJ91,-0.0017286857,-0.0036693625,58180
20131119,09:45:00.000,BBG000BD0TF8,-0.0002624039,-0.0017646931,163429
20131119,09:45:00.000,BBG000BP1Q11,0.0047149933,0.0037744255,55166
20131119,09:45:00.000,BBG000D5S4M0,0.005965492,-0.0015173603,16467
20131119,09:45:00.000,BBG000MQ1SN9,-0.00052294333,-0.0045548985,113490
20131119,09:45:00.000,BBG000BKZTP3,0.0013055232,-0.002705851,39277
20131119,09:45:00.000,BBG000C0HQ54,0.0028708084,-0.0025616675,499417
20131119,09:45:00.000,BBG000BP1152,0.003698131,-0.0031159467,41004
20131119,09:45:00.000,BBG000BN9WT5,-0.006634215,-0.006418664,71663
20131119,09:45:00.000,BBG000BBLK04,-0.0048076333,-0.008982415,11939
20131119,09:45:00.000,BBG000NSQ9M0,0.0017979381,0.0076376875,322692
20131119,09:45:00.000,BBG000BRXP69,-0.002415085,-0.005001281,33821
20131119,09:45:00.000,BBG000BGYWY6,-0.0021640155,-0.0027304387,9776
20131119,09:45:00.000,BBG000BJ8YN7,-0.000930563,-0.00095961156,218605
20131119,09:45:00.000,BBG000BFVXX0,-0.0003329815,-0.0010847164,69608
20131119,09:45:00.000,BBG000BLM0V1,-0.0023493029,-0.0016098834,19143
20131119,09:45:00.000,BBG000BBCDZ2,0.0062356642,0.002646877,22430
20131119,09:45:00.000,BBG000KBQZ88,-0.00016135536,-0.004663558,51332
20131119,09:45:00.000,BBG000BWXL85,-0.002094493,-0.006876563,65347
20131119,09:45:00.000,BBG000BKXYX5,8.907184e-05,-0.0053631575,32475
20131119,09:45:00.000,BBG000D1QCF1,0.0023041598,-0.004218188,92519
20131119,09:45:00.000,BBG000CKVSG8,0.0074355253,-0.0007230782,103176
20131119,09:45:00.000,BBG000BPYHJ6,0.0020106204,-0.0035779683,61872
20131119,09:45:00.000,BBG000BKWSR6,-0.0014295551,-0.0044918023,1136846
20131119,09:45:00.000,BBG000BMTFR4,-0.0033719097,-0.009223002,141673
20131119,09:45:00.000,BBG000C1FQS9,-0.0004583559,-0.0009440182,27643
20131119,09:45:00.000,BBG000BR37X2,0.0007528395,-0.0001833503,98421
20131119,09:45:00.000,BBG000BB6G37,-0.0028624148,-0.0029911138,60768
20131119,09:45:00.000,BBG000CHPY97,0.0053128996,0.0026673817,645438
20131119,09:45:00.000,BBG000BPXRB3,-0.013907441,-0.018924955,79838
20131119,09:45:00.000,BBG000BF5RY1,0.0006649629,-0.002388098,53942
20131119,09:45:00.000,BBG000BNNKG9,0.007492104,0.00504191,174203
20131119,09:45:00.000,BBG001NVJ6W4,-0.009853221,-0.016112424,137580
20131119,09:45:00.000,BBG0035LY913,0.0024604776,0.0011477388,75179
20131119,09:45:00.000,BBG000BMLWX8,0.0043178485,-0.0026986483,148902
20131119,09:45:00.000,BBG000BPNP00,0.00054761575,0.0010407028,94337
20131119,09:45:00.000,BBG000DSMS70,0.004465496,-0.0025511694,87215
20131119,09:45:00.000,BBG000D13GN8,-0.017160717,-0.026527615,190644
20131119,09:45:00.000,BBG000BSC0K9,0.0008949382,-0.0015957429,63662
20131119,09:45:00.000,BBG000MDCQC2,0.0034437468,-0.0009395875,80951
20131119,09:45:00.000,BBG000BMKDM3,-0.003180967,-0.008818973,79849
20131119,09:45:00.000,BBG000BF1R66,4.953993e-05,0.00026394558,14505
20131119,09:45:00.000,BBG000BJQWD2,-0.0037782385,-0.0068876618,64651
20131119,09:45:00.000,BBG000C2ZCH8,-0.002800681,-0.0045063267,31596
20131119,09:45:00.000,BBG000BP8Z50,-0.0057221754,-0.0042799446,54765
20131119,09:45:00.000,BBG000FBK808,-0.004305526,-0.011524015,316260
20131119,09:45:00.000,BBG000BXMFC3,0.005205805,0.000295532,59623
20131119,09:45:00.000,BBG000BFNR17,0.0088061355,0.005275099,12274
20131119,09:45:00.000,BBG000RGM5P1,0.010357319,0.008095678,198529
20131119,09:45:00.000,BBG000BKR1D6,0.00090133183,0.0023441534,17086
20131119,09:45:00.000,BBG000D7RKJ5,0.0004660067,0.0009201641,36861
20131119,09:45:00.000,BBG000G6BN50,0.0024799549,0.0016443635,17238
20131119,09:45:00.000,BBG000J1QLT0,0.0012509698,-0.0029609574,26825
20131119,09:45:00.000,BBG000BNFLM9,0.0026519909,-0.0038809378,104109
20131119,09:45:00.000,BBG000BTCH57,-0.012030982,-0.017561328,230075
20131119,09:45:00.000,BBG000FLZN98,0.006658977,0.0047185323,21036
20131119,09:45:00.000,BBG000C4DPX1,0.0017782361,-0.00011378288,28552
20131119,09:45:00.000,BBG000BQ8KV2,-0.00052672555,0.0019801485,84085
20131119,09:45:00.000,BBG000BPMH90,-0.0014915302,-0.006429286,51467
20131119,09:45:00.000,BBG000K14Q84,0.0003700076,-0.004613124,33074
20131119,09:45:00.000,BBG000BC9938,0.0007612439,-0.0044093924,73365
20131119,09:45:00.000,BBG000QFJ7H3,-0.0044740527,-0.016968463,280700
20131119,09:45:00.000,BBG000BTQR96,-0.0002140216,-0.00060424424,46851
20131119,09:45:00.000,BBG000CHWP52,-0.0012492137,-0.0034537264,67911
20131119,09:45:00.000,BBG000D8RG11,-0.0037471435,-0.005530044,90540
20131119,09:45:00.000,BBG000BS9489,-0.0011939218,-0.0029313923,57776
20131119,09:45:00.000,BBG000CKJ0P3,-0.0006610815,-0.0005294491,33050
20131119,09:45:00.000,BBG000BWCKB6,0.0002481735,-0.0037186735,11021
20131119,09:45:00.000,BBG000BVWLJ6,0.0036574872,0.004254978,129014
20131119,09:45:00.000,BBG000BXM6V2,-0.0030013782,-0.010368536,65148
20131119,09:45:00.000,BBG000D9KWL9,0.0007948924,-0.002066008,21216
20131119,09:45:00.000,BBG000BKNX95,-0.00440729,-0.010244395,117566
20131119,09:45:00.000,BBG000J5Q6L2,0.0029952475,0.0006894637,221949
20131119,09:45:00.000,BBG000QN4GY3,0.00567171,0.0028537884,110506
20131119,09:45:00.000,BBG000BCTQ65,0.0004553386,0.0003494204,73579
20131119,09:45:00.000,BBG000BNNYW1,-0.0023515052,-0.0056453953,82636
20131119,09:45:00.000,BBG003641015,0.002972268,0.00233763,37589
20131119,09:45:00.000,BBG000D6L294,-0.005998327,-0.015356279,69908
20131119,09:45:00.000,BBG000BSBZH7,0.0037837496,-0.002039879,35815
20131119,09:45:00.000,BBG000BNC3Y9,-0.0015329851,-0.002987799,80752
20131119,09:45:00.000,BBG000F15NW9,-0.00079818047,-0.0050170394,47981
20131119,09:45:00.000,BBG000R0L5J4,-0.003391392,-0.0029679919,60461
20131119,09:45:00.000,BBG000BVMPN3,-0.0034963484,-0.0036869766,24648
20131119,09:45:00.000,BBG000BB5BF6,-0.0071387845,-0.011992323,167418
20131119,09:45:00.000,BBG000BR3KL6,-0.003972094,-0.0053451867,20212
20131119,09:45:00.000,BBG000BNGTQ7,0.00036137132,-0.0062222634,83132
20131119,09:45:00.000,BBG000BHZ5J9,-0.0006487689,-0.006840846,120496
20131119,09:45:00.000,BBG000BN84F3,0.00046530098,-0.0031519702,47836
20131119,09:45:00.000,BBG000BBJQV0,-0.0031191704,-0.0035070921,267489
20131119,09:45:00.000,BBG000BB1TH9,-0.00021028848,-0.0107617015,70995
20131119,09:45:00.000,BBG000BFS7D3,-0.0019369236,-0.0039410316,70945
20131119,09:45:00.000,BBG000BR14K5,-0.0007267779,-0.0010157182,27759
20131119,09:45:00.000,BBG000BPVCR1,-0.0071422537,-0.014915318,136027
20131119,09:45:00.000,BBG000BKLH74,-0.0076816683,-0.0121570835,204731
20131119,09:45:00.000,BBG002S5ZRF9,-0.018251741,-0.022383617,197510
20131119,09:45:00.000,BBG000BKPL53,-0.0023260042,-0.0049679372,54918
20131119,09:45:00.000,BBG000DY8ZS4,-0.007284787,-0.014974482,606596
20131119,09:45:00.000,BBG000DNTSP4,-0.00042942577,-0.0036596355,113357
20131119,09:45:00.000,BBG000BM6788,-0.0011754445,-0.0022196705,104682
20131119,09:45:00.000,BBG000G3QLY3,0.0031032027,0.0008072938,21117
20131119,09:45:00.000,BBG000BLKK03,0.0030912943,0.003498138,53809
20131119,09:45:00.000,BBG000BP0KQ8,0.0029370978,-0.0041470095,246402
20131119,09:45:00.000,BBG000C7LMS8,-0.004816235,-0.0039271447,3907
20131119,09:45:00.000,BBG000JBN3X6,-0.002448908,0.013112087,1086584
20131119,09:45:00.000,BBG000QW7VC1,0.004792631,-0.0024822648,150128
20131119,09:45:00.000,BBG000C2YHG9,-0.0074500605,-0.010281882,92420
20131119,09:45:00.000,BBG000BVHBM1,-0.000426281,-0.006924575,110515
20131119,09:45:00.000,BBG000FKJRC5,-0.0022162246,-0.004734233,77434
20131119,09:45:00.000,BBG000BP4MH0,-0.0018006489,-0.0027505562,79585
20131119,09:45:00.000,BBG000BSXQV7,-0.0015649047,-0.0016147452,11663
20131119,09:45:00.000,BBG000BY33P5,-0.008121571,-0.010206655,334508
20131119,09:45:00.000,BBG000BNJHS8,-0.0037206723,0.011579943,701877
20131119,09:45:00.000,BBG000BB5373,0.0028562192,-0.0017935414,240217
20131119,09:45:00.000,BBG000CSY9H9,-0.004031782,-0.0039522387,76723
20131119,09:45:00.000,BBG000BQWPC5,0.0024633778,0.0024388616,121078
20131119,09:45:00.000,BBG000BQZMH4,-0.0023754535,-0.0024895289,100101
20131119,09:45:00.000,BBG000BC4JJ4,0.0016019589,-0.00077319815,37313
20131119,09:45:00.000,BBG001QD41M9,0.009219857,0.005721643,122083
20131119,09:45:00.000,BBG000BHLYS1,-0.0030565546,-0.0027478933,46741
20131119,09:45:00.000,BBG000HG21Y3,0.008982524,0.0014130981,34379
20131119,09:45:00.000,BBG000BHLYP4,-0.0010244249,-0.00037600496,212530
20131119,09:45:00.000,BBG000DLFM21,-0.0021269936,-0.008286394,56384
20131119,09:45:00.000,BBG000H9G7X2,-0.0040486185,-0.0077487784,108665
20131119,09:45:00.000,BBG000BRRG02,-0.0007840066,-0.0033698909,6628
20131119,09:45:00.000,BBG000BBMSJ6,-0.015314195,-0.016628074,298967
20131119,09:45:00.000,BBG000MM5VL9,0.008265166,0.0017853683,167762
20131119,09:45:00.000,BBG000C2V3D6,0.0012548215,-0.0024970418,150246
20131119,09:45:00.000,BBG000G30YX4,-0.0047782897,-0.009589306,42319
20131119,09:45:00.000,BBG000JN8R00,0.014053123,0.010169613,356709
20131119,09:45:00.000,BBG000C2PW58,0.0014315885,-0.0015795395,15458
20131119,09:45:00.000,BBG000CGQ6M4,-0.0015489891,-0.0023357181,24520
20131119,09:45:00.000,BBG000BCBCM7,0.005328607,-1.4646642e-07,505604
20131119,09:45:00.000,BBG000C3HSR0,0.00553224,-0.003941784,87248
20131119,09:45:00.000,BBG000BG09F5,-0.0011400987,-0.012600904,64143
20131119,09:45:00.000,BBG000BDXGP9,-0.0024372295,-0.0076698954,198117
20131119,09:45:00.000,BBG000BTVJ25,-0.00041057952,-0.003865138,121094
20131119,09:45:00.000,BBG000BTKGG8,0.0029835382,0.00055610883,211271
20131119,09:45:00.000,BBG000BLW530,-0.0077930787,-0.009504728,52750
20131119,09:45:00.000,BBG000BY2Y78,0.001131118,-0.0011869057,81079
20131119,09:45:00.000,BBG000BJ2VQ6,0.0019719678,-0.0024509628,48777
20131119,09:45:00.000,BBG0039320N9,-0.0019330774,-0.0052190744,141623
20131119,09:45:00.000,BBG000BRJ809,-0.00071101775,-0.0005956162,14462
20131119,09:45:00.000,BBG000TWC2V5,0.0032790592,-0.0033859615,122671
20131119,09:45:00.000,BBG0019JZ882,0.0015852429,-0.0028069976,215558
20131119,09:45:00.000,BBG000BF6LY3,-0.006119172,-0.009530453,155509
20131119,09:45:00.000,BBG000BYYLS8,0.0044272984,0.00384209,182527
20131119,09:45:00.000,BBG000BRWGG9,-0.0017909633,-0.0077294703,924939
20131119,09:45:00.000,BBG000FW00S1,0.0076746247,0.0012909555,258795
20131119,09:45:00.000,BBG000BK67C7,2.7777354e-05,-0.00028002387,99453
20131119,09:45:00.000,BBG000FVXD63,0.0037069544,-0.0028461318,60489
20131119,09:45:00.000,BBG000D2M0Z7,-0.005709076,-0.0068978234,53737
20131119,09:45:00.000,BBG000BLBXT4,0.0003183177,-0.0048889294,55183
20131119,09:45:00.000,BBG000CS7CT9,0.0022469505,0.0014899714,169434
20131119,09:45:00.000,BBG000BFMBQ6,0.0028837442,0.002199467,88120
20131119,09:45:00.000,BBG000BBBNC6,-0.0033011537,-0.0017939189,97179
20131119,09:45:00.000,BBG000G0Z878,0.0014204449,-0.00071292656,239570
20131119,09:45:00.000,BBG000CR90K4,-0.015401512,-0.017842617,3153980
20131119,09:45:00.000,BBG000BQ2C28,0.0012842114,0.0019895732,40522
20131119,09:45:00.000,BBG000BMBL90,0.00077742216,-0.00025166228,50015
20131119,09:45:00.000,BBG000BX5ZF5,0.0041560875,0.002706227,322691
20131119,09:45:00.000,BBG000BPT0C6,0.0024318777,-0.0064221187,126567
20131119,09:45:00.000,BBG000BMY992,0.008152268,0.0014500812,236501
20131119,09:45:00.000,BBG000BL9JQ1,-0.010762126,-0.012436947,143679
20131119,09:45:00.000,BBG000JG0547,0.013716942,0.013895211,508138
20131119,09:45:00.000,BBG000BM7HL0,-0.009107232,-0.015695332,218123
20131119,09:45:00.000,BBG000BRK7L6,0.0008122401,-0.0025286647,193512
20131119,09:45:00.000,BBG000BMQPL1,-0.0022002095,-0.0046820478,1295251
20131119,09:45:00.000,BBG000C1FB75,,,133565
20131119,09:45:00.000,BBG000CZWZ05,0.00017342721,-0.0077173617,0
20131119,09:45:00.000,BBG000R7RDB4,0.0015029911,-0.00877797,56315
20131119,09:45:00.000,BBG000DTMH63,,,152298
20131119,09:45:00.000,BBG000BTR593,0.0032007925,-0.0012394864,129783
20131119,09:45:00.000,BBG000BB6M98,0.0013680445,0.00028254086,179250
20131119,09:45:00.000,BBG000C2BXK4,-0.007001678,-0.014548963,583787
20131119,09:45:00.000,BBG000PVRDL2,0.0039439416,0.008110979,178936
20131119,09:45:00.000,BBG000BVMGF2,7.647174e-05,-0.0003686587,63468
20131119,09:45:00.000,BBG000BCGY17,0.0038526584,-0.0011324956,130662
20131119,09:45:00.000,BBG000CNFQW6,0.0027575758,0.00032842497,40922
20131119,09:45:00.000,BBG000BSD7C2,0.0008353801,0.00081720256,56755
20131119,09:45:00.000,BBG000FQ6PY6,-0.0111831715,-0.012687007,219397
20131119,09:45:00.000,BBG000BC15S7,-0.00030715755,-0.0019708718,74158
20131119,09:45:00.000,BBG000BVDLH9,-0.003138992,-0.0057057557,36714
20131119,09:45:00.000,BBG000GC80B4,0.004360453,0.0013530091,127234
20131119,09:45:00.000,BBG000C0F570,-0.0018740818,-0.0021710154,205341
20131119,09:45:00.000,BBG000D898T9,-0.0017580983,-0.0040935925,86694
20131119,09:45:00.000,BBG000BG14P4,0.004555747,-0.0011736248,216704
20131119,09:45:00.000,BBG000DQTXY6,-0.0010394758,-0.008287866,223919
20131119,09:45:00.000,BBG000C1S2X2,0.004915626,-0.0033218435,55676
20131119,09:45:00.000,BBG000BWSV34,-0.014734903,-0.018993704,105226
20131119,09:45:00.000,BBG000H0QBS7,-0.0003136452,-0.002566498,46367
20131119,09:45:00.000,BBG000BWNFZ9,0.0023168065,-0.0012794336,129592
20131119,09:45:00.000,BBG000BS0ZF1,0.0020263798,-0.001127056,20813
20131119,09:45:00.000,BBG000CPQZ77,0.0004936098,-0.008069567,231708
20131119,09:45:00.000,BBG001M8HHB7,0.004453318,-0.004059325,40099
20131119,09:45:00.000,BBG000BH5DV1,0.00022959178,-0.0040868754,153135
20131119,09:45:00.000,BBG000NV1KK7,0.0020346371,0.00084924663,72480
20131119,09:45:00.000,BBG000DKCC19,0.014084065,0.009858831,436415
20131119,09:45:00.000,BBG000CXYSZ6,-0.010219039,-0.0128058465,95633
20131119,09:45:00.000,BBG000BGLRN3,-0.0037051872,-0.0018636232,178763
20131119,09:45:00.000,BBG000QRKJ70,-0.031806707,-0.043206725,2448811
20131119,09:45:00.000,BBG000BQ5DS5,-0.00080389023,-0.0028662772,35487
20131119,09:45:00.000,BBG000BV7LP7,0.0071848715,-0.00090795394,323268
20131119,09:45:00.000,BBG000BH5LT6,-0.0042024786,-0.005720142,146712
20131119,09:45:00.000,BBG000R8ZVD1,-0.0013917526,-0.0062803896,91790
20131119,09:45:00.000,BBG000BRJL00,0.0004974873,-0.000647161,98727
20131119,09:45:00.000,BBG000BB6WG8,0.00174822,-0.0031757574,237814
20131119,09:45:00.000,BBG000BJL3N0,0.00036836354,-0.0014997616,215234
20131119,09:45:00.000,BBG000QY3XZ2,-0.0026045567,-0.006895744,71003
20131119,09:45:00.000,BBG000LD9JQ8,-0.0021767202,-0.009228831,105319
20131119,09:45:00.000,BBG000Q3JN03,-0.002007984,-0.005173203,762229
20131119,09:45:00.000,BBG000BH3JF8,-0.00077299646,-0.0014755686,94129
20131119,09:45:00.000,BBG000BR54L0,0.0004530946,-0.0065665124,501510
20131119,09:45:00.000,BBG000PX3XC0,-0.005480401,-0.014867107,125033
20131119,09:45:00.000,BBG001YMS0B8,0.0017996226,-0.0024552953,90946
20131119,09:45:00.000,BBG000BD8PN9,0.005249857,0.003923422,345785
20131119,09:45:00.000,BBG000BRD0D8,0.0021861615,0.0003318315,45611
20131119,09:45:00.000,BBG000BMDV41,-0.0010447783,-0.0056834854,188997
20131119,09:45:00.000,BBG000BGVW60,-2.1106925e-05,-0.0009585438,51894
20131119,09:45:00.000,BBG000BKCFC2,-0.010961359,-0.016387062,316558
20131119,09:45:00.000,BBG000BB9KF2,-0.0019844614,-0.0016561163,145701
20131119,09:45:00.000,BBG000C0MF34,-0.00498028,-0.0023251,42970
20131119,09:45:00.000,BBG000BZ2GG4,-0.001387906,-0.0073444326,103828
20131119,09:45:00.000,BBG000C0LW92,0.018765546,0.0129591,984204
20131119,09:45:00.000,BBG000BMW2Z0,-0.001489709,-0.0025001324,121050
20131119,09:45:00.000,BBG000F0KF42,0.0007751298,-0.0026801513,159738
20131119,09:45:00.000,BBG000BX3TD3,-0.004847132,-0.002180574,410268
20131119,09:45:00.000,BBG000QX74T1,0.011533381,0.0063648713,48433
20131119,09:45:00.000,BBG000BWJFZ4,0.0025728808,0.0022881138,13958
20131119,09:45:00.000,BBG000BKFBD7,-0.00030429897,-0.0005635228,89863
20131119,09:45:00.000,BBG000JWD753,0.0012347125,-0.0060047484,236467
20131119,09:45:00.000,BBG000M65M61,0.041882955,0.0562043,1496934
20131119,09:45:00.000,BBG000MBDGM6,-0.0017392964,-0.0040188315,26560
20131119,09:45:00.000,BBG000BBVJZ8,0.0037136204,-0.00234095,157696
20131119,09:45:00.000,BBG000BV8DN6,0.015045445,0.0090393275,252355
20131119,09:45:00.000,BBG000BH2JM1,0.0032205519,-0.0016910606,270585
20131119,09:45:00.000,BBG000BGJRC8,-0.002477929,-0.0040387795,260440
20131119,09:45:00.000,BBG000QBR5J5,0.002413129,0.00028897784,118921
20131119,09:45:00.000,BBG000BSLZY7,0.003047412,0.00081878185,282258
20131119,09:45:00.000,BBG000BJSBJ0,-0.014732328,-0.0163981,604077
20131119,09:45:00.000,BBG000BJ81C1,-0.0028015554,-0.0014745966,62953
20131119,09:45:00.000,BBG000BFL116,-0.0038389368,-0.00803316,294510
20131119,09:45:00.000,BBG000HCJMF9,0.0003935225,0.0001691913,167043
20131119,09:45:00.000,BBG000FV1Z23,0.0076262294,0.00032767374,77264
20131119,09:45:00.000,BBG000BBDV81,0.0036720093,0.0021382156,71634
20131119,09:45:00.000,BBG000FJLFX8,-0.0013705406,-0.0019303267,52826
20131119,09:45:00.000,BBG000J6XT05,-0.00084620167,-0.0003566303,192838
20131119,09:45:00.000,BBG000BCWCG1,-0.090614505,-0.09482251,3701476
20131119,09:45:00.000,BBG000BJPDZ1,-0.0026938068,-0.0025946533,6239
20131119,09:45:00.000,BBG000BPQD31,-0.000114487426,-0.0041862843,93285
20131119,09:45:00.000,BBG000C734W3,-0.011596207,-0.019430622,47291
20131119,09:45:00.000,BBG000C3GN47,0.0053713983,-0.0016728742,133080
20131119,09:45:00.000,BBG000BFRF55,0.015327268,0.015451345,512663
20131119,09:45:00.000,BBG000BGPTV6,0.0042333785,7.5928474e-05,61931
20131119,09:45:00.000,BBG000BM5SR2,0.0012204137,0.0046371873,134625
20131119,09:45:00.000,BBG000BN5HF7,0.0010323041,-0.00478068,211437
20131119,09:45:00.000,BBG000BBD070,-0.005201441,-0.0100091025,210596
20131119,09:45:00.000,BBG000BVPPM1,0.010785955,0.010111009,177192
20131119,09:45:00.000,BBG000DYGNW7,-0.002134872,-0.0052580535,98108
20131119,09:45:00.000,BBG000BCG930,0.0028309273,0.0031519723,78070
20131119,09:45:00.000,BBG000BHGDH5,-0.0017859713,-0.002585821,103472
20131119,09:45:00.000,BBG000BJ3PD2,0.0011480929,-0.0018727836,76178
20131119,09:45:00.000,BBG000BFQYY3,0.00065732776,-0.00053699483,129897
20131119,09:45:00.000,BBG000BY29C7,0.00032776938,-0.0020358383,117293
20131119,09:45:00.000,BBG000C1BW00,0.003620639,0.002792398,48720
20131119,09:45:00.000,BBG000BD4VG8,0.0066403,-0.000784843,140427
20131119,09:45:00.000,BBG000BHQ1H0,0.0023410085,0.0014946886,118054
20131119,09:45:00.000,BBG000BB5006,0.0050349864,-0.0032683597,92633
20131119,09:45:00.000,BBG000BKFZM4,0.0077155647,0.0053618983,310921
20131119,09:45:00.000,BBG000BWVCP8,-0.0022156625,-0.005809921,272813
20131119,09:45:00.000,BBG000FH8PX5,-0.0047216667,-0.009296306,59121
20131119,09:45:00.000,BBG000BHX7N2,0.001004256,-0.0013312974,86477
20131119,09:45:00.000,BBG000WCFV84,-0.0022981989,-0.0033128683,165538
20131119,09:45:00.000,BBG000BBPFB9,0.003495177,-0.0023677882,712286
20131119,09:45:00.000,BBG000FL1TC8,0.0043156925,0.0029210777,177089
20131119,09:45:00.000,BBG000F6H8W8,0.0041958154,0.00072989066,61416
20131119,09:45:00.000,BBG000BGKTF9,-0.0012146102,-0.00223264,192826
20131119,09:45:00.000,BBG000C8H633,0.0013937118,-0.0031494698,123242
20131119,09:45:00.000,BBG000H89QJ6,-0.0014965963,-0.0037845175,97467
20131119,09:45:00.000,BBG0014GG205,0.01231744,0.0038712663,560841
20131119,09:45:00.000,BBG000BFXHL6,-0.0037901327,-0.0035106256,173646
20131119,09:45:00.000,BBG000BH3GZ2,0.0039560185,0.0021109523,254727
20131119,09:45:00.000,BBG000BT9DW0,0.002082988,0.0021252995,472258
20131119,09:45:00.000,BBG000FP1N32,-0.002079901,-0.0030806907,151668
20131119,09:45:00.000,BBG000FNRZ69,-0.005424614,-0.008747725,250177
20131119,09:45:00.000,BBG000D42FJ0,-0.017908698,-0.02364987,863882
20131119,09:45:00.000,BBG00286S4N9,0.0024489528,0.0014875309,161887
20131119,09:45:00.000,BBG0025Y4RY4,-0.0034199099,-0.0072636083,147519
20131119,09:45:00.000,BBG000BFDXW1,0.00057507143,0.0015022471,254263
20131119,09:45:00.000,BBG0029SNR63,-0.004080587,-0.009697969,124790
20131119,09:45:00.000,BBG000G2R6M0,0.0054163863,0.011586823,524921
20131119,09:45:00.000,BBG000BCVJ77,-0.0025749018,-0.003923606,163324
20131119,09:45:00.000,BBG000BL4504,-0.0021653543,-0.010226006,1300466
20131119,09:45:00.000,BBG000BC2C10,0.0042249635,-0.0005436325,146567
20131119,09:45:00.000,BBG000B9WH86,0.006809314,0.010061495,1156549
20131119,09:45:00.000,BBG000BJX8C8,0.0011690457,-0.0031751613,139480
20131119,09:45:00.000,BBG000H556T9,-0.0031519064,-0.0033995898,80337
20131119,09:45:00.000,BBG000C496P7,-0.006451778,-0.010400089,272838
20131119,09:45:00.000,BBG000FG3C43,-0.002953174,-0.0068397853,185538
20131119,09:45:00.000,BBG000BNWG87,-0.012884175,-0.015610333,476764
20131119,09:45:00.000,BBG000BNBDC2,-0.0005803567,-0.0019598193,202665
20131119,09:45:00.000,BBG000BJ98Z0,0.00043842007,-0.008436473,226090
20131119,09:45:00.000,BBG000Q2HM09,0.0037870859,-0.004733254,291259
20131119,09:45:00.000,BBG000D9D830,0.0030275914,0.0033103544,179278
20131119,09:45:00.000,BBG000CJZ2W6,-0.015750678,-0.02056874,411967
20131119,09:45:00.000,BBG000BH13K9,-0.0032043974,-0.002917657,157246
20131119,09:45:00.000,BBG000C46HM9,-0.0037208444,-0.004655821,209813
20131119,09:45:00.000,BBG000BWXBC2,-0.0013384124,-0.0029670773,270320
20131119,09:45:00.000,BBG000BN2DC2,-0.034435216,-0.04441826,2500219
20131119,09:45:00.000,BBG000BTZQC4,0.0028241859,0.0043122894,385578
20131119,09:45:00.000,BBG001DCCGR8,-0.0012858107,-0.003294316,188904
20131119,09:45:00.000,BBG000BB6KF5,-0.001988741,-0.0022990583,1249417
20131119,09:45:00.000,BBG000DHSPT0,0.0007531825,-0.0017591604,236660
20131119,09:45:00.000,BBG000F0PF65,0.0046644565,0.0026181955,283546
20131119,09:45:00.000,BBG000BH1NH9,-0.009593053,-0.009204604,240362
20131119,09:45:00.000,BBG000BVV7G1,0.0004334104,0.0009419356,343103
20131119,09:45:00.000,BBG000BPWXK1,-0.0006015851,0.0049953656,422636
20131119,09:45:00.000,BBG000BJF1Z8,-0.0017803049,-0.006635863,148284
20131119,09:45:00.000,BBG000BXRPH1,-0.0028195225,-0.014513506,127501
20131119,09:45:00.000,BBG000BC40Y8,0.0007675077,-0.0051998897,105258
20131119,09:45:00.000,BBG000BBGGQ1,0.0023813336,0.00023309771,306502
20131119,09:45:00.000,BBG000C17X76,0.0068011256,0.0018857977,49092
20131119,09:45:00.000,BBG000BP6LJ8,-0.005551383,-0.007887485,481392
20131119,09:45:00.000,BBG000B9ZXB4,0.0038541115,0.0007902226,403732
20131119,09:45:00.000,BBG000BMF5J0,0.018462975,0.016082764,2756074
20131119,09:45:00.000,BBG000C5HS04,-0.0009132167,-0.004326505,123381
20131119,09:45:00.000,BBG000BLZRJ2,-0.0017468435,-0.0023083612,421777
20131119,09:45:00.000,BBG000L9CV04,0.0018557829,-0.0022209953,112136
20131119,09:45:00.000,BBG000BWLMJ4,-0.00961416,-0.01347413,554568
20131119,09:45:00.000,BBG000D4LWF6,0.0007377892,-0.0052995207,421250
20131119,09:45:00.000,BBG000BCQZS4,0.003952339,0.0031576857,126395
20131119,09:45:00.000,BBG000H8TVT2,-0.0013262227,-0.0015796707,102623
20131119,09:45:00.000,BBG000FFDM15,0.0037016876,0.0023483455,242222
20131119,09:45:00.000,BBG000BFWKC0,-0.0020810652,-0.002572544,165683
20131119,09:45:00.000,BBG000BP52R2,0.002092185,0.0014216127,119166
20131119,09:45:00.000,BBG000C15T95,0.003062261,-0.00076908123,307317
20131119,09:45:00.000,BBG000BZ9223,-0.004065872,-0.012250931,85758
20131119,09:45:00.000,BBG000BHBK84,-0.0024017596,-0.0065236064,179961
20131119,09:45:00.000,BBG000CTQBF3,2.6437865e-05,-0.004159029,431150
20131119,09:45:00.000,BBG000BW8S60,-0.00044233075,-0.0011453263,108902
20131119,09:45:00.000,BBG000BB07P9,0.0026780614,0.007925176,855526
20131119,09:45:00.000,BBG000CH5208,-0.0010369678,-0.0008371818,251623
20131119,09:45:00.000,BBG000BW3299,6.70156e-05,-0.0010987022,69751
20131119,09:45:00.000,BBG000DQLV23,-0.0034060199,-0.0066493764,249332
20131119,09:45:00.000,BBG000DWYF03,0.00040051277,-0.0023700239,402024
20131119,09:45:00.000,BBG000BGRY34,-0.0008837462,-0.0007639254,368295
20131119,09:45:00.000,BBG000F1ZSQ2,-0.0034240528,-0.0046106977,18059
20131119,09:45:00.000,BBG000BQQ2S6,-0.00571041,-0.008598853,146474
20131119,09:45:00.000,BBG000KHWT55,0.011405178,0.011997608,917400
20131119,09:45:00.000,BBG000BNDN65,0.008927192,0.008055834,976435
20131119,09:45:00.000,BBG000R7Z112,0.003885729,0.015644224,1191873
20131119,09:45:00.000,BBG000BQQH30,-0.000251737,-0.004769076,364815
20131119,09:45:00.000,BBG000BBS2Y0,-0.005043778,-0.008187234,120460
20131119,09:45:00.000,BBG000J2XL74,-0.0030084243,-0.0052922987,150271
20131119,09:45:00.000,BBG000BJDB15,-0.00405383,0.00041105386,591153
20131119,09:45:00.000,BBG000DWG505,-0.00044223157,-0.0013807592,120113
20131119,09:45:00.000,BBG000DH7JK6,-0.00050985155,-0.004192807,170541
20131119,09:45:00.000,BBG000BKTFN2,-3.72453e-05,-0.007545604,852643
20131119,09:45:00.000,BBG000BF0K17,0.0038922937,0.0008924184,218355
20131119,09:45:00.000,BBG000BFC8J2,0.0039842646,-0.0013728124,229748
20131119,09:45:00.000,BBG000BH4R78,-0.0028539207,-0.0053234324,409386
20131119,09:45:00.000,BBG000NDYB67,-0.0016747265,-0.0062184865,979471
20131119,09:45:00.000,BBG000C6CFJ5,0.0016611174,0.00347062,175622
20131119,09:45:00.000,BBG000BQLTW7,0.0006204293,-0.0028641045,1114684
20131119,09:45:00.000,BBG000BNSZP1,-0.0018503331,-0.0015871675,236541
20131119,09:45:00.000,BBG000BBDZG3,-0.008321368,-0.0064344914,606611
20131119,09:45:00.000,BBG000BHVJJ3,-0.005389926,-0.00418162,744688
20131119,09:45:00.000,BBG000BFT2L4,-0.002420144,-0.0044290456,328399
20131119,09:45:00.000,BBG000C43RR5,0.0007023613,0.00038400784,1247526
20131119,09:45:00.000,BBG000Q9HH23,0.008690076,0.0008555008,198757
20131119,09:45:00.000,BBG000BCSST7,-0.006416598,-0.0072278627,314547
20131119,09:45:00.000,BBG000BMX289,0.00097524864,-0.0017421806,853093
20131119,09:45:00.000,BBG000GFFQN9,-0.005473457,-0.008003368,1023404
20131119,09:45:00.000,BBG000BT41Q8,-0.004062699,-0.01016032,478798
20131119,09:45:00.000,BBG000CKGBP2,0.0033064638,-0.004058754,501465
20131119,09:45:00.000,BBG000BKZB36,0.023516733,0.024533985,1781974
20131119,09:45:00.000,BBG000BLBVN4,0.0059446194,-0.0004791091,32097
20131119,09:45:00.000,BBG000PSKYX7,-0.0039514247,-0.0051259724,124311
20131119,09:45:00.000,BBG000BPD168,-0.0043076607,-0.005415002,618893
20131119,09:45:00.000,BBG000HS77T5,0.0015128304,0.002363923,514725
20131119,09:45:00.000,BBG000BVPV84,0.0047966135,-0.0026353695,141856
20131119,09:45:00.000,BBG000BR2TH3,-0.0037282407,-0.0033702091,405469
20131119,09:45:00.000,BBG000BQPC32,-0.0010104165,-0.004712789,1757080
20131119,09:45:00.000,BBG000CGC1X8,0.0049903626,0.003892073,610491
20131119,09:45:00.000,BBG000BMHYD1,-1.2721964e-05,-0.000902165,340066
20131119,09:45:00.000,BBG000K4ND22,0.0025867694,0.0014101327,244809
20131119,09:45:00.000,BBG000C0G1D1,0.007005222,0.008538409,3081957
20131119,09:45:00.000,BBG000C5Z1S3,0.005004526,0.0051854313,3007757
20131119,09:45:00.000,BBG000BWQFY7,0.0037332799,0.0018426949,747291
20131119,09:45:00.000,BBG000BLNNH6,0.0010388755,0.002547515,398729
20131119,09:45:00.000,BBG000BR2B91,-0.0061896536,-0.007808875,2300747
20131119,09:45:00.000,BBG000BSJK37,-0.0010239603,0.0014039862,583247
20131119,09:45:00.000,BBG000C3J3C9,0.0055506653,0.0046961256,4989692
20131119,09:45:00.000,BBG000BK6MB5,0.0005011914,-0.00036758676,2681248
20131119,09:45:00.000,BBG000CL9VN6,0.01641769,0.0073142075,157628
20131119,09:45:00.000,BBG000GZQ728,-0.00037521694,0.00031463697,703268
20131119,09:45:00.000,BBG000DMBXR2,0.0036857296,0.004665013,2066259
20131119,09:45:00.000,BBG000FY4S11,0.00048450427,-0.00019676033,1191959
20131119,09:45:00.000,BBG000N9MNX3,0.027085885,0.01657892,2633647
20131119,09:45:00.000,BBG000BCTLF6,0.0086908955,0.008710099,9921468
20131119,09:45:00.000,BBG000BPH459,0.008842406,0.0027078332,4691978
20131119,09:45:00.000,BBG000BHSKN9,-0.0030009914,-0.004046382,106211
20131119,09:45:00.000,BBG000MM2P62,0.009023687,0.0028364202,8672798
20131119,09:45:00.000,BBG000B9XRY4,0.0013061357,0.0025062202,702379
20131119,10:00:00.000,BBG000C221G9,0.0010748319,-0.00028457565,44811
20131119,10:00:00.000,BBG000D9H9F1,0.010972537,0.01352594,464713
20131119,10:00:00.000,BBG000BJ5GK2,0.0012789214,-0.0035784105,220865
20131119,10:00:00.000,BBG000BVVQQ8,0.003689349,0.0024438947,118940
20131119,10:00:00.000,BBG000PTLGZ1,-0.0050391825,-0.0061040753,47544
20131119,10:00:00.000,BBG000CGT2S4,0.00464597,-0.00025766625,522421
20131119,10:00:00.000,BBG000RKR4R8,-0.0062638456,-0.015693093,1663095
20131119,10:00:00.000,BBG000BDWKC5,0.002328155,-0.0006115872,214696
20131119,10:00:00.000,BBG000JB27Y9,-0.0044542905,-0.0047895573,55076
20131119,10:00:00.000,BBG000BLXZN1,-0.0068893842,-0.0019182885,71472
20131119,10:00:00.000,BBG000BK5DP1,-0.005944573,-0.007851928,240958
20131119,10:00:00.000,BBG000FBR384,0.008896698,0.0075404476,78832
20131119,10:00:00.000,BBG000BCHG15,0.009645552,0.008410338,117087
20131119,10:00:00.000,BBG000BLHRS2,-6.530164e-05,-0.0063595073,65825
20131119,10:00:00.000,BBG000F80SZ5,-0.002865669,-0.009459956,1043524
20131119,10:00:00.000,BBG000BQ87N0,-0.0015375923,-0.00560147,64936
20131119,10:00:00.000,BBG000HW5GX3,0.0028038602,-0.0026375714,234602
20131119,10:00:00.000,BBG000BLMZK6,0.000968588,0.00030589808,89089
20131119,10:00:00.000,BBG000BND699,0.0030449033,0.0020646139,130830
20131119,10:00:00.000,BBG000BYWTX7,-0.018222358,-0.016672885,780091
20131119,10:00:00.000,BBG000BGKHZ3,0.0008217094,0.0018019181,62575
20131119,10:00:00.000,BBG000M1R011,0.009770247,0.0030005376,340356
20131119,10:00:00.000,BBG000BCJ161,-0.0028319836,0.0033806502,244108
20131119,10:00:00.000,BBG000DGPR66,-0.0047748014,-0.009700954,282200
20131119,10:00:00.000,BBG000BV75B7,-0.0054933336,-0.00036349185,75845
20131119,10:00:00.000,BBG000BPZBB6,5.821763e-06,-0.004965004,62427
20131119,10:00:00.000,BBG000BL79J3,-0.014371107,-0.011605897,1387032
20131119,10:00:00.000,BBG000BP7JB0,0.000688344,-0.0016306492,340497
20131119,10:00:00.000,BBG000BVB8Q0,-0.002202863,-0.009848049,453026
20131119,10:00:00.000,BBG000TJM7F0,-0.0012860016,-0.004108933,106350
20131119,10:00:00.000,BBG000BHQYG9,0.0022070436,-0.005422657,57582
20131119,10:00:00.000,BBG000BDDN94,-0.0004423434,-0.010995214,21097
20131119,10:00:00.000,BBG000BWP7D9,0.0008152144,-0.0031885495,123844
20131119,10:00:00.000,BBG000F9KJN4,-0.016621767,-0.018011361,283034
20131119,10:00:00.000,BBG000BWVSR1,-0.004977543,-0.0052753817,459638
20131119,10:00:00.000,BBG000BHCP19,-0.005809665,-0.006747769,169749
20131119,10:00:00.000,BBG000BFDLV8,-0.0029504746,-0.0060021128,78842
20131119,10:00:00.000,BBG000BX8DC4,0.0007440426,0.002690433,238801
20131119,10:00:00.000,BBG000CPHYL4,-0.008048111,-0.014770847,139051
20131119,10:00:00.000,BBG000BCNYT9,0.0017743985,-0.0035057212,448960
20131119,10:00:00.000,BBG000VC0T95,0.005317342,-0.0010182654,120320
20131119,10:00:00.000,BBG000PCQQL6,0.00684932,0.002682031,103975
20131119,10:00:00.000,BBG000BQ74K1,0.0030171738,0.0052633947,103442
20131119,10:00:00.000,BBG000BJDPC2,0.0012391408,0.004567764,38644
20131119,10:00:00.000,BBG000GPXKX9,0.00048977864,0.0006353872,35921
20131119,10:00:00.000,BBG000BJ49H3,-0.0036745744,-0.003707517,49765
20131119,10:00:00.000,BBG000PLXQQ3,-0.0058910716,-0.0030225853,112312
20131119,10:00:00.000,BBG000BQHGR6,0.003090405,-0.0019972955,116718
20131119,10:00:00.000,BBG000KLB4Q1,0.008095737,0.009863544,316198
20131119,10:00:00.000,BBG000C3Y7J6,0.0017258291,-0.00046829373,41059
20131119,10:00:00.000,BBG000FFH4P5,0.00090574333,-0.0004959486,45291
20131119,10:00:00.000,BBG000JBSJZ4,-0.003915546,-0.00430938,120323
20131119,10:00:00.000,BBG000F86GP6,0.009447194,0.0094284,151608
20131119,10:00:00.000,BBG000BQTMJ9,0.012254772,0.010708747,378894
20131119,10:00:00.000,BBG000RNTSX0,0.00015486235,0.0061164075,15565
20131119,10:00:00.000,BBG000GZD660,-0.00021793241,-0.003549902,34773
20131119,10:00:00.000,BBG000D9DMK0,0.0008536289,-0.0036763838,51239
20131119,10:00:00.000,BBG003P9ZSL3,-0.012952771,-0.008847828,28313
20131119,10:00:00.000,BBG000C37332,0.006590009,0.005527527,33714
20131119,10:00:00.000,BBG000C1DHF5,-0.00026685288,0.0028373464,176093
20131119,10:00:00.000,BBG000FW8LZ9,0.00623716,0.0057862126,148271
20131119,10:00:00.000,BBG000BCVMH9,0.0012474032,-0.0004670874,26859
20131119,10:00:00.000,BBG000BKQ3V3,0.007707895,-0.00043601857,185614
20131119,10:00:00.000,BBG000CXD6X9,0.010756239,0.007181966,157972
20131119,10:00:00.000,BBG000BCYP43,0.009134808,0.0076316413,35740
20131119,10:00:00.000,BBG000PM7GJ0,-0.0013121872,-0.007889687,1321916
20131119,10:00:00.000,BBG000C75N77,0.0039633145,0.004020033,61478
20131119,10:00:00.000,BBG000G8N9C6,-0.0061608213,-0.003441122,285205
20131119,10:00:00.000,BBG000C90DH9,0.0035088356,0.0029317127,169944
20131119,10:00:00.000,BBG000C6F3T8,0.0041990844,4.592219e-08,411041
20131119,10:00:00.000,BBG000BFV115,-0.011219484,-0.017099677,127933
20131119,10:00:00.000,BBG000C7B436,-0.0025908733,-0.008167409,68680
20131119,10:00:00.000,BBG000BLCPY4,-0.0036203614,-0.010405365,121152
20131119,10:00:00.000,BBG000BD3LM4,-0.0015144069,-0.0055504115,496224
20131119,10:00:00.000,BBG000BDY3Y7,-0.014968012,-0.020886086,550966
20131119,10:00:00.000,BBG000BMZ7P7,1.8725108e-05,-0.005063553,34069
20131119,10:00:00.000,BBG000BBNYF6,-0.0076619834,-0.009593581,166185
20131119,10:00:00.000,BBG000BK6G19,0.00018933548,-0.006512048,97216
20131119,10:00:00.000,BBG000BB29X4,-0.00088766386,-0.0041794,65438
20131119,10:00:00.000,BBG000BB03M1,-0.0032425243,-0.017020894,232161
20131119,10:00:00.000,BBG000BGD7W6,0.0032236131,-0.00031961172,157019
20131119,10:00:00.000,BBG000C3NTN5,0.0024571386,8.159947e-08,201797
20131119,10:00:00.000,BBG000BHB3M6,-0.005513295,-0.0065161227,47470
20131119,10:00:00.000,BBG000BBCQD7,-0.0016211916,-0.0003834465,188112
20131119,10:00:00.000,BBG000D14WM3,-0.0051305476,-0.012970311,1226323
20131119,10:00:00.000,BBG000CVWGS6,-0.007754311,-0.011983211,942415
20131119,10:00:00.000,BBG000BQSQ38,0.0017171296,0.0033383865,161820
20131119,10:00:00.000,BBG000BPQVR5,-0.006115245,-0.0058450256,62406
20131119,10:00:00.000,BBG000BCZYD3,-0.003775667,-0.005085329,68298
20131119,10:00:00.000,BBG000FDBX90,0.000304703,-0.004416657,71861
20131119,10:00:00.000,BBG000BQVTF5,0.0034550666,-8.86989e-05,80844
20131119,10:00:00.000,BBG001BPFT54,-0.018702276,-0.0248202,1537311
20131119,10:00:00.000,BBG000BHC2S1,-0.007837553,-0.00013423995,119152
20131119,10:00:00.000,BBG000DN7P92,-0.00019940887,-0.0010202142,127279
20131119,10:00:00.000,BBG000C060M4,-0.0073523927,-0.00653007,65709
20131119,10:00:00.000,BBG000BHKYH4,-0.0033497924,-0.0019607488,58463
20131119,10:00:00.000,BBG000F6ZWH2,0.021323292,0.028120052,609244
20131119,10:00:00.000,BBG000BFTJ91,-0.0008917368,-0.0025902402,88975
20131119,10:00:00.000,BBG000BD0TF8,-0.0010942393,-0.00018575409,234647
20131119,10:00:00.000,BBG000BP1Q11,0.0060647298,0.00693123,87910
20131119,10:00:00.000,BBG000D5S4M0,0.007509312,0.0057278066,32075
20131119,10:00:00.000,BBG000MQ1SN9,-0.0012987376,-0.006579393,169543
20131119,10:00:00.000,BBG000BKZTP3,0.0018235891,0.000601029,66865
20131119,10:00:00.000,BBG000C0HQ54,-0.003167643,-0.0073741684,594750
20131119,10:00:00.000,BBG000BP1152,0.004373082,0.0024481611,83365
20131119,10:00:00.000,BBG000BN9WT5,-0.005976555,-0.00629973,169412
20131119,10:00:00.000,BBG000BBLK04,-0.00029868266,-0.0010127376,25405
20131119,10:00:00.000,BBG000NSQ9M0,0.0012020627,0.003273149,633480
20131119,10:00:00.000,BBG000BRXP69,-0.0028440745,-0.0026569106,54319
20131119,10:00:00.000,BBG000BGYWY6,-0.0017427367,0.0009235528,26230
20131119,10:00:00.000,BBG000BJ8YN7,0.0002706117,0.0011729387,235565
20131119,10:00:00.000,BBG000BFVXX0,-0.0020228617,-0.0050623245,206224
20131119,10:00:00.000,BBG000BLM0V1,0.0011600222,0.00022191665,40959
20131119,10:00:00.000,BBG000BBCDZ2,0.004718158,0.003095758,43198
20131119,10:00:00.000,BBG000KBQZ88,0.0012020633,-0.0016959625,87308
20131119,10:00:00.000,BBG000BWXL85,-0.00063906,-0.0041904193,91118
20131119,10:00:00.000,BBG000BKXYX5,-0.0011187013,-0.0001939006,96835
20131119,10:00:00.000,BBG000D1QCF1,0.002152613,-0.0053497814,186247
20131119,10:00:00.000,BBG000CKVSG8,0.0016812121,-0.0063631623,198187
20131119,10:00:00.000,BBG000BPYHJ6,0.0076664165,0.0054154214,197922
20131119,10:00:00.000,BBG000BKWSR6,0.0010311019,0.0011231117,2510368
20131119,10:00:00.000,BBG000BMTFR4,-0.0022159456,-0.005645048,205915
20131119,10:00:00.000,BBG000C1FQS9,-0.0019588885,-0.0058207507,59974
20131119,10:00:00.000,BBG000BR37X2,0.00020850053,-0.00036674822,242932
20131119,10:00:00.000,BBG000BB6G37,-0.0028482068,-0.002891368,165814
20131119,10:00:00.000,BBG000CHPY97,0.013405069,0.009069102,1167666
20131119,10:00:00.000,BBG000BPXRB3,-0.019470736,-0.020131463,164543
20131119,10:00:00.000,BBG000BF5RY1,0.0008034087,-0.0019113752,97951
20131119,10:00:00.000,BBG000BNNKG9,0.011444475,0.0120049035,270220
20131119,10:00:00.000,BBG001NVJ6W4,-0.01208576,-0.014178926,235922
20131119,10:00:00.000,BBG0035LY913,0.006858018,0.0068866154,201603
20131119,10:00:00.000,BBG000BMLWX8,0.0040859096,-4.89487e-08,233362
20131119,10:00:00.000,BBG000BPNP00,-0.00018115177,4.2921884e-06,223840
20131119,10:00:00.000,BBG000DSMS70,-0.0030669968,-0.0065133446,149424
20131119,10:00:00.000,BBG000D13GN8,-0.022876346,-0.026024742,331903
20131119,10:00:00.000,BBG000BSC0K9,-0.0016626208,0.0012598184,138129
20131119,10:00:00.000,BBG000MDCQC2,0.0056955777,0.0022407984,131476
20131119,10:00:00.000,BBG000BMKDM3,-0.0015576796,-0.008017252,120088
20131119,10:00:00.000,BBG000BF1R66,9.8507975e-05,0.00021117536,36827
20131119,10:00:00.000,BBG000BJQWD2,0.0013945254,0.0021862832,116688
20131119,10:00:00.000,BBG000C2ZCH8,-0.0010158954,-0.005110858,56851
20131119,10:00:00.000,BBG000BP8Z50,-0.0033697498,-0.002140079,165776
20131119,10:00:00.000,BBG000FBK808,-0.0028137956,-0.0092191445,632253
20131119,10:00:00.000,BBG000BXMFC3,0.003574464,0.0031043873,151613
20131119,10:00:00.000,BBG000BFNR17,0.0029682706,0.0023157059,52705
20131119,10:00:00.000,BBG000RGM5P1,0.004123559,0.0019996327,280644
20131119,10:00:00.000,BBG000BKR1D6,0.00066670455,0.003487333,35121
20131119,10:00:00.000,BBG000D7RKJ5,0.001590526,-0.0010220262,82745
20131119,10:00:00.000,BBG000G6BN50,0.0015242394,0.0019674792,45631
20131119,10:00:00.000,BBG000J1QLT0,-4.663522e-05,-0.0029610393,48109
20131119,10:00:00.000,BBG000BNFLM9,0.0043086708,0.00077622273,174936
20131119,10:00:00.000,BBG000BTCH57,-0.010163945,-0.014814944,479057
20131119,10:00:00.000,BBG000FLZN98,0.0064710644,0.0091532655,41930
20131119,10:00:00.000,BBG000C4DPX1,0.0035911202,0.002841732,102205
20131119,10:00:00.000,BBG000BQ8KV2,-4.2546446e-05,0.0033003332,108605
20131119,10:00:00.000,BBG000BPMH90,-0.0019542046,-0.006508793,118929
20131119,10:00:00.000,BBG000K14Q84,-0.000312275,-0.005500339,55888
20131119,10:00:00.000,BBG000BC9938,0.0024689455,-0.0005751606,127802
20131119,10:00:00.000,BBG000QFJ7H3,-0.00059471675,-0.009725761,492923
20131119,10:00:00.000,BBG000BTQR96,0.0006870433,-0.00030234663,78508
20131119,10:00:00.000,BBG000CHWP52,0.0011723535,-0.00058520195,89447
20131119,10:00:00.000,BBG000D8RG11,-0.006105767,-0.009585292,160384
20131119,10:00:00.000,BBG000BS9489,-0.0011323608,-0.0023593176,109830
20131119,10:00:00.000,BBG000CKJ0P3,-0.0029063378,-0.00026488505,66048
20131119,10:00:00.000,BBG000BWCKB6,-0.0011882174,-0.0012690917,30516
20131119,10:00:00.000,BBG000BVWLJ6,0.00520151,0.0063824067,322078
20131119,10:00:00.000,BBG000BXM6V2,0.0009572956,-0.0010431275,121273
20131119,10:00:00.000,BBG000D9KWL9,0.0017831428,0.0011427938,36448
20131119,10:00:00.000,BBG000BKNX95,0.0007682223,-0.00046566862,261377
20131119,10:00:00.000,BBG000J5Q6L2,0.008466028,0.008962622,593605
20131119,10:00:00.000,BBG000QN4GY3,0.002357499,-0.001317007,163124
20131119,10:00:00.000,BBG000BCTQ65,-0.0013455079,-0.004541502,169935
20131119,10:00:00.000,BBG000BNNYW1,-0.0048822686,-0.0051024393,148984
20131119,10:00:00.000,BBG003641015,-0.00235026,-0.00093533867,78981
20131119,10:00:00.000,BBG000D6L294,-0.013425484,-0.020151949,174923
20131119,10:00:00.000,BBG000BSBZH7,0.0047634295,0.006924058,123790
20131119,10:00:00.000,BBG000BNC3Y9,-0.00017528083,0.0018922279,157705
20131119,10:00:00.000,BBG000F15NW9,0.0003040577,-0.0011440461,117913
20131119,10:00:00.000,BBG000R0L5J4,-0.004652515,-0.0030777664,214987
20131119,10:00:00.000,BBG000BVMPN3,-0.0020970856,0.00062516495,61933
20131119,10:00:00.000,BBG000BB5BF6,-0.010789476,-0.010175425,277995
20131119,10:00:00.000,BBG000BR3KL6,-0.005201782,-0.00590108,49559
20131119,10:00:00.000,BBG000BNGTQ7,-0.0033941425,-0.0026446036,173713
20131119,10:00:00.000,BBG000BHZ5J9,-0.00043524455,-0.005948406,151070
20131119,10:00:00.000,BBG000BN84F3,-0.00012736749,-0.004525778,93757
20131119,10:00:00.000,BBG000BBJQV0,-0.0017082462,-0.0015950433,552708
20131119,10:00:00.000,BBG000BB1TH9,-0.0045052324,-0.013195833,136823
20131119,10:00:00.000,BBG000BFS7D3,-0.003025062,-0.0052366043,101241
20131119,10:00:00.000,BBG000BR14K5,-0.0002444942,-0.00040643194,66154
20131119,10:00:00.000,BBG000BPVCR1,-0.008337495,-0.011082498,214767
20131119,10:00:00.000,BBG000BKLH74,-0.007180626,-0.0056020133,489603
20131119,10:00:00.000,BBG002S5ZRF9,-0.022373414,-0.02433336,434238
20131119,10:00:00.000,BBG000BKPL53,-0.00073598436,-0.0010048319,84161
20131119,10:00:00.000,BBG000DY8ZS4,-0.0076357774,-0.018568411,1032977
20131119,10:00:00.000,BBG000DNTSP4,-0.0008933277,-0.005269764,182509
20131119,10:00:00.000,BBG000BM6788,-0.007339875,-0.007177233,209725
20131119,10:00:00.000,BBG000G3QLY3,0.0021211402,0.00237477,72110
20131119,10:00:00.000,BBG000BLKK03,0.0020334383,0.002889762,79023
20131119,10:00:00.000,BBG000BP0KQ8,0.0011647196,-0.0033175927,468305
20131119,10:00:00.000,BBG000C7LMS8,-0.004587191,-0.0015991614,10321
20131119,10:00:00.000,BBG000JBN3X6,-0.008584255,0.0067610014,1849883
20131119,10:00:00.000,BBG000QW7VC1,-0.00031072955,-0.0072211283,248904
20131119,10:00:00.000,BBG000C2YHG9,-0.0077473368,-0.010281994,193223
20131119,10:00:00.000,BBG000BVHBM1,0.00076795137,-0.0046666125,207397
20131119,10:00:00.000,BBG000FKJRC5,-0.002239465,-0.0053516934,106342
20131119,10:00:00.000,BBG000BP4MH0,-0.0016333987,-0.00148112,188756
20131119,10:00:00.000,BBG000BSXQV7,-0.0022519869,-0.00016157393,37213
20131119,10:00:00.000,BBG000BY33P5,-0.009410242,-0.0096963905,989920
20131119,10:00:00.000,BBG000BNJHS8,-0.0022460339,0.012682926,1220582
20131119,10:00:00.000,BBG000BB5373,0.0024245207,-0.001195471,365741
20131119,10:00:00.000,BBG000CSY9H9,-0.0032929813,-6.482264e-05,143187
20131119,10:00:00.000,BBG000BQWPC5,0.001884773,-0.0012191443,210125
20131119,10:00:00.000,BBG000BQZMH4,-0.0035679566,-0.0061505293,170975
20131119,10:00:00.000,BBG000BC4JJ4,0.0010303316,-0.0011370415,57293
20131119,10:00:00.000,BBG001QD41M9,0.004584541,0.0046815528,239882
20131119,10:00:00.000,BBG000BHLYS1,-0.003147629,-0.005925275,85998
20131119,10:00:00.000,BBG000HG21Y3,0.013920826,0.008566245,55233
20131119,10:00:00.000,BBG000BHLYP4,0.00473525,0.008399585,289337
20131119,10:00:00.000,BBG000DLFM21,-0.00039881258,-0.004728476,68469
20131119,10:00:00.000,BBG000H9G7X2,-0.006141944,-0.0022960573,218696
20131119,10:00:00.000,BBG000BRRG02,0.0015545362,0.0036733067,19470
20131119,10:00:00.000,BBG000BBMSJ6,-0.025950974,-0.02740561,874846
20131119,10:00:00.000,BBG000MM5VL9,-0.013666397,-0.01911767,253559
20131119,10:00:00.000,BBG000C2V3D6,-0.0018975324,-0.0027745368,269974
20131119,10:00:00.000,BBG000G30YX4,-0.0029605303,-0.005249452,70609
20131119,10:00:00.000,BBG000JN8R00,0.0067012026,0.0030818048,682996
20131119,10:00:00.000,BBG000C2PW58,-0.000722509,-0.0003950438,28273
20131119,10:00:00.000,BBG000CGQ6M4,0.00081442227,-0.0012271682,39871
20131119,10:00:00.000,BBG000BCBCM7,0.008593487,0.007103664,1715796
20131119,10:00:00.000,BBG000C3HSR0,0.010297073,0.0025869492,224114
20131119,10:00:00.000,BBG000BG09F5,-0.012579931,-0.020409945,224227
20131119,10:00:00.000,BBG000BDXGP9,-0.0013911794,-0.007363249,355547
20131119,10:00:00.000,BBG000BTVJ25,-0.001870918,-0.0020812764,231658
20131119,10:00:00.000,BBG000BTKGG8,0.0030921665,0.0030586824,330767
20131119,10:00:00.000,BBG000BLW530,-0.012030011,-0.013357914,156889
20131119,10:00:00.000,BBG000BY2Y78,-0.000582414,-5.0456634e-07,159629
20131119,10:00:00.000,BBG000BJ2VQ6,0.002219493,-0.004166627,86146
20131119,10:00:00.000,BBG0039320N9,-0.009572195,-0.012652375,416376
20131119,10:00:00.000,BBG000BRJ809,-0.0011455688,0.00037922265,28122
20131119,10:00:00.000,BBG000TWC2V5,0.0010954853,-0.00574391,196980
20131119,10:00:00.000,BBG0019JZ882,0.00034478624,-0.0056140902,450394
20131119,10:00:00.000,BBG000BF6LY3,-0.004152918,-0.007007689,338835
20131119,10:00:00.000,BBG000BYYLS8,0.004728236,0.0053199464,450007
20131119,10:00:00.000,BBG000BRWGG9,0.0005909746,0.0019322853,1660992
20131119,10:00:00.000,BBG000FW00S1,0.0013493708,-0.007229443,579703
20131119,10:00:00.000,BBG000BK67C7,0.001331489,0.0013998244,339801
20131119,10:00:00.000,BBG000FVXD63,0.004942016,-0.0014908161,105615
20131119,10:00:00.000,BBG000D2M0Z7,-0.010985095,-0.012794225,116620
20131119,10:00:00.000,BBG000BLBXT4,0.002302764,-0.0008036886,90642
20131119,10:00:00.000,BBG000CS7CT9,0.0050491276,0.00921887,286714
20131119,10:00:00.000,BBG000BFMBQ6,0.0029505275,0.0028533835,159080
20131119,10:00:00.000,BBG000BBBNC6,-0.0048806206,-0.0008224186,135196
20131119,10:00:00.000,BBG000G0Z878,-0.0007836092,-0.000570481,543815
20131119,10:00:00.000,BBG000CR90K4,-0.014165395,-0.016220585,4261194
20131119,10:00:00.000,BBG000BQ2C28,0.00035826565,0.0027131015,94234
20131119,10:00:00.000,BBG000BMBL90,0.00024225887,-0.00018876273,134642
20131119,10:00:00.000,BBG000BX5ZF5,0.006444666,0.0054125036,975739
20131119,10:00:00.000,BBG000BPT0C6,0.0062258244,-0.002186363,183889
20131119,10:00:00.000,BBG000BMY992,0.009083299,0.0070090494,541887
20131119,10:00:00.000,BBG000BL9JQ1,-0.012754014,-0.014902859,278813
20131119,10:00:00.000,BBG000JG0547,0.017580125,0.020358076,809406
20131119,10:00:00.000,BBG000BM7HL0,-0.008731141,-0.013848728,350097
20131119,10:00:00.000,BBG000BRK7L6,0.0031133858,-0.00084282306,444955
20131119,10:00:00.000,BBG000BMQPL1,-0.0002704569,2.587616e-08,1966765
20131119,10:00:00.000,BBG000C1FB75,,,211504
20131119,10:00:00.000,BBG000CZWZ05,0.00012363143,-0.004897983,0
20131119,10:00:00.000,BBG000R7RDB4,0.0018579938,-0.0070035886,128188
20131119,10:00:00.000,BBG000DTMH63,,,283159
20131119,10:00:00.000,BBG000BTR593,0.0063640545,0.0016525767,335797
20131119,10:00:00.000,BBG000BB6M98,6.0482667e-05,-0.00480154,448691
20131119,10:00:00.000,BBG000C2BXK4,-0.008320176,-0.012470313,1060346
20131119,10:00:00.000,BBG000PVRDL2,0.0006468807,0.0027806635,402026
20131119,10:00:00.000,BBG000BVMGF2,-0.0009858357,-0.00018404546,125539
20131119,10:00:00.000,BBG000BCGY17,0.0040804534,-0.00075510953,238093
20131119,10:00:00.000,BBG000CNFQW6,-2.1709713e-05,-0.0020683229,88401
20131119,10:00:00.000,BBG000BSD7C2,-0.0021594693,-0.0012842829,107181
20131119,10:00:00.000,BBG000FQ6PY6,-0.0071817287,-0.008312132,315559
20131119,10:00:00.000,BBG000BC15S7,-0.0014281668,-0.002155498,392273
20131119,10:00:00.000,BBG000BVDLH9,-0.006097115,-0.006350709,87020
20131119,10:00:00.000,BBG000GC80B4,0.002214586,0.0010523916,165726
20131119,10:00:00.000,BBG000C0F570,0.0013075137,0.0013695491,660663
20131119,10:00:00.000,BBG000D898T9,-0.000354866,-0.0008496905,165188
20131119,10:00:00.000,BBG000BG14P4,0.0025752604,1.501368e-07,337626
20131119,10:00:00.000,BBG000DQTXY6,-0.0012083569,-0.006734026,555377
20131119,10:00:00.000,BBG000C1S2X2,0.009035318,0.0028360859,97114
20131119,10:00:00.000,BBG000BWSV34,-0.01143476,-0.010658896,177787
20131119,10:00:00.000,BBG000H0QBS7,5.1467894e-05,-0.0036933227,102539
20131119,10:00:00.000,BBG000BWNFZ9,0.0010048336,-0.0012120868,168121
20131119,10:00:00.000,BBG000BS0ZF1,0.00084823795,0.003062964,31613
20131119,10:00:00.000,BBG000CPQZ77,0.0018747792,-0.0013157896,393912
20131119,10:00:00.000,BBG001M8HHB7,0.0071786526,0.0011433985,107985
20131119,10:00:00.000,BBG000BH5DV1,-0.0005579336,-0.0028607992,209104
20131119,10:00:00.000,BBG000NV1KK7,0.0011689657,0.00526573,276658
20131119,10:00:00.000,BBG000DKCC19,0.017630044,0.014278342,748152
20131119,10:00:00.000,BBG000CXYSZ6,-0.010753585,-0.011078714,168377
20131119,10:00:00.000,BBG000BGLRN3,-0.0014121757,-3.6173446e-08,270212
20131119,10:00:00.000,BBG000QRKJ70,-0.023181891,-0.03264501,4139683
20131119,10:00:00.000,BBG000BQ5DS5,-0.0016675735,-0.0033819578,60942
20131119,10:00:00.000,BBG000BV7LP7,0.011175176,0.007867974,527408
20131119,10:00:00.000,BBG000BH5LT6,-0.0013850216,-0.005812462,329270
20131119,10:00:00.000,BBG000R8ZVD1,0.0018542251,0.0011963537,195194
20131119,10:00:00.000,BBG000BRJL00,-0.0010896322,-0.005502391,246449
20131119,10:00:00.000,BBG000BB6WG8,0.0078102993,0.0029316496,401580
20131119,10:00:00.000,BBG000BJL3N0,0.004599742,0.0054987557,730538
20131119,10:00:00.000,BBG000QY3XZ2,0.0016112537,-0.0020519139,117733
20131119,10:00:00.000,BBG000LD9JQ8,-0.0053204093,-0.010665144,167615
20131119,10:00:00.000,BBG000Q3JN03,-0.002108882,-0.002068983,2351467
20131119,10:00:00.000,BBG000BH3JF8,-8.518353e-05,0.001341547,259798
20131119,10:00:00.000,BBG000BR54L0,0.0053233746,-0.0010944972,1033135
20131119,10:00:00.000,BBG000PX3XC0,-0.01352888,-0.020878842,435669
20131119,10:00:00.000,BBG001YMS0B8,0.0013842175,-0.0023610296,206948
20131119,10:00:00.000,BBG000BD8PN9,0.0044237976,0.005432523,522255
20131119,10:00:00.000,BBG000BRD0D8,0.00383154,0.0038503509,117479
20131119,10:00:00.000,BBG000BMDV41,-0.0017199283,-0.0013193851,404077
20131119,10:00:00.000,BBG000BGVW60,0.0025776194,-0.00095877936,207141
20131119,10:00:00.000,BBG000BKCFC2,-0.012155153,-0.017662616,644789
20131119,10:00:00.000,BBG000BB9KF2,-0.0001531458,-0.0031051412,285252
20131119,10:00:00.000,BBG000C0MF34,0.0015957473,0.0039078495,76209
20131119,10:00:00.000,BBG000BZ2GG4,-0.0036790643,-0.012875179,271138
20131119,10:00:00.000,BBG000C0LW92,0.018412083,0.016414804,1730058
20131119,10:00:00.000,BBG000BMW2Z0,0.00039402477,-0.0011574774,213552
20131119,10:00:00.000,BBG000F0KF42,-0.004399039,-0.006288098,324106
20131119,10:00:00.000,BBG000BX3TD3,-0.010192092,-0.0061782077,835284
20131119,10:00:00.000,BBG000QX74T1,0.008787848,0.006299852,69435
20131119,10:00:00.000,BBG000BWJFZ4,-0.00050937914,-0.00053142343,38144
20131119,10:00:00.000,BBG000BKFBD7,-0.0018602096,0.0007043913,177002
20131119,10:00:00.000,BBG000JWD753,0.0020725494,-0.0025431032,593111
20131119,10:00:00.000,BBG000M65M61,0.045044918,0.0568918,2426354
20131119,10:00:00.000,BBG000MBDGM6,0.0034403536,0.0028616828,39799
20131119,10:00:00.000,BBG000BBVJZ8,0.003567935,-0.0021738494,326848
20131119,10:00:00.000,BBG000BV8DN6,0.011422157,0.0135988295,382259
20131119,10:00:00.000,BBG000BH2JM1,0.008126388,0.0050729457,439554
20131119,10:00:00.000,BBG000BGJRC8,-0.0036883077,-0.005140201,525803
20131119,10:00:00.000,BBG000QBR5J5,-0.002186476,-0.0015403423,263591
20131119,10:00:00.000,BBG000BSLZY7,0.0037840668,0.0053225914,666646
20131119,10:00:00.000,BBG000BJSBJ0,-0.012802923,-0.01729663,873043
20131119,10:00:00.000,BBG000BJ81C1,-0.00030374082,0.0012475195,113596
20131119,10:00:00.000,BBG000BFL116,-0.0030668906,-0.004295016,627317
20131119,10:00:00.000,BBG000HCJMF9,-0.0013499156,0.0015226422,242730
20131119,10:00:00.000,BBG000FV1Z23,0.0029816355,-0.0057013365,113993
20131119,10:00:00.000,BBG000BBDV81,0.0026441778,0.004490247,217742
20131119,10:00:00.000,BBG000FJLFX8,-0.004413952,-0.0040925955,354720
20131119,10:00:00.000,BBG000J6XT05,0.00047258404,-0.002496124,401981
20131119,10:00:00.000,BBG000BCWCG1,-0.085127585,-0.08494998,6538238
20131119,10:00:00.000,BBG000BJPDZ1,-0.0013479904,0.00061040535,8541
20131119,10:00:00.000,BBG000BPQD31,0.0035517907,0.001076269,194557
20131119,10:00:00.000,BBG000C734W3,0.0031822096,-0.00025503425,102829
20131119,10:00:00.000,BBG000C3GN47,0.005392336,-0.00045603712,380417
20131119,10:00:00.000,BBG000BFRF55,0.01781548,0.01708734,1221506
20131119,10:00:00.000,BBG000BGPTV6,0.0031470202,-0.00018921914,80830
20131119,10:00:00.000,BBG000BM5SR2,0.0016972414,0.00452665,476844
20131119,10:00:00.000,BBG000BN5HF7,0.0030682455,-0.0023178896,342197
20131119,10:00:00.000,BBG000BBD070,-0.0015514434,-0.007079291,314751
20131119,10:00:00.000,BBG000BVPPM1,0.016096659,0.01543747,394854
20131119,10:00:00.000,BBG000DYGNW7,-0.0037615248,-0.004533888,132189
20131119,10:00:00.000,BBG000BCG930,0.005881329,0.006691441,169850
20131119,10:00:00.000,BBG000BHGDH5,-0.0027631228,-0.006639152,234700
20131119,10:00:00.000,BBG000BJ3PD2,0.0025604488,0.00076346286,122361
20131119,10:00:00.000,BBG000BFQYY3,0.0026313183,0.0003835597,259971
20131119,10:00:00.000,BBG000BY29C7,0.0015252728,0.0026835066,233099
20131119,10:00:00.000,BBG000C1BW00,0.0031329126,0.003553773,80097
20131119,10:00:00.000,BBG000BD4VG8,0.0077323355,-0.0022673372,311009
20131119,10:00:00.000,BBG000BHQ1H0,0.004162664,0.0037105065,230931
20131119,10:00:00.000,BBG000BB5006,0.0010778736,-0.0050347536,209660
20131119,10:00:00.000,BBG000BKFZM4,0.010394772,0.009532085,704277
20131119,10:00:00.000,BBG000BWVCP8,-0.001323929,-0.0062351385,379618
20131119,10:00:00.000,BBG000FH8PX5,-0.0060659195,-0.008345325,123098
20131119,10:00:00.000,BBG000BHX7N2,0.0029649267,0.0015531429,143005
20131119,10:00:00.000,BBG000WCFV84,-0.0050923233,-0.0054789325,312926
20131119,10:00:00.000,BBG000BBPFB9,0.0049580475,0.0023786996,1270781
20131119,10:00:00.000,BBG000FL1TC8,0.010299176,0.0086094625,502305
20131119,10:00:00.000,BBG000F6H8W8,0.0031535455,0.0034871537,111937
20131119,10:00:00.000,BBG000BGKTF9,-0.0014301817,0.0005041226,402364
20131119,10:00:00.000,BBG000C8H633,0.0045414516,-0.00027410267,433089
20131119,10:00:00.000,BBG000H89QJ6,-0.0034299851,-0.0050598,194576
20131119,10:00:00.000,BBG0014GG205,-0.0017590548,-0.0023567134,971707
20131119,10:00:00.000,BBG000BFXHL6,-0.00650767,-0.0072276276,328367
20131119,10:00:00.000,BBG000BH3GZ2,0.0050823865,0.003200686,389445
20131119,10:00:00.000,BBG000BT9DW0,0.0008551146,-0.0021254427,884162
20131119,10:00:00.000,BBG000FP1N32,0.0007171215,0.0007394872,322514
20131119,10:00:00.000,BBG000FNRZ69,-0.011373584,-0.014081585,645811
20131119,10:00:00.000,BBG000D42FJ0,-0.012970139,-0.015828548,1656722
20131119,10:00:00.000,BBG00286S4N9,0.0019130672,0.0010414615,252398
20131119,10:00:00.000,BBG0025Y4RY4,-0.004231072,-0.0073659993,240898
20131119,10:00:00.000,BBG000BFDXW1,-0.00040839953,-1.8582632e-07,561740
20131119,10:00:00.000,BBG0029SNR63,-0.0033872924,-0.0029649793,215397
20131119,10:00:00.000,BBG000G2R6M0,0.0066148383,0.00910374,979103
20131119,10:00:00.000,BBG000BCVJ77,-0.0033583196,-0.0032698198,223651
20131119,10:00:00.000,BBG000BL4504,0.00047329374,-0.00825964,2066127
20131119,10:00:00.000,BBG000BC2C10,0.0053886436,0.00038031288,287125
20131119,10:00:00.000,BBG000B9WH86,0.009022325,0.011179454,2060637
20131119,10:00:00.000,BBG000BJX8C8,0.0027492177,-0.0044932766,425430
20131119,10:00:00.000,BBG000H556T9,-0.002160005,-0.001699675,115793
20131119,10:00:00.000,BBG000C496P7,-0.0070982766,-0.008890595,430531
20131119,10:00:00.000,BBG000FG3C43,0.00032851327,-0.001455,320594
20131119,10:00:00.000,BBG000BNWG87,-0.006816605,-0.007033476,765214
20131119,10:00:00.000,BBG000BNBDC2,-0.0029527976,-0.003723539,446610
20131119,10:00:00.000,BBG000BJ98Z0,-0.007309265,-0.014507513,427605
20131119,10:00:00.000,BBG000Q2HM09,0.013194145,0.013113987,667195
20131119,10:00:00.000,BBG000D9D830,0.002788888,0.00547506,262637
20131119,10:00:00.000,BBG000CJZ2W6,-0.016018147,-0.01488226,684335
20131119,10:00:00.000,BBG000BH13K9,-0.0060527907,-0.004862695,365302
20131119,10:00:00.000,BBG000C46HM9,-0.002529191,0.001981056,460924
20131119,10:00:00.000,BBG000BWXBC2,-0.0016619436,-0.0020204084,478495
20131119,10:00:00.000,BBG000BN2DC2,-0.033823606,-0.040814325,3904473
20131119,10:00:00.000,BBG000BTZQC4,0.005444263,0.005236543,653915
20131119,10:00:00.000,BBG001DCCGR8,0.0032364724,0.0010336421,311767
20131119,10:00:00.000,BBG000BB6KF5,-0.001233044,0.0015327442,1438093
20131119,10:00:00.000,BBG000DHSPT0,-0.00055827276,-0.0015706558,343771
20131119,10:00:00.000,BBG000F0PF65,0.0016507554,0.0011219636,407685
20131119,10:00:00.000,BBG000BH1NH9,-0.009446752,-0.009264118,529605
20131119,10:00:00.000,BBG000BVV7G1,-1.4175181e-05,0.00070622604,562153
20131119,10:00:00.000,BBG000BPWXK1,-0.0019741445,0.0003700277,680297
20131119,10:00:00.000,BBG000BJF1Z8,-0.0020508594,-0.0044482327,288994
20131119,10:00:00.000,BBG000BXRPH1,-0.0053915544,-0.013975866,271968
20131119,10:00:00.000,BBG000BC40Y8,0.004736897,-0.0011060094,166899
20131119,10:00:00.000,BBG000BBGGQ1,0.006038939,0.0041935015,651425
20131119,10:00:00.000,BBG000C17X76,0.012417611,0.011107393,109944
20131119,10:00:00.000,BBG000BP6LJ8,-0.003856789,-0.0057841726,880337
20131119,10:00:00.000,BBG000B9ZXB4,0.0067906827,0.005534035,752698
20131119,10:00:00.000,BBG000BMF5J0,0.011137247,0.011487888,5007254
20131119,10:00:00.000,BBG000C5HS04,-0.0021745441,-0.0015269641,269311
20131119,10:00:00.000,BBG000BLZRJ2,-0.00058665173,0.0016487725,861082
20131119,10:00:00.000,BBG000L9CV04,0.000265057,-0.002961473,270821
20131119,10:00:00.000,BBG000BWLMJ4,-0.012923501,-0.011727669,851681
20131119,10:00:00.000,BBG000D4LWF6,0.0004917458,-0.0055938656,644723
20131119,10:00:00.000,BBG000BCQZS4,0.0042424384,0.00564742,225841
20131119,10:00:00.000,BBG000H8TVT2,-0.0018314404,0.0023320676,230370
20131119,10:00:00.000,BBG000FFDM15,0.0045291362,0.0044357507,562840
20131119,10:00:00.000,BBG000BFWKC0,-0.0066454886,-0.0062282886,353486
20131119,10:00:00.000,BBG000BP52R2,0.0018082643,0.0023436893,235640
20131119,10:00:00.000,BBG000C15T95,0.0031958816,0.00015412574,511188
20131119,10:00:00.000,BBG000BZ9223,-0.0055742785,-0.011627973,221844
20131119,10:00:00.000,BBG000BHBK84,-0.004332649,-0.007025396,401427
20131119,10:00:00.000,BBG000CTQBF3,-0.0015375749,-0.003538327,621655
20131119,10:00:00.000,BBG000BW8S60,0.00046066046,0.0003205966,175552
20131119,10:00:00.000,BBG000BB07P9,5.8923768e-05,0.0016983316,1708442
20131119,10:00:00.000,BBG000CH5208,-0.00069687254,-0.00013931896,447615
20131119,10:00:00.000,BBG000BW3299,0.00036670853,-0.00053363526,126541
20131119,10:00:00.000,BBG000DQLV23,-0.0003808608,-0.0019273339,401157
20131119,10:00:00.000,BBG000DWYF03,-0.0018730673,-0.0032585522,1089364
20131119,10:00:00.000,BBG000BGRY34,-0.0027176894,0.002597507,595231
20131119,10:00:00.000,BBG000F1ZSQ2,-0.0039515044,-0.0014507322,30042
20131119,10:00:00.000,BBG000BQQ2S6,-0.00587604,-0.008289997,254903
20131119,10:00:00.000,BBG000KHWT55,0.008591003,0.009598111,1537024
20131119,10:00:00.000,BBG000BNDN65,0.00052173337,0.0033403768,1944874
20131119,10:00:00.000,BBG000R7Z112,0.0027831402,0.014933147,2059863
20131119,10:00:00.000,BBG000BQQH30,-0.0016180759,-0.005253131,860468
20131119,10:00:00.000,BBG000BBS2Y0,-0.004750605,-0.005688076,237282
20131119,10:00:00.000,BBG000J2XL74,0.0006553989,-0.0030554356,231140
20131119,10:00:00.000,BBG000BJDB15,-0.002801329,0.0013704516,1100430
20131119,10:00:00.000,BBG000DWG505,0.0016918204,0.001078412,221353
20131119,10:00:00.000,BBG000DH7JK6,0.0006769026,-0.003377491,271717
20131119,10:00:00.000,BBG000BKTFN2,0.0024604877,-0.0068095243,1281234
20131119,10:00:00.000,BBG000BF0K17,0.0070707467,0.0033317863,661839
20131119,10:00:00.000,BBG000BFC8J2,0.0040767267,0.002385711,320017
20131119,10:00:00.000,BBG000BH4R78,-0.0031792794,-0.004316334,639589
20131119,10:00:00.000,BBG000NDYB67,0.000930425,0.0007772726,1849739
20131119,10:00:00.000,BBG000C6CFJ5,0.0031664786,0.007001249,331624
20131119,10:00:00.000,BBG000BQLTW7,-0.0006134104,-0.002864076,1893535
20131119,10:00:00.000,BBG000BNSZP1,-0.0032251365,-0.002713715,367594
20131119,10:00:00.000,BBG000BBDZG3,-0.0070022247,-0.0018385553,913232
20131119,10:00:00.000,BBG000BHVJJ3,-0.0044533326,-0.0029271853,1311609
20131119,10:00:00.000,BBG000BFT2L4,-0.0023804137,-0.0031635712,614531
20131119,10:00:00.000,BBG000C43RR5,0.00078849,0.0034559683,1711593
20131119,10:00:00.000,BBG000Q9HH23,0.0046633547,0.0029045702,401662
20131119,10:00:00.000,BBG000BCSST7,-0.0064639105,-0.006107386,545673
20131119,10:00:00.000,BBG000BMX289,0.00051260606,-0.0027377156,1596920
20131119,10:00:00.000,BBG000GFFQN9,-0.0040217373,-0.001715079,1956758
20131119,10:00:00.000,BBG000BT41Q8,-0.0033452585,-0.010214663,878111
20131119,10:00:00.000,BBG000CKGBP2,0.0047359513,0.0014495532,856188
20131119,10:00:00.000,BBG000BKZB36,0.012870535,0.016816115,2998031
20131119,10:00:00.000,BBG000BLBVN4,0.0010882973,-0.0020088612,58338
20131119,10:00:00.000,BBG000PSKYX7,-0.006957241,-0.004600848,239059
20131119,10:00:00.000,BBG000BPD168,-0.0052450877,-0.0056230626,996793
20131119,10:00:00.000,BBG000HS77T5,0.005281573,0.0045308312,828864
20131119,10:00:00.000,BBG000BVPV84,0.0069840327,0.0014198396,250943
20131119,10:00:00.000,BBG000BR2TH3,-0.001042227,-0.0015964314,643483
20131119,10:00:00.000,BBG000BQPC32,-0.00071667787,-0.0011781218,3334012
20131119,10:00:00.000,BBG000CGC1X8,0.0043049282,0.0048649446,968126
20131119,10:00:00.000,BBG000BMHYD1,-0.0020062963,-0.0020164577,655172
20131119,10:00:00.000,BBG000K4ND22,0.005449973,0.0037326538,550756
20131119,10:00:00.000,BBG000C0G1D1,0.005734819,0.007318558,5178976
20131119,10:00:00.000,BBG000C5Z1S3,0.008616499,0.012445085,6761108
20131119,10:00:00.000,BBG000BWQFY7,0.0033854109,0.003915707,1425498
20131119,10:00:00.000,BBG000BLNNH6,0.0023037358,0.0046884874,541059
20131119,10:00:00.000,BBG000BR2B91,-0.0065967273,-0.0071841986,4376043
20131119,10:00:00.000,BBG000BSJK37,0.0016308934,0.0030886508,1331560
20131119,10:00:00.000,BBG000C3J3C9,0.0053098276,0.0065746065,7676937
20131119,10:00:00.000,BBG000BK6MB5,0.0020005843,0.0011027966,4132484
20131119,10:00:00.000,BBG000CL9VN6,0.014624672,0.011746696,364168
20131119,10:00:00.000,BBG000GZQ728,-7.61966e-05,0.0003670365,1301136
20131119,10:00:00.000,BBG000DMBXR2,0.005677344,0.008073743,3256000
20131119,10:00:00.000,BBG000FY4S11,0.0030295441,0.004134404,2642128
20131119,10:00:00.000,BBG000N9MNX3,0.039753303,0.039534617,4940448
20131119,10:00:00.000,BBG000BCTLF6,0.011096247,0.014070318,17725758
20131119,10:00:00.000,BBG000BPH459,0.009695281,0.0059586624,7097157
20131119,10:00:00.000,BBG000BHSKN9,-0.0018491182,0.0008237014,196103
20131119,10:00:00.000,BBG000MM2P62,0.011412036,0.0128725385,14844464
20131119,10:00:00.000,BBG000B9XRY4,0.003777261,0.0063715084,1200126
20131119,10:15:00.000,BBG000C221G9,0.0006057119,0.00049768365,58083
20131119,10:15:00.000,BBG000D9H9F1,0.011634574,0.014277398,614685
20131119,10:15:00.000,BBG000BJ5GK2,0.004918912,-0.0012695936,273980
20131119,10:15:00.000,BBG000BVVQQ8,0.003227845,0.0022809433,175892
20131119,10:15:00.000,BBG000PTLGZ1,-0.0033785643,-0.0039241128,66712
20131119,10:15:00.000,BBG000CGT2S4,-0.0012903659,8.260685e-08,642425
20131119,10:15:00.000,BBG000RKR4R8,0.00942695,0.008718451,2387477
20131119,10:15:00.000,BBG000BDWKC5,0.0008095111,-0.0009191172,328834
20131119,10:15:00.000,BBG000JB27Y9,-0.0043552592,-0.0020713871,82963
20131119,10:15:00.000,BBG000BLXZN1,-0.008138753,-0.0026720148,99175
20131119,10:15:00.000,BBG000BK5DP1,-0.001757293,-0.00037389886,319001
20131119,10:15:00.000,BBG000FBR384,0.0076599517,0.006801209,122626
20131119,10:15:00.000,BBG000BCHG15,0.010236566,0.010653325,137363
20131119,10:15:00.000,BBG000BLHRS2,-0.0013938249,-0.005744118,76023
20131119,10:15:00.000,BBG000F80SZ5,-0.0044406685,-0.0031534,1390424
20131119,10:15:00.000,BBG000BQ87N0,-0.002580748,-0.00770205,107048
20131119,10:15:00.000,BBG000HW5GX3,0.00030283135,0.00031047533,329947
20131119,10:15:00.000,BBG000BLMZK6,0.0035253833,0.0044823852,140600
20131119,10:15:00.000,BBG000BND699,0.0012379336,0.0023073547,155246
20131119,10:15:00.000,BBG000BYWTX7,-0.016169503,-0.0144980615,1124679
20131119,10:15:00.000,BBG000BGKHZ3,0.001407227,0.0032433711,91960
20131119,10:15:00.000,BBG000M1R011,0.013209041,0.010162716,539119
20131119,10:15:00.000,BBG000BCJ161,-0.008543818,0.0027045016,370937
20131119,10:15:00.000,BBG000DGPR66,-0.00503563,-0.009087083,314116
20131119,10:15:00.000,BBG000BV75B7,-0.003166962,0.0009694272,99081
20131119,10:15:00.000,BBG000BPZBB6,-0.0024153092,-0.005896147,109507
20131119,10:15:00.000,BBG000BL79J3,-0.008907604,-0.0047938726,1620692
20131119,10:15:00.000,BBG000BP7JB0,-0.0024387122,-0.0032611517,489129
20131119,10:15:00.000,BBG000BVB8Q0,-0.003519161,-0.0049241544,667722
20131119,10:15:00.000,BBG000TJM7F0,-0.00012475046,-0.0032872527,146146
20131119,10:15:00.000,BBG000BHQYG9,0.0062970663,0.0058970205,77384
20131119,10:15:00.000,BBG000BDDN94,0.0055225454,-0.0035531202,35858
20131119,10:15:00.000,BBG000BWP7D9,-0.0009791724,-0.0047233873,210125
20131119,10:15:00.000,BBG000F9KJN4,-0.016023753,-0.016064238,456235
20131119,10:15:00.000,BBG000BWVSR1,-0.0061369794,-0.0059346454,553520
20131119,10:15:00.000,BBG000BHCP19,-0.005594776,-0.005701825,245673
20131119,10:15:00.000,BBG000BFDLV8,-0.003696494,-0.0030010862,97059
20131119,10:15:00.000,BBG000BX8DC4,-0.0056609917,-0.003496633,383099
20131119,10:15:00.000,BBG000CPHYL4,-0.006896258,-0.012150206,185505
20131119,10:15:00.000,BBG000BCNYT9,0.0039272793,-0.00058430195,669084
20131119,10:15:00.000,BBG000VC0T95,0.007868617,0.005294231,169892
20131119,10:15:00.000,BBG000PCQQL6,0.011034222,0.008232451,194708
20131119,10:15:00.000,BBG000BQ74K1,0.0014150231,0.004386233,171995
20131119,10:15:00.000,BBG000BJDPC2,0.0054242252,0.008921451,126506
20131119,10:15:00.000,BBG000GPXKX9,0.00018198784,0.0029656517,93635
20131119,10:15:00.000,BBG000BJ49H3,-0.005965707,-0.004718748,61119
20131119,10:15:00.000,BBG000PLXQQ3,-0.005377609,-0.0012484278,125622
20131119,10:15:00.000,BBG000BQHGR6,-0.0003078903,-0.0021711302,165250
20131119,10:15:00.000,BBG000KLB4Q1,0.0060806833,0.008285469,448664
20131119,10:15:00.000,BBG000C3Y7J6,0.0033237569,0.0017572829,56763
20131119,10:15:00.000,BBG000FFH4P5,0.0016973114,0.0011332098,68440
20131119,10:15:00.000,BBG000JBSJZ4,-0.005092082,-0.0046686227,185914
20131119,10:15:00.000,BBG000F86GP6,0.006420586,0.008553196,184293
20131119,10:15:00.000,BBG000BQTMJ9,0.013712958,0.015420657,514773
20131119,10:15:00.000,BBG000RNTSX0,0.000854396,0.007732388,32500
20131119,10:15:00.000,BBG000GZD660,0.00020012895,-0.0011832428,49272
20131119,10:15:00.000,BBG000D9DMK0,0.0006934131,-0.0042970316,65443
20131119,10:15:00.000,BBG003P9ZSL3,-0.011116211,-0.0038309786,40421
20131119,10:15:00.000,BBG000C37332,0.004899509,0.0037369553,49154
20131119,10:15:00.000,BBG000C1DHF5,-0.0033137202,0.0010318803,244058
20131119,10:15:00.000,BBG000FW8LZ9,0.0086753,0.013639113,251895
20131119,10:15:00.000,BBG000BCVMH9,-0.00023893022,-0.001568395,36959
20131119,10:15:00.000,BBG000BKQ3V3,0.004808788,-0.0016343503,221905
20131119,10:15:00.000,BBG000CXD6X9,0.009411735,0.0056930506,172136
20131119,10:15:00.000,BBG000BCYP43,0.0092811715,0.010844789,51275
20131119,10:15:00.000,BBG000PM7GJ0,-0.011297854,-0.013149404,2225074
20131119,10:15:00.000,BBG000C75N77,0.0019374489,0.003014976,71730
20131119,10:15:00.000,BBG000G8N9C6,-0.0031200645,0.001040662,334393
20131119,10:15:00.000,BBG000C90DH9,0.008446442,0.009381527,298498
20131119,10:15:00.000,BBG000C6F3T8,0.0076264013,0.0053460686,612822
20131119,10:15:00.000,BBG000BFV115,-0.006179837,-0.004544877,190461
20131119,10:15:00.000,BBG000C7B436,-0.00030692885,-0.004442136,97119
20131119,10:15:00.000,BBG000BLCPY4,-0.0065621557,-0.010278467,198663
20131119,10:15:00.000,BBG000BD3LM4,-0.0065813903,-0.010484081,705585
20131119,10:15:00.000,BBG000BDY3Y7,-0.016308084,-0.021371875,690120
20131119,10:15:00.000,BBG000BMZ7P7,0.0010922472,-0.0039784545,44314
20131119,10:15:00.000,BBG000BBNYF6,-0.006095683,-0.006207679,202269
20131119,10:15:00.000,BBG000BK6G19,0.0017254204,0.0015400287,213041
20131119,10:15:00.000,BBG000BB29X4,-0.0016612638,-0.0056925225,90643
20131119,10:15:00.000,BBG000BB03M1,-0.00048692833,-0.012845869,312554
20131119,10:15:00.000,BBG000BGD7W6,0.0018755596,-0.0010673052,218637
20131119,10:15:00.000,BBG000C3NTN5,0.0057597067,0.005595698,301993
20131119,10:15:00.000,BBG000BHB3M6,-0.0063902917,-0.0066237645,66464
20131119,10:15:00.000,BBG000BBCQD7,-0.0027071454,0.00038318092,330450
20131119,10:15:00.000,BBG000D14WM3,0.0014739876,0.002593973,1519054
20131119,10:15:00.000,BBG000CVWGS6,-0.011815746,-0.0142655205,1373266
20131119,10:15:00.000,BBG000BQSQ38,0.0037436807,0.005985801,246092
20131119,10:15:00.000,BBG000BPQVR5,-0.0043603512,-0.0020009922,81909
20131119,10:15:00.000,BBG000BCZYD3,-0.002938759,-0.002496522,95741
20131119,10:15:00.000,BBG000FDBX90,-0.0016971938,-0.005621312,185942
20131119,10:15:00.000,BBG000BQVTF5,0.0035004485,0.0006206987,114355
20131119,10:15:00.000,BBG001BPFT54,-0.021984052,-0.021668363,1954326
20131119,10:15:00.000,BBG000BHC2S1,-0.006135369,0.0005370546,167025
20131119,10:15:00.000,BBG000DN7P92,0.0016108967,0.0027211143,152826
20131119,10:15:00.000,BBG000C060M4,-0.0075704874,-0.004903895,79718
20131119,10:15:00.000,BBG000BHKYH4,-0.004874983,-0.00070001936,76505
20131119,10:15:00.000,BBG000F6ZWH2,0.026176665,0.03211174,808154
20131119,10:15:00.000,BBG000BFTJ91,-0.0009812698,-0.0011872033,119400
20131119,10:15:00.000,BBG000BD0TF8,0.00060677825,0.0018573002,260872
20131119,10:15:00.000,BBG000BP1Q11,0.008753697,0.010705885,121849
20131119,10:15:00.000,BBG000D5S4M0,0.00509743,0.005651842,43621
20131119,10:15:00.000,BBG000MQ1SN9,-0.0015715647,-0.008013286,232551
20131119,10:15:00.000,BBG000BKZTP3,0.00079746684,0.00045076173,108730
20131119,10:15:00.000,BBG000C0HQ54,-0.0052398928,-0.0052784015,650769
20131119,10:15:00.000,BBG000BP1152,0.007738055,0.010238063,271100
20131119,10:15:00.000,BBG000BN9WT5,-0.0040114988,-0.004278991,254758
20131119,10:15:00.000,BBG000BBLK04,0.0038911009,0.00585616,48310
20131119,10:15:00.000,BBG000NSQ9M0,0.0035305365,0.0032729644,993086
20131119,10:15:00.000,BBG000BRXP69,-0.0023799692,-0.0004687027,70554
20131119,10:15:00.000,BBG000BGYWY6,-0.001083259,0.003413199,32266
20131119,10:15:00.000,BBG000BJ8YN7,0.00049629074,0.002772201,289147
20131119,10:15:00.000,BBG000BFVXX0,-0.0015195705,-0.004339325,312328
20131119,10:15:00.000,BBG000BLM0V1,-0.00071491837,-0.0025533969,59759
20131119,10:15:00.000,BBG000BBCDZ2,0.0045211804,0.0045313155,63258
20131119,10:15:00.000,BBG000KBQZ88,0.0025593797,-0.00021204892,111208
20131119,10:15:00.000,BBG000BWXL85,0.0015184046,-0.0017190892,130271
20131119,10:15:00.000,BBG000BKXYX5,0.0009523155,0.004587579,132730
20131119,10:15:00.000,BBG000D1QCF1,0.0040958403,-0.003189208,232104
20131119,10:15:00.000,BBG000CKVSG8,-0.0036140648,-0.0056400364,274854
20131119,10:15:00.000,BBG000BPYHJ6,0.0139866555,0.014892152,282442
20131119,10:15:00.000,BBG000BKWSR6,-0.0009774924,7.922348e-08,3331146
20131119,10:15:00.000,BBG000BMTFR4,-0.0014560381,-0.0027031414,243012
20131119,10:15:00.000,BBG000C1FQS9,-0.0018991958,-0.007157808,90261
20131119,10:15:00.000,BBG000BR37X2,0.001718448,0.0014672586,338499
20131119,10:15:00.000,BBG000BB6G37,-0.0040789205,-0.0037887762,213957
20131119,10:15:00.000,BBG000CHPY97,0.01482405,0.016004374,1783604
20131119,10:15:00.000,BBG000BPXRB3,-0.014157584,-0.011913071,209998
20131119,10:15:00.000,BBG000BF5RY1,-0.0015320576,-0.0028646237,151367
20131119,10:15:00.000,BBG000BNNKG9,0.0111655835,0.014405678,363914
20131119,10:15:00.000,BBG001NVJ6W4,-0.015971452,-0.01636996,324505
20131119,10:15:00.000,BBG0035LY913,0.0070506027,0.010330029,272303
20131119,10:15:00.000,BBG000BMLWX8,0.0010652302,0.00059996994,376261
20131119,10:15:00.000,BBG000BPNP00,0.0009329656,0.0003498231,361764
20131119,10:15:00.000,BBG000DSMS70,-0.0015933799,-0.0026054014,169033
20131119,10:15:00.000,BBG000D13GN8,-0.028230833,-0.026464818,441689
20131119,10:15:00.000,BBG000BSC0K9,-0.004450466,-0.0003361902,176291
20131119,10:15:00.000,BBG000MDCQC2,0.0062550735,0.003325141,196651
20131119,10:15:00.000,BBG000BMKDM3,-0.0011957792,-0.006574118,156693
20131119,10:15:00.000,BBG000BF1R66,0.0010167635,0.0008973964,54800
20131119,10:15:00.000,BBG000BJQWD2,0.0017525824,0.00382611,158365
20131119,10:15:00.000,BBG000C2ZCH8,-0.0010464892,-0.0043964665,76872
20131119,10:15:00.000,BBG000BP8Z50,-0.004659602,-0.002598706,202669
20131119,10:15:00.000,BBG000FBK808,-0.0011417615,-0.001728589,902149
20131119,10:15:00.000,BBG000BXMFC3,0.007148785,0.009461334,193285
20131119,10:15:00.000,BBG000BFNR17,0.0009897026,0.002879085,99684
20131119,10:15:00.000,BBG000RGM5P1,0.0030526319,0.0014282818,341641
20131119,10:15:00.000,BBG000BKR1D6,0.00013574673,0.004049174,50864
20131119,10:15:00.000,BBG000D7RKJ5,0.0005644164,-0.003066823,103884
20131119,10:15:00.000,BBG000G6BN50,-0.0004136011,0.001086579,63327
20131119,10:15:00.000,BBG000J1QLT0,0.00027110765,-0.00014463696,59754
20131119,10:15:00.000,BBG000BNFLM9,-0.00045615682,-0.0013582777,271520
20131119,10:15:00.000,BBG000BTCH57,-0.006235527,-0.01206837,702685
20131119,10:15:00.000,BBG000FLZN98,0.0064217565,0.013126783,58082
20131119,10:15:00.000,BBG000C4DPX1,0.0025230197,0.0025007606,125123
20131119,10:15:00.000,BBG000BQ8KV2,0.00024151387,0.0053749145,139393
20131119,10:15:00.000,BBG000BPMH90,-0.00065057015,-0.00031788932,157200
20131119,10:15:00.000,BBG000K14Q84,-0.0020721217,-0.0073633757,88769
20131119,10:15:00.000,BBG000BC9938,0.0025872502,0.0007667912,200389
20131119,10:15:00.000,BBG000QFJ7H3,0.0026871515,0.0024832385,699828
20131119,10:15:00.000,BBG000BTQR96,-0.00023223637,-0.0017527317,129367
20131119,10:15:00.000,BBG000CHWP52,0.002827756,0.0032198147,147397
20131119,10:15:00.000,BBG000D8RG11,-0.004752854,-0.0066360384,249092
20131119,10:15:00.000,BBG000BS9489,0.0015485378,0.0017872211,137197
20131119,10:15:00.000,BBG000CKJ0P3,-0.0020550326,-3.0059912e-08,102095
20131119,10:15:00.000,BBG000BWCKB6,0.0022585765,0.0025386983,65623
20131119,10:15:00.000,BBG000BVWLJ6,0.0050267647,0.006914214,418709
20131119,10:15:00.000,BBG000BXM6V2,-0.0017638054,-0.0007364375,141799
20131119,10:15:00.000,BBG000D9KWL9,0.0013070637,0.0014064199,70299
20131119,10:15:00.000,BBG000BKNX95,0.0023793625,0.002793867,328659
20131119,10:15:00.000,BBG000J5Q6L2,0.011810672,0.01447778,1081251
20131119,10:15:00.000,BBG000QN4GY3,-0.006506219,-0.00878043,254087
20131119,10:15:00.000,BBG000BCTQ65,0.00058603974,-0.0038428241,321516
20131119,10:15:00.000,BBG000BNNYW1,-0.00275743,-0.0034739175,220300
20131119,10:15:00.000,BBG003641015,-0.00046538725,0.0023376152,127937
20131119,10:15:00.000,BBG000D6L294,-0.01364027,-0.011682887,266928
20131119,10:15:00.000,BBG000BSBZH7,0.003684387,0.008222252,184272
20131119,10:15:00.000,BBG000BNC3Y9,-0.0036377236,0.0002988241,251099
20131119,10:15:00.000,BBG000F15NW9,8.713655e-05,0.0015847291,332602
20131119,10:15:00.000,BBG000R0L5J4,-0.006398533,-0.0064853868,606511
20131119,10:15:00.000,BBG000BVMPN3,-0.0006086345,0.002937302,91633
20131119,10:15:00.000,BBG000BB5BF6,-0.018699652,-0.012901225,378740
20131119,10:15:00.000,BBG000BR3KL6,-0.006239995,-0.006285827,84972
20131119,10:15:00.000,BBG000BNGTQ7,-0.008297117,-0.0046667573,259936
20131119,10:15:00.000,BBG000BHZ5J9,0.0020218636,0.0017848256,208592
20131119,10:15:00.000,BBG000BN84F3,-9.1258255e-05,-0.005091582,153649
20131119,10:15:00.000,BBG000BBJQV0,-0.002327022,-0.0003205611,739066
20131119,10:15:00.000,BBG000BB1TH9,0.0014596251,-0.0060857325,187485
20131119,10:15:00.000,BBG000BFS7D3,-0.0031688646,-0.0037251755,142724
20131119,10:15:00.000,BBG000BR14K5,0.00023550508,-0.00015235457,86534
20131119,10:15:00.000,BBG000BPVCR1,0.0076152077,0.010332395,351814
20131119,10:15:00.000,BBG000BKLH74,-0.008173532,-0.005363603,662744
20131119,10:15:00.000,BBG002S5ZRF9,-0.025277672,-0.023202471,573290
20131119,10:15:00.000,BBG000BKPL53,5.8303773e-05,0.0026235173,126443
20131119,10:15:00.000,BBG000DY8ZS4,-0.0055782874,-0.014974647,1229470
20131119,10:15:00.000,BBG000DNTSP4,-0.001801251,-0.0026346652,285778
20131119,10:15:00.000,BBG000BM6788,-0.005392559,-0.0034775825,315721
20131119,10:15:00.000,BBG000G3QLY3,0.0015954118,0.0044648107,113103
20131119,10:15:00.000,BBG000BLKK03,0.003845987,0.005982323,126655
20131119,10:15:00.000,BBG000BP0KQ8,-0.008086473,-0.009952549,656662
20131119,10:15:00.000,BBG000C7LMS8,-0.0004799491,0.0036552201,23128
20131119,10:15:00.000,BBG000JBN3X6,-0.004375115,0.012087897,2492487
20131119,10:15:00.000,BBG000QW7VC1,-0.004697203,-0.010605965,413750
20131119,10:15:00.000,BBG000C2YHG9,-0.011228032,-0.010380876,285060
20131119,10:15:00.000,BBG000BVHBM1,0.0010182038,-0.0021074594,313837
20131119,10:15:00.000,BBG000FKJRC5,-0.0011944257,-0.0030191126,135203
20131119,10:15:00.000,BBG000BP4MH0,-0.0024149944,-0.0012693956,364753
20131119,10:15:00.000,BBG000BSXQV7,-0.0008070622,0.0033369223,53645
20131119,10:15:00.000,BBG000BY33P5,-0.010315597,-0.009696402,1481011
20131119,10:15:00.000,BBG000BNJHS8,-0.0015094208,0.0137858,1652215
20131119,10:15:00.000,BBG000BB5373,0.0063345656,0.0017941813,792832
20131119,10:15:00.000,BBG000CSY9H9,5.0975024e-05,0.004664755,201061
20131119,10:15:00.000,BBG000BQWPC5,0.002089133,-0.0014630624,318172
20131119,10:15:00.000,BBG000BQZMH4,-0.0039889626,-0.0067363,318106
20131119,10:15:00.000,BBG000BC4JJ4,0.0026671265,0.0015007079,94589
20131119,10:15:00.000,BBG001QD41M9,0.0031034045,0.0052015465,310557
20131119,10:15:00.000,BBG000BHLYS1,-0.0032148312,-0.0060112514,168702
20131119,10:15:00.000,BBG000HG21Y3,0.019583773,0.017794948,89480
20131119,10:15:00.000,BBG000BHLYP4,0.0054748883,0.010781685,384287
20131119,10:15:00.000,BBG000DLFM21,-0.00395497,-0.00486896,82805
20131119,10:15:00.000,BBG000H9G7X2,-0.009861662,-0.00502265,331503
20131119,10:15:00.000,BBG000BRRG02,-0.00041595986,0.0018559222,31236
20131119,10:15:00.000,BBG000BBMSJ6,-0.027061226,-0.028637448,1833472
20131119,10:15:00.000,BBG000MM5VL9,-0.015219716,-0.017257996,286025
20131119,10:15:00.000,BBG000C2V3D6,-0.0021052628,-0.0023122346,363775
20131119,10:15:00.000,BBG000G30YX4,-0.0056440923,-0.0067374343,97238
20131119,10:15:00.000,BBG000JN8R00,-0.008215266,-0.0064714425,1136775
20131119,10:15:00.000,BBG000C2PW58,0.0009755686,0.0028620267,45470
20131119,10:15:00.000,BBG000CGQ6M4,0.0037157265,0.0015835838,62113
20131119,10:15:00.000,BBG000BCBCM7,0.008409667,0.007103681,2631954
20131119,10:15:00.000,BBG000C3HSR0,0.0017787368,0.0041884137,291097
20131119,10:15:00.000,BBG000BG09F5,-0.00650142,-0.0047919927,385300
20131119,10:15:00.000,BBG000BDXGP9,-0.00059754186,-0.0055224,424856
20131119,10:15:00.000,BBG000BTVJ25,-0.0012989364,-0.00089198275,393452
20131119,10:15:00.000,BBG000BTKGG8,0.0026587094,0.0033367001,442979
20131119,10:15:00.000,BBG000BLW530,-0.010537252,-0.010981775,275820
20131119,10:15:00.000,BBG000BY2Y78,-0.0010041246,0.00088952156,256954
20131119,10:15:00.000,BBG000BJ2VQ6,0.006419147,0.0007349056,138163
20131119,10:15:00.000,BBG0039320N9,-0.0052747666,-0.007591428,563597
20131119,10:15:00.000,BBG000BRJ809,-0.0010146961,0.002329227,34835
20131119,10:15:00.000,BBG000TWC2V5,-0.00087161164,-0.0060461923,276699
20131119,10:15:00.000,BBG0019JZ882,-0.0030276314,-0.004771744,805015
20131119,10:15:00.000,BBG000BF6LY3,-0.003463581,-0.0056062643,581437
20131119,10:15:00.000,BBG000BYYLS8,0.0032756673,0.0041374816,567573
20131119,10:15:00.000,BBG000BRWGG9,-0.0036086543,0.0019322624,2276835
20131119,10:15:00.000,BBG000FW00S1,-0.00061799126,-0.0051638535,983603
20131119,10:15:00.000,BBG000BK67C7,0.0019201144,0.0020158058,403780
20131119,10:15:00.000,BBG000FVXD63,0.009505428,0.009283406,184241
20131119,10:15:00.000,BBG000D2M0Z7,-0.010880956,-0.009957153,169919
20131119,10:15:00.000,BBG000BLBXT4,0.0022293427,6.683305e-05,136947
20131119,10:15:00.000,BBG000CS7CT9,0.0044674026,0.009498333,387031
20131119,10:15:00.000,BBG000BFMBQ6,0.0032002947,0.005171709,230457
20131119,10:15:00.000,BBG000BBBNC6,-0.0072635356,-0.0029901285,202093
20131119,10:15:00.000,BBG000G0Z878,-0.0037394813,-0.001140686,810277
20131119,10:15:00.000,BBG000CR90K4,-0.009737935,-0.009732491,4744400
20131119,10:15:00.000,BBG000BQ2C28,-0.0018680103,0.0012209547,147804
20131119,10:15:00.000,BBG000BMBL90,-0.0017095007,-0.0010067715,204620
20131119,10:15:00.000,BBG000BX5ZF5,0.007959544,0.008118651,1491539
20131119,10:15:00.000,BBG000BPT0C6,0.003056912,0.0010245177,368078
20131119,10:15:00.000,BBG000BMY992,0.009540463,0.009667813,752612
20131119,10:15:00.000,BBG000BL9JQ1,-0.009787377,-0.008576917,425915
20131119,10:15:00.000,BBG000JG0547,0.022116855,0.026045462,1302479
20131119,10:15:00.000,BBG000BM7HL0,-0.008322717,-0.011540502,475614
20131119,10:15:00.000,BBG000BRK7L6,0.0009575476,0.0016856141,729305
20131119,10:15:00.000,BBG000BMQPL1,0.00032041475,0.0015606179,2764980
20131119,10:15:00.000,BBG000C1FB75,,,283727
20131119,10:15:00.000,BBG000CZWZ05,4.4125227e-05,-0.0023995922,0
20131119,10:15:00.000,BBG000R7RDB4,0.0029907064,0.0021480343,207712
20131119,10:15:00.000,BBG000DTMH63,,,523948
20131119,10:15:00.000,BBG000BTR593,0.0067390627,0.0067484626,452289
20131119,10:15:00.000,BBG000BB6M98,0.00030201158,-0.005931239,693476
20131119,10:15:00.000,BBG000C2BXK4,-0.014891623,-0.015588216,1540114
20131119,10:15:00.000,BBG000PVRDL2,0.0005058524,0.0018537408,604605
20131119,10:15:00.000,BBG000BVMGF2,-0.0029412361,-0.0014744262,188271
20131119,10:15:00.000,BBG000BCGY17,0.002719617,-0.0009437948,305902
20131119,10:15:00.000,BBG000CNFQW6,-0.0040894737,-0.0033816814,118025
20131119,10:15:00.000,BBG000BSD7C2,-0.0026162828,-0.0014009842,163197
20131119,10:15:00.000,BBG000FQ6PY6,-0.011540359,-0.013649466,410689
20131119,10:15:00.000,BBG000BC15S7,-0.0010367478,-0.00067729683,555825
20131119,10:15:00.000,BBG000BVDLH9,-0.006482949,-0.0050606322,130165
20131119,10:15:00.000,BBG000GC80B4,0.0009929156,0.002029556,207091
20131119,10:15:00.000,BBG000C0F570,0.0005875312,0.00091265305,823071
20131119,10:15:00.000,BBG000D898T9,-0.0017326492,-0.0006180808,246496
20131119,10:15:00.000,BBG000BG14P4,-0.00017971812,0.0009029994,397983
20131119,10:15:00.000,BBG000DQTXY6,-0.0008561866,-0.003626029,881664
20131119,10:15:00.000,BBG000C1S2X2,0.010630843,0.007859687,155673
20131119,10:15:00.000,BBG000BWSV34,-0.0071407733,-0.0040511386,229359
20131119,10:15:00.000,BBG000H0QBS7,-0.001046818,-0.0030045852,119365
20131119,10:15:00.000,BBG000BWNFZ9,0.0024493511,0.0028953946,206574
20131119,10:15:00.000,BBG000BS0ZF1,0.0010459407,0.0036120424,45427
20131119,10:15:00.000,BBG000CPQZ77,-0.0016040604,-0.0025436226,561941
20131119,10:15:00.000,BBG001M8HHB7,0.010632915,0.007318067,179695
20131119,10:15:00.000,BBG000BH5DV1,-0.0029263592,-0.0032695613,258317
20131119,10:15:00.000,BBG000NV1KK7,0.0016120007,0.0071344026,488806
20131119,10:15:00.000,BBG000DKCC19,0.023944214,0.022777185,1182504
20131119,10:15:00.000,BBG000CXYSZ6,-0.012189774,-0.012150888,231396
20131119,10:15:00.000,BBG000BGLRN3,-0.0019554638,-4.781396e-08,556478
20131119,10:15:00.000,BBG000QRKJ70,-0.03199394,-0.038405944,5069588
20131119,10:15:00.000,BBG000BQ5DS5,-0.00045688413,-0.002235541,92186
20131119,10:15:00.000,BBG000BV7LP7,0.0070302016,0.0078678345,722036
20131119,10:15:00.000,BBG000BH5LT6,-0.0023706276,-0.005166478,490405
20131119,10:15:00.000,BBG000R8ZVD1,0.0052418592,0.005308231,282086
20131119,10:15:00.000,BBG000BRJL00,-0.00023776667,-0.005178616,348362
20131119,10:15:00.000,BBG000BB6WG8,0.01053889,0.007328886,749413
20131119,10:15:00.000,BBG000BJL3N0,0.0039874185,0.0049988013,976700
20131119,10:15:00.000,BBG000QY3XZ2,0.003739754,-0.00024576674,181552
20131119,10:15:00.000,BBG000LD9JQ8,-0.0052342233,-0.008648048,190052
20131119,10:15:00.000,BBG000Q3JN03,-0.004682107,-0.0031034828,3041421
20131119,10:15:00.000,BBG000BH3JF8,-0.0026104846,-6.700406e-05,365191
20131119,10:15:00.000,BBG000BR54L0,0.004366894,0.00054699206,1381886
20131119,10:15:00.000,BBG000PX3XC0,-0.011905406,-0.011617419,820310
20131119,10:15:00.000,BBG001YMS0B8,0.0008350796,-0.0020778773,339732
20131119,10:15:00.000,BBG000BD8PN9,0.0025680186,0.0051307,701983
20131119,10:15:00.000,BBG000BRD0D8,0.0037786646,0.003916732,153900
20131119,10:15:00.000,BBG000BMDV41,-0.0024114721,-0.0008119169,645427
20131119,10:15:00.000,BBG000BGVW60,0.0013999594,-0.001253793,434998
20131119,10:15:00.000,BBG000BKCFC2,-0.011626919,-0.015503912,939793
20131119,10:15:00.000,BBG000BB9KF2,-0.0003434733,-0.004761299,412941
20131119,10:15:00.000,BBG000C0MF34,0.0007138535,0.0026966596,91819
20131119,10:15:00.000,BBG000BZ2GG4,-0.004201227,-0.012330877,377690
20131119,10:15:00.000,BBG000C0LW92,0.01977486,0.023326218,2444091
20131119,10:15:00.000,BBG000BMW2Z0,-0.00048175486,-0.000555693,281550
20131119,10:15:00.000,BBG000F0KF42,-0.004268874,-0.0036079534,507619
20131119,10:15:00.000,BBG000BX3TD3,-0.008863415,-0.0003631997,1200576
20131119,10:15:00.000,BBG000QX74T1,0.004246868,0.0056390315,80351
20131119,10:15:00.000,BBG000BWJFZ4,-0.0022479398,-0.0010631889,49597
20131119,10:15:00.000,BBG000BKFBD7,-0.001690642,0.0020427757,300600
20131119,10:15:00.000,BBG000JWD753,0.0016796113,-0.000635649,720111
20131119,10:15:00.000,BBG000M65M61,0.0431818,0.055517465,2992717
20131119,10:15:00.000,BBG000MBDGM6,0.0023160665,0.0024050782,53792
20131119,10:15:00.000,BBG000BBVJZ8,0.005515152,0.0061868373,402591
20131119,10:15:00.000,BBG000BV8DN6,0.016417155,0.021598302,721621
20131119,10:15:00.000,BBG000BH2JM1,0.009770262,0.008032042,778482
20131119,10:15:00.000,BBG000BGJRC8,-0.0042072493,-0.0058745765,716754
20131119,10:15:00.000,BBG000QBR5J5,-0.0026997984,-0.00086650695,335210
20131119,10:15:00.000,BBG000BSLZY7,0.0040081083,0.008597905,880540
20131119,10:15:00.000,BBG000BJSBJ0,-0.009254595,-0.013814882,1128699
20131119,10:15:00.000,BBG000BJ81C1,-0.0006872859,0.0013607832,148162
20131119,10:15:00.000,BBG000BFL116,-0.009093211,-0.0053290348,797315
20131119,10:15:00.000,BBG000HCJMF9,0.0007353173,0.0059775673,310513
20131119,10:15:00.000,BBG000FV1Z23,0.0041660895,-0.0041288747,143298
20131119,10:15:00.000,BBG000BBDV81,0.0011111735,0.0043297624,288955
20131119,10:15:00.000,BBG000FJLFX8,-0.0065939603,-0.004169846,501466
20131119,10:15:00.000,BBG000J6XT05,-0.0009748086,-0.005705243,616933
20131119,10:15:00.000,BBG000BCWCG1,-0.093806855,-0.089886285,8012227
20131119,10:15:00.000,BBG000BJPDZ1,0.002921624,0.005977359,18908
20131119,10:15:00.000,BBG000BPQD31,0.00046770624,0.0011959017,290702
20131119,10:15:00.000,BBG000C734W3,-0.003481126,-0.0030439901,133082
20131119,10:15:00.000,BBG000C3GN47,0.004699192,0.005323394,564871
20131119,10:15:00.000,BBG000BFRF55,0.01217115,0.014178709,1657002
20131119,10:15:00.000,BBG000BGPTV6,0.002519146,-0.00041660707,108158
20131119,10:15:00.000,BBG000BM5SR2,0.0017635361,0.006845337,657098
20131119,10:15:00.000,BBG000BN5HF7,0.0023841243,-0.0004345753,414961
20131119,10:15:00.000,BBG000BBD070,0.002192236,0.0003054934,381202
20131119,10:15:00.000,BBG000BVPPM1,0.022218615,0.025367957,702310
20131119,10:15:00.000,BBG000DYGNW7,-0.0018891263,-3.1734722e-05,151006
20131119,10:15:00.000,BBG000BCG930,0.008273077,0.011060084,329942
20131119,10:15:00.000,BBG000BHGDH5,-0.0024812873,-0.0071982713,338215
20131119,10:15:00.000,BBG000BJ3PD2,0.00059768354,-0.0004161899,222460
20131119,10:15:00.000,BBG000BFQYY3,0.0012301801,0.00015338224,320187
20131119,10:15:00.000,BBG000BY29C7,0.0021672985,0.0024060486,331762
20131119,10:15:00.000,BBG000C1BW00,0.00398113,0.005113061,119552
20131119,10:15:00.000,BBG000BD4VG8,0.0065693813,-0.0022672473,546671
20131119,10:15:00.000,BBG000BHQ1H0,0.004344428,0.0040712035,375867
20131119,10:15:00.000,BBG000BB5006,-0.001062061,-0.0041512665,353170
20131119,10:15:00.000,BBG000BKFZM4,0.010847671,0.012510899,1376194
20131119,10:15:00.000,BBG000BWVCP8,0.0022660992,0.00028309794,729086
20131119,10:15:00.000,BBG000FH8PX5,-0.010538074,-0.009357847,196580
20131119,10:15:00.000,BBG000BHX7N2,0.0028239526,0.0019968504,215459
20131119,10:15:00.000,BBG000WCFV84,-0.004667571,-0.003313023,385581
20131119,10:15:00.000,BBG000BBPFB9,0.0051105563,0.005938673,1686563
20131119,10:15:00.000,BBG000FL1TC8,0.008732455,0.0082250135,693945
20131119,10:15:00.000,BBG000F6H8W8,0.0016835075,0.003568181,150954
20131119,10:15:00.000,BBG000BGKTF9,-0.0052623707,-0.002448677,578685
20131119,10:15:00.000,BBG000C8H633,0.008743636,0.009584755,797574
20131119,10:15:00.000,BBG000H89QJ6,-0.001220669,-0.0009461337,384253
20131119,10:15:00.000,BBG0014GG205,0.002054454,0.008247674,1563301
20131119,10:15:00.000,BBG000BFXHL6,-0.011473987,-0.011667434,458806
20131119,10:15:00.000,BBG000BH3GZ2,0.004852396,0.004358196,495987
20131119,10:15:00.000,BBG000BT9DW0,0.0020033286,-0.001889122,1211468
20131119,10:15:00.000,BBG000FP1N32,-0.00028175695,0.0017254396,421548
20131119,10:15:00.000,BBG000FNRZ69,-0.009851297,-0.010881246,841153
20131119,10:15:00.000,BBG000D42FJ0,0.0043183225,0.0074488292,2392359
20131119,10:15:00.000,BBG00286S4N9,0.006339279,0.009594716,379632
20131119,10:15:00.000,BBG0025Y4RY4,-0.003730903,-0.0053199353,322684
20131119,10:15:00.000,BBG000BFDXW1,-0.0042641168,-0.004882937,1060069
20131119,10:15:00.000,BBG0029SNR63,-0.0028388593,-0.00018526193,413305
20131119,10:15:00.000,BBG000G2R6M0,0.00824327,0.009517701,1288404
20131119,10:15:00.000,BBG000BCVJ77,-0.0010769768,0.0006537594,306872
20131119,10:15:00.000,BBG000BL4504,-0.0032879584,-0.0055066478,3019523
20131119,10:15:00.000,BBG000BC2C10,-0.0005310445,0.00027163138,449325
20131119,10:15:00.000,BBG000B9WH86,0.01030167,0.014533228,2622793
20131119,10:15:00.000,BBG000BJX8C8,-0.0012509834,-0.0076087834,625469
20131119,10:15:00.000,BBG000H556T9,-0.001986943,-0.00022634608,151391
20131119,10:15:00.000,BBG000C496P7,-0.0072791055,-0.005787454,533664
20131119,10:15:00.000,BBG000FG3C43,-0.0031093694,-0.0020373266,414045
20131119,10:15:00.000,BBG000BNWG87,-0.005246071,-0.0027449292,1011073
20131119,10:15:00.000,BBG000BNBDC2,0.00055437564,0.0003920517,669294
20131119,10:15:00.000,BBG000BJ98Z0,-0.0015104737,-0.004967181,540410
20131119,10:15:00.000,BBG000Q2HM09,0.004881332,0.010087723,929156
20131119,10:15:00.000,BBG000D9D830,0.0038043787,0.006111685,415570
20131119,10:15:00.000,BBG000CJZ2W6,-0.019960288,-0.015487092,871791
20131119,10:15:00.000,BBG000BH13K9,-0.0067118844,-0.004538461,526891
20131119,10:15:00.000,BBG000C46HM9,-0.0024793083,0.0036648852,664259
20131119,10:15:00.000,BBG000BWXBC2,-0.00061709963,-0.0012631463,781950
20131119,10:15:00.000,BBG000BN2DC2,-0.024869239,-0.02747975,5128439
20131119,10:15:00.000,BBG000BTZQC4,0.0069472645,0.0061606374,953555
20131119,10:15:00.000,BBG001DCCGR8,0.012666237,0.015179993,661778
20131119,10:15:00.000,BBG000BB6KF5,-0.0026706224,0.0015327092,1660628
20131119,10:15:00.000,BBG000DHSPT0,0.00015200429,0.0018854364,493409
20131119,10:15:00.000,BBG000F0PF65,-0.0036682286,-0.001122522,587315
20131119,10:15:00.000,BBG000BH1NH9,-0.01102967,-0.011117068,739206
20131119,10:15:00.000,BBG000BVV7G1,-0.00038445872,0.0014131494,715958
20131119,10:15:00.000,BBG000BPWXK1,-0.0026083053,-0.0011101603,931992
20131119,10:15:00.000,BBG000BJF1Z8,-0.0062850597,-0.007948325,444146
20131119,10:15:00.000,BBG000BXRPH1,-0.007205431,-0.0061278064,428509
20131119,10:15:00.000,BBG000BC40Y8,0.006772233,0.006527904,284784
20131119,10:15:00.000,BBG000BBGGQ1,0.0096282,0.012347092,1061604
20131119,10:15:00.000,BBG000C17X76,0.014635231,0.014961808,216755
20131119,10:15:00.000,BBG000BP6LJ8,-0.0044775866,-0.005784397,1138708
20131119,10:15:00.000,BBG000B9ZXB4,0.004911943,0.0055339555,999850
20131119,10:15:00.000,BBG000BMF5J0,0.011667304,0.016082989,6248771
20131119,10:15:00.000,BBG000C5HS04,-0.004042218,-0.0024812075,417846
20131119,10:15:00.000,BBG000BLZRJ2,-0.002299703,0.0029678622,1325477
20131119,10:15:00.000,BBG000L9CV04,0.00043439365,-0.002665321,480050
20131119,10:15:00.000,BBG000BWLMJ4,-0.014945892,-0.010979115,1077531
20131119,10:15:00.000,BBG000D4LWF6,0.00259993,-0.00176651,880356
20131119,10:15:00.000,BBG000BCQZS4,0.0023582748,0.005526014,361860
20131119,10:15:00.000,BBG000H8TVT2,-0.00095591875,0.003912042,331047
20131119,10:15:00.000,BBG000FFDM15,0.0065472824,0.0075669307,1081904
20131119,10:15:00.000,BBG000BFWKC0,-0.0071727238,-0.006273402,555532
20131119,10:15:00.000,BBG000BP52R2,0.0014750588,0.0032659536,300775
20131119,10:15:00.000,BBG000C15T95,0.0029562383,-0.00015375335,743762
20131119,10:15:00.000,BBG000BZ9223,-0.0047206725,-0.0034409654,283696
20131119,10:15:00.000,BBG000BHBK84,-0.0041323802,-0.0057710055,702660
20131119,10:15:00.000,BBG000CTQBF3,-0.0026433773,-0.0014278606,734362
20131119,10:15:00.000,BBG000BW8S60,0.00026421095,0.00045794112,215623
20131119,10:15:00.000,BBG000BB07P9,0.0032385678,0.0039628944,2221324
20131119,10:15:00.000,BBG000CH5208,-0.0025452285,-0.00027898722,543117
20131119,10:15:00.000,BBG000BW3299,-0.00031336324,-0.0012557879,150287
20131119,10:15:00.000,BBG000DQLV23,-0.0012564886,0.00019273635,533737
20131119,10:15:00.000,BBG000DWYF03,-0.0033869923,-0.00088863185,1442423
20131119,10:15:00.000,BBG000BGRY34,-0.0054604034,0.00076391443,721982
20131119,10:15:00.000,BBG000F1ZSQ2,-0.004899377,-0.00074195606,45381
20131119,10:15:00.000,BBG000BQQ2S6,-0.0032866558,-0.0010299572,385104
20131119,10:15:00.000,BBG000KHWT55,0.009014866,0.0115978075,2192583
20131119,10:15:00.000,BBG000BNDN65,0.0020281966,0.0074665314,2451724
20131119,10:15:00.000,BBG000R7Z112,-0.00020682503,0.014399758,2585787
20131119,10:15:00.000,BBG000BQQH30,-0.0019470049,0.0011059926,1446918
20131119,10:15:00.000,BBG000BBS2Y0,-0.00461528,-0.005300193,331494
20131119,10:15:00.000,BBG000J2XL74,0.0016547919,-0.0018550311,368808
20131119,10:15:00.000,BBG000BJDB15,-0.0028733388,0.0016447209,1506570
20131119,10:15:00.000,BBG000DWG505,0.0010962824,0.00172559,300872
20131119,10:15:00.000,BBG000DH7JK6,0.0009045675,-0.0029114892,464196
20131119,10:15:00.000,BBG000BKTFN2,0.0005259381,-0.006073372,1639432
20131119,10:15:00.000,BBG000BF0K17,0.0044791726,0.00059512875,856909
20131119,10:15:00.000,BBG000BFC8J2,0.0059325295,0.0058826637,422910
20131119,10:15:00.000,BBG000BH4R78,-0.0036584265,-0.0023020112,813564
20131119,10:15:00.000,BBG000NDYB67,0.0005788129,0.0015546118,2571594
20131119,10:15:00.000,BBG000C6CFJ5,0.0043404927,0.010079393,533880
20131119,10:15:00.000,BBG000BQLTW7,0.0013206605,5.1714906e-08,2508746
20131119,10:15:00.000,BBG000BNSZP1,-0.002270339,-0.0010238781,540828
20131119,10:15:00.000,BBG000BBDZG3,-0.005541818,0.0016340013,1337784
20131119,10:15:00.000,BBG000BHVJJ3,-0.0018020908,0.0004178196,2197058
20131119,10:15:00.000,BBG000BFT2L4,-0.0031502477,-0.0016872732,807234
20131119,10:15:00.000,BBG000C43RR5,0.0005868253,0.0038399044,2415801
20131119,10:15:00.000,BBG000Q9HH23,0.009459355,0.012225705,572140
20131119,10:15:00.000,BBG000BCSST7,-0.0052753952,-0.0037224633,747486
20131119,10:15:00.000,BBG000BMX289,-0.000983869,-0.0042309035,1981468
20131119,10:15:00.000,BBG000GFFQN9,-0.0073635033,-0.001715277,2751985
20131119,10:15:00.000,BBG000BT41Q8,-0.005500104,-0.008747525,1313757
20131119,10:15:00.000,BBG000CKGBP2,0.0063601905,0.005798178,1157101
20131119,10:15:00.000,BBG000BKZB36,0.014463546,0.01995343,3704275
20131119,10:15:00.000,BBG000BLBVN4,-0.00092044525,-0.0015035499,85808
20131119,10:15:00.000,BBG000PSKYX7,-0.0088370405,-0.00412558,346058
20131119,10:15:00.000,BBG000BPD168,-0.0072163898,-0.006247766,1430467
20131119,10:15:00.000,BBG000HS77T5,0.0055768196,0.005121741,1247961
20131119,10:15:00.000,BBG000BVPV84,0.008222249,0.004464586,363778
20131119,10:15:00.000,BBG000BR2TH3,-0.0015029345,-0.00065050676,965299
20131119,10:15:00.000,BBG000BQPC32,0.0006950079,0.0023565025,4856452
20131119,10:15:00.000,BBG000CGC1X8,0.0036816816,0.0055599995,1274372
20131119,10:15:00.000,BBG000BMHYD1,-0.00038984214,0.001379224,908661
20131119,10:15:00.000,BBG000K4ND22,0.0061254986,0.0076726503,773101
20131119,10:15:00.000,BBG000C0G1D1,0.0055425437,0.007318552,6308453
20131119,10:15:00.000,BBG000C5Z1S3,0.019757083,0.02800119,10560604
20131119,10:15:00.000,BBG000BWQFY7,0.0022980124,0.0039157234,1935935
20131119,10:15:00.000,BBG000BLNNH6,0.0042694183,0.0062330696,711458
20131119,10:15:00.000,BBG000BR2B91,-0.008241602,-0.007184229,5572112
20131119,10:15:00.000,BBG000BSJK37,0.0028634304,0.004773494,1898212
20131119,10:15:00.000,BBG000C3J3C9,0.0044540754,0.0065746964,9685100
20131119,10:15:00.000,BBG000BK6MB5,0.0014532652,0.0014703601,5330801
20131119,10:15:00.000,BBG000CL9VN6,0.010504996,0.012039383,462283
20131119,10:15:00.000,BBG000GZQ728,-0.0011190728,0.00062923564,2076659
20131119,10:15:00.000,BBG000DMBXR2,0.008626609,0.012379976,4393423
20131119,10:15:00.000,BBG000FY4S11,0.0048119077,0.007284469,3723410
20131119,10:15:00.000,BBG000N9MNX3,0.04415449,0.051217873,6295128
20131119,10:15:00.000,BBG000BCTLF6,0.01061992,0.016750393,30570312
20131119,10:15:00.000,BBG000BPH459,0.006717452,0.0054166443,8845543
20131119,10:15:00.000,BBG000BHSKN9,-0.004201445,0.00045052214,266417
20131119,10:15:00.000,BBG000MM2P62,0.016138252,0.023781214,21532992
20131119,10:15:00.000,BBG000B9XRY4,0.0023221064,0.006872704,1630622
20131119,10:30:00.000,BBG000C221G9,0.0021600828,-0.00056904263,71583
20131119,10:30:00.000,BBG000D9H9F1,0.012613154,0.013901771,727338
20131119,10:30:00.000,BBG000BJ5GK2,0.00627963,-0.0019621241,313789
20131119,10:30:00.000,BBG000BVVQQ8,0.0033624945,0.001303003,205602
20131119,10:30:00.000,BBG000PTLGZ1,-0.0017320026,-0.0047961855,80016
20131119,10:30:00.000,BBG000CGT2S4,-0.0026276775,0.0012886291,765917
20131119,10:30:00.000,BBG000RKR4R8,0.008941276,0.010462066,3050542
20131119,10:30:00.000,BBG000BDWKC5,0.0011533243,-0.0012267105,387661
20131119,10:30:00.000,BBG000JB27Y9,-0.005621612,-0.0023303176,107010
20131119,10:30:00.000,BBG000BLXZN1,-0.0115587935,-0.00931797,136293
20131119,10:30:00.000,BBG000BK5DP1,-0.0031510335,-0.0026174395,381110
20131119,10:30:00.000,BBG000FBR384,0.008021512,0.0068753404,189320
20131119,10:30:00.000,BBG000BCHG15,0.012838194,0.013288305,162350
20131119,10:30:00.000,BBG000BLHRS2,-0.003874329,-0.0056414907,106079
20131119,10:30:00.000,BBG000F80SZ5,-0.011508807,-0.018131737,1855904
20131119,10:30:00.000,BBG000BQ87N0,-0.0041074427,-0.007468501,209855
20131119,10:30:00.000,BBG000HW5GX3,0.003987344,0.00682723,458250
20131119,10:30:00.000,BBG000BLMZK6,0.0036937913,0.0029545254,165504
20131119,10:30:00.000,BBG000BND699,0.00049175444,-0.0026712408,193026
20131119,10:30:00.000,BBG000BYWTX7,-0.011239484,-0.0144980615,1275036
20131119,10:30:00.000,BBG000BGKHZ3,0.0030376923,0.004594885,158411
20131119,10:30:00.000,BBG000M1R011,0.018484252,0.012582322,824156
20131119,10:30:00.000,BBG000BCJ161,0.0013981931,0.009803873,465951
20131119,10:30:00.000,BBG000DGPR66,-0.008570055,-0.010437967,348932
20131119,10:30:00.000,BBG000BV75B7,0.0014403003,0.0018178353,108755
20131119,10:30:00.000,BBG000BPZBB6,-0.0009357199,-0.0024827912,127173
20131119,10:30:00.000,BBG000BL79J3,-0.0028472769,2.6822596e-08,1840440
20131119,10:30:00.000,BBG000BP7JB0,-0.0052421135,-0.008153143,618869
20131119,10:30:00.000,BBG000BVB8Q0,-0.0024202247,-0.00082062656,770505
20131119,10:30:00.000,BBG000TJM7F0,0.0010139575,-0.0006165215,166571
20131119,10:30:00.000,BBG000BHQYG9,0.009122947,0.010099744,105622
20131119,10:30:00.000,BBG000BDDN94,0.00711693,-0.001488402,50058
20131119,10:30:00.000,BBG000BWP7D9,-0.00026604332,-0.0012990724,242623
20131119,10:30:00.000,BBG000F9KJN4,-0.015074178,-0.016307486,615207
20131119,10:30:00.000,BBG000BWVSR1,-0.0056015747,-0.0052752504,626898
20131119,10:30:00.000,BBG000BHCP19,-0.005718309,-0.008491314,373954
20131119,10:30:00.000,BBG000BFDLV8,-0.0071057905,-0.0052959733,124489
20131119,10:30:00.000,BBG000BX8DC4,-0.0021429418,-0.00080668705,490640
20131119,10:30:00.000,BBG000CPHYL4,-0.00886254,-0.01453272,239644
20131119,10:30:00.000,BBG000BCNYT9,0.010041159,0.0046743196,949385
20131119,10:30:00.000,BBG000VC0T95,0.008294973,0.00400447,190189
20131119,10:30:00.000,BBG000PCQQL6,0.013150999,0.008948739,258120
20131119,10:30:00.000,BBG000BQ74K1,0.0023484766,0.0054386486,225989
20131119,10:30:00.000,BBG000BJDPC2,0.009046203,0.012775423,219968
20131119,10:30:00.000,BBG000GPXKX9,-0.0006708934,-0.00042384153,113212
20131119,10:30:00.000,BBG000BJ49H3,-0.004534354,-0.0055372166,93570
20131119,10:30:00.000,BBG000PLXQQ3,-0.0041083503,-0.0026939411,136695
20131119,10:30:00.000,BBG000BQHGR6,-0.00060406927,-0.0010421673,190613
20131119,10:30:00.000,BBG000KLB4Q1,0.0088024195,0.0067072096,520097
20131119,10:30:00.000,BBG000C3Y7J6,0.0037818905,0.0018743643,108889
20131119,10:30:00.000,BBG000FFH4P5,0.0014284039,-0.0014874864,79260
20131119,10:30:00.000,BBG000JBSJZ4,-0.0042820983,-0.004668638,251828
20131119,10:30:00.000,BBG000F86GP6,0.005668004,0.0074758655,207614
20131119,10:30:00.000,BBG000BQTMJ9,0.010868845,0.010708735,674309
20131119,10:30:00.000,BBG000RNTSX0,-0.0006949603,0.0011541558,36500
20131119,10:30:00.000,BBG000GZD660,-0.0016585087,-0.003155411,53922
20131119,10:30:00.000,BBG000D9DMK0,9.762064e-05,-0.003533158,83381
20131119,10:30:00.000,BBG003P9ZSL3,-0.009159653,-0.0020681396,48533
20131119,10:30:00.000,BBG000C37332,0.004959476,0.00136252,61154
20131119,10:30:00.000,BBG000C1DHF5,-0.0007774773,-0.001289495,284577
20131119,10:30:00.000,BBG000FW8LZ9,0.00529733,0.006406227,298156
20131119,10:30:00.000,BBG000BCVMH9,0.0014827376,-0.0020355645,45459
20131119,10:30:00.000,BBG000BKQ3V3,0.0040889885,-0.00021795557,358340
20131119,10:30:00.000,BBG000CXD6X9,0.011018863,0.007357388,225506
20131119,10:30:00.000,BBG000BCYP43,0.007350819,0.010516232,59227
20131119,10:30:00.000,BBG000PM7GJ0,-0.005902541,-0.009204814,2801564
20131119,10:30:00.000,BBG000C75N77,0.0019388184,0.0015633727,86769
20131119,10:30:00.000,BBG000G8N9C6,-0.0025378861,0.0020811297,398331
20131119,10:30:00.000,BBG000C90DH9,0.009483942,0.010554223,455584
20131119,10:30:00.000,BBG000C6F3T8,0.0063667134,0.0011883104,762957
20131119,10:30:00.000,BBG000BFV115,-0.0023375805,0.00159041,248447
20131119,10:30:00.000,BBG000C7B436,0.0037744136,-0.0050151334,146909
20131119,10:30:00.000,BBG000BLCPY4,-0.007834259,-0.010912888,311769
20131119,10:30:00.000,BBG000BD3LM4,-0.00488694,-0.010484061,870261
20131119,10:30:00.000,BBG000BDY3Y7,-0.019544851,-0.02452896,1078742
20131119,10:30:00.000,BBG000BMZ7P7,-0.00059490395,-0.0074748015,61164
20131119,10:30:00.000,BBG000BBNYF6,-0.0073894043,-0.008182944,240952
20131119,10:30:00.000,BBG000BK6G19,0.002304914,0.004281198,281100
20131119,10:30:00.000,BBG000BB29X4,-0.0009608288,-0.0025941136,113134
20131119,10:30:00.000,BBG000BB03M1,0.005913305,-0.008735042,370357
20131119,10:30:00.000,BBG000BGD7W6,0.00018848304,-0.003416939,261652
20131119,10:30:00.000,BBG000C3NTN5,0.011468038,0.012123918,499167
20131119,10:30:00.000,BBG000BHB3M6,-0.0053475,-0.007377569,88590
20131119,10:30:00.000,BBG000BBCQD7,-0.0050787455,-0.0011503267,396500
20131119,10:30:00.000,BBG000D14WM3,-0.0012145059,0.0025939755,1807353
20131119,10:30:00.000,BBG000CVWGS6,-0.013666304,-0.01768925,1709426
20131119,10:30:00.000,BBG000BQSQ38,0.0053177373,0.0073672263,369744
20131119,10:30:00.000,BBG000BPQVR5,-0.005183367,-0.0041073333,92421
20131119,10:30:00.000,BBG000BCZYD3,-0.0028068419,-0.00064723345,114847
20131119,10:30:00.000,BBG000FDBX90,-0.0011126501,-0.0032120547,239757
20131119,10:30:00.000,BBG000BQVTF5,0.0030104497,-0.0016848226,166257
20131119,10:30:00.000,BBG001BPFT54,-0.029844115,-0.034669638,2269945
20131119,10:30:00.000,BBG000BHC2S1,-0.0025028614,0.0013424898,223356
20131119,10:30:00.000,BBG000DN7P92,0.0026320422,0.0048297653,191432
20131119,10:30:00.000,BBG000C060M4,-0.008678215,-0.0064801555,87504
20131119,10:30:00.000,BBG000BHKYH4,-0.0038420928,-0.0009802413,85314
20131119,10:30:00.000,BBG000F6ZWH2,0.012563997,0.014547688,1396952
20131119,10:30:00.000,BBG000BFTJ91,0.0002658974,0.0007552625,148679
20131119,10:30:00.000,BBG000BD0TF8,0.0013816124,0.0026934252,300734
20131119,10:30:00.000,BBG000BP1Q11,0.0096429335,0.011186208,154649
20131119,10:30:00.000,BBG000D5S4M0,0.00443639,0.002958628,47521
20131119,10:30:00.000,BBG000MQ1SN9,-0.0043058847,-0.010291046,336705
20131119,10:30:00.000,BBG000BKZTP3,0.0033040417,0.0018787473,174094
20131119,10:30:00.000,BBG000C0HQ54,-0.0024715823,-0.0035706584,818878
20131119,10:30:00.000,BBG000BP1152,0.0069878255,0.005786739,366903
20131119,10:30:00.000,BBG000BN9WT5,-0.003806384,-0.0066563142,340317
20131119,10:30:00.000,BBG000BBLK04,0.005795942,0.0058562327,58935
20131119,10:30:00.000,BBG000NSQ9M0,0.001589551,0.0021817223,1249670
20131119,10:30:00.000,BBG000BRXP69,-0.0038619775,-0.00085950433,90985
20131119,10:30:00.000,BBG000BGYWY6,-0.002673607,0.0010842073,39857
20131119,10:30:00.000,BBG000BJ8YN7,-0.0017271856,0.0009597366,355023
20131119,10:30:00.000,BBG000BFVXX0,-0.00034206783,-0.00108506,360116
20131119,10:30:00.000,BBG000BLM0V1,-0.0011645374,-0.0017207334,75246
20131119,10:30:00.000,BBG000BBCDZ2,0.003228059,0.0027368756,75461
20131119,10:30:00.000,BBG000KBQZ88,0.0037423517,0.0011658344,213465
20131119,10:30:00.000,BBG000BWXL85,0.004651634,0.00064472615,190342
20131119,10:30:00.000,BBG000BKXYX5,-0.001261942,-0.0012927338,157505
20131119,10:30:00.000,BBG000D1QCF1,0.005529357,-0.003189395,279081
20131119,10:30:00.000,BBG000CKVSG8,-0.0025125511,-0.0033262253,327049
20131119,10:30:00.000,BBG000BPYHJ6,0.017896755,0.017212935,343925
20131119,10:30:00.000,BBG000BKWSR6,0.0001404233,-5.5953585e-08,4021780
20131119,10:30:00.000,BBG000BMTFR4,0.001830012,-0.0025440836,341376
20131119,10:30:00.000,BBG000C1FQS9,0.0004572463,-0.0028314923,118048
20131119,10:30:00.000,BBG000BR37X2,0.0017817427,0.0014673782,422784
20131119,10:30:00.000,BBG000BB6G37,-0.004563063,-0.007178902,255062
20131119,10:30:00.000,BBG000CHPY97,0.01344601,0.017604768,2212532
20131119,10:30:00.000,BBG000BPXRB3,-0.017245788,-0.018321786,229419
20131119,10:30:00.000,BBG000BF5RY1,-0.0015895112,-0.0023880457,197981
20131119,10:30:00.000,BBG000BNNKG9,0.015178315,0.015846178,535415
20131119,10:30:00.000,BBG001NVJ6W4,-0.017179046,-0.021010209,443319
20131119,10:30:00.000,BBG0035LY913,0.004002042,0.0074605434,330818
20131119,10:30:00.000,BBG000BMLWX8,6.447464e-06,-0.0011992942,423233
20131119,10:30:00.000,BBG000BPNP00,-0.00010676858,-0.0034504537,435339
20131119,10:30:00.000,BBG000DSMS70,-0.0020141036,-0.0027682583,201100
20131119,10:30:00.000,BBG000D13GN8,-0.02720545,-0.028287787,481559
20131119,10:30:00.000,BBG000BSC0K9,-0.003974012,0.0006717782,196967
20131119,10:30:00.000,BBG000MDCQC2,0.0057622246,0.0034695715,227013
20131119,10:30:00.000,BBG000BMKDM3,-0.0019245618,-0.0045698527,198705
20131119,10:30:00.000,BBG000BF1R66,0.0014418702,0.001266913,65641
20131119,10:30:00.000,BBG000BJQWD2,0.004281927,0.004372614,201007
20131119,10:30:00.000,BBG000C2ZCH8,-6.03148e-05,-0.0016489212,91057
20131119,10:30:00.000,BBG000BP8Z50,-0.004655183,-0.003210151,225024
20131119,10:30:00.000,BBG000FBK808,-0.0057555917,-0.004033629,1202794
20131119,10:30:00.000,BBG000BXMFC3,0.01153013,0.010643814,258693
20131119,10:30:00.000,BBG000BFNR17,0.0013825396,0.00295982,118007
20131119,10:30:00.000,BBG000RGM5P1,0.000492213,-0.0031434586,370291
20131119,10:30:00.000,BBG000BKR1D6,0.00024128478,0.0047659674,62377
20131119,10:30:00.000,BBG000D7RKJ5,0.0012735154,-0.0004085835,121663
20131119,10:30:00.000,BBG000G6BN50,-0.0007207031,0.00044058025,81714
20131119,10:30:00.000,BBG000J1QLT0,0.00092963583,-0.00079449365,89855
20131119,10:30:00.000,BBG000BNFLM9,0.0007622976,-0.0039778245,359766
20131119,10:30:00.000,BBG000BTCH57,-0.005636264,-0.012983897,809410
20131119,10:30:00.000,BBG000FLZN98,0.004072938,0.009685542,67988
20131119,10:30:00.000,BBG000C4DPX1,0.0030665773,-0.0010230307,156700
20131119,10:30:00.000,BBG000BQ8KV2,0.0007468718,0.0058462643,195237
20131119,10:30:00.000,BBG000BPMH90,-0.002098285,0.0004758452,198463
20131119,10:30:00.000,BBG000K14Q84,-0.0005965261,-0.00860536,151579
20131119,10:30:00.000,BBG000BC9938,0.00034740224,-0.002683876,257614
20131119,10:30:00.000,BBG000QFJ7H3,-0.0010808228,0.00062097824,758344
20131119,10:30:00.000,BBG000BTQR96,5.630935e-05,-0.0033843573,171017
20131119,10:30:00.000,BBG000CHWP52,0.0021908605,0.003336965,168433
20131119,10:30:00.000,BBG000D8RG11,-0.0025088764,-0.003318145,339593
20131119,10:30:00.000,BBG000BS9489,0.0031315554,0.0040035667,161459
20131119,10:30:00.000,BBG000CKJ0P3,-0.003967835,-3.0059912e-08,125633
20131119,10:30:00.000,BBG000BWCKB6,0.00054384617,-0.0010020422,77253
20131119,10:30:00.000,BBG000BVWLJ6,0.0032567396,0.004255111,475593
20131119,10:30:00.000,BBG000BXM6V2,-0.0029209915,-0.0038653584,154088
20131119,10:30:00.000,BBG000D9KWL9,3.1903422e-05,-0.00087943213,80124
20131119,10:30:00.000,BBG000BKNX95,0.0018297549,-0.0009315297,398262
20131119,10:30:00.000,BBG000J5Q6L2,0.016000351,0.016545879,1626907
20131119,10:30:00.000,BBG000QN4GY3,-0.002729407,-0.004938738,288757
20131119,10:30:00.000,BBG000BCTQ65,0.00084679393,-0.0017469847,431828
20131119,10:30:00.000,BBG000BNNYW1,-0.0012969654,-0.0034738735,281299
20131119,10:30:00.000,BBG003641015,-0.0022111621,0.0007010521,188824
20131119,10:30:00.000,BBG000D6L294,-0.014836282,-0.011274727,355794
20131119,10:30:00.000,BBG000BSBZH7,0.0059196544,0.009767834,251546
20131119,10:30:00.000,BBG000BNC3Y9,-0.0021692924,0.0009959451,312610
20131119,10:30:00.000,BBG000F15NW9,0.002100639,0.0043132906,373398
20131119,10:30:00.000,BBG000R0L5J4,-0.0011872136,-0.0020883332,694280
20131119,10:30:00.000,BBG000BVMPN3,-0.0011748341,0.0028125304,100317
20131119,10:30:00.000,BBG000BB5BF6,-0.018660689,-0.0159903,473539
20131119,10:30:00.000,BBG000BR3KL6,-0.00422492,-0.0063287485,122558
20131119,10:30:00.000,BBG000BNGTQ7,-0.0077350293,-0.004666745,373124
20131119,10:30:00.000,BBG000BHZ5J9,-0.0009975686,0.00053554034,272665
20131119,10:30:00.000,BBG000BN84F3,-0.0012706305,-0.0047685117,201384
20131119,10:30:00.000,BBG000BBJQV0,-0.0024740796,-0.0035073876,950838
20131119,10:30:00.000,BBG000BB1TH9,0.0017052368,-0.0073027643,216854
20131119,10:30:00.000,BBG000BFS7D3,-0.0043630055,-0.0033472856,184925
20131119,10:30:00.000,BBG000BR14K5,0.001815658,0.0009143444,103857
20131119,10:30:00.000,BBG000BPVCR1,0.02189837,0.023247806,405604
20131119,10:30:00.000,BBG000BKLH74,-0.006477999,-0.005363685,765578
20131119,10:30:00.000,BBG002S5ZRF9,-0.028130481,-0.03061152,714271
20131119,10:30:00.000,BBG000BKPL53,0.000375112,0.0042981766,142751
20131119,10:30:00.000,BBG000DY8ZS4,-0.007087327,-0.016771624,1611967
20131119,10:30:00.000,BBG000DNTSP4,-0.0005507433,-0.00029250214,355001
20131119,10:30:00.000,BBG000BM6788,-0.0069889124,-0.007325129,417478
20131119,10:30:00.000,BBG000G3QLY3,-0.00016552181,0.0026600517,157605
20131119,10:30:00.000,BBG000BLKK03,0.0032275033,0.006489269,151517
20131119,10:30:00.000,BBG000BP0KQ8,-0.013864818,-0.01783152,895555
20131119,10:30:00.000,BBG000C7LMS8,0.0011236817,0.00501511,27974
20131119,10:30:00.000,BBG000JBN3X6,-0.003704942,0.010653692,2741726
20131119,10:30:00.000,BBG000QW7VC1,-0.007889367,-0.013878134,693555
20131119,10:30:00.000,BBG000C2YHG9,-0.014725455,-0.014533196,383806
20131119,10:30:00.000,BBG000BVHBM1,0.0027881435,-0.000451624,382043
20131119,10:30:00.000,BBG000FKJRC5,0.00010086293,-0.0011666657,155942
20131119,10:30:00.000,BBG000BP4MH0,-0.001134011,1.7922922e-07,438351
20131119,10:30:00.000,BBG000BSXQV7,-0.000339243,0.0026641788,64794
20131119,10:30:00.000,BBG000BY33P5,-0.011220468,-0.012758391,1920725
20131119,10:30:00.000,BBG000BNJHS8,-0.001671944,0.012131642,1937454
20131119,10:30:00.000,BBG000BB5373,0.009140958,0.00239208,966313
20131119,10:30:00.000,BBG000CSY9H9,0.00080058235,0.0046000234,238325
20131119,10:30:00.000,BBG000BQWPC5,0.002456008,0.0012195648,385857
20131119,10:30:00.000,BBG000BQZMH4,-0.0017395244,-0.0026363218,552342
20131119,10:30:00.000,BBG000BC4JJ4,0.004727965,0.0035017182,124303
20131119,10:30:00.000,BBG001QD41M9,0.003817786,0.0032942817,359752
20131119,10:30:00.000,BBG000BHLYS1,-0.0046335007,-0.0045517245,260878
20131119,10:30:00.000,BBG000HG21Y3,0.021050932,0.016911736,133101
20131119,10:30:00.000,BBG000BHLYP4,0.006710206,0.012035495,457003
20131119,10:30:00.000,BBG000DLFM21,0.0025076973,0.000983283,93515
20131119,10:30:00.000,BBG000H9G7X2,-0.0055580973,-0.0025831433,421986
20131119,10:30:00.000,BBG000BRRG02,0.00011188593,-0.0006811123,46357
20131119,10:30:00.000,BBG000BBMSJ6,-0.03445026,-0.03941506,2309278
20131119,10:30:00.000,BBG000MM5VL9,-0.014565067,-0.018150715,334400
20131119,10:30:00.000,BBG000C2V3D6,-0.0045398697,-0.0042543383,494612
20131119,10:30:00.000,BBG000G30YX4,-0.007548312,-0.007894665,126448
20131119,10:30:00.000,BBG000JN8R00,0.0010175544,0.002773548,1495376
20131119,10:30:00.000,BBG000C2PW58,0.0014738945,0.002467281,55697
20131119,10:30:00.000,BBG000CGQ6M4,0.003417115,0.0026523473,88394
20131119,10:30:00.000,BBG000BCBCM7,0.009268129,0.0032288702,2970530
20131119,10:30:00.000,BBG000C3HSR0,-0.0009327159,0.001970941,336072
20131119,10:30:00.000,BBG000BG09F5,-0.008646705,-0.005058099,431468
20131119,10:30:00.000,BBG000BDXGP9,0.0003098166,-0.0021475642,511752
20131119,10:30:00.000,BBG000BTVJ25,-0.00034268506,0.0017839163,480492
20131119,10:30:00.000,BBG000BTKGG8,0.0033994121,0.0019465496,527710
20131119,10:30:00.000,BBG000BLW530,-0.014725953,-0.015991084,390142
20131119,10:30:00.000,BBG000BY2Y78,-0.0026164812,-0.0008901071,308111
20131119,10:30:00.000,BBG000BJ2VQ6,0.0046155243,0.00024472424,164644
20131119,10:30:00.000,BBG0039320N9,-0.009270018,-0.01043817,667094
20131119,10:30:00.000,BBG000BRJ809,-0.0013557535,0.0013272694,41435
20131119,10:30:00.000,BBG000TWC2V5,0.0011395229,-0.0019345991,360992
20131119,10:30:00.000,BBG0019JZ882,-0.0045370897,-0.0036490213,964682
20131119,10:30:00.000,BBG000BF6LY3,-0.0043980377,-0.007848643,741380
20131119,10:30:00.000,BBG000BYYLS8,0.00075717655,0.0011820405,671690
20131119,10:30:00.000,BBG000BRWGG9,-0.0034570347,-3.192651e-08,2422224
20131119,10:30:00.000,BBG000FW00S1,0.0014059215,-0.0030981244,1212165
20131119,10:30:00.000,BBG000BK67C7,0.0037188642,0.0033593609,444467
20131119,10:30:00.000,BBG000FVXD63,0.009348962,0.012129576,283481
20131119,10:30:00.000,BBG000D2M0Z7,-0.009607414,-0.007732199,192849
20131119,10:30:00.000,BBG000BLBXT4,0.0014543035,-0.0021431341,200683
20131119,10:30:00.000,BBG000CS7CT9,0.0049175234,0.010615804,553263
20131119,10:30:00.000,BBG000BFMBQ6,0.004022955,0.0062416345,256276
20131119,10:30:00.000,BBG000BBBNC6,-0.010023757,-0.005008343,276483
20131119,10:30:00.000,BBG000G0Z878,-0.0033071262,-0.0017111051,941670
20131119,10:30:00.000,BBG000CR90K4,-0.0023149534,-0.0048663937,5549273
20131119,10:30:00.000,BBG000BQ2C28,-0.0017569537,0.0009043001,191988
20131119,10:30:00.000,BBG000BMBL90,-0.001434356,-0.0009439355,306199
20131119,10:30:00.000,BBG000BX5ZF5,0.011787362,0.009020651,2304554
20131119,10:30:00.000,BBG000BPT0C6,0.003540434,0.004167224,560548
20131119,10:30:00.000,BBG000BMY992,0.011434187,0.012326486,967335
20131119,10:30:00.000,BBG000BL9JQ1,-0.0036107884,-0.0012862014,593286
20131119,10:30:00.000,BBG000JG0547,0.027000848,0.030698732,1709911
20131119,10:30:00.000,BBG000BM7HL0,-0.007766375,-0.012579152,571261
20131119,10:30:00.000,BBG000BRK7L6,-0.0026968021,-0.000561851,1017214
20131119,10:30:00.000,BBG000BMQPL1,-0.0030267397,-0.0031214193,2973931
20131119,10:30:00.000,BBG000C1FB75,,,320949
20131119,10:30:00.000,BBG000CZWZ05,-4.6176352e-05,-0.0031862024,0
20131119,10:30:00.000,BBG000R7RDB4,0.0033308682,0.0051363767,313110
20131119,10:30:00.000,BBG000DTMH63,,,720710
20131119,10:30:00.000,BBG000BTR593,0.006578451,0.009089537,530444
20131119,10:30:00.000,BBG000BB6M98,0.00021952746,-0.0036716452,958678
20131119,10:30:00.000,BBG000C2BXK4,-0.02000403,-0.023902018,2050854
20131119,10:30:00.000,BBG000PVRDL2,-0.0009899429,0.0009267629,741032
20131119,10:30:00.000,BBG000BVMGF2,-0.0017918801,-0.00073713285,222499
20131119,10:30:00.000,BBG000BCGY17,0.0028588031,0.00047153907,380368
20131119,10:30:00.000,BBG000CNFQW6,-0.005211199,-0.0037428336,139208
20131119,10:30:00.000,BBG000BSD7C2,-0.0003649362,0.0008172338,215224
20131119,10:30:00.000,BBG000FQ6PY6,-0.0077317795,-0.01014949,543237
20131119,10:30:00.000,BBG000BC15S7,0.0005314184,-6.150207e-05,574550
20131119,10:30:00.000,BBG000BVDLH9,-0.00456747,-0.0033737102,161784
20131119,10:30:00.000,BBG000GC80B4,0.00033673196,0.002555681,263904
20131119,10:30:00.000,BBG000C0F570,0.001823106,-0.001143436,945909
20131119,10:30:00.000,BBG000D898T9,0.00033090715,0.0017763443,297394
20131119,10:30:00.000,BBG000BG14P4,-3.95533e-06,-0.0054170745,464352
20131119,10:30:00.000,BBG000DQTXY6,-0.00050492084,-0.0036261065,1138797
20131119,10:30:00.000,BBG000C1S2X2,0.0075647486,0.004294537,273148
20131119,10:30:00.000,BBG000BWSV34,-0.0031539123,-0.0011290867,271756
20131119,10:30:00.000,BBG000H0QBS7,-0.00092618173,-0.0020029806,131719
20131119,10:30:00.000,BBG000BWNFZ9,0.0014662974,-0.0012795657,232646
20131119,10:30:00.000,BBG000BS0ZF1,0.0002683499,0.002051676,58222
20131119,10:30:00.000,BBG000CPQZ77,-0.0028706894,-0.0031574757,688318
20131119,10:30:00.000,BBG001M8HHB7,0.013038346,0.0047451593,219447
20131119,10:30:00.000,BBG000BH5DV1,-0.0034187369,-0.0039507924,331876
20131119,10:30:00.000,BBG000NV1KK7,0.0037141559,0.009172984,577635
20131119,10:30:00.000,BBG000DKCC19,0.026591668,0.026176834,1377003
20131119,10:30:00.000,BBG000CXYSZ6,-0.014595278,-0.01638001,288044
20131119,10:30:00.000,BBG000BGLRN3,-0.0012373473,-6.5262384e-08,719332
20131119,10:30:00.000,BBG000QRKJ70,-0.036138706,-0.04800747,6674579
20131119,10:30:00.000,BBG000BQ5DS5,-0.0005394855,-0.0042990567,108862
20131119,10:30:00.000,BBG000BV7LP7,0.008484015,0.009380899,782774
20131119,10:30:00.000,BBG000BH5LT6,-0.0020961075,-0.0038749306,780987
20131119,10:30:00.000,BBG000R8ZVD1,0.00052407075,-0.0017196606,371833
20131119,10:30:00.000,BBG000BRJL00,-0.0012430856,-0.00388396,423710
20131119,10:30:00.000,BBG000BB6WG8,0.009676893,0.0075733094,1003433
20131119,10:30:00.000,BBG000BJL3N0,0.0041145342,0.0034993107,1112081
20131119,10:30:00.000,BBG000QY3XZ2,0.0013847308,-0.0064028897,236311
20131119,10:30:00.000,BBG000LD9JQ8,-0.0081558265,-0.012987536,235710
20131119,10:30:00.000,BBG000Q3JN03,-0.0044238823,-0.0051727737,3445320
20131119,10:30:00.000,BBG000BH3JF8,-0.0030522181,-0.0015427365,422360
20131119,10:30:00.000,BBG000BR54L0,0.005156379,0.0005468509,1581976
20131119,10:30:00.000,BBG000PX3XC0,-0.011115168,-0.008936448,951870
20131119,10:30:00.000,BBG001YMS0B8,0.0010233513,-0.0008501236,492568
20131119,10:30:00.000,BBG000BD8PN9,0.0011616097,0.0036216986,819517
20131119,10:30:00.000,BBG000BRD0D8,0.005045316,0.0036510387,193380
20131119,10:30:00.000,BBG000BMDV41,-0.0024102456,-0.0040596174,822047
20131119,10:30:00.000,BBG000BGVW60,0.0027511374,0.0018432759,559435
20131119,10:30:00.000,BBG000BKCFC2,-0.009057254,-0.010597652,1125012
20131119,10:30:00.000,BBG000BB9KF2,0.0011042649,-0.0014490854,584514
20131119,10:30:00.000,BBG000C0MF34,-0.00038268903,0.0013288126,122801
20131119,10:30:00.000,BBG000BZ2GG4,-0.002936621,-0.011061511,450513
20131119,10:30:00.000,BBG000C0LW92,0.021962617,0.025053961,3018890
20131119,10:30:00.000,BBG000BMW2Z0,-0.0011852878,-0.0004632279,342822
20131119,10:30:00.000,BBG000F0KF42,-0.0045191627,-0.0062882127,597635
20131119,10:30:00.000,BBG000BX3TD3,-0.010460125,-0.0018170376,1356331
20131119,10:30:00.000,BBG000QX74T1,0.006132137,0.005666924,98468
20131119,10:30:00.000,BBG000BWJFZ4,-0.0022905397,-0.00050842547,58654
20131119,10:30:00.000,BBG000BKFBD7,-0.0026514041,0.00042258893,362893
20131119,10:30:00.000,BBG000JWD753,0.0008840959,-0.0033200565,888242
20131119,10:30:00.000,BBG000M65M61,0.04244743,0.052631717,3365833
20131119,10:30:00.000,BBG000MBDGM6,0.001889336,0.0019483825,62492
20131119,10:30:00.000,BBG000BBVJZ8,0.0029857196,0.006353879,510596
20131119,10:30:00.000,BBG000BV8DN6,0.013852862,0.018318467,892607
20131119,10:30:00.000,BBG000BH2JM1,0.010783708,0.008031988,1297033
20131119,10:30:00.000,BBG000BGJRC8,-0.0058676335,-0.009179201,1048373
20131119,10:30:00.000,BBG000QBR5J5,-0.00090800156,0.0009627284,426287
20131119,10:30:00.000,BBG000BSLZY7,0.00406425,0.0073696366,1060365
20131119,10:30:00.000,BBG000BJSBJ0,-0.010308582,-0.013365655,1307991
20131119,10:30:00.000,BBG000BJ81C1,0.00074960355,0.0026651146,204407
20131119,10:30:00.000,BBG000BFL116,-0.014483826,-0.01853176,1009038
20131119,10:30:00.000,BBG000HCJMF9,-0.00020034327,0.004793332,406682
20131119,10:30:00.000,BBG000FV1Z23,0.0048818267,-0.00294909,203901
20131119,10:30:00.000,BBG000BBDV81,0.003224705,0.0054522217,341902
20131119,10:30:00.000,BBG000FJLFX8,-0.007290949,-0.0040153516,634351
20131119,10:30:00.000,BBG000J6XT05,-0.005165237,-0.008201227,1078280
20131119,10:30:00.000,BBG000BCWCG1,-0.09628776,-0.096889004,9679246
20131119,10:30:00.000,BBG000BJPDZ1,0.00224504,0.0062953685,20908
20131119,10:30:00.000,BBG000BPQD31,0.0037606612,0.004783874,442032
20131119,10:30:00.000,BBG000C734W3,-0.0033565308,-0.0033355379,155279
20131119,10:30:00.000,BBG000C3GN47,0.0037431812,0.006996245,687089
20131119,10:30:00.000,BBG000BFRF55,0.015840195,0.017450739,1883276
20131119,10:30:00.000,BBG000BGPTV6,0.0024717692,-0.003788768,141030
20131119,10:30:00.000,BBG000BM5SR2,0.0014121673,0.006182912,823189
20131119,10:30:00.000,BBG000BN5HF7,-2.0286909e-05,-0.0028973494,576141
20131119,10:30:00.000,BBG000BBD070,0.0028278902,0.000976821,442980
20131119,10:30:00.000,BBG000BVPPM1,0.020441603,0.023111012,1042559
20131119,10:30:00.000,BBG000DYGNW7,-0.00080817984,0.0015740272,177786
20131119,10:30:00.000,BBG000BCG930,0.008054763,0.011778904,459768
20131119,10:30:00.000,BBG000BHGDH5,-0.0024057368,-0.0049618836,443226
20131119,10:30:00.000,BBG000BJ3PD2,0.0009220327,-0.0026361945,286502
20131119,10:30:00.000,BBG000BFQYY3,-2.7578159e-05,-0.00015337254,408326
20131119,10:30:00.000,BBG000BY29C7,0.0033522113,0.0017583465,447696
20131119,10:30:00.000,BBG000C1BW00,0.0057033305,0.0064185373,147267
20131119,10:30:00.000,BBG000BD4VG8,0.0060117585,-0.0027904473,672891
20131119,10:30:00.000,BBG000BHQ1H0,0.004313108,0.0042259446,424089
20131119,10:30:00.000,BBG000BB5006,0.00088158104,-0.003886379,444082
20131119,10:30:00.000,BBG000BKFZM4,0.011174609,0.011319383,1815050
20131119,10:30:00.000,BBG000BWVCP8,0.0034448814,0.0025505347,880483
20131119,10:30:00.000,BBG000FH8PX5,-0.0071271495,-0.0060747983,284519
20131119,10:30:00.000,BBG000BHX7N2,0.0028573575,0.00036970855,272789
20131119,10:30:00.000,BBG000WCFV84,-0.0024773043,-0.0011471173,520574
20131119,10:30:00.000,BBG000BBPFB9,0.0051840134,0.0023789583,2109784
20131119,10:30:00.000,BBG000FL1TC8,0.009746442,0.010300391,799349
20131119,10:30:00.000,BBG000F6H8W8,0.001972628,0.0051088133,206650
20131119,10:30:00.000,BBG000BGKTF9,-0.004311265,-0.0015124202,676622
20131119,10:30:00.000,BBG000C8H633,0.008130164,0.011501754,1169134
20131119,10:30:00.000,BBG000H89QJ6,0.002798969,0.0030443256,471788
20131119,10:30:00.000,BBG0014GG205,-0.0039424445,-0.0028615633,2091674
20131119,10:30:00.000,BBG000BFXHL6,-0.00995258,-0.010118753,542573
20131119,10:30:00.000,BBG000BH3GZ2,0.0050105485,0.003813511,627578
20131119,10:30:00.000,BBG000BT9DW0,0.0029965828,0.0014169496,1481092
20131119,10:30:00.000,BBG000FP1N32,0.0005110419,0.0009859127,516516
20131119,10:30:00.000,BBG000FNRZ69,-0.009761656,-0.013228183,993304
20131119,10:30:00.000,BBG000D42FJ0,-0.008689064,-0.010304214,2798262
20131119,10:30:00.000,BBG00286S4N9,0.0070015904,0.010710427,472925
20131119,10:30:00.000,BBG0025Y4RY4,-0.00496984,-0.0063426923,404608
20131119,10:30:00.000,BBG000BFDXW1,-0.0020019962,-0.0060097193,1437617
20131119,10:30:00.000,BBG0029SNR63,-0.0038483625,-0.0037062252,531937
20131119,10:30:00.000,BBG000G2R6M0,0.008062166,0.0095174955,1519398
20131119,10:30:00.000,BBG000BCVJ77,-0.0026706303,0.00058103376,476141
20131119,10:30:00.000,BBG000BL4504,-0.0030593441,-0.003933283,3434958
20131119,10:30:00.000,BBG000BC2C10,-0.00073633686,0.0027716588,605106
20131119,10:30:00.000,BBG000B9WH86,0.017187966,0.023476714,5741389
20131119,10:30:00.000,BBG000BJX8C8,0.0001728966,-0.005691787,854547
20131119,10:30:00.000,BBG000H556T9,-0.0020659352,-0.0010763967,234434
20131119,10:30:00.000,BBG000C496P7,-0.007874809,-0.0070453193,608626
20131119,10:30:00.000,BBG000FG3C43,-0.0030059568,-0.004656728,535604
20131119,10:30:00.000,BBG000BNWG87,-0.005760879,-0.002230336,1255154
20131119,10:30:00.000,BBG000BNBDC2,-0.0018622556,-0.0009798445,739578
20131119,10:30:00.000,BBG000BJ98Z0,-0.00916538,-0.012851689,629423
20131119,10:30:00.000,BBG000Q2HM09,0.0050307247,0.0055094333,1061260
20131119,10:30:00.000,BBG000D9D830,0.004527867,0.006175483,487165
20131119,10:30:00.000,BBG000CJZ2W6,-0.01574333,-0.0148216495,977023
20131119,10:30:00.000,BBG000BH13K9,-0.005877058,-0.0042142333,655595
20131119,10:30:00.000,BBG000C46HM9,-0.004949181,0.0012875856,841205
20131119,10:30:00.000,BBG000BWXBC2,0.0013428943,0.0006308502,980482
20131119,10:30:00.000,BBG000BN2DC2,-0.023533529,-0.027750032,6277355
20131119,10:30:00.000,BBG000BTZQC4,0.007815013,0.007392699,1128235
20131119,10:30:00.000,BBG001DCCGR8,0.01242202,0.01537369,932036
20131119,10:30:00.000,BBG000BB6KF5,-0.00016278714,0.0032569454,1874354
20131119,10:30:00.000,BBG000DHSPT0,0.001294669,0.003267598,614467
20131119,10:30:00.000,BBG000F0PF65,-0.0016987784,0.0009721372,706785
20131119,10:30:00.000,BBG000BH1NH9,-0.01714239,-0.018468693,1270216
20131119,10:30:00.000,BBG000BVV7G1,-0.00094918296,-0.0023563295,853125
20131119,10:30:00.000,BBG000BPWXK1,-0.00016681889,0.001850192,1125280
20131119,10:30:00.000,BBG000BJF1Z8,-0.009507522,-0.013964393,554896
20131119,10:30:00.000,BBG000BXRPH1,-0.010016504,-0.007767374,632481
20131119,10:30:00.000,BBG000BC40Y8,0.005864091,0.008021455,437118
20131119,10:30:00.000,BBG000BBGGQ1,0.004284655,0.006756048,1403106
20131119,10:30:00.000,BBG000C17X76,0.016074441,0.015749346,269648
20131119,10:30:00.000,BBG000BP6LJ8,-0.0046045617,-0.0049956683,1399602
20131119,10:30:00.000,BBG000B9ZXB4,0.008102965,0.009487088,1443024
20131119,10:30:00.000,BBG000BMF5J0,0.008886475,0.012636729,7385280
20131119,10:30:00.000,BBG000C5HS04,-0.0019234064,-0.0025450552,554523
20131119,10:30:00.000,BBG000BLZRJ2,-0.0005379836,0.0032975366,1811723
20131119,10:30:00.000,BBG000L9CV04,0.00018076028,-0.004935764,618958
20131119,10:30:00.000,BBG000BWLMJ4,-0.015156188,-0.010979056,1216376
20131119,10:30:00.000,BBG000D4LWF6,0.0021769118,-0.0011776952,1059492
20131119,10:30:00.000,BBG000BCQZS4,-9.121162e-06,0.0031576168,486627
20131119,10:30:00.000,BBG000H8TVT2,-0.0011817208,0.004363382,422610
20131119,10:30:00.000,BBG000FFDM15,0.0046814033,0.005479547,1248948
20131119,10:30:00.000,BBG000BFWKC0,-0.009210665,-0.0075371657,653887
20131119,10:30:00.000,BBG000BP52R2,0.0012991829,0.0032660812,371756
20131119,10:30:00.000,BBG000C15T95,0.0030002354,-0.00015372857,869241
20131119,10:30:00.000,BBG000BZ9223,-0.0034705396,2.969899e-05,344351
20131119,10:30:00.000,BBG000BHBK84,-0.0047570593,-0.007778319,787275
20131119,10:30:00.000,BBG000CTQBF3,-0.00029023268,-6.22139e-05,841464
20131119,10:30:00.000,BBG000BW8S60,0.00026384258,-0.00018336877,277659
20131119,10:30:00.000,BBG000BB07P9,0.004740689,0.0056611006,2737886
20131119,10:30:00.000,BBG000CH5208,-0.0031549798,1.3891741e-07,661773
20131119,10:30:00.000,BBG000BW3299,0.0007710087,-0.0016325043,193012
20131119,10:30:00.000,BBG000DQLV23,-0.0015902522,-0.0001928961,624120
20131119,10:30:00.000,BBG000DWYF03,-0.0036006446,-0.0011846722,1826555
20131119,10:30:00.000,BBG000BGRY34,-0.0047659813,0.0004584525,835502
20131119,10:30:00.000,BBG000F1ZSQ2,-0.0047330405,-0.001556528,57128
20131119,10:30:00.000,BBG000BQQ2S6,-0.0029738673,0.0006692928,524522
20131119,10:30:00.000,BBG000KHWT55,0.01215938,0.0105979685,2682795
20131119,10:30:00.000,BBG000BNDN65,0.002042234,0.0055016507,2886155
20131119,10:30:00.000,BBG000R7Z112,0.00022978304,0.012088677,3033978
20131119,10:30:00.000,BBG000BQQH30,-0.0049795583,0.00096772244,1839237
20131119,10:30:00.000,BBG000BBS2Y0,-0.0033387654,-0.004136743,421423
20131119,10:30:00.000,BBG000J2XL74,0.0004159265,-0.0022370045,616288
20131119,10:30:00.000,BBG000BJDB15,-0.0039356234,2.6684222e-07,1719915
20131119,10:30:00.000,BBG000DWG505,0.0019110125,0.0013805662,364526
20131119,10:30:00.000,BBG000DH7JK6,0.0011556827,-0.0017470462,620323
20131119,10:30:00.000,BBG000BKTFN2,0.00340194,-0.0031287037,1888152
20131119,10:30:00.000,BBG000BF0K17,0.0040803053,-0.00065422675,1142379
20131119,10:30:00.000,BBG000BFC8J2,0.007163831,0.006536261,570001
20131119,10:30:00.000,BBG000BH4R78,-0.0033853957,-0.002302069,957705
20131119,10:30:00.000,BBG000NDYB67,-0.00097027136,-0.0038864645,3155431
20131119,10:30:00.000,BBG000C6CFJ5,0.0046521407,0.010049182,669858
20131119,10:30:00.000,BBG000BQLTW7,-0.00014222384,-0.0025776422,3111354
20131119,10:30:00.000,BBG000BNSZP1,-0.0012697364,-0.00020466548,717723
20131119,10:30:00.000,BBG000BBDZG3,-0.008769289,-0.0020429087,1571822
20131119,10:30:00.000,BBG000BHVJJ3,-0.0024632772,-0.0016729096,2589999
20131119,10:30:00.000,BBG000BFT2L4,-0.001866624,-1.5364012e-07,984942
20131119,10:30:00.000,BBG000C43RR5,-0.00092072133,0.0009600791,2753101
20131119,10:30:00.000,BBG000Q9HH23,0.0027806873,0.00249933,657546
20131119,10:30:00.000,BBG000BCSST7,-0.0051187603,-0.0048065833,890630
20131119,10:30:00.000,BBG000BMX289,-0.0010267433,-0.00348452,2428347
20131119,10:30:00.000,BBG000GFFQN9,-0.009242544,-0.00657464,3224459
20131119,10:30:00.000,BBG000BT41Q8,-0.0044220244,-0.0065741264,1544269
20131119,10:30:00.000,BBG000CKGBP2,0.006527433,0.0053634187,1454101
20131119,10:30:00.000,BBG000BKZB36,0.017831853,0.022149576,4337597
20131119,10:30:00.000,BBG000BLBVN4,-0.0010189763,-0.005423283,112421
20131119,10:30:00.000,BBG000PSKYX7,-0.01073382,-0.0070260908,406025
20131119,10:30:00.000,BBG000BPD168,-0.008733725,-0.006872629,1683786
20131119,10:30:00.000,BBG000HS77T5,0.0050031487,0.00472776,1492254
20131119,10:30:00.000,BBG000BVPV84,0.009873022,0.002402692,441062
20131119,10:30:00.000,BBG000BR2TH3,-0.002534928,-0.0014190107,1232748
20131119,10:30:00.000,BBG000BQPC32,-0.0016897038,-0.0029454469,5931930
20131119,10:30:00.000,BBG000CGC1X8,0.0035404302,0.0043089697,1579123
20131119,10:30:00.000,BBG000BMHYD1,-0.00093836884,0.0013793409,1111371
20131119,10:30:00.000,BBG000K4ND22,0.0050502806,0.008958243,977504
20131119,10:30:00.000,BBG000C0G1D1,0.007814584,0.0065052584,7045065
20131119,10:30:00.000,BBG000C5Z1S3,0.016856395,0.018667407,15305918
20131119,10:30:00.000,BBG000BWQFY7,0.0024233148,0.002303475,2366620
20131119,10:30:00.000,BBG000BLNNH6,0.006453964,0.008265551,981089
20131119,10:30:00.000,BBG000BR2B91,-0.008674469,-0.0068719517,6261386
20131119,10:30:00.000,BBG000BSJK37,0.0023293342,0.0044928784,2438380
20131119,10:30:00.000,BBG000C3J3C9,0.002191374,0.0028177672,12282594
20131119,10:30:00.000,BBG000BK6MB5,0.00086199923,0.00036769573,6448673
20131119,10:30:00.000,BBG000CL9VN6,0.011870473,0.0067144413,547000
20131119,10:30:00.000,BBG000GZQ728,-0.00051593053,0.0018871657,2554566
20131119,10:30:00.000,BBG000DMBXR2,0.0063343532,0.008970989,5242504
20131119,10:30:00.000,BBG000FY4S11,0.005558102,0.006890626,4686415
20131119,10:30:00.000,BBG000N9MNX3,0.0425473,0.04385398,7877156
20131119,10:30:00.000,BBG000BCTLF6,0.013595299,0.01742049,37084444
20131119,10:30:00.000,BBG000BPH459,0.003139483,0.00026970138,10533217
20131119,10:30:00.000,BBG000BHSKN9,-0.005714175,-0.0029416364,316910
20131119,10:30:00.000,BBG000MM2P62,0.014904274,0.018108604,24731656
20131119,10:30:00.000,BBG000B9XRY4,0.0016124115,0.0044533047,1926839
20131119,10:45:00.000,BBG000C221G9,0.0013671233,-0.0008536337,99412
20131119,10:45:00.000,BBG000D9H9F1,0.010982152,0.014653321,818402
20131119,10:45:00.000,BBG000BJ5GK2,0.0077670026,0.0017314535,332111
20131119,10:45:00.000,BBG000BVVQQ8,0.0020647184,0.001629002,312123
20131119,10:45:00.000,BBG000PTLGZ1,-0.0036837033,-0.0056682895,94367
20131119,10:45:00.000,BBG000CGT2S4,-0.0042110602,0.0030923525,965055
20131119,10:45:00.000,BBG000RKR4R8,0.013711327,0.019180506,3480331
20131119,10:45:00.000,BBG000BDWKC5,-7.452517e-05,-0.0018419747,476260
20131119,10:45:00.000,BBG000JB27Y9,-0.0055636275,0.00025869402,130766
20131119,10:45:00.000,BBG000BLXZN1,-0.010029751,-0.0061663557,169086
20131119,10:45:00.000,BBG000BK5DP1,-9.269439e-05,0.0011217404,427308
20131119,10:45:00.000,BBG000FBR384,0.007386459,0.0069491486,211612
20131119,10:45:00.000,BBG000BCHG15,0.011557755,0.0132884355,182051
20131119,10:45:00.000,BBG000BLHRS2,-0.0038235423,-0.0052824137,143185
20131119,10:45:00.000,BBG000F80SZ5,-0.010210648,-0.0118249245,2219380
20131119,10:45:00.000,BBG000BQ87N0,-0.0032416745,-0.006884879,235135
20131119,10:45:00.000,BBG000HW5GX3,0.00270679,0.008068442,541411
20131119,10:45:00.000,BBG000BLMZK6,0.0041933577,0.0043808375,191282
20131119,10:45:00.000,BBG000BND699,-0.0027583449,-0.0042499164,246110
20131119,10:45:00.000,BBG000BYWTX7,-0.013125707,-0.01449807,1595139
20131119,10:45:00.000,BBG000BGKHZ3,0.004450401,0.0072077215,187357
20131119,10:45:00.000,BBG000M1R011,0.017603701,0.012775939,912358
20131119,10:45:00.000,BBG000BCJ161,0.0050475197,0.017241318,612926
20131119,10:45:00.000,BBG000DGPR66,-0.010306201,-0.011604451,389536
20131119,10:45:00.000,BBG000BV75B7,0.0005391177,0.0027874052,124129
20131119,10:45:00.000,BBG000BPZBB6,-0.0008973507,-0.0021724477,153627
20131119,10:45:00.000,BBG000BL79J3,-0.0032615105,0.003279805,1996691
20131119,10:45:00.000,BBG000BP7JB0,-0.0044292095,-0.006522382,718329
20131119,10:45:00.000,BBG000BVB8Q0,-0.004619547,1.7920057e-07,800150
20131119,10:45:00.000,BBG000TJM7F0,0.0010236999,-0.00020573898,189499
20131119,10:45:00.000,BBG000BHQYG9,0.008119667,0.0119975535,142459
20131119,10:45:00.000,BBG000BDDN94,0.010257501,0.006193915,60458
20131119,10:45:00.000,BBG000BWP7D9,0.00010133286,-0.0014171856,278555
20131119,10:45:00.000,BBG000F9KJN4,-0.014091494,-0.013995135,741062
20131119,10:45:00.000,BBG000BWVSR1,-0.0071294024,-0.0050553,713697
20131119,10:45:00.000,BBG000BHCP19,-0.0047564562,-0.0067477683,442370
20131119,10:45:00.000,BBG000BFDLV8,-0.0064573945,-0.002824643,153106
20131119,10:45:00.000,BBG000BX8DC4,-0.0032628651,0.0005383996,568385
20131119,10:45:00.000,BBG000CPHYL4,-0.006998393,-0.012507595,297486
20131119,10:45:00.000,BBG000BCNYT9,0.008717346,0.0040902602,1249994
20131119,10:45:00.000,BBG000VC0T95,0.0069656237,0.0029864442,207759
20131119,10:45:00.000,BBG000PCQQL6,0.012730714,0.009664999,311186
20131119,10:45:00.000,BBG000BQ74K1,0.00030295298,0.005877256,275085
20131119,10:45:00.000,BBG000BJDPC2,0.01275026,0.017271966,259500
20131119,10:45:00.000,BBG000GPXKX9,-0.004697655,-0.00347417,129228
20131119,10:45:00.000,BBG000BJ49H3,-0.0034625237,-0.004526212,109570
20131119,10:45:00.000,BBG000PLXQQ3,-0.002378016,-0.0013136558,150614
20131119,10:45:00.000,BBG000BQHGR6,-0.0023723377,-0.0019974608,212637
20131119,10:45:00.000,BBG000KLB4Q1,0.009669101,0.00907459,599433
20131119,10:45:00.000,BBG000C3Y7J6,0.004110594,0.002987102,163603
20131119,10:45:00.000,BBG000FFH4P5,0.0034237397,0.0012038337,101349
20131119,10:45:00.000,BBG000JBSJZ4,-0.003393178,-0.0035913242,310250
20131119,10:45:00.000,BBG000F86GP6,0.005142401,0.00922689,229889
20131119,10:45:00.000,BBG000BQTMJ9,0.012405272,0.014564119,760674
20131119,10:45:00.000,BBG000RNTSX0,-0.0009605044,0.0028468797,47204
20131119,10:45:00.000,BBG000GZD660,0.0005931671,0.00023679076,63849
20131119,10:45:00.000,BBG000D9DMK0,0.0005672857,-0.0031510745,94994
20131119,10:45:00.000,BBG003P9ZSL3,-0.008778343,-0.002102155,56048
20131119,10:45:00.000,BBG000C37332,0.0035009575,0.0017519548,69174
20131119,10:45:00.000,BBG000C1DHF5,0.0031275097,0.0041269707,394229
20131119,10:45:00.000,BBG000FW8LZ9,0.009586263,0.013225755,391556
20131119,10:45:00.000,BBG000BCVMH9,-0.0005233668,-0.0050727716,56250
20131119,10:45:00.000,BBG000BKQ3V3,0.0051202797,0.0031592757,426402
20131119,10:45:00.000,BBG000CXD6X9,0.0103972815,0.0071823266,241989
20131119,10:45:00.000,BBG000BCYP43,0.0064430498,0.011684652,69480
20131119,10:45:00.000,BBG000PM7GJ0,-0.007454805,-0.0065749837,3334619
20131119,10:45:00.000,BBG000C75N77,0.0026645823,0.004913515,105935
20131119,10:45:00.000,BBG000G8N9C6,-0.0025111428,0.0039219894,494133
20131119,10:45:00.000,BBG000C90DH9,0.008389285,0.009967738,677887
20131119,10:45:00.000,BBG000C6F3T8,0.0027629675,-0.00059356727,1139197
20131119,10:45:00.000,BBG000BFV115,0.00020028977,0.00783931,292591
20131119,10:45:00.000,BBG000C7B436,0.0028583298,-0.0040123733,172681
20131119,10:45:00.000,BBG000BLCPY4,-0.0087392945,-0.007994197,367239
20131119,10:45:00.000,BBG000BD3LM4,7.769709e-05,-0.004316924,1081170
20131119,10:45:00.000,BBG000BDY3Y7,-0.023029594,-0.02707903,1214549
20131119,10:45:00.000,BBG000BMZ7P7,-0.0026417742,-0.010448713,84480
20131119,10:45:00.000,BBG000BBNYF6,-0.0059524598,-0.0066779875,296356
20131119,10:45:00.000,BBG000BK6G19,0.0078924345,0.013703893,408112
20131119,10:45:00.000,BBG000BB29X4,-0.0014425383,-0.0033867976,135153
20131119,10:45:00.000,BBG000BB03M1,0.0021143027,-0.012781645,421672
20131119,10:45:00.000,BBG000BGD7W6,9.2166854e-05,-0.0029897778,299090
20131119,10:45:00.000,BBG000C3NTN5,0.010514923,0.013056544,596070
20131119,10:45:00.000,BBG000BHB3M6,-0.0056499145,-0.0073237014,113750
20131119,10:45:00.000,BBG000BBCQD7,-0.0057019917,-2.6080457e-07,546952
20131119,10:45:00.000,BBG000D14WM3,-0.0012460325,0.0051879836,1988522
20131119,10:45:00.000,BBG000CVWGS6,-0.014092742,-0.017118676,1969128
20131119,10:45:00.000,BBG000BQSQ38,0.0059992555,0.008748616,446969
20131119,10:45:00.000,BBG000BPQVR5,-0.0067858202,-0.0050025587,133741
20131119,10:45:00.000,BBG000BCZYD3,-0.0015161008,0.0023115284,128049
20131119,10:45:00.000,BBG000FDBX90,-0.00290966,-0.0048182155,306047
20131119,10:45:00.000,BBG000BQVTF5,0.0022467622,-0.0014187051,200929
20131119,10:45:00.000,BBG001BPFT54,-0.030158678,-0.032207273,2483468
20131119,10:45:00.000,BBG000BHC2S1,-0.0031634218,0.002550608,317053
20131119,10:45:00.000,BBG000DN7P92,0.0023622976,0.0064622993,213250
20131119,10:45:00.000,BBG000C060M4,-0.0076128105,-0.0028272162,92669
20131119,10:45:00.000,BBG000BHKYH4,-0.005069026,-0.0012602834,115482
20131119,10:45:00.000,BBG000F6ZWH2,0.015560158,0.019515269,1662907
20131119,10:45:00.000,BBG000BFTJ91,-0.00023816145,0.00032381297,180450
20131119,10:45:00.000,BBG000BD0TF8,0.0013452981,0.0051081125,339248
20131119,10:45:00.000,BBG000BP1Q11,0.009046274,0.011941225,184806
20131119,10:45:00.000,BBG000D5S4M0,0.004979217,0.004969084,52921
20131119,10:45:00.000,BBG000MQ1SN9,-0.007423465,-0.0134120975,459582
20131119,10:45:00.000,BBG000BKZTP3,0.00041585596,-2.7440257e-07,205017
20131119,10:45:00.000,BBG000C0HQ54,-0.0021683266,-0.0014747755,924237
20131119,10:45:00.000,BBG000BP1152,0.0069367657,0.0071220645,413182
20131119,10:45:00.000,BBG000BN9WT5,-0.003954202,-0.0059431195,411202
20131119,10:45:00.000,BBG000BBLK04,0.0025438294,0.0046235365,81550
20131119,10:45:00.000,BBG000NSQ9M0,-0.0004851289,0.0010906144,1431074
20131119,10:45:00.000,BBG000BRXP69,-0.0022271867,0.0026568212,104024
20131119,10:45:00.000,BBG000BGYWY6,-0.0007159744,0.0033727821,47657
20131119,10:45:00.000,BBG000BJ8YN7,-0.0015299234,0.0019193214,372848
20131119,10:45:00.000,BBG000BFVXX0,-0.00025685926,-0.0010851187,404073
20131119,10:45:00.000,BBG000BLM0V1,-0.0014613555,-0.0012767975,87599
20131119,10:45:00.000,BBG000BBCDZ2,0.0033326584,0.004486537,89365
20131119,10:45:00.000,BBG000KBQZ88,0.0012710387,-0.0011658849,304196
20131119,10:45:00.000,BBG000BWXL85,0.0065829577,0.003545628,300338
20131119,10:45:00.000,BBG000BKXYX5,-0.005898239,-0.0021973157,167752
20131119,10:45:00.000,BBG000D1QCF1,0.008597995,0.0020574066,315578
20131119,10:45:00.000,BBG000CKVSG8,-0.0033802895,-0.0018801923,427925
20131119,10:45:00.000,BBG000BPYHJ6,0.018355122,0.019146862,369603
20131119,10:45:00.000,BBG000BKWSR6,-0.0011143956,0.0011228955,4292632
20131119,10:45:00.000,BBG000BMTFR4,0.000942317,-0.0011127947,367082
20131119,10:45:00.000,BBG000C1FQS9,0.0002909421,-0.0032248974,137195
20131119,10:45:00.000,BBG000BR37X2,0.0023654278,0.002567445,449485
20131119,10:45:00.000,BBG000BB6G37,-0.0040119146,-0.005782944,293181
20131119,10:45:00.000,BBG000CHPY97,0.011038636,0.017604753,2557021
20131119,10:45:00.000,BBG000BPXRB3,-0.018826008,-0.017944992,250333
20131119,10:45:00.000,BBG000BF5RY1,-0.00015749643,-5.1162574e-06,237224
20131119,10:45:00.000,BBG000BNNKG9,0.01281744,0.015366188,602984
20131119,10:45:00.000,BBG001NVJ6W4,-0.020585787,-0.022685826,499985
20131119,10:45:00.000,BBG0035LY913,0.0052195974,0.009756033,395053
20131119,10:45:00.000,BBG000BMLWX8,-0.0009833245,0.0006001041,497200
20131119,10:45:00.000,BBG000BPNP00,0.00126804,-0.0017228337,481563
20131119,10:45:00.000,BBG000DSMS70,-0.0036646167,-0.0033110506,269314
20131119,10:45:00.000,BBG000D13GN8,-0.02722107,-0.02596213,631991
20131119,10:45:00.000,BBG000BSC0K9,-0.005548032,-8.414867e-05,221797
20131119,10:45:00.000,BBG000MDCQC2,0.006333775,0.004047838,279523
20131119,10:45:00.000,BBG000BMKDM3,-0.001904238,-0.0042492286,269166
20131119,10:45:00.000,BBG000BF1R66,0.0018809628,0.0021643515,74439
20131119,10:45:00.000,BBG000BJQWD2,0.003184865,0.004700642,236682
20131119,10:45:00.000,BBG000C2ZCH8,0.001178262,-0.0006596409,110419
20131119,10:45:00.000,BBG000BP8Z50,-0.0051593645,-0.0034394918,257453
20131119,10:45:00.000,BBG000FBK808,-0.0038678374,0.00115215,1463258
20131119,10:45:00.000,BBG000BXMFC3,0.0085900985,0.010348145,303168
20131119,10:45:00.000,BBG000BFNR17,0.00096984376,0.0035235884,128900
20131119,10:45:00.000,BBG000RGM5P1,-0.0023682548,-0.005048374,497801
20131119,10:45:00.000,BBG000BKR1D6,-0.00079017703,0.0044754,73964
20131119,10:45:00.000,BBG000D7RKJ5,0.00029588607,-0.0014309579,140169
20131119,10:45:00.000,BBG000G6BN50,-0.002992254,-0.001585304,103083
20131119,10:45:00.000,BBG000J1QLT0,-0.00019931271,-0.00036112353,105058
20131119,10:45:00.000,BBG000BNFLM9,0.00071896106,-0.0010671193,423890
20131119,10:45:00.000,BBG000BTCH57,-0.005332364,-0.010570161,845105
20131119,10:45:00.000,BBG000FLZN98,-0.0010080849,0.0065989443,85667
20131119,10:45:00.000,BBG000C4DPX1,0.0030247972,-0.0006820638,176250
20131119,10:45:00.000,BBG000BQ8KV2,0.0035109522,0.009146744,237917
20131119,10:45:00.000,BBG000BPMH90,0.00014897455,0.0049207234,230830
20131119,10:45:00.000,BBG000K14Q84,0.00045547137,-0.0072746645,167511
20131119,10:45:00.000,BBG000BC9938,0.0021760617,6.375456e-05,292201
20131119,10:45:00.000,BBG000QFJ7H3,0.0077931783,0.012726338,848132
20131119,10:45:00.000,BBG000BTQR96,0.0012441754,-0.0024778962,196961
20131119,10:45:00.000,BBG000CHWP52,0.0022065584,0.003688178,259560
20131119,10:45:00.000,BBG000D8RG11,-0.0007168356,-0.0014748941,530636
20131119,10:45:00.000,BBG000BS9489,0.0023723477,0.0034318033,183161
20131119,10:45:00.000,BBG000CKJ0P3,-0.0044296025,-3.0059912e-08,147274
20131119,10:45:00.000,BBG000BWCKB6,0.0024148833,0.0021154361,83535
20131119,10:45:00.000,BBG000BVWLJ6,0.0024344267,0.0047868965,593443
20131119,10:45:00.000,BBG000BXM6V2,-0.0059457407,-0.005215142,185963
20131119,10:45:00.000,BBG000D9KWL9,-0.00045867555,0.00017568035,88099
20131119,10:45:00.000,BBG000BKNX95,0.005971785,0.0032593233,456156
20131119,10:45:00.000,BBG000J5Q6L2,0.01604075,0.019303514,1967055
20131119,10:45:00.000,BBG000QN4GY3,-0.00536036,-0.0058167786,336630
20131119,10:45:00.000,BBG000BCTQ65,0.00039438714,-0.0024458035,585838
20131119,10:45:00.000,BBG000BNNYW1,-0.0012739421,-0.0023881886,325811
20131119,10:45:00.000,BBG003641015,-0.004516712,0.00070093235,230154
20131119,10:45:00.000,BBG000D6L294,-0.013382989,-0.0066829626,433641
20131119,10:45:00.000,BBG000BSBZH7,0.0038714209,0.0103860805,266844
20131119,10:45:00.000,BBG000BNC3Y9,-0.0025707278,0.0032863626,394023
20131119,10:45:00.000,BBG000F15NW9,0.0017919692,0.0061616297,441255
20131119,10:45:00.000,BBG000R0L5J4,-0.007385934,-0.0071448484,971981
20131119,10:45:00.000,BBG000BVMPN3,-0.001979065,0.0045624543,145732
20131119,10:45:00.000,BBG000BB5BF6,-0.016798746,-0.013082955,570866
20131119,10:45:00.000,BBG000BR3KL6,-0.0050060274,-0.0064141317,145896
20131119,10:45:00.000,BBG000BNGTQ7,-0.00812043,-0.0026443829,444687
20131119,10:45:00.000,BBG000BHZ5J9,-0.00016061311,0.003807209,308991
20131119,10:45:00.000,BBG000BN84F3,-0.0007236072,-0.004687577,263079
20131119,10:45:00.000,BBG000BBJQV0,-0.002048079,-0.0022327977,1083192
20131119,10:45:00.000,BBG000BB1TH9,-0.0009639654,-0.009032244,272233
20131119,10:45:00.000,BBG000BFS7D3,-0.0037662128,-0.0025915764,209796
20131119,10:45:00.000,BBG000BR14K5,0.002077768,0.0016256094,136276
20131119,10:45:00.000,BBG000BPVCR1,0.014520612,0.016998224,562023
20131119,10:45:00.000,BBG000BKLH74,-0.0022643323,0.0015493798,1030611
20131119,10:45:00.000,BBG002S5ZRF9,-0.025017584,-0.026711926,842321
20131119,10:45:00.000,BBG000BKPL53,-0.00086115743,0.005358785,171494
20131119,10:45:00.000,BBG000DY8ZS4,-0.0077285967,-0.011979925,1924273
20131119,10:45:00.000,BBG000DNTSP4,0.0007641212,0.0014642768,408370
20131119,10:45:00.000,BBG000BM6788,-0.0052622734,-0.0048833033,523793
20131119,10:45:00.000,BBG000G3QLY3,-0.00018681893,0.0045597753,191163
20131119,10:45:00.000,BBG000BLKK03,0.0019393301,0.0050697993,308690
20131119,10:45:00.000,BBG000BP0KQ8,-0.0161995,-0.01907548,1123811
20131119,10:45:00.000,BBG000C7LMS8,0.004382801,0.0085725235,32694
20131119,10:45:00.000,BBG000JBN3X6,-0.003154684,0.011882962,3287309
20131119,10:45:00.000,BBG000QW7VC1,-0.009902797,-0.016247494,967953
20131119,10:45:00.000,BBG000C2YHG9,-0.013490416,-0.012951304,454075
20131119,10:45:00.000,BBG000BVHBM1,0.0017272243,0.00030100282,441932
20131119,10:45:00.000,BBG000FKJRC5,0.00065922516,-0.0002748666,171420
20131119,10:45:00.000,BBG000BP4MH0,-0.0025648985,-0.00042271652,514437
20131119,10:45:00.000,BBG000BSXQV7,0.0005930076,0.0043864204,73827
20131119,10:45:00.000,BBG000BY33P5,-0.015579271,-0.01633072,2668160
20131119,10:45:00.000,BBG000BNJHS8,-0.0043926956,0.0104773985,2319370
20131119,10:45:00.000,BBG000BB5373,0.009562104,0.00358798,1064871
20131119,10:45:00.000,BBG000CSY9H9,0.0017615386,0.005960641,257101
20131119,10:45:00.000,BBG000BQWPC5,0.0029382466,0.001219674,445310
20131119,10:45:00.000,BBG000BQZMH4,-0.002660488,-0.003807731,667402
20131119,10:45:00.000,BBG000BC4JJ4,0.0044260863,0.0045020618,139128
20131119,10:45:00.000,BBG001QD41M9,0.0017616572,0.0014738917,417682
20131119,10:45:00.000,BBG000BHLYS1,-0.005330804,-0.005753997,295813
20131119,10:45:00.000,BBG000HG21Y3,0.017735556,0.014350842,178020
20131119,10:45:00.000,BBG000BHLYP4,0.00969386,0.017802196,511397
20131119,10:45:00.000,BBG000DLFM21,-0.0029738294,-0.004119715,104673
20131119,10:45:00.000,BBG000H9G7X2,-0.0019922692,0.00473507,500101
20131119,10:45:00.000,BBG000BRRG02,0.0015648571,0.0026508227,58557
20131119,10:45:00.000,BBG000BBMSJ6,-0.034591578,-0.039107133,2741641
20131119,10:45:00.000,BBG000MM5VL9,-0.011872553,-0.0142826075,375399
20131119,10:45:00.000,BBG000C2V3D6,-0.0036024528,-0.0018500873,567218
20131119,10:45:00.000,BBG000G30YX4,-0.0072527146,-0.0068612318,141593
20131119,10:45:00.000,BBG000JN8R00,0.0045787273,0.012326515,1694760
20131119,10:45:00.000,BBG000C2PW58,0.0012623703,0.004901939,76195
20131119,10:45:00.000,BBG000CGQ6M4,0.0039862026,0.0046317563,104628
20131119,10:45:00.000,BBG000BCBCM7,0.009443741,0.005811937,3270223
20131119,10:45:00.000,BBG000C3HSR0,-0.001897624,0.0027101329,378053
20131119,10:45:00.000,BBG000BG09F5,-0.009369979,-0.0031056034,516894
20131119,10:45:00.000,BBG000BDXGP9,0.0015271497,-0.00030681456,641255
20131119,10:45:00.000,BBG000BTVJ25,0.0007504894,0.002973061,588093
20131119,10:45:00.000,BBG000BTKGG8,0.004456601,0.0055611837,611953
20131119,10:45:00.000,BBG000BLW530,-0.0116429515,-0.011816739,541192
20131119,10:45:00.000,BBG000BY2Y78,-0.0034578838,0.0011861272,365293
20131119,10:45:00.000,BBG000BJ2VQ6,0.004825657,0.0035122754,209604
20131119,10:45:00.000,BBG0039320N9,-0.0073439456,-0.007275078,856670
20131119,10:45:00.000,BBG000BRJ809,-0.0006110791,0.0035206764,52340
20131119,10:45:00.000,BBG000TWC2V5,0.0014599861,-0.0010883438,413881
20131119,10:45:00.000,BBG0019JZ882,-0.0056929947,-0.003648998,1111271
20131119,10:45:00.000,BBG000BF6LY3,-0.0067822044,-0.0084091285,950717
20131119,10:45:00.000,BBG000BYYLS8,-0.00021649394,0.0023641558,789269
20131119,10:45:00.000,BBG000BRWGG9,-0.0022906205,0.0019323047,2840642
20131119,10:45:00.000,BBG000FW00S1,0.008680569,0.006713404,1524571
20131119,10:45:00.000,BBG000BK67C7,0.0041998015,0.0047591915,493795
20131119,10:45:00.000,BBG000FVXD63,0.01135096,0.017144216,328009
20131119,10:45:00.000,BBG000D2M0Z7,-0.010943367,-0.0085667875,214669
20131119,10:45:00.000,BBG000BLBXT4,0.0022743428,-0.0005357828,220932
20131119,10:45:00.000,BBG000CS7CT9,0.004687442,0.011081496,710457
20131119,10:45:00.000,BBG000BFMBQ6,0.0045489054,0.0070738858,318191
20131119,10:45:00.000,BBG000BBBNC6,-0.011235122,-0.004709248,347001
20131119,10:45:00.000,BBG000G0Z878,-0.0064267227,-0.0025666296,1201568
20131119,10:45:00.000,BBG000CR90K4,-0.0043702316,-0.0048663937,5723283
20131119,10:45:00.000,BBG000BQ2C28,-0.0016421399,0.0017635594,232620
20131119,10:45:00.000,BBG000BMBL90,-0.0023306664,-0.00094386254,360863
20131119,10:45:00.000,BBG000BX5ZF5,0.015138934,0.013531228,2865062
20131119,10:45:00.000,BBG000BPT0C6,0.0016921246,0.0050554257,708307
20131119,10:45:00.000,BBG000BMY992,0.010751989,0.012326391,1074401
20131119,10:45:00.000,BBG000BL9JQ1,-0.0058719823,-0.0040738485,670283
20131119,10:45:00.000,BBG000JG0547,0.028900148,0.033736113,2165656
20131119,10:45:00.000,BBG000BM7HL0,-0.008782032,-0.012233001,679949
20131119,10:45:00.000,BBG000BRK7L6,-0.0020291281,0.001685555,1162678
20131119,10:45:00.000,BBG000BMQPL1,0.00062934036,0.0031213525,3211963
20131119,10:45:00.000,BBG000C1FB75,,,352057
20131119,10:45:00.000,BBG000CZWZ05,-5.984649e-05,-0.0012414578,0
20131119,10:45:00.000,BBG000R7RDB4,0.0037429042,0.008404716,341224
20131119,10:45:00.000,BBG000DTMH63,,,859324
20131119,10:45:00.000,BBG000BTR593,0.007953473,0.013220977,627794
20131119,10:45:00.000,BBG000BB6M98,0.00010941552,-0.004519002,1337270
20131119,10:45:00.000,BBG000C2BXK4,-0.014486756,-0.01662739,2569866
20131119,10:45:00.000,BBG000PVRDL2,4.4387536e-05,0.0032443064,849751
20131119,10:45:00.000,BBG000BVMGF2,-0.0027520496,-0.00055270677,290737
20131119,10:45:00.000,BBG000BCGY17,0.0027519723,0.0003774621,441742
20131119,10:45:00.000,BBG000CNFQW6,-0.005321447,-0.0028234005,198718
20131119,10:45:00.000,BBG000BSD7C2,-0.0011974572,0.0005839982,272917
20131119,10:45:00.000,BBG000FQ6PY6,-0.0036881275,-0.0059497156,623544
20131119,10:45:00.000,BBG000BC15S7,-0.0011310865,-0.0008622113,605744
20131119,10:45:00.000,BBG000BVDLH9,-0.0043592127,-0.0014883835,190180
20131119,10:45:00.000,BBG000GC80B4,0.00027065465,0.0044349916,357705
20131119,10:45:00.000,BBG000C0F570,-0.004024709,-0.006397324,1120433
20131119,10:45:00.000,BBG000D898T9,0.00039114495,0.003321086,365722
20131119,10:45:00.000,BBG000BG14P4,0.001205198,-0.0018960049,586186
20131119,10:45:00.000,BBG000DQTXY6,0.00014066686,-0.0010362011,1356159
20131119,10:45:00.000,BBG000C1S2X2,0.010213931,0.007535527,454379
20131119,10:45:00.000,BBG000BWSV34,0.0011551713,0.004117313,335951
20131119,10:45:00.000,BBG000H0QBS7,-0.002886281,-0.0032551207,158745
20131119,10:45:00.000,BBG000BWNFZ9,0.0045841383,0.0024239675,295346
20131119,10:45:00.000,BBG000BS0ZF1,-0.0010452896,0.0029476397,68014
20131119,10:45:00.000,BBG000CPQZ77,-0.0051943394,-0.0052625784,834711
20131119,10:45:00.000,BBG001M8HHB7,0.012595305,0.0062889764,286319
20131119,10:45:00.000,BBG000BH5DV1,0.00018289582,6.813857e-05,375164
20131119,10:45:00.000,BBG000NV1KK7,0.00029097727,0.0069647008,696822
20131119,10:45:00.000,BBG000DKCC19,0.02625762,0.026856648,1715903
20131119,10:45:00.000,BBG000CXYSZ6,-0.016371587,-0.017511778,374783
20131119,10:45:00.000,BBG000BGLRN3,-0.0005137745,0.0015530452,850619
20131119,10:45:00.000,BBG000QRKJ70,-0.03436178,-0.04416697,8173526
20131119,10:45:00.000,BBG000BQ5DS5,0.00026502943,-0.004069715,156071
20131119,10:45:00.000,BBG000BV7LP7,0.005437275,0.0072627147,846495
20131119,10:45:00.000,BBG000BH5LT6,-0.0033649623,-0.0013837501,871697
20131119,10:45:00.000,BBG000R8ZVD1,0.004592894,0.0038129385,482534
20131119,10:45:00.000,BBG000BRJL00,-0.0005842186,-0.0038841118,529061
20131119,10:45:00.000,BBG000BB6WG8,0.008831007,0.0075733843,1133425
20131119,10:45:00.000,BBG000BJL3N0,0.0032066132,0.004499019,1319179
20131119,10:45:00.000,BBG000QY3XZ2,-9.4208764e-05,-0.006238646,308166
20131119,10:45:00.000,BBG000LD9JQ8,-0.0050843,-0.009412122,276091
20131119,10:45:00.000,BBG000Q3JN03,-0.0028186608,-0.001034096,3920142
20131119,10:45:00.000,BBG000BH3JF8,-0.0026529583,6.714107e-05,464761
20131119,10:45:00.000,BBG000BR54L0,0.00489407,0.002188437,1783323
20131119,10:45:00.000,BBG000PX3XC0,-0.0039893016,0.0014624819,1053291
20131119,10:45:00.000,BBG001YMS0B8,0.0020899815,0.00047219294,591974
20131119,10:45:00.000,BBG000BD8PN9,0.0025337606,0.007847066,969933
20131119,10:45:00.000,BBG000BRD0D8,0.00592652,0.0065721036,237656
20131119,10:45:00.000,BBG000BMDV41,-0.0026511317,-0.0038565684,965673
20131119,10:45:00.000,BBG000BGVW60,0.002204739,0.0013272216,617701
20131119,10:45:00.000,BBG000BKCFC2,-0.008181842,-0.009223767,1249360
20131119,10:45:00.000,BBG000BB9KF2,3.699528e-05,-0.002691143,669466
20131119,10:45:00.000,BBG000C0MF34,-0.00034558645,0.0024816308,136393
20131119,10:45:00.000,BBG000BZ2GG4,0.0012118667,-0.0023571355,546485
20131119,10:45:00.000,BBG000C0LW92,0.020550841,0.026781846,3822495
20131119,10:45:00.000,BBG000BMW2Z0,-0.002095152,-0.0010650572,572871
20131119,10:45:00.000,BBG000F0KF42,-0.0035018995,-0.0053603547,651940
20131119,10:45:00.000,BBG000BX3TD3,-0.010882256,0.0007269526,1506035
20131119,10:45:00.000,BBG000QX74T1,0.004156434,0.004308246,111230
20131119,10:45:00.000,BBG000BWJFZ4,-0.001783368,0.0009938498,68954
20131119,10:45:00.000,BBG000BKFBD7,-0.00047754453,0.0053532384,461420
20131119,10:45:00.000,BBG000JWD753,0.0027279754,-0.0009887906,1010625
20131119,10:45:00.000,BBG000M65M61,0.041386433,0.05180702,3791199
20131119,10:45:00.000,BBG000MBDGM6,-0.00012429865,0.0013394612,86666
20131119,10:45:00.000,BBG000BBVJZ8,0.004573537,0.011202914,622126
20131119,10:45:00.000,BBG000BV8DN6,0.011855281,0.019038534,1021160
20131119,10:45:00.000,BBG000BH2JM1,0.010560178,0.008031854,1588573
20131119,10:45:00.000,BBG000BGJRC8,-0.004745475,-0.008812197,1465916
20131119,10:45:00.000,BBG000QBR5J5,-0.0002489658,0.0038507876,534512
20131119,10:45:00.000,BBG000BSLZY7,0.0014273097,0.0077791163,1596276
20131119,10:45:00.000,BBG000BJSBJ0,-0.0110616945,-0.014320513,1413504
20131119,10:45:00.000,BBG000BJ81C1,-7.2370916e-05,0.0026652906,253979
20131119,10:45:00.000,BBG000BFL116,-0.0138786,-0.014634553,1200443
20131119,10:45:00.000,BBG000HCJMF9,-0.00021438622,0.007331183,471036
20131119,10:45:00.000,BBG000FV1Z23,0.0047902316,-0.0032110196,241924
20131119,10:45:00.000,BBG000BBDV81,0.000796883,0.0041158907,451569
20131119,10:45:00.000,BBG000FJLFX8,-0.0056001632,-0.001698905,740442
20131119,10:45:00.000,BBG000J6XT05,-0.0036638703,-0.006774956,1310543
20131119,10:45:00.000,BBG000BCWCG1,-0.097992815,-0.09711826,11738097
20131119,10:45:00.000,BBG000BJPDZ1,0.004723611,0.010810152,34648
20131119,10:45:00.000,BBG000BPQD31,0.00562638,0.008371861,589130
20131119,10:45:00.000,BBG000C734W3,-0.0039432067,-0.0036089877,182057
20131119,10:45:00.000,BBG000C3GN47,0.00462511,0.010646499,808169
20131119,10:45:00.000,BBG000BFRF55,0.012075868,0.015996538,2185607
20131119,10:45:00.000,BBG000BGPTV6,0.0021763109,-0.0038266715,199693
20131119,10:45:00.000,BBG000BM5SR2,0.0013426377,0.006293168,967417
20131119,10:45:00.000,BBG000BN5HF7,-0.00054609554,-0.0020282818,745654
20131119,10:45:00.000,BBG000BBD070,0.00140728,0.0025024004,484213
20131119,10:45:00.000,BBG000BVPPM1,0.020544328,0.024194282,1306390
20131119,10:45:00.000,BBG000DYGNW7,0.00047854971,0.004029936,201711
20131119,10:45:00.000,BBG000BCG930,0.008677262,0.013050819,648815
20131119,10:45:00.000,BBG000BHGDH5,-0.002285324,-0.0052413847,525392
20131119,10:45:00.000,BBG000BJ3PD2,0.0004898145,-0.0017343557,337042
20131119,10:45:00.000,BBG000BFQYY3,0.00019450078,0.00030703255,466028
20131119,10:45:00.000,BBG000BY29C7,0.0023310848,0.0022210423,512261
20131119,10:45:00.000,BBG000C1BW00,0.0060907165,0.0072526117,168621
20131119,10:45:00.000,BBG000BD4VG8,0.00481879,0.00087207335,784573
20131119,10:45:00.000,BBG000BHQ1H0,0.0042661843,0.0062357495,523293
20131119,10:45:00.000,BBG000BB5006,0.00021397564,-0.0031799136,577752
20131119,10:45:00.000,BBG000BKFZM4,0.00942391,0.011319416,2337462
20131119,10:45:00.000,BBG000BWVCP8,0.00018063425,-7.611805e-08,1108167
20131119,10:45:00.000,BBG000FH8PX5,-0.009448193,-0.0068110633,309325
20131119,10:45:00.000,BBG000BHX7N2,0.0021455782,0.0014790992,315585
20131119,10:45:00.000,BBG000WCFV84,-0.0020963005,0.0006369626,641951
20131119,10:45:00.000,BBG000BBPFB9,0.0051428643,0.005345437,2529750
20131119,10:45:00.000,BBG000FL1TC8,0.009258782,0.010377162,936149
20131119,10:45:00.000,BBG000F6H8W8,0.0017809399,0.0051900013,236783
20131119,10:45:00.000,BBG000BGKTF9,-0.0031466272,0.0021604078,773943
20131119,10:45:00.000,BBG000C8H633,0.008977516,0.015335678,1460442
20131119,10:45:00.000,BBG000H89QJ6,0.0032591263,0.0040316205,539857
20131119,10:45:00.000,BBG0014GG205,-0.005850078,-0.0016833082,2407436
20131119,10:45:00.000,BBG000BFXHL6,-0.009895813,-0.008053809,642053
20131119,10:45:00.000,BBG000BH3GZ2,0.003886112,0.002792076,726500
20131119,10:45:00.000,BBG000BT9DW0,0.0021320696,0.00023620596,1672648
20131119,10:45:00.000,BBG000FP1N32,0.0033522733,0.0044363667,621205
20131119,10:45:00.000,BBG000FNRZ69,-0.009159138,-0.012374829,1174898
20131119,10:45:00.000,BBG000D42FJ0,-0.007656125,-0.007945399,3103300
20131119,10:45:00.000,BBG00286S4N9,0.010290218,0.015098768,619388
20131119,10:45:00.000,BBG0025Y4RY4,-0.0029394163,-0.0032735632,497432
20131119,10:45:00.000,BBG000BFDXW1,-0.0032707027,-0.00638529,1716022
20131119,10:45:00.000,BBG0029SNR63,-0.0001232289,0.0012970467,656668
20131119,10:45:00.000,BBG000G2R6M0,0.00624373,0.009517446,1657380
20131119,10:45:00.000,BBG000BCVJ77,-0.0022494704,0.0028334246,915671
20131119,10:45:00.000,BBG000BL4504,-0.00036906908,0.0027531132,3810356
20131119,10:45:00.000,BBG000BC2C10,-0.0007310461,0.005706551,706185
20131119,10:45:00.000,BBG000B9WH86,0.020874418,0.029066414,8011293
20131119,10:45:00.000,BBG000BJX8C8,0.00047376213,-0.0012581917,1036072
20131119,10:45:00.000,BBG000H556T9,-0.0023864713,-0.00045304451,263969
20131119,10:45:00.000,BBG000C496P7,-0.00699114,-0.005367857,729085
20131119,10:45:00.000,BBG000FG3C43,-0.0057814615,-0.0069852197,653001
20131119,10:45:00.000,BBG000BNWG87,-0.0052744756,0.0003428478,1521587
20131119,10:45:00.000,BBG000BNBDC2,-0.0025715383,-0.0007838295,804649
20131119,10:45:00.000,BBG000BJ98Z0,-0.0088090375,-0.0115113035,742122
20131119,10:45:00.000,BBG000Q2HM09,0.010824121,0.014122812,1207647
20131119,10:45:00.000,BBG000D9D830,0.0027326853,0.00509316,561157
20131119,10:45:00.000,BBG000CJZ2W6,-0.012258878,-0.008832828,1096378
20131119,10:45:00.000,BBG000BH13K9,-0.0056956317,-0.0027553637,761983
20131119,10:45:00.000,BBG000C46HM9,-0.004272361,0.0034668539,1020943
20131119,10:45:00.000,BBG000BWXBC2,0.00030110963,-0.00037907955,1173972
20131119,10:45:00.000,BBG000BN2DC2,-0.021835638,-0.025047252,6705073
20131119,10:45:00.000,BBG000BTZQC4,0.006403027,0.0073928144,1344256
20131119,10:45:00.000,BBG001DCCGR8,0.018782245,0.022995697,1339333
20131119,10:45:00.000,BBG000BB6KF5,-0.0020503227,0.0038316816,2020389
20131119,10:45:00.000,BBG000DHSPT0,0.002968061,0.0052783233,758320
20131119,10:45:00.000,BBG000F0PF65,-0.0038669885,-0.00015000683,803299
20131119,10:45:00.000,BBG000BH1NH9,-0.013904534,-0.014942492,1634735
20131119,10:45:00.000,BBG000BVV7G1,-0.00012186875,-0.00070702645,998268
20131119,10:45:00.000,BBG000BPWXK1,-0.0015136906,0.002220001,1318087
20131119,10:45:00.000,BBG000BJF1Z8,-0.0065182783,-0.008969303,661576
20131119,10:45:00.000,BBG000BXRPH1,-0.012014651,-0.006450521,909139
20131119,10:45:00.000,BBG000BC40Y8,0.0053231567,0.01045548,532536
20131119,10:45:00.000,BBG000BBGGQ1,0.00640928,0.010017432,1791549
20131119,10:45:00.000,BBG000C17X76,0.016703572,0.017593568,319848
20131119,10:45:00.000,BBG000BP6LJ8,-0.005452498,-0.0055214167,1561055
20131119,10:45:00.000,BBG000B9ZXB4,0.009644932,0.012913187,1824417
20131119,10:45:00.000,BBG000BMF5J0,0.012194106,0.019529425,8067724
20131119,10:45:00.000,BBG000C5HS04,-0.0046637817,-0.0036902064,686213
20131119,10:45:00.000,BBG000BLZRJ2,0.0018228228,0.009233188,2475259
20131119,10:45:00.000,BBG000L9CV04,0.00046267812,-0.0024186447,677804
20131119,10:45:00.000,BBG000BWLMJ4,-0.014501556,-0.0098147215,1396914
20131119,10:45:00.000,BBG000D4LWF6,0.0034610892,0.0011773792,1369055
20131119,10:45:00.000,BBG000BCQZS4,-0.00037270755,0.005283273,586614
20131119,10:45:00.000,BBG000H8TVT2,-0.00041711488,0.006168755,536078
20131119,10:45:00.000,BBG000FFDM15,0.005308214,0.0075669787,1516434
20131119,10:45:00.000,BBG000BFWKC0,-0.00978405,-0.0069051865,745601
20131119,10:45:00.000,BBG000BP52R2,0.0017078235,0.004457149,502973
20131119,10:45:00.000,BBG000C15T95,0.0022738192,-0.0007690706,1020080
20131119,10:45:00.000,BBG000BZ9223,-0.0044600964,0.0021654498,381157
20131119,10:45:00.000,BBG000BHBK84,-0.003310547,-0.004516356,1018554
20131119,10:45:00.000,BBG000CTQBF3,-0.00025614057,0.0003723748,985976
20131119,10:45:00.000,BBG000BW8S60,0.0012917852,0.001465583,318189
20131119,10:45:00.000,BBG000BB07P9,0.005595172,0.007925521,3066077
20131119,10:45:00.000,BBG000CH5208,-0.0029052263,0.00013968305,769661
20131119,10:45:00.000,BBG000BW3299,0.0011681563,-0.002291613,264910
20131119,10:45:00.000,BBG000DQLV23,-0.00059894915,0.0021199025,750864
20131119,10:45:00.000,BBG000DWYF03,-0.0047209826,-0.0014809528,2078526
20131119,10:45:00.000,BBG000BGRY34,-0.0029125148,0.0036670808,1013838
20131119,10:45:00.000,BBG000F1ZSQ2,-0.0041927537,-0.00010579914,65115
20131119,10:45:00.000,BBG000BQQ2S6,-0.0057035484,-0.00036050883,650028
20131119,10:45:00.000,BBG000KHWT55,0.011037872,0.010797987,3139502
20131119,10:45:00.000,BBG000BNDN65,0.002269679,0.0068770996,3247379
20131119,10:45:00.000,BBG000R7Z112,0.001664807,0.014222199,3567660
20131119,10:45:00.000,BBG000BQQH30,-0.0058312644,0.0024884264,2167676
20131119,10:45:00.000,BBG000BBS2Y0,-0.004177785,-0.004007421,504706
20131119,10:45:00.000,BBG000J2XL74,0.0006863996,-0.0020733569,716478
20131119,10:45:00.000,BBG000BJDB15,-0.0040416243,0.0019188188,1958182
20131119,10:45:00.000,BBG000DWG505,0.0013811734,0.0019414665,497888
20131119,10:45:00.000,BBG000DH7JK6,-0.0014764796,-0.0039598052,792052
20131119,10:45:00.000,BBG000BKTFN2,0.0027658849,0.0012881524,2126981
20131119,10:45:00.000,BBG000BF0K17,0.0067956974,0.0020822897,1322890
20131119,10:45:00.000,BBG000BFC8J2,0.0069341063,0.0075167813,688865
20131119,10:45:00.000,BBG000BH4R78,-0.0020793385,-0.00014394168,1105806
20131119,10:45:00.000,BBG000NDYB67,-0.0008478428,-0.0028500822,3775687
20131119,10:45:00.000,BBG000C6CFJ5,0.0049143643,0.013489513,854272
20131119,10:45:00.000,BBG000BQLTW7,0.00010396806,-0.001718292,3641376
20131119,10:45:00.000,BBG000BNSZP1,-0.0008916537,-0.0002560011,797421
20131119,10:45:00.000,BBG000BBDZG3,-0.0076677375,0.001225486,1792732
20131119,10:45:00.000,BBG000BHVJJ3,-0.0021318493,-0.00083664694,3115065
20131119,10:45:00.000,BBG000BFT2L4,-0.0026535047,-0.00021096774,1477973
20131119,10:45:00.000,BBG000C43RR5,-0.0013770186,0.0017280692,3079969
20131119,10:45:00.000,BBG000Q9HH23,0.0050443187,0.006664501,753865
20131119,10:45:00.000,BBG000BCSST7,-0.005524447,-0.0042644595,1016818
20131119,10:45:00.000,BBG000BMX289,-0.0012677033,-0.0034844382,2739556
20131119,10:45:00.000,BBG000GFFQN9,-0.0056942683,-0.0008577855,3706716
20131119,10:45:00.000,BBG000BT41Q8,-0.004641909,-0.0030967882,1739390
20131119,10:45:00.000,BBG000CKGBP2,0.0073772087,0.0072480105,1749947
20131119,10:45:00.000,BBG000BKZB36,0.015534177,0.02020449,4797076
20131119,10:45:00.000,BBG000BLBVN4,-0.0014687097,-0.0043015424,128807
20131119,10:45:00.000,BBG000PSKYX7,-0.01038375,-0.0057007205,539442
20131119,10:45:00.000,BBG000BPD168,-0.008863012,-0.006247757,1953628
20131119,10:45:00.000,BBG000HS77T5,0.0044833673,0.004727826,1781265
20131119,10:45:00.000,BBG000BVPV84,0.012099802,0.0061303833,604009
20131119,10:45:00.000,BBG000BR2TH3,-0.0028690896,-0.0014191194,1457567
20131119,10:45:00.000,BBG000BQPC32,0.00014632409,-0.0011781179,7006939
20131119,10:45:00.000,BBG000CGC1X8,0.0026699004,0.003057968,1982871
20131119,10:45:00.000,BBG000BMHYD1,0.0002581846,0.0033954978,1291797
20131119,10:45:00.000,BBG000K4ND22,0.0051553794,0.0101197865,1127635
20131119,10:45:00.000,BBG000C0G1D1,0.010594085,0.009757868,7951043
20131119,10:45:00.000,BBG000C5Z1S3,0.014727759,0.018148731,17056504
20131119,10:45:00.000,BBG000BWQFY7,0.0037209457,0.005527982,2675985
20131119,10:45:00.000,BBG000BLNNH6,0.004288836,0.006639551,1180577
20131119,10:45:00.000,BBG000BR2B91,-0.007819265,-0.0049977177,7357237
20131119,10:45:00.000,BBG000BSJK37,0.0008649916,0.0036505556,2907447
20131119,10:45:00.000,BBG000C3J3C9,0.0017779088,0.0018785055,14172773
20131119,10:45:00.000,BBG000BK6MB5,0.0005704516,0.0018381941,7948461
20131119,10:45:00.000,BBG000CL9VN6,0.008573817,0.0062317536,629381
20131119,10:45:00.000,BBG000GZQ728,-0.000687685,0.0019921057,3125624
20131119,10:45:00.000,BBG000DMBXR2,0.008132624,0.013277097,6308249
20131119,10:45:00.000,BBG000FY4S11,0.0064887223,0.011221765,5858159
20131119,10:45:00.000,BBG000N9MNX3,0.03954073,0.040562898,9018189
20131119,10:45:00.000,BBG000BCTLF6,0.013720323,0.021440463,43678904
20131119,10:45:00.000,BBG000BPH459,0.0038429752,0.0013533686,11914169
20131119,10:45:00.000,BBG000BHSKN9,-0.0051660193,-0.0011922785,355738
20131119,10:45:00.000,BBG000MM2P62,0.014747773,0.020726524,28115082
20131119,10:45:00.000,BBG000B9XRY4,0.0019737813,0.004424177,2210509
20131119,11:00:00.000,BBG000C221G9,-3.182697e-05,-0.0029870698,121020
20131119,11:00:00.000,BBG000D9H9F1,0.011296038,0.014465462,908279
20131119,11:00:00.000,BBG000BJ5GK2,0.0068447147,-0.00034634612,350267
20131119,11:00:00.000,BBG000BVVQQ8,0.0027492284,0.0022812246,349206
20131119,11:00:00.000,BBG000PTLGZ1,-0.004727484,-0.0073500564,104015
20131119,11:00:00.000,BBG000CGT2S4,-0.0019164137,0.0030923549,1068555
20131119,11:00:00.000,BBG000RKR4R8,0.0065257633,0.010462124,3806233
20131119,11:00:00.000,BBG000BDWKC5,0.00036294057,-0.0015344168,520450
20131119,11:00:00.000,BBG000JB27Y9,-0.0057481206,-0.000517969,151450
20131119,11:00:00.000,BBG000BLXZN1,-0.009203204,-0.006097611,209170
20131119,11:00:00.000,BBG000BK5DP1,-0.0001972736,0.00074772595,515996
20131119,11:00:00.000,BBG000FBR384,0.0067659062,0.005470697,237480
20131119,11:00:00.000,BBG000BCHG15,0.010904168,0.013288554,193929
20131119,11:00:00.000,BBG000BLHRS2,-0.0043434105,-0.0069748303,157329
20131119,11:00:00.000,BBG000F80SZ5,-0.011119532,-0.012613287,2416197
20131119,11:00:00.000,BBG000BQ87N0,-0.0033880023,-0.0066517233,264454
20131119,11:00:00.000,BBG000HW5GX3,0.0051844288,0.008223627,599295
20131119,11:00:00.000,BBG000BLMZK6,0.0016822844,0.0026491361,235381
20131119,11:00:00.000,BBG000BND699,-0.0017681408,-0.0057072146,282013
20131119,11:00:00.000,BBG000BYWTX7,-0.013413338,-0.016672704,1735317
20131119,11:00:00.000,BBG000BGKHZ3,0.0036691893,0.0063067046,208887
20131119,11:00:00.000,BBG000M1R011,0.017678296,0.0131632555,981171
20131119,11:00:00.000,BBG000BCJ161,0.0019441223,0.015888935,689077
20131119,11:00:00.000,BBG000DGPR66,-0.011107875,-0.0127710635,403918
20131119,11:00:00.000,BBG000BV75B7,0.0033198914,0.005150776,135712
20131119,11:00:00.000,BBG000BPZBB6,-2.4848661e-05,-0.0012412742,206853
20131119,11:00:00.000,BBG000BL79J3,-0.004519661,0.0018921064,2122449
20131119,11:00:00.000,BBG000BP7JB0,-0.0054018875,-0.00815287,774292
20131119,11:00:00.000,BBG000BVB8Q0,-0.0047888155,-0.0016410149,1007278
20131119,11:00:00.000,BBG000TJM7F0,-0.00032883574,-0.0022601625,206687
20131119,11:00:00.000,BBG000BHQYG9,0.0055936337,0.008811943,180442
20131119,11:00:00.000,BBG000BDDN94,0.009599162,0.005569798,70458
20131119,11:00:00.000,BBG000BWP7D9,0.0008655233,-0.0007087398,331752
20131119,11:00:00.000,BBG000F9KJN4,-0.013772627,-0.013508451,854503
20131119,11:00:00.000,BBG000BWVSR1,-0.0058513503,-0.005055365,806772
20131119,11:00:00.000,BBG000BHCP19,-0.0051485957,-0.009885863,476119
20131119,11:00:00.000,BBG000BFDLV8,-0.008644444,-0.005914025,171379
20131119,11:00:00.000,BBG000BX8DC4,-0.0034089945,0.00026942475,646844
20131119,11:00:00.000,BBG000CPHYL4,-0.0064758603,-0.011554664,345499
20131119,11:00:00.000,BBG000BCNYT9,0.010214947,0.005843,1427421
20131119,11:00:00.000,BBG000VC0T95,0.014306904,0.010249626,232401
20131119,11:00:00.000,BBG000PCQQL6,0.012229277,0.008948651,357385
20131119,11:00:00.000,BBG000BQ74K1,0.00082128553,0.0057895617,330280
20131119,11:00:00.000,BBG000BJDPC2,0.013302235,0.018342562,315308
20131119,11:00:00.000,BBG000GPXKX9,-0.0017925139,-0.00050841883,148513
20131119,11:00:00.000,BBG000BJ49H3,-0.0045427927,-0.006885591,123687
20131119,11:00:00.000,BBG000PLXQQ3,-0.0019421573,-0.0017736704,159475
20131119,11:00:00.000,BBG000BQHGR6,-0.0015647257,-0.001736883,228952
20131119,11:00:00.000,BBG000KLB4Q1,0.008808855,0.0063126697,678192
20131119,11:00:00.000,BBG000C3Y7J6,0.0022810395,0.0020500608,172228
20131119,11:00:00.000,BBG000FFH4P5,0.004590166,0.001841317,114690
20131119,11:00:00.000,BBG000JBSJZ4,-0.001428034,-0.0021547636,371559
20131119,11:00:00.000,BBG000F86GP6,0.0045085372,0.007947276,244303
20131119,11:00:00.000,BBG000BQTMJ9,0.012289613,0.014992572,846781
20131119,11:00:00.000,BBG000RNTSX0,-0.0053432793,-0.0014615705,62513
20131119,11:00:00.000,BBG000GZD660,0.0033985842,0.0036290912,80343
20131119,11:00:00.000,BBG000D9DMK0,0.0015647034,-0.0020531241,108273
20131119,11:00:00.000,BBG003P9ZSL3,-0.015770959,-0.0101702465,84091
20131119,11:00:00.000,BBG000C37332,0.0039646393,0.002141237,76951
20131119,11:00:00.000,BBG000C1DHF5,0.0040994217,0.003095254,437211
20131119,11:00:00.000,BBG000FW8LZ9,0.010469327,0.01487897,521713
20131119,11:00:00.000,BBG000BCVMH9,-0.00069060567,-0.0069418103,68478
20131119,11:00:00.000,BBG000BKQ3V3,0.005710354,0.0028325222,445307
20131119,11:00:00.000,BBG000CXD6X9,0.007992529,0.004642194,248989
20131119,11:00:00.000,BBG000BCYP43,0.0059095877,0.010370278,78081
20131119,11:00:00.000,BBG000PM7GJ0,-0.00084334804,0.0013145078,3743410
20131119,11:00:00.000,BBG000C75N77,0.0027158363,0.0049134376,125709
20131119,11:00:00.000,BBG000G8N9C6,-0.0011642835,0.005042449,642724
20131119,11:00:00.000,BBG000C90DH9,0.009596865,0.011140349,1009591
20131119,11:00:00.000,BBG000C6F3T8,0.0035296767,0.0017825292,1445934
20131119,11:00:00.000,BBG000BFV115,0.00018547766,0.0067600673,315237
20131119,11:00:00.000,BBG000C7B436,0.0037917797,-0.0020063238,197658
20131119,11:00:00.000,BBG000BLCPY4,-0.009166387,-0.009136201,414902
20131119,11:00:00.000,BBG000BD3LM4,-0.0025895997,-0.0067838556,1199999
20131119,11:00:00.000,BBG000BDY3Y7,-0.026241422,-0.029386235,1402592
20131119,11:00:00.000,BBG000BMZ7P7,-0.005695636,-0.014668231,115608
20131119,11:00:00.000,BBG000BBNYF6,-0.007437028,-0.008559076,320507
20131119,11:00:00.000,BBG000BK6G19,0.0069715097,0.011990631,446506
20131119,11:00:00.000,BBG000BB29X4,-0.0013601767,-0.003098349,159055
20131119,11:00:00.000,BBG000BB03M1,0.0027815367,-0.010661939,453777
20131119,11:00:00.000,BBG000BGD7W6,-0.002813308,-0.0055529396,459602
20131119,11:00:00.000,BBG000C3NTN5,0.012462377,0.013989115,658779
20131119,11:00:00.000,BBG000BHB3M6,-0.0049877516,-0.007431321,127434
20131119,11:00:00.000,BBG000BBCQD7,-0.0063266954,-0.0015337205,581798
20131119,11:00:00.000,BBG000D14WM3,-0.0027995154,0.0025939613,2420652
20131119,11:00:00.000,BBG000CVWGS6,-0.017439635,-0.020542167,2151344
20131119,11:00:00.000,BBG000BQSQ38,0.0046546683,0.006906744,492486
20131119,11:00:00.000,BBG000BPQVR5,-0.005254348,-0.001895644,157079
20131119,11:00:00.000,BBG000BCZYD3,-0.0029471368,0.0002773839,150850
20131119,11:00:00.000,BBG000FDBX90,-0.0034703955,-0.0052198013,382761
20131119,11:00:00.000,BBG000BQVTF5,0.001820869,-0.001773375,220887
20131119,11:00:00.000,BBG001BPFT54,-0.04049386,-0.04195808,2702176
20131119,11:00:00.000,BBG000BHC2S1,-0.0014662397,0.0035574064,390742
20131119,11:00:00.000,BBG000DN7P92,0.0039980803,0.0070744557,255620
20131119,11:00:00.000,BBG000C060M4,-0.006290483,-0.0015513697,98991
20131119,11:00:00.000,BBG000BHKYH4,-0.0052924515,-0.001307122,139306
20131119,11:00:00.000,BBG000F6ZWH2,0.00882132,0.011975091,1768331
20131119,11:00:00.000,BBG000BFTJ91,-0.00067514105,-0.00086330896,204611
20131119,11:00:00.000,BBG000BD0TF8,0.000899498,0.003993701,353608
20131119,11:00:00.000,BBG000BP1Q11,0.008588233,0.011117585,210323
20131119,11:00:00.000,BBG000D5S4M0,0.0053403405,0.0051586856,70422
20131119,11:00:00.000,BBG000MQ1SN9,-0.0072608376,-0.013159081,529551
20131119,11:00:00.000,BBG000BKZTP3,0.0015102375,7.502179e-05,223959
20131119,11:00:00.000,BBG000C0HQ54,-0.0030456188,-0.0019404836,1003664
20131119,11:00:00.000,BBG000BP1152,0.01009407,0.009792872,458230
20131119,11:00:00.000,BBG000BN9WT5,-0.0037129999,-0.0085582305,466111
20131119,11:00:00.000,BBG000BBLK04,0.0027477217,0.0042711445,91380
20131119,11:00:00.000,BBG000NSQ9M0,0.005015156,0.0076370714,1795250
20131119,11:00:00.000,BBG000BRXP69,-0.00426098,7.807131e-05,116134
20131119,11:00:00.000,BBG000BGYWY6,-0.0013525061,0.0032121155,65953
20131119,11:00:00.000,BBG000BJ8YN7,-0.00082734117,0.0017058898,399178
20131119,11:00:00.000,BBG000BFVXX0,-0.0013531981,-0.0018083507,468810
20131119,11:00:00.000,BBG000BLM0V1,-0.0025367667,-0.0028308914,97538
20131119,11:00:00.000,BBG000BBCDZ2,0.0036657294,0.004621078,102295
20131119,11:00:00.000,BBG000KBQZ88,-0.0024987487,-0.0054054875,346756
20131119,11:00:00.000,BBG000BWXL85,0.0054846983,0.0023637402,353586
20131119,11:00:00.000,BBG000BKXYX5,-0.005639398,-0.001615757,195839
20131119,11:00:00.000,BBG000D1QCF1,0.008889026,0.0027776626,349676
20131119,11:00:00.000,BBG000CKVSG8,-0.0019804277,-0.001157246,508906
20131119,11:00:00.000,BBG000BPYHJ6,0.022846386,0.023691772,414918
20131119,11:00:00.000,BBG000BKWSR6,-0.0019247244,-1.2354211e-07,4481305
20131119,11:00:00.000,BBG000BMTFR4,0.00033093983,-0.002384945,402894
20131119,11:00:00.000,BBG000C1FQS9,0.00024497448,-0.0028316265,168458
20131119,11:00:00.000,BBG000BR37X2,0.0027959726,0.0018338602,536270
20131119,11:00:00.000,BBG000BB6G37,-0.0025627036,-0.0073783533,324118
20131119,11:00:00.000,BBG000CHPY97,0.009192829,0.013336917,2807531
20131119,11:00:00.000,BBG000BPXRB3,-0.014190402,-0.013194838,300980
20131119,11:00:00.000,BBG000BF5RY1,-0.0007396513,-0.0014348705,269725
20131119,11:00:00.000,BBG000BNNKG9,0.014116936,0.017286882,664092
20131119,11:00:00.000,BBG001NVJ6W4,-0.020561581,-0.022428224,544480
20131119,11:00:00.000,BBG0035LY913,0.0045289146,0.00918208,512715
20131119,11:00:00.000,BBG000BMLWX8,0.00047349927,0.0065971203,597836
20131119,11:00:00.000,BBG000BPNP00,0.003972231,-0.0017227761,589777
20131119,11:00:00.000,BBG000DSMS70,-0.00028017204,0.0004883794,321674
20131119,11:00:00.000,BBG000D13GN8,-0.021581355,-0.01986486,739903
20131119,11:00:00.000,BBG000BSC0K9,-0.005285923,0.00033567514,244894
20131119,11:00:00.000,BBG000MDCQC2,0.0057062907,0.0033974887,311600
20131119,11:00:00.000,BBG000BMKDM3,-0.0017716861,-0.0052914517,316033
20131119,11:00:00.000,BBG000BF1R66,0.0025705544,0.0017421605,88045
20131119,11:00:00.000,BBG000BJQWD2,0.0023370716,0.004044821,266330
20131119,11:00:00.000,BBG000C2ZCH8,0.0003647119,-0.0011541372,170035
20131119,11:00:00.000,BBG000BP8Z50,-0.0037162097,-0.0034395147,293332
20131119,11:00:00.000,BBG000FBK808,-0.00642552,-0.0028813279,1729808
20131119,11:00:00.000,BBG000BXMFC3,0.0020523008,0.003843713,351488
20131119,11:00:00.000,BBG000BFNR17,-0.0005633607,0.0014498404,142236
20131119,11:00:00.000,BBG000RGM5P1,-0.00397871,-0.007429624,571654
20131119,11:00:00.000,BBG000BKR1D6,-0.0003521263,0.0044562463,108779
20131119,11:00:00.000,BBG000D7RKJ5,0.00018400648,-0.0013287722,188558
20131119,11:00:00.000,BBG000G6BN50,-0.0030741186,-0.0025837237,129281
20131119,11:00:00.000,BBG000J1QLT0,-0.00041036424,-0.00050556235,178718
20131119,11:00:00.000,BBG000BNFLM9,0.00038052283,-0.0021345534,457482
20131119,11:00:00.000,BBG000BTCH57,-0.006681489,-0.013316728,891380
20131119,11:00:00.000,BBG000FLZN98,-0.0009225161,0.0072373543,119409
20131119,11:00:00.000,BBG000C4DPX1,0.002793797,-0.0032966372,193872
20131119,11:00:00.000,BBG000BQ8KV2,0.0045651514,0.010089559,280799
20131119,11:00:00.000,BBG000BPMH90,-0.0025898146,0.00055539573,269140
20131119,11:00:00.000,BBG000K14Q84,0.0026183897,-0.0043471106,186435
20131119,11:00:00.000,BBG000BC9938,0.0026584857,0.00057498226,319991
20131119,11:00:00.000,BBG000QFJ7H3,0.010721286,0.014485226,1068207
20131119,11:00:00.000,BBG000BTQR96,0.0010964925,-0.0035656195,224001
20131119,11:00:00.000,BBG000CHWP52,0.0019915942,0.0030442693,279096
20131119,11:00:00.000,BBG000D8RG11,-0.0008080835,-0.0014749623,630446
20131119,11:00:00.000,BBG000BS9489,0.0021052666,0.002788316,202852
20131119,11:00:00.000,BBG000CKJ0P3,-0.004844233,-3.0059912e-08,160089
20131119,11:00:00.000,BBG000BWCKB6,0.0028718323,0.0021601568,90681
20131119,11:00:00.000,BBG000BVWLJ6,0.0017731456,0.0029254782,659082
20131119,11:00:00.000,BBG000BXM6V2,-0.011583929,-0.011166414,253895
20131119,11:00:00.000,BBG000D9KWL9,-0.00060148793,-0.0003519563,91555
20131119,11:00:00.000,BBG000BKNX95,0.007953622,0.00465637,599779
20131119,11:00:00.000,BBG000J5Q6L2,0.022052897,0.025508285,2520489
20131119,11:00:00.000,BBG000QN4GY3,-0.0049862294,-0.0043900297,363167
20131119,11:00:00.000,BBG000BCTQ65,-0.00039179617,-0.0027952576,668880
20131119,11:00:00.000,BBG000BNNYW1,-0.00059004844,-0.0019540004,349968
20131119,11:00:00.000,BBG003641015,-0.004185856,-0.0002341697,279021
20131119,11:00:00.000,BBG000D6L294,-0.01188336,-0.0062750094,550379
20131119,11:00:00.000,BBG000BSBZH7,0.0025148443,0.008778711,313516
20131119,11:00:00.000,BBG000BNC3Y9,-0.004929321,-0.00019937675,466876
20131119,11:00:00.000,BBG000F15NW9,0.0026832274,0.0066018687,474939
20131119,11:00:00.000,BBG000R0L5J4,-0.0050254464,-0.0050563104,1027705
20131119,11:00:00.000,BBG000BVMPN3,-0.0016411842,0.0040624957,169619
20131119,11:00:00.000,BBG000BB5BF6,-0.017950699,-0.013264638,682074
20131119,11:00:00.000,BBG000BR3KL6,-0.004718449,-0.006627853,173825
20131119,11:00:00.000,BBG000BNGTQ7,-0.009461973,-0.0041221725,526478
20131119,11:00:00.000,BBG000BHZ5J9,0.000911174,0.0038666718,334226
20131119,11:00:00.000,BBG000BN84F3,-0.00063529535,-0.0046070353,303934
20131119,11:00:00.000,BBG000BBJQV0,-0.00084708026,-0.0035074172,1165360
20131119,11:00:00.000,BBG000BB1TH9,0.0005476058,-0.0066621783,293773
20131119,11:00:00.000,BBG000BFS7D3,-0.004130802,-0.0032393688,241089
20131119,11:00:00.000,BBG000BR14K5,0.0021849598,0.00091444666,215769
20131119,11:00:00.000,BBG000BPVCR1,0.017473407,0.019997815,610539
20131119,11:00:00.000,BBG000BKLH74,-0.0050256983,-0.001311404,1231125
20131119,11:00:00.000,BBG002S5ZRF9,-0.023429956,-0.025736975,893363
20131119,11:00:00.000,BBG000BKPL53,8.008466e-05,0.0054144883,197839
20131119,11:00:00.000,BBG000DY8ZS4,-0.009279686,-0.013177913,2083216
20131119,11:00:00.000,BBG000DNTSP4,8.307347e-06,0.00029322054,503958
20131119,11:00:00.000,BBG000BM6788,-0.004918538,-0.0054011624,649484
20131119,11:00:00.000,BBG000G3QLY3,7.777097e-05,0.003989784,218500
20131119,11:00:00.000,BBG000BLKK03,0.00085669325,0.0038530673,434980
20131119,11:00:00.000,BBG000BP0KQ8,-0.019793455,-0.02322225,1263522
20131119,11:00:00.000,BBG000C7LMS8,0.0049854014,0.0095736105,34994
20131119,11:00:00.000,BBG000JBN3X6,-0.005471823,0.00983425,3553554
20131119,11:00:00.000,BBG000QW7VC1,-0.0099378135,-0.016021963,1135424
20131119,11:00:00.000,BBG000C2YHG9,-0.014602115,-0.014631855,507048
20131119,11:00:00.000,BBG000BVHBM1,0.0010596933,0.004214919,493403
20131119,11:00:00.000,BBG000FKJRC5,-0.00015657462,-0.00096078846,198280
20131119,11:00:00.000,BBG000BP4MH0,-0.0032346384,-0.0023270664,578058
20131119,11:00:00.000,BBG000BSXQV7,0.00015086279,0.0041713766,78866
20131119,11:00:00.000,BBG000BY33P5,-0.014991274,-0.016841102,3402990
20131119,11:00:00.000,BBG000BNJHS8,-0.002633342,0.012131654,2572389
20131119,11:00:00.000,BBG000BB5373,0.00859106,0.0029902202,1249444
20131119,11:00:00.000,BBG000CSY9H9,0.0008335105,0.005312575,307668
20131119,11:00:00.000,BBG000BQWPC5,0.0040226667,0.002439244,555104
20131119,11:00:00.000,BBG000BQZMH4,-0.0021018954,-0.0032219396,766383
20131119,11:00:00.000,BBG000BC4JJ4,0.005386539,0.0050023487,178823
20131119,11:00:00.000,BBG001QD41M9,-0.0012881858,-0.0021672256,512092
20131119,11:00:00.000,BBG000BHLYS1,-0.0063174553,-0.006870228,387668
20131119,11:00:00.000,BBG000HG21Y3,0.023824284,0.021636348,224540
20131119,11:00:00.000,BBG000BHLYP4,0.009094833,0.016548432,575678
20131119,11:00:00.000,BBG000DLFM21,-0.0015360601,-0.0027622224,118389
20131119,11:00:00.000,BBG000H9G7X2,-0.001886659,0.0047349767,540780
20131119,11:00:00.000,BBG000BRRG02,0.0019941563,0.0027266077,71940
20131119,11:00:00.000,BBG000BBMSJ6,-0.036345486,-0.04341822,3303538
20131119,11:00:00.000,BBG000MM5VL9,-0.017019207,-0.018225212,402988
20131119,11:00:00.000,BBG000C2V3D6,-0.005292298,-0.002959937,615706
20131119,11:00:00.000,BBG000G30YX4,-0.0075043268,-0.006902702,153113
20131119,11:00:00.000,BBG000JN8R00,0.015970882,0.024653276,1979728
20131119,11:00:00.000,BBG000C2PW58,0.0010390298,0.0040464606,89518
20131119,11:00:00.000,BBG000CGQ6M4,0.003073928,0.0036816972,125066
20131119,11:00:00.000,BBG000BCBCM7,0.0075250505,0.003874638,4021935
20131119,11:00:00.000,BBG000C3HSR0,-0.001859373,0.0020941112,442300
20131119,11:00:00.000,BBG000BG09F5,-0.0039847908,0.0013312238,596387
20131119,11:00:00.000,BBG000BDXGP9,0.0015555742,-0.0012272041,691484
20131119,11:00:00.000,BBG000BTVJ25,-0.00092401705,0.00029723952,687941
20131119,11:00:00.000,BBG000BTKGG8,0.0031361934,0.0041708467,707402
20131119,11:00:00.000,BBG000BLW530,-0.008265409,-0.008477163,638478
20131119,11:00:00.000,BBG000BY2Y78,-0.0033505268,0.00059298286,426541
20131119,11:00:00.000,BBG000BJ2VQ6,0.004715269,0.0029403327,253055
20131119,11:00:00.000,BBG0039320N9,-0.0041963565,-0.0041120118,923713
20131119,11:00:00.000,BBG000BRJ809,-7.8031306e-05,0.0041704373,57546
20131119,11:00:00.000,BBG000TWC2V5,0.0022618305,-0.00060465635,454981
20131119,11:00:00.000,BBG0019JZ882,-0.0072930716,-0.006736771,1299434
20131119,11:00:00.000,BBG000BF6LY3,-0.007687629,-0.009810548,1047583
20131119,11:00:00.000,BBG000BYYLS8,0.0002491705,0.0023640837,855179
20131119,11:00:00.000,BBG000BRWGG9,-0.00027794903,0.0038645682,3285093
20131119,11:00:00.000,BBG000FW00S1,0.012279548,0.01084465,1799105
20131119,11:00:00.000,BBG000BK67C7,0.005704665,0.0066628447,549688
20131119,11:00:00.000,BBG000FVXD63,0.00994615,0.013891324,359455
20131119,11:00:00.000,BBG000D2M0Z7,-0.009174488,-0.00767679,247638
20131119,11:00:00.000,BBG000BLBXT4,0.001791885,4.813462e-08,251726
20131119,11:00:00.000,BBG000CS7CT9,0.004061855,0.010429459,780085
20131119,11:00:00.000,BBG000BFMBQ6,0.0048084585,0.007252093,368380
20131119,11:00:00.000,BBG000BBBNC6,-0.011974686,-0.0068019894,408008
20131119,11:00:00.000,BBG000G0Z878,-0.0061605824,-0.0028517726,1300444
20131119,11:00:00.000,BBG000CR90K4,-0.0040316996,-0.0048663937,6207834
20131119,11:00:00.000,BBG000BQ2C28,-0.003186673,9.057323e-05,273659
20131119,11:00:00.000,BBG000BMBL90,-0.0010732913,-0.00025139312,402781
20131119,11:00:00.000,BBG000BX5ZF5,0.012661248,0.009922697,3235636
20131119,11:00:00.000,BBG000BPT0C6,0.0019645682,0.0041672443,820365
20131119,11:00:00.000,BBG000BMY992,0.011986298,0.01329318,1181785
20131119,11:00:00.000,BBG000BL9JQ1,-0.0043548397,-0.0035375853,760558
20131119,11:00:00.000,BBG000JG0547,0.026936563,0.030569151,2474965
20131119,11:00:00.000,BBG000BM7HL0,-0.0067395065,-0.009809596,901425
20131119,11:00:00.000,BBG000BRK7L6,-0.0018626318,0.0005617783,1300722
20131119,11:00:00.000,BBG000BMQPL1,0.0009787128,0.003121374,3471294
20131119,11:00:00.000,BBG000C1FB75,,,422595
20131119,11:00:00.000,BBG000CZWZ05,-0.0002920737,-0.00053450273,0
20131119,11:00:00.000,BBG000R7RDB4,0.0018156959,0.005276296,373545
20131119,11:00:00.000,BBG000DTMH63,,,945549
20131119,11:00:00.000,BBG000BTR593,0.01060538,0.014322879,736040
20131119,11:00:00.000,BBG000BB6M98,-0.00034749357,-0.004801502,1555465
20131119,11:00:00.000,BBG000C2BXK4,-0.012333645,-0.012990158,2928473
20131119,11:00:00.000,BBG000PVRDL2,0.0006370715,0.005098439,970507
20131119,11:00:00.000,BBG000BVMGF2,-0.0033888842,-0.0022118648,331317
20131119,11:00:00.000,BBG000BCGY17,0.002069815,-0.0012262608,510160
20131119,11:00:00.000,BBG000CNFQW6,-0.0017397318,0.0002628917,236403
20131119,11:00:00.000,BBG000BSD7C2,-0.0021515633,-0.0001163537,330861
20131119,11:00:00.000,BBG000FQ6PY6,-0.0034331218,-0.0061247144,681745
20131119,11:00:00.000,BBG000BC15S7,-0.0020695645,-0.0027098933,636510
20131119,11:00:00.000,BBG000BVDLH9,-0.0047777817,-0.0024310066,210048
20131119,11:00:00.000,BBG000GC80B4,-0.0014596734,0.0021797232,431526
20131119,11:00:00.000,BBG000C0F570,-0.006973094,-0.012108271,1355678
20131119,11:00:00.000,BBG000D898T9,0.0010408129,0.003475661,399753
20131119,11:00:00.000,BBG000BG14P4,0.003389613,-0.0015347663,640546
20131119,11:00:00.000,BBG000DQTXY6,0.00046211827,0.004143731,1455237
20131119,11:00:00.000,BBG000C1S2X2,0.010921712,0.008426842,511808
20131119,11:00:00.000,BBG000BWSV34,-0.0035390328,-0.00043213472,376257
20131119,11:00:00.000,BBG000H0QBS7,-0.0036553668,-0.004820084,176177
20131119,11:00:00.000,BBG000BWNFZ9,0.0040756427,0.001481269,374665
20131119,11:00:00.000,BBG000BS0ZF1,-0.001716828,0.0021094498,80006
20131119,11:00:00.000,BBG000CPQZ77,-0.0054713977,-0.0057012364,932204
20131119,11:00:00.000,BBG001M8HHB7,0.01231112,0.0064603775,346408
20131119,11:00:00.000,BBG000BH5DV1,0.0007500978,-6.816705e-05,400451
20131119,11:00:00.000,BBG000NV1KK7,0.0033140043,0.010362175,792405
20131119,11:00:00.000,BBG000DKCC19,0.028868461,0.028216477,1950161
20131119,11:00:00.000,BBG000CXYSZ6,-0.01925543,-0.021025993,437997
20131119,11:00:00.000,BBG000BGLRN3,-0.0011765267,-0.00031071578,983843
20131119,11:00:00.000,BBG000QRKJ70,-0.029831944,-0.03936617,8869520
20131119,11:00:00.000,BBG000BQ5DS5,-0.0005656153,-0.0064772856,173337
20131119,11:00:00.000,BBG000BV7LP7,0.003286734,0.0054470575,932505
20131119,11:00:00.000,BBG000BH5LT6,-0.005415846,-0.0044284244,1057794
20131119,11:00:00.000,BBG000R8ZVD1,0.0058229766,0.0045607225,536822
20131119,11:00:00.000,BBG000BRJL00,-0.0012227928,-0.0045314496,593170
20131119,11:00:00.000,BBG000BB6WG8,0.006756546,0.004397526,1365302
20131119,11:00:00.000,BBG000BJL3N0,0.00235751,0.0034991526,1543072
20131119,11:00:00.000,BBG000QY3XZ2,-0.0018228022,-0.007552153,448352
20131119,11:00:00.000,BBG000LD9JQ8,-0.007024131,-0.010267741,305911
20131119,11:00:00.000,BBG000Q3JN03,-0.0029909555,-0.0010340372,4133116
20131119,11:00:00.000,BBG000BH3JF8,-0.0027785054,-0.0006708542,493009
20131119,11:00:00.000,BBG000BR54L0,0.0068097487,0.0082078045,2055826
20131119,11:00:00.000,BBG000PX3XC0,-0.009695599,-0.005361782,1141002
20131119,11:00:00.000,BBG001YMS0B8,0.0027763944,0.0003778373,691144
20131119,11:00:00.000,BBG000BD8PN9,0.0030820798,0.007545226,1097161
20131119,11:00:00.000,BBG000BRD0D8,0.006686829,0.006970325,326731
20131119,11:00:00.000,BBG000BMDV41,-0.002081475,-0.0042625973,1033725
20131119,11:00:00.000,BBG000BGVW60,0.002412728,0.0014746398,720713
20131119,11:00:00.000,BBG000BKCFC2,-0.010985527,-0.013148814,1404441
20131119,11:00:00.000,BBG000BB9KF2,0.00058823836,-0.0020699608,947312
20131119,11:00:00.000,BBG000C0MF34,-0.00021745267,0.0026769398,148362
20131119,11:00:00.000,BBG000BZ2GG4,0.0018338707,-0.0022665155,626995
20131119,11:00:00.000,BBG000C0LW92,0.025207754,0.03110132,4303540
20131119,11:00:00.000,BBG000BMW2Z0,-0.0031314355,-0.002268764,636368
20131119,11:00:00.000,BBG000F0KF42,-0.0035831304,-0.0060819774,734786
20131119,11:00:00.000,BBG000BX3TD3,-0.011566808,0.0010904996,1637180
20131119,11:00:00.000,BBG000QX74T1,0.004047274,0.0039453763,115268
20131119,11:00:00.000,BBG000BWJFZ4,-0.0021803454,0.00013878375,95050
20131119,11:00:00.000,BBG000BKFBD7,-0.0034714532,0.0016904051,535458
20131119,11:00:00.000,BBG000JWD753,0.002467725,-0.0003532141,1085048
20131119,11:00:00.000,BBG000M65M61,0.039789498,0.050158046,4195738
20131119,11:00:00.000,BBG000MBDGM6,-0.0031381783,-0.001765912,119352
20131119,11:00:00.000,BBG000BBVJZ8,0.0044481447,0.0090294145,685796
20131119,11:00:00.000,BBG000BV8DN6,0.0076557016,0.014398898,1159990
20131119,11:00:00.000,BBG000BH2JM1,0.009158797,0.0063408613,2010823
20131119,11:00:00.000,BBG000BGJRC8,-0.0040451796,-0.009913732,1674023
20131119,11:00:00.000,BBG000QBR5J5,0.00023169402,0.0038505439,612872
20131119,11:00:00.000,BBG000BSLZY7,0.0011674364,0.0065508257,1815762
20131119,11:00:00.000,BBG000BJSBJ0,-0.009883732,-0.01297238,1597651
20131119,11:00:00.000,BBG000BJ81C1,0.00014571211,0.0017010124,288021
20131119,11:00:00.000,BBG000BFL116,-0.014398682,-0.017259225,1341625
20131119,11:00:00.000,BBG000HCJMF9,-0.0016107175,0.0048498665,564887
20131119,11:00:00.000,BBG000FV1Z23,0.004155315,-0.003997258,273181
20131119,11:00:00.000,BBG000BBDV81,-0.00028109612,0.0025123183,505519
20131119,11:00:00.000,BBG000FJLFX8,-0.0038414255,-0.00015467212,840099
20131119,11:00:00.000,BBG000J6XT05,-0.0063579786,-0.009270952,1586458
20131119,11:00:00.000,BBG000BCWCG1,-0.09422762,-0.09206732,13097353
20131119,11:00:00.000,BBG000BJPDZ1,0.0026843857,0.007897953,39748
20131119,11:00:00.000,BBG000BPQD31,0.00622697,0.009089552,719866
20131119,11:00:00.000,BBG000C734W3,-0.0029844374,-0.002679318,185657
20131119,11:00:00.000,BBG000C3GN47,0.007276498,0.011558972,978685
20131119,11:00:00.000,BBG000BFRF55,0.013297112,0.018541502,2347395
20131119,11:00:00.000,BBG000BGPTV6,-2.0764403e-05,-0.0053799422,245827
20131119,11:00:00.000,BBG000BM5SR2,0.0042182873,0.008611697,1068632
20131119,11:00:00.000,BBG000BN5HF7,0.0020592844,0.0042010876,933527
20131119,11:00:00.000,BBG000BBD070,-5.651051e-05,0.00042732476,551356
20131119,11:00:00.000,BBG000BVPPM1,0.015902199,0.018868007,1431953
20131119,11:00:00.000,BBG000DYGNW7,0.0021797465,0.0051633925,256928
20131119,11:00:00.000,BBG000BCG930,0.009766076,0.014156643,765245
20131119,11:00:00.000,BBG000BHGDH5,-0.0038298883,-0.0064993273,624286
20131119,11:00:00.000,BBG000BJ3PD2,0.00087406463,-0.001664851,431941
20131119,11:00:00.000,BBG000BFQYY3,0.00047989318,0.00046050845,509467
20131119,11:00:00.000,BBG000BY29C7,0.0007874152,0.00055565446,616813
20131119,11:00:00.000,BBG000C1BW00,0.0064319866,0.0073611727,184898
20131119,11:00:00.000,BBG000BD4VG8,0.004701871,0.0005232407,878473
20131119,11:00:00.000,BBG000BHQ1H0,0.0034053074,0.0052050287,622741
20131119,11:00:00.000,BBG000BB5006,0.00081704214,-0.0026499208,660788
20131119,11:00:00.000,BBG000BKFZM4,0.009319276,0.010723847,2560543
20131119,11:00:00.000,BBG000BWVCP8,-0.0011530592,-0.0017004858,1226805
20131119,11:00:00.000,BBG000FH8PX5,-0.009064186,-0.006381672,338788
20131119,11:00:00.000,BBG000BHX7N2,0.0013192006,0.0005917208,349090
20131119,11:00:00.000,BBG000WCFV84,-0.002784932,-0.00044614295,726533
20131119,11:00:00.000,BBG000BBPFB9,0.006441762,0.005938836,2856206
20131119,11:00:00.000,BBG000FL1TC8,0.00862748,0.009377962,1018255
20131119,11:00:00.000,BBG000F6H8W8,-0.00025964784,0.0021895987,283055
20131119,11:00:00.000,BBG000BGKTF9,-0.004185645,0.00043214564,853671
20131119,11:00:00.000,BBG000C8H633,0.0070094476,0.011775419,1669344
20131119,11:00:00.000,BBG000H89QJ6,0.003339502,0.003908265,585327
20131119,11:00:00.000,BBG0014GG205,-0.0033629783,0.0011783676,2577716
20131119,11:00:00.000,BBG000BFXHL6,-0.0095204525,-0.0076408847,706436
20131119,11:00:00.000,BBG000BH3GZ2,0.0015989853,1.16096786e-08,810767
20131119,11:00:00.000,BBG000BT9DW0,0.004814194,0.0028341534,2030964
20131119,11:00:00.000,BBG000FP1N32,0.004577024,0.004436471,670173
20131119,11:00:00.000,BBG000FNRZ69,-0.0023719426,-0.006827522,1436392
20131119,11:00:00.000,BBG000D42FJ0,-0.009019059,-0.0100560235,3324559
20131119,11:00:00.000,BBG00286S4N9,0.0118706515,0.016065797,701856
20131119,11:00:00.000,BBG0025Y4RY4,-0.004740975,-0.0055241603,561600
20131119,11:00:00.000,BBG000BFDXW1,-0.004481391,-0.010141169,2105016
20131119,11:00:00.000,BBG0029SNR63,0.0036089213,0.0046324846,755743
20131119,11:00:00.000,BBG000G2R6M0,0.0059320442,0.009931082,1880588
20131119,11:00:00.000,BBG000BCVJ77,-0.0018032441,0.0022523447,1012677
20131119,11:00:00.000,BBG000BL4504,-0.0039894585,-0.0023598692,4121786
20131119,11:00:00.000,BBG000BC2C10,-8.991513e-05,0.004565267,827774
20131119,11:00:00.000,BBG000B9WH86,0.023071017,0.03241999,8997871
20131119,11:00:00.000,BBG000BJX8C8,0.0026014964,0.00053890975,1181076
20131119,11:00:00.000,BBG000H556T9,-0.0018839028,-0.00045302804,284233
20131119,11:00:00.000,BBG000C496P7,-0.0052627767,-0.004528954,830908
20131119,11:00:00.000,BBG000FG3C43,-0.008591402,-0.010550391,886080
20131119,11:00:00.000,BBG000BNWG87,-0.004814177,-0.00017180605,1660248
20131119,11:00:00.000,BBG000BNBDC2,-0.0015979583,-0.0001958153,911717
20131119,11:00:00.000,BBG000BJ98Z0,-0.010886899,-0.014743906,814505
20131119,11:00:00.000,BBG000Q2HM09,0.016396716,0.020408323,1313828
20131119,11:00:00.000,BBG000D9D830,0.0013658903,0.0033741426,621728
20131119,11:00:00.000,BBG000CJZ2W6,-0.0077529256,-0.0037511531,1174054
20131119,11:00:00.000,BBG000BH13K9,-0.0058069215,-0.0029173777,886673
20131119,11:00:00.000,BBG000C46HM9,-0.00576133,0.0021790816,1102954
20131119,11:00:00.000,BBG000BWXBC2,-4.9142e-05,-0.0016416946,1317069
20131119,11:00:00.000,BBG000BN2DC2,-0.014819336,-0.017929437,7151595
20131119,11:00:00.000,BBG000BTZQC4,0.0056434637,0.006468745,1669915
20131119,11:00:00.000,BBG001DCCGR8,0.016824303,0.020153644,1511156
20131119,11:00:00.000,BBG000BB6KF5,-0.004574622,0.00038306846,2168310
20131119,11:00:00.000,BBG000DHSPT0,0.002976208,0.0049013896,874394
20131119,11:00:00.000,BBG000F0PF65,-0.0013541025,0.0020196051,909111
20131119,11:00:00.000,BBG000BH1NH9,-0.012511514,-0.01386671,1792644
20131119,11:00:00.000,BBG000BVV7G1,-0.00037284024,-0.003769793,1113138
20131119,11:00:00.000,BBG000BPWXK1,-0.00028455225,0.004440278,1590174
20131119,11:00:00.000,BBG000BJF1Z8,-0.004991107,-0.008568418,730533
20131119,11:00:00.000,BBG000BXRPH1,-0.012335088,-0.0077674864,1011914
20131119,11:00:00.000,BBG000BC40Y8,0.0056593204,0.009515062,628927
20131119,11:00:00.000,BBG000BBGGQ1,0.0057771993,0.008619843,1913276
20131119,11:00:00.000,BBG000C17X76,0.018776134,0.019935358,343811
20131119,11:00:00.000,BBG000BP6LJ8,-0.0050473562,-0.0060472353,1754870
20131119,11:00:00.000,BBG000B9ZXB4,0.009716172,0.012386069,2176393
20131119,11:00:00.000,BBG000BMF5J0,0.0056459648,0.013785569,8908288
20131119,11:00:00.000,BBG000C5HS04,-0.0060345195,-0.005535265,830913
20131119,11:00:00.000,BBG000BLZRJ2,0.00658033,0.013849777,3191489
20131119,11:00:00.000,BBG000L9CV04,0.0016626634,-0.002665294,730213
20131119,11:00:00.000,BBG000BWLMJ4,-0.015370832,-0.0114782015,1517839
20131119,11:00:00.000,BBG000D4LWF6,0.003649068,0.0005885635,1492824
20131119,11:00:00.000,BBG000BCQZS4,-0.0006199698,0.0046151853,665159
20131119,11:00:00.000,BBG000H8TVT2,-0.0013648988,0.0051155,678037
20131119,11:00:00.000,BBG000FFDM15,0.0046688565,0.0070452364,1820188
20131119,11:00:00.000,BBG000BFWKC0,-0.010545918,-0.007852946,824747
20131119,11:00:00.000,BBG000BP52R2,0.0021741407,0.0039575375,557079
20131119,11:00:00.000,BBG000C15T95,0.0026593744,-0.0003072588,1127447
20131119,11:00:00.000,BBG000BZ9223,-0.0045664953,0.00044512513,424575
20131119,11:00:00.000,BBG000BHBK84,-0.0013320349,-0.0017562668,1221887
20131119,11:00:00.000,BBG000CTQBF3,-0.0017695014,-0.0019244554,1063626
20131119,11:00:00.000,BBG000BW8S60,0.0014493495,0.0016947272,378041
20131119,11:00:00.000,BBG000BB07P9,0.0031472044,0.006227403,3510049
20131119,11:00:00.000,BBG000CH5208,-0.0019445817,0.00041871154,896809
20131119,11:00:00.000,BBG000BW3299,6.735909e-06,-0.0053367224,307006
20131119,11:00:00.000,BBG000DQLV23,-0.0026959172,-0.00019304264,1002362
20131119,11:00:00.000,BBG000DWYF03,-0.0036559931,-0.0008885092,2286129
20131119,11:00:00.000,BBG000BGRY34,-0.002081946,0.0033614736,1156196
20131119,11:00:00.000,BBG000F1ZSQ2,-0.005575838,-0.0018281825,71476
20131119,11:00:00.000,BBG000BQQ2S6,-0.007151107,-0.0028836543,760819
20131119,11:00:00.000,BBG000KHWT55,0.011566395,0.010798073,3681887
20131119,11:00:00.000,BBG000BNDN65,0.0012789705,0.0064840233,3575347
20131119,11:00:00.000,BBG000R7Z112,0.0036303955,0.015644306,3838334
20131119,11:00:00.000,BBG000BQQH30,-0.0054443795,0.0009675312,2412363
20131119,11:00:00.000,BBG000BBS2Y0,-0.005658113,-0.0055156113,559926
20131119,11:00:00.000,BBG000J2XL74,0.00055556337,-0.0030554112,833439
20131119,11:00:00.000,BBG000BJDB15,-0.003251765,0.0038373773,2205371
20131119,11:00:00.000,BBG000DWG505,0.0012793444,0.00047457768,577286
20131119,11:00:00.000,BBG000DH7JK6,-0.003509365,-0.006754707,933033
20131119,11:00:00.000,BBG000BKTFN2,0.003541751,0.0018401847,2299040
20131119,11:00:00.000,BBG000BF0K17,0.0049692034,0.00047606893,1448573
20131119,11:00:00.000,BBG000BFC8J2,0.0059152776,0.0065364284,775206
20131119,11:00:00.000,BBG000BH4R78,-0.0027606348,-0.0012949704,1234828
20131119,11:00:00.000,BBG000NDYB67,-0.0022602228,-0.0051819733,4416515
20131119,11:00:00.000,BBG000C6CFJ5,0.005188774,0.012916022,1092307
20131119,11:00:00.000,BBG000BQLTW7,-0.0011594987,-0.0034367593,4300909
20131119,11:00:00.000,BBG000BNSZP1,-0.00031922225,-0.00087050826,883382
20131119,11:00:00.000,BBG000BBDZG3,-0.0064061778,0.0016339538,1967028
20131119,11:00:00.000,BBG000BHVJJ3,-0.00068855035,-0.0008366396,3735968
20131119,11:00:00.000,BBG000BFT2L4,-0.0033489773,-0.0014762707,1737178
20131119,11:00:00.000,BBG000C43RR5,-0.0014531367,0.001344114,3212689
20131119,11:00:00.000,BBG000Q9HH23,0.006148933,0.008308237,796181
20131119,11:00:00.000,BBG000BCSST7,-0.005707288,-0.003794673,1112079
20131119,11:00:00.000,BBG000BMX289,-0.00085740024,-0.0037332748,3052365
20131119,11:00:00.000,BBG000GFFQN9,-0.0048898757,-3.5957953e-07,4204655
20131119,11:00:00.000,BBG000BT41Q8,-0.003395264,-0.0027164812,1904717
20131119,11:00:00.000,BBG000CKGBP2,0.009951499,0.0098573845,2016788
20131119,11:00:00.000,BBG000BKZB36,0.013824615,0.018823925,5129126
20131119,11:00:00.000,BBG000BLBVN4,0.00012817446,-0.0026075956,138257
20131119,11:00:00.000,BBG000PSKYX7,-0.010961884,-0.00675097,624679
20131119,11:00:00.000,BBG000BPD168,-0.008088243,-0.0058312016,2122152
20131119,11:00:00.000,BBG000HS77T5,0.0011411804,1.5756525e-07,2314938
20131119,11:00:00.000,BBG000BVPV84,0.010715768,0.0046558855,650038
20131119,11:00:00.000,BBG000BR2TH3,-0.0029649346,-0.0018921463,1601885
20131119,11:00:00.000,BBG000BQPC32,4.627431e-05,-0.0023562037,7835454
20131119,11:00:00.000,BBG000CGC1X8,0.0029924181,0.0018069893,2360000
20131119,11:00:00.000,BBG000BMHYD1,-0.00012864453,0.0025465025,1409500
20131119,11:00:00.000,BBG000K4ND22,0.006484649,0.010161281,1268828
20131119,11:00:00.000,BBG000C0G1D1,0.010730971,0.006911853,9001961
20131119,11:00:00.000,BBG000C5Z1S3,0.01547379,0.016074648,18090208
20131119,11:00:00.000,BBG000BWQFY7,0.0044636196,0.00575841,3111722
20131119,11:00:00.000,BBG000BLNNH6,0.003752185,0.005311629,1363331
20131119,11:00:00.000,BBG000BR2B91,-0.0073201377,-0.004997654,8067963
20131119,11:00:00.000,BBG000BSJK37,0.0010584345,0.002246674,3353151
20131119,11:00:00.000,BBG000C3J3C9,-0.0027626874,-0.004226142,16904584
20131119,11:00:00.000,BBG000BK6MB5,0.0012042362,0.00220555,8967961
20131119,11:00:00.000,BBG000CL9VN6,0.0102048535,0.008879657,776155
20131119,11:00:00.000,BBG000GZQ728,0.0011990903,0.0031451704,3560043
20131119,11:00:00.000,BBG000DMBXR2,0.008085657,0.012200631,7235069
20131119,11:00:00.000,BBG000FY4S11,0.0077111768,0.011812383,6721517
20131119,11:00:00.000,BBG000N9MNX3,0.040044267,0.03994583,9639362
20131119,11:00:00.000,BBG000BCTLF6,0.013584661,0.020770406,50259624
20131119,11:00:00.000,BBG000BPH459,0.0028345594,0.000269865,13274083
20131119,11:00:00.000,BBG000BHSKN9,-0.0035544126,0.00021795799,399586
20131119,11:00:00.000,BBG000MM2P62,0.016763095,0.023562774,30458112
20131119,11:00:00.000,BBG000B9XRY4,0.002767063,0.0040482236,2486883
20131119,11:15:00.000,BBG000C221G9,-0.0015330727,-0.005689358,138443
20131119,11:15:00.000,BBG000D9H9F1,0.01556399,0.018410722,1001809
20131119,11:15:00.000,BBG000BJ5GK2,0.008008155,-0.00023091809,387418
20131119,11:15:00.000,BBG000BVVQQ8,0.0035199446,0.00065132143,387972
20131119,11:15:00.000,BBG000PTLGZ1,-0.0054683257,-0.009218662,117487
20131119,11:15:00.000,BBG000CGT2S4,-0.0018152401,0.0025769945,1199081
20131119,11:15:00.000,BBG000RKR4R8,0.0063456395,0.00871833,4073272
20131119,11:15:00.000,BBG000BDWKC5,0.0001664444,-0.0018418594,597823
20131119,11:15:00.000,BBG000JB27Y9,-0.0062077534,-0.0020713063,182152
20131119,11:15:00.000,BBG000BLXZN1,-0.010327054,-0.0089068,232525
20131119,11:15:00.000,BBG000BK5DP1,-0.0016339156,-0.0029912146,603428
20131119,11:15:00.000,BBG000FBR384,0.008533238,0.004879007,277366
20131119,11:15:00.000,BBG000BCHG15,0.013123534,0.0145221315,210964
20131119,11:15:00.000,BBG000BLHRS2,-0.004860697,-0.00871839,174226
20131119,11:15:00.000,BBG000F80SZ5,-0.012336791,-0.014189868,2626744
20131119,11:15:00.000,BBG000BQ87N0,-0.0029531477,-0.008752154,290121
20131119,11:15:00.000,BBG000HW5GX3,0.0038458968,0.0058963127,652055
20131119,11:15:00.000,BBG000BLMZK6,0.0029256744,0.0022416636,249269
20131119,11:15:00.000,BBG000BND699,-0.0011061167,-0.006921279,294472
20131119,11:15:00.000,BBG000BYWTX7,-0.014131961,-0.01884741,1874775
20131119,11:15:00.000,BBG000BGKHZ3,0.00358138,0.0046850317,228597
20131119,11:15:00.000,BBG000M1R011,0.020566963,0.015873417,1043987
20131119,11:15:00.000,BBG000BCJ161,-0.0018259272,0.010479972,816585
20131119,11:15:00.000,BBG000DGPR66,-0.010358706,-0.013139764,416318
20131119,11:15:00.000,BBG000BV75B7,0.0017125538,0.0019387259,150188
20131119,11:15:00.000,BBG000BPZBB6,-0.0010827833,-0.004344352,236650
20131119,11:15:00.000,BBG000BL79J3,-0.006760403,-0.003279923,2314687
20131119,11:15:00.000,BBG000BP7JB0,-0.008011802,-0.012229447,921060
20131119,11:15:00.000,BBG000BVB8Q0,-0.0061150533,-0.0041030087,1045202
20131119,11:15:00.000,BBG000TJM7F0,-0.0011731539,-0.004520242,226384
20131119,11:15:00.000,BBG000BHQYG9,0.0018962739,0.0042027086,216066
20131119,11:15:00.000,BBG000BDDN94,0.01014212,0.00513755,82758
20131119,11:15:00.000,BBG000BWP7D9,0.00095648813,-0.0031883977,382363
20131119,11:15:00.000,BBG000F9KJN4,-0.015901461,-0.017524678,1058415
20131119,11:15:00.000,BBG000BWVSR1,-0.0062405597,-0.00637406,858088
20131119,11:15:00.000,BBG000BHCP19,-0.0057080016,-0.011512981,516631
20131119,11:15:00.000,BBG000BFDLV8,-0.010712027,-0.008915203,190336
20131119,11:15:00.000,BBG000BX8DC4,-0.0040499056,-0.0024205418,717131
20131119,11:15:00.000,BBG000CPHYL4,-0.007494008,-0.01417531,382137
20131119,11:15:00.000,BBG000BCNYT9,0.009470254,0.004674404,1589936
20131119,11:15:00.000,BBG000VC0T95,0.014537445,0.010385474,276805
20131119,11:15:00.000,BBG000PCQQL6,0.010386055,0.005367658,405490
20131119,11:15:00.000,BBG000BQ74K1,0.0005337825,0.0042981696,354728
20131119,11:15:00.000,BBG000BJDPC2,0.013707017,0.01798572,379280
20131119,11:15:00.000,BBG000GPXKX9,-0.0014228371,-0.0016948681,178910
20131119,11:15:00.000,BBG000BJ49H3,-0.0054294136,-0.009485719,158151
20131119,11:15:00.000,BBG000PLXQQ3,-0.0048230835,-0.005716362,166525
20131119,11:15:00.000,BBG000BQHGR6,-0.002978744,-0.005731476,251465
20131119,11:15:00.000,BBG000KLB4Q1,0.008294634,0.004734361,748913
20131119,11:15:00.000,BBG000C3Y7J6,0.0031294678,0.00087872037,184147
20131119,11:15:00.000,BBG000FFH4P5,0.0047792294,0.0005663684,137865
20131119,11:15:00.000,BBG000JBSJZ4,-0.0016864217,-0.0035913235,404651
20131119,11:15:00.000,BBG000F86GP6,0.005544599,0.0069373026,259574
20131119,11:15:00.000,BBG000BQTMJ9,0.008610023,0.010280805,1017510
20131119,11:15:00.000,BBG000RNTSX0,-0.0038321584,-0.0015771154,69013
20131119,11:15:00.000,BBG000GZD660,0.0037797494,0.0037868887,122242
20131119,11:15:00.000,BBG000D9DMK0,-0.0010001005,-0.005538366,143544
20131119,11:15:00.000,BBG003P9ZSL3,-0.0141688045,-0.009288759,97119
20131119,11:15:00.000,BBG000C37332,0.0044329306,0.0011678763,89526
20131119,11:15:00.000,BBG000C1DHF5,0.0022086562,-4.734671e-08,473838
20131119,11:15:00.000,BBG000FW8LZ9,0.0057325554,0.00991924,575357
20131119,11:15:00.000,BBG000BCVMH9,-0.00069141056,-0.008143296,79070
20131119,11:15:00.000,BBG000BKQ3V3,0.005679693,0.0013072905,500296
20131119,11:15:00.000,BBG000CXD6X9,0.008454697,0.0030656834,287194
20131119,11:15:00.000,BBG000BCYP43,0.0059547806,0.009274803,89228
20131119,11:15:00.000,BBG000PM7GJ0,-0.0027881344,-0.003945,4052972
20131119,11:15:00.000,BBG000C75N77,0.0010772696,0.0017865751,165773
20131119,11:15:00.000,BBG000G8N9C6,-0.0035855763,0.00032051868,737575
20131119,11:15:00.000,BBG000C90DH9,0.010149271,0.009381295,1120140
20131119,11:15:00.000,BBG000C6F3T8,0.0033671444,-0.0011876432,1760881
20131119,11:15:00.000,BBG000BFV115,0.00046778706,0.006362373,340686
20131119,11:15:00.000,BBG000C7B436,0.0038637226,-0.0044424552,245793
20131119,11:15:00.000,BBG000BLCPY4,-0.008920464,-0.010786031,454001
20131119,11:15:00.000,BBG000BD3LM4,-0.0009441411,-0.0061668796,1284846
20131119,11:15:00.000,BBG000BDY3Y7,-0.030341668,-0.034729205,1566814
20131119,11:15:00.000,BBG000BMZ7P7,-0.0043400344,-0.014467298,167246
20131119,11:15:00.000,BBG000BBNYF6,-0.008817563,-0.009781851,341482
20131119,11:15:00.000,BBG000BK6G19,0.0070602563,0.010620074,611261
20131119,11:15:00.000,BBG000BB29X4,-0.0012961072,-0.005692484,180336
20131119,11:15:00.000,BBG000BB03M1,0.00494746,-0.011882458,490640
20131119,11:15:00.000,BBG000BGD7W6,-0.0020826207,-0.0076889163,529955
20131119,11:15:00.000,BBG000C3NTN5,0.013130392,0.013522851,935565
20131119,11:15:00.000,BBG000BHB3M6,-0.004724575,-0.00856245,142059
20131119,11:15:00.000,BBG000BBCQD7,-0.006125299,-0.002300451,620375
20131119,11:15:00.000,BBG000D14WM3,-0.004141229,0.00086458074,2786274
20131119,11:15:00.000,BBG000CVWGS6,-0.010534248,-0.013124135,2493966
20131119,11:15:00.000,BBG000BQSQ38,0.0046779094,0.0055252137,551965
20131119,11:15:00.000,BBG000BPQVR5,-0.0061548785,-0.004107182,171371
20131119,11:15:00.000,BBG000BCZYD3,-0.0026530547,-0.00060103205,163937
20131119,11:15:00.000,BBG000FDBX90,-0.0031859272,-0.007628991,441203
20131119,11:15:00.000,BBG000BQVTF5,0.00064762885,-0.004522385,277967
20131119,11:15:00.000,BBG001BPFT54,-0.031258248,-0.03368454,2907947
20131119,11:15:00.000,BBG000BHC2S1,0.000933694,0.004228611,446645
20131119,11:15:00.000,BBG000DN7P92,0.0051413015,0.0070064696,310189
20131119,11:15:00.000,BBG000C060M4,-0.0074760993,-0.0040031653,109280
20131119,11:15:00.000,BBG000BHKYH4,-0.00506363,-0.0021475188,156869
20131119,11:15:00.000,BBG000F6ZWH2,0.013091285,0.014813754,1883523
20131119,11:15:00.000,BBG000BFTJ91,-0.0004389866,-0.0029138417,225361
20131119,11:15:00.000,BBG000BD0TF8,0.00074308604,0.002414813,371852
20131119,11:15:00.000,BBG000BP1Q11,0.0105579775,0.010980187,234285
20131119,11:15:00.000,BBG000D5S4M0,0.0044366233,0.0031861118,84180
20131119,11:15:00.000,BBG000MQ1SN9,-0.006726734,-0.013496503,574533
20131119,11:15:00.000,BBG000BKZTP3,0.001911867,-0.00037576706,258677
20131119,11:15:00.000,BBG000C0HQ54,-0.003471521,-0.0024837467,1059324
20131119,11:15:00.000,BBG000BP1152,0.013901025,0.012018383,572694
20131119,11:15:00.000,BBG000BN9WT5,-0.002488387,-0.008558257,522375
20131119,11:15:00.000,BBG000BBLK04,0.0017001834,0.0022016126,100840
20131119,11:15:00.000,BBG000NSQ9M0,0.0033442697,0.004363674,1975124
20131119,11:15:00.000,BBG000BRXP69,-0.004312327,-0.0014066624,127234
20131119,11:15:00.000,BBG000BGYWY6,-0.0012602228,0.0019674706,74713
20131119,11:15:00.000,BBG000BJ8YN7,0.0012551127,0.0025587934,457730
20131119,11:15:00.000,BBG000BFVXX0,-0.0020441313,-0.005062818,520192
20131119,11:15:00.000,BBG000BLM0V1,-0.002588045,-0.0037190474,118574
20131119,11:15:00.000,BBG000BBCDZ2,0.0029332936,0.0030508842,120487
20131119,11:15:00.000,BBG000KBQZ88,-0.0027499122,-0.0062534236,378716
20131119,11:15:00.000,BBG000BWXL85,0.004418731,0.00085955113,481032
20131119,11:15:00.000,BBG000BKXYX5,-0.005002377,-0.003877414,241317
20131119,11:15:00.000,BBG000D1QCF1,0.008928929,0.0015430811,376710
20131119,11:15:00.000,BBG000CKVSG8,-0.00299825,-0.0037600866,556522
20131119,11:15:00.000,BBG000BPYHJ6,0.026307682,0.026399558,485272
20131119,11:15:00.000,BBG000BKWSR6,-0.00075473124,-2.5871915e-07,4877715
20131119,11:15:00.000,BBG000BMTFR4,0.00012349719,-0.0020668602,514735
20131119,11:15:00.000,BBG000C1FQS9,-0.0001429259,-0.0058207535,185495
20131119,11:15:00.000,BBG000BR37X2,0.0036635275,0.00146714,765806
20131119,11:15:00.000,BBG000BB6G37,-0.0014444728,-0.0073782485,342503
20131119,11:15:00.000,BBG000CHPY97,0.008932185,0.012270076,3018200
20131119,11:15:00.000,BBG000BPXRB3,-0.013648254,-0.013948789,345082
20131119,11:15:00.000,BBG000BF5RY1,-0.0029988503,-0.0054856744,365567
20131119,11:15:00.000,BBG000BNNKG9,0.014224236,0.015366137,771046
20131119,11:15:00.000,BBG001NVJ6W4,-0.019454762,-0.022170443,584692
20131119,11:15:00.000,BBG0035LY913,0.0027718688,0.0057389783,565105
20131119,11:15:00.000,BBG000BMLWX8,0.0014490783,0.0047981385,696657
20131119,11:15:00.000,BBG000BPNP00,0.0026374054,-0.0037957274,630373
20131119,11:15:00.000,BBG000DSMS70,0.00010130916,0.00021685967,355104
20131119,11:15:00.000,BBG000D13GN8,-0.02610243,-0.025899554,778757
20131119,11:15:00.000,BBG000BSC0K9,-0.00405933,0.0003355983,271300
20131119,11:15:00.000,BBG000MDCQC2,0.004556267,0.0005057316,354954
20131119,11:15:00.000,BBG000BMKDM3,-0.00325659,-0.0077768457,346504
20131119,11:15:00.000,BBG000BF1R66,0.0027506896,0.0006338052,106508
20131119,11:15:00.000,BBG000BJQWD2,0.0012356485,0.0014210623,292764
20131119,11:15:00.000,BBG000C2ZCH8,0.0012809391,-0.0032425143,193916
20131119,11:15:00.000,BBG000BP8Z50,-0.0043423115,-0.0044330372,318814
20131119,11:15:00.000,BBG000FBK808,-0.0068788645,-0.0040338147,1886579
20131119,11:15:00.000,BBG000BXMFC3,0.0059614177,0.005765551,414960
20131119,11:15:00.000,BBG000BFNR17,0.0018141876,0.001953214,150652
20131119,11:15:00.000,BBG000RGM5P1,-0.0039203013,-0.007905746,625520
20131119,11:15:00.000,BBG000BKR1D6,-0.0006283093,0.0032355296,113172
20131119,11:15:00.000,BBG000D7RKJ5,-0.00019167126,-0.004395929,262907
20131119,11:15:00.000,BBG000G6BN50,-0.003906805,-0.0034058192,143979
20131119,11:15:00.000,BBG000J1QLT0,0.00029941142,-0.0016610605,194812
20131119,11:15:00.000,BBG000BNFLM9,-0.0026951877,-0.004753958,499570
20131119,11:15:00.000,BBG000BTCH57,-0.010382956,-0.01797764,1036040
20131119,11:15:00.000,BBG000FLZN98,-0.0013314903,0.0053925714,162293
20131119,11:15:00.000,BBG000C4DPX1,0.0023505578,-0.004319787,205597
20131119,11:15:00.000,BBG000BQ8KV2,0.005463693,0.008392316,307466
20131119,11:15:00.000,BBG000BPMH90,-0.0024206168,0.0004761434,341208
20131119,11:15:00.000,BBG000K14Q84,0.002517888,-0.0058553815,196678
20131119,11:15:00.000,BBG000BC9938,0.003401453,0.00038314232,343302
20131119,11:15:00.000,BBG000QFJ7H3,0.009808597,0.01293324,1147583
20131119,11:15:00.000,BBG000BTQR96,0.0016749884,-0.004048965,265488
20131119,11:15:00.000,BBG000CHWP52,0.002094855,0.0012881658,296072
20131119,11:15:00.000,BBG000D8RG11,-0.0043702056,-0.007742249,686879
20131119,11:15:00.000,BBG000BS9489,0.0026771456,0.0015013311,241427
20131119,11:15:00.000,BBG000CKJ0P3,-0.0047283443,1.2011869e-08,180814
20131119,11:15:00.000,BBG000BWCKB6,0.003472452,0.0015145096,97069
20131119,11:15:00.000,BBG000BVWLJ6,0.0010846714,0.00079806644,785859
20131119,11:15:00.000,BBG000BXM6V2,-0.009461462,-0.010368913,291055
20131119,11:15:00.000,BBG000D9KWL9,-0.0007427899,-0.002022123,101934
20131119,11:15:00.000,BBG000BKNX95,0.0036914211,-0.00046586044,643453
20131119,11:15:00.000,BBG000J5Q6L2,0.023823682,0.02550834,2812688
20131119,11:15:00.000,BBG000QN4GY3,-0.0041475175,-0.0041705067,402629
20131119,11:15:00.000,BBG000BCTQ65,0.0004368118,-0.0045421827,927847
20131119,11:15:00.000,BBG000BNNYW1,-0.0011446933,-0.0036910945,392841
20131119,11:15:00.000,BBG003641015,-0.0011543855,0.0011684888,319156
20131119,11:15:00.000,BBG000D6L294,-0.01578656,-0.010560507,609545
20131119,11:15:00.000,BBG000BSBZH7,0.004000227,0.0076042064,334239
20131119,11:15:00.000,BBG000BNC3Y9,-0.0044138846,-0.001494317,524378
20131119,11:15:00.000,BBG000F15NW9,0.0027776004,0.005457477,507601
20131119,11:15:00.000,BBG000R0L5J4,-0.004580806,-0.006045532,1102083
20131119,11:15:00.000,BBG000BVMPN3,-0.002845794,0.0014379675,179946
20131119,11:15:00.000,BBG000BB5BF6,-0.017454669,-0.014264067,798962
20131119,11:15:00.000,BBG000BR3KL6,-0.00508276,-0.008338313,223533
20131119,11:15:00.000,BBG000BNGTQ7,-0.0076039513,-0.0052112825,586789
20131119,11:15:00.000,BBG000BHZ5J9,0.0016641212,0.00392589,379455
20131119,11:15:00.000,BBG000BN84F3,-0.0009222162,-0.005819378,396426
20131119,11:15:00.000,BBG000BBJQV0,-0.0021076794,-0.0060568247,1307162
20131119,11:15:00.000,BBG000BB1TH9,0.00089265144,-0.008904306,320622
20131119,11:15:00.000,BBG000BFS7D3,-0.0041211476,-0.003671374,251093
20131119,11:15:00.000,BBG000BR14K5,0.0030934839,0.000558877,238465
20131119,11:15:00.000,BBG000BPVCR1,0.018090555,0.020414388,689258
20131119,11:15:00.000,BBG000BKLH74,-0.005148272,-0.0039334334,1279929
20131119,11:15:00.000,BBG002S5ZRF9,-0.018606802,-0.021915454,942970
20131119,11:15:00.000,BBG000BKPL53,0.00069931446,0.0048003863,208478
20131119,11:15:00.000,BBG000DY8ZS4,-0.009008705,-0.0143758105,2423886
20131119,11:15:00.000,BBG000DNTSP4,0.0013617789,0.00029325232,650217
20131119,11:15:00.000,BBG000BM6788,-0.0042514824,-0.006289019,777696
20131119,11:15:00.000,BBG000G3QLY3,0.00021633346,0.0027075333,231494
20131119,11:15:00.000,BBG000BLKK03,0.0022527806,0.005069569,607837
20131119,11:15:00.000,BBG000BP0KQ8,-0.015853789,-0.019490164,1485043
20131119,11:15:00.000,BBG000C7LMS8,0.007170057,0.010476416,37394
20131119,11:15:00.000,BBG000JBN3X6,-0.005259894,0.0077855648,3942464
20131119,11:15:00.000,BBG000QW7VC1,-0.009907307,-0.016924553,1260307
20131119,11:15:00.000,BBG000C2YHG9,-0.015548084,-0.017202215,557175
20131119,11:15:00.000,BBG000BVHBM1,0.002517056,0.0042147995,603310
20131119,11:15:00.000,BBG000FKJRC5,5.203459e-05,-0.0006863676,220756
20131119,11:15:00.000,BBG000BP4MH0,-0.0021580053,-0.0025385777,642305
20131119,11:15:00.000,BBG000BSXQV7,1.209091e-05,0.0025565503,89372
20131119,11:15:00.000,BBG000BY33P5,-0.013212515,-0.015820304,7217513
20131119,11:15:00.000,BBG000BNJHS8,-0.0031995445,0.009925946,2824129
20131119,11:15:00.000,BBG000BB5373,0.005598806,-0.0017931524,1458055
20131119,11:15:00.000,BBG000CSY9H9,0.001275328,0.004211175,332804
20131119,11:15:00.000,BBG000BQWPC5,0.0045033945,0.00024445375,657298
20131119,11:15:00.000,BBG000BQZMH4,-0.0028558327,-0.0064435746,851453
20131119,11:15:00.000,BBG000BC4JJ4,0.0065551354,0.0051385663,219499
20131119,11:15:00.000,BBG001QD41M9,-0.0033217657,-0.0054616416,562183
20131119,11:15:00.000,BBG000BHLYS1,-0.0062328987,-0.009446469,423877
20131119,11:15:00.000,BBG000HG21Y3,0.02388024,0.022342853,262327
20131119,11:15:00.000,BBG000BHLYP4,0.010126689,0.016047057,612529
20131119,11:15:00.000,BBG000DLFM21,-0.00043097083,-0.002059975,131717
20131119,11:15:00.000,BBG000H9G7X2,0.0035491167,0.0066003785,609396
20131119,11:15:00.000,BBG000BRRG02,0.0012505453,0.0005681506,80840
20131119,11:15:00.000,BBG000BBMSJ6,-0.03217154,-0.040338896,3636313
20131119,11:15:00.000,BBG000MM5VL9,-0.017394487,-0.018374039,424718
20131119,11:15:00.000,BBG000C2V3D6,-0.004179345,-0.002405036,738006
20131119,11:15:00.000,BBG000G30YX4,-0.01073518,-0.010416003,169204
20131119,11:15:00.000,BBG000JN8R00,0.011527388,0.015408087,2243203
20131119,11:15:00.000,BBG000C2PW58,0.00018590645,0.0014803419,109075
20131119,11:15:00.000,BBG000CGQ6M4,0.0023485855,0.0017024267,167236
20131119,11:15:00.000,BBG000BCBCM7,0.0071529043,0.0012914083,4265724
20131119,11:15:00.000,BBG000C3HSR0,0.0036877254,0.0064051677,541141
20131119,11:15:00.000,BBG000BG09F5,-0.0019311212,0.0031061848,639947
20131119,11:15:00.000,BBG000BDXGP9,0.0020340662,-0.0018408153,761558
20131119,11:15:00.000,BBG000BTVJ25,-0.00021066747,3.9453283e-08,780036
20131119,11:15:00.000,BBG000BTKGG8,0.0018450868,0.001112336,823685
20131119,11:15:00.000,BBG000BLW530,-0.010454925,-0.01162404,681549
20131119,11:15:00.000,BBG000BY2Y78,-0.0010662389,0.0014826752,1006537
20131119,11:15:00.000,BBG000BJ2VQ6,0.0025765195,-0.00081760995,276811
20131119,11:15:00.000,BBG0039320N9,-0.0057398807,-0.0063262032,1131013
20131119,11:15:00.000,BBG000BRJ809,9.711691e-05,0.003357934,63280
20131119,11:15:00.000,BBG000TWC2V5,0.0021691646,-0.0018742982,506235
20131119,11:15:00.000,BBG0019JZ882,-0.006924707,-0.008140357,1602580
20131119,11:15:00.000,BBG000BF6LY3,-0.0078065903,-0.012333235,1263068
20131119,11:15:00.000,BBG000BYYLS8,0.00082965253,0.0011818436,924430
20131119,11:15:00.000,BBG000BRWGG9,-0.0025517857,-3.74885e-08,3654682
20131119,11:15:00.000,BBG000FW00S1,0.011341146,0.00774613,2008353
20131119,11:15:00.000,BBG000BK67C7,0.005416248,0.0040873485,597193
20131119,11:15:00.000,BBG000FVXD63,0.010664679,0.014162386,419063
20131119,11:15:00.000,BBG000D2M0Z7,-0.009107171,-0.008900348,280739
20131119,11:15:00.000,BBG000BLBXT4,0.0037569206,-0.0012052946,271696
20131119,11:15:00.000,BBG000CS7CT9,0.003455366,0.008194669,858989
20131119,11:15:00.000,BBG000BFMBQ6,0.003656468,0.005647038,392080
20131119,11:15:00.000,BBG000BBBNC6,-0.010424561,-0.006353495,443533
20131119,11:15:00.000,BBG000G0Z878,-0.005936616,-0.004562927,1419520
20131119,11:15:00.000,BBG000CR90K4,-0.0023326194,-0.0048664236,6658677
20131119,11:15:00.000,BBG000BQ2C28,-0.0031984542,-0.0016277286,304122
20131119,11:15:00.000,BBG000BMBL90,-0.0005693669,-0.001132557,457692
20131119,11:15:00.000,BBG000BX5ZF5,0.013263493,0.009020517,3505749
20131119,11:15:00.000,BBG000BPT0C6,0.0023965966,0.003689022,869697
20131119,11:15:00.000,BBG000BMY992,0.012515546,0.013534744,1324358
20131119,11:15:00.000,BBG000BL9JQ1,-0.0029470955,-0.0033229948,923370
20131119,11:15:00.000,BBG000JG0547,0.026096692,0.028242478,2717572
20131119,11:15:00.000,BBG000BM7HL0,-0.0057392623,-0.009463302,1026755
20131119,11:15:00.000,BBG000BRK7L6,-0.00064917497,0.00028087225,1441122
20131119,11:15:00.000,BBG000BMQPL1,0.0022329888,0.003121477,4207513
20131119,11:15:00.000,BBG000C1FB75,,,445451
20131119,11:15:00.000,BBG000CZWZ05,-0.0003493933,-0.0013707952,0
20131119,11:15:00.000,BBG000R7RDB4,0.002132239,0.004855894,390151
20131119,11:15:00.000,BBG000DTMH63,,,1066086
20131119,11:15:00.000,BBG000BTR593,0.009609622,0.012945819,860367
20131119,11:15:00.000,BBG000BB6M98,-0.0057475367,-0.0127099175,1932847
20131119,11:15:00.000,BBG000C2BXK4,-0.012590832,-0.016107565,3155932
20131119,11:15:00.000,BBG000PVRDL2,-0.00022363871,0.0023173953,1132758
20131119,11:15:00.000,BBG000BVMGF2,-0.0022689376,-0.0025807342,366236
20131119,11:15:00.000,BBG000BCGY17,0.0017760666,-0.0030188537,553070
20131119,11:15:00.000,BBG000CNFQW6,-0.0020139,-0.00052496156,270554
20131119,11:15:00.000,BBG000BSD7C2,-0.002591111,-0.002451406,360263
20131119,11:15:00.000,BBG000FQ6PY6,-0.0015361835,-0.004374586,738889
20131119,11:15:00.000,BBG000BC15S7,-0.002663436,-0.00455756,693550
20131119,11:15:00.000,BBG000BVDLH9,-0.0032388933,-0.0019845641,230198
20131119,11:15:00.000,BBG000GC80B4,-0.0016649484,0.0010522839,474204
20131119,11:15:00.000,BBG000C0F570,-0.0067234845,-0.012793648,1474903
20131119,11:15:00.000,BBG000D898T9,0.0027464884,0.003320954,466807
20131119,11:15:00.000,BBG000BG14P4,0.00195925,-0.00442375,680882
20131119,11:15:00.000,BBG000DQTXY6,0.00011828116,0.0020717436,1541058
20131119,11:15:00.000,BBG000C1S2X2,0.0125935245,0.009318234,570778
20131119,11:15:00.000,BBG000BWSV34,-0.0065847426,-0.004616069,403779
20131119,11:15:00.000,BBG000H0QBS7,-0.004055862,-0.007261658,202134
20131119,11:15:00.000,BBG000BWNFZ9,0.003303577,0.00026908243,441817
20131119,11:15:00.000,BBG000BS0ZF1,-0.0017202129,2.8982555e-05,93706
20131119,11:15:00.000,BBG000CPQZ77,-0.004406614,-0.005438038,1118648
20131119,11:15:00.000,BBG001M8HHB7,0.016150545,0.0073751933,397108
20131119,11:15:00.000,BBG000BH5DV1,0.00041393435,-0.00068130926,421350
20131119,11:15:00.000,BBG000NV1KK7,0.0022478504,0.008238775,891416
20131119,11:15:00.000,BBG000DKCC19,0.033179127,0.031276133,2191585
20131119,11:15:00.000,BBG000CXYSZ6,-0.0161796,-0.01876263,503116
20131119,11:15:00.000,BBG000BGLRN3,-0.0029206092,-0.0021743553,1117582
20131119,11:15:00.000,BBG000QRKJ70,-0.031587727,-0.044166923,9460445
20131119,11:15:00.000,BBG000BQ5DS5,-0.0001223275,-0.0070504504,229384
20131119,11:15:00.000,BBG000BV7LP7,0.006261857,0.007868004,1040770
20131119,11:15:00.000,BBG000BH5LT6,-0.0048304186,-0.0057198936,1159971
20131119,11:15:00.000,BBG000R8ZVD1,0.0065624933,0.0035139015,639301
20131119,11:15:00.000,BBG000BRJL00,-0.0027280438,-0.008415614,683442
20131119,11:15:00.000,BBG000BB6WG8,0.008363273,0.0048862193,1491427
20131119,11:15:00.000,BBG000BJL3N0,0.0010451571,0.0009997986,1728054
20131119,11:15:00.000,BBG000QY3XZ2,0.00047151663,-0.007223873,519665
20131119,11:15:00.000,BBG000LD9JQ8,-0.007588562,-0.013171095,324453
20131119,11:15:00.000,BBG000Q3JN03,-0.0022293231,-0.0020685364,4827072
20131119,11:15:00.000,BBG000BH3JF8,-0.0025371988,-0.0014756465,515760
20131119,11:15:00.000,BBG000BR54L0,0.005783848,0.0054719755,2231355
20131119,11:15:00.000,BBG000PX3XC0,-0.010093506,-0.006174295,1318797
20131119,11:15:00.000,BBG001YMS0B8,0.0018331277,-0.0013220046,783075
20131119,11:15:00.000,BBG000BD8PN9,0.0006183176,0.003621761,1246739
20131119,11:15:00.000,BBG000BRD0D8,0.005058693,0.0034517976,375076
20131119,11:15:00.000,BBG000BMDV41,-0.0031203274,-0.006901422,1162426
20131119,11:15:00.000,BBG000BGVW60,0.0042524873,0.0005159452,1035719
20131119,11:15:00.000,BBG000BKCFC2,-0.0113519365,-0.014522479,1525451
20131119,11:15:00.000,BBG000BB9KF2,0.0017932592,-0.0035191365,1083522
20131119,11:15:00.000,BBG000C0MF34,-0.0014656514,-0.001309029,160844
20131119,11:15:00.000,BBG000BZ2GG4,0.0007214611,-0.0043518813,672782
20131119,11:15:00.000,BBG000C0LW92,0.026274681,0.03023749,4681748
20131119,11:15:00.000,BBG000BMW2Z0,-0.003138888,-0.0026390008,692321
20131119,11:15:00.000,BBG000F0KF42,-0.00385259,-0.0065973727,781364
20131119,11:15:00.000,BBG000BX3TD3,-0.011382015,-0.002543919,1933236
20131119,11:15:00.000,BBG000QX74T1,0.0045540407,0.0039547533,120246
20131119,11:15:00.000,BBG000BWJFZ4,-0.0048097624,-0.003004355,146507
20131119,11:15:00.000,BBG000BKFBD7,-0.0033760676,0.00056351954,592232
20131119,11:15:00.000,BBG000JWD753,0.0027725182,-0.002543148,1190193
20131119,11:15:00.000,BBG000M65M61,0.03847972,0.04658522,4408417
20131119,11:15:00.000,BBG000MBDGM6,-0.0013620077,-0.0017049583,133551
20131119,11:15:00.000,BBG000BBVJZ8,0.0048293862,0.00852773,740471
20131119,11:15:00.000,BBG000BV8DN6,0.010086996,0.014078799,1263279
20131119,11:15:00.000,BBG000BH2JM1,0.0072926106,0.0046498813,2357343
20131119,11:15:00.000,BBG000BGJRC8,-0.0051943585,-0.012116768,1847199
20131119,11:15:00.000,BBG000QBR5J5,0.0009532211,0.004042834,691532
20131119,11:15:00.000,BBG000BSLZY7,0.001420216,0.005322608,1933232
20131119,11:15:00.000,BBG000BJSBJ0,-0.009164548,-0.015106425,1854306
20131119,11:15:00.000,BBG000BJ81C1,0.00062808476,0.0006802671,319822
20131119,11:15:00.000,BBG000BFL116,-0.018728172,-0.023224343,1529295
20131119,11:15:00.000,BBG000HCJMF9,-0.00040290414,0.0040041762,610922
20131119,11:15:00.000,BBG000FV1Z23,0.002731309,-0.008388198,316259
20131119,11:15:00.000,BBG000BBDV81,-9.1696675e-05,0.0014968736,550793
20131119,11:15:00.000,BBG000FJLFX8,-0.0037476844,-0.0007723092,904127
20131119,11:15:00.000,BBG000J6XT05,-0.007479937,-0.013193317,2052861
20131119,11:15:00.000,BBG000BCWCG1,-0.082646474,-0.08150608,14774353
20131119,11:15:00.000,BBG000BJPDZ1,0.001982539,0.006117494,41148
20131119,11:15:00.000,BBG000BPQD31,0.0049687456,0.007175872,809311
20131119,11:15:00.000,BBG000C734W3,-0.0019558994,-0.0023876855,208512
20131119,11:15:00.000,BBG000C3GN47,0.0054672197,0.0091256425,1088477
20131119,11:15:00.000,BBG000BFRF55,0.011684006,0.013451384,2634754
20131119,11:15:00.000,BBG000BGPTV6,-0.00081247056,-0.007918739,275288
20131119,11:15:00.000,BBG000BM5SR2,0.0036962177,0.0055202562,1218531
20131119,11:15:00.000,BBG000BN5HF7,-3.2160937e-05,0.00043466125,991195
20131119,11:15:00.000,BBG000BBD070,0.00037486735,-0.0004880433,586439
20131119,11:15:00.000,BBG000BVPPM1,0.015212322,0.016340094,1584013
20131119,11:15:00.000,BBG000DYGNW7,0.0031394302,0.0042818505,297181
20131119,11:15:00.000,BBG000BCG930,0.009937824,0.013548368,970133
20131119,11:15:00.000,BBG000BHGDH5,-0.0027088143,-0.008246439,692027
20131119,11:15:00.000,BBG000BJ3PD2,0.0012151849,-0.0024280262,471025
20131119,11:15:00.000,BBG000BFQYY3,0.0008625837,4.3886368e-07,571480
20131119,11:15:00.000,BBG000BY29C7,0.00039562778,-0.0014800264,695176
20131119,11:15:00.000,BBG000C1BW00,0.0056365994,0.0046051904,207452
20131119,11:15:00.000,BBG000BD4VG8,0.003835279,-0.0012210071,982883
20131119,11:15:00.000,BBG000BHQ1H0,0.0046288907,0.0055141686,727623
20131119,11:15:00.000,BBG000BB5006,0.0012241764,-0.0030033323,717317
20131119,11:15:00.000,BBG000BKFZM4,0.008776979,0.008936697,2768840
20131119,11:15:00.000,BBG000BWVCP8,-0.0010009396,-0.003117375,1389997
20131119,11:15:00.000,BBG000FH8PX5,-0.008748353,-0.006381639,358488
20131119,11:15:00.000,BBG000BHX7N2,0.0006561708,-0.00088754477,383559
20131119,11:15:00.000,BBG000WCFV84,-0.001300671,-0.0004462325,790174
20131119,11:15:00.000,BBG000BBPFB9,0.006768227,0.006532205,3505123
20131119,11:15:00.000,BBG000FL1TC8,0.004965382,0.003689628,1123453
20131119,11:15:00.000,BBG000F6H8W8,0.00067250634,0.0018245801,326692
20131119,11:15:00.000,BBG000BGKTF9,-0.0044358554,-0.00057621626,911271
20131119,11:15:00.000,BBG000C8H633,0.009280011,0.013418452,1935010
20131119,11:15:00.000,BBG000H89QJ6,0.006390275,0.005019168,709724
20131119,11:15:00.000,BBG0014GG205,-0.0035603258,-0.00050482136,2925484
20131119,11:15:00.000,BBG000BFXHL6,-0.00845033,-0.008157182,773744
20131119,11:15:00.000,BBG000BH3GZ2,0.0026011912,0.000817055,878634
20131119,11:15:00.000,BBG000BT9DW0,0.0038464076,-0.0009442865,2260866
20131119,11:15:00.000,BBG000FP1N32,0.007953366,0.007147606,851226
20131119,11:15:00.000,BBG000FNRZ69,0.0009449936,-0.0055473233,1595107
20131119,11:15:00.000,BBG000D42FJ0,-0.013950662,-0.016015183,3492079
20131119,11:15:00.000,BBG00286S4N9,0.012869868,0.014949974,817138
20131119,11:15:00.000,BBG0025Y4RY4,-0.0042742942,-0.0061380463,659993
20131119,11:15:00.000,BBG000BFDXW1,-0.0048567094,-0.011643691,2505588
20131119,11:15:00.000,BBG0029SNR63,0.001901524,0.0012351199,847763
20131119,11:15:00.000,BBG000G2R6M0,0.006163509,0.008275946,2006268
20131119,11:15:00.000,BBG000BCVJ77,-0.001320057,0.0016710379,1157624
20131119,11:15:00.000,BBG000BL4504,-0.0028797733,-0.0023598354,4524893
20131119,11:15:00.000,BBG000BC2C10,0.0014750754,0.0055976957,915558
20131119,11:15:00.000,BBG000B9WH86,0.026455823,0.033538066,10789985
20131119,11:15:00.000,BBG000BJX8C8,0.0027994358,-0.00012018346,1241744
20131119,11:15:00.000,BBG000H556T9,-0.0020216834,-0.0027197853,342618
20131119,11:15:00.000,BBG000C496P7,-0.0057409317,-0.007212826,895462
20131119,11:15:00.000,BBG000FG3C43,-0.007725958,-0.010550268,993447
20131119,11:15:00.000,BBG000BNWG87,-0.005832543,-0.0027448288,1792171
20131119,11:15:00.000,BBG000BNBDC2,-0.0025281245,-0.0017636527,1038679
20131119,11:15:00.000,BBG000BJ98Z0,-0.010463274,-0.0156110795,882284
20131119,11:15:00.000,BBG000Q2HM09,0.019528529,0.021882556,1505294
20131119,11:15:00.000,BBG000D9D830,0.0027376444,0.0032468874,690147
20131119,11:15:00.000,BBG000CJZ2W6,-0.011023512,-0.008167295,1268230
20131119,11:15:00.000,BBG000BH13K9,-0.0048618577,-0.0029174357,986522
20131119,11:15:00.000,BBG000C46HM9,-0.0058355373,0.000197863,1197684
20131119,11:15:00.000,BBG000BWXBC2,1.9107829e-05,-0.0030304596,1456829
20131119,11:15:00.000,BBG000BN2DC2,-0.020862425,-0.025227495,7827789
20131119,11:15:00.000,BBG000BTZQC4,0.006357955,0.005852653,2055099
20131119,11:15:00.000,BBG001DCCGR8,0.018509315,0.019636994,1619332
20131119,11:15:00.000,BBG000BB6KF5,-0.004346346,-0.0013411934,2243613
20131119,11:15:00.000,BBG000DHSPT0,0.003591924,0.0037706182,978165
20131119,11:15:00.000,BBG000F0PF65,-0.00059881277,0.0005233053,982846
20131119,11:15:00.000,BBG000BH1NH9,-0.010818764,-0.013627574,1965584
20131119,11:15:00.000,BBG000BVV7G1,0.0008070951,-0.0037698445,1183097
20131119,11:15:00.000,BBG000BPWXK1,0.00019140776,0.0029600747,1730240
20131119,11:15:00.000,BBG000BJF1Z8,-0.005796436,-0.010573757,786028
20131119,11:15:00.000,BBG000BXRPH1,-0.0138895,-0.009971487,1115443
20131119,11:15:00.000,BBG000BC40Y8,0.006611881,0.009459787,701451
20131119,11:15:00.000,BBG000BBGGQ1,0.0015392344,0.0023299172,2267137
20131119,11:15:00.000,BBG000C17X76,0.017904472,0.018277572,393452
20131119,11:15:00.000,BBG000BP6LJ8,-0.003977225,-0.0068360767,1899856
20131119,11:15:00.000,BBG000B9ZXB4,0.009221217,0.011068379,2388393
20131119,11:15:00.000,BBG000BMF5J0,0.009737494,0.013785628,9677936
20131119,11:15:00.000,BBG000C5HS04,-0.004215674,-0.005917069,921342
20131119,11:15:00.000,BBG000BLZRJ2,0.0048788167,0.009892674,3497774
20131119,11:15:00.000,BBG000L9CV04,0.0017334925,-0.003652415,777340
20131119,11:15:00.000,BBG000BWLMJ4,-0.01633109,-0.013973393,1643668
20131119,11:15:00.000,BBG000D4LWF6,0.0027440623,-0.0017668966,1662632
20131119,11:15:00.000,BBG000BCQZS4,-0.0008896158,0.0033399127,724318
20131119,11:15:00.000,BBG000H8TVT2,-0.0016756136,0.0033099493,785576
20131119,11:15:00.000,BBG000FFDM15,0.005575651,0.0070452434,2065689
20131119,11:15:00.000,BBG000BFWKC0,-0.01151269,-0.0100193,936259
20131119,11:15:00.000,BBG000BP52R2,0.0013251812,0.0021901804,612502
20131119,11:15:00.000,BBG000C15T95,0.0033701046,-0.0007688404,1242190
20131119,11:15:00.000,BBG000BZ9223,-0.0064408416,-0.0022839971,448565
20131119,11:15:00.000,BBG000BHBK84,-0.0008374108,-0.0025089758,1512840
20131119,11:15:00.000,BBG000CTQBF3,0.00048061745,-0.00055869785,1148616
20131119,11:15:00.000,BBG000BW8S60,0.0022310847,-9.687263e-08,426787
20131119,11:15:00.000,BBG000BB07P9,0.0042789094,0.005095247,3729671
20131119,11:15:00.000,BBG000CH5208,-0.0013364374,-0.00027889624,979403
20131119,11:15:00.000,BBG000BW3299,-0.0005717825,-0.007126087,375821
20131119,11:15:00.000,BBG000DQLV23,0.00017184236,0.0017343091,1260317
20131119,11:15:00.000,BBG000DWYF03,-0.0031598143,-0.0026660133,2489353
20131119,11:15:00.000,BBG000BGRY34,-0.0032634418,0.00030549013,1312686
20131119,11:15:00.000,BBG000F1ZSQ2,-0.004936349,-0.0029608603,78882
20131119,11:15:00.000,BBG000BQQ2S6,-0.0057441867,-0.0029865755,831683
20131119,11:15:00.000,BBG000KHWT55,0.00989276,0.007598607,4235074
20131119,11:15:00.000,BBG000BNDN65,-0.0008821062,0.0023579681,3929203
20131119,11:15:00.000,BBG000R7Z112,0.003910327,0.013511078,4117505
20131119,11:15:00.000,BBG000BQQH30,-0.0050923014,0.0006909179,2582659
20131119,11:15:00.000,BBG000BBS2Y0,-0.0060633277,-0.0065498813,641990
20131119,11:15:00.000,BBG000J2XL74,0.0019208499,-0.003928304,927973
20131119,11:15:00.000,BBG000BJDB15,-0.003435728,0.0013706253,2393236
20131119,11:15:00.000,BBG000DWG505,0.00070859154,-0.00090588676,664551
20131119,11:15:00.000,BBG000DH7JK6,-0.0027663913,-0.0080358,1162837
20131119,11:15:00.000,BBG000BKTFN2,0.0047861924,0.0018401316,2585602
20131119,11:15:00.000,BBG000BF0K17,0.0055411276,-0.00083274563,1542454
20131119,11:15:00.000,BBG000BFC8J2,0.004283833,0.004575354,858987
20131119,11:15:00.000,BBG000BH4R78,-0.0022391712,-0.0027335312,1325454
20131119,11:15:00.000,BBG000NDYB67,-0.0019439511,-0.0054409737,4876259
20131119,11:15:00.000,BBG000C6CFJ5,0.0018883939,0.0076048807,1223474
20131119,11:15:00.000,BBG000BQLTW7,-0.0032069732,-0.0060142647,4706686
20131119,11:15:00.000,BBG000BNSZP1,-0.00027863498,-0.0010753352,983255
20131119,11:15:00.000,BBG000BBDZG3,-0.007297475,-0.00020447592,2115386
20131119,11:15:00.000,BBG000BHVJJ3,-0.0005957167,-0.0016729991,4006446
20131119,11:15:00.000,BBG000BFT2L4,-0.0029504881,-0.0033744043,1847168
20131119,11:15:00.000,BBG000C43RR5,-0.0035069697,-0.0023036576,3626232
20131119,11:15:00.000,BBG000Q9HH23,0.0024554492,0.0032198317,844911
20131119,11:15:00.000,BBG000BCSST7,-0.0053740623,-0.0057100435,1311574
20131119,11:15:00.000,BBG000BMX289,-0.0005923104,-0.0054752687,3479741
20131119,11:15:00.000,BBG000GFFQN9,-0.0041027884,-0.000572058,4675378
20131119,11:15:00.000,BBG000BT41Q8,-0.0025956356,-0.003314035,2031801
20131119,11:15:00.000,BBG000CKGBP2,0.01004115,0.009640011,2262546
20131119,11:15:00.000,BBG000BKZB36,0.0148912,0.018196449,5414138
20131119,11:15:00.000,BBG000BLBVN4,-0.00044360248,-0.005192709,146184
20131119,11:15:00.000,BBG000PSKYX7,-0.010224835,-0.008001154,689259
20131119,11:15:00.000,BBG000BPD168,-0.0069884867,-0.00541468,2476405
20131119,11:15:00.000,BBG000HS77T5,-0.00039700267,-0.0029546127,2868681
20131119,11:15:00.000,BBG000BVPV84,0.0100785475,0.0014743342,713055
20131119,11:15:00.000,BBG000BR2TH3,-0.0023741317,-0.0018923355,1795825
20131119,11:15:00.000,BBG000BQPC32,0.001686215,-0.002356237,8522130
20131119,11:15:00.000,BBG000CGC1X8,0.0025446196,0.0008341851,2584755
20131119,11:15:00.000,BBG000BMHYD1,-0.0013960523,0.0005303612,1603736
20131119,11:15:00.000,BBG000K4ND22,0.006586762,0.008751203,1418522
20131119,11:15:00.000,BBG000C0G1D1,0.011068468,0.0060987067,9720092
20131119,11:15:00.000,BBG000C5Z1S3,0.018798066,0.018667385,19796816
20131119,11:15:00.000,BBG000BWQFY7,0.00420218,0.0032246923,3330140
20131119,11:15:00.000,BBG000BLNNH6,0.0013442272,0.0016527924,1514312
20131119,11:15:00.000,BBG000BR2B91,-0.007520258,-0.005934742,9067631
20131119,11:15:00.000,BBG000BSJK37,0.0008153639,0.0011236052,3792579
20131119,11:15:00.000,BBG000C3J3C9,-0.0009639558,-0.003287111,19370996
20131119,11:15:00.000,BBG000BK6MB5,0.0019031467,0.0014703913,9734845
20131119,11:15:00.000,BBG000CL9VN6,0.009390479,0.0059248735,853094
20131119,11:15:00.000,BBG000GZQ728,0.002890496,0.0036692095,3925867
20131119,11:15:00.000,BBG000DMBXR2,0.008942432,0.011303391,8220706
20131119,11:15:00.000,BBG000FY4S11,0.0066281036,0.008859342,7926439
20131119,11:15:00.000,BBG000N9MNX3,0.044747874,0.044265345,10280025
20131119,11:15:00.000,BBG000BCTLF6,0.013232106,0.018090285,57250096
20131119,11:15:00.000,BBG000BPH459,0.0018920874,-0.00081374374,14182928
20131119,11:15:00.000,BBG000BHSKN9,-0.0043092184,-0.0018900335,440417
20131119,11:15:00.000,BBG000MM2P62,0.01314636,0.017890139,32275492
20131119,11:15:00.000,BBG000B9XRY4,0.0018153175,0.002351764,2663538
20131119,11:30:00.000,BBG000C221G9,-0.0028244967,-0.007182899,164957
20131119,11:30:00.000,BBG000D9H9F1,0.015324219,0.016907696,1047251
20131119,11:30:00.000,BBG000BJ5GK2,0.007445093,-0.0013852024,409283
20131119,11:30:00.000,BBG000BVVQQ8,0.0034441296,-0.0006527821,412743
20131119,11:30:00.000,BBG000PTLGZ1,-0.004532204,-0.008471228,121702
20131119,11:30:00.000,BBG000CGT2S4,0.0011450103,0.0030923476,1387479
20131119,11:30:00.000,BBG000RKR4R8,0.0016269182,0.0017435517,4270915
20131119,11:30:00.000,BBG000BDWKC5,-2.149095e-05,-0.0018418572,635243
20131119,11:30:00.000,BBG000JB27Y9,-0.0068940683,-0.0025890411,232118
20131119,11:30:00.000,BBG000BLXZN1,-0.009499669,-0.008358718,308779
20131119,11:30:00.000,BBG000BK5DP1,-0.003794668,-0.00635627,694304
20131119,11:30:00.000,BBG000FBR384,0.0089971395,0.005618237,291467
20131119,11:30:00.000,BBG000BCHG15,0.012920448,0.013400601,228964
20131119,11:30:00.000,BBG000BLHRS2,-0.0042148046,-0.0073851105,184889
20131119,11:30:00.000,BBG000F80SZ5,-0.0094712395,-0.014978251,2786838
20131119,11:30:00.000,BBG000BQ87N0,-0.0030367998,-0.009569236,318706
20131119,11:30:00.000,BBG000HW5GX3,0.005082768,0.005586017,724426
20131119,11:30:00.000,BBG000BLMZK6,0.003666109,0.0012230655,260622
20131119,11:30:00.000,BBG000BND699,0.00070412585,-0.006192716,331945
20131119,11:30:00.000,BBG000BYWTX7,-0.014768114,-0.020297218,2031321
20131119,11:30:00.000,BBG000BGKHZ3,0.0022115489,0.0039642514,256584
20131119,11:30:00.000,BBG000M1R011,0.014047639,0.008227194,1095706
20131119,11:30:00.000,BBG000BCJ161,0.0019333656,0.014874797,897400
20131119,11:30:00.000,BBG000DGPR66,-0.011929115,-0.013815161,443051
20131119,11:30:00.000,BBG000BV75B7,0.00056472135,0.00042380905,168840
20131119,11:30:00.000,BBG000BPZBB6,-0.0009892315,-0.0055856653,254950
20131119,11:30:00.000,BBG000BL79J3,-0.010518909,-0.008578473,2433095
20131119,11:30:00.000,BBG000BP7JB0,-0.006660164,-0.011413976,1053248
20131119,11:30:00.000,BBG000BVB8Q0,-0.007951327,-0.0073857703,1093517
20131119,11:30:00.000,BBG000TJM7F0,-0.0017471549,-0.0045201727,245531
20131119,11:30:00.000,BBG000BHQYG9,0.00017737043,0.00027141898,226857
20131119,11:30:00.000,BBG000BDDN94,0.011323344,0.0046572834,98158
20131119,11:30:00.000,BBG000BWP7D9,0.0011504962,-0.004487271,421052
20131119,11:30:00.000,BBG000F9KJN4,-0.016142968,-0.018254874,1179439
20131119,11:30:00.000,BBG000BWVSR1,-0.0066538854,-0.0068136277,905041
20131119,11:30:00.000,BBG000BHCP19,-0.0051646014,-0.01093211,565754
20131119,11:30:00.000,BBG000BFDLV8,-0.010013703,-0.008120764,224336
20131119,11:30:00.000,BBG000BX8DC4,-0.0037476579,-0.0029585273,750176
20131119,11:30:00.000,BBG000CPHYL4,-0.007950892,-0.016081097,419303
20131119,11:30:00.000,BBG000BCNYT9,0.011718504,0.0058431276,1705476
20131119,11:30:00.000,BBG000VC0T95,0.016727118,0.012421727,295274
20131119,11:30:00.000,BBG000PCQQL6,0.0077153766,0.003219018,454876
20131119,11:30:00.000,BBG000BQ74K1,0.0016088495,0.0049999757,381508
20131119,11:30:00.000,BBG000BJDPC2,0.013492398,0.018413926,496362
20131119,11:30:00.000,BBG000GPXKX9,-0.0011082778,-0.0013982197,206628
20131119,11:30:00.000,BBG000BJ49H3,-0.005396077,-0.0095820045,181430
20131119,11:30:00.000,BBG000PLXQQ3,-0.004662226,-0.005584937,169425
20131119,11:30:00.000,BBG000BQHGR6,-0.0007715941,-0.0058185286,267081
20131119,11:30:00.000,BBG000KLB4Q1,0.008946348,0.004734338,830019
20131119,11:30:00.000,BBG000C3Y7J6,0.004166599,0.00070295663,210889
20131119,11:30:00.000,BBG000FFH4P5,0.0028311263,-0.0020543796,151018
20131119,11:30:00.000,BBG000JBSJZ4,-0.0032391264,-0.00538696,440532
20131119,11:30:00.000,BBG000F86GP6,0.005609642,0.0063987095,275467
20131119,11:30:00.000,BBG000BQTMJ9,0.005431186,0.0055689015,1114200
20131119,11:30:00.000,BBG000RNTSX0,-0.0032588264,-0.0018847915,75813
20131119,11:30:00.000,BBG000GZD660,0.004993218,0.004733518,136842
20131119,11:30:00.000,BBG000D9DMK0,0.00033132272,-0.004440204,150802
20131119,11:30:00.000,BBG003P9ZSL3,-0.014403361,-0.009526096,107710
20131119,11:30:00.000,BBG000C37332,0.0056672134,0.0016737757,146824
20131119,11:30:00.000,BBG000C1DHF5,-0.0006798795,-0.0041269455,551572
20131119,11:30:00.000,BBG000FW8LZ9,0.007236769,0.010332424,617346
20131119,11:30:00.000,BBG000BCVMH9,0.00024705596,-0.007942972,91504
20131119,11:30:00.000,BBG000BKQ3V3,0.0043922192,-0.0007626104,541929
20131119,11:30:00.000,BBG000CXD6X9,0.009998547,0.0044671283,303228
20131119,11:30:00.000,BBG000BCYP43,0.006387088,0.00993173,99138
20131119,11:30:00.000,BBG000PM7GJ0,-0.007014735,-0.010519644,4314462
20131119,11:30:00.000,BBG000C75N77,0.0019369619,0.0018981755,179098
20131119,11:30:00.000,BBG000G8N9C6,-0.0035204168,0.00040051722,758671
20131119,11:30:00.000,BBG000C90DH9,0.008648264,0.0076222625,1250920
20131119,11:30:00.000,BBG000C6F3T8,0.002652945,-0.0029696045,2182727
20131119,11:30:00.000,BBG000BFV115,0.00013916698,0.0036357169,357227
20131119,11:30:00.000,BBG000C7B436,0.003087806,-0.0068783467,275264
20131119,11:30:00.000,BBG000BLCPY4,-0.008462727,-0.011547361,502062
20131119,11:30:00.000,BBG000BD3LM4,-5.3146614e-05,-0.006166926,1409878
20131119,11:30:00.000,BBG000BDY3Y7,-0.020312622,-0.025864704,1784244
20131119,11:30:00.000,BBG000BMZ7P7,-0.0032204445,-0.014427148,188628
20131119,11:30:00.000,BBG000BBNYF6,-0.008385932,-0.009029255,368253
20131119,11:30:00.000,BBG000BK6G19,0.0043165754,0.0056518647,650814
20131119,11:30:00.000,BBG000BB29X4,-0.0011655614,-0.006557289,209559
20131119,11:30:00.000,BBG000BB03M1,0.0048036417,-0.013102699,526520
20131119,11:30:00.000,BBG000BGD7W6,0.00035452368,-0.005552935,642056
20131119,11:30:00.000,BBG000C3NTN5,0.013833313,0.013989165,1052432
20131119,11:30:00.000,BBG000BHB3M6,-0.00451455,-0.008454862,155737
20131119,11:30:00.000,BBG000BBCQD7,-0.0062428094,-0.0034505844,679029
20131119,11:30:00.000,BBG000D14WM3,-0.0058357683,-0.0034587642,2937160
20131119,11:30:00.000,BBG000CVWGS6,-0.014456615,-0.01711858,2662892
20131119,11:30:00.000,BBG000BQSQ38,0.0060181897,0.0080577005,812082
20131119,11:30:00.000,BBG000BPQVR5,-0.005838916,-0.005055129,191731
20131119,11:30:00.000,BBG000BCZYD3,-0.0019749557,0.0006931952,176881
20131119,11:30:00.000,BBG000FDBX90,-0.002551287,-0.008431922,470324
20131119,11:30:00.000,BBG000BQVTF5,0.0011491582,-0.0043450035,293035
20131119,11:30:00.000,BBG001BPFT54,-0.03491668,-0.0392986,3017938
20131119,11:30:00.000,BBG000BHC2S1,-0.002582806,0.00060415984,505016
20131119,11:30:00.000,BBG000DN7P92,0.0057902765,0.008094884,329752
20131119,11:30:00.000,BBG000C060M4,-0.007914109,-0.005154005,114186
20131119,11:30:00.000,BBG000BHKYH4,-0.0053111208,-0.0030346725,165964
20131119,11:30:00.000,BBG000F6ZWH2,0.008873861,0.010111995,2005237
20131119,11:30:00.000,BBG000BFTJ91,-0.00025093844,-0.002050645,255739
20131119,11:30:00.000,BBG000BD0TF8,0.001644779,0.0026935788,414835
20131119,11:30:00.000,BBG000BP1Q11,0.01156652,0.011529242,260572
20131119,11:30:00.000,BBG000D5S4M0,0.00050664943,-0.0008347767,123178
20131119,11:30:00.000,BBG000MQ1SN9,-0.0056738653,-0.013158884,630199
20131119,11:30:00.000,BBG000BKZTP3,0.00304884,0.00022541654,316613
20131119,11:30:00.000,BBG000C0HQ54,-0.0039917454,-0.0034929072,1135938
20131119,11:30:00.000,BBG000BP1152,0.015439579,0.012463406,688452
20131119,11:30:00.000,BBG000BN9WT5,-0.0018617162,-0.008082927,567777
20131119,11:30:00.000,BBG000BBLK04,0.0027216098,0.0025979867,113429
20131119,11:30:00.000,BBG000NSQ9M0,0.0061021987,0.0076368903,2277356
20131119,11:30:00.000,BBG000BRXP69,-0.0049843467,-0.002422458,176008
20131119,11:30:00.000,BBG000BGYWY6,-0.0017696591,0.0004415118,98506
20131119,11:30:00.000,BBG000BJ8YN7,0.0003290557,-0.00021345085,510379
20131119,11:30:00.000,BBG000BFVXX0,-0.0020116568,-0.006509151,545075
20131119,11:30:00.000,BBG000BLM0V1,-0.00312275,-0.00494021,129946
20131119,11:30:00.000,BBG000BBCDZ2,0.0034962636,0.003589233,159899
20131119,11:30:00.000,BBG000KBQZ88,-0.0035742787,-0.007737156,417461
20131119,11:30:00.000,BBG000BWXL85,0.0045201224,0.0003223741,520730
20131119,11:30:00.000,BBG000BKXYX5,-0.002993992,-0.0034897511,274952
20131119,11:30:00.000,BBG000D1QCF1,0.007553078,-0.00061722007,404979
20131119,11:30:00.000,BBG000CKVSG8,-0.0053786277,-0.008243031,584396
20131119,11:30:00.000,BBG000BPYHJ6,0.02711534,0.025529344,534661
20131119,11:30:00.000,BBG000BKWSR6,0.00048127654,-3.3690188e-07,5435023
20131119,11:30:00.000,BBG000BMTFR4,-0.0015026995,-0.004849697,584474
20131119,11:30:00.000,BBG000C1FQS9,0.0016486131,-0.0047982084,248643
20131119,11:30:00.000,BBG000BR37X2,0.0034226659,0.0011003768,818825
20131119,11:30:00.000,BBG000BB6G37,-0.0004851853,-0.0065804743,376086
20131119,11:30:00.000,BBG000CHPY97,0.008659728,0.010136415,3221936
20131119,11:30:00.000,BBG000BPXRB3,-0.011374727,-0.012214731,373804
20131119,11:30:00.000,BBG000BF5RY1,-0.0039077993,-0.0064388504,415644
20131119,11:30:00.000,BBG000BNNKG9,0.0150807295,0.014405778,877056
20131119,11:30:00.000,BBG001NVJ6W4,-0.0171276,-0.020107977,644600
20131119,11:30:00.000,BBG0035LY913,0.004502087,0.008034367,703886
20131119,11:30:00.000,BBG000BMLWX8,0.0011101556,0.0029988755,765538
20131119,11:30:00.000,BBG000BPNP00,0.0031135813,-0.003450154,669346
20131119,11:30:00.000,BBG000DSMS70,-0.0008758253,-0.00016316127,389126
20131119,11:30:00.000,BBG000D13GN8,-0.024237234,-0.024830803,800506
20131119,11:30:00.000,BBG000BSC0K9,-0.005696125,-0.00058831734,309576
20131119,11:30:00.000,BBG000MDCQC2,0.0033977707,-0.0010122883,397829
20131119,11:30:00.000,BBG000BMKDM3,-0.0033327437,-0.007215523,382123
20131119,11:30:00.000,BBG000BF1R66,0.0027182694,0.00068667025,115052
20131119,11:30:00.000,BBG000BJQWD2,0.0015078094,0.0018584552,321542
20131119,11:30:00.000,BBG000C2ZCH8,0.00044018312,-0.005275827,206155
20131119,11:30:00.000,BBG000BP8Z50,-0.0039968584,-0.004433128,339424
20131119,11:30:00.000,BBG000FBK808,-0.0075223087,-0.0069147414,2024671
20131119,11:30:00.000,BBG000BXMFC3,0.007228149,0.004434972,435204
20131119,11:30:00.000,BBG000BFNR17,-0.0011249112,-0.00034202327,163871
20131119,11:30:00.000,BBG000RGM5P1,-0.005456911,-0.009715463,673330
20131119,11:30:00.000,BBG000BKR1D6,0.00018153443,0.0027318909,119126
20131119,11:30:00.000,BBG000D7RKJ5,-0.0014237324,-0.006236315,299128
20131119,11:30:00.000,BBG000G6BN50,-0.002914461,-0.002143196,154459
20131119,11:30:00.000,BBG000J1QLT0,0.00029232094,-0.001877914,214505
20131119,11:30:00.000,BBG000BNFLM9,-0.0036521011,-0.0071794465,530130
20131119,11:30:00.000,BBG000BTCH57,-0.009895519,-0.017977545,1143330
20131119,11:30:00.000,BBG000FLZN98,-0.0046538147,0.0004612077,194706
20131119,11:30:00.000,BBG000C4DPX1,0.0023880326,-0.004774482,222754
20131119,11:30:00.000,BBG000BQ8KV2,0.005454016,0.0059405663,324867
20131119,11:30:00.000,BBG000BPMH90,-0.003731113,-0.0024605056,403978
20131119,11:30:00.000,BBG000K14Q84,0.002891756,-0.0062989565,220605
20131119,11:30:00.000,BBG000BC9938,0.0031247197,-3.562314e-07,365159
20131119,11:30:00.000,BBG000QFJ7H3,0.011688128,0.011691582,1225279
20131119,11:30:00.000,BBG000BTQR96,0.0010854776,-0.0050159045,299270
20131119,11:30:00.000,BBG000CHWP52,0.0015735767,0.0009951981,312177
20131119,11:30:00.000,BBG000D8RG11,-0.0040435446,-0.00921689,709991
20131119,11:30:00.000,BBG000BS9489,0.0040843985,0.003002725,261079
20131119,11:30:00.000,BBG000CKJ0P3,-0.0068146167,-0.0001323103,199256
20131119,11:30:00.000,BBG000BWCKB6,0.002187876,0.000601644,112182
20131119,11:30:00.000,BBG000BVWLJ6,0.0011087669,0.00053222565,837988
20131119,11:30:00.000,BBG000BXM6V2,-0.009215141,-0.010246143,310859
20131119,11:30:00.000,BBG000D9KWL9,-0.0005497757,-0.0022418709,109455
20131119,11:30:00.000,BBG000BKNX95,0.0024213088,-0.0027940797,670479
20131119,11:30:00.000,BBG000J5Q6L2,0.025970139,0.026197879,3039936
20131119,11:30:00.000,BBG000QN4GY3,-0.0057134773,-0.0070241485,431793
20131119,11:30:00.000,BBG000BCTQ65,0.0004591208,-0.005240851,1021891
20131119,11:30:00.000,BBG000BNNYW1,-0.0013544612,-0.0036911399,415385
20131119,11:30:00.000,BBG003641015,-0.00029407523,0.0016360246,347614
20131119,11:30:00.000,BBG000D6L294,-0.016747655,-0.013825762,644049
20131119,11:30:00.000,BBG000BSBZH7,0.0018992296,0.004760608,365988
20131119,11:30:00.000,BBG000BNC3Y9,-0.0040127547,-0.002589662,555132
20131119,11:30:00.000,BBG000F15NW9,0.0027424067,0.0054576322,547480
20131119,11:30:00.000,BBG000R0L5J4,-0.0035339117,-0.005385884,1160403
20131119,11:30:00.000,BBG000BVMPN3,-0.0032275673,0.0005007032,223533
20131119,11:30:00.000,BBG000BB5BF6,-0.016725374,-0.015445209,869929
20131119,11:30:00.000,BBG000BR3KL6,-0.0045486307,-0.00825279,242938
20131119,11:30:00.000,BBG000BNGTQ7,-0.0062193437,-0.004744618,618323
20131119,11:30:00.000,BBG000BHZ5J9,0.0017028797,0.002319563,448585
20131119,11:30:00.000,BBG000BN84F3,-0.0010280282,-0.0060617025,438051
20131119,11:30:00.000,BBG000BBJQV0,-0.0053213234,-0.009243533,1447175
20131119,11:30:00.000,BBG000BB1TH9,0.00026741828,-0.010121365,343160
20131119,11:30:00.000,BBG000BFS7D3,-0.0051240036,-0.0045891902,275002
20131119,11:30:00.000,BBG000BR14K5,0.0027777315,0.00040662603,257713
20131119,11:30:00.000,BBG000BPVCR1,0.021682994,0.02241415,724147
20131119,11:30:00.000,BBG000BKLH74,-0.004727397,-0.004171807,1385485
20131119,11:30:00.000,BBG002S5ZRF9,-0.02678689,-0.031508364,1003543
20131119,11:30:00.000,BBG000BKPL53,0.0017223627,0.0060840095,219319
20131119,11:30:00.000,BBG000DY8ZS4,-0.008857716,-0.01557377,2590891
20131119,11:30:00.000,BBG000DNTSP4,0.0003371482,-0.0014634694,696572
20131119,11:30:00.000,BBG000BM6788,-0.0037022277,-0.006140901,960977
20131119,11:30:00.000,BBG000G3QLY3,0.0012781997,0.0023751254,259919
20131119,11:30:00.000,BBG000BLKK03,-0.0020491895,-0.0012169175,661586
20131119,11:30:00.000,BBG000BP0KQ8,-0.016850151,-0.021148684,1621361
20131119,11:30:00.000,BBG000C7LMS8,0.008268327,0.010421997,40940
20131119,11:30:00.000,BBG000JBN3X6,-0.0053561316,0.0073757414,4221984
20131119,11:30:00.000,BBG000QW7VC1,-0.010192427,-0.018504245,1538201
20131119,11:30:00.000,BBG000C2YHG9,-0.016685855,-0.018487431,601473
20131119,11:30:00.000,BBG000BVHBM1,0.0031663834,0.0039137364,691329
20131119,11:30:00.000,BBG000FKJRC5,0.00067479355,-0.00013726721,239178
20131119,11:30:00.000,BBG000BP4MH0,-0.0027452095,-0.003173262,681999
20131119,11:30:00.000,BBG000BSXQV7,-0.00070758694,0.00043058445,102546
20131119,11:30:00.000,BBG000BY33P5,-0.011510231,-0.014289347,9689166
20131119,11:30:00.000,BBG000BNJHS8,-0.002943251,0.011028907,3007195
20131119,11:30:00.000,BBG000BB5373,0.008517532,0.0017943867,1871870
20131119,11:30:00.000,BBG000CSY9H9,0.0015049002,0.0033688718,357429
20131119,11:30:00.000,BBG000BQWPC5,0.004664154,-0.0009749385,819828
20131119,11:30:00.000,BBG000BQZMH4,-0.004030626,-0.008493593,930684
20131119,11:30:00.000,BBG000BC4JJ4,0.0070086643,0.00513871,241600
20131119,11:30:00.000,BBG001QD41M9,-0.003806025,-0.0062416513,607876
20131119,11:30:00.000,BBG000BHLYS1,-0.0063108737,-0.010476921,466051
20131119,11:30:00.000,BBG000HG21Y3,0.024530005,0.021592047,291846
20131119,11:30:00.000,BBG000BHLYP4,0.0039394614,0.009841392,693669
20131119,11:30:00.000,BBG000DLFM21,-0.0025036877,-0.004073094,158376
20131119,11:30:00.000,BBG000H9G7X2,0.004846536,0.006026423,683264
20131119,11:30:00.000,BBG000BRRG02,0.00081683113,-0.0003406384,93985
20131119,11:30:00.000,BBG000BBMSJ6,-0.02798098,-0.036643818,4131968
20131119,11:30:00.000,BBG000MM5VL9,-0.016615357,-0.01934111,441716
20131119,11:30:00.000,BBG000C2V3D6,-0.0058597117,-0.0035147287,822857
20131119,11:30:00.000,BBG000G30YX4,-0.011161243,-0.01070543,186924
20131119,11:30:00.000,BBG000JN8R00,0.006690101,0.008628632,2387576
20131119,11:30:00.000,BBG000C2PW58,-0.00026796496,0.00029594917,122243
20131119,11:30:00.000,BBG000CGQ6M4,0.0025086687,0.0016626449,187133
20131119,11:30:00.000,BBG000BCBCM7,0.00902477,0.0032286118,4579093
20131119,11:30:00.000,BBG000C3HSR0,0.0022266603,0.0028330237,602729
20131119,11:30:00.000,BBG000BG09F5,-0.005616607,-0.0030168851,688793
20131119,11:30:00.000,BBG000BDXGP9,0.0015630446,-0.0021476117,802434
20131119,11:30:00.000,BBG000BTVJ25,6.1519204e-06,-0.00029726495,840547
20131119,11:30:00.000,BBG000BTKGG8,-0.00024580755,-0.0019461199,992934
20131119,11:30:00.000,BBG000BLW530,-0.009909879,-0.012266146,734130
20131119,11:30:00.000,BBG000BY2Y78,-0.0010548686,0.0002963152,1039379
20131119,11:30:00.000,BBG000BJ2VQ6,0.0036534672,-0.0006543371,313640
20131119,11:30:00.000,BBG0039320N9,-0.0054709767,-0.0060098744,1229649
20131119,11:30:00.000,BBG000BRJ809,0.00017753114,0.0024102407,67980
20131119,11:30:00.000,BBG000TWC2V5,0.008054944,0.0041116504,594370
20131119,11:30:00.000,BBG0019JZ882,-0.0057035857,-0.008140382,1801875
20131119,11:30:00.000,BBG000BF6LY3,-0.0039139837,-0.008128662,1485154
20131119,11:30:00.000,BBG000BYYLS8,0.00073885726,0.0005906192,1011421
20131119,11:30:00.000,BBG000BRWGG9,-0.0037247976,-0.0038648162,4030217
20131119,11:30:00.000,BBG000FW00S1,0.009149023,0.0036151053,2132138
20131119,11:30:00.000,BBG000BK67C7,0.0074352613,0.005431042,633231
20131119,11:30:00.000,BBG000FVXD63,0.00959741,0.011112763,505896
20131119,11:30:00.000,BBG000D2M0Z7,-0.009576481,-0.010012695,300612
20131119,11:30:00.000,BBG000BLBXT4,0.0047156415,-0.00020085572,291284
20131119,11:30:00.000,BBG000CS7CT9,0.0015043237,0.0072634635,927993
20131119,11:30:00.000,BBG000BFMBQ6,0.004999961,0.004755391,419096
20131119,11:30:00.000,BBG000BBBNC6,-0.010409235,-0.0069514443,490443
20131119,11:30:00.000,BBG000G0Z878,-0.006694682,-0.0059888978,1581139
20131119,11:30:00.000,BBG000CR90K4,-0.0022594035,-0.0048664534,7142548
20131119,11:30:00.000,BBG000BQ2C28,-0.004672432,-0.002984212,327532
20131119,11:30:00.000,BBG000BMBL90,-0.00015947173,-0.00075502764,496413
20131119,11:30:00.000,BBG000BX5ZF5,0.014146971,0.009020447,3730280
20131119,11:30:00.000,BBG000BPT0C6,0.0010608636,0.00047788737,918569
20131119,11:30:00.000,BBG000BMY992,0.010074666,0.010151053,1460475
20131119,11:30:00.000,BBG000BL9JQ1,-0.0062373974,-0.00814809,1018242
20131119,11:30:00.000,BBG000JG0547,0.029336626,0.032378446,2879859
20131119,11:30:00.000,BBG000BM7HL0,-0.0053551355,-0.009578722,1152011
20131119,11:30:00.000,BBG000BRK7L6,0.002579603,0.002809332,1610908
20131119,11:30:00.000,BBG000BMQPL1,0.0010089905,0.00078041793,4487970
20131119,11:30:00.000,BBG000C1FB75,,,460858
20131119,11:30:00.000,BBG000CZWZ05,-0.00039683215,-0.0020760945,0
20131119,11:30:00.000,BBG000R7RDB4,0.0006675351,0.0011204791,415104
20131119,11:30:00.000,BBG000DTMH63,,,1114980
20131119,11:30:00.000,BBG000BTR593,0.010546855,0.012119587,996150
20131119,11:30:00.000,BBG000BB6M98,-0.0067507857,-0.0146870045,2243767
20131119,11:30:00.000,BBG000C2BXK4,-0.014042734,-0.017666519,3485216
20131119,11:30:00.000,BBG000PVRDL2,-0.0016323136,0.00092697225,1225185
20131119,11:30:00.000,BBG000BVMGF2,-0.0012742283,-0.0020278762,440134
20131119,11:30:00.000,BBG000BCGY17,0.0024357946,-0.0020752728,624334
20131119,11:30:00.000,BBG000CNFQW6,-0.001728896,-0.00019662226,283600
20131119,11:30:00.000,BBG000BSD7C2,-0.004532065,-0.0049030795,413198
20131119,11:30:00.000,BBG000FQ6PY6,-0.0021012006,-0.0048995414,793683
20131119,11:30:00.000,BBG000BC15S7,-0.0035260585,-0.0057276967,715021
20131119,11:30:00.000,BBG000BVDLH9,-0.0027241146,-0.0008930402,263627
20131119,11:30:00.000,BBG000GC80B4,-0.0025749062,0.00060132623,508585
20131119,11:30:00.000,BBG000C0F570,-0.007057992,-0.013250496,1612597
20131119,11:30:00.000,BBG000D898T9,0.0019545613,0.0025488208,528039
20131119,11:30:00.000,BBG000BG14P4,-0.0033019043,-0.011014754,819757
20131119,11:30:00.000,BBG000DQTXY6,0.00064872525,0.0015536668,1632483
20131119,11:30:00.000,BBG000C1S2X2,0.01284979,0.009237305,639661
20131119,11:30:00.000,BBG000BWSV34,-0.008739866,-0.008600829,426718
20131119,11:30:00.000,BBG000H0QBS7,-0.0049636047,-0.008450903,214944
20131119,11:30:00.000,BBG000BWNFZ9,0.003082176,-0.00094298756,497950
20131119,11:30:00.000,BBG000BS0ZF1,-7.6789845e-05,0.0013004647,105260
20131119,11:30:00.000,BBG000CPQZ77,-0.0054707425,-0.007630902,1181196
20131119,11:30:00.000,BBG001M8HHB7,0.01539474,0.007260744,426496
20131119,11:30:00.000,BBG000BH5DV1,0.00036919583,-0.00040864493,447235
20131119,11:30:00.000,BBG000NV1KK7,0.0019095127,0.008578543,905316
20131119,11:30:00.000,BBG000DKCC19,0.033653975,0.031616136,2397391
20131119,11:30:00.000,BBG000CXYSZ6,-0.016135108,-0.019298479,543499
20131119,11:30:00.000,BBG000BGLRN3,-0.003273992,-0.0034167732,1266709
20131119,11:30:00.000,BBG000QRKJ70,-0.034090914,-0.04704737,9822648
20131119,11:30:00.000,BBG000BQ5DS5,-0.0004039741,-0.008196838,251921
20131119,11:30:00.000,BBG000BV7LP7,0.0077222167,0.007867952,1141850
20131119,11:30:00.000,BBG000BH5LT6,-0.0034059049,-0.0049819355,1290105
20131119,11:30:00.000,BBG000R8ZVD1,0.005446516,0.0017195989,666060
20131119,11:30:00.000,BBG000BRJL00,-0.0022985027,-0.00906284,746630
20131119,11:30:00.000,BBG000BB6WG8,0.009962136,0.0068404335,1630904
20131119,11:30:00.000,BBG000BJL3N0,0.0005108055,-0.000500062,1905394
20131119,11:30:00.000,BBG000QY3XZ2,0.002027581,-0.005007386,560365
20131119,11:30:00.000,BBG000LD9JQ8,-0.0065224376,-0.012254253,336858
20131119,11:30:00.000,BBG000Q3JN03,-0.0021628696,-0.0031032145,4962614
20131119,11:30:00.000,BBG000BH3JF8,-0.0016744473,-0.0006706525,554391
20131119,11:30:00.000,BBG000BR54L0,0.004747956,0.0027360048,2359805
20131119,11:30:00.000,BBG000PX3XC0,-0.008171369,-0.0068241777,1493093
20131119,11:30:00.000,BBG001YMS0B8,0.004080089,0.00075585407,847276
20131119,11:30:00.000,BBG000BD8PN9,0.0004178933,0.0030181985,1388626
20131119,11:30:00.000,BBG000BRD0D8,0.0035311393,0.0013938628,427885
20131119,11:30:00.000,BBG000BMDV41,-0.0040835934,-0.007916352,1248738
20131119,11:30:00.000,BBG000BGVW60,0.0014339023,-0.0033185233,1091143
20131119,11:30:00.000,BBG000BKCFC2,-0.010002477,-0.012559913,1598556
20131119,11:30:00.000,BBG000BB9KF2,0.0008011718,-0.0051751914,1275818
20131119,11:30:00.000,BBG000C0MF34,-0.002717128,-0.0025204765,170387
20131119,11:30:00.000,BBG000BZ2GG4,0.00021462428,-0.006618698,741831
20131119,11:30:00.000,BBG000C0LW92,0.03082304,0.034557298,5017153
20131119,11:30:00.000,BBG000BMW2Z0,-0.0030255893,-0.0021759642,735378
20131119,11:30:00.000,BBG000F0KF42,-0.0054802834,-0.009174489,835067
20131119,11:30:00.000,BBG000BX3TD3,-0.0094672255,-0.0069051976,2078823
20131119,11:30:00.000,BBG000QX74T1,0.004763807,0.0041685654,121375
20131119,11:30:00.000,BBG000BWJFZ4,-0.0066007404,-0.005939576,167952
20131119,11:30:00.000,BBG000BKFBD7,-0.002366138,0.0009862287,648168
20131119,11:30:00.000,BBG000JWD753,0.00071482745,-0.0045919674,1262769
20131119,11:30:00.000,BBG000M65M61,0.042177293,0.04974571,4681656
20131119,11:30:00.000,BBG000MBDGM6,-0.002695714,-0.002892246,156764
20131119,11:30:00.000,BBG000BBVJZ8,0.0059271134,0.007942437,880885
20131119,11:30:00.000,BBG000BV8DN6,0.0062131668,0.009599254,1547404
20131119,11:30:00.000,BBG000BH2JM1,0.008982342,0.006340878,2608466
20131119,11:30:00.000,BBG000BGJRC8,-0.0066162637,-0.01431978,2120508
20131119,11:30:00.000,BBG000QBR5J5,0.0017114088,0.0038505427,769313
20131119,11:30:00.000,BBG000BSLZY7,0.0027752172,0.0057319393,2100635
20131119,11:30:00.000,BBG000BJSBJ0,-0.009814798,-0.01673514,1958007
20131119,11:30:00.000,BBG000BJ81C1,-0.0002913435,-0.00022714134,351003
20131119,11:30:00.000,BBG000BFL116,-0.018353138,-0.025212634,1697452
20131119,11:30:00.000,BBG000HCJMF9,6.1933824e-05,0.003947717,649661
20131119,11:30:00.000,BBG000FV1Z23,0.0047681145,-0.0064878333,351861
20131119,11:30:00.000,BBG000BBDV81,-0.00021309253,0.0018177141,597580
20131119,11:30:00.000,BBG000FJLFX8,-0.0035204396,-0.002470937,962250
20131119,11:30:00.000,BBG000J6XT05,-0.0064433436,-0.01283658,2222214
20131119,11:30:00.000,BBG000BCWCG1,-0.08938902,-0.09046038,15740817
20131119,11:30:00.000,BBG000BJPDZ1,0.000336236,0.004298939,65072
20131119,11:30:00.000,BBG000BPQD31,0.0033361188,0.0055013993,910566
20131119,11:30:00.000,BBG000C734W3,-0.0021276227,-0.002934509,212412
20131119,11:30:00.000,BBG000C3GN47,0.0054896367,0.006844325,1183349
20131119,11:30:00.000,BBG000BFRF55,0.017776856,0.014178682,2763977
20131119,11:30:00.000,BBG000BGPTV6,-0.0010050503,-0.00863857,308662
20131119,11:30:00.000,BBG000BM5SR2,0.0055769095,0.0059620296,1297646
20131119,11:30:00.000,BBG000BN5HF7,-0.0010742293,-0.0017382883,1156521
20131119,11:30:00.000,BBG000BBD070,0.0011079919,-0.0010981752,628555
20131119,11:30:00.000,BBG000BVPPM1,0.014706516,0.013360796,1724905
20131119,11:30:00.000,BBG000DYGNW7,0.0031558573,0.0043764636,332597
20131119,11:30:00.000,BBG000BCG930,0.012841304,0.014654384,1174669
20131119,11:30:00.000,BBG000BHGDH5,-0.0025274171,-0.0082463,785740
20131119,11:30:00.000,BBG000BJ3PD2,0.0024871184,-0.0014567946,509626
20131119,11:30:00.000,BBG000BFQYY3,0.0010102879,0.0006140468,629740
20131119,11:30:00.000,BBG000BY29C7,0.0011318728,-0.0009248802,745752
20131119,11:30:00.000,BBG000C1BW00,0.0065456084,0.005221571,222988
20131119,11:30:00.000,BBG000BD4VG8,0.0057652453,-0.0005235086,1028099
20131119,11:30:00.000,BBG000BHQ1H0,0.004858395,0.005668846,817556
20131119,11:30:00.000,BBG000BB5006,-0.00053254346,-0.0049465313,781574
20131119,11:30:00.000,BBG000BKFZM4,0.00921334,0.008936882,2950979
20131119,11:30:00.000,BBG000BWVCP8,0.0005104873,-0.0028339378,1494516
20131119,11:30:00.000,BBG000FH8PX5,-0.01037128,-0.007976924,384267
20131119,11:30:00.000,BBG000BHX7N2,0.0006883034,-0.0005917751,410385
20131119,11:30:00.000,BBG000WCFV84,-0.0030046524,-0.0032493547,859177
20131119,11:30:00.000,BBG000BBPFB9,0.0061052158,0.0047522606,3693108
20131119,11:30:00.000,BBG000FL1TC8,0.006661264,0.0051501435,1203189
20131119,11:30:00.000,BBG000F6H8W8,0.0011906514,0.0021083998,389912
20131119,11:30:00.000,BBG000BGKTF9,-0.0045441664,-0.0011524059,959184
20131119,11:30:00.000,BBG000C8H633,0.0086477455,0.010953868,2067394
20131119,11:30:00.000,BBG000H89QJ6,0.008802105,0.006993845,805496
20131119,11:30:00.000,BBG0014GG205,-0.0018498132,-0.0003365676,3112555
20131119,11:30:00.000,BBG000BFXHL6,-0.008434138,-0.009293175,829987
20131119,11:30:00.000,BBG000BH3GZ2,0.0040384526,0.0028597468,945352
20131119,11:30:00.000,BBG000BT9DW0,0.002666267,-0.0025972782,2420043
20131119,11:30:00.000,BBG000FP1N32,0.0078009306,0.0064083543,962475
20131119,11:30:00.000,BBG000FNRZ69,0.0010229314,-0.0076807863,1720799
20131119,11:30:00.000,BBG000D42FJ0,-0.0204717,-0.024457134,3761285
20131119,11:30:00.000,BBG00286S4N9,0.014941134,0.015693752,973163
20131119,11:30:00.000,BBG0025Y4RY4,-0.0022525275,-0.0038874543,964844
20131119,11:30:00.000,BBG000BFDXW1,-0.004156078,-0.011643683,2747496
20131119,11:30:00.000,BBG0029SNR63,0.002105157,0.00086454314,936741
20131119,11:30:00.000,BBG000G2R6M0,0.0054980665,0.00827595,2280308
20131119,11:30:00.000,BBG000BCVJ77,-0.0012380182,0.0020343224,1248654
20131119,11:30:00.000,BBG000BL4504,-0.0036972675,-0.004719936,4866725
20131119,11:30:00.000,BBG000BC2C10,0.00268665,0.005325841,995926
20131119,11:30:00.000,BBG000B9WH86,0.024949657,0.0268304,12265412
20131119,11:30:00.000,BBG000BJX8C8,0.0034735529,-0.0003597876,1413493
20131119,11:30:00.000,BBG000H556T9,-0.0009914021,-0.0019263334,373949
20131119,11:30:00.000,BBG000C496P7,-0.006529606,-0.008386986,945206
20131119,11:30:00.000,BBG000FG3C43,-0.007747211,-0.0116417445,1103137
20131119,11:30:00.000,BBG000BNWG87,-0.0069190883,-0.003431026,1912209
20131119,11:30:00.000,BBG000BNBDC2,-0.0036935625,-0.0023515879,1189186
20131119,11:30:00.000,BBG000BJ98Z0,-0.008789835,-0.01537447,1019099
20131119,11:30:00.000,BBG000Q2HM09,0.01171367,0.012338045,1718315
20131119,11:30:00.000,BBG000D9D830,0.0024858783,0.0038835234,751766
20131119,11:30:00.000,BBG000CJZ2W6,-0.013903255,-0.0119786,1343744
20131119,11:30:00.000,BBG000BH13K9,-0.004262105,-0.0029174946,1076536
20131119,11:30:00.000,BBG000C46HM9,-0.0070413486,-0.0008918977,1256896
20131119,11:30:00.000,BBG000BWXBC2,-0.00091708184,-0.0023991982,1586283
20131119,11:30:00.000,BBG000BN2DC2,-0.020537747,-0.025407748,8128388
20131119,11:30:00.000,BBG000BTZQC4,0.00787987,0.006468675,2271091
20131119,11:30:00.000,BBG001DCCGR8,0.020010963,0.019120013,1723773
20131119,11:30:00.000,BBG000BB6KF5,-0.003129436,-0.0009578655,2451620
20131119,11:30:00.000,BBG000DHSPT0,0.0044967597,0.0047130664,1084308
20131119,11:30:00.000,BBG000F0PF65,0.00083400763,0.0020944453,1150722
20131119,11:30:00.000,BBG000BH1NH9,-0.0097422935,-0.012910498,2108764
20131119,11:30:00.000,BBG000BVV7G1,-3.425428e-05,-0.0042409985,1235647
20131119,11:30:00.000,BBG000BPWXK1,0.0007231122,0.003700085,1867603
20131119,11:30:00.000,BBG000BJF1Z8,-0.0073265787,-0.012579136,837924
20131119,11:30:00.000,BBG000BXRPH1,-0.010432246,-0.00889635,1190953
20131119,11:30:00.000,BBG000BC40Y8,0.006153866,0.0074128327,775285
20131119,11:30:00.000,BBG000BBGGQ1,0.0010929959,7.075809e-08,2483433
20131119,11:30:00.000,BBG000C17X76,0.017796958,0.018298358,431655
20131119,11:30:00.000,BBG000BP6LJ8,-0.0044382894,-0.0065730773,2050986
20131119,11:30:00.000,BBG000B9ZXB4,0.010688431,0.012913188,2698363
20131119,11:30:00.000,BBG000BMF5J0,0.0066040205,0.010339401,10294346
20131119,11:30:00.000,BBG000C5HS04,-0.0044564754,-0.0056624752,1036887
20131119,11:30:00.000,BBG000BLZRJ2,0.0030248847,0.0075843153,3787003
20131119,11:30:00.000,BBG000L9CV04,0.0020068877,-0.0033068426,847834
20131119,11:30:00.000,BBG000BWLMJ4,-0.016073834,-0.014139899,1849495
20131119,11:30:00.000,BBG000D4LWF6,0.002113697,-0.002061317,1782147
20131119,11:30:00.000,BBG000BCQZS4,-0.0010908471,0.0029148762,770108
20131119,11:30:00.000,BBG000H8TVT2,-0.00065266876,0.005416277,1020042
20131119,11:30:00.000,BBG000FFDM15,0.006217532,0.007827972,2288972
20131119,11:30:00.000,BBG000BFWKC0,-0.011394173,-0.009477908,1017096
20131119,11:30:00.000,BBG000BP52R2,0.0007528769,0.002305407,655567
20131119,11:30:00.000,BBG000C15T95,0.0038828086,-0.00046114592,1357324
20131119,11:30:00.000,BBG000BZ9223,-0.006986696,-0.0045975475,478262
20131119,11:30:00.000,BBG000BHBK84,-0.0006589742,-0.0027596767,1714023
20131119,11:30:00.000,BBG000CTQBF3,0.0006906727,0.00031039756,1236474
20131119,11:30:00.000,BBG000BW8S60,0.0024039543,-4.6011548e-05,482977
20131119,11:30:00.000,BBG000BB07P9,0.00503728,0.005661324,4015393
20131119,11:30:00.000,BBG000CH5208,-0.000660401,-0.0009764743,1048975
20131119,11:30:00.000,BBG000BW3299,-0.000521606,-0.0074086073,425342
20131119,11:30:00.000,BBG000DQLV23,-0.0013722451,0.000577906,1412703
20131119,11:30:00.000,BBG000DWYF03,-0.0036841067,-0.0032584122,2626157
20131119,11:30:00.000,BBG000BGRY34,-0.0024397569,0.0012222177,1423011
20131119,11:30:00.000,BBG000F1ZSQ2,-0.006282739,-0.0030736756,90211
20131119,11:30:00.000,BBG000BQQ2S6,-0.0050623105,-0.0032440734,907585
20131119,11:30:00.000,BBG000KHWT55,0.009342034,0.0063989153,4580660
20131119,11:30:00.000,BBG000BNDN65,-0.00040913446,0.0013756042,4556671
20131119,11:30:00.000,BBG000R7Z112,0.0031902653,0.012088719,4360702
20131119,11:30:00.000,BBG000BQQH30,-0.004246846,0.00027616348,2803138
20131119,11:30:00.000,BBG000BBS2Y0,-0.0065392386,-0.006549943,696025
20131119,11:30:00.000,BBG000J2XL74,0.002155224,-0.0030009965,1019741
20131119,11:30:00.000,BBG000BJDB15,-0.0026788954,0.0024670723,2644429
20131119,11:30:00.000,BBG000DWG505,0.00055316347,-0.00060379214,707953
20131119,11:30:00.000,BBG000DH7JK6,-0.0038231572,-0.008268671,1354043
20131119,11:30:00.000,BBG000BKTFN2,0.003686674,-0.0007363095,2782586
20131119,11:30:00.000,BBG000BF0K17,0.005244073,-0.0015467006,1679655
20131119,11:30:00.000,BBG000BFC8J2,0.00486925,0.005588511,941457
20131119,11:30:00.000,BBG000BH4R78,-0.0028454147,-0.0031651333,1466498
20131119,11:30:00.000,BBG000NDYB67,-0.0040511563,-0.007773064,5252602
20131119,11:30:00.000,BBG000C6CFJ5,0.0015041362,0.0068202363,1296901
20131119,11:30:00.000,BBG000BQLTW7,-0.0026362452,-0.0051551997,5077714
20131119,11:30:00.000,BBG000BNSZP1,-0.0002695575,0.0001537875,1067914
20131119,11:30:00.000,BBG000BBDZG3,-0.009232307,-0.0022473503,2299649
20131119,11:30:00.000,BBG000BHVJJ3,-0.00048736244,-0.0016731082,4247932
20131119,11:30:00.000,BBG000BFT2L4,-0.0026068373,-0.0027415203,1951261
20131119,11:30:00.000,BBG000C43RR5,-0.00319421,-0.0013437786,3883310
20131119,11:30:00.000,BBG000Q9HH23,0.0051235296,0.0056064175,872080
20131119,11:30:00.000,BBG000BCSST7,-0.004388046,-0.0056739193,1397664
20131119,11:30:00.000,BBG000BMX289,-0.0018199374,-0.005724034,4236313
20131119,11:30:00.000,BBG000GFFQN9,-0.003374005,-3.3588742e-07,4960131
20131119,11:30:00.000,BBG000BT41Q8,-0.00073281163,-0.0023362194,2247021
20131119,11:30:00.000,BBG000CKGBP2,0.009754559,0.009712324,2489013
20131119,11:30:00.000,BBG000BKZB36,0.015546706,0.017945526,5685259
20131119,11:30:00.000,BBG000BLBVN4,-0.0019199508,-0.0049933805,153996
20131119,11:30:00.000,BBG000PSKYX7,-0.012059702,-0.008651238,770754
20131119,11:30:00.000,BBG000BPD168,-0.006865586,-0.0043734335,2681034
20131119,11:30:00.000,BBG000HS77T5,0.0010471345,-0.001969746,3146996
20131119,11:30:00.000,BBG000BVPV84,0.008714422,0.0017336688,768692
20131119,11:30:00.000,BBG000BR2TH3,-0.0034718427,-0.002365269,1985136
20131119,11:30:00.000,BBG000BQPC32,0.0014144778,-0.003534383,9318547
20131119,11:30:00.000,BBG000CGC1X8,0.002349677,0.0013900776,2816080
20131119,11:30:00.000,BBG000BMHYD1,-0.0013026985,0.0015913803,1779351
20131119,11:30:00.000,BBG000K4ND22,0.0070011034,0.008709757,1566154
20131119,11:30:00.000,BBG000C0G1D1,0.010546817,0.006098769,10496863
20131119,11:30:00.000,BBG000C5Z1S3,0.02069617,0.01918594,21290580
20131119,11:30:00.000,BBG000BWQFY7,0.0047504078,0.0032247223,3618112
20131119,11:30:00.000,BBG000BLNNH6,0.0008182781,0.0020052807,1634076
20131119,11:30:00.000,BBG000BR2B91,-0.007841491,-0.0056223874,9693456
20131119,11:30:00.000,BBG000BSJK37,0.00044595808,0.0005621603,4277731
20131119,11:30:00.000,BBG000C3J3C9,-0.0039827544,-0.0056350674,21837172
20131119,11:30:00.000,BBG000BK6MB5,0.0015966991,0.0011029071,10568155
20131119,11:30:00.000,BBG000CL9VN6,0.009388241,0.00629057,955197
20131119,11:30:00.000,BBG000GZQ728,0.0015598312,0.0019921428,4298864
20131119,11:30:00.000,BBG000DMBXR2,0.007855373,0.009509128,8879141
20131119,11:30:00.000,BBG000FY4S11,0.005758669,0.0074812244,8601841
20131119,11:30:00.000,BBG000N9MNX3,0.049195945,0.04772102,10742771
20131119,11:30:00.000,BBG000BCTLF6,0.012445335,0.016750282,62035692
20131119,11:30:00.000,BBG000BPH459,0.002848263,0.00026973028,15636097
20131119,11:30:00.000,BBG000BHSKN9,-0.0052503897,-0.0019675172,466909
20131119,11:30:00.000,BBG000MM2P62,0.01238987,0.016799208,33926740
20131119,11:30:00.000,BBG000B9XRY4,0.0017845043,0.0024385767,2992604
20131119,11:45:00.000,BBG000C221G9,-0.003659862,-0.009458344,201772
20131119,11:45:00.000,BBG000D9H9F1,0.015639964,0.015968509,1114587
20131119,11:45:00.000,BBG000BJ5GK2,0.007762547,-0.0030012492,472486
20131119,11:45:00.000,BBG000BVVQQ8,0.0063993004,-8.0476246e-07,520737
20131119,11:45:00.000,BBG000PTLGZ1,-0.0059933458,-0.010900524,133361
20131119,11:45:00.000,BBG000CGT2S4,0.003465198,0.0025769686,1496843
20131119,11:45:00.000,BBG000RKR4R8,0.0049497113,0.0017435187,4586960
20131119,11:45:00.000,BBG000BDWKC5,-0.00047159247,-0.0033796355,671862
20131119,11:45:00.000,BBG000JB27Y9,-0.0056968,-0.0028480329,290551
20131119,11:45:00.000,BBG000BLXZN1,-0.007168684,-0.0073311734,322161
20131119,11:45:00.000,BBG000BK5DP1,-0.009757055,-0.013460604,846908
20131119,11:45:00.000,BBG000FBR384,0.0096046,0.005174696,310330
20131119,11:45:00.000,BBG000BCHG15,0.011375965,0.010316867,236544
20131119,11:45:00.000,BBG000BLHRS2,-0.0045946785,-0.007385041,218919
20131119,11:45:00.000,BBG000F80SZ5,-0.012345012,-0.020496644,2959785
20131119,11:45:00.000,BBG000BQ87N0,-0.0031148987,-0.0098025305,354953
20131119,11:45:00.000,BBG000HW5GX3,0.00491178,0.0027932355,771010
20131119,11:45:00.000,BBG000BLMZK6,0.000663193,-0.0015272702,302445
20131119,11:45:00.000,BBG000BND699,0.00089410774,-0.008499731,374052
20131119,11:45:00.000,BBG000BYWTX7,-0.01402302,-0.021022132,2240556
20131119,11:45:00.000,BBG000BGKHZ3,0.0014908677,0.0018017807,273801
20131119,11:45:00.000,BBG000M1R011,0.007671873,-0.00048354853,1147781
20131119,11:45:00.000,BBG000BCJ161,0.0010166604,0.012170175,959609
20131119,11:45:00.000,BBG000DGPR66,-0.010951075,-0.012280175,472438
20131119,11:45:00.000,BBG000BV75B7,0.00048771876,-0.00078818144,173240
20131119,11:45:00.000,BBG000BPZBB6,1.8113291e-05,-0.0052752937,282417
20131119,11:45:00.000,BBG000BL79J3,-0.0059324433,-0.0056769582,2527655
20131119,11:45:00.000,BBG000BP7JB0,-0.0076565733,-0.014675423,1170610
20131119,11:45:00.000,BBG000BVB8Q0,-0.009937597,-0.011489219,1207855
20131119,11:45:00.000,BBG000TJM7F0,-0.0019369567,-0.005033714,262305
20131119,11:45:00.000,BBG000BHQYG9,0.002348404,0.000474885,273164
20131119,11:45:00.000,BBG000BDDN94,0.010964795,0.0027846822,107556
20131119,11:45:00.000,BBG000BWP7D9,0.001680878,-0.004014888,451569
20131119,11:45:00.000,BBG000F9KJN4,-0.01724477,-0.02141897,1264666
20131119,11:45:00.000,BBG000BWVSR1,-0.005025775,-0.0061541204,949054
20131119,11:45:00.000,BBG000BHCP19,-0.0017641844,-0.009188571,627028
20131119,11:45:00.000,BBG000BFDLV8,-0.009876087,-0.009974389,243291
20131119,11:45:00.000,BBG000BX8DC4,-0.005290962,-0.005917259,798164
20131119,11:45:00.000,BBG000CPHYL4,-0.010163228,-0.020131249,473492
20131119,11:45:00.000,BBG000BCNYT9,0.010596207,0.002921744,1795230
20131119,11:45:00.000,BBG000VC0T95,0.017125314,0.011132,309809
20131119,11:45:00.000,BBG000PCQQL6,0.007018173,0.0014285325,527960
20131119,11:45:00.000,BBG000BQ74K1,0.0015034861,0.0043858457,619300
20131119,11:45:00.000,BBG000BJDPC2,0.011457555,0.015130767,528510
20131119,11:45:00.000,BBG000GPXKX9,0.0029501962,0.0011012917,253922
20131119,11:45:00.000,BBG000BJ49H3,-0.0055266107,-0.010111612,234239
20131119,11:45:00.000,BBG000PLXQQ3,-0.0073113223,-0.00808207,179077
20131119,11:45:00.000,BBG000BQHGR6,0.0001438314,-0.0063395267,282215
20131119,11:45:00.000,BBG000KLB4Q1,0.010038,0.004339769,878584
20131119,11:45:00.000,BBG000C3Y7J6,0.00511161,-0.00046840325,235175
20131119,11:45:00.000,BBG000FFH4P5,0.0018598684,-0.0048164623,174588
20131119,11:45:00.000,BBG000JBSJZ4,0.0009935243,-0.001795621,553981
20131119,11:45:00.000,BBG000F86GP6,0.0059658787,0.005051539,286156
20131119,11:45:00.000,BBG000BQTMJ9,0.007936089,0.005997225,1238136
20131119,11:45:00.000,BBG000RNTSX0,-0.0044803564,-0.0043082116,87017
20131119,11:45:00.000,BBG000GZD660,0.0087236,0.0076523,153429
20131119,11:45:00.000,BBG000D9DMK0,0.0010643975,-0.00429697,159636
20131119,11:45:00.000,BBG003P9ZSL3,-0.0138438335,-0.009187306,119503
20131119,11:45:00.000,BBG000C37332,0.006662525,0.00241337,183118
20131119,11:45:00.000,BBG000C1DHF5,-0.00057191146,-0.0061904434,599987
20131119,11:45:00.000,BBG000FW8LZ9,0.01373752,0.014878862,642694
20131119,11:45:00.000,BBG000BCVMH9,-0.00014746489,-0.009811875,112346
20131119,11:45:00.000,BBG000BKQ3V3,0.0054853847,-0.0015252873,582798
20131119,11:45:00.000,BBG000CXD6X9,0.010137009,0.0041167876,331019
20131119,11:45:00.000,BBG000BCYP43,0.006161059,0.008179075,106482
20131119,11:45:00.000,BBG000PM7GJ0,-0.014510616,-0.02103913,5233955
20131119,11:45:00.000,BBG000C75N77,0.0023020653,0.0010046443,196685
20131119,11:45:00.000,BBG000G8N9C6,-0.00555469,-0.0032810543,790847
20131119,11:45:00.000,BBG000C90DH9,0.007802807,0.0064495886,1497883
20131119,11:45:00.000,BBG000C6F3T8,0.004174603,-0.0035633447,2394631
20131119,11:45:00.000,BBG000BFV115,-0.0010961234,-0.00039787198,401962
20131119,11:45:00.000,BBG000C7B436,0.0019458961,-0.010747108,311285
20131119,11:45:00.000,BBG000BLCPY4,-0.008967407,-0.013831443,522925
20131119,11:45:00.000,BBG000BD3LM4,0.003284455,-0.0043168003,1734084
20131119,11:45:00.000,BBG000BDY3Y7,-0.02060701,-0.027807578,1986788
20131119,11:45:00.000,BBG000BMZ7P7,-0.0047730375,-0.017802883,204954
20131119,11:45:00.000,BBG000BBNYF6,-0.007962082,-0.009311296,405047
20131119,11:45:00.000,BBG000BK6G19,0.00302545,0.001711404,690731
20131119,11:45:00.000,BBG000BB29X4,-0.0013815193,-0.0067012776,243180
20131119,11:45:00.000,BBG000BB03M1,0.006322518,-0.013937663,590788
20131119,11:45:00.000,BBG000BGD7W6,-0.0018760216,-0.009611587,736911
20131119,11:45:00.000,BBG000C3NTN5,0.012186488,0.010725074,1334440
20131119,11:45:00.000,BBG000BHB3M6,-0.0057753175,-0.0110397665,169252
20131119,11:45:00.000,BBG000BBCQD7,-0.0060736355,-0.004217359,734450
20131119,11:45:00.000,BBG000D14WM3,0.0005912777,-2.8231206e-08,3081011
20131119,11:45:00.000,BBG000CVWGS6,-0.015630681,-0.019400869,2962116
20131119,11:45:00.000,BBG000BQSQ38,0.0037275006,0.005064809,904442
20131119,11:45:00.000,BBG000BPQVR5,-0.008437656,-0.008688182,228950
20131119,11:45:00.000,BBG000BCZYD3,-0.003243426,-0.0018492844,197692
20131119,11:45:00.000,BBG000FDBX90,-0.0014445198,-0.008030293,514018
20131119,11:45:00.000,BBG000BQVTF5,0.00096037035,-0.0061185146,307721
20131119,11:45:00.000,BBG001BPFT54,-0.041128732,-0.04944347,3200105
20131119,11:45:00.000,BBG000BHC2S1,-0.00513254,-0.0027518382,521685
20131119,11:45:00.000,BBG000DN7P92,0.0058307284,0.0068025663,379406
20131119,11:45:00.000,BBG000C060M4,-0.008720412,-0.006880239,119156
20131119,11:45:00.000,BBG000BHKYH4,-0.0050579603,-0.0037349486,175652
20131119,11:45:00.000,BBG000F6ZWH2,0.007252775,0.007628324,2102430
20131119,11:45:00.000,BBG000BFTJ91,0.0003625187,-0.0018347019,282322
20131119,11:45:00.000,BBG000BD0TF8,0.0010528927,0.00074318907,443918
20131119,11:45:00.000,BBG000BP1Q11,0.011753072,0.011048747,287620
20131119,11:45:00.000,BBG000D5S4M0,0.0017223587,7.560651e-05,128480
20131119,11:45:00.000,BBG000MQ1SN9,-0.0057202466,-0.014339869,691812
20131119,11:45:00.000,BBG000BKZTP3,0.0041010333,0.0006764036,367546
20131119,11:45:00.000,BBG000C0HQ54,-0.0027396826,-0.0034929032,1197963
20131119,11:45:00.000,BBG000BP1152,0.016811445,0.010237758,763929
20131119,11:45:00.000,BBG000BN9WT5,-0.001197109,-0.008796055,604091
20131119,11:45:00.000,BBG000BBLK04,0.0013856821,0.00039627153,123325
20131119,11:45:00.000,BBG000NSQ9M0,0.0061448803,0.0076369555,2532736
20131119,11:45:00.000,BBG000BRXP69,-0.004405811,-0.0034384786,207113
20131119,11:45:00.000,BBG000BGYWY6,-0.0021676004,0.0010840442,114121
20131119,11:45:00.000,BBG000BJ8YN7,0.0011849779,-0.0018129158,561562
20131119,11:45:00.000,BBG000BFVXX0,-0.0016557695,-0.0061474945,624559
20131119,11:45:00.000,BBG000BLM0V1,-0.0041677267,-0.0074936356,148407
20131119,11:45:00.000,BBG000BBCDZ2,0.0026102054,0.00058367715,190527
20131119,11:45:00.000,BBG000KBQZ88,-0.0039667003,-0.009221097,458612
20131119,11:45:00.000,BBG000BWXL85,0.0045074923,-0.0016119516,558747
20131119,11:45:00.000,BBG000BKXYX5,-0.0023693612,-0.0042651445,326685
20131119,11:45:00.000,BBG000D1QCF1,0.010483131,0.0007202232,453254
20131119,11:45:00.000,BBG000CKVSG8,-0.0055844774,-0.010701283,651989
20131119,11:45:00.000,BBG000BPYHJ6,0.030504914,0.02726996,580596
20131119,11:45:00.000,BBG000BKWSR6,-0.0006389386,-0.0022461934,5782895
20131119,11:45:00.000,BBG000BMTFR4,-0.0032144762,-0.00659882,619103
20131119,11:45:00.000,BBG000C1FQS9,0.001980817,-0.0046409895,283423
20131119,11:45:00.000,BBG000BR37X2,0.004033169,0.0011003467,877330
20131119,11:45:00.000,BBG000BB6G37,6.418215e-05,-0.007378074,413248
20131119,11:45:00.000,BBG000CHPY97,0.01078855,0.009602755,3516449
20131119,11:45:00.000,BBG000BPXRB3,-0.013950228,-0.016436996,385304
20131119,11:45:00.000,BBG000BF5RY1,-0.0068109664,-0.010251628,620632
20131119,11:45:00.000,BBG000BNNKG9,0.015257045,0.012484907,1074815
20131119,11:45:00.000,BBG001NVJ6W4,-0.019886872,-0.02449059,707833
20131119,11:45:00.000,BBG0035LY913,0.0038090346,0.0074606366,772953
20131119,11:45:00.000,BBG000BMLWX8,0.0027534794,0.0023993633,864392
20131119,11:45:00.000,BBG000BPNP00,0.0025463535,-0.005177531,706718
20131119,11:45:00.000,BBG000DSMS70,0.0011354666,0.0009223351,421283
20131119,11:45:00.000,BBG000D13GN8,-0.030761648,-0.03400862,826387
20131119,11:45:00.000,BBG000BSC0K9,-0.0050159995,-0.0014284297,367349
20131119,11:45:00.000,BBG000MDCQC2,0.0021624449,-0.0035425418,482863
20131119,11:45:00.000,BBG000BMKDM3,-0.0038245565,-0.007055172,434027
20131119,11:45:00.000,BBG000BF1R66,0.0032885694,0.00068673043,128667
20131119,11:45:00.000,BBG000BJQWD2,0.00068443257,-0.00032809627,351775
20131119,11:45:00.000,BBG000C2ZCH8,0.00043349413,-0.00555058,245894
20131119,11:45:00.000,BBG000BP8Z50,-0.005309847,-0.007337334,387844
20131119,11:45:00.000,BBG000FBK808,-0.0065656984,-0.0080670975,2252416
20131119,11:45:00.000,BBG000BXMFC3,0.0040183878,-0.0017736941,458650
20131119,11:45:00.000,BBG000BFNR17,-0.0013999447,-0.0021339953,175572
20131119,11:45:00.000,BBG000RGM5P1,-0.00715531,-0.013525335,742747
20131119,11:45:00.000,BBG000BKR1D6,0.0017401151,0.0024799325,121997
20131119,11:45:00.000,BBG000D7RKJ5,-0.0004350885,-0.005520592,343751
20131119,11:45:00.000,BBG000G6BN50,-0.0032040158,-0.0030536046,169460
20131119,11:45:00.000,BBG000J1QLT0,0.0010042645,-0.002094547,242630
20131119,11:45:00.000,BBG000BNFLM9,-0.0043077585,-0.00805273,568849
20131119,11:45:00.000,BBG000BTCH57,-0.011361692,-0.021057209,1229877
20131119,11:45:00.000,BBG000FLZN98,-0.0032746913,0.00010664431,206157
20131119,11:45:00.000,BBG000C4DPX1,0.0028996235,-0.005570366,266161
20131119,11:45:00.000,BBG000BQ8KV2,0.0044467323,0.0031116705,343553
20131119,11:45:00.000,BBG000BPMH90,-0.0023329342,-0.002778006,445707
20131119,11:45:00.000,BBG000K14Q84,0.0019262164,-0.008694159,241991
20131119,11:45:00.000,BBG000BC9938,0.0026741987,-0.0021731083,385232
20131119,11:45:00.000,BBG000QFJ7H3,0.0030099188,-0.00010360709,1447128
20131119,11:45:00.000,BBG000BTQR96,-0.00044067198,-0.007553915,333865
20131119,11:45:00.000,BBG000CHWP52,0.0022180656,0.0009951937,325111
20131119,11:45:00.000,BBG000D8RG11,-0.0030722655,-0.008479559,755807
20131119,11:45:00.000,BBG000BS9489,0.002721331,0.001501372,342298
20131119,11:45:00.000,BBG000CKJ0P3,-0.00799164,-0.0002647939,213392
20131119,11:45:00.000,BBG000BWCKB6,0.0013749625,0.00024542882,117568
20131119,11:45:00.000,BBG000BVWLJ6,-8.802813e-05,-0.0021269869,879417
20131119,11:45:00.000,BBG000BXM6V2,-0.006496588,-0.007914718,325031
20131119,11:45:00.000,BBG000D9KWL9,-0.0012443598,-0.004043995,126040
20131119,11:45:00.000,BBG000BKNX95,0.0017062703,-0.00372537,713652
20131119,11:45:00.000,BBG000J5Q6L2,0.02689992,0.02619793,3503014
20131119,11:45:00.000,BBG000QN4GY3,-0.0055369367,-0.010097442,461476
20131119,11:45:00.000,BBG000BCTQ65,0.0013656844,-0.0045421473,1086382
20131119,11:45:00.000,BBG000BNNYW1,-0.00045863315,-0.0026056494,442550
20131119,11:45:00.000,BBG003641015,0.00044086517,0.0010515061,442638
20131119,11:45:00.000,BBG000D6L294,-0.016608868,-0.016121687,677277
20131119,11:45:00.000,BBG000BSBZH7,0.0027448575,0.0040186867,434094
20131119,11:45:00.000,BBG000BNC3Y9,-0.0033121733,-0.0030876705,618136
20131119,11:45:00.000,BBG000F15NW9,0.0029423865,0.004049392,572543
20131119,11:45:00.000,BBG000R0L5J4,-0.0015033124,-0.0051661544,1184721
20131119,11:45:00.000,BBG000BVMPN3,-0.002775481,7.154129e-07,236247
20131119,11:45:00.000,BBG000BB5BF6,-0.015511919,-0.014082516,946546
20131119,11:45:00.000,BBG000BR3KL6,-0.004816691,-0.010048793,263880
20131119,11:45:00.000,BBG000BNGTQ7,-0.0060045454,-0.0065334197,730768
20131119,11:45:00.000,BBG000BHZ5J9,0.0057440163,0.004460889,519271
20131119,11:45:00.000,BBG000BN84F3,-0.0020507914,-0.007597139,471657
20131119,11:45:00.000,BBG000BBJQV0,-0.004639676,-0.009880951,1568066
20131119,11:45:00.000,BBG000BB1TH9,-0.0012988425,-0.013772676,370341
20131119,11:45:00.000,BBG000BFS7D3,-0.0044130045,-0.004805109,304278
20131119,11:45:00.000,BBG000BR14K5,0.0029608845,4.1464605e-07,281537
20131119,11:45:00.000,BBG000BPVCR1,0.026012423,0.024747198,780976
20131119,11:45:00.000,BBG000BKLH74,-0.0039062826,-0.005363627,1422388
20131119,11:45:00.000,BBG002S5ZRF9,-0.030707177,-0.038371485,1055965
20131119,11:45:00.000,BBG000BKPL53,0.0030512821,0.0058050076,248340
20131119,11:45:00.000,BBG000DY8ZS4,-0.009733113,-0.018568829,2710823
20131119,11:45:00.000,BBG000DNTSP4,-0.0003096089,-0.0032202313,761437
20131119,11:45:00.000,BBG000BM6788,-0.0036060286,-0.0078430055,1058603
20131119,11:45:00.000,BBG000G3QLY3,0.002349607,0.0017577488,295859
20131119,11:45:00.000,BBG000BLKK03,-0.002442884,-0.0030420742,831074
20131119,11:45:00.000,BBG000BP0KQ8,-0.01812953,-0.023636641,1771846
20131119,11:45:00.000,BBG000C7LMS8,0.007137201,0.010193544,46402
20131119,11:45:00.000,BBG000JBN3X6,-0.0040100953,0.006965837,4531991
20131119,11:45:00.000,BBG000QW7VC1,-0.009167691,-0.019068507,1638011
20131119,11:45:00.000,BBG000C2YHG9,-0.017384462,-0.020267006,689714
20131119,11:45:00.000,BBG000BVHBM1,0.0029054808,0.0027094393,764385
20131119,11:45:00.000,BBG000FKJRC5,0.0010801868,-0.0012351419,260645
20131119,11:45:00.000,BBG000BP4MH0,-0.0017775532,-0.0031732223,732597
20131119,11:45:00.000,BBG000BSXQV7,-3.6300087e-05,0.0005114939,111104
20131119,11:45:00.000,BBG000BY33P5,-0.010079106,-0.0147995725,10011422
20131119,11:45:00.000,BBG000BNJHS8,-0.0033843648,0.009926052,3166025
20131119,11:45:00.000,BBG000BB5373,0.008679619,0.0011963244,2292608
20131119,11:45:00.000,BBG000CSY9H9,0.00062133913,0.0036281645,375683
20131119,11:45:00.000,BBG000BQWPC5,0.004088578,-0.0012188411,890058
20131119,11:45:00.000,BBG000BQZMH4,-0.004545094,-0.009079355,1009719
20131119,11:45:00.000,BBG000BC4JJ4,0.007552777,0.003774431,284244
20131119,11:45:00.000,BBG001QD41M9,-0.0018148477,-0.00554823,694836
20131119,11:45:00.000,BBG000BHLYS1,-0.006902786,-0.010820376,513059
20131119,11:45:00.000,BBG000HG21Y3,0.027721064,0.02287254,323572
20131119,11:45:00.000,BBG000BHLYP4,0.0021604698,0.0075220307,751937
20131119,11:45:00.000,BBG000DLFM21,-0.0025159793,-0.0053373287,176646
20131119,11:45:00.000,BBG000H9G7X2,0.006437791,0.005739467,734634
20131119,11:45:00.000,BBG000BRRG02,0.00045703206,-0.0012493772,103085
20131119,11:45:00.000,BBG000BBMSJ6,-0.029280314,-0.03910735,4384951
20131119,11:45:00.000,BBG000MM5VL9,-0.019349279,-0.024696989,485937
20131119,11:45:00.000,BBG000C2V3D6,-0.0052503264,-0.003514813,903392
20131119,11:45:00.000,BBG000G30YX4,-0.01304066,-0.01397066,204458
20131119,11:45:00.000,BBG000JN8R00,0.0102091,0.008628571,2468414
20131119,11:45:00.000,BBG000C2PW58,0.00055726507,-8.240686e-05,133228
20131119,11:45:00.000,BBG000CGQ6M4,0.002926513,0.00019788857,200124
20131119,11:45:00.000,BBG000BCBCM7,0.012233967,0.0051660496,5095196
20131119,11:45:00.000,BBG000C3HSR0,-0.0009991345,-0.0038189038,635424
20131119,11:45:00.000,BBG000BG09F5,-0.005436629,-0.005324087,734739
20131119,11:45:00.000,BBG000BDXGP9,0.0013179798,-0.0018408862,856765
20131119,11:45:00.000,BBG000BTVJ25,-0.0014451155,-0.0017837808,900877
20131119,11:45:00.000,BBG000BTKGG8,-0.00047865513,-0.0036143383,1191548
20131119,11:45:00.000,BBG000BLW530,-0.008190317,-0.012523149,782529
20131119,11:45:00.000,BBG000BY2Y78,-0.0011915476,-0.0011867987,1178339
20131119,11:45:00.000,BBG000BJ2VQ6,0.0052801026,-0.00040938336,363563
20131119,11:45:00.000,BBG0039320N9,-0.0041524926,-0.005693486,1289309
20131119,11:45:00.000,BBG000BRJ809,0.0009262958,0.0015165277,73900
20131119,11:45:00.000,BBG000TWC2V5,0.013328576,0.009251176,727757
20131119,11:45:00.000,BBG0019JZ882,-0.0056327092,-0.010105268,2118401
20131119,11:45:00.000,BBG000BF6LY3,0.0003092716,-0.0056059184,1649309
20131119,11:45:00.000,BBG000BYYLS8,0.0004966726,-0.00059144245,1076706
20131119,11:45:00.000,BBG000BRWGG9,-0.004161226,-0.0057970933,5166596
20131119,11:45:00.000,BBG000FW00S1,0.0063496204,-0.0015489128,2323516
20131119,11:45:00.000,BBG000BK67C7,0.0070906677,0.0034156204,690196
20131119,11:45:00.000,BBG000FVXD63,0.008774181,0.007656899,555704
20131119,11:45:00.000,BBG000D2M0Z7,-0.011583677,-0.014184646,321516
20131119,11:45:00.000,BBG000BLBXT4,0.0030512793,-0.0038842997,327463
20131119,11:45:00.000,BBG000CS7CT9,3.1091764e-05,0.0046561104,1010301
20131119,11:45:00.000,BBG000BFMBQ6,0.005464008,0.003388253,445920
20131119,11:45:00.000,BBG000BBBNC6,-0.011784473,-0.008670526,544038
20131119,11:45:00.000,BBG000G0Z878,-0.004403593,-0.004848121,1674903
20131119,11:45:00.000,BBG000CR90K4,-0.0052691083,-0.009732616,7431799
20131119,11:45:00.000,BBG000BQ2C28,-0.004615613,-0.004159958,346540
20131119,11:45:00.000,BBG000BMBL90,-0.0005869539,-0.002454277,547394
20131119,11:45:00.000,BBG000BX5ZF5,0.0154347,0.008118349,3875814
20131119,11:45:00.000,BBG000BPT0C6,0.0033314538,-6.846682e-05,985819
20131119,11:45:00.000,BBG000BMY992,0.012591608,0.012567943,1600688
20131119,11:45:00.000,BBG000BL9JQ1,-0.0069194725,-0.010077827,1109792
20131119,11:45:00.000,BBG000JG0547,0.029109485,0.031215074,3042176
20131119,11:45:00.000,BBG000BM7HL0,-0.0053863046,-0.011194433,1242752
20131119,11:45:00.000,BBG000BRK7L6,0.004046966,0.0025283475,1742166
20131119,11:45:00.000,BBG000BMQPL1,0.0005503491,-0.00078024506,4791592
20131119,11:45:00.000,BBG000C1FB75,,,474358
20131119,11:45:00.000,BBG000CZWZ05,-0.00024396996,-0.004118855,0
20131119,11:45:00.000,BBG000R7RDB4,-0.0014585842,-0.0036420396,495895
20131119,11:45:00.000,BBG000DTMH63,,,1166891
20131119,11:45:00.000,BBG000BTR593,0.010942354,0.010604673,1154516
20131119,11:45:00.000,BBG000BB6M98,-0.004959836,-0.012709826,2459307
20131119,11:45:00.000,BBG000C2BXK4,-0.015697075,-0.02182334,3713988
20131119,11:45:00.000,BBG000PVRDL2,-0.00064924185,0.001390457,1304606
20131119,11:45:00.000,BBG000BVMGF2,-0.001727038,-0.0031340702,472533
20131119,11:45:00.000,BBG000BCGY17,0.0027684562,-0.002736002,680728
20131119,11:45:00.000,BBG000CNFQW6,-0.0027952695,-0.0024950502,295200
20131119,11:45:00.000,BBG000BSD7C2,-0.0043754727,-0.006245691,475966
20131119,11:45:00.000,BBG000FQ6PY6,-0.0021619485,-0.005599471,843835
20131119,11:45:00.000,BBG000BC15S7,-0.0025354098,-0.0057279076,732839
20131119,11:45:00.000,BBG000BVDLH9,-0.004591466,-0.0038698993,314152
20131119,11:45:00.000,BBG000GC80B4,-0.0026737326,-0.0009019469,544710
20131119,11:45:00.000,BBG000C0F570,-0.0057432903,-0.0130219525,1713717
20131119,11:45:00.000,BBG000D898T9,0.0016315999,0.0004632888,671743
20131119,11:45:00.000,BBG000BG14P4,0.002468639,-0.00758395,900541
20131119,11:45:00.000,BBG000DQTXY6,-0.0010203959,-0.0015543237,1885611
20131119,11:45:00.000,BBG000C1S2X2,0.010663593,0.0057532876,771736
20131119,11:45:00.000,BBG000BWSV34,-0.0085714115,-0.009198586,450864
20131119,11:45:00.000,BBG000H0QBS7,-0.0033578814,-0.008763938,226644
20131119,11:45:00.000,BBG000BWNFZ9,0.00062815653,-0.005723823,540871
20131119,11:45:00.000,BBG000BS0ZF1,-0.00022993937,0.00011560073,117910
20131119,11:45:00.000,BBG000CPQZ77,-0.005232926,-0.007894045,1261250
20131119,11:45:00.000,BBG001M8HHB7,0.016198918,0.0062888837,550852
20131119,11:45:00.000,BBG000BH5DV1,0.0004408614,-0.0014302202,469280
20131119,11:45:00.000,BBG000NV1KK7,0.003578901,0.008748454,969034
20131119,11:45:00.000,BBG000DKCC19,0.041853417,0.04045498,2879181
20131119,11:45:00.000,BBG000CXYSZ6,-0.018213728,-0.023527341,609816
20131119,11:45:00.000,BBG000BGLRN3,-0.003953581,-0.004348578,1530087
20131119,11:45:00.000,BBG000QRKJ70,-0.034686506,-0.049927704,10433552
20131119,11:45:00.000,BBG000BQ5DS5,-0.0017778582,-0.010776386,299301
20131119,11:45:00.000,BBG000BV7LP7,0.00840526,0.008321857,1295198
20131119,11:45:00.000,BBG000BH5LT6,-0.004445354,-0.0077497168,1374854
20131119,11:45:00.000,BBG000R8ZVD1,0.0039097117,-0.00022431544,697474
20131119,11:45:00.000,BBG000BRJL00,-0.0011988917,-0.008091812,895559
20131119,11:45:00.000,BBG000BB6WG8,0.011348408,0.008794726,1803200
20131119,11:45:00.000,BBG000BJL3N0,0.0006015643,-0.0014998338,2069836
20131119,11:45:00.000,BBG000QY3XZ2,0.0057023875,-0.0030370853,711463
20131119,11:45:00.000,BBG000LD9JQ8,-0.007994065,-0.015799105,372074
20131119,11:45:00.000,BBG000Q3JN03,-0.0027966446,-0.0051725027,5275926
20131119,11:45:00.000,BBG000BH3JF8,-0.003481338,-0.0042254482,592747
20131119,11:45:00.000,BBG000BR54L0,0.0032681203,-0.0005472118,2558529
20131119,11:45:00.000,BBG000PX3XC0,-0.008359614,-0.0095052,1530828
20131119,11:45:00.000,BBG001YMS0B8,0.0043641576,0.00075595075,920471
20131119,11:45:00.000,BBG000BD8PN9,-0.0006415109,0.00090560596,1529306
20131119,11:45:00.000,BBG000BRD0D8,0.0040911306,0.000663564,474013
20131119,11:45:00.000,BBG000BMDV41,-0.0018086586,-0.0060896254,1341264
20131119,11:45:00.000,BBG000BGVW60,0.0011089832,-0.004129738,1171770
20131119,11:45:00.000,BBG000BKCFC2,-0.011041731,-0.012952514,1708193
20131119,11:45:00.000,BBG000BB9KF2,0.0009695671,-0.005382258,1423573
20131119,11:45:00.000,BBG000C0MF34,-0.004035988,-0.0049822684,182666
20131119,11:45:00.000,BBG000BZ2GG4,-0.0006939094,-0.009519941,805474
20131119,11:45:00.000,BBG000C0LW92,0.029664496,0.031101473,5265510
20131119,11:45:00.000,BBG000BMW2Z0,-0.0031812214,-0.0035645666,787449
20131119,11:45:00.000,BBG000F0KF42,-0.008272226,-0.01422551,927480
20131119,11:45:00.000,BBG000BX3TD3,-0.009993038,-0.01126637,2281384
20131119,11:45:00.000,BBG000QX74T1,0.005652175,0.0039081397,126983
20131119,11:45:00.000,BBG000BWJFZ4,-0.006018535,-0.006933246,201169
20131119,11:45:00.000,BBG000BKFBD7,-0.0034091193,-0.00091568264,706836
20131119,11:45:00.000,BBG000JWD753,0.0007378715,-0.0069229687,1327970
20131119,11:45:00.000,BBG000M65M61,0.04482828,0.050295632,5216238
20131119,11:45:00.000,BBG000MBDGM6,-0.0033296463,-0.005480103,168143
20131119,11:45:00.000,BBG000BBVJZ8,0.0070110625,0.0066886656,1003969
20131119,11:45:00.000,BBG000BV8DN6,0.007926547,0.009519372,1645674
20131119,11:45:00.000,BBG000BH2JM1,0.0121700745,0.008454355,2910790
20131119,11:45:00.000,BBG000BGJRC8,-0.0072484375,-0.016155655,2345033
20131119,11:45:00.000,BBG000QBR5J5,0.0020666593,0.0032727376,853445
20131119,11:45:00.000,BBG000BSLZY7,0.0024918918,0.0040944614,2458878
20131119,11:45:00.000,BBG000BJSBJ0,-0.009292166,-0.016735084,2066633
20131119,11:45:00.000,BBG000BJ81C1,-0.0006162864,-0.0013046567,399019
20131119,11:45:00.000,BBG000BFL116,-0.017477652,-0.026803212,1859672
20131119,11:45:00.000,BBG000HCJMF9,0.0009326643,0.003553065,686681
20131119,11:45:00.000,BBG000FV1Z23,0.0038109282,-0.009698983,378413
20131119,11:45:00.000,BBG000BBDV81,0.0013967969,0.0020849127,657384
20131119,11:45:00.000,BBG000FJLFX8,-0.0032865813,-0.004015269,1014119
20131119,11:45:00.000,BBG000J6XT05,-0.0063243015,-0.012836589,2400233
20131119,11:45:00.000,BBG000BCWCG1,-0.07965975,-0.08058773,16870990
20131119,11:45:00.000,BBG000BJPDZ1,-0.0026745906,-0.00013981691,72019
20131119,11:45:00.000,BBG000BPQD31,0.0037050506,0.004783594,1090426
20131119,11:45:00.000,BBG000C734W3,-0.0049689123,-0.0074914163,217629
20131119,11:45:00.000,BBG000C3GN47,0.0070095886,0.005779946,1427168
20131119,11:45:00.000,BBG000BFRF55,0.018122444,0.0109066535,3027109
20131119,11:45:00.000,BBG000BGPTV6,-0.0009357139,-0.0102298595,338334
20131119,11:45:00.000,BBG000BM5SR2,0.0058406712,0.00309122,1412357
20131119,11:45:00.000,BBG000BN5HF7,-0.0018632237,-0.004200929,1275748
20131119,11:45:00.000,BBG000BBD070,0.00029125682,-0.0036003734,778329
20131119,11:45:00.000,BBG000BVPPM1,0.017142782,0.013631584,1901766
20131119,11:45:00.000,BBG000DYGNW7,0.0026786672,0.0022985619,369000
20131119,11:45:00.000,BBG000BCG930,0.013425949,0.013382515,1386728
20131119,11:45:00.000,BBG000BHGDH5,-0.003007458,-0.00908486,872724
20131119,11:45:00.000,BBG000BJ3PD2,0.00056442776,-0.0055497554,618053
20131119,11:45:00.000,BBG000BFQYY3,0.0021843424,0.00030730077,691457
20131119,11:45:00.000,BBG000BY29C7,0.001228204,-0.00036957645,797136
20131119,11:45:00.000,BBG000C1BW00,0.0055460613,0.0025743973,243996
20131119,11:45:00.000,BBG000BD4VG8,0.0065998132,-0.0015699113,1081373
20131119,11:45:00.000,BBG000BHQ1H0,0.0058211237,0.00535971,921678
20131119,11:45:00.000,BBG000BB5006,-0.0011778292,-0.0074198404,850433
20131119,11:45:00.000,BBG000BKFZM4,0.008381266,0.0059579136,3109639
20131119,11:45:00.000,BBG000BWVCP8,0.0013667301,-0.00368411,1637103
20131119,11:45:00.000,BBG000FH8PX5,-0.011133388,-0.009971307,407069
20131119,11:45:00.000,BBG000BHX7N2,0.0016646974,-0.0020709867,457488
20131119,11:45:00.000,BBG000WCFV84,-0.0034028322,-0.005988704,1026061
20131119,11:45:00.000,BBG000BBPFB9,0.007151935,0.005345489,3986939
20131119,11:45:00.000,BBG000FL1TC8,0.0055553336,0.0032283282,1270087
20131119,11:45:00.000,BBG000F6H8W8,0.00081709115,0.0016219446,433381
20131119,11:45:00.000,BBG000BGKTF9,-0.0054423185,-0.002520866,1004056
20131119,11:45:00.000,BBG000C8H633,0.00814303,0.007941347,2307685
20131119,11:45:00.000,BBG000H89QJ6,0.012755164,0.010202741,900491
20131119,11:45:00.000,BBG0014GG205,-0.0022914764,-0.0040397136,3557940
20131119,11:45:00.000,BBG000BFXHL6,-0.00945616,-0.01259705,885343
20131119,11:45:00.000,BBG000BH3GZ2,0.004889172,0.0023831974,977620
20131119,11:45:00.000,BBG000BT9DW0,0.002292664,-0.0035418635,2584830
20131119,11:45:00.000,BBG000FP1N32,0.0052831033,0.0019722315,1058921
20131119,11:45:00.000,BBG000FNRZ69,1.1631492e-05,-0.011094513,1846291
20131119,11:45:00.000,BBG000D42FJ0,-0.022167385,-0.029795665,3981939
20131119,11:45:00.000,BBG00286S4N9,0.013543293,0.012123564,1066814
20131119,11:45:00.000,BBG0025Y4RY4,-0.005913338,-0.009002456,1149559
20131119,11:45:00.000,BBG000BFDXW1,-0.005483771,-0.014272845,3386806
20131119,11:45:00.000,BBG0029SNR63,-0.000243751,-0.0016680631,1037427
20131119,11:45:00.000,BBG000G2R6M0,0.0038220424,0.00620671,2413233
20131119,11:45:00.000,BBG000BCVJ77,0.0004923256,0.001961564,1333138
20131119,11:45:00.000,BBG000BL4504,-0.001503375,-0.0051132697,5172678
20131119,11:45:00.000,BBG000BC2C10,0.004726371,0.00554312,1100217
20131119,11:45:00.000,BBG000B9WH86,0.025107041,0.024594551,13207938
20131119,11:45:00.000,BBG000BJX8C8,0.002079976,-0.0034153482,1471369
20131119,11:45:00.000,BBG000H556T9,-0.0005160053,-0.0035697569,416624
20131119,11:45:00.000,BBG000C496P7,-0.005899586,-0.009645008,1064739
20131119,11:45:00.000,BBG000FG3C43,-0.0059949686,-0.01236916,1206825
20131119,11:45:00.000,BBG000BNWG87,-0.008586148,-0.0068619666,2025652
20131119,11:45:00.000,BBG000BNBDC2,-0.00412199,-0.0035275046,1286109
20131119,11:45:00.000,BBG000BJ98Z0,-0.010678636,-0.017740041,1131001
20131119,11:45:00.000,BBG000Q2HM09,0.009305772,0.006595777,1789093
20131119,11:45:00.000,BBG000D9D830,0.0016003802,0.0017189559,809434
20131119,11:45:00.000,BBG000CJZ2W6,-0.021672811,-0.022142109,1515487
20131119,11:45:00.000,BBG000BH13K9,-0.0033703789,-0.0035658756,1181927
20131119,11:45:00.000,BBG000C46HM9,-0.005756054,-0.0019815492,1322162
20131119,11:45:00.000,BBG000BWXBC2,-0.00063949864,-0.0023992232,1661183
20131119,11:45:00.000,BBG000BN2DC2,-0.022441791,-0.029732473,8444584
20131119,11:45:00.000,BBG000BTZQC4,0.0056984373,0.0024644271,2474051
20131119,11:45:00.000,BBG001DCCGR8,0.019839235,0.016600851,1890937
20131119,11:45:00.000,BBG000BB6KF5,-0.0043689483,-0.0034486076,2596269
20131119,11:45:00.000,BBG000DHSPT0,0.0036342964,0.0035191546,1176730
20131119,11:45:00.000,BBG000F0PF65,0.0009194303,0.0013463144,1250051
20131119,11:45:00.000,BBG000BH1NH9,-0.00959237,-0.013866811,2218275
20131119,11:45:00.000,BBG000BVV7G1,0.00025757862,-0.0054189693,1287425
20131119,11:45:00.000,BBG000BPWXK1,0.0024603943,0.004810141,2007252
20131119,11:45:00.000,BBG000BJF1Z8,-0.008896081,-0.016079342,948997
20131119,11:45:00.000,BBG000BXRPH1,-0.009190725,-0.010696894,1267479
20131119,11:45:00.000,BBG000BC40Y8,0.005109636,0.0038723908,832075
20131119,11:45:00.000,BBG000BBGGQ1,0.0031167585,7.94678e-08,2906421
20131119,11:45:00.000,BBG000C17X76,0.016800089,0.01583219,458249
20131119,11:45:00.000,BBG000BP6LJ8,-0.005398796,-0.008413524,2263688
20131119,11:45:00.000,BBG000B9ZXB4,0.013754126,0.01449438,3353108
20131119,11:45:00.000,BBG000BMF5J0,0.006813029,0.006893161,10979536
20131119,11:45:00.000,BBG000C5HS04,-0.00443336,-0.0057896045,1130618
20131119,11:45:00.000,BBG000BLZRJ2,0.0019124212,0.0046165176,4095413
20131119,11:45:00.000,BBG000L9CV04,0.002863163,-0.0042448207,901213
20131119,11:45:00.000,BBG000BWLMJ4,-0.016921578,-0.01530431,2003532
20131119,11:45:00.000,BBG000D4LWF6,0.0020653754,-0.0023557045,1905694
20131119,11:45:00.000,BBG000BCQZS4,-0.00073463685,0.0021862125,854288
20131119,11:45:00.000,BBG000H8TVT2,0.00053963135,0.0051153637,1128618
20131119,11:45:00.000,BBG000FFDM15,0.007945673,0.0083498405,2566919
20131119,11:45:00.000,BBG000BFWKC0,-0.008968859,-0.008485018,1073095
20131119,11:45:00.000,BBG000BP52R2,0.0011804765,0.0003458468,716539
20131119,11:45:00.000,BBG000C15T95,0.003777341,-0.0013842086,1496274
20131119,11:45:00.000,BBG000BZ9223,-0.007174204,-0.007385828,516864
20131119,11:45:00.000,BBG000BHBK84,0.0004470447,-0.0035124975,1868711
20131119,11:45:00.000,BBG000CTQBF3,0.00022171611,-0.0013656858,1320048
20131119,11:45:00.000,BBG000BW8S60,0.002939438,-0.0013286828,559829
20131119,11:45:00.000,BBG000BB07P9,0.005252445,0.0050953785,4269399
20131119,11:45:00.000,BBG000CH5208,-0.00027495183,-0.0023715298,1172240
20131119,11:45:00.000,BBG000BW3299,-0.00037920853,-0.0086955335,482455
20131119,11:45:00.000,BBG000DQLV23,-0.0019434371,-0.0013495105,1516572
20131119,11:45:00.000,BBG000DWYF03,-0.0027574752,-0.0032583042,2837420
20131119,11:45:00.000,BBG000BGRY34,-0.0027599775,0.00030546085,1510922
20131119,11:45:00.000,BBG000F1ZSQ2,-0.0057057636,-0.0041402453,104333
20131119,11:45:00.000,BBG000BQQ2S6,-0.004896262,-0.0046343547,970223
20131119,11:45:00.000,BBG000KHWT55,0.009684705,0.0047991206,5111767
20131119,11:45:00.000,BBG000BNDN65,0.0010597631,0.0031440177,4876234
20131119,11:45:00.000,BBG000R7Z112,0.0031666385,0.009955313,4785049
20131119,11:45:00.000,BBG000BQQH30,-0.0075916103,-0.005115338,3125862
20131119,11:45:00.000,BBG000BBS2Y0,-0.005714059,-0.006506959,735469
20131119,11:45:00.000,BBG000J2XL74,0.0021406105,-0.0042011742,1098612
20131119,11:45:00.000,BBG000BJDB15,-0.0034798633,0.0008225369,2773839
20131119,11:45:00.000,BBG000DWG505,0.00073181797,-0.0010782571,790334
20131119,11:45:00.000,BBG000DH7JK6,-0.0051436746,-0.010248568,1543280
20131119,11:45:00.000,BBG000BKTFN2,0.0027251656,-0.0040489817,3023029
20131119,11:45:00.000,BBG000BF0K17,0.0050366586,-0.0033315306,1851517
20131119,11:45:00.000,BBG000BFC8J2,0.0005142996,0.00042453548,1030146
20131119,11:45:00.000,BBG000BH4R78,-0.0025503454,-0.0034528768,1578947
20131119,11:45:00.000,BBG000NDYB67,-0.0056603923,-0.009845622,6119801
20131119,11:45:00.000,BBG000C6CFJ5,0.0020224857,0.005975199,1349660
20131119,11:45:00.000,BBG000BQLTW7,-0.0041089314,-0.008019291,5442053
20131119,11:45:00.000,BBG000BNSZP1,-3.493606e-05,-0.00020478015,1169466
20131119,11:45:00.000,BBG000BBDZG3,-0.009288846,-0.0030645593,2521615
20131119,11:45:00.000,BBG000BHVJJ3,-0.0015770283,-0.0046001407,4754661
20131119,11:45:00.000,BBG000BFT2L4,-0.0016841699,-0.0023197997,2082402
20131119,11:45:00.000,BBG000C43RR5,-0.0012688263,-0.0007677649,4092736
20131119,11:45:00.000,BBG000Q9HH23,0.0038868599,0.002071595,918861
20131119,11:45:00.000,BBG000BCSST7,-0.0047680777,-0.008167526,1520014
20131119,11:45:00.000,BBG000BMX289,-0.001557461,-0.0062219235,4471021
20131119,11:45:00.000,BBG000GFFQN9,-0.0022596747,-0.00085775234,5172699
20131119,11:45:00.000,BBG000BT41Q8,-0.00047473967,-0.004292084,2365026
20131119,11:45:00.000,BBG000CKGBP2,0.008775022,0.007538076,2683470
20131119,11:45:00.000,BBG000BKZB36,0.016021002,0.018949278,6101511
20131119,11:45:00.000,BBG000BLBVN4,-0.0025272863,-0.006953235,189234
20131119,11:45:00.000,BBG000PSKYX7,-0.010565149,-0.009026168,883106
20131119,11:45:00.000,BBG000BPD168,-0.008214057,-0.0064561176,2888857
20131119,11:45:00.000,BBG000HS77T5,0.00011913641,-0.0045307465,3435651
20131119,11:45:00.000,BBG000BVPV84,0.007846387,-0.0011610646,823795
20131119,11:45:00.000,BBG000BR2TH3,-0.0033165824,-0.003429717,2210731
20131119,11:45:00.000,BBG000BQPC32,0.003310996,-0.002945585,10214406
20131119,11:45:00.000,BBG000CGC1X8,0.0018167084,-0.0011115544,3046339
20131119,11:45:00.000,BBG000BMHYD1,-0.0011078665,0.00084864337,1912807
20131119,11:45:00.000,BBG000K4ND22,0.007110163,0.0073826797,1708139
20131119,11:45:00.000,BBG000C0G1D1,0.010055062,0.0044725356,10970143
20131119,11:45:00.000,BBG000C5Z1S3,0.01655357,0.0124452235,22982752
20131119,11:45:00.000,BBG000BWQFY7,0.0054476094,0.0023033686,3914150
20131119,11:45:00.000,BBG000BLNNH6,-0.0005830726,-0.00065065606,1756086
20131119,11:45:00.000,BBG000BR2B91,-0.0076520187,-0.0062470515,10359630
20131119,11:45:00.000,BBG000BSJK37,0.00034557751,-0.00056100386,4693725
20131119,11:45:00.000,BBG000C3J3C9,-0.00023498903,-0.0032872236,23436004
20131119,11:45:00.000,BBG000BK6MB5,0.001239945,-0.0018376913,11323448
20131119,11:45:00.000,BBG000CL9VN6,0.00854653,0.00333553,1017701
20131119,11:45:00.000,BBG000GZQ728,0.001094294,0.0007344644,4783296
20131119,11:45:00.000,BBG000DMBXR2,0.008239002,0.008253222,9563799
20131119,11:45:00.000,BBG000FY4S11,0.005770692,0.00610319,9203190
20131119,11:45:00.000,BBG000N9MNX3,0.054418977,0.051958278,11436732
20131119,11:45:00.000,BBG000BCTLF6,0.012977096,0.0154102985,65555056
20131119,11:45:00.000,BBG000BPH459,0.003950872,-1.2634596e-06,16963560
20131119,11:45:00.000,BBG000BHSKN9,-0.005956882,-0.003964081,491039
20131119,11:45:00.000,BBG000MM2P62,0.011313503,0.01352673,35644028
20131119,11:45:00.000,BBG000B9XRY4,0.0025959269,0.0014264435,3156648
20131119,12:00:00.000,BBG000C221G9,-0.0019655142,-0.0060448525,240809
20131119,12:00:00.000,BBG000D9H9F1,0.012749214,0.015592843,1154721
20131119,12:00:00.000,BBG000BJ5GK2,0.008564832,-0.0013852979,500665
20131119,12:00:00.000,BBG000BVVQQ8,0.006421779,0.0026072974,547767
20131119,12:00:00.000,BBG000PTLGZ1,-0.008680124,-0.011523289,148356
20131119,12:00:00.000,BBG000CGT2S4,0.0058846935,0.007987863,1991828
20131119,12:00:00.000,BBG000RKR4R8,0.008175603,0.008718331,4744503
20131119,12:00:00.000,BBG000BDWKC5,0.0005399981,-0.0015342418,703356
20131119,12:00:00.000,BBG000JB27Y9,-0.0058125686,-0.0023302403,352064
20131119,12:00:00.000,BBG000BLXZN1,-0.0058698147,-0.004796047,331108
20131119,12:00:00.000,BBG000BK5DP1,-0.012268434,-0.014956047,983971
20131119,12:00:00.000,BBG000FBR384,0.008926183,0.0054705357,318027
20131119,12:00:00.000,BBG000BCHG15,0.013237128,0.012727886,244510
20131119,12:00:00.000,BBG000BLHRS2,-0.0038583297,-0.006154268,228939
20131119,12:00:00.000,BBG000F80SZ5,-0.012519406,-0.016554993,3212344
20131119,12:00:00.000,BBG000BQ87N0,-0.0019980916,-0.008635655,376699
20131119,12:00:00.000,BBG000HW5GX3,0.0060894582,0.006516955,951969
20131119,12:00:00.000,BBG000BLMZK6,0.0019123727,0.001222946,345131
20131119,12:00:00.000,BBG000BND699,0.00016772035,-0.0069209393,393751
20131119,12:00:00.000,BBG000BYWTX7,-0.017360715,-0.022471923,2365964
20131119,12:00:00.000,BBG000BGKHZ3,0.0017944032,0.0034235136,293911
20131119,12:00:00.000,BBG000M1R011,0.011837761,0.006969088,1218750
20131119,12:00:00.000,BBG000BCJ161,-0.0016695748,0.01250827,989064
20131119,12:00:00.000,BBG000DGPR66,-0.0106649455,-0.011666193,495597
20131119,12:00:00.000,BBG000BV75B7,0.00039973896,0.0004842601,216763
20131119,12:00:00.000,BBG000BPZBB6,8.804766e-05,-0.0049646636,317430
20131119,12:00:00.000,BBG000BL79J3,-0.007093813,-0.0058030775,2581914
20131119,12:00:00.000,BBG000BP7JB0,-0.008980952,-0.01386028,1378312
20131119,12:00:00.000,BBG000BVB8Q0,-0.011850232,-0.011489297,1316767
20131119,12:00:00.000,BBG000TJM7F0,0.0005533066,-0.0030819776,284997
20131119,12:00:00.000,BBG000BHQYG9,0.0005853922,0.000678176,282914
20131119,12:00:00.000,BBG000BDDN94,0.010820776,0.003552922,120677
20131119,12:00:00.000,BBG000BWP7D9,0.0018640716,-0.0037788104,487311
20131119,12:00:00.000,BBG000F9KJN4,-0.019778758,-0.02178389,1347615
20131119,12:00:00.000,BBG000BWVSR1,-0.0053103007,-0.0063739843,998590
20131119,12:00:00.000,BBG000BHCP19,-0.00073486083,-0.0070966054,664915
20131119,12:00:00.000,BBG000BFDLV8,-0.009825907,-0.009091731,260503
20131119,12:00:00.000,BBG000BX8DC4,-0.0048224158,-0.0051102876,864355
20131119,12:00:00.000,BBG000CPHYL4,-0.011670143,-0.02013127,525783
20131119,12:00:00.000,BBG000BCNYT9,0.009892222,0.0035059722,2082496
20131119,12:00:00.000,BBG000VC0T95,0.01884477,0.015747942,325124
20131119,12:00:00.000,BBG000PCQQL6,0.0068106125,0.0021447425,558557
20131119,12:00:00.000,BBG000BQ74K1,0.0018848489,0.005438518,642408
20131119,12:00:00.000,BBG000BJDPC2,0.010671282,0.0141315665,548369
20131119,12:00:00.000,BBG000GPXKX9,0.0013107425,0.0013978217,269940
20131119,12:00:00.000,BBG000BJ49H3,-0.0066278316,-0.009245024,304895
20131119,12:00:00.000,BBG000PLXQQ3,-0.008324981,-0.0075564203,192685
20131119,12:00:00.000,BBG000BQHGR6,-0.0016851693,-0.006773945,305264
20131119,12:00:00.000,BBG000KLB4Q1,0.0092835,0.005128906,917846
20131119,12:00:00.000,BBG000C3Y7J6,0.0049058185,0.0015814109,244954
20131119,12:00:00.000,BBG000FFH4P5,0.00079815567,-0.0038249788,200307
20131119,12:00:00.000,BBG000JBSJZ4,0.0013138956,-0.0007180989,576585
20131119,12:00:00.000,BBG000F86GP6,0.005967389,0.0065331273,300278
20131119,12:00:00.000,BBG000BQTMJ9,0.00928548,0.008995654,1293427
20131119,12:00:00.000,BBG000RNTSX0,-0.0033752674,-0.0013078294,91781
20131119,12:00:00.000,BBG000GZD660,0.011837409,0.013490123,167589
20131119,12:00:00.000,BBG000D9DMK0,0.0019143809,-0.0031509288,178232
20131119,12:00:00.000,BBG003P9ZSL3,-0.013363019,-0.007865225,124803
20131119,12:00:00.000,BBG000C37332,0.005767365,0.002997294,203125
20131119,12:00:00.000,BBG000C1DHF5,-0.0004881032,-0.004127056,636841
20131119,12:00:00.000,BBG000FW8LZ9,0.011825528,0.017978547,684103
20131119,12:00:00.000,BBG000BCVMH9,0.0019491597,-0.006708023,129109
20131119,12:00:00.000,BBG000BKQ3V3,0.0046199504,-0.0016341828,607303
20131119,12:00:00.000,BBG000CXD6X9,0.012143453,0.0066568195,351557
20131119,12:00:00.000,BBG000BCYP43,0.005933871,0.008580799,114717
20131119,12:00:00.000,BBG000PM7GJ0,-0.016546112,-0.019723985,5705383
20131119,12:00:00.000,BBG000C75N77,0.0034498654,0.00334966,218065
20131119,12:00:00.000,BBG000G8N9C6,-0.0066184388,-0.004081188,846930
20131119,12:00:00.000,BBG000C90DH9,0.0061400435,0.00527694,1622388
20131119,12:00:00.000,BBG000C6F3T8,0.0033424224,-0.0023754286,2687364
20131119,12:00:00.000,BBG000BFV115,-0.0012989759,0.002272078,413307
20131119,12:00:00.000,BBG000C7B436,0.00051539514,-0.010747058,340870
20131119,12:00:00.000,BBG000BLCPY4,-0.008978297,-0.012943143,546434
20131119,12:00:00.000,BBG000BD3LM4,-0.00020497419,-0.005550242,1827582
20131119,12:00:00.000,BBG000BDY3Y7,-0.019001553,-0.025135992,2095588
20131119,12:00:00.000,BBG000BMZ7P7,-0.005000354,-0.016999366,221071
20131119,12:00:00.000,BBG000BBNYF6,-0.009875767,-0.010627908,432727
20131119,12:00:00.000,BBG000BK6G19,0.002926795,0.004452442,772950
20131119,12:00:00.000,BBG000BB29X4,-0.0015073749,-0.006917613,267411
20131119,12:00:00.000,BBG000BB03M1,0.007950707,-0.010083954,623278
20131119,12:00:00.000,BBG000BGD7W6,0.00048374504,-0.0059802164,794913
20131119,12:00:00.000,BBG000C3NTN5,0.01143299,0.011191561,1434954
20131119,12:00:00.000,BBG000BHB3M6,-0.0055142925,-0.009208672,183940
20131119,12:00:00.000,BBG000BBCQD7,-0.0056693293,-0.0030671228,751003
20131119,12:00:00.000,BBG000D14WM3,0.0020331666,0.0043232082,3147353
20131119,12:00:00.000,BBG000CVWGS6,-0.017034842,-0.019400913,3152993
20131119,12:00:00.000,BBG000BQSQ38,0.0042619724,0.006216031,995436
20131119,12:00:00.000,BBG000BPQVR5,-0.009597959,-0.008477709,243329
20131119,12:00:00.000,BBG000BCZYD3,-0.0035805134,-0.0014332014,217886
20131119,12:00:00.000,BBG000FDBX90,-0.0019185107,-0.008030055,588042
20131119,12:00:00.000,BBG000BQVTF5,0.0006345515,-0.0058525233,321616
20131119,12:00:00.000,BBG001BPFT54,-0.035855222,-0.039790973,3305131
20131119,12:00:00.000,BBG000BHC2S1,-0.005623298,-0.002349117,535717
20131119,12:00:00.000,BBG000DN7P92,0.0064644567,0.008026845,402690
20131119,12:00:00.000,BBG000C060M4,-0.0069054617,-0.0040278174,126316
20131119,12:00:00.000,BBG000BHKYH4,-0.0041150623,-0.0022412047,184987
20131119,12:00:00.000,BBG000F6ZWH2,0.0070175123,0.008515425,2178728
20131119,12:00:00.000,BBG000BFTJ91,-0.00047640823,-0.0024822697,325580
20131119,12:00:00.000,BBG000BD0TF8,-0.00044685495,0.00037183746,488785
20131119,12:00:00.000,BBG000BP1Q11,0.011231829,0.011391774,301966
20131119,12:00:00.000,BBG000D5S4M0,0.00025875118,-0.00015197921,147353
20131119,12:00:00.000,BBG000MQ1SN9,-0.0063751633,-0.014423993,746390
20131119,12:00:00.000,BBG000BKZTP3,0.0044184406,0.0021044542,404007
20131119,12:00:00.000,BBG000C0HQ54,-0.0056496556,-0.004579675,1568456
20131119,12:00:00.000,BBG000BP1152,0.016782487,0.01424393,815743
20131119,12:00:00.000,BBG000BN9WT5,-0.00023743673,-0.007131946,648274
20131119,12:00:00.000,BBG000BBLK04,0.0005551361,0.00066054414,148183
20131119,12:00:00.000,BBG000NSQ9M0,0.0056253145,0.006545927,2623368
20131119,12:00:00.000,BBG000BRXP69,-0.0051417113,-0.0028132126,215455
20131119,12:00:00.000,BBG000BGYWY6,-0.0026961681,0.0014855932,125799
20131119,12:00:00.000,BBG000BJ8YN7,-0.00012197312,-0.0011731923,626406
20131119,12:00:00.000,BBG000BFVXX0,-0.00015449274,-0.0047011413,702385
20131119,12:00:00.000,BBG000BLM0V1,-0.0050589815,-0.008159715,160221
20131119,12:00:00.000,BBG000BBCDZ2,0.003013441,0.0020190524,198412
20131119,12:00:00.000,BBG000KBQZ88,-0.0059589352,-0.010069073,540268
20131119,12:00:00.000,BBG000BWXL85,0.005125371,0.0008592572,605092
20131119,12:00:00.000,BBG000BKXYX5,-0.0046771714,-0.0038129312,360957
20131119,12:00:00.000,BBG000D1QCF1,0.0111010745,0.002366151,515611
20131119,12:00:00.000,BBG000CKVSG8,-0.00477494,-0.0073753344,683316
20131119,12:00:00.000,BBG000BPYHJ6,0.030373454,0.02891372,615246
20131119,12:00:00.000,BBG000BKWSR6,0.0015661592,0.0011226848,5953878
20131119,12:00:00.000,BBG000BMTFR4,-0.0033061928,-0.0059625856,695961
20131119,12:00:00.000,BBG000C1FQS9,0.0019227234,-0.0046408474,298735
20131119,12:00:00.000,BBG000BR37X2,0.0038945728,0.001833724,929687
20131119,12:00:00.000,BBG000BB6G37,-0.0011118351,-0.007777073,467431
20131119,12:00:00.000,BBG000CHPY97,0.009934819,0.011203079,3756332
20131119,12:00:00.000,BBG000BPXRB3,-0.014715636,-0.015155437,401674
20131119,12:00:00.000,BBG000BF5RY1,-0.0026609655,-0.0062006214,657370
20131119,12:00:00.000,BBG000BNNKG9,0.017735269,0.017766988,1145548
20131119,12:00:00.000,BBG001NVJ6W4,-0.01851572,-0.020881403,769689
20131119,12:00:00.000,BBG0035LY913,0.006496416,0.010330055,816791
20131119,12:00:00.000,BBG000BMLWX8,0.0022404133,0.0047981837,898084
20131119,12:00:00.000,BBG000BPNP00,0.0032558911,-0.0037956382,745228
20131119,12:00:00.000,BBG000DSMS70,-0.0019032609,0.0009766232,440286
20131119,12:00:00.000,BBG000D13GN8,-0.03402093,-0.034134578,891157
20131119,12:00:00.000,BBG000BSC0K9,-0.0035523707,8.3436076e-05,394492
20131119,12:00:00.000,BBG000MDCQC2,0.0019944464,-0.0028919529,535002
20131119,12:00:00.000,BBG000BMKDM3,-0.004168079,-0.0069750138,461203
20131119,12:00:00.000,BBG000BF1R66,0.0031756093,0.001320209,138772
20131119,12:00:00.000,BBG000BJQWD2,0.0017055284,0.0022957376,364139
20131119,12:00:00.000,BBG000C2ZCH8,0.002069293,-0.003462529,290276
20131119,12:00:00.000,BBG000BP8Z50,-0.004942748,-0.006038187,405105
20131119,12:00:00.000,BBG000FBK808,-0.0064993817,-0.005762388,2392625
20131119,12:00:00.000,BBG000BXMFC3,0.005031199,0.0016264855,479191
20131119,12:00:00.000,BBG000BFNR17,-0.0011543148,-0.00044244036,188903
20131119,12:00:00.000,BBG000RGM5P1,-0.0078992825,-0.013239541,811165
20131119,12:00:00.000,BBG000BKR1D6,0.0012949229,0.0033518663,125497
20131119,12:00:00.000,BBG000D7RKJ5,-0.0016624149,-0.0063386974,389049
20131119,12:00:00.000,BBG000G6BN50,-0.0035092528,-0.002437182,174103
20131119,12:00:00.000,BBG000J1QLT0,0.0019500448,-0.0005057835,258422
20131119,12:00:00.000,BBG000BNFLM9,-0.0046970365,-0.0068882997,593186
20131119,12:00:00.000,BBG000BTCH57,-0.016356733,-0.025551498,1344956
20131119,12:00:00.000,BBG000FLZN98,-0.0022090909,0.0035124726,243165
20131119,12:00:00.000,BBG000C4DPX1,0.0025876686,-0.0045473594,286102
20131119,12:00:00.000,BBG000BQ8KV2,0.0042379852,0.0042430763,358533
20131119,12:00:00.000,BBG000BPMH90,-0.0016860121,-0.00055579905,492452
20131119,12:00:00.000,BBG000K14Q84,9.51238e-05,-0.010113581,256075
20131119,12:00:00.000,BBG000BC9938,0.0027859178,0.00025525672,410563
20131119,12:00:00.000,BBG000QFJ7H3,0.00070726767,0.0010345988,1620617
20131119,12:00:00.000,BBG000BTQR96,-0.00093607494,-0.0063453293,358836
20131119,12:00:00.000,BBG000CHWP52,0.0023227283,0.001463252,362770
20131119,12:00:00.000,BBG000D8RG11,-0.0041375123,-0.008110971,781887
20131119,12:00:00.000,BBG000BS9489,0.0020488722,0.0009293574,351961
20131119,12:00:00.000,BBG000CKJ0P3,-0.009139968,3.6542872e-08,232637
20131119,12:00:00.000,BBG000BWCKB6,0.0014343144,0.00091371115,142488
20131119,12:00:00.000,BBG000BVWLJ6,-0.0007054802,-0.001595254,918849
20131119,12:00:00.000,BBG000BXM6V2,-0.005068166,-0.00490825,341574
20131119,12:00:00.000,BBG000D9KWL9,-0.0013132265,-0.0029451454,135800
20131119,12:00:00.000,BBG000BKNX95,0.0036785852,0.00046559458,730729
20131119,12:00:00.000,BBG000J5Q6L2,0.025182277,0.026197972,3618667
20131119,12:00:00.000,BBG000QN4GY3,-0.0068210657,-0.009987839,483630
20131119,12:00:00.000,BBG000BCTQ65,0.0008496441,-0.004891403,1144555
20131119,12:00:00.000,BBG000BNNYW1,-0.0009307363,-0.0023884652,470430
20131119,12:00:00.000,BBG003641015,-0.00029479893,0.0014020738,501275
20131119,12:00:00.000,BBG000D6L294,-0.013478164,-0.010305742,711319
20131119,12:00:00.000,BBG000BSBZH7,0.0033774064,0.004945843,453124
20131119,12:00:00.000,BBG000BNC3Y9,-0.0032971879,-0.0010959489,647915
20131119,12:00:00.000,BBG000F15NW9,0.002849261,0.0048416494,610475
20131119,12:00:00.000,BBG000R0L5J4,-0.002642002,-0.004616554,1222129
20131119,12:00:00.000,BBG000BVMPN3,-0.0032305229,0.00031325908,247597
20131119,12:00:00.000,BBG000BB5BF6,-0.014877871,-0.011175367,1013119
20131119,12:00:00.000,BBG000BR3KL6,-0.003933587,-0.007440139,281541
20131119,12:00:00.000,BBG000BNGTQ7,-0.0054105697,-0.005366822,780328
20131119,12:00:00.000,BBG000BHZ5J9,0.005333041,0.005769634,564175
20131119,12:00:00.000,BBG000BN84F3,-0.0007919303,-0.006142332,497439
20131119,12:00:00.000,BBG000BBJQV0,-0.0039367806,-0.007968832,1684801
20131119,12:00:00.000,BBG000BB1TH9,0.00016150862,-0.010697986,397262
20131119,12:00:00.000,BBG000BFS7D3,-0.003940408,-0.0043733735,335654
20131119,12:00:00.000,BBG000BR14K5,0.0022987125,0.00015296778,311016
20131119,12:00:00.000,BBG000BPVCR1,0.02483248,0.026497029,833841
20131119,12:00:00.000,BBG000BKLH74,-0.0047592293,-0.005125389,1487617
20131119,12:00:00.000,BBG002S5ZRF9,-0.033896748,-0.03891756,1150440
20131119,12:00:00.000,BBG000BKPL53,0.0030170947,0.006474795,262017
20131119,12:00:00.000,BBG000DY8ZS4,-0.011116704,-0.01796953,2826835
20131119,12:00:00.000,BBG000DNTSP4,-0.0007274042,-0.0029272544,793043
20131119,12:00:00.000,BBG000BM6788,-0.0042869975,-0.0064371885,1239347
20131119,12:00:00.000,BBG000G3QLY3,0.0030393668,0.0040377653,308680
20131119,12:00:00.000,BBG000BLKK03,-0.001223555,-0.00010179249,991356
20131119,12:00:00.000,BBG000BP0KQ8,-0.02405916,-0.0273688,1941162
20131119,12:00:00.000,BBG000C7LMS8,0.00689978,0.010726477,48539
20131119,12:00:00.000,BBG000JBN3X6,-0.0052344194,0.0065560285,4829844
20131119,12:00:00.000,BBG000QW7VC1,-0.0121413935,-0.020873995,1830710
20131119,12:00:00.000,BBG000C2YHG9,-0.019426566,-0.02125567,828824
20131119,12:00:00.000,BBG000BVHBM1,0.003353731,0.00511799,819848
20131119,12:00:00.000,BBG000FKJRC5,0.0015187336,-0.0007549247,278492
20131119,12:00:00.000,BBG000BP4MH0,-0.0011754751,-0.0016922586,784976
20131119,12:00:00.000,BBG000BSXQV7,0.000611073,0.0021264884,118632
20131119,12:00:00.000,BBG000BY33P5,-0.006375536,-0.008675449,10233531
20131119,12:00:00.000,BBG000BNJHS8,-0.0032517633,0.010201871,3293939
20131119,12:00:00.000,BBG000BB5373,0.008127524,0.0023921723,2433863
20131119,12:00:00.000,BBG000CSY9H9,-0.0004160091,0.0036281908,395583
20131119,12:00:00.000,BBG000BQWPC5,0.0045592417,-0.00073109515,934294
20131119,12:00:00.000,BBG000BQZMH4,-0.004923147,-0.009372121,1112021
20131119,12:00:00.000,BBG000BC4JJ4,0.0074220183,0.0043200008,307214
20131119,12:00:00.000,BBG001QD41M9,-0.004931419,-0.006675182,728084
20131119,12:00:00.000,BBG000BHLYS1,-0.0077627744,-0.011850904,550189
20131119,12:00:00.000,BBG000HG21Y3,0.031349476,0.027597299,381330
20131119,12:00:00.000,BBG000BHLYP4,0.0014625882,0.007584734,777267
20131119,12:00:00.000,BBG000DLFM21,-0.0024046507,-0.0036986521,192328
20131119,12:00:00.000,BBG000H9G7X2,0.008544478,0.009326762,854251
20131119,12:00:00.000,BBG000BRRG02,0.0016156598,0.0013255841,106685
20131119,12:00:00.000,BBG000BBMSJ6,-0.024055215,-0.032640696,4715567
20131119,12:00:00.000,BBG000MM5VL9,-0.018234655,-0.022018956,507221
20131119,12:00:00.000,BBG000C2V3D6,-0.0057103033,-0.0014803382,955221
20131119,12:00:00.000,BBG000G30YX4,-0.014734972,-0.01268942,230749
20131119,12:00:00.000,BBG000JN8R00,0.010918581,0.012326457,2538408
20131119,12:00:00.000,BBG000C2PW58,-0.00088674034,-0.0003125608,140409
20131119,12:00:00.000,BBG000CGQ6M4,0.0030069673,0.00047483583,235683
20131119,12:00:00.000,BBG000BCBCM7,0.011971117,0.007103376,5454512
20131119,12:00:00.000,BBG000C3HSR0,-0.004528629,-0.004188634,773301
20131119,12:00:00.000,BBG000BG09F5,-0.005062888,-0.002040523,808522
20131119,12:00:00.000,BBG000BDXGP9,0.0029362445,0.00030682576,902194
20131119,12:00:00.000,BBG000BTVJ25,-0.00062033575,-0.0011891238,944341
20131119,12:00:00.000,BBG000BTKGG8,-0.0014493588,-0.003058351,1412072
20131119,12:00:00.000,BBG000BLW530,-0.00934213,-0.012458975,815669
20131119,12:00:00.000,BBG000BY2Y78,-0.0022451694,-0.0011867558,1225235
20131119,12:00:00.000,BBG000BJ2VQ6,0.004775238,-8.262776e-05,404324
20131119,12:00:00.000,BBG0039320N9,-0.0038022783,-0.004112067,1421387
20131119,12:00:00.000,BBG000BRJ809,0.0013432062,0.0024643836,81167
20131119,12:00:00.000,BBG000TWC2V5,0.015833972,0.013000005,920333
20131119,12:00:00.000,BBG0019JZ882,-0.005735715,-0.00842088,2250973
20131119,12:00:00.000,BBG000BF6LY3,0.00028527676,-0.0047651064,1738841
20131119,12:00:00.000,BBG000BYYLS8,0.00058652036,0.000295244,1140786
20131119,12:00:00.000,BBG000BRWGG9,-0.0049720523,-0.0038647722,5414286
20131119,12:00:00.000,BBG000FW00S1,0.006092238,0.00051675783,2408208
20131119,12:00:00.000,BBG000BK67C7,0.006989443,0.005207312,726218
20131119,12:00:00.000,BBG000FVXD63,0.008573057,0.009893078,604628
20131119,12:00:00.000,BBG000D2M0Z7,-0.010857773,-0.012293439,349875
20131119,12:00:00.000,BBG000BLBXT4,0.004906577,-0.0006027268,356677
20131119,12:00:00.000,BBG000CS7CT9,-0.0014073435,0.0035384537,1125032
20131119,12:00:00.000,BBG000BFMBQ6,0.0046109427,0.004636579,483506
20131119,12:00:00.000,BBG000BBBNC6,-0.011754156,-0.0073997597,564169
20131119,12:00:00.000,BBG000G0Z878,-0.0057319202,-0.0045628967,1767006
20131119,12:00:00.000,BBG000CR90K4,-0.012964919,-0.014598811,7927081
20131119,12:00:00.000,BBG000BQ2C28,-0.004700534,-0.0028935757,369306
20131119,12:00:00.000,BBG000BMBL90,0.00062512205,-0.00050333655,579549
20131119,12:00:00.000,BBG000BX5ZF5,0.0148147475,0.009020348,4124431
20131119,12:00:00.000,BBG000BPT0C6,0.0022549483,0.0012979571,1033213
20131119,12:00:00.000,BBG000BMY992,0.012496679,0.012326397,1654597
20131119,12:00:00.000,BBG000BL9JQ1,-0.0058084857,-0.0076120314,1159621
20131119,12:00:00.000,BBG000JG0547,0.030230211,0.033024594,3213836
20131119,12:00:00.000,BBG000BM7HL0,-0.00905582,-0.012925534,1347676
20131119,12:00:00.000,BBG000BRK7L6,0.002876467,0.0030902172,1892126
20131119,12:00:00.000,BBG000BMQPL1,0.00086053566,0.00078028475,5152317
20131119,12:00:00.000,BBG000C1FB75,,,497176
20131119,12:00:00.000,BBG000CZWZ05,-0.00044943963,-0.00041741505,0
20131119,12:00:00.000,BBG000R7RDB4,-0.0033306156,-0.0028016719,542688
20131119,12:00:00.000,BBG000DTMH63,,,1216475
20131119,12:00:00.000,BBG000BTR593,0.01311488,0.014598519,1235426
20131119,12:00:00.000,BBG000BB6M98,-0.0051196744,-0.012709831,2624291
20131119,12:00:00.000,BBG000C2BXK4,-0.014294685,-0.017666513,3907818
20131119,12:00:00.000,BBG000PVRDL2,0.00020271189,0.0023176123,1379888
20131119,12:00:00.000,BBG000BVMGF2,-0.0018578239,-0.0022123214,496342
20131119,12:00:00.000,BBG000BCGY17,0.0028129139,-0.0028303096,720616
20131119,12:00:00.000,BBG000CNFQW6,-0.0035012932,-0.0021668642,306794
20131119,12:00:00.000,BBG000BSD7C2,-0.003629405,-0.0036189891,504063
20131119,12:00:00.000,BBG000FQ6PY6,-0.000851682,-0.0029749016,908992
20131119,12:00:00.000,BBG000BC15S7,-0.0033999854,-0.005296638,773146
20131119,12:00:00.000,BBG000BVDLH9,-0.002374168,-4.9637278e-05,345013
20131119,12:00:00.000,BBG000GC80B4,-0.0028035522,-0.0004509423,573193
20131119,12:00:00.000,BBG000C0F570,-0.0045761736,-0.010966063,1788157
20131119,12:00:00.000,BBG000D898T9,0.0008543517,0.0007723761,768365
20131119,12:00:00.000,BBG000BG14P4,0.004318848,-0.0028892267,966665
20131119,12:00:00.000,BBG000DQTXY6,-0.0010903692,0.00051743834,1952812
20131119,12:00:00.000,BBG000C1S2X2,0.010152607,0.008913186,807127
20131119,12:00:00.000,BBG000BWSV34,-0.0096128825,-0.008634038,484022
20131119,12:00:00.000,BBG000H0QBS7,-0.0018102645,-0.0063224914,238444
20131119,12:00:00.000,BBG000BWNFZ9,0.0006399335,-0.004242385,597228
20131119,12:00:00.000,BBG000BS0ZF1,0.0015523764,0.0027163255,202852
20131119,12:00:00.000,BBG000CPQZ77,-0.0049601174,-0.0074554724,1302026
20131119,12:00:00.000,BBG001M8HHB7,0.021384103,0.014693186,586958
20131119,12:00:00.000,BBG000BH5DV1,3.0223206e-05,-0.0006811105,508737
20131119,12:00:00.000,BBG000NV1KK7,0.0037172677,0.00917284,1058091
20131119,12:00:00.000,BBG000DKCC19,0.04071575,0.040454954,3070919
20131119,12:00:00.000,BBG000CXYSZ6,-0.018223364,-0.021502137,628861
20131119,12:00:00.000,BBG000BGLRN3,-0.0054652826,-0.0055910936,1628423
20131119,12:00:00.000,BBG000QRKJ70,-0.03254553,-0.043206792,11011781
20131119,12:00:00.000,BBG000BQ5DS5,-0.0027053158,-0.011120522,339639
20131119,12:00:00.000,BBG000BV7LP7,0.010128907,0.010591568,1351497
20131119,12:00:00.000,BBG000BH5LT6,-0.004912043,-0.0070116958,1436305
20131119,12:00:00.000,BBG000R8ZVD1,0.0028058423,0.0005982837,723554
20131119,12:00:00.000,BBG000BRJL00,-0.001487011,-0.008091757,961593
20131119,12:00:00.000,BBG000BB6WG8,0.010547902,0.008794704,1982948
20131119,12:00:00.000,BBG000BJL3N0,0.0004391657,-0.00050018,2223260
20131119,12:00:00.000,BBG000QY3XZ2,0.005366401,-0.00073864136,740315
20131119,12:00:00.000,BBG000LD9JQ8,-0.009252796,-0.01570742,403124
20131119,12:00:00.000,BBG000Q3JN03,-0.004610289,-0.0051725027,5386684
20131119,12:00:00.000,BBG000BH3JF8,-0.0008769,-0.0002682523,643773
20131119,12:00:00.000,BBG000BR54L0,0.003292075,0.0016416439,2668544
20131119,12:00:00.000,BBG000PX3XC0,-0.01096272,-0.009423809,1592009
20131119,12:00:00.000,BBG001YMS0B8,0.0039953752,0.0003783019,974379
20131119,12:00:00.000,BBG000BD8PN9,-0.0016955254,0.0009056564,1693013
20131119,12:00:00.000,BBG000BRD0D8,0.004438667,0.0023895558,500220
20131119,12:00:00.000,BBG000BMDV41,-0.0020788196,-0.0042628013,1412822
20131119,12:00:00.000,BBG000BGVW60,0.00034792998,-0.004572279,1199070
20131119,12:00:00.000,BBG000BKCFC2,-0.011054381,-0.012559959,1796911
20131119,12:00:00.000,BBG000BB9KF2,0.00040811743,-0.005796286,1562442
20131119,12:00:00.000,BBG000C0MF34,-0.0036032638,-0.0034191874,191870
20131119,12:00:00.000,BBG000BZ2GG4,-0.0011745099,-0.008341392,851350
20131119,12:00:00.000,BBG000C0LW92,0.03108929,0.034557313,5423504
20131119,12:00:00.000,BBG000BMW2Z0,-0.0035284606,-0.0037497994,839739
20131119,12:00:00.000,BBG000F0KF42,-0.009954051,-0.014740922,1004199
20131119,12:00:00.000,BBG000BX3TD3,-0.012797499,-0.011629652,2451177
20131119,12:00:00.000,BBG000QX74T1,0.004394489,0.004364237,132730
20131119,12:00:00.000,BBG000BWJFZ4,-0.008655665,-0.009128924,211406
20131119,12:00:00.000,BBG000BKFBD7,-0.0032075783,0.0003521085,741515
20131119,12:00:00.000,BBG000JWD753,-0.0003533089,-0.006216556,1397721
20131119,12:00:00.000,BBG000M65M61,0.044905245,0.051807288,5375963
20131119,12:00:00.000,BBG000MBDGM6,-0.0048002186,-0.00505393,174564
20131119,12:00:00.000,BBG000BBVJZ8,0.0067019872,0.008862445,1066597
20131119,12:00:00.000,BBG000BV8DN6,0.0074600927,0.009599331,1725181
20131119,12:00:00.000,BBG000BH2JM1,0.009906247,0.0076087713,3044108
20131119,12:00:00.000,BBG000BGJRC8,-0.0054947175,-0.013952719,2522244
20131119,12:00:00.000,BBG000QBR5J5,0.0032978554,0.0050054723,992887
20131119,12:00:00.000,BBG000BSLZY7,0.0027510505,0.006141702,2575659
20131119,12:00:00.000,BBG000BJSBJ0,-0.010307432,-0.017408943,2149223
20131119,12:00:00.000,BBG000BJ81C1,0.00012387936,0.00022634526,421343
20131119,12:00:00.000,BBG000BFL116,-0.016004266,-0.021951595,1960026
20131119,12:00:00.000,BBG000HCJMF9,0.0022011646,0.006711083,725786
20131119,12:00:00.000,BBG000FV1Z23,0.005029589,-0.0072738957,396901
20131119,12:00:00.000,BBG000BBDV81,0.0012253089,0.0033677912,704901
20131119,12:00:00.000,BBG000FJLFX8,-0.0045163194,-0.003320273,1088361
20131119,12:00:00.000,BBG000J6XT05,-0.007893745,-0.013906417,2511753
20131119,12:00:00.000,BBG000BCWCG1,-0.07810021,-0.07702907,17734268
20131119,12:00:00.000,BBG000BJPDZ1,-0.0029391968,0.000992036,73283
20131119,12:00:00.000,BBG000BPQD31,0.0030110755,0.0052618925,1268428
20131119,12:00:00.000,BBG000C734W3,-0.0020693587,-0.0008748423,226770
20131119,12:00:00.000,BBG000C3GN47,0.008332118,0.009734159,1499347
20131119,12:00:00.000,BBG000BFRF55,0.017377581,0.0127245085,3528785
20131119,12:00:00.000,BBG000BGPTV6,0.001014739,-0.007843007,367324
20131119,12:00:00.000,BBG000BM5SR2,0.00576021,0.004195343,1552917
20131119,12:00:00.000,BBG000BN5HF7,-0.0021361017,-0.0026076206,1362441
20131119,12:00:00.000,BBG000BBD070,-0.0001551896,-0.002562993,874986
20131119,12:00:00.000,BBG000BVPPM1,0.02044371,0.019048179,2021694
20131119,12:00:00.000,BBG000DYGNW7,1.8579032e-05,0.00075574266,409586
20131119,12:00:00.000,BBG000BCG930,0.013761625,0.015539166,1511854
20131119,12:00:00.000,BBG000BHGDH5,-0.0026322186,-0.008455986,939778
20131119,12:00:00.000,BBG000BJ3PD2,0.0003290062,-0.0041622138,688554
20131119,12:00:00.000,BBG000BFQYY3,0.002429733,0.00092107226,735300
20131119,12:00:00.000,BBG000BY29C7,0.0009149693,0.00037063108,855170
20131119,12:00:00.000,BBG000C1BW00,0.005708534,0.0044600274,259658
20131119,12:00:00.000,BBG000BD4VG8,0.0061030528,-0.00069808884,1202517
20131119,12:00:00.000,BBG000BHQ1H0,0.004299832,0.00520524,974810
20131119,12:00:00.000,BBG000BB5006,-0.0021351671,-0.006536349,950506
20131119,12:00:00.000,BBG000BKFZM4,0.007964681,0.00714936,3478906
20131119,12:00:00.000,BBG000BWVCP8,0.0015844108,-0.0025503756,1770142
20131119,12:00:00.000,BBG000FH8PX5,-0.0097500915,-0.007240639,444485
20131119,12:00:00.000,BBG000BHX7N2,0.0013613686,-0.0011835804,492956
20131119,12:00:00.000,BBG000WCFV84,-0.0042948574,-0.006116108,1084383
20131119,12:00:00.000,BBG000BBPFB9,0.006703306,0.0065321,4222715
20131119,12:00:00.000,BBG000FL1TC8,0.0068250336,0.0049960273,1374433
20131119,12:00:00.000,BBG000F6H8W8,0.0021591743,0.0030816721,451584
20131119,12:00:00.000,BBG000BGKTF9,-0.0040425765,-0.0005043261,1044494
20131119,12:00:00.000,BBG000C8H633,0.010647673,0.012323081,2446541
20131119,12:00:00.000,BBG000H89QJ6,0.012664611,0.010490679,982120
20131119,12:00:00.000,BBG0014GG205,-0.0073514935,-0.004208036,3807059
20131119,12:00:00.000,BBG000BFXHL6,-0.010177617,-0.011977616,971080
20131119,12:00:00.000,BBG000BH3GZ2,0.0043823156,0.0033365341,1012973
20131119,12:00:00.000,BBG000BT9DW0,0.00077817496,-0.004722545,2697809
20131119,12:00:00.000,BBG000FP1N32,0.005198656,0.0034510125,1125561
20131119,12:00:00.000,BBG000FNRZ69,-0.0016884921,-0.010667539,1980081
20131119,12:00:00.000,BBG000D42FJ0,-0.022461236,-0.027250545,4279152
20131119,12:00:00.000,BBG00286S4N9,0.012197183,0.012569783,1122195
20131119,12:00:00.000,BBG0025Y4RY4,-0.0061450647,-0.008184014,1230648
20131119,12:00:00.000,BBG000BFDXW1,-0.0055086254,-0.012770463,3703223
20131119,12:00:00.000,BBG0029SNR63,-0.0008792637,-0.00012384949,1102750
20131119,12:00:00.000,BBG000G2R6M0,0.004217688,0.006620585,2533622
20131119,12:00:00.000,BBG000BCVJ77,0.00027366547,0.0024702617,1397839
20131119,12:00:00.000,BBG000BL4504,-0.00251158,-0.003540238,5530590
20131119,12:00:00.000,BBG000BC2C10,0.006061406,0.008749794,1180864
20131119,12:00:00.000,BBG000B9WH86,0.026912542,0.026830293,14141136
20131119,12:00:00.000,BBG000BJX8C8,0.002518823,-0.001977507,1562371
20131119,12:00:00.000,BBG000H556T9,0.00016589487,-0.0014162635,459179
20131119,12:00:00.000,BBG000C496P7,-0.004235912,-0.0065419488,1136213
20131119,12:00:00.000,BBG000FG3C43,-0.008271438,-0.012514825,1278071
20131119,12:00:00.000,BBG000BNWG87,-0.008675449,-0.006175771,2141842
20131119,12:00:00.000,BBG000BNBDC2,-0.00397741,-0.0029395141,1378775
20131119,12:00:00.000,BBG000BJ98Z0,-0.013954525,-0.018292021,1229229
20131119,12:00:00.000,BBG000Q2HM09,0.0065280586,0.008302906,1871117
20131119,12:00:00.000,BBG000D9D830,0.0017984975,0.0029283322,856399
20131119,12:00:00.000,BBG000CJZ2W6,-0.017162953,-0.014580264,1577208
20131119,12:00:00.000,BBG000BH13K9,-0.0030775513,-0.002755417,1292155
20131119,12:00:00.000,BBG000C46HM9,-0.005277563,-0.0007926722,1396238
20131119,12:00:00.000,BBG000BWXBC2,-0.0005149176,-0.0017680147,1725739
20131119,12:00:00.000,BBG000BN2DC2,-0.018854564,-0.023515666,8681479
20131119,12:00:00.000,BBG000BTZQC4,0.005949941,0.0033886405,2622725
20131119,12:00:00.000,BBG001DCCGR8,0.019852744,0.018797223,1964778
20131119,12:00:00.000,BBG000BB6KF5,-0.004095519,-0.0011494805,2696791
20131119,12:00:00.000,BBG000DHSPT0,0.0025136545,0.002702471,1271138
20131119,12:00:00.000,BBG000F0PF65,-0.0014629381,-0.00059877284,1345784
20131119,12:00:00.000,BBG000BH1NH9,-0.008703088,-0.012551891,2312431
20131119,12:00:00.000,BBG000BVV7G1,0.0009509364,-0.0037697994,1366278
20131119,12:00:00.000,BBG000BPWXK1,0.0021510932,0.004440361,2125793
20131119,12:00:00.000,BBG000BJF1Z8,-0.0070257774,-0.013198832,1071656
20131119,12:00:00.000,BBG000BXRPH1,-0.010462353,-0.009030781,1339523
20131119,12:00:00.000,BBG000BC40Y8,0.004425929,0.0055321036,877688
20131119,12:00:00.000,BBG000BBGGQ1,0.0047290563,0.003727476,3058625
20131119,12:00:00.000,BBG000C17X76,0.01864311,0.020847186,492115
20131119,12:00:00.000,BBG000BP6LJ8,-0.0054930877,-0.008676517,2422566
20131119,12:00:00.000,BBG000B9ZXB4,0.011192214,0.012649472,3580209
20131119,12:00:00.000,BBG000BMF5J0,0.0066217324,0.009190687,11474628
20131119,12:00:00.000,BBG000C5HS04,-0.0049864748,-0.004771613,1195079
20131119,12:00:00.000,BBG000BLZRJ2,0.002309655,0.0069245533,4257778
20131119,12:00:00.000,BBG000L9CV04,0.0031031254,-0.0035044733,939824
20131119,12:00:00.000,BBG000BWLMJ4,-0.0165431,-0.014472761,2090583
20131119,12:00:00.000,BBG000D4LWF6,0.0015859151,-0.0017670632,2010785
20131119,12:00:00.000,BBG000BCQZS4,0.00053951744,0.0041295043,946129
20131119,12:00:00.000,BBG000H8TVT2,0.0005273182,0.0051153908,1215629
20131119,12:00:00.000,BBG000FFDM15,0.009292828,0.010176252,2793682
20131119,12:00:00.000,BBG000BFWKC0,-0.0087154005,-0.0064993626,1118912
20131119,12:00:00.000,BBG000BP52R2,0.0016614512,0.0018829714,752324
20131119,12:00:00.000,BBG000C15T95,0.0027085904,-0.0015378321,1602147
20131119,12:00:00.000,BBG000BZ9223,-0.00789244,-0.005487266,549437
20131119,12:00:00.000,BBG000BHBK84,-0.00024510236,-0.003010644,1984422
20131119,12:00:00.000,BBG000CTQBF3,-0.0011057158,-0.001241347,1383152
20131119,12:00:00.000,BBG000BW8S60,0.0032678512,0.0010533461,622888
20131119,12:00:00.000,BBG000BB07P9,0.005164268,0.005661373,4414093
20131119,12:00:00.000,BBG000CH5208,-0.0013848488,-0.0016741029,1258940
20131119,12:00:00.000,BBG000BW3299,-0.0008407474,-0.008444542,521885
20131119,12:00:00.000,BBG000DQLV23,-0.0014589328,0.00038504147,1657734
20131119,12:00:00.000,BBG000DWYF03,-0.0019752835,-0.0017771181,2994144
20131119,12:00:00.000,BBG000BGRY34,-0.0021881927,0.0016807921,1600398
20131119,12:00:00.000,BBG000F1ZSQ2,-0.0066732755,-0.0036500792,111692
20131119,12:00:00.000,BBG000BQQ2S6,-0.0055958536,-0.0038106204,1003521
20131119,12:00:00.000,BBG000KHWT55,0.010841882,0.008398668,5458245
20131119,12:00:00.000,BBG000BNDN65,-0.00090855727,0.0027510768,5079520
20131119,12:00:00.000,BBG000R7Z112,0.003225309,0.011733054,5096189
20131119,12:00:00.000,BBG000BQQH30,-0.0066565387,-0.0024193192,3252771
20131119,12:00:00.000,BBG000BBS2Y0,-0.0065246895,-0.005041804,807630
20131119,12:00:00.000,BBG000J2XL74,0.00065890804,-0.0051283557,1206147
20131119,12:00:00.000,BBG000BJDB15,-0.0030287125,0.001370746,2911562
20131119,12:00:00.000,BBG000DWG505,0.001312868,0.0002592752,833393
20131119,12:00:00.000,BBG000DH7JK6,-0.005219758,-0.010015547,1732653
20131119,12:00:00.000,BBG000BKTFN2,0.0031464822,-0.0018404763,3233411
20131119,12:00:00.000,BBG000BF0K17,0.004303128,-0.0030934454,1977897
20131119,12:00:00.000,BBG000BFC8J2,0.00045945705,0.0031046479,1105800
20131119,12:00:00.000,BBG000BH4R78,-0.0017114263,-0.0021580737,1644653
20131119,12:00:00.000,BBG000NDYB67,-0.004331491,-0.006477261,6626803
20131119,12:00:00.000,BBG000C6CFJ5,0.0023070492,0.007604884,1388237
20131119,12:00:00.000,BBG000BQLTW7,-0.0031430046,-0.005441648,5752295
20131119,12:00:00.000,BBG000BNSZP1,0.00038013048,0.0010240932,1287216
20131119,12:00:00.000,BBG000BBDZG3,-0.0082166325,-0.00040920006,2696280
20131119,12:00:00.000,BBG000BHVJJ3,-0.00022485277,-0.002091437,5127495
20131119,12:00:00.000,BBG000BFT2L4,-0.0029641371,-0.0031634343,2212475
20131119,12:00:00.000,BBG000C43RR5,-0.0018787734,0.00019234468,4293544
20131119,12:00:00.000,BBG000Q9HH23,0.010548234,0.011775616,943432
20131119,12:00:00.000,BBG000BCSST7,-0.004435044,-0.005168122,1657924
20131119,12:00:00.000,BBG000BMX289,-0.0005199718,-0.0049775275,4682159
20131119,12:00:00.000,BBG000GFFQN9,-0.002557609,0.0011431185,5423364
20131119,12:00:00.000,BBG000BT41Q8,0.0001827645,-0.0016843342,2511013
20131119,12:00:00.000,BBG000CKGBP2,0.008218814,0.010074698,2865705
20131119,12:00:00.000,BBG000BKZB36,0.016392453,0.020455137,6317320
20131119,12:00:00.000,BBG000BLBVN4,-0.002875684,-0.005201808,199910
20131119,12:00:00.000,BBG000PSKYX7,-0.012297793,-0.008826179,1031318
20131119,12:00:00.000,BBG000BPD168,-0.007940556,-0.0054148636,3165114
20131119,12:00:00.000,BBG000HS77T5,-0.00037458297,-0.004727552,3627952
20131119,12:00:00.000,BBG000BVPV84,0.0069245216,0.00061392353,859361
20131119,12:00:00.000,BBG000BR2TH3,-0.0038352245,-0.0035480927,2369853
20131119,12:00:00.000,BBG000BQPC32,0.0022501682,-0.002356456,10633678
20131119,12:00:00.000,BBG000CGC1X8,0.0013931678,0.0004173113,3328999
20131119,12:00:00.000,BBG000BMHYD1,-0.00040531866,0.002121961,2017931
20131119,12:00:00.000,BBG000K4ND22,0.007025264,0.008585329,1966198
20131119,12:00:00.000,BBG000C0G1D1,0.010368769,0.005692382,11515051
20131119,12:00:00.000,BBG000C5Z1S3,0.013657845,0.0129635325,24090842
20131119,12:00:00.000,BBG000BWQFY7,0.005265465,0.003915901,4111571
20131119,12:00:00.000,BBG000BLNNH6,0.0010289076,0.0020325067,1854319
20131119,12:00:00.000,BBG000BR2B91,-0.0072312783,-0.0049976455,10765911
20131119,12:00:00.000,BBG000BSJK37,0.0007347282,-0.00028018357,4915043
20131119,12:00:00.000,BBG000C3J3C9,-0.0008142703,-0.0018782674,24718558
20131119,12:00:00.000,BBG000BK6MB5,0.0002670806,-0.0014699303,11938643
20131119,12:00:00.000,BBG000CL9VN6,0.0082468605,0.0070658037,1055289
20131119,12:00:00.000,BBG000GZQ728,-6.565872e-05,0.00021036381,5131083
20131119,12:00:00.000,BBG000DMBXR2,0.008206608,0.009688614,10066619
20131119,12:00:00.000,BBG000FY4S11,0.005893629,0.008071798,9654867
20131119,12:00:00.000,BBG000N9MNX3,0.05353099,0.05607237,11742321
20131119,12:00:00.000,BBG000BCTLF6,0.012690177,0.017420277,68980496
20131119,12:00:00.000,BBG000BPH459,0.0020480137,-0.00027225222,18165340
20131119,12:00:00.000,BBG000BHSKN9,-0.0059094587,-0.0022726909,506835
20131119,12:00:00.000,BBG000MM2P62,0.010700269,0.017017331,37053584
20131119,12:00:00.000,BBG000B9XRY4,0.0035089192,0.0040289606,3371701
20131119,12:15:00.000,BBG000C221G9,-0.0012050397,-0.004124504,278759
20131119,12:15:00.000,BBG000D9H9F1,0.018129364,0.021416897,1217288
20131119,12:15:00.000,BBG000BJ5GK2,0.008759707,-0.0011543944,534345
20131119,12:15:00.000,BBG000BVVQQ8,0.00597392,0.00228126,582107
20131119,12:15:00.000,BBG000PTLGZ1,-0.00902263,-0.011585529,195837
20131119,12:15:00.000,BBG000CGT2S4,0.001839535,0.0041229785,2025385
20131119,12:15:00.000,BBG000RKR4R8,0.0026523222,0.0034873008,4872372
20131119,12:15:00.000,BBG000BDWKC5,0.0013123519,0.00061871164,761191
20131119,12:15:00.000,BBG000JB27Y9,-0.005706731,-0.001294543,378776
20131119,12:15:00.000,BBG000BLXZN1,-0.0059724557,-0.0047274916,336427
20131119,12:15:00.000,BBG000BK5DP1,-0.007408179,-0.008973585,1069552
20131119,12:15:00.000,BBG000FBR384,0.008300624,0.0055443174,343123
20131119,12:15:00.000,BBG000BCHG15,0.012517332,0.013120181,276603
20131119,12:15:00.000,BBG000BLHRS2,-0.003778957,-0.00507747,268639
20131119,12:15:00.000,BBG000F80SZ5,-0.017202143,-0.022073459,3545314
20131119,12:15:00.000,BBG000BQ87N0,-0.0015375288,-0.008168693,396681
20131119,12:15:00.000,BBG000HW5GX3,0.0065604625,0.007137707,1045429
20131119,12:15:00.000,BBG000BLMZK6,0.0023764502,-0.0003051525,357292
20131119,12:15:00.000,BBG000BND699,0.0030630415,-0.004613598,423854
20131119,12:15:00.000,BBG000BYWTX7,-0.016955856,-0.022471849,2440378
20131119,12:15:00.000,BBG000BGKHZ3,0.003160925,0.0052254964,310990
20131119,12:15:00.000,BBG000M1R011,0.019248258,0.015292749,1260199
20131119,12:15:00.000,BBG000BCJ161,0.00031790746,0.01690316,1026970
20131119,12:15:00.000,BBG000DGPR66,-0.010913352,-0.011297729,523355
20131119,12:15:00.000,BBG000BV75B7,0.0005499495,0.00036317002,233731
20131119,12:15:00.000,BBG000BPZBB6,0.000102851685,-0.004033755,337382
20131119,12:15:00.000,BBG000BL79J3,-0.008626577,-0.007947637,2663907
20131119,12:15:00.000,BBG000BP7JB0,-0.011559028,-0.01712164,1566403
20131119,12:15:00.000,BBG000BVB8Q0,-0.012467182,-0.011489335,1374212
20131119,12:15:00.000,BBG000TJM7F0,0.0012563051,-0.002054895,307014
20131119,12:15:00.000,BBG000BHQYG9,-0.00070663734,6.823768e-05,298101
20131119,12:15:00.000,BBG000BDDN94,0.01141021,0.0038410164,127571
20131119,12:15:00.000,BBG000BWP7D9,0.0026547296,-0.0023615975,517805
20131119,12:15:00.000,BBG000F9KJN4,-0.020898724,-0.022757467,1562809
20131119,12:15:00.000,BBG000BWVSR1,-0.0058965264,-0.0063740816,1036050
20131119,12:15:00.000,BBG000BHCP19,-0.00062561885,-0.007212704,707354
20131119,12:15:00.000,BBG000BFDLV8,-0.009315614,-0.007591368,275348
20131119,12:15:00.000,BBG000BX8DC4,-0.0040031984,-0.0045723934,900615
20131119,12:15:00.000,BBG000CPHYL4,-0.011639429,-0.019535884,606329
20131119,12:15:00.000,BBG000BCNYT9,0.009790118,0.0035058898,2224617
20131119,12:15:00.000,BBG000VC0T95,0.020807914,0.018666781,340468
20131119,12:15:00.000,BBG000PCQQL6,0.0075313174,0.0039352826,585582
20131119,12:15:00.000,BBG000BQ74K1,0.0016338823,0.0063157952,664244
20131119,12:15:00.000,BBG000BJDPC2,0.009690267,0.01263281,589780
20131119,12:15:00.000,BBG000GPXKX9,0.00025662984,0.0013555207,317564
20131119,12:15:00.000,BBG000BJ49H3,-0.004822964,-0.0066451184,327327
20131119,12:15:00.000,BBG000PLXQQ3,-0.005855463,-0.004468184,234004
20131119,12:15:00.000,BBG000BQHGR6,-0.001632601,-0.005731555,396525
20131119,12:15:00.000,BBG000KLB4Q1,0.0122289285,0.007101756,991672
20131119,12:15:00.000,BBG000C3Y7J6,0.0048523895,0.0012884937,256744
20131119,12:15:00.000,BBG000FFH4P5,0.0008379129,-0.0028334758,219147
20131119,12:15:00.000,BBG000JBSJZ4,0.002639749,0.0014365985,590086
20131119,12:15:00.000,BBG000F86GP6,0.006843647,0.008553573,311730
20131119,12:15:00.000,BBG000BQTMJ9,0.009651448,0.010280795,1400856
20131119,12:15:00.000,BBG000RNTSX0,-0.0047480734,-0.0026927283,99481
20131119,12:15:00.000,BBG000GZD660,0.009723584,0.013016857,180908
20131119,12:15:00.000,BBG000D9DMK0,0.0016857194,-0.003055471,194040
20131119,12:15:00.000,BBG003P9ZSL3,-0.011386688,-0.005085324,136654
20131119,12:15:00.000,BBG000C37332,0.0076956586,0.0045154146,217706
20131119,12:15:00.000,BBG000C1DHF5,0.00070740597,-0.0036113362,675398
20131119,12:15:00.000,BBG000FW8LZ9,0.014493154,0.022524921,723138
20131119,12:15:00.000,BBG000BCVMH9,0.002241822,-0.006374223,136837
20131119,12:15:00.000,BBG000BKQ3V3,0.0055164616,-0.0008715362,656687
20131119,12:15:00.000,BBG000CXD6X9,0.010854902,0.0054305997,404354
20131119,12:15:00.000,BBG000BCYP43,0.0048431046,0.00847128,122633
20131119,12:15:00.000,BBG000PM7GJ0,-0.0158894,-0.018408988,5853643
20131119,12:15:00.000,BBG000C75N77,0.003919313,0.005024795,245277
20131119,12:15:00.000,BBG000G8N9C6,-0.006082847,-0.0037610987,879923
20131119,12:15:00.000,BBG000C90DH9,0.0051283147,0.0052768723,1699129
20131119,12:15:00.000,BBG000C6F3T8,0.002352071,-0.002969386,2900775
20131119,12:15:00.000,BBG000BFV115,0.00027913853,0.0040331213,429669
20131119,12:15:00.000,BBG000C7B436,-0.0003459723,-0.011176846,378584
20131119,12:15:00.000,BBG000BLCPY4,-0.010764462,-0.014529413,565031
20131119,12:15:00.000,BBG000BD3LM4,-0.0004134307,-0.0049336264,1958413
20131119,12:15:00.000,BBG000BDY3Y7,-0.019781237,-0.025500352,2283741
20131119,12:15:00.000,BBG000BMZ7P7,-0.0061889254,-0.01836572,243930
20131119,12:15:00.000,BBG000BBNYF6,-0.011036996,-0.0105338795,465285
20131119,12:15:00.000,BBG000BK6G19,0.0044846707,0.006165781,821944
20131119,12:15:00.000,BBG000BB29X4,-0.0010825002,-0.0060528405,284583
20131119,12:15:00.000,BBG000BB03M1,0.005213847,-0.012267726,658333
20131119,12:15:00.000,BBG000BGD7W6,-0.0028712805,-0.008329946,884293
20131119,12:15:00.000,BBG000C3NTN5,0.01198147,0.012590462,1505608
20131119,12:15:00.000,BBG000BHB3M6,-0.0052700527,-0.00786239,201144
20131119,12:15:00.000,BBG000BBCQD7,-0.0069594705,-0.0026838453,804275
20131119,12:15:00.000,BBG000D14WM3,0.0045775822,0.006917193,3198682
20131119,12:15:00.000,BBG000CVWGS6,-0.020649282,-0.021683503,3393563
20131119,12:15:00.000,BBG000BQSQ38,0.004682071,0.00759752,1090340
20131119,12:15:00.000,BBG000BPQVR5,-0.011123479,-0.0093201855,261234
20131119,12:15:00.000,BBG000BCZYD3,-0.002517133,0.0007395094,230678
20131119,12:15:00.000,BBG000FDBX90,-0.00064967794,-0.006022371,632437
20131119,12:15:00.000,BBG000BQVTF5,0.0016201087,-0.004344888,338181
20131119,12:15:00.000,BBG001BPFT54,-0.033319972,-0.03673759,3411186
20131119,12:15:00.000,BBG000BHC2S1,-0.004257893,-0.001073642,548894
20131119,12:15:00.000,BBG000DN7P92,0.005604472,0.008026766,425126
20131119,12:15:00.000,BBG000C060M4,-0.0067738825,-0.0028769413,131659
20131119,12:15:00.000,BBG000BHKYH4,-0.003886215,-0.00046696397,198010
20131119,12:15:00.000,BBG000F6ZWH2,0.007951096,0.009402564,2229284
20131119,12:15:00.000,BBG000BFTJ91,3.1702755e-05,-0.0005396237,364225
20131119,12:15:00.000,BBG000BD0TF8,-0.0013849365,0.00074344524,544913
20131119,12:15:00.000,BBG000BP1Q11,0.010653468,0.012352895,338793
20131119,12:15:00.000,BBG000D5S4M0,0.0008794307,0.00053086685,164525
20131119,12:15:00.000,BBG000MQ1SN9,-0.007299604,-0.01501448,782904
20131119,12:15:00.000,BBG000BKZTP3,0.0043553286,0.0031568632,430546
20131119,12:15:00.000,BBG000C0HQ54,-0.00599335,-0.003415153,1692626
20131119,12:15:00.000,BBG000BP1152,0.015407463,0.012463246,909191
20131119,12:15:00.000,BBG000BN9WT5,-0.0011774045,-0.008082823,689137
20131119,12:15:00.000,BBG000BBLK04,-7.912982e-05,0.00052830635,175391
20131119,12:15:00.000,BBG000NSQ9M0,0.0046552527,0.0065458547,2749256
20131119,12:15:00.000,BBG000BRXP69,-0.006336338,-0.003672861,226123
20131119,12:15:00.000,BBG000BGYWY6,-0.0003109675,0.0021681539,132458
20131119,12:15:00.000,BBG000BJ8YN7,-0.0010740488,-0.0014929854,654602
20131119,12:15:00.000,BBG000BFVXX0,0.00030166825,-0.00361644,730047
20131119,12:15:00.000,BBG000BLM0V1,-0.005283289,-0.007660157,200523
20131119,12:15:00.000,BBG000BBCDZ2,0.0038856969,0.0034096395,208956
20131119,12:15:00.000,BBG000KBQZ88,-0.004326778,-0.008797131,614474
20131119,12:15:00.000,BBG000BWXL85,0.005643672,0.0021486278,647476
20131119,12:15:00.000,BBG000BKXYX5,-0.005494069,-0.0046529165,398408
20131119,12:15:00.000,BBG000D1QCF1,0.011096237,0.0016461802,537725
20131119,12:15:00.000,BBG000CKVSG8,-0.0056242743,-0.0078091347,767851
20131119,12:15:00.000,BBG000BPYHJ6,0.029189065,0.029010473,667045
20131119,12:15:00.000,BBG000BKWSR6,0.002379946,0.0033685486,6060753
20131119,12:15:00.000,BBG000BMTFR4,-0.0022035202,-0.006598759,716102
20131119,12:15:00.000,BBG000C1FQS9,0.0016576126,-0.0048767766,321583
20131119,12:15:00.000,BBG000BR37X2,0.0057080546,0.004401254,992681
20131119,12:15:00.000,BBG000BB6G37,-0.0015154522,-0.0081758965,491779
20131119,12:15:00.000,BBG000CHPY97,0.010897377,0.012803537,3980305
20131119,12:15:00.000,BBG000BPXRB3,-0.016389012,-0.015834037,408506
20131119,12:15:00.000,BBG000BF5RY1,-0.004216704,-0.006915512,718023
20131119,12:15:00.000,BBG000BNNKG9,0.020628199,0.02112844,1222640
20131119,12:15:00.000,BBG001NVJ6W4,-0.018305602,-0.020365763,798086
20131119,12:15:00.000,BBG0035LY913,0.006610536,0.012051624,885629
20131119,12:15:00.000,BBG000BMLWX8,0.0039516534,0.0077966065,1017995
20131119,12:15:00.000,BBG000BPNP00,0.0020805078,-0.0055230125,784928
20131119,12:15:00.000,BBG000DSMS70,-0.0028587761,0.0016281045,453427
20131119,12:15:00.000,BBG000D13GN8,-0.03035329,-0.029671473,922672
20131119,12:15:00.000,BBG000BSC0K9,-0.0034058234,-8.465805e-05,427877
20131119,12:15:00.000,BBG000MDCQC2,4.5507764e-05,-0.003903828,601268
20131119,12:15:00.000,BBG000BMKDM3,-0.0043552015,-0.0063337083,494228
20131119,12:15:00.000,BBG000BF1R66,0.00289632,0.0016898465,147722
20131119,12:15:00.000,BBG000BJQWD2,0.00059040653,0.0016396916,404835
20131119,12:15:00.000,BBG000C2ZCH8,0.0018936141,-0.0029130152,318558
20131119,12:15:00.000,BBG000BP8Z50,-0.00535045,-0.0060383645,427315
20131119,12:15:00.000,BBG000FBK808,-0.008184877,-0.0074912244,2496753
20131119,12:15:00.000,BBG000BXMFC3,0.0054730424,0.0027351046,501031
20131119,12:15:00.000,BBG000BFNR17,0.00017879417,0.002033958,193875
20131119,12:15:00.000,BBG000RGM5P1,-0.008734192,-0.013620609,863061
20131119,12:15:00.000,BBG000BKR1D6,0.0010789424,0.0036813163,127997
20131119,12:15:00.000,BBG000D7RKJ5,-0.0015002765,-0.0060320776,429457
20131119,12:15:00.000,BBG000G6BN50,-0.0036844655,-0.0016735712,179703
20131119,12:15:00.000,BBG000J1QLT0,0.0011989354,-0.00028911306,271327
20131119,12:15:00.000,BBG000BNFLM9,-0.0018344391,-0.006015117,643731
20131119,12:15:00.000,BBG000BTCH57,-0.015436369,-0.02430316,1516546
20131119,12:15:00.000,BBG000FLZN98,-0.004140432,0.0024482505,250187
20131119,12:15:00.000,BBG000C4DPX1,0.0020815635,-0.0054568085,295602
20131119,12:15:00.000,BBG000BQ8KV2,0.0043352167,0.0055629895,375834
20131119,12:15:00.000,BBG000BPMH90,0.00014143466,0.0018254855,518404
20131119,12:15:00.000,BBG000K14Q84,0.00060620235,-0.0096700275,276296
20131119,12:15:00.000,BBG000BC9938,0.002146495,0.0006387153,448909
20131119,12:15:00.000,BBG000QFJ7H3,-0.0006052409,-0.00010358075,1709410
20131119,12:15:00.000,BBG000BTQR96,-0.00061949965,-0.0050763455,375815
20131119,12:15:00.000,BBG000CHWP52,0.0019661346,0.0022243112,405019
20131119,12:15:00.000,BBG000D8RG11,-0.00077209243,-0.0040557557,821708
20131119,12:15:00.000,BBG000BS9489,0.00089644315,0.0010008584,362759
20131119,12:15:00.000,BBG000CKJ0P3,-0.010493025,3.6542872e-08,256503
20131119,12:15:00.000,BBG000BWCKB6,0.0016946977,0.0012252339,151729
20131119,12:15:00.000,BBG000BVWLJ6,-0.0021076875,-0.0021270572,967988
20131119,12:15:00.000,BBG000BXM6V2,-0.007019813,-0.0066875597,358084
20131119,12:15:00.000,BBG000D9KWL9,-0.001022292,-0.0014947935,147293
20131119,12:15:00.000,BBG000BKNX95,0.0024082772,-0.00046572028,778535
20131119,12:15:00.000,BBG000J5Q6L2,0.025339061,0.027576799,3821672
20131119,12:15:00.000,BBG000QN4GY3,-0.0013266793,-0.0019757699,516130
20131119,12:15:00.000,BBG000BCTQ65,0.0016249004,-0.0041927695,1207892
20131119,12:15:00.000,BBG000BNNYW1,5.81775e-05,-0.0017370982,492223
20131119,12:15:00.000,BBG003641015,0.0022010368,0.004441387,633180
20131119,12:15:00.000,BBG000D6L294,-0.012658617,-0.008928207,759526
20131119,12:15:00.000,BBG000BSBZH7,0.0027223611,0.0042039207,478362
20131119,12:15:00.000,BBG000BNC3Y9,-0.004005764,9.905458e-05,703878
20131119,12:15:00.000,BBG000F15NW9,0.0024903717,0.005545776,635377
20131119,12:15:00.000,BBG000R0L5J4,-0.0024070519,-0.004616701,1301512
20131119,12:15:00.000,BBG000BVMPN3,-0.0034997417,0.0015007803,268713
20131119,12:15:00.000,BBG000BB5BF6,-0.015233227,-0.012538271,1056071
20131119,12:15:00.000,BBG000BR3KL6,-0.0035896278,-0.0060717487,294563
20131119,12:15:00.000,BBG000BNGTQ7,-0.004811793,-0.0046668556,800829
20131119,12:15:00.000,BBG000BHZ5J9,0.006215764,0.0071374774,597053
20131119,12:15:00.000,BBG000BN84F3,9.352097e-05,-0.0048491624,548961
20131119,12:15:00.000,BBG000BBJQV0,-0.0030279176,-0.0073314593,1770720
20131119,12:15:00.000,BBG000BB1TH9,-0.00048985914,-0.011146391,424104
20131119,12:15:00.000,BBG000BFS7D3,-0.0040192283,-0.0035095494,358026
20131119,12:15:00.000,BBG000BR14K5,0.0025589208,0.00096578087,335696
20131119,12:15:00.000,BBG000BPVCR1,0.023292558,0.026163625,867548
20131119,12:15:00.000,BBG000BKLH74,-0.0041155424,-0.0044105835,1548812
20131119,12:15:00.000,BBG002S5ZRF9,-0.02867741,-0.032639313,1179506
20131119,12:15:00.000,BBG000BKPL53,0.0024148708,0.0069768685,272072
20131119,12:15:00.000,BBG000DY8ZS4,-0.0122582,-0.01976644,3000476
20131119,12:15:00.000,BBG000DNTSP4,-0.0008804966,-0.0020489374,840281
20131119,12:15:00.000,BBG000BM6788,-0.0029163435,-0.0038473776,1317968
20131119,12:15:00.000,BBG000G3QLY3,0.0042688665,0.006555425,329978
20131119,12:15:00.000,BBG000BLKK03,8.741263e-05,0.0009628832,1011633
20131119,12:15:00.000,BBG000BP0KQ8,-0.023838352,-0.025710212,2184189
20131119,12:15:00.000,BBG000C7LMS8,0.009439091,0.011411827,50935
20131119,12:15:00.000,BBG000JBN3X6,-0.008426416,0.0028682905,5173256
20131119,12:15:00.000,BBG000QW7VC1,-0.009717113,-0.017827697,2213875
20131119,12:15:00.000,BBG000C2YHG9,-0.013808704,-0.014335178,915117
20131119,12:15:00.000,BBG000BVHBM1,0.0026070059,0.005419083,865705
20131119,12:15:00.000,BBG000FKJRC5,0.0027876846,0.0009603393,312137
20131119,12:15:00.000,BBG000BP4MH0,-0.0016046069,-0.00126895,817421
20131119,12:15:00.000,BBG000BSXQV7,0.0018253385,0.0034450816,133923
20131119,12:15:00.000,BBG000BY33P5,-0.006825797,-0.0096961,10399378
20131119,12:15:00.000,BBG000BNJHS8,-0.0025891864,0.010477678,3429023
20131119,12:15:00.000,BBG000BB5373,0.0071282974,0.001794344,3132731
20131119,12:15:00.000,BBG000CSY9H9,0.0021424175,0.0044703386,411595
20131119,12:15:00.000,BBG000BQWPC5,0.004620342,5.6962483e-07,965083
20131119,12:15:00.000,BBG000BQZMH4,-0.00446396,-0.008493357,1204232
20131119,12:15:00.000,BBG000BC4JJ4,0.0069041825,0.0048202304,318045
20131119,12:15:00.000,BBG001QD41M9,-0.005803317,-0.006501811,788563
20131119,12:15:00.000,BBG000BHLYS1,-0.007907518,-0.011163695,578846
20131119,12:15:00.000,BBG000HG21Y3,0.029321486,0.026184373,405818
20131119,12:15:00.000,BBG000BHLYP4,0.0041928054,0.012348585,810557
20131119,12:15:00.000,BBG000DLFM21,-0.004588334,-0.0046818363,206192
20131119,12:15:00.000,BBG000H9G7X2,0.007134288,0.007174461,947784
20131119,12:15:00.000,BBG000BRRG02,0.0012673659,0.000757648,116387
20131119,12:15:00.000,BBG000BBMSJ6,-0.025722863,-0.034796137,4985971
20131119,12:15:00.000,BBG000MM5VL9,-0.021467527,-0.024696836,536162
20131119,12:15:00.000,BBG000C2V3D6,-0.006641891,-0.00074036466,1053316
20131119,12:15:00.000,BBG000G30YX4,-0.012658938,-0.009465583,257546
20131119,12:15:00.000,BBG000JN8R00,0.010339788,0.013250977,2612766
20131119,12:15:00.000,BBG000C2PW58,-0.0010929063,0.0012334649,147691
20131119,12:15:00.000,BBG000CGQ6M4,0.004416342,0.0027709769,283394
20131119,12:15:00.000,BBG000BCBCM7,0.013236481,0.009040662,5647390
20131119,12:15:00.000,BBG000C3HSR0,-0.006728649,-0.0051741013,798139
20131119,12:15:00.000,BBG000BG09F5,-0.0037954578,-0.00044325998,833567
20131119,12:15:00.000,BBG000BDXGP9,0.0021115749,0.0003069428,963496
20131119,12:15:00.000,BBG000BTVJ25,-0.00056842266,-0.00089165603,997586
20131119,12:15:00.000,BBG000BTKGG8,-0.0025555321,-0.0027804167,1574369
20131119,12:15:00.000,BBG000BLW530,-0.00994274,-0.012266247,843485
20131119,12:15:00.000,BBG000BY2Y78,-0.002125377,0.00059279235,1262440
20131119,12:15:00.000,BBG000BJ2VQ6,0.0057680933,0.00040776964,434346
20131119,12:15:00.000,BBG0039320N9,-0.006900011,-0.0066424776,1484329
20131119,12:15:00.000,BBG000BRJ809,0.0011694204,0.003791443,89563
20131119,12:15:00.000,BBG000TWC2V5,0.013287086,0.011004726,1055879
20131119,12:15:00.000,BBG0019JZ882,-0.00594565,-0.007859372,2341540
20131119,12:15:00.000,BBG000BF6LY3,-0.001187617,-0.0050453166,1826275
20131119,12:15:00.000,BBG000BYYLS8,0.0003744418,0.0014774655,1195279
20131119,12:15:00.000,BBG000BRWGG9,-0.0033240246,-0.0019323765,5636957
20131119,12:15:00.000,BBG000FW00S1,0.007723494,0.0025823328,2497103
20131119,12:15:00.000,BBG000BK67C7,0.007146166,0.0057110875,760391
20131119,12:15:00.000,BBG000FVXD63,0.013154479,0.014636616,685309
20131119,12:15:00.000,BBG000D2M0Z7,-0.011107884,-0.011458924,375703
20131119,12:15:00.000,BBG000BLBXT4,0.0038007426,-0.00080379593,373877
20131119,12:15:00.000,BBG000CS7CT9,-0.0017296051,0.00297964,1197924
20131119,12:15:00.000,BBG000BFMBQ6,0.005141583,0.0048743426,510112
20131119,12:15:00.000,BBG000BBBNC6,-0.012119421,-0.006129236,607302
20131119,12:15:00.000,BBG000G0Z878,-0.0072485646,-0.004847963,1882923
20131119,12:15:00.000,BBG000CR90K4,-0.007799496,-0.009732603,8317447
20131119,12:15:00.000,BBG000BQ2C28,-0.0056207357,-0.0030291202,408647
20131119,12:15:00.000,BBG000BMBL90,2.1066597e-05,0.00018903986,631133
20131119,12:15:00.000,BBG000BX5ZF5,0.016289653,0.011726762,4320004
20131119,12:15:00.000,BBG000BPT0C6,0.0011764932,0.00047820297,1071333
20131119,12:15:00.000,BBG000BMY992,0.013030022,0.013051412,1723314
20131119,12:15:00.000,BBG000BL9JQ1,-0.0067873253,-0.007611978,1204954
20131119,12:15:00.000,BBG000JG0547,0.030359535,0.03399397,3411723
20131119,12:15:00.000,BBG000BM7HL0,-0.009045147,-0.011540592,1397540
20131119,12:15:00.000,BBG000BRK7L6,0.0018273644,0.0028091674,1990128
20131119,12:15:00.000,BBG000BMQPL1,7.020426e-05,0.0015605558,5401352
20131119,12:15:00.000,BBG000C1FB75,,,542999
20131119,12:15:00.000,BBG000CZWZ05,-0.00050992554,0.00096585054,0
20131119,12:15:00.000,BBG000R7RDB4,-0.0045775427,-0.0038755941,599359
20131119,12:15:00.000,BBG000DTMH63,,,1373431
20131119,12:15:00.000,BBG000BTR593,0.010683265,0.012395106,1291962
20131119,12:15:00.000,BBG000BB6M98,-0.0054018795,-0.012709999,2933301
20131119,12:15:00.000,BBG000C2BXK4,-0.014990737,-0.01766649,4121900
20131119,12:15:00.000,BBG000PVRDL2,2.2822025e-05,0.0027810528,1461134
20131119,12:15:00.000,BBG000BVMGF2,-0.0036613832,-0.002949734,538596
20131119,12:15:00.000,BBG000BCGY17,0.0035060227,-0.001132075,770704
20131119,12:15:00.000,BBG000CNFQW6,-0.004888564,-0.0023964562,324796
20131119,12:15:00.000,BBG000BSD7C2,-0.0032744717,-0.002918469,533307
20131119,12:15:00.000,BBG000FQ6PY6,-0.0028666235,-0.0041999104,976633
20131119,12:15:00.000,BBG000BC15S7,-0.0032556236,-0.004496006,791453
20131119,12:15:00.000,BBG000BVDLH9,-0.0023229357,0.0012899246,382606
20131119,12:15:00.000,BBG000GC80B4,-0.0019367676,0.0015036421,614379
20131119,12:15:00.000,BBG000C0F570,-0.0032061308,-0.009823735,1855897
20131119,12:15:00.000,BBG000D898T9,0.0005946214,0.0018535979,813508
20131119,12:15:00.000,BBG000BG14P4,0.0052167387,-0.0020767765,1065395
20131119,12:15:00.000,BBG000DQTXY6,-0.0015260668,0.0010354945,2057434
20131119,12:15:00.000,BBG000C1S2X2,0.01200816,0.0123162195,837467
20131119,12:15:00.000,BBG000BWSV34,-0.011534763,-0.009729804,520004
20131119,12:15:00.000,BBG000H0QBS7,-0.0006337744,-0.0038182822,252845
20131119,12:15:00.000,BBG000BWNFZ9,-0.00016899106,-0.0043097325,636684
20131119,12:15:00.000,BBG000BS0ZF1,0.0015199241,0.002282745,212312
20131119,12:15:00.000,BBG000CPQZ77,-0.0047197146,-0.0071924794,1384922
20131119,12:15:00.000,BBG001M8HHB7,0.019153541,0.013949975,615519
20131119,12:15:00.000,BBG000BH5DV1,-0.00022633553,0.0008856078,534403
20131119,12:15:00.000,BBG000NV1KK7,0.004760322,0.009937217,1088813
20131119,12:15:00.000,BBG000DKCC19,0.040312514,0.041134834,3214826
20131119,12:15:00.000,BBG000CXYSZ6,-0.017332692,-0.021383151,684809
20131119,12:15:00.000,BBG000BGLRN3,-0.0047697765,-0.004037779,1717267
20131119,12:15:00.000,BBG000QRKJ70,-0.031595927,-0.041286513,11442453
20131119,12:15:00.000,BBG000BQ5DS5,-0.0034344713,-0.011693652,373794
20131119,12:15:00.000,BBG000BV7LP7,0.012955243,0.013920364,1500903
20131119,12:15:00.000,BBG000BH5LT6,-0.0058620335,-0.007842252,1715671
20131119,12:15:00.000,BBG000R8ZVD1,0.00359482,0.0009720346,750996
20131119,12:15:00.000,BBG000BRJL00,-0.0016109898,-0.007768176,1035541
20131119,12:15:00.000,BBG000BB6WG8,0.01086123,0.010260609,2112839
20131119,12:15:00.000,BBG000BJL3N0,0.0015722895,0.0019993025,2324051
20131119,12:15:00.000,BBG000QY3XZ2,0.0056351162,0.0002463291,766450
20131119,12:15:00.000,BBG000LD9JQ8,-0.00895144,-0.014393344,415619
20131119,12:15:00.000,BBG000Q3JN03,-0.003932033,-0.0031030527,5660859
20131119,12:15:00.000,BBG000BH3JF8,-0.0019677142,-0.0005365152,696841
20131119,12:15:00.000,BBG000BR54L0,0.0010922685,0.0010943358,2856062
20131119,12:15:00.000,BBG000PX3XC0,-0.009966531,-0.008042654,1661066
20131119,12:15:00.000,BBG001YMS0B8,0.003908725,0.00094506744,1081782
20131119,12:15:00.000,BBG000BD8PN9,-0.001983582,0.0024146268,1843741
20131119,12:15:00.000,BBG000BRD0D8,0.0045810207,0.0039828424,524883
20131119,12:15:00.000,BBG000BMDV41,-0.0010974332,-0.002232893,1462793
20131119,12:15:00.000,BBG000BGVW60,0.00020349804,-0.003613879,1246973
20131119,12:15:00.000,BBG000BKCFC2,-0.010772936,-0.011186273,1906524
20131119,12:15:00.000,BBG000BB9KF2,-0.0008046254,-0.006624304,1686071
20131119,12:15:00.000,BBG000C0MF34,-0.004249237,-0.0028915687,198859
20131119,12:15:00.000,BBG000BZ2GG4,0.00038456774,-0.0072533065,905048
20131119,12:15:00.000,BBG000C0LW92,0.029574009,0.034557395,5842839
20131119,12:15:00.000,BBG000BMW2Z0,-0.0026065647,-0.0019441876,905920
20131119,12:15:00.000,BBG000F0KF42,-0.009498893,-0.013401066,1070983
20131119,12:15:00.000,BBG000BX3TD3,-0.008897769,-0.006177997,2586148
20131119,12:15:00.000,BBG000QX74T1,0.003725586,0.005415534,143514
20131119,12:15:00.000,BBG000BWJFZ4,-0.0069339615,-0.006332415,228390
20131119,12:15:00.000,BBG000BKFBD7,-0.0018397548,0.003380837,811747
20131119,12:15:00.000,BBG000JWD753,-0.0009964341,-0.005792724,1459316
20131119,12:15:00.000,BBG000M65M61,0.045162693,0.051120277,5604997
20131119,12:15:00.000,BBG000MBDGM6,-0.0047000335,-0.0047189896,188693
20131119,12:15:00.000,BBG000BBVJZ8,0.006680747,0.009531158,1109145
20131119,12:15:00.000,BBG000BV8DN6,0.0069119185,0.009279433,1825248
20131119,12:15:00.000,BBG000BH2JM1,0.009258326,0.00845419,3143878
20131119,12:15:00.000,BBG000BGJRC8,-0.006192341,-0.014319791,2662761
20131119,12:15:00.000,BBG000QBR5J5,0.0013469977,0.004620329,1046770
20131119,12:15:00.000,BBG000BSLZY7,0.0018922546,0.0073700245,2784193
20131119,12:15:00.000,BBG000BJSBJ0,-0.012967332,-0.019374538,2255580
20131119,12:15:00.000,BBG000BJ81C1,2.880744e-05,0.0011337502,447192
20131119,12:15:00.000,BBG000BFL116,-0.016184745,-0.021394854,2055310
20131119,12:15:00.000,BBG000HCJMF9,0.00262247,0.009023161,786118
20131119,12:15:00.000,BBG000FV1Z23,0.0054021818,-0.0060286177,419350
20131119,12:15:00.000,BBG000BBDV81,0.0017791041,0.004757768,745345
20131119,12:15:00.000,BBG000FJLFX8,-0.005126471,-0.0038606534,1129566
20131119,12:15:00.000,BBG000J6XT05,-0.008050846,-0.013906213,2650150
20131119,12:15:00.000,BBG000BCWCG1,-0.084325865,-0.084146425,18243184
20131119,12:15:00.000,BBG000BJPDZ1,-0.0031744775,0.0010682208,75037
20131119,12:15:00.000,BBG000BPQD31,-0.0006597989,0.002869677,1353746
20131119,12:15:00.000,BBG000C734W3,-0.0021212427,0.00091135054,250367
20131119,12:15:00.000,BBG000C3GN47,0.008312702,0.0100383,1597830
20131119,12:15:00.000,BBG000BFRF55,0.018693851,0.01490597,3752138
20131119,12:15:00.000,BBG000BGPTV6,0.0022383162,-0.006138047,409198
20131119,12:15:00.000,BBG000BM5SR2,0.006045283,0.005961853,1716017
20131119,12:15:00.000,BBG000BN5HF7,-0.0032251354,-0.0020279924,1451697
20131119,12:15:00.000,BBG000BBD070,0.001390949,-0.00024376708,909054
20131119,12:15:00.000,BBG000BVPPM1,0.022252839,0.021756606,2118621
20131119,12:15:00.000,BBG000DYGNW7,-0.0007429922,0.0013854391,435026
20131119,12:15:00.000,BBG000BCG930,0.014840384,0.016700553,1649593
20131119,12:15:00.000,BBG000BHGDH5,-0.0016929994,-0.007128112,983205
20131119,12:15:00.000,BBG000BJ3PD2,-0.0019151473,-0.0054801367,749516
20131119,12:15:00.000,BBG000BFQYY3,0.0024983813,0.0018415721,786410
20131119,12:15:00.000,BBG000BY29C7,0.00074803445,4.830607e-07,895090
20131119,12:15:00.000,BBG000C1BW00,0.005977231,0.0055480604,273765
20131119,12:15:00.000,BBG000BD4VG8,0.00804965,0.0008715889,1253963
20131119,12:15:00.000,BBG000BHQ1H0,0.003788005,0.0055658673,1027783
20131119,12:15:00.000,BBG000BB5006,-0.0010216316,-0.0034449182,1012736
20131119,12:15:00.000,BBG000BKFZM4,0.008166687,0.008340765,3639207
20131119,12:15:00.000,BBG000BWVCP8,-0.0004361252,-0.0034004843,2035819
20131119,12:15:00.000,BBG000FH8PX5,-0.011055398,-0.0070874286,478319
20131119,12:15:00.000,BBG000BHX7N2,0.0013774487,-0.0005918974,546260
20131119,12:15:00.000,BBG000WCFV84,-0.0046858285,-0.0049056844,1159648
20131119,12:15:00.000,BBG000BBPFB9,0.0074962447,0.0059387754,4526359
20131119,12:15:00.000,BBG000FL1TC8,0.0076120985,0.0067641553,1444771
20131119,12:15:00.000,BBG000F6H8W8,0.0020798843,0.003405905,471707
20131119,12:15:00.000,BBG000BGKTF9,-0.0042920047,0.0010080163,1094327
20131119,12:15:00.000,BBG000C8H633,0.012738612,0.015061715,2634134
20131119,12:15:00.000,BBG000H89QJ6,0.009001694,0.008310479,1080520
20131119,12:15:00.000,BBG0014GG205,-0.0054864404,-0.0013464906,4176993
20131119,12:15:00.000,BBG000BFXHL6,-0.011709084,-0.012597177,1040065
20131119,12:15:00.000,BBG000BH3GZ2,0.004549633,0.004630374,1052348
20131119,12:15:00.000,BBG000BT9DW0,-0.0007336143,-0.005903261,2951556
20131119,12:15:00.000,BBG000FP1N32,0.004454873,0.003450986,1182765
20131119,12:15:00.000,BBG000FNRZ69,-0.0041701356,-0.012801148,2130859
20131119,12:15:00.000,BBG000D42FJ0,-0.01953547,-0.022719221,4431616
20131119,12:15:00.000,BBG00286S4N9,0.0144265015,0.016214399,1208080
20131119,12:15:00.000,BBG0025Y4RY4,-0.001992585,-0.00265948,1457721
20131119,12:15:00.000,BBG000BFDXW1,-0.004863404,-0.01277048,4054858
20131119,12:15:00.000,BBG0029SNR63,-0.0019878836,-0.0012974569,1150744
20131119,12:15:00.000,BBG000G2R6M0,0.0033190812,0.00703436,2600467
20131119,12:15:00.000,BBG000BCVJ77,-0.0010498099,0.0021795214,1473025
20131119,12:15:00.000,BBG000BL4504,-0.005405966,-0.0059000677,6003020
20131119,12:15:00.000,BBG000BC2C10,0.0060101673,0.009456424,1243831
20131119,12:15:00.000,BBG000B9WH86,0.0258672,0.02683019,14459749
20131119,12:15:00.000,BBG000BJX8C8,0.003112775,-0.0014982137,1619815
20131119,12:15:00.000,BBG000H556T9,-8.601326e-06,-0.00067966024,505080
20131119,12:15:00.000,BBG000C496P7,-0.003965996,-0.005032425,1193350
20131119,12:15:00.000,BBG000FG3C43,-0.0061209793,-0.009895025,1357190
20131119,12:15:00.000,BBG000BNWG87,-0.0068436405,-0.002916495,2358456
20131119,12:15:00.000,BBG000BNBDC2,-0.004420989,-0.0019597218,1467680
20131119,12:15:00.000,BBG000BJ98Z0,-0.011205987,-0.0145865,1374574
20131119,12:15:00.000,BBG000Q2HM09,0.00800777,0.0105531225,1942588
20131119,12:15:00.000,BBG000D9D830,0.0018730981,0.0037559557,949222
20131119,12:15:00.000,BBG000CJZ2W6,-0.0184076,-0.015306266,1627055
20131119,12:15:00.000,BBG000BH13K9,-0.0027201613,-0.0011344657,1354306
20131119,12:15:00.000,BBG000C46HM9,-0.0055279885,-0.0010897133,1472531
20131119,12:15:00.000,BBG000BWXBC2,-0.0007492482,-0.0012631641,1817453
20131119,12:15:00.000,BBG000BN2DC2,-0.016385809,-0.019101033,8993363
20131119,12:15:00.000,BBG000BTZQC4,0.0056529287,0.0040047057,2828652
20131119,12:15:00.000,BBG001DCCGR8,0.023175767,0.023642069,2073787
20131119,12:15:00.000,BBG000BB6KF5,-0.0033277308,0.0015329606,2778788
20131119,12:15:00.000,BBG000DHSPT0,0.00061156927,0.0022626282,1364548
20131119,12:15:00.000,BBG000F0PF65,-0.0016146725,0.0008975978,1450192
20131119,12:15:00.000,BBG000BH1NH9,-0.009501983,-0.01255174,2443972
20131119,12:15:00.000,BBG000BVV7G1,0.0025275475,-0.0018851215,1466554
20131119,12:15:00.000,BBG000BPWXK1,0.004381924,0.0081409095,2226370
20131119,12:15:00.000,BBG000BJF1Z8,-0.006034228,-0.011412477,1165254
20131119,12:15:00.000,BBG000BXRPH1,-0.00941265,-0.006961388,1378630
20131119,12:15:00.000,BBG000BC40Y8,0.004552811,0.0060299183,929993
20131119,12:15:00.000,BBG000BBGGQ1,0.004486444,0.0048922724,3235422
20131119,12:15:00.000,BBG000C17X76,0.02220415,0.026255649,572119
20131119,12:15:00.000,BBG000BP6LJ8,-0.0052370382,-0.0073621585,2597437
20131119,12:15:00.000,BBG000B9ZXB4,0.010985528,0.013703715,3779637
20131119,12:15:00.000,BBG000BMF5J0,0.0060638348,0.009190715,11823302
20131119,12:15:00.000,BBG000C5HS04,-0.0059250663,-0.005217116,1296827
20131119,12:15:00.000,BBG000BLZRJ2,0.0033042533,0.0098926015,4414695
20131119,12:15:00.000,BBG000L9CV04,0.0033189615,-0.0023199213,985476
20131119,12:15:00.000,BBG000BWLMJ4,-0.015720405,-0.012809292,2175053
20131119,12:15:00.000,BBG000D4LWF6,0.0022197177,-4.5115362e-07,2158624
20131119,12:15:00.000,BBG000BCQZS4,-1.8130755e-05,0.0052225376,1016267
20131119,12:15:00.000,BBG000H8TVT2,0.0011089601,0.005717191,1293548
20131119,12:15:00.000,BBG000FFDM15,0.00824234,0.011480802,3085943
20131119,12:15:00.000,BBG000BFWKC0,-0.007870034,-0.0041975575,1177699
20131119,12:15:00.000,BBG000BP52R2,0.0017225422,0.0026900088,799180
20131119,12:15:00.000,BBG000C15T95,0.0038949319,0.00015459831,1707682
20131119,12:15:00.000,BBG000BZ9223,-0.008325271,-0.0051907534,579435
20131119,12:15:00.000,BBG000BHBK84,-0.0008774111,-0.002759539,2153556
20131119,12:15:00.000,BBG000CTQBF3,-0.00023463879,0.0013658114,1486248
20131119,12:15:00.000,BBG000BW8S60,0.0031666923,0.0017406922,669773
20131119,12:15:00.000,BBG000BB07P9,0.0060506454,0.007925816,4751596
20131119,12:15:00.000,BBG000CH5208,-0.0043229284,-0.004046127,1387006
20131119,12:15:00.000,BBG000BW3299,-0.0011272503,-0.008350218,573901
20131119,12:15:00.000,BBG000DQLV23,-0.0006492616,0.0028905415,1756669
20131119,12:15:00.000,BBG000DWYF03,-0.0028634707,-0.0008883148,3179502
20131119,12:15:00.000,BBG000BGRY34,-0.003539204,0.0010696627,1697823
20131119,12:15:00.000,BBG000F1ZSQ2,-0.005839936,-0.0017223208,118692
20131119,12:15:00.000,BBG000BQQ2S6,-0.005648454,-0.0026778737,1033013
20131119,12:15:00.000,BBG000KHWT55,0.011362925,0.009998428,5753670
20131119,12:15:00.000,BBG000BNDN65,-0.002709985,-0.00019613752,5373209
20131119,12:15:00.000,BBG000R7Z112,0.0010108063,0.009599756,5278317
20131119,12:15:00.000,BBG000BQQH30,-0.0072666616,-0.0019353261,3416817
20131119,12:15:00.000,BBG000BBS2Y0,-0.008349927,-0.0048262454,893896
20131119,12:15:00.000,BBG000J2XL74,0.001957919,-0.0031642974,1257157
20131119,12:15:00.000,BBG000BJDB15,-0.0033119477,0.003015134,3027329
20131119,12:15:00.000,BBG000DWG505,0.00044545406,0.00047506695,890298
20131119,12:15:00.000,BBG000DH7JK6,-0.0047910823,-0.008617996,1885669
20131119,12:15:00.000,BBG000BKTFN2,0.0027602224,-0.0022084322,3397117
20131119,12:15:00.000,BBG000BF0K17,0.003916935,-0.0028555212,2063523
20131119,12:15:00.000,BBG000BFC8J2,-0.00047938095,0.004216108,1195381
20131119,12:15:00.000,BBG000BH4R78,-0.0006079355,0.0005756563,1734355
20131119,12:15:00.000,BBG000NDYB67,-0.0043223235,-0.00569999,7118894
20131119,12:15:00.000,BBG000C6CFJ5,0.0031615563,0.010501786,1439515
20131119,12:15:00.000,BBG000BQLTW7,-0.0028210995,-0.0034367284,6104687
20131119,12:15:00.000,BBG000BNSZP1,-0.00026112652,0.0019460154,1371526
20131119,12:15:00.000,BBG000BBDZG3,-0.009132604,0.00040782779,2911581
20131119,12:15:00.000,BBG000BHVJJ3,0.00011496832,-0.00083710987,5427839
20131119,12:15:00.000,BBG000BFT2L4,-0.002647244,-0.001054564,2358539
20131119,12:15:00.000,BBG000C43RR5,-0.00086358143,0.0019203321,4604272
20131119,12:15:00.000,BBG000Q9HH23,0.009583824,0.011685623,969001
20131119,12:15:00.000,BBG000BCSST7,-0.0044694757,-0.0046261037,1722727
20131119,12:15:00.000,BBG000BMX289,-0.0007157746,-0.004480034,4995740
20131119,12:15:00.000,BBG000GFFQN9,-0.0027574964,0.002286336,5804435
20131119,12:15:00.000,BBG000BT41Q8,0.0013538739,-0.00027156682,2620504
20131119,12:15:00.000,BBG000CKGBP2,0.0065749465,0.010727093,3055113
20131119,12:15:00.000,BBG000BKZB36,0.013648244,0.016439194,6621054
20131119,12:15:00.000,BBG000BLBVN4,-0.0016031523,-0.0022264023,214942
20131119,12:15:00.000,BBG000PSKYX7,-0.012937371,-0.008326038,1138777
20131119,12:15:00.000,BBG000BPD168,-0.006247832,-0.0020825,3365779
20131119,12:15:00.000,BBG000HS77T5,0.00089484744,-0.001772858,3823953
20131119,12:15:00.000,BBG000BVPV84,0.0070118536,0.0021569442,893511
20131119,12:15:00.000,BBG000BR2TH3,-0.0042687776,-0.0028386747,2872914
20131119,12:15:00.000,BBG000BQPC32,0.0024695378,-0.0011783228,11077163
20131119,12:15:00.000,BBG000CGC1X8,0.00055013003,-0.00041668286,3744025
20131119,12:15:00.000,BBG000BMHYD1,-0.00088781846,0.0030769003,2162078
20131119,12:15:00.000,BBG000K4ND22,0.0067374157,0.009290615,2065181
20131119,12:15:00.000,BBG000C0G1D1,0.00995497,0.005692368,12190751
20131119,12:15:00.000,BBG000C5Z1S3,0.012813024,0.01244483,24935816
20131119,12:15:00.000,BBG000BWQFY7,0.0056206295,0.0059887823,4370173
20131119,12:15:00.000,BBG000BLNNH6,0.0007606441,0.0026557683,1960089
20131119,12:15:00.000,BBG000BR2B91,-0.008690051,-0.0046852664,11353099
20131119,12:15:00.000,BBG000BSJK37,0.0007241593,0.0014046365,5276109
20131119,12:15:00.000,BBG000C3J3C9,-0.0013177935,-0.0023479934,26499448
20131119,12:15:00.000,BBG000BK6MB5,-0.00057805487,-0.0011023033,12961122
20131119,12:15:00.000,BBG000CL9VN6,0.007945797,0.008426212,1104478
20131119,12:15:00.000,BBG000GZQ728,-0.0016929349,-0.00089005515,5576221
20131119,12:15:00.000,BBG000DMBXR2,0.009847194,0.013635713,10846437
20131119,12:15:00.000,BBG000FY4S11,0.006184684,0.010434121,10103129
20131119,12:15:00.000,BBG000N9MNX3,0.048079796,0.05146485,12049802
20131119,12:15:00.000,BBG000BCTLF6,0.014182884,0.02144029,75536664
20131119,12:15:00.000,BBG000BPH459,0.0038476838,0.0035201083,19817564
20131119,12:15:00.000,BBG000BHSKN9,-0.006615516,-0.001865759,535025
20131119,12:15:00.000,BBG000MM2P62,0.011688307,0.019635474,38618928
20131119,12:15:00.000,BBG000B9XRY4,0.0034307304,0.005137666,3653984
20131119,12:30:00.000,BBG000C221G9,-0.0021001794,-0.0045511047,297825
20131119,12:30:00.000,BBG000D9H9F1,0.018136112,0.021417042,1250546
20131119,12:30:00.000,BBG000BJ5GK2,0.010758742,0.0011542763,559879
20131119,12:30:00.000,BBG000BVVQQ8,0.0049634385,0.001955395,602349
20131119,12:30:00.000,BBG000PTLGZ1,-0.008089472,-0.010713526,203003
20131119,12:30:00.000,BBG000CGT2S4,0.0014724651,0.004896006,2068169
20131119,12:30:00.000,BBG000RKR4R8,0.0071319803,0.008718355,4992449
20131119,12:30:00.000,BBG000BDWKC5,0.001623898,0.0006187165,826678
20131119,12:30:00.000,BBG000JB27Y9,-0.0041725268,0.00051788177,445176
20131119,12:30:00.000,BBG000BLXZN1,-0.005132075,-0.0042481925,360777
20131119,12:30:00.000,BBG000BK5DP1,-0.008713781,-0.009721432,1117468
20131119,12:30:00.000,BBG000FBR384,0.0090824505,0.006283634,353939
20131119,12:30:00.000,BBG000BCHG15,0.010869851,0.0112698795,299257
20131119,12:30:00.000,BBG000BLHRS2,-0.0044878186,-0.005487638,286964
20131119,12:30:00.000,BBG000F80SZ5,-0.016457584,-0.02365019,4032379
20131119,12:30:00.000,BBG000BQ87N0,-0.0014182737,-0.0070017423,412442
20131119,12:30:00.000,BBG000HW5GX3,0.0045649414,0.00682743,1085725
20131119,12:30:00.000,BBG000BLMZK6,0.0029622728,-0.00081433286,367039
20131119,12:30:00.000,BBG000BND699,0.004424163,-0.004249402,446643
20131119,12:30:00.000,BBG000BYWTX7,-0.01640416,-0.02319667,2528540
20131119,12:30:00.000,BBG000BGKHZ3,0.0031569735,0.0053155026,335231
20131119,12:30:00.000,BBG000M1R011,0.017549675,0.012195745,1298245
20131119,12:30:00.000,BBG000BCJ161,-0.00092210766,0.01453639,1053965
20131119,12:30:00.000,BBG000DGPR66,-0.013356285,-0.013446638,547145
20131119,12:30:00.000,BBG000BV75B7,0.0010935932,0.00060559757,235931
20131119,12:30:00.000,BBG000BPZBB6,3.719213e-05,-0.002792575,360554
20131119,12:30:00.000,BBG000BL79J3,-0.0083407145,-0.007695216,2704038
20131119,12:30:00.000,BBG000BP7JB0,-0.016588341,-0.022829002,1994992
20131119,12:30:00.000,BBG000BVB8Q0,-0.013385085,-0.011489309,1425085
20131119,12:30:00.000,BBG000TJM7F0,0.002033236,-0.0016440925,324355
20131119,12:30:00.000,BBG000BHQYG9,0.002696663,0.004609804,314641
20131119,12:30:00.000,BBG000BDDN94,0.011201938,0.0048013725,133671
20131119,12:30:00.000,BBG000BWP7D9,0.0030244978,-0.000236244,549483
20131119,12:30:00.000,BBG000F9KJN4,-0.016993858,-0.01934976,1636725
20131119,12:30:00.000,BBG000BWVSR1,-0.0063910023,-0.006154305,1105603
20131119,12:30:00.000,BBG000BHCP19,-0.0004715387,-0.008491206,729209
20131119,12:30:00.000,BBG000BFDLV8,-0.009705878,-0.0077678957,290762
20131119,12:30:00.000,BBG000BX8DC4,-0.0046945955,-0.004841262,936383
20131119,12:30:00.000,BBG000CPHYL4,-0.014130097,-0.022752212,645589
20131119,12:30:00.000,BBG000BCNYT9,0.008971124,0.0035057666,2361663
20131119,12:30:00.000,BBG000VC0T95,0.017865475,0.014322518,366224
20131119,12:30:00.000,BBG000PCQQL6,0.0073065767,0.0039353697,613007
20131119,12:30:00.000,BBG000BQ74K1,0.001169953,0.00587716,684480
20131119,12:30:00.000,BBG000BJDPC2,0.009515726,0.0127042085,661357
20131119,12:30:00.000,BBG000GPXKX9,-0.00065428374,0.0007199098,348479
20131119,12:30:00.000,BBG000BJ49H3,-0.003193292,-0.0052006054,337830
20131119,12:30:00.000,BBG000PLXQQ3,-0.0059172194,-0.0044681304,255904
20131119,12:30:00.000,BBG000BQHGR6,-0.0018310606,-0.0040814276,407296
20131119,12:30:00.000,BBG000KLB4Q1,0.009503811,0.0031561973,1047336
20131119,12:30:00.000,BBG000C3Y7J6,0.004833495,0.0015812388,265943
20131119,12:30:00.000,BBG000FFH4P5,0.0003682585,-0.002833588,287161
20131119,12:30:00.000,BBG000JBSJZ4,0.0029804106,0.0021549016,632386
20131119,12:30:00.000,BBG000F86GP6,0.0060818875,0.008620851,320930
20131119,12:30:00.000,BBG000BQTMJ9,0.009828373,0.01028108,1469533
20131119,12:30:00.000,BBG000RNTSX0,-0.0053790696,-0.0039623207,107812
20131119,12:30:00.000,BBG000GZD660,0.0076231253,0.010649864,187208
20131119,12:30:00.000,BBG000D9DMK0,0.0044990527,-0.0011458717,199340
20131119,12:30:00.000,BBG003P9ZSL3,-0.011236427,-0.003864933,146760
20131119,12:30:00.000,BBG000C37332,0.010641228,0.0075129163,233828
20131119,12:30:00.000,BBG000C1DHF5,0.0026840551,-0.0028374367,774086
20131119,12:30:00.000,BBG000FW8LZ9,0.008893462,0.015085519,742691
20131119,12:30:00.000,BBG000BCVMH9,0.0030517976,-0.005673484,161448
20131119,12:30:00.000,BBG000BKQ3V3,0.003799314,-0.0007624347,674514
20131119,12:30:00.000,BBG000CXD6X9,0.010382348,0.0045548,413536
20131119,12:30:00.000,BBG000BCYP43,0.004794299,0.008799821,131839
20131119,12:30:00.000,BBG000PM7GJ0,-0.017777648,-0.021038914,6062618
20131119,12:30:00.000,BBG000C75N77,0.00526724,0.0067000706,265784
20131119,12:30:00.000,BBG000G8N9C6,-0.005252931,-0.0026406068,904826
20131119,12:30:00.000,BBG000C90DH9,0.0065414817,0.00762224,1769421
20131119,12:30:00.000,BBG000C6F3T8,0.0031132223,-0.0023753662,2984301
20131119,12:30:00.000,BBG000BFV115,0.00056944584,0.005339701,445673
20131119,12:30:00.000,BBG000C7B436,0.000620524,-0.010890062,408214
20131119,12:30:00.000,BBG000BLCPY4,-0.008275345,-0.011039972,603908
20131119,12:30:00.000,BBG000BD3LM4,-0.003938184,-0.009250592,2065702
20131119,12:30:00.000,BBG000BDY3Y7,-0.02190982,-0.028171873,2344381
20131119,12:30:00.000,BBG000BMZ7P7,-0.005744408,-0.01812461,262646
20131119,12:30:00.000,BBG000BBNYF6,-0.012939708,-0.011756404,504975
20131119,12:30:00.000,BBG000BK6G19,0.0045190756,0.0075360457,849397
20131119,12:30:00.000,BBG000BB29X4,-0.0013037471,-0.0047556516,314758
20131119,12:30:00.000,BBG000BB03M1,0.00771759,-0.009569988,684211
20131119,12:30:00.000,BBG000BGD7W6,-0.00060985057,-0.005766611,936186
20131119,12:30:00.000,BBG000C3NTN5,0.01217125,0.013056784,1552503
20131119,12:30:00.000,BBG000BHB3M6,-0.005625751,-0.0076469514,207278
20131119,12:30:00.000,BBG000BBCQD7,-0.007339094,-0.002300425,829836
20131119,12:30:00.000,BBG000D14WM3,0.00075822754,0.0043230196,3330666
20131119,12:30:00.000,BBG000CVWGS6,-0.020515846,-0.022254251,3564120
20131119,12:30:00.000,BBG000BQSQ38,0.0059298608,0.008978828,1134126
20131119,12:30:00.000,BBG000BPQVR5,-0.012303745,-0.010741906,284605
20131119,12:30:00.000,BBG000BCZYD3,-0.0024995534,0.0013405324,242873
20131119,12:30:00.000,BBG000FDBX90,9.938335e-05,-0.004014808,668323
20131119,12:30:00.000,BBG000BQVTF5,0.002292332,-0.0039014409,351159
20131119,12:30:00.000,BBG001BPFT54,-0.04305574,-0.047867276,3568167
20131119,12:30:00.000,BBG000BHC2S1,-0.0053615887,-0.0023488172,560794
20131119,12:30:00.000,BBG000DN7P92,0.005942455,0.008978944,449958
20131119,12:30:00.000,BBG000C060M4,-0.00800635,-0.004052788,133065
20131119,12:30:00.000,BBG000BHKYH4,-0.0034446956,0.0003736273,209707
20131119,12:30:00.000,BBG000F6ZWH2,0.00694516,0.00807183,2304932
20131119,12:30:00.000,BBG000BFTJ91,0.0015949652,0.0016188406,392855
20131119,12:30:00.000,BBG000BD0TF8,-0.0015374495,0.0011148053,583917
20131119,12:30:00.000,BBG000BP1Q11,0.009872432,0.012215367,354052
20131119,12:30:00.000,BBG000D5S4M0,-0.0011211095,-0.0017071735,172395
20131119,12:30:00.000,BBG000MQ1SN9,-0.008437147,-0.016701572,826387
20131119,12:30:00.000,BBG000BKZTP3,0.004164766,0.0026306047,448673
20131119,12:30:00.000,BBG000C0HQ54,-0.0052212114,-0.0030270433,1815451
20131119,12:30:00.000,BBG000BP1152,0.017678706,0.013798728,969820
20131119,12:30:00.000,BBG000BN9WT5,-0.0012159761,-0.009271381,725609
20131119,12:30:00.000,BBG000BBLK04,-0.00086986215,8.149445e-09,189590
20131119,12:30:00.000,BBG000NSQ9M0,0.006756296,0.008727942,2865236
20131119,12:30:00.000,BBG000BRXP69,-0.006976291,-0.0039071697,237192
20131119,12:30:00.000,BBG000BGYWY6,0.001063324,0.0024090805,136958
20131119,12:30:00.000,BBG000BJ8YN7,-0.0024541616,-0.0031990046,675548
20131119,12:30:00.000,BBG000BFVXX0,0.000544871,-0.0014467847,764531
20131119,12:30:00.000,BBG000BLM0V1,-0.0065812813,-0.008714848,213188
20131119,12:30:00.000,BBG000BBCDZ2,0.0033214653,0.0031405305,216272
20131119,12:30:00.000,BBG000KBQZ88,-0.004623249,-0.009539172,650861
20131119,12:30:00.000,BBG000BWXL85,0.0037523392,-0.00064502517,663274
20131119,12:30:00.000,BBG000BKXYX5,-0.0065604406,-0.0059454134,426492
20131119,12:30:00.000,BBG000D1QCF1,0.012334672,0.0031893784,553915
20131119,12:30:00.000,BBG000CKVSG8,-0.0078060282,-0.0096890405,827804
20131119,12:30:00.000,BBG000BPYHJ6,0.028860705,0.029010385,752849
20131119,12:30:00.000,BBG000BKWSR6,0.0020991848,0.0033685486,6163661
20131119,12:30:00.000,BBG000BMTFR4,-0.0009117612,-0.0066782716,766131
20131119,12:30:00.000,BBG000C1FQS9,0.0010024199,-0.0045620874,347332
20131119,12:30:00.000,BBG000BR37X2,0.004363585,0.0033009753,1051570
20131119,12:30:00.000,BBG000BB6G37,-0.0013507928,-0.009173041,519125
20131119,12:30:00.000,BBG000CHPY97,0.009821012,0.013336792,4101535
20131119,12:30:00.000,BBG000BPXRB3,-0.019051133,-0.018699229,417660
20131119,12:30:00.000,BBG000BF5RY1,-0.003297352,-0.006439003,754323
20131119,12:30:00.000,BBG000BNNKG9,0.02610295,0.026890766,1666111
20131119,12:30:00.000,BBG001NVJ6W4,-0.020013146,-0.021912564,832016
20131119,12:30:00.000,BBG0035LY913,0.006543434,0.012051673,926695
20131119,12:30:00.000,BBG000BMLWX8,0.0045436136,0.008995982,1116114
20131119,12:30:00.000,BBG000BPNP00,0.00097404193,-0.0075959708,846506
20131119,12:30:00.000,BBG000DSMS70,-0.004518466,-0.00016329928,468074
20131119,12:30:00.000,BBG000D13GN8,-0.034479503,-0.03463753,948222
20131119,12:30:00.000,BBG000BSC0K9,-0.0031224529,0.0003352333,461600
20131119,12:30:00.000,BBG000MDCQC2,0.00209376,-0.0023135121,629231
20131119,12:30:00.000,BBG000BMKDM3,-0.0046871067,-0.00641386,523505
20131119,12:30:00.000,BBG000BF1R66,0.0029924146,0.0019009447,154598
20131119,12:30:00.000,BBG000BJQWD2,-0.0024388658,-0.00153062,437343
20131119,12:30:00.000,BBG000C2ZCH8,0.00062348915,-0.0021433586,345643
20131119,12:30:00.000,BBG000BP8Z50,-0.0053530047,-0.006114698,466943
20131119,12:30:00.000,BBG000FBK808,-0.009544183,-0.007491097,2589716
20131119,12:30:00.000,BBG000BXMFC3,0.005513413,0.00236549,515413
20131119,12:30:00.000,BBG000BFNR17,0.0011272725,0.0031414512,204598
20131119,12:30:00.000,BBG000RGM5P1,-0.009094858,-0.013906429,909105
20131119,12:30:00.000,BBG000BKR1D6,0.0014115813,0.0038749173,130497
20131119,12:30:00.000,BBG000D7RKJ5,-0.0014405085,-0.0053163515,489480
20131119,12:30:00.000,BBG000G6BN50,-0.0026270119,0.0001175616,186283
20131119,12:30:00.000,BBG000J1QLT0,0.0016391539,-0.00028933847,279696
20131119,12:30:00.000,BBG000BNFLM9,-0.004611156,-0.010186878,708368
20131119,12:30:00.000,BBG000BTCH57,-0.015989115,-0.024469553,1570452
20131119,12:30:00.000,BBG000FLZN98,-0.0038108085,0.0029803969,260871
20131119,12:30:00.000,BBG000C4DPX1,0.002518741,-0.0062526776,312782
20131119,12:30:00.000,BBG000BQ8KV2,0.0046429583,0.005940131,403648
20131119,12:30:00.000,BBG000BPMH90,0.0018396117,0.0049209446,559343
20131119,12:30:00.000,BBG000K14Q84,0.0006600456,-0.010024776,288095
20131119,12:30:00.000,BBG000BC9938,0.0018671222,-0.000383722,477347
20131119,12:30:00.000,BBG000QFJ7H3,-0.001337968,0.00020672102,1745859
20131119,12:30:00.000,BBG000BTQR96,-0.0005143887,-0.0044719577,395163
20131119,12:30:00.000,BBG000CHWP52,0.003494319,0.0043901736,420967
20131119,12:30:00.000,BBG000D8RG11,0.0022187468,0.0007368429,857832
20131119,12:30:00.000,BBG000BS9489,0.00019506105,0.0009293741,376495
20131119,12:30:00.000,BBG000CKJ0P3,-0.010994721,3.6542872e-08,269163
20131119,12:30:00.000,BBG000BWCKB6,0.00084719254,0.00040140282,163230
20131119,12:30:00.000,BBG000BVWLJ6,-0.0021073949,-0.0017281573,1006217
20131119,12:30:00.000,BBG000BXM6V2,-0.008315705,-0.008466778,374084
20131119,12:30:00.000,BBG000D9KWL9,-0.0016195817,-0.0014946235,178883
20131119,12:30:00.000,BBG000BKNX95,0.0023236987,-0.000931339,816476
20131119,12:30:00.000,BBG000J5Q6L2,0.024839066,0.026887316,3934913
20131119,12:30:00.000,BBG000QN4GY3,-0.0038387144,-0.0034024632,546524
20131119,12:30:00.000,BBG000BCTQ65,0.0021900404,-0.0027953887,1340499
20131119,12:30:00.000,BBG000BNNYW1,0.0003734591,-0.0013026915,512660
20131119,12:30:00.000,BBG003641015,0.006709006,0.009467644,716300
20131119,12:30:00.000,BBG000D6L294,-0.013025526,-0.008367179,792684
20131119,12:30:00.000,BBG000BSBZH7,0.0021245615,0.00408036,490812
20131119,12:30:00.000,BBG000BNC3Y9,-0.006042819,-0.0018930204,769163
20131119,12:30:00.000,BBG000F15NW9,0.0026188977,0.0062498697,650955
20131119,12:30:00.000,BBG000R0L5J4,-0.00128623,-0.0032976998,1509983
20131119,12:30:00.000,BBG000BVMPN3,-0.003720725,0.0016882431,279246
20131119,12:30:00.000,BBG000BB5BF6,-0.01644625,-0.015263912,1142901
20131119,12:30:00.000,BBG000BR3KL6,-0.0034774754,-0.0054730577,304495
20131119,12:30:00.000,BBG000BNGTQ7,-0.0037420099,-0.00311118,827832
20131119,12:30:00.000,BBG000BHZ5J9,0.0067346836,0.008386418,621240
20131119,12:30:00.000,BBG000BN84F3,0.0010781471,-0.004768591,579988
20131119,12:30:00.000,BBG000BBJQV0,-0.0030354413,-0.008606168,1860441
20131119,12:30:00.000,BBG000BB1TH9,0.00053332554,-0.009673047,443409
20131119,12:30:00.000,BBG000BFS7D3,-0.004856555,-0.003563536,387961
20131119,12:30:00.000,BBG000BR14K5,0.003535752,0.0021847896,367113
20131119,12:30:00.000,BBG000BPVCR1,0.033737436,0.036995865,964389
20131119,12:30:00.000,BBG000BKLH74,-0.0034687005,-0.0032187477,1578308
20131119,12:30:00.000,BBG002S5ZRF9,-0.024225295,-0.028661946,1208050
20131119,12:30:00.000,BBG000BKPL53,0.002364638,0.007423635,285282
20131119,12:30:00.000,BBG000DY8ZS4,-0.013688149,-0.019766564,3144036
20131119,12:30:00.000,BBG000DNTSP4,0.00048971403,4.640819e-07,868311
20131119,12:30:00.000,BBG000BM6788,-0.0031435755,-0.0034032548,1409088
20131119,12:30:00.000,BBG000G3QLY3,0.0041169473,0.0065080007,362852
20131119,12:30:00.000,BBG000BLKK03,-0.0011556546,-0.00020328735,1045144
20131119,12:30:00.000,BBG000BP0KQ8,-0.023827925,-0.026539719,2302536
20131119,12:30:00.000,BBG000C7LMS8,0.01032313,0.011477084,53635
20131119,12:30:00.000,BBG000JBN3X6,-0.0070692124,0.0069659934,5417912
20131119,12:30:00.000,BBG000QW7VC1,-0.010254538,-0.01850457,2279849
20131119,12:30:00.000,BBG000C2YHG9,-0.010717936,-0.011270382,993248
20131119,12:30:00.000,BBG000BVHBM1,0.0036930537,0.0072254604,921960
20131119,12:30:00.000,BBG000FKJRC5,0.0017098613,0.0009604699,327754
20131119,12:30:00.000,BBG000BP4MH0,-0.0008820202,4.7770396e-07,885291
20131119,12:30:00.000,BBG000BSXQV7,0.0028786303,0.004440743,139711
20131119,12:30:00.000,BBG000BY33P5,-0.005879917,-0.009185715,10561058
20131119,12:30:00.000,BBG000BNJHS8,-0.0026928068,0.012131872,3561109
20131119,12:30:00.000,BBG000BB5373,0.0076756305,0.0023922687,3475495
20131119,12:30:00.000,BBG000CSY9H9,0.0024159038,0.003887124,431295
20131119,12:30:00.000,BBG000BQWPC5,0.0043297512,0.0017078232,1003230
20131119,12:30:00.000,BBG000BQZMH4,-0.0059436196,-0.008493467,1399829
20131119,12:30:00.000,BBG000BC4JJ4,0.006181816,0.003728984,360496
20131119,12:30:00.000,BBG001QD41M9,-0.00701223,-0.0071087303,821794
20131119,12:30:00.000,BBG000BHLYS1,-0.008071477,-0.009446098,612057
20131119,12:30:00.000,BBG000HG21Y3,0.031109314,0.028922029,429016
20131119,12:30:00.000,BBG000BHLYP4,0.0051700114,0.013539539,827071
20131119,12:30:00.000,BBG000DLFM21,-0.0050696665,-0.0047755875,217792
20131119,12:30:00.000,BBG000H9G7X2,0.003839698,0.0043044933,997278
20131119,12:30:00.000,BBG000BRRG02,0.001511381,0.00071992807,121787
20131119,12:30:00.000,BBG000BBMSJ6,-0.02477476,-0.035104144,5260360
20131119,12:30:00.000,BBG000MM5VL9,-0.0197827,-0.022241775,545912
20131119,12:30:00.000,BBG000C2V3D6,-0.006544884,-0.00018550997,1108375
20131119,12:30:00.000,BBG000G30YX4,-0.014138184,-0.010746905,265830
20131119,12:30:00.000,BBG000JN8R00,0.010670063,0.0132508,2681354
20131119,12:30:00.000,BBG000C2PW58,-0.00058076857,0.002055841,154370
20131119,12:30:00.000,BBG000CGQ6M4,0.004391757,0.002493881,301513
20131119,12:30:00.000,BBG000BCBCM7,0.012457778,0.0077492404,5877170
20131119,12:30:00.000,BBG000C3HSR0,-0.0061142356,-0.0039420943,833885
20131119,12:30:00.000,BBG000BG09F5,-0.0040640165,4.005525e-07,852980
20131119,12:30:00.000,BBG000BDXGP9,0.002580082,0.0009205634,1005821
20131119,12:30:00.000,BBG000BTVJ25,-0.00102424,-0.0014862746,1037061
20131119,12:30:00.000,BBG000BTKGG8,-0.0035300502,-0.0027804477,1635243
20131119,12:30:00.000,BBG000BLW530,-0.009894889,-0.012202239,865352
20131119,12:30:00.000,BBG000BY2Y78,-0.001782317,0.0011858449,1288233
20131119,12:30:00.000,BBG000BJ2VQ6,0.006114779,0.002286552,472013
20131119,12:30:00.000,BBG0039320N9,-0.0062705707,-0.005693533,1520457
20131119,12:30:00.000,BBG000BRJ809,0.0010976971,0.004116424,96905
20131119,12:30:00.000,BBG000TWC2V5,0.01292991,0.01094452,1171160
20131119,12:30:00.000,BBG0019JZ882,-0.005753471,-0.006175206,2401860
20131119,12:30:00.000,BBG000BF6LY3,-0.0005764861,-0.004204465,1892560
20131119,12:30:00.000,BBG000BYYLS8,0.00085175777,0.0026594957,1257505
20131119,12:30:00.000,BBG000BRWGG9,-0.0030642075,-0.0019322304,6059285
20131119,12:30:00.000,BBG000FW00S1,0.00626668,0.0010330963,2579559
20131119,12:30:00.000,BBG000BK67C7,0.006360269,0.005095304,782577
20131119,12:30:00.000,BBG000FVXD63,0.012248673,0.014772054,712244
20131119,12:30:00.000,BBG000D2M0Z7,-0.0116645405,-0.012459991,394313
20131119,12:30:00.000,BBG000BLBXT4,0.0038655621,-0.0002680918,390537
20131119,12:30:00.000,BBG000CS7CT9,-0.0014629103,0.0034451259,1248162
20131119,12:30:00.000,BBG000BFMBQ6,0.006141024,0.0052903257,532748
20131119,12:30:00.000,BBG000BBBNC6,-0.01260108,-0.0067272717,638882
20131119,12:30:00.000,BBG000G0Z878,-0.00691423,-0.005133042,1959619
20131119,12:30:00.000,BBG000CR90K4,-0.009416822,-0.012976769,8819086
20131119,12:30:00.000,BBG000BQ2C28,-0.0065996936,-0.0034813236,455304
20131119,12:30:00.000,BBG000BMBL90,-9.210373e-05,0.00050366536,676254
20131119,12:30:00.000,BBG000BX5ZF5,0.017499542,0.013530986,4598895
20131119,12:30:00.000,BBG000BPT0C6,0.00082525436,0.0015030092,1104632
20131119,12:30:00.000,BBG000BMY992,0.013583037,0.013051381,1799169
20131119,12:30:00.000,BBG000BL9JQ1,-0.005626204,-0.0047169444,1265894
20131119,12:30:00.000,BBG000JG0547,0.03234951,0.036578964,3565962
20131119,12:30:00.000,BBG000BM7HL0,-0.009026337,-0.012233008,1466098
20131119,12:30:00.000,BBG000BRK7L6,0.0009372093,0.0033709777,2054209
20131119,12:30:00.000,BBG000BMQPL1,-0.001915044,-1.8060253e-07,5901425
20131119,12:30:00.000,BBG000C1FB75,,,587419
20131119,12:30:00.000,BBG000CZWZ05,-0.00023109264,0.0007089685,0
20131119,12:30:00.000,BBG000R7RDB4,-0.001947601,-0.0002336622,648373
20131119,12:30:00.000,BBG000DTMH63,,,1418684
20131119,12:30:00.000,BBG000BTR593,0.012307833,0.015149727,1354250
20131119,12:30:00.000,BBG000BB6M98,-0.0069053727,-0.012992516,3066502
20131119,12:30:00.000,BBG000C2BXK4,-0.014036711,-0.01714679,4433970
20131119,12:30:00.000,BBG000PVRDL2,0.00073863415,0.003708284,1534577
20131119,12:30:00.000,BBG000BVMGF2,-0.0033748287,-0.0025810562,565312
20131119,12:30:00.000,BBG000BCGY17,0.0049528163,0.0004719346,816987
20131119,12:30:00.000,BBG000CNFQW6,-0.005250466,-0.0024293375,343759
20131119,12:30:00.000,BBG000BSD7C2,-0.0023233881,-0.0016341951,556552
20131119,12:30:00.000,BBG000FQ6PY6,-0.0050798682,-0.0071747443,1085170
20131119,12:30:00.000,BBG000BC15S7,-0.0023212584,-0.003264277,807861
20131119,12:30:00.000,BBG000BVDLH9,-0.0017732361,0.002133653,407603
20131119,12:30:00.000,BBG000GC80B4,-0.0027282557,0.0012030433,648520
20131119,12:30:00.000,BBG000C0F570,-0.003372621,-0.011194376,1897620
20131119,12:30:00.000,BBG000D898T9,-0.0004060306,0.001158502,862257
20131119,12:30:00.000,BBG000BG14P4,0.007629602,-0.0017156949,1101377
20131119,12:30:00.000,BBG000DQTXY6,-0.00168867,0.0015533142,2113931
20131119,12:30:00.000,BBG000C1S2X2,0.014740053,0.014827866,882261
20131119,12:30:00.000,BBG000BWSV34,-0.0113939885,-0.0092317695,541643
20131119,12:30:00.000,BBG000H0QBS7,-0.00093367597,-0.003818407,301900
20131119,12:30:00.000,BBG000BWNFZ9,0.0022242446,-0.0018183546,675773
20131119,12:30:00.000,BBG000BS0ZF1,0.0026880673,0.0035832422,222596
20131119,12:30:00.000,BBG000CPQZ77,-0.0039803134,-0.007192557,1451844
20131119,12:30:00.000,BBG001M8HHB7,0.021529919,0.01600789,653323
20131119,12:30:00.000,BBG000BH5DV1,-0.00018933619,0.0005450355,556808
20131119,12:30:00.000,BBG000NV1KK7,0.0045576375,0.0095973825,1135899
20131119,12:30:00.000,BBG000DKCC19,0.04050446,0.041814763,3541169
20131119,12:30:00.000,BBG000CXYSZ6,-0.016132196,-0.020370584,704748
20131119,12:30:00.000,BBG000BGLRN3,-0.004209231,-0.0034165669,1804300
20131119,12:30:00.000,BBG000QRKJ70,-0.03296327,-0.04320684,11812340
20131119,12:30:00.000,BBG000BQ5DS5,-0.0019188126,-0.010088644,453247
20131119,12:30:00.000,BBG000BV7LP7,0.013956048,0.013920166,1664445
20131119,12:30:00.000,BBG000BH5LT6,-0.006562837,-0.007196196,1824031
20131119,12:30:00.000,BBG000R8ZVD1,0.0025416175,-0.00029922722,788287
20131119,12:30:00.000,BBG000BRJL00,-0.0020054604,-0.0067971554,1061930
20131119,12:30:00.000,BBG000BB6WG8,0.010777118,0.010504872,2215696
20131119,12:30:00.000,BBG000BJL3N0,0.0021917063,0.0034989985,2453080
20131119,12:30:00.000,BBG000QY3XZ2,0.005573553,-8.1980244e-05,783150
20131119,12:30:00.000,BBG000LD9JQ8,-0.008912652,-0.014362904,430361
20131119,12:30:00.000,BBG000Q3JN03,-0.004625898,-0.0031030527,5770570
20131119,12:30:00.000,BBG000BH3JF8,-0.0026292289,-0.0008047543,740525
20131119,12:30:00.000,BBG000BR54L0,0.0007812458,0.0016415044,3161984
20131119,12:30:00.000,BBG000PX3XC0,-0.005681542,-0.0025994338,1732486
20131119,12:30:00.000,BBG001YMS0B8,0.0050096055,0.0020781758,1144133
20131119,12:30:00.000,BBG000BD8PN9,-0.0029191368,0.0018111013,2024978
20131119,12:30:00.000,BBG000BRD0D8,0.0046928357,0.005244172,541993
20131119,12:30:00.000,BBG000BMDV41,-0.00081273715,-0.0020299924,1512992
20131119,12:30:00.000,BBG000BGVW60,0.00092767767,-0.0014753959,1284606
20131119,12:30:00.000,BBG000BKCFC2,-0.011536177,-0.011774903,2059033
20131119,12:30:00.000,BBG000BB9KF2,-0.0011252043,-0.0060032634,1780142
20131119,12:30:00.000,BBG000C0MF34,-0.0046286024,-0.002364137,205855
20131119,12:30:00.000,BBG000BZ2GG4,0.00027693494,-0.005984026,961069
20131119,12:30:00.000,BBG000C0LW92,0.031393394,0.03628517,6072184
20131119,12:30:00.000,BBG000BMW2Z0,-0.0016442171,4.684756e-05,938526
20131119,12:30:00.000,BBG000F0KF42,-0.0052686427,-0.008865472,1272359
20131119,12:30:00.000,BBG000BX3TD3,-0.010420246,-0.009085539,2661784
20131119,12:30:00.000,BBG000QX74T1,0.0037479457,0.005815684,148431
20131119,12:30:00.000,BBG000BWJFZ4,-0.007522606,-0.0066097155,235190
20131119,12:30:00.000,BBG000BKFBD7,-0.0024271556,0.0030286377,848895
20131119,12:30:00.000,BBG000JWD753,-0.0014264669,-0.0061459704,1517546
20131119,12:30:00.000,BBG000M65M61,0.049352694,0.057304166,5911916
20131119,12:30:00.000,BBG000MBDGM6,-0.002941818,-0.003257385,199893
20131119,12:30:00.000,BBG000BBVJZ8,0.005804575,0.010032695,1149350
20131119,12:30:00.000,BBG000BV8DN6,0.0056719915,0.0084794415,1936199
20131119,12:30:00.000,BBG000BH2JM1,0.00884655,0.007608645,3258904
20131119,12:30:00.000,BBG000BGJRC8,-0.006164408,-0.013952714,2768857
20131119,12:30:00.000,BBG000QBR5J5,0.00055953994,0.004042643,1094535
20131119,12:30:00.000,BBG000BSLZY7,0.0022115016,0.0077796136,3005783
20131119,12:30:00.000,BBG000BJSBJ0,-0.013688826,-0.018812744,2343820
20131119,12:30:00.000,BBG000BJ81C1,0.0003286462,0.0016441023,470980
20131119,12:30:00.000,BBG000BFL116,-0.015815426,-0.02282645,2164149
20131119,12:30:00.000,BBG000HCJMF9,0.0008756846,0.007500666,827879
20131119,12:30:00.000,BBG000FV1Z23,0.00498322,-0.0061597917,484572
20131119,12:30:00.000,BBG000BBDV81,0.0027494098,0.00593395,825750
20131119,12:30:00.000,BBG000FJLFX8,-0.0053324196,-0.004323884,1213169
20131119,12:30:00.000,BBG000J6XT05,-0.007417363,-0.012479738,2739970
20131119,12:30:00.000,BBG000BCWCG1,-0.085814714,-0.08655717,18945776
20131119,12:30:00.000,BBG000BJPDZ1,-0.0044833645,0.00019070643,77334
20131119,12:30:00.000,BBG000BPQD31,-0.0008487562,0.0028697264,1421823
20131119,12:30:00.000,BBG000C734W3,0.0005597306,0.0038824345,266617
20131119,12:30:00.000,BBG000C3GN47,0.0088061085,0.011559137,1694301
20131119,12:30:00.000,BBG000BFRF55,0.022658681,0.018541684,3900470
20131119,12:30:00.000,BBG000BGPTV6,0.0007495141,-0.007729455,424690
20131119,12:30:00.000,BBG000BM5SR2,0.007643765,0.00816985,1804038
20131119,12:30:00.000,BBG000BN5HF7,-0.0029653918,-0.0010138183,1671351
20131119,12:30:00.000,BBG000BBD070,0.00316202,0.0030521755,946799
20131119,12:30:00.000,BBG000BVPPM1,0.02105605,0.022208018,2242699
20131119,12:30:00.000,BBG000DYGNW7,-0.001622748,0.00072418345,461234
20131119,12:30:00.000,BBG000BCG930,0.016166335,0.018082986,1731941
20131119,12:30:00.000,BBG000BHGDH5,-0.0016417413,-0.0061496287,1033367
20131119,12:30:00.000,BBG000BJ3PD2,-0.0027793597,-0.005965632,801243
20131119,12:30:00.000,BBG000BFQYY3,0.0016842092,0.0024552648,819208
20131119,12:30:00.000,BBG000BY29C7,0.0011743805,0.0007408475,975003
20131119,12:30:00.000,BBG000C1BW00,0.0058112135,0.0058020726,287263
20131119,12:30:00.000,BBG000BD4VG8,0.0082439715,0.0026156246,1302674
20131119,12:30:00.000,BBG000BHQ1H0,0.0040083537,0.006441908,1083695
20131119,12:30:00.000,BBG000BB5006,-0.0012132319,-0.004416711,1061526
20131119,12:30:00.000,BBG000BKFZM4,0.009019809,0.00953223,3864539
20131119,12:30:00.000,BBG000BWVCP8,-0.0007161027,-0.0031171413,2110834
20131119,12:30:00.000,BBG000FH8PX5,-0.011539624,-0.007455526,512338
20131119,12:30:00.000,BBG000BHX7N2,0.0024814645,0.000739536,658233
20131119,12:30:00.000,BBG000WCFV84,-0.004684875,-0.0050329673,1218402
20131119,12:30:00.000,BBG000BBPFB9,0.008702524,0.0053454065,4761094
20131119,12:30:00.000,BBG000FL1TC8,0.0062482734,0.006456488,1526341
20131119,12:30:00.000,BBG000F6H8W8,0.002206651,0.0032435912,491404
20131119,12:30:00.000,BBG000BGKTF9,-0.0042423173,0.0012961247,1167353
20131119,12:30:00.000,BBG000C8H633,0.011125306,0.015335421,2971609
20131119,12:30:00.000,BBG000H89QJ6,0.0074709365,0.0073642787,1122854
20131119,12:30:00.000,BBG0014GG205,-0.005497434,-0.0023564575,4350165
20131119,12:30:00.000,BBG000BFXHL6,-0.012904329,-0.013939561,1107354
20131119,12:30:00.000,BBG000BH3GZ2,0.0035968178,0.004290046,1079390
20131119,12:30:00.000,BBG000BT9DW0,-0.0011181723,-0.0054310597,3090329
20131119,12:30:00.000,BBG000FP1N32,0.001956932,0.00073980854,1240367
20131119,12:30:00.000,BBG000FNRZ69,-0.002632166,-0.0110942125,2246776
20131119,12:30:00.000,BBG000D42FJ0,-0.019021375,-0.022781292,4593522
20131119,12:30:00.000,BBG00286S4N9,0.015005482,0.018668722,1276998
20131119,12:30:00.000,BBG0025Y4RY4,-0.0035473474,-0.0032733595,1579714
20131119,12:30:00.000,BBG000BFDXW1,-0.0030988608,-0.012019359,4229389
20131119,12:30:00.000,BBG0029SNR63,-0.00291787,-0.0022857483,1206012
20131119,12:30:00.000,BBG000G2R6M0,0.00491844,0.008689659,2724939
20131119,12:30:00.000,BBG000BCVJ77,-0.0012790443,0.0027608615,1590850
20131119,12:30:00.000,BBG000BL4504,-0.0070101134,-0.0062934333,6152751
20131119,12:30:00.000,BBG000BC2C10,0.0054991487,0.010815216,1297928
20131119,12:30:00.000,BBG000B9WH86,0.02688016,0.026830139,15064927
20131119,12:30:00.000,BBG000BJX8C8,0.0025309783,-0.00059947214,1656796
20131119,12:30:00.000,BBG000H556T9,0.000111645415,-0.00016975524,559839
20131119,12:30:00.000,BBG000C496P7,-0.0044302484,-0.005368116,1233693
20131119,12:30:00.000,BBG000FG3C43,-0.004189068,-0.008075966,1447037
20131119,12:30:00.000,BBG000BNWG87,-0.008210231,-0.0035168172,2462103
20131119,12:30:00.000,BBG000BNBDC2,-0.0045640282,-0.0013716423,1539852
20131119,12:30:00.000,BBG000BJ98Z0,-0.012513256,-0.016084353,1467158
20131119,12:30:00.000,BBG000Q2HM09,0.008533548,0.010475494,1970680
20131119,12:30:00.000,BBG000D9D830,0.0008261616,0.0033740567,1013856
20131119,12:30:00.000,BBG000CJZ2W6,-0.016501892,-0.013914742,1659765
20131119,12:30:00.000,BBG000BH13K9,-0.0027080886,-0.00097220467,1422273
20131119,12:30:00.000,BBG000C46HM9,-0.0060352734,-0.0011887325,1520726
20131119,12:30:00.000,BBG000BWXBC2,-0.0007482589,-0.00088447495,1894109
20131119,12:30:00.000,BBG000BN2DC2,-0.019966044,-0.023966607,9308900
20131119,12:30:00.000,BBG000BTZQC4,0.0053592566,0.0036966782,3065929
20131119,12:30:00.000,BBG001DCCGR8,0.022967493,0.024804803,2160709
20131119,12:30:00.000,BBG000BB6KF5,-0.0041629598,0.0011496879,2902353
20131119,12:30:00.000,BBG000DHSPT0,0.00070763106,0.0027652946,1430060
20131119,12:30:00.000,BBG000F0PF65,-0.0021836027,0.0007479659,1515859
20131119,12:30:00.000,BBG000BH1NH9,-0.009367106,-0.012073458,2600531
20131119,12:30:00.000,BBG000BVV7G1,0.00284926,-0.002591785,1548088
20131119,12:30:00.000,BBG000BPWXK1,0.005216958,0.00925102,2334464
20131119,12:30:00.000,BBG000BJF1Z8,-0.0059155407,-0.010938309,1225795
20131119,12:30:00.000,BBG000BXRPH1,-0.011457795,-0.008224413,1422725
20131119,12:30:00.000,BBG000BC40Y8,0.0045032008,0.007523349,1005946
20131119,12:30:00.000,BBG000BBGGQ1,0.0067714984,0.008969042,3369612
20131119,12:30:00.000,BBG000C17X76,0.021198882,0.025509663,598803
20131119,12:30:00.000,BBG000BP6LJ8,-0.0047450736,-0.00683616,2724745
20131119,12:30:00.000,BBG000B9ZXB4,0.011446361,0.014757787,3969547
20131119,12:30:00.000,BBG000BMF5J0,0.007100255,0.009190749,12291492
20131119,12:30:00.000,BBG000C5HS04,-0.0062292223,-0.0052172933,1353460
20131119,12:30:00.000,BBG000BLZRJ2,0.0026046522,0.009892565,4619274
20131119,12:30:00.000,BBG000L9CV04,0.0034306238,-0.002122485,1034361
20131119,12:30:00.000,BBG000BWLMJ4,-0.016697096,-0.01380746,2233983
20131119,12:30:00.000,BBG000D4LWF6,0.001492065,-0.0005894988,2302248
20131119,12:30:00.000,BBG000BCQZS4,0.00018328904,0.005586876,1089842
20131119,12:30:00.000,BBG000H8TVT2,0.0009975462,0.0057171155,1386009
20131119,12:30:00.000,BBG000FFDM15,0.008660938,0.012785496,3324084
20131119,12:30:00.000,BBG000BFWKC0,-0.009083657,-0.005055016,1226274
20131119,12:30:00.000,BBG000BP52R2,0.0014142308,0.0026515417,843950
20131119,12:30:00.000,BBG000C15T95,0.0038333042,-0.0004608869,1774868
20131119,12:30:00.000,BBG000BZ9223,-0.007519577,-0.002936542,598259
20131119,12:30:00.000,BBG000BHBK84,-0.0006846523,-0.0025087718,2280768
20131119,12:30:00.000,BBG000CTQBF3,0.0009184006,0.0032903089,1604826
20131119,12:30:00.000,BBG000BW8S60,0.0024924953,0.001648829,692729
20131119,12:30:00.000,BBG000BB07P9,0.0066866674,0.009057975,5008683
20131119,12:30:00.000,BBG000CH5208,-0.0045703338,-0.004045864,1513720
20131119,12:30:00.000,BBG000BW3299,-0.00040614544,-0.007345877,621778
20131119,12:30:00.000,BBG000DQLV23,-0.0006173085,0.0032758259,1879290
20131119,12:30:00.000,BBG000DWYF03,-0.0026413023,-0.0002956722,3285638
20131119,12:30:00.000,BBG000BGRY34,-0.0032304737,0.0014517197,1765131
20131119,12:30:00.000,BBG000F1ZSQ2,-0.00679661,-0.0018482469,123578
20131119,12:30:00.000,BBG000BQQ2S6,-0.006238551,-0.0019055278,1068189
20131119,12:30:00.000,BBG000KHWT55,0.012568315,0.011198099,6066906
20131119,12:30:00.000,BBG000BNDN65,-0.002980371,-0.0015715307,5732793
20131119,12:30:00.000,BBG000R7Z112,0.00034128092,0.011022145,5501127
20131119,12:30:00.000,BBG000BQQH30,-0.0074653663,-0.00041464955,3660990
20131119,12:30:00.000,BBG000BBS2Y0,-0.008593083,-0.0044383314,953529
20131119,12:30:00.000,BBG000J2XL74,0.002894335,-0.0024549332,1324508
20131119,12:30:00.000,BBG000BJDB15,-0.00315033,0.0043853894,3124904
20131119,12:30:00.000,BBG000DWG505,0.00060407125,0.0005613359,930741
20131119,12:30:00.000,BBG000DH7JK6,-0.006092,-0.010015516,2053852
20131119,12:30:00.000,BBG000BKTFN2,0.0027761334,-0.0007360988,3519560
20131119,12:30:00.000,BBG000BF0K17,0.0036470466,-0.002855482,2142528
20131119,12:30:00.000,BBG000BFC8J2,-0.001740807,0.0034971682,1269115
20131119,12:30:00.000,BBG000BH4R78,9.413957e-05,0.0015829811,1806002
20131119,12:30:00.000,BBG000NDYB67,-0.0058512515,-0.0075136754,7326783
20131119,12:30:00.000,BBG000C6CFJ5,0.0025075155,0.010833984,1504100
20131119,12:30:00.000,BBG000BQLTW7,-0.0026719877,-0.0034368623,6491369
20131119,12:30:00.000,BBG000BNSZP1,-0.0011295829,0.002253362,1472425
20131119,12:30:00.000,BBG000BBDZG3,-0.00930715,0.00020351633,3040142
20131119,12:30:00.000,BBG000BHVJJ3,-0.0009982758,-0.0016734846,5720469
20131119,12:30:00.000,BBG000BFT2L4,-0.000859243,0.0012654894,2507486
20131119,12:30:00.000,BBG000C43RR5,0.0004719412,0.0034565157,4989273
20131119,12:30:00.000,BBG000Q9HH23,0.010691004,0.012406087,993187
20131119,12:30:00.000,BBG000BCSST7,-0.004370732,-0.004228621,1761701
20131119,12:30:00.000,BBG000BMX289,-5.386827e-05,-0.0039822226,5288283
20131119,12:30:00.000,BBG000GFFQN9,-0.00035014626,0.0048587434,6170764
20131119,12:30:00.000,BBG000BT41Q8,0.0009837154,0.00092389184,2737765
20131119,12:30:00.000,BBG000CKGBP2,0.006180476,0.010654492,3212636
20131119,12:30:00.000,BBG000BKZB36,0.012528682,0.01455671,6979447
20131119,12:30:00.000,BBG000BLBVN4,-0.0028106198,-0.0031530776,222881
20131119,12:30:00.000,BBG000PSKYX7,-0.012259759,-0.007125731,1202077
20131119,12:30:00.000,BBG000BPD168,-0.0067261686,-0.0018743408,3505978
20131119,12:30:00.000,BBG000HS77T5,0.0008132675,-0.0017729634,3960768
20131119,12:30:00.000,BBG000BVPV84,0.007616456,0.0028670363,957429
20131119,12:30:00.000,BBG000BR2TH3,-0.003935662,-0.0013014976,3080501
20131119,12:30:00.000,BBG000BQPC32,0.0011163763,-0.0023563306,11455074
20131119,12:30:00.000,BBG000CGC1X8,0.0014657407,0.00055645395,4027613
20131119,12:30:00.000,BBG000BMHYD1,-0.0006295929,0.004350285,2269711
20131119,12:30:00.000,BBG000K4ND22,0.0057938094,0.010327513,2225050
20131119,12:30:00.000,BBG000C0G1D1,0.009855452,0.0048793186,12765413
20131119,12:30:00.000,BBG000C5Z1S3,0.01225739,0.010889021,26326304
20131119,12:30:00.000,BBG000BWQFY7,0.0063051176,0.007831325,4724431
20131119,12:30:00.000,BBG000BLNNH6,0.0012874719,0.0039295508,2046623
20131119,12:30:00.000,BBG000BR2B91,-0.009732078,-0.004997668,11926256
20131119,12:30:00.000,BBG000BSJK37,0.0011955843,0.0019661277,5505907
20131119,12:30:00.000,BBG000C3J3C9,-0.0004149188,-0.0014088929,27635988
20131119,12:30:00.000,BBG000BK6MB5,-0.0016227205,-0.0018374107,14021940
20131119,12:30:00.000,BBG000CL9VN6,0.009165597,0.009128421,1124181
20131119,12:30:00.000,BBG000GZQ728,-0.0008141377,0.0011539425,5843757
20131119,12:30:00.000,BBG000DMBXR2,0.010604229,0.0156094665,11556548
20131119,12:30:00.000,BBG000FY4S11,0.0070194122,0.012205861,10606085
20131119,12:30:00.000,BBG000N9MNX3,0.041806594,0.0436072,12592870
20131119,12:30:00.000,BBG000BCTLF6,0.015202077,0.02345039,79290736
20131119,12:30:00.000,BBG000BPH459,0.0040366976,0.0032493784,21148862
20131119,12:30:00.000,BBG000BHSKN9,-0.005626794,-0.0005862137,563345
20131119,12:30:00.000,BBG000MM2P62,0.011738976,0.019199034,39684228
20131119,12:30:00.000,BBG000B9XRY4,0.0025905226,0.004886905,3885257
20131119,12:45:00.000,BBG000C221G9,-0.001908032,-0.005404766,317071
20131119,12:45:00.000,BBG000D9H9F1,0.020287117,0.022544341,1312768
20131119,12:45:00.000,BBG000BJ5GK2,0.010602559,-0.0003462227,577394
20131119,12:45:00.000,BBG000BVVQQ8,0.0059486907,0.0026074443,631313
20131119,12:45:00.000,BBG000PTLGZ1,-0.007814185,-0.011024886,213465
20131119,12:45:00.000,BBG000CGT2S4,-0.0030580203,-0.0015457373,2251783
20131119,12:45:00.000,BBG000RKR4R8,0.0073535265,0.0069746897,5060898
20131119,12:45:00.000,BBG000BDWKC5,0.00013878949,-0.0021492534,894898
20131119,12:45:00.000,BBG000JB27Y9,-0.004209076,9.8435464e-08,489045
20131119,12:45:00.000,BBG000BLXZN1,-0.0056084823,-0.006235093,371598
20131119,12:45:00.000,BBG000BK5DP1,-0.009486774,-0.01121696,1169889
20131119,12:45:00.000,BBG000FBR384,0.009719061,0.0067272843,395766
20131119,12:45:00.000,BBG000BCHG15,0.011645093,0.011213945,307257
20131119,12:45:00.000,BBG000BLHRS2,-0.0052797114,-0.007231215,302383
20131119,12:45:00.000,BBG000F80SZ5,-0.013451689,-0.023650348,4209660
20131119,12:45:00.000,BBG000BQ87N0,-0.0016268124,-0.00746848,437729
20131119,12:45:00.000,BBG000HW5GX3,0.0040747947,0.005275864,1114838
20131119,12:45:00.000,BBG000BLMZK6,0.0030383482,-0.00091609807,385003
20131119,12:45:00.000,BBG000BND699,0.002679399,-0.0069209263,474681
20131119,12:45:00.000,BBG000BYWTX7,-0.014700552,-0.022471804,2604424
20131119,12:45:00.000,BBG000BGKHZ3,0.0040381406,0.0046848822,351325
20131119,12:45:00.000,BBG000M1R011,0.018586349,0.010937381,1322774
20131119,12:45:00.000,BBG000BCJ161,0.0024020243,0.015550592,1078338
20131119,12:45:00.000,BBG000DGPR66,-0.012867519,-0.013692182,564989
20131119,12:45:00.000,BBG000BV75B7,0.0015724843,-0.00012160005,244542
20131119,12:45:00.000,BBG000BPZBB6,-0.00013061755,-0.0031028723,377024
20131119,12:45:00.000,BBG000BL79J3,-0.008818384,-0.008578453,2764416
20131119,12:45:00.000,BBG000BP7JB0,-0.017873138,-0.025274875,2129085
20131119,12:45:00.000,BBG000BVB8Q0,-0.012046336,-0.011489309,1452751
20131119,12:45:00.000,BBG000TJM7F0,0.0018420636,-0.002054922,349178
20131119,12:45:00.000,BBG000BHQYG9,-0.0011570026,-0.0012195734,331588
20131119,12:45:00.000,BBG000BDDN94,0.011828416,0.0034089896,140271
20131119,12:45:00.000,BBG000BWP7D9,0.003635349,0.0009446888,591403
20131119,12:45:00.000,BBG000F9KJN4,-0.018788662,-0.022757364,1705824
20131119,12:45:00.000,BBG000BWVSR1,-0.0059113572,-0.006154305,1133118
20131119,12:45:00.000,BBG000BHCP19,2.1997197e-05,-0.008956083,744202
20131119,12:45:00.000,BBG000BFDLV8,-0.010348369,-0.009445166,314347
20131119,12:45:00.000,BBG000BX8DC4,-0.003989389,-0.0047068787,991159
20131119,12:45:00.000,BBG000CPHYL4,-0.014662014,-0.024419928,718129
20131119,12:45:00.000,BBG000BCNYT9,0.0075989505,0.0017529934,2462184
20131119,12:45:00.000,BBG000VC0T95,0.018649269,0.0133722415,375531
20131119,12:45:00.000,BBG000PCQQL6,0.0070802956,0.003219206,631606
20131119,12:45:00.000,BBG000BQ74K1,0.0018996089,0.0060525998,719974
20131119,12:45:00.000,BBG000BJDPC2,0.012270148,0.01477395,690559
20131119,12:45:00.000,BBG000GPXKX9,0.00065992883,4.212076e-05,371013
20131119,12:45:00.000,BBG000BJ49H3,-0.004284121,-0.0070301383,360310
20131119,12:45:00.000,BBG000PLXQQ3,-0.005208375,-0.004665157,260846
20131119,12:45:00.000,BBG000BQHGR6,-0.0012051828,-0.004255038,419090
20131119,12:45:00.000,BBG000KLB4Q1,0.007974881,0.00039429704,1086357
20131119,12:45:00.000,BBG000C3Y7J6,0.004970245,0.0010542136,274485
20131119,12:45:00.000,BBG000FFH4P5,-0.0007091732,-0.0048166965,321793
20131119,12:45:00.000,BBG000JBSJZ4,0.0005278006,-0.00035908463,659780
20131119,12:45:00.000,BBG000F86GP6,0.005675044,0.007543297,340038
20131119,12:45:00.000,BBG000BQTMJ9,0.0103577655,0.009424717,1514815
20131119,12:45:00.000,BBG000RNTSX0,-0.0076023256,-0.0080784885,115907
20131119,12:45:00.000,BBG000GZD660,0.007690131,0.009940118,194362
20131119,12:45:00.000,BBG000D9DMK0,0.0034904948,-0.0027691447,220527
20131119,12:45:00.000,BBG003P9ZSL3,-0.010010375,-0.0033225731,156444
20131119,12:45:00.000,BBG000C37332,0.010305875,0.00599486,280097
20131119,12:45:00.000,BBG000C1DHF5,0.0072820317,-3.2965227e-07,834036
20131119,12:45:00.000,BBG000FW8LZ9,0.0040456164,0.008472428,777505
20131119,12:45:00.000,BBG000BCVMH9,0.0043672402,-0.0042047296,173971
20131119,12:45:00.000,BBG000BKQ3V3,0.0031602588,-0.0026145368,694607
20131119,12:45:00.000,BBG000CXD6X9,0.0125375055,0.0060438216,446868
20131119,12:45:00.000,BBG000BCYP43,0.0048487736,0.008361636,144620
20131119,12:45:00.000,BBG000PM7GJ0,-0.01935571,-0.02366861,6199056
20131119,12:45:00.000,BBG000C75N77,0.004948587,0.005806596,293307
20131119,12:45:00.000,BBG000G8N9C6,-0.0063986336,-0.0039209705,940366
20131119,12:45:00.000,BBG000C90DH9,0.0059551094,0.006449608,1848797
20131119,12:45:00.000,BBG000C6F3T8,0.0033491012,-0.002375289,3104102
20131119,12:45:00.000,BBG000BFV115,-0.0002089134,0.0026127708,469356
20131119,12:45:00.000,BBG000C7B436,0.002276635,-0.010316872,461020
20131119,12:45:00.000,BBG000BLCPY4,-0.008243621,-0.0126262475,620730
20131119,12:45:00.000,BBG000BD3LM4,-0.0003267692,-0.006783702,2194934
20131119,12:45:00.000,BBG000BDY3Y7,-0.021433882,-0.028414957,2449590
20131119,12:45:00.000,BBG000BMZ7P7,-0.00615928,-0.018606937,279430
20131119,12:45:00.000,BBG000BBNYF6,-0.0121849235,-0.010533673,543545
20131119,12:45:00.000,BBG000BK6G19,0.0042380644,0.005480183,871420
20131119,12:45:00.000,BBG000BB29X4,-0.0018500297,-0.00497193,342603
20131119,12:45:00.000,BBG000BB03M1,0.0086871935,-0.008221298,717845
20131119,12:45:00.000,BBG000BGD7W6,-0.0011218028,-0.0063007153,987914
20131119,12:45:00.000,BBG000C3NTN5,0.011279725,0.011657859,1590596
20131119,12:45:00.000,BBG000BHB3M6,-0.005848891,-0.008508626,222760
20131119,12:45:00.000,BBG000BBCQD7,-0.007918166,-0.0034505578,860855
20131119,12:45:00.000,BBG000D14WM3,0.002117004,0.0034583414,3391986
20131119,12:45:00.000,BBG000CVWGS6,-0.02253309,-0.025677795,3743401
20131119,12:45:00.000,BBG000BQSQ38,0.0056669894,0.0075973854,1166858
20131119,12:45:00.000,BBG000BPQVR5,-0.010344256,-0.009846716,324956
20131119,12:45:00.000,BBG000BCZYD3,-0.0029814495,0.0008783643,254021
20131119,12:45:00.000,BBG000FDBX90,0.00015232767,-0.0040148883,691070
20131119,12:45:00.000,BBG000BQVTF5,0.0018205357,-0.0047881845,393893
20131119,12:45:00.000,BBG001BPFT54,-0.04762847,-0.05436777,3765043
20131119,12:45:00.000,BBG000BHC2S1,-0.005216672,-0.0033556663,570039
20131119,12:45:00.000,BBG000DN7P92,0.005681133,0.008502689,475752
20131119,12:45:00.000,BBG000C060M4,-0.006969309,-0.00417805,137912
20131119,12:45:00.000,BBG000BHKYH4,-0.0048438916,-0.0019608631,234225
20131119,12:45:00.000,BBG000F6ZWH2,0.00993342,0.009491093,2360137
20131119,12:45:00.000,BBG000BFTJ91,0.0027284815,0.0031296378,419676
20131119,12:45:00.000,BBG000BD0TF8,-0.0012161813,0.00092902133,604996
20131119,12:45:00.000,BBG000BP1Q11,0.010779968,0.012489938,375759
20131119,12:45:00.000,BBG000D5S4M0,-0.0013780018,-0.0034519588,185667
20131119,12:45:00.000,BBG000MQ1SN9,-0.008663594,-0.017713724,890766
20131119,12:45:00.000,BBG000BKZTP3,0.0030077712,0.0006012967,480222
20131119,12:45:00.000,BBG000C0HQ54,-0.004643594,-0.0034928115,1935624
20131119,12:45:00.000,BBG000BP1152,0.0100241825,0.0044507626,1080757
20131119,12:45:00.000,BBG000BN9WT5,-0.00083575514,-0.009746911,753580
20131119,12:45:00.000,BBG000BBLK04,-5.1586834e-05,-0.00035233644,197483
20131119,12:45:00.000,BBG000NSQ9M0,0.0058408896,0.0054546464,3043301
20131119,12:45:00.000,BBG000BRXP69,-0.0065479386,-0.0039852858,250807
20131119,12:45:00.000,BBG000BGYWY6,0.0008708798,0.0020076395,143491
20131119,12:45:00.000,BBG000BJ8YN7,-0.0018225121,-0.0037320503,695429
20131119,12:45:00.000,BBG000BFVXX0,0.0003024333,-0.0014468443,788620
20131119,12:45:00.000,BBG000BLM0V1,-0.0068338364,-0.00965842,225786
20131119,12:45:00.000,BBG000BBCDZ2,0.004345513,0.0034096278,224779
20131119,12:45:00.000,BBG000KBQZ88,-0.0054306127,-0.011340869,674427
20131119,12:45:00.000,BBG000BWXL85,0.0039451886,-0.0019343011,694525
20131119,12:45:00.000,BBG000BKXYX5,-0.0051454157,-0.005816227,436083
20131119,12:45:00.000,BBG000D1QCF1,0.010511957,0.00010295295,585429
20131119,12:45:00.000,BBG000CKVSG8,-0.007920581,-0.010990469,933167
20131119,12:45:00.000,BBG000BPYHJ6,0.031063545,0.029784054,811695
20131119,12:45:00.000,BBG000BKWSR6,0.0017042366,0.0022456418,6447490
20131119,12:45:00.000,BBG000BMTFR4,-0.00067408313,-0.008268477,777717
20131119,12:45:00.000,BBG000C1FQS9,0.0019178363,-0.0035395336,377472
20131119,12:45:00.000,BBG000BR37X2,0.0035673573,0.0025673916,1069009
20131119,12:45:00.000,BBG000BB6G37,-0.0015636473,-0.010169945,570232
20131119,12:45:00.000,BBG000CHPY97,0.007678234,0.009602601,4206734
20131119,12:45:00.000,BBG000BPXRB3,-0.022624036,-0.024580216,438391
20131119,12:45:00.000,BBG000BF5RY1,-0.0032832706,-0.0069154166,792394
20131119,12:45:00.000,BBG000BNNKG9,0.023029879,0.02304932,1829115
20131119,12:45:00.000,BBG001NVJ6W4,-0.018974239,-0.022943622,851716
20131119,12:45:00.000,BBG0035LY913,0.00712242,0.0120516615,1160905
20131119,12:45:00.000,BBG000BMLWX8,0.004425523,0.008396193,1182719
20131119,12:45:00.000,BBG000BPNP00,0.0008155094,-0.008632492,948686
20131119,12:45:00.000,BBG000DSMS70,-0.0060355393,-0.0020088304,494098
20131119,12:45:00.000,BBG000D13GN8,-0.035186335,-0.037654944,978845
20131119,12:45:00.000,BBG000BSC0K9,-0.0025925932,0.0002511957,486500
20131119,12:45:00.000,BBG000MDCQC2,0.0019550628,-0.003181167,660377
20131119,12:45:00.000,BBG000BMKDM3,-0.0040583173,-0.0064138593,549630
20131119,12:45:00.000,BBG000BF1R66,0.0031176587,0.0023760498,173546
20131119,12:45:00.000,BBG000BJQWD2,-0.0043358863,-0.0052477466,462771
20131119,12:45:00.000,BBG000C2ZCH8,0.002169478,-0.00032973813,365931
20131119,12:45:00.000,BBG000BP8Z50,-0.004830882,-0.006649932,488963
20131119,12:45:00.000,BBG000FBK808,-0.01143278,-0.010948107,2711754
20131119,12:45:00.000,BBG000BXMFC3,0.006805823,0.0020698896,553172
20131119,12:45:00.000,BBG000BFNR17,0.0022088042,0.0029604065,210601
20131119,12:45:00.000,BBG000RGM5P1,-0.008808738,-0.014858948,944653
20131119,12:45:00.000,BBG000BKR1D6,0.0015432943,0.0030030825,139797
20131119,12:45:00.000,BBG000D7RKJ5,-0.001326795,-0.005316406,521807
20131119,12:45:00.000,BBG000G6BN50,-0.0022119111,0.00070474774,194532
20131119,12:45:00.000,BBG000J1QLT0,0.0022663486,-0.0004337256,303856
20131119,12:45:00.000,BBG000BNFLM9,-0.0051549985,-0.012612387,804943
20131119,12:45:00.000,BBG000BTCH57,-0.014703727,-0.02438621,1662899
20131119,12:45:00.000,BBG000FLZN98,-0.0031235032,0.0026965346,267073
20131119,12:45:00.000,BBG000C4DPX1,0.0011622261,-0.008753651,370062
20131119,12:45:00.000,BBG000BQ8KV2,0.0044712923,0.0052800328,435930
20131119,12:45:00.000,BBG000BPMH90,0.002215692,0.0038097424,597575
20131119,12:45:00.000,BBG000K14Q84,0.0009262634,-0.01037951,298116
20131119,12:45:00.000,BBG000BC9938,0.0032452024,-0.00012810186,506907
20131119,12:45:00.000,BBG000QFJ7H3,-0.0040738657,-0.0046562166,1826634
20131119,12:45:00.000,BBG000BTQR96,0.00033254278,-0.004109474,413126
20131119,12:45:00.000,BBG000CHWP52,0.002848145,0.0032194892,434254
20131119,12:45:00.000,BBG000D8RG11,0.0038406223,0.0029488793,942399
20131119,12:45:00.000,BBG000BS9489,0.00026264405,0.00078643917,395807
20131119,12:45:00.000,BBG000CKJ0P3,-0.011469457,-0.00013228577,279284
20131119,12:45:00.000,BBG000BWCKB6,0.001183542,-0.00011085621,168920
20131119,12:45:00.000,BBG000BVWLJ6,-0.00093252864,-0.001329155,1034997
20131119,12:45:00.000,BBG000BXM6V2,-0.0070402087,-0.008712248,399852
20131119,12:45:00.000,BBG000D9KWL9,-0.00037996384,-0.0005717457,184937
20131119,12:45:00.000,BBG000BKNX95,0.0018853294,-0.0023282804,838458
20131119,12:45:00.000,BBG000J5Q6L2,0.024785776,0.026197877,4002244
20131119,12:45:00.000,BBG000QN4GY3,-0.0046670283,-0.0058171684,625914
20131119,12:45:00.000,BBG000BCTQ65,0.0022855452,-0.0027954099,1372234
20131119,12:45:00.000,BBG000BNNYW1,0.00026549204,-0.002171203,534267
20131119,12:45:00.000,BBG003641015,0.0050592874,0.007480419,803655
20131119,12:45:00.000,BBG000D6L294,-0.009665069,-0.007040519,835832
20131119,12:45:00.000,BBG000BSBZH7,0.0029217296,0.004265866,514312
20131119,12:45:00.000,BBG000BNC3Y9,-0.005163255,-0.0014946955,822876
20131119,12:45:00.000,BBG000F15NW9,0.0028685129,0.006073758,670657
20131119,12:45:00.000,BBG000R0L5J4,-0.0021662957,-0.0053863926,1718186
20131119,12:45:00.000,BBG000BVMPN3,-0.0033524148,0.0013131783,290701
20131119,12:45:00.000,BBG000BB5BF6,-0.021900667,-0.021623455,1311169
20131119,12:45:00.000,BBG000BR3KL6,-0.0044420403,-0.007140856,319305
20131119,12:45:00.000,BBG000BNGTQ7,-0.004153504,-0.0038890576,856767
20131119,12:45:00.000,BBG000BHZ5J9,0.0058648987,0.0058286106,652784
20131119,12:45:00.000,BBG000BN84F3,0.0011844605,-0.005172604,644238
20131119,12:45:00.000,BBG000BBJQV0,-0.0027155252,-0.009243517,1924911
20131119,12:45:00.000,BBG000BB1TH9,0.00050617836,-0.009801288,458396
20131119,12:45:00.000,BBG000BFS7D3,-0.0045627477,-0.0035096996,401099
20131119,12:45:00.000,BBG000BR14K5,0.0039061592,0.0029468588,385545
20131119,12:45:00.000,BBG000BPVCR1,0.033018935,0.03474605,1003207
20131119,12:45:00.000,BBG000BKLH74,-0.0029821384,-0.0032187523,1619949
20131119,12:45:00.000,BBG002S5ZRF9,-0.026367096,-0.033770297,1238829
20131119,12:45:00.000,BBG000BKPL53,0.0021438038,0.0068654395,296021
20131119,12:45:00.000,BBG000DY8ZS4,-0.013728428,-0.021563655,3254823
20131119,12:45:00.000,BBG000DNTSP4,0.00073882873,-0.0005849251,909166
20131119,12:45:00.000,BBG000BM6788,-0.0035466317,-0.0045130677,1469251
20131119,12:45:00.000,BBG000G3QLY3,0.003717004,0.0057480456,377352
20131119,12:45:00.000,BBG000BLKK03,-0.0041078967,-0.002231281,1122515
20131119,12:45:00.000,BBG000BP0KQ8,-0.024352206,-0.028613145,2418600
20131119,12:45:00.000,BBG000C7LMS8,0.009915157,0.011041918,61172
20131119,12:45:00.000,BBG000JBN3X6,-0.009694426,0.0049171904,5610651
20131119,12:45:00.000,BBG000QW7VC1,-0.009532638,-0.01861749,2398432
20131119,12:45:00.000,BBG000C2YHG9,-0.008630899,-0.009787504,1041427
20131119,12:45:00.000,BBG000BVHBM1,0.003077929,0.0063221673,964539
20131119,12:45:00.000,BBG000FKJRC5,0.0013675259,-0.00013719,345139
20131119,12:45:00.000,BBG000BP4MH0,-0.0010961338,-0.0004227007,928244
20131119,12:45:00.000,BBG000BSXQV7,0.003552922,0.004413925,145971
20131119,12:45:00.000,BBG000BY33P5,-0.0035457686,-0.00765467,10700181
20131119,12:45:00.000,BBG000BNJHS8,-0.0026738637,0.0132347215,3673804
20131119,12:45:00.000,BBG000BB5373,0.0068750666,0.0011964277,3590046
20131119,12:45:00.000,BBG000CSY9H9,0.0014634067,0.002850444,446983
20131119,12:45:00.000,BBG000BQWPC5,0.0037765198,0.0021955075,1043138
20131119,12:45:00.000,BBG000BQZMH4,-0.0064641405,-0.008786354,1443267
20131119,12:45:00.000,BBG000BC4JJ4,0.005657835,0.0023648518,368741
20131119,12:45:00.000,BBG001QD41M9,-0.006920075,-0.007975414,875619
20131119,12:45:00.000,BBG000BHLYS1,-0.007902643,-0.0085873045,652954
20131119,12:45:00.000,BBG000HG21Y3,0.02961208,0.025389519,464894
20131119,12:45:00.000,BBG000BHLYP4,0.005234299,0.013163413,841731
20131119,12:45:00.000,BBG000DLFM21,-0.004055036,-0.0044946605,241824
20131119,12:45:00.000,BBG000H9G7X2,0.006525941,0.006600302,1027082
20131119,12:45:00.000,BBG000BRRG02,0.0024075382,0.0005307232,130788
20131119,12:45:00.000,BBG000BBMSJ6,-0.027045323,-0.03818347,5553975
20131119,12:45:00.000,BBG000MM5VL9,-0.017832426,-0.021646809,575906
20131119,12:45:00.000,BBG000C2V3D6,-0.0074066687,-0.00092551,1156425
20131119,12:45:00.000,BBG000G30YX4,-0.016962409,-0.014012129,298944
20131119,12:45:00.000,BBG000JN8R00,0.011352906,0.012017913,2762370
20131119,12:45:00.000,BBG000C2PW58,-0.0018199062,0.00016423098,166092
20131119,12:45:00.000,BBG000CGQ6M4,0.004213678,0.0016627418,318331
20131119,12:45:00.000,BBG000BCBCM7,0.013278159,0.0077493377,6336930
20131119,12:45:00.000,BBG000C3HSR0,-0.0069274055,-0.0073913233,879239
20131119,12:45:00.000,BBG000BG09F5,-0.0025440978,-0.0010644493,892578
20131119,12:45:00.000,BBG000BDXGP9,0.0025741411,0.0003069472,1042758
20131119,12:45:00.000,BBG000BTVJ25,-0.001100441,-0.0023781836,1071619
20131119,12:45:00.000,BBG000BTKGG8,-0.0033161142,-0.0027804233,1702220
20131119,12:45:00.000,BBG000BLW530,-0.009424382,-0.012715869,906926
20131119,12:45:00.000,BBG000BY2Y78,-0.0007785201,0.0014826199,1312254
20131119,12:45:00.000,BBG000BJ2VQ6,0.006306041,0.0016329443,490670
20131119,12:45:00.000,BBG0039320N9,-0.0075342553,-0.0069588413,1547309
20131119,12:45:00.000,BBG000BRJ809,0.0011526594,0.0030873923,105587
20131119,12:45:00.000,BBG000TWC2V5,0.011885835,0.008888766,1242611
20131119,12:45:00.000,BBG0019JZ882,-0.0051776636,-0.006175094,2502185
20131119,12:45:00.000,BBG000BF6LY3,0.0022511776,-0.0014013847,2022446
20131119,12:45:00.000,BBG000BYYLS8,0.0014362842,0.003250439,1302768
20131119,12:45:00.000,BBG000BRWGG9,-0.0072740065,-0.007729285,6654496
20131119,12:45:00.000,BBG000FW00S1,0.0067470497,0.0005166476,2617697
20131119,12:45:00.000,BBG000BK67C7,0.0062763984,0.0051511507,803950
20131119,12:45:00.000,BBG000FVXD63,0.015192148,0.015924232,807232
20131119,12:45:00.000,BBG000D2M0Z7,-0.010531871,-0.012738011,408915
20131119,12:45:00.000,BBG000BLBXT4,0.0034978995,-0.00073689595,411315
20131119,12:45:00.000,BBG000CS7CT9,-0.0015492727,0.0037246337,1395030
20131119,12:45:00.000,BBG000BFMBQ6,0.0071449475,0.007133214,567464
20131119,12:45:00.000,BBG000BBBNC6,-0.013340618,-0.007325234,666818
20131119,12:45:00.000,BBG000G0Z878,-0.0063423123,-0.004847823,1999406
20131119,12:45:00.000,BBG000CR90K4,-0.0071404,-0.011354703,9027285
20131119,12:45:00.000,BBG000BQ2C28,-0.006138283,-0.0034362741,477536
20131119,12:45:00.000,BBG000BMBL90,0.0005040882,0.00050347915,705655
20131119,12:45:00.000,BBG000BX5ZF5,0.017856738,0.012629011,4913027
20131119,12:45:00.000,BBG000BPT0C6,0.0018079277,0.00095648575,1144203
20131119,12:45:00.000,BBG000BMY992,0.014537678,0.012809621,1876235
20131119,12:45:00.000,BBG000BL9JQ1,-0.0063483664,-0.0064323395,1323576
20131119,12:45:00.000,BBG000JG0547,0.033483557,0.036966793,3714372
20131119,12:45:00.000,BBG000BM7HL0,-0.007317111,-0.012001952,1513926
20131119,12:45:00.000,BBG000BRK7L6,0.0014622549,0.0030900405,2093622
20131119,12:45:00.000,BBG000BMQPL1,0.00020619047,0.0015604002,6045691
20131119,12:45:00.000,BBG000C1FB75,,,610556
20131119,12:45:00.000,BBG000CZWZ05,-0.00012701498,5.4734497e-05,0
20131119,12:45:00.000,BBG000R7RDB4,-0.0024606774,-0.0025681737,661086
20131119,12:45:00.000,BBG000DTMH63,,,1487252
20131119,12:45:00.000,BBG000BTR593,0.013663612,0.014874353,1493086
20131119,12:45:00.000,BBG000BB6M98,-0.007035828,-0.012427664,3178566
20131119,12:45:00.000,BBG000C2BXK4,-0.014955982,-0.01870571,4549861
20131119,12:45:00.000,BBG000PVRDL2,0.00028056963,0.0004638682,1590678
20131119,12:45:00.000,BBG000BVMGF2,-0.0038533402,-0.0027654732,586492
20131119,12:45:00.000,BBG000BCGY17,0.004834597,3.8873935e-07,868111
20131119,12:45:00.000,BBG000CNFQW6,-0.004885909,-0.0026919784,352572
20131119,12:45:00.000,BBG000BSD7C2,-0.0012694674,-0.0005835477,585171
20131119,12:45:00.000,BBG000FQ6PY6,-0.0061304206,-0.009187255,1132037
20131119,12:45:00.000,BBG000BC15S7,-0.0019447281,-0.0030794789,823850
20131119,12:45:00.000,BBG000BVDLH9,-0.0021375688,0.0014389487,424856
20131119,12:45:00.000,BBG000GC80B4,-0.002385772,0.0013529792,721622
20131119,12:45:00.000,BBG000C0F570,-0.0033325541,-0.012107971,1962374
20131119,12:45:00.000,BBG000D898T9,-0.00011614262,0.0009269274,917102
20131119,12:45:00.000,BBG000BG14P4,0.0039378307,-0.0070425654,1147696
20131119,12:45:00.000,BBG000DQTXY6,-0.0014049225,0.0015531711,2163021
20131119,12:45:00.000,BBG000C1S2X2,0.016249036,0.015638158,903745
20131119,12:45:00.000,BBG000BWSV34,-0.010313942,-0.008766969,561772
20131119,12:45:00.000,BBG000H0QBS7,-0.00080125884,-0.004193851,308470
20131119,12:45:00.000,BBG000BWNFZ9,0.0014434948,-0.004646354,721334
20131119,12:45:00.000,BBG000BS0ZF1,0.0025858234,0.0030921649,230196
20131119,12:45:00.000,BBG000CPQZ77,-0.0053558,-0.010174692,1586850
20131119,12:45:00.000,BBG001M8HHB7,0.020878036,0.014235534,683672
20131119,12:45:00.000,BBG000BH5DV1,0.0008838141,0.00027270653,571526
20131119,12:45:00.000,BBG000NV1KK7,0.0037088776,0.008323352,1153038
20131119,12:45:00.000,BBG000DKCC19,0.040659823,0.040454898,3688557
20131119,12:45:00.000,BBG000CXYSZ6,-0.018382031,-0.023884702,748592
20131119,12:45:00.000,BBG000BGLRN3,-0.0047885943,-0.0040376047,1888943
20131119,12:45:00.000,BBG000QRKJ70,-0.033018604,-0.04416702,11992282
20131119,12:45:00.000,BBG000BQ5DS5,-0.00065884885,-0.008483446,469372
20131119,12:45:00.000,BBG000BV7LP7,0.015340858,0.01392008,1765200
20131119,12:45:00.000,BBG000BH5LT6,-0.0063521867,-0.0077497917,1890555
20131119,12:45:00.000,BBG000R8ZVD1,0.0028009769,-0.0013458419,810919
20131119,12:45:00.000,BBG000BRJL00,-0.0029150425,-0.0074446737,1145565
20131119,12:45:00.000,BBG000BB6WG8,0.009361268,0.008062241,2309364
20131119,12:45:00.000,BBG000BJL3N0,0.0020597111,0.0029990198,2584480
20131119,12:45:00.000,BBG000QY3XZ2,0.0061205844,-0.0003281175,801409
20131119,12:45:00.000,BBG000LD9JQ8,-0.00812745,-0.013904785,447564
20131119,12:45:00.000,BBG000Q3JN03,-0.004328981,-0.0031030527,6303863
20131119,12:45:00.000,BBG000BH3JF8,-0.002374068,-0.00087183167,766728
20131119,12:45:00.000,BBG000BR54L0,-0.0001459833,-7.765534e-08,3219819
20131119,12:45:00.000,BBG000PX3XC0,-0.006221758,-0.004955443,1781241
20131119,12:45:00.000,BBG001YMS0B8,0.0044363183,0.0009449242,1203946
20131119,12:45:00.000,BBG000BD8PN9,-0.0031939915,0.0012074951,2219301
20131119,12:45:00.000,BBG000BRD0D8,0.0041579762,0.0049122395,566645
20131119,12:45:00.000,BBG000BMDV41,-0.0018065643,-0.0036538362,1557868
20131119,12:45:00.000,BBG000BGVW60,0.0018328858,-0.00029584492,1312823
20131119,12:45:00.000,BBG000BKCFC2,-0.011790637,-0.012756088,2143717
20131119,12:45:00.000,BBG000BB9KF2,-7.3068746e-05,-0.0049680006,1845944
20131119,12:45:00.000,BBG000C0MF34,-0.00458227,-0.0033997842,212361
20131119,12:45:00.000,BBG000BZ2GG4,0.0006366358,-0.0075254203,998559
20131119,12:45:00.000,BBG000C0LW92,0.032910485,0.03714921,6357210
20131119,12:45:00.000,BBG000BMW2Z0,-0.0010093215,0.00069500675,988141
20131119,12:45:00.000,BBG000F0KF42,-0.004748777,-0.010308605,1339914
20131119,12:45:00.000,BBG000BX3TD3,-0.008407499,-0.008358802,2757119
20131119,12:45:00.000,BBG000QX74T1,0.0029642803,0.0049687712,155936
20131119,12:45:00.000,BBG000BWJFZ4,-0.007719281,-0.007950322,245164
20131119,12:45:00.000,BBG000BKFBD7,-0.0026149084,0.0022538553,874213
20131119,12:45:00.000,BBG000JWD753,-0.0010459457,-0.00600464,1585010
20131119,12:45:00.000,BBG000M65M61,0.053336058,0.062388595,6162877
20131119,12:45:00.000,BBG000MBDGM6,-0.004986542,-0.0063934294,205093
20131119,12:45:00.000,BBG000BBVJZ8,0.0066549866,0.009531196,1194511
20131119,12:45:00.000,BBG000BV8DN6,0.0067303767,0.009199263,2100058
20131119,12:45:00.000,BBG000BH2JM1,0.008408157,0.005917697,3356004
20131119,12:45:00.000,BBG000BGJRC8,-0.005431496,-0.012851251,2910042
20131119,12:45:00.000,BBG000QBR5J5,-6.766415e-05,0.0026948024,1138796
20131119,12:45:00.000,BBG000BSLZY7,0.0020110977,0.0065512694,3609562
20131119,12:45:00.000,BBG000BJSBJ0,-0.014292661,-0.019205954,2379014
20131119,12:45:00.000,BBG000BJ81C1,0.00013674021,0.0019276886,488824
20131119,12:45:00.000,BBG000BFL116,-0.014166537,-0.022905882,2254915
20131119,12:45:00.000,BBG000HCJMF9,0.0010948771,0.007444107,861167
20131119,12:45:00.000,BBG000FV1Z23,0.003055777,-0.007863799,501554
20131119,12:45:00.000,BBG000BBDV81,0.0033632417,0.005132276,858986
20131119,12:45:00.000,BBG000FJLFX8,-0.0050420226,-0.003011419,1250075
20131119,12:45:00.000,BBG000J6XT05,-0.0077353045,-0.012479761,3029117
20131119,12:45:00.000,BBG000BCWCG1,-0.08072925,-0.082654014,19461100
20131119,12:45:00.000,BBG000BJPDZ1,-0.0044407095,-0.00014007109,78734
20131119,12:45:00.000,BBG000BPQD31,-0.0034987314,-0.0002399179,1474871
20131119,12:45:00.000,BBG000C734W3,0.0011468952,0.0036454452,273111
20131119,12:45:00.000,BBG000C3GN47,0.009413046,0.010342535,1844874
20131119,12:45:00.000,BBG000BFRF55,0.021323882,0.015996696,4021406
20131119,12:45:00.000,BBG000BGPTV6,6.5600696e-05,-0.00913123,440124
20131119,12:45:00.000,BBG000BM5SR2,0.0053391517,0.0050783153,1873473
20131119,12:45:00.000,BBG000BN5HF7,-0.003492981,-0.0021726354,1718188
20131119,12:45:00.000,BBG000BBD070,0.0014905065,0.00012238116,987116
20131119,12:45:00.000,BBG000BVPPM1,0.02282211,0.022659421,2384363
20131119,12:45:00.000,BBG000DYGNW7,-0.0021667832,-0.00022058965,490496
20131119,12:45:00.000,BBG000BCG930,0.020411363,0.02366843,1887316
20131119,12:45:00.000,BBG000BHGDH5,-0.002148983,-0.0064292746,1118055
20131119,12:45:00.000,BBG000BJ3PD2,-0.0031109236,-0.006937165,844363
20131119,12:45:00.000,BBG000BFQYY3,0.0012870913,0.002148433,852711
20131119,12:45:00.000,BBG000BY29C7,0.0017005716,0.0005557475,1011678
20131119,12:45:00.000,BBG000C1BW00,0.006703296,0.006527629,316670
20131119,12:45:00.000,BBG000BD4VG8,0.007602662,0.00017392878,1348076
20131119,12:45:00.000,BBG000BHQ1H0,0.0042612283,0.0064418186,1137927
20131119,12:45:00.000,BBG000BB5006,-0.0010063122,-0.0056534377,1126533
20131119,12:45:00.000,BBG000BKFZM4,0.010491145,0.010128031,4106400
20131119,12:45:00.000,BBG000BWVCP8,-0.002146677,-0.005384493,2268656
20131119,12:45:00.000,BBG000FH8PX5,-0.010574498,-0.007118187,541092
20131119,12:45:00.000,BBG000BHX7N2,0.0029510423,0.00073937484,717031
20131119,12:45:00.000,BBG000WCFV84,-0.005176713,-0.0064344443,1263557
20131119,12:45:00.000,BBG000BBPFB9,0.009073759,0.004158825,4923047
20131119,12:45:00.000,BBG000FL1TC8,0.006504662,0.00676397,1581437
20131119,12:45:00.000,BBG000F6H8W8,0.0027560361,0.0030002864,522295
20131119,12:45:00.000,BBG000BGKTF9,-0.00565018,-0.00043232643,1201855
20131119,12:45:00.000,BBG000C8H633,0.010505233,0.013144521,3244392
20131119,12:45:00.000,BBG000H89QJ6,0.0031665193,0.0027982802,1227358
20131119,12:45:00.000,BBG0014GG205,-0.0025821894,-0.0020198117,4449333
20131119,12:45:00.000,BBG000BFXHL6,-0.012795653,-0.014558957,1183246
20131119,12:45:00.000,BBG000BH3GZ2,0.004092429,0.005583877,1122396
20131119,12:45:00.000,BBG000BT9DW0,0.001101664,-0.003069482,3212446
20131119,12:45:00.000,BBG000FP1N32,0.004289159,0.0014793128,1314165
20131119,12:45:00.000,BBG000FNRZ69,5.873163e-05,-0.00810718,2407381
20131119,12:45:00.000,BBG000D42FJ0,-0.030035114,-0.03705794,4910946
20131119,12:45:00.000,BBG00286S4N9,0.015408583,0.018296761,1328072
20131119,12:45:00.000,BBG0025Y4RY4,-0.0025228835,-0.0021480622,1648054
20131119,12:45:00.000,BBG000BFDXW1,0.0003985173,-0.009014827,4318903
20131119,12:45:00.000,BBG0029SNR63,-0.0014651665,-0.0021002523,1312398
20131119,12:45:00.000,BBG000G2R6M0,0.004538827,0.005792838,2783702
20131119,12:45:00.000,BBG000BCVJ77,-0.0009799735,0.0030513841,1669292
20131119,12:45:00.000,BBG000BL4504,-0.0048096143,-0.005900088,6561760
20131119,12:45:00.000,BBG000BC2C10,0.004711961,0.00880414,1344982
20131119,12:45:00.000,BBG000B9WH86,0.023264052,0.022358516,15569166
20131119,12:45:00.000,BBG000BJX8C8,0.0029371285,-0.0018574989,1758726
20131119,12:45:00.000,BBG000H556T9,0.0021453435,0.0013601964,635147
20131119,12:45:00.000,BBG000C496P7,-0.0039251326,-0.005368215,1279289
20131119,12:45:00.000,BBG000FG3C43,-0.002590625,-0.008512597,1515161
20131119,12:45:00.000,BBG000BNWG87,-0.00913428,-0.004460235,2554272
20131119,12:45:00.000,BBG000BNBDC2,-0.0039567742,-0.0005875894,1598994
20131119,12:45:00.000,BBG000BJ98Z0,-0.013560046,-0.018922724,1493286
20131119,12:45:00.000,BBG000Q2HM09,0.0045297095,0.0038796307,2018388
20131119,12:45:00.000,BBG000D9D830,0.00196927,0.0035013705,1070827
20131119,12:45:00.000,BBG000CJZ2W6,-0.015198246,-0.014943362,1693558
20131119,12:45:00.000,BBG000BH13K9,-0.0023488512,-0.0012963543,1524051
20131119,12:45:00.000,BBG000C46HM9,-0.0067222193,-0.00198122,1599409
20131119,12:45:00.000,BBG000BWXBC2,-0.0005577875,-0.0006318524,1958697
20131119,12:45:00.000,BBG000BN2DC2,-0.02179106,-0.027210148,9591774
20131119,12:45:00.000,BBG000BTZQC4,0.005352951,0.0030807762,3257998
20131119,12:45:00.000,BBG001DCCGR8,0.021605337,0.022673232,2223663
20131119,12:45:00.000,BBG000BB6KF5,-0.0038997915,0.0013412217,2985572
20131119,12:45:00.000,BBG000DHSPT0,0.0009874791,0.0027654106,1504222
20131119,12:45:00.000,BBG000F0PF65,-0.0015884165,0.001197011,1576395
20131119,12:45:00.000,BBG000BH1NH9,-0.008509706,-0.011236878,2714046
20131119,12:45:00.000,BBG000BVV7G1,0.0032965168,-0.002827185,1601510
20131119,12:45:00.000,BBG000BPWXK1,0.0038830943,0.005550752,2430728
20131119,12:45:00.000,BBG000BJF1Z8,-0.006966474,-0.012907332,1265941
20131119,12:45:00.000,BBG000BXRPH1,-0.01153685,-0.010428184,1516410
20131119,12:45:00.000,BBG000BC40Y8,0.004699083,0.0064168414,1058214
20131119,12:45:00.000,BBG000BBGGQ1,0.0065973694,0.007920939,3617847
20131119,12:45:00.000,BBG000C17X76,0.023704069,0.027727006,647203
20131119,12:45:00.000,BBG000BP6LJ8,-0.0049616317,-0.006836045,2808302
20131119,12:45:00.000,BBG000B9ZXB4,0.012977364,0.016075514,4191800
20131119,12:45:00.000,BBG000BMF5J0,0.0059949043,0.008041931,12530996
20131119,12:45:00.000,BBG000C5HS04,-0.007339302,-0.006680881,1423184
20131119,12:45:00.000,BBG000BLZRJ2,0.0024330902,0.009233114,4732220
20131119,12:45:00.000,BBG000L9CV04,0.0033731512,-0.0030107992,1092283
20131119,12:45:00.000,BBG000BWLMJ4,-0.016983494,-0.014971869,2336628
20131119,12:45:00.000,BBG000D4LWF6,0.00052920944,-0.0023560629,2404854
20131119,12:45:00.000,BBG000BCQZS4,-0.0004952797,0.00437256,1245373
20131119,12:45:00.000,BBG000H8TVT2,0.0010517625,0.0060179736,1455028
20131119,12:45:00.000,BBG000FFDM15,0.007949065,0.011741735,3647671
20131119,12:45:00.000,BBG000BFWKC0,-0.0097022755,-0.0058223805,1284968
20131119,12:45:00.000,BBG000BP52R2,0.0023831497,0.003381627,888552
20131119,12:45:00.000,BBG000C15T95,0.0048844973,8.172319e-07,1872639
20131119,12:45:00.000,BBG000BZ9223,-0.008372338,-0.005369093,621839
20131119,12:45:00.000,BBG000BHBK84,-0.0006536492,-0.0030104797,2369503
20131119,12:45:00.000,BBG000CTQBF3,0.0019700732,0.004531871,1709522
20131119,12:45:00.000,BBG000BW8S60,0.0026206595,0.0021985187,738931
20131119,12:45:00.000,BBG000BB07P9,0.004821594,0.0050953673,5192056
20131119,12:45:00.000,BBG000CH5208,-0.004779708,-0.0032085401,1625768
20131119,12:45:00.000,BBG000BW3299,0.0010848525,-0.0052426965,724586
20131119,12:45:00.000,BBG000DQLV23,-0.0008067333,0.002890327,1984526
20131119,12:45:00.000,BBG000DWYF03,-0.0014444719,0.0005929024,3449411
20131119,12:45:00.000,BBG000BGRY34,-0.0036191416,0.0006111877,1851791
20131119,12:45:00.000,BBG000F1ZSQ2,-0.006584212,-0.0028684502,124607
20131119,12:45:00.000,BBG000BQQ2S6,-0.006191571,-0.0025749353,1158110
20131119,12:45:00.000,BBG000KHWT55,0.011899008,0.009598349,6218348
20131119,12:45:00.000,BBG000BNDN65,-0.0017957394,-0.00039263864,5965947
20131119,12:45:00.000,BBG000R7Z112,0.00039055783,0.0117333755,5766375
20131119,12:45:00.000,BBG000BQQH30,-0.0075252317,-0.0015205198,3797470
20131119,12:45:00.000,BBG000BBS2Y0,-0.00911836,-0.0047399392,991565
20131119,12:45:00.000,BBG000J2XL74,0.0019304592,-0.0028367988,1376812
20131119,12:45:00.000,BBG000BJDB15,-0.0019700145,0.0030148467,3243246
20131119,12:45:00.000,BBG000DWG505,0.0003152471,0.00056124676,989798
20131119,12:45:00.000,BBG000DH7JK6,-0.006527577,-0.010132099,2162300
20131119,12:45:00.000,BBG000BKTFN2,0.002078859,-0.0031286676,3700445
20131119,12:45:00.000,BBG000BF0K17,0.0038744921,-0.0022605779,2205551
20131119,12:45:00.000,BBG000BFC8J2,-0.0013092214,0.0035297906,1333114
20131119,12:45:00.000,BBG000BH4R78,0.0010015228,0.0023022373,1885665
20131119,12:45:00.000,BBG000NDYB67,-0.0048669684,-0.007254435,7661990
20131119,12:45:00.000,BBG000C6CFJ5,0.002586066,0.010954705,1552528
20131119,12:45:00.000,BBG000BQLTW7,-0.004284651,-0.0057280916,6792249
20131119,12:45:00.000,BBG000BNSZP1,-0.0004726113,0.004199292,1570957
20131119,12:45:00.000,BBG000BBDZG3,-0.008868618,0.00040764466,3151238
20131119,12:45:00.000,BBG000BHVJJ3,-0.00030866262,-0.0020915589,5957288
20131119,12:45:00.000,BBG000BFT2L4,0.0001793662,0.0025309455,2674438
20131119,12:45:00.000,BBG000C43RR5,5.8892998e-05,0.0021125057,5108698
20131119,12:45:00.000,BBG000Q9HH23,0.0113370335,0.01112276,1023952
20131119,12:45:00.000,BBG000BCSST7,-0.0043139523,-0.0042647016,1811432
20131119,12:45:00.000,BBG000BMX289,-0.00015538427,-0.0037334908,5447630
20131119,12:45:00.000,BBG000GFFQN9,-0.0066482075,-0.0031445515,6559505
20131119,12:45:00.000,BBG000BT41Q8,-0.00079566456,-0.0020100751,3055216
20131119,12:45:00.000,BBG000CKGBP2,0.0051397253,0.009277268,3338606
20131119,12:45:00.000,BBG000BKZB36,0.012873462,0.015058525,7235645
20131119,12:45:00.000,BBG000BLBVN4,-0.003143926,-0.0044345297,229732
20131119,12:45:00.000,BBG000PSKYX7,-0.013431014,-0.009201151,1259628
20131119,12:45:00.000,BBG000BPD168,-0.006444292,-0.0012495299,3617506
20131119,12:45:00.000,BBG000HS77T5,0.0017610395,-0.0007880431,4148797
20131119,12:45:00.000,BBG000BVPV84,0.0076807323,0.0023617963,994511
20131119,12:45:00.000,BBG000BR2TH3,-0.00384489,-0.0009467686,3268139
20131119,12:45:00.000,BBG000BQPC32,0.00073855865,-0.0029455614,11797031
20131119,12:45:00.000,BBG000CGC1X8,0.0032136054,0.0018073992,4287974
20131119,12:45:00.000,BBG000BMHYD1,0.00020458137,0.0054115634,2424158
20131119,12:45:00.000,BBG000K4ND22,0.005305319,0.009580866,2331491
20131119,12:45:00.000,BBG000C0G1D1,0.0104496125,0.0052858717,13244602
20131119,12:45:00.000,BBG000C5Z1S3,0.011853898,0.008814854,26933214
20131119,12:45:00.000,BBG000BWQFY7,0.006600857,0.008522583,5080414
20131119,12:45:00.000,BBG000BLNNH6,0.0013392385,0.0038212026,2150668
20131119,12:45:00.000,BBG000BR2B91,-0.010044804,-0.0049976474,12364692
20131119,12:45:00.000,BBG000BSJK37,0.0013491159,0.002246969,5851914
20131119,12:45:00.000,BBG000C3J3C9,-0.002023078,-0.0028176291,28281962
20131119,12:45:00.000,BBG000BK6MB5,-0.002303038,-0.002204869,14564591
20131119,12:45:00.000,BBG000CL9VN6,0.008143938,0.006612409,1155199
20131119,12:45:00.000,BBG000GZQ728,-0.0015845089,9.781113e-07,6137931
20131119,12:45:00.000,BBG000DMBXR2,0.0099593345,0.015071321,12122075
20131119,12:45:00.000,BBG000FY4S11,0.0061049773,0.011418351,10938461
20131119,12:45:00.000,BBG000N9MNX3,0.03864087,0.038547236,12984227
20131119,12:45:00.000,BBG000BCTLF6,0.015256883,0.023450356,83507264
20131119,12:45:00.000,BBG000BPH459,0.0011297697,-0.0005430551,21905476
20131119,12:45:00.000,BBG000BHSKN9,-0.0067458483,-0.0029317157,581098
20131119,12:45:00.000,BBG000MM2P62,0.013385864,0.01941706,41175868
20131119,12:45:00.000,BBG000B9XRY4,0.002319273,0.0035664306,4140038
20131119,13:00:00.000,BBG000C221G9,-0.0025240043,-0.007893848,326048
20131119,13:00:00.000,BBG000D9H9F1,0.023157004,0.023671646,1369338
20131119,13:00:00.000,BBG000BJ5GK2,0.007977061,-0.00496372,600559
20131119,13:00:00.000,BBG000BVVQQ8,0.0063843857,0.0009774544,705065
20131119,13:00:00.000,BBG000PTLGZ1,-0.007898787,-0.012706623,240575
20131119,13:00:00.000,BBG000CGT2S4,-0.0010148016,0.0005157541,2438963
20131119,13:00:00.000,BBG000RKR4R8,0.0075912913,0.005230965,5168425
20131119,13:00:00.000,BBG000BDWKC5,-9.1918984e-05,-0.0033794763,940178
20131119,13:00:00.000,BBG000JB27Y9,-0.002609531,0.0012946292,544160
20131119,13:00:00.000,BBG000BLXZN1,-0.0042112786,-0.005687087,376759
20131119,13:00:00.000,BBG000BK5DP1,-0.009491607,-0.012712735,1220793
20131119,13:00:00.000,BBG000FBR384,0.009033469,0.005470873,413945
20131119,13:00:00.000,BBG000BCHG15,0.013170755,0.012167108,324028
20131119,13:00:00.000,BBG000BLHRS2,-0.0056589134,-0.008000597,314870
20131119,13:00:00.000,BBG000F80SZ5,-0.013781746,-0.02995702,4449052
20131119,13:00:00.000,BBG000BQ87N0,-0.0009136059,-0.007235248,450550
20131119,13:00:00.000,BBG000HW5GX3,0.003645265,0.0046552,1171904
20131119,13:00:00.000,BBG000BLMZK6,0.0026829413,-0.0018329847,397984
20131119,13:00:00.000,BBG000BND699,0.0006743949,-0.011778307,503273
20131119,13:00:00.000,BBG000BYWTX7,-0.0124824615,-0.022471804,2636082
20131119,13:00:00.000,BBG000BGKHZ3,0.004263009,0.0031530824,363539
20131119,13:00:00.000,BBG000M1R011,0.02202319,0.010647129,1339999
20131119,13:00:00.000,BBG000BCJ161,-0.00046040976,0.008451224,1126624
20131119,13:00:00.000,BBG000DGPR66,-0.01103351,-0.011972935,593295
20131119,13:00:00.000,BBG000BV75B7,0.0020786682,-3.4524265e-07,251352
20131119,13:00:00.000,BBG000BPZBB6,6.266911e-05,-0.0034132889,395626
20131119,13:00:00.000,BBG000BL79J3,-0.009610327,-0.010596889,2831392
20131119,13:00:00.000,BBG000BP7JB0,-0.015018427,-0.024459535,2279403
20131119,13:00:00.000,BBG000BVB8Q0,-0.012872658,-0.01231002,1566477
20131119,13:00:00.000,BBG000TJM7F0,0.0021688822,-0.0016439249,368576
20131119,13:00:00.000,BBG000BHQYG9,-0.0021683753,-0.0033885965,342712
20131119,13:00:00.000,BBG000BDDN94,0.011329881,0.0026407277,157418
20131119,13:00:00.000,BBG000BWP7D9,0.004907041,0.0021253594,659355
20131119,13:00:00.000,BBG000F9KJN4,-0.01829497,-0.024948115,1758660
20131119,13:00:00.000,BBG000BWVSR1,-0.0049093915,-0.0063741384,1175173
20131119,13:00:00.000,BBG000BHCP19,0.00074761064,-0.009769701,756895
20131119,13:00:00.000,BBG000BFDLV8,-0.011331302,-0.01138716,333711
20131119,13:00:00.000,BBG000BX8DC4,-0.0036599727,-0.0048413086,1017497
20131119,13:00:00.000,BBG000CPHYL4,-0.01700217,-0.027874282,771458
20131119,13:00:00.000,BBG000BCNYT9,0.005879896,-0.0005842704,2572394
20131119,13:00:00.000,BBG000VC0T95,0.016817749,0.008417034,394371
20131119,13:00:00.000,BBG000PCQQL6,0.006911254,0.0017867892,658455
20131119,13:00:00.000,BBG000BQ74K1,0.0022517473,0.0049122544,739051
20131119,13:00:00.000,BBG000BJDPC2,0.011408842,0.013703386,710400
20131119,13:00:00.000,BBG000GPXKX9,-0.00046759026,-0.003601378,391094
20131119,13:00:00.000,BBG000BJ49H3,-0.0036124538,-0.008474748,404904
20131119,13:00:00.000,BBG000PLXQQ3,-0.0044404985,-0.0056507634,269439
20131119,13:00:00.000,BBG000BQHGR6,0.00023765833,-0.0043419455,438069
20131119,13:00:00.000,BBG000KLB4Q1,0.011230193,0.0015779756,1141134
20131119,13:00:00.000,BBG000C3Y7J6,0.0060137995,0.00017572504,288396
20131119,13:00:00.000,BBG000FFH4P5,-0.0009801191,-0.006870743,355120
20131119,13:00:00.000,BBG000JBSJZ4,0.0003228228,-0.0014363514,702878
20131119,13:00:00.000,BBG000F86GP6,0.0068213074,0.0062638037,346519
20131119,13:00:00.000,BBG000BQTMJ9,0.012365912,0.008996569,1580613
20131119,13:00:00.000,BBG000RNTSX0,-0.008403978,-0.010655726,121719
20131119,13:00:00.000,BBG000GZD660,0.003932723,0.004023446,200762
20131119,13:00:00.000,BBG000D9DMK0,0.0026678375,-0.0035331647,233327
20131119,13:00:00.000,BBG003P9ZSL3,-0.011214222,-0.005898775,165971
20131119,13:00:00.000,BBG000C37332,0.005904708,2.2503121e-07,314390
20131119,13:00:00.000,BBG000C1DHF5,0.0077617425,-0.0015479352,870462
20131119,13:00:00.000,BBG000FW8LZ9,0.005568814,0.005579258,796606
20131119,13:00:00.000,BBG000BCVMH9,0.0044352827,-0.006240521,185234
20131119,13:00:00.000,BBG000BKQ3V3,0.0029285073,-0.0027236969,709349
20131119,13:00:00.000,BBG000CXD6X9,0.01282754,0.0056933938,468376
20131119,13:00:00.000,BBG000BCYP43,0.004131856,0.0074853655,152378
20131119,13:00:00.000,BBG000PM7GJ0,-0.018128552,-0.024983581,6337946
20131119,13:00:00.000,BBG000C75N77,0.0054803896,0.0049132807,304575
20131119,13:00:00.000,BBG000G8N9C6,-0.007589823,-0.00560158,971338
20131119,13:00:00.000,BBG000C90DH9,0.00518188,0.004690346,1940421
20131119,13:00:00.000,BBG000C6F3T8,0.0049066353,-0.00237525,3181614
20131119,13:00:00.000,BBG000BFV115,-0.0012089703,5.6534842e-05,487184
20131119,13:00:00.000,BBG000C7B436,0.0037702322,-0.011176594,510384
20131119,13:00:00.000,BBG000BLCPY4,-0.0069792,-0.011801389,657952
20131119,13:00:00.000,BBG000BD3LM4,-0.00078868365,-0.008633875,2293141
20131119,13:00:00.000,BBG000BDY3Y7,-0.020796102,-0.02890063,2573814
20131119,13:00:00.000,BBG000BMZ7P7,-0.006939516,-0.02117882,289728
20131119,13:00:00.000,BBG000BBNYF6,-0.011234534,-0.010345498,581539
20131119,13:00:00.000,BBG000BK6G19,0.005362405,0.0058225365,921453
20131119,13:00:00.000,BBG000BB29X4,-0.0017874732,-0.005116273,390325
20131119,13:00:00.000,BBG000BB03M1,0.00680147,-0.0114327865,740918
20131119,13:00:00.000,BBG000BGD7W6,-0.0033356422,-0.008970839,1026340
20131119,13:00:00.000,BBG000C3NTN5,0.011508449,0.011657849,1638262
20131119,13:00:00.000,BBG000BHB3M6,-0.0068527935,-0.0110396175,235879
20131119,13:00:00.000,BBG000BBCQD7,-0.0071726246,-0.0042172796,914495
20131119,13:00:00.000,BBG000D14WM3,-0.0005434667,-0.0008650019,3493069
20131119,13:00:00.000,BBG000CVWGS6,-0.019050295,-0.023965953,3849377
20131119,13:00:00.000,BBG000BQSQ38,0.00644905,0.0071370527,1224291
20131119,13:00:00.000,BBG000BPQVR5,-0.010720682,-0.010636641,355480
20131119,13:00:00.000,BBG000BCZYD3,-0.003890519,-0.00013866593,265631
20131119,13:00:00.000,BBG000FDBX90,-0.0003205899,-0.005219486,717266
20131119,13:00:00.000,BBG000BQVTF5,0.0013454211,-0.0070936503,430832
20131119,13:00:00.000,BBG001BPFT54,-0.05267385,-0.06461093,4077777
20131119,13:00:00.000,BBG000BHC2S1,-0.00740753,-0.005771814,591609
20131119,13:00:00.000,BBG000DN7P92,0.0047819666,0.0072102714,490568
20131119,13:00:00.000,BBG000C060M4,-0.0074652415,-0.006955218,141212
20131119,13:00:00.000,BBG000BHKYH4,-0.004032942,-0.0018208475,243232
20131119,13:00:00.000,BBG000F6ZWH2,0.0079494165,0.0071843145,2394319
20131119,13:00:00.000,BBG000BFTJ91,0.0030525534,0.0020504268,442679
20131119,13:00:00.000,BBG000BD0TF8,-0.0016650448,-0.0013000908,624154
20131119,13:00:00.000,BBG000BP1Q11,0.01161922,0.011734999,396859
20131119,13:00:00.000,BBG000D5S4M0,-0.00047079913,-0.004741863,196106
20131119,13:00:00.000,BBG000MQ1SN9,-0.00881839,-0.018135568,957308
20131119,13:00:00.000,BBG000BKZTP3,0.0033500795,-0.0009769946,511579
20131119,13:00:00.000,BBG000C0HQ54,-0.0037322605,-0.0048127174,1982593
20131119,13:00:00.000,BBG000BP1152,0.0097892955,-6.249324e-07,1183302
20131119,13:00:00.000,BBG000BN9WT5,0.001861865,-0.008082825,822171
20131119,13:00:00.000,BBG000BBLK04,0.0013444781,-0.0012770043,209606
20131119,13:00:00.000,BBG000NSQ9M0,0.0050212652,0.0032723506,3203976
20131119,13:00:00.000,BBG000BRXP69,-0.0065498985,-0.0042979415,259279
20131119,13:00:00.000,BBG000BGYWY6,5.3445347e-05,0.0010437332,147701
20131119,13:00:00.000,BBG000BJ8YN7,-0.001965599,-0.005651408,720889
20131119,13:00:00.000,BBG000BFVXX0,0.00045403084,-0.001808621,830754
20131119,13:00:00.000,BBG000BLM0V1,-0.0078088487,-0.010324398,241015
20131119,13:00:00.000,BBG000BBCDZ2,0.0034189974,0.0014356864,238274
20131119,13:00:00.000,BBG000KBQZ88,-0.0039378926,-0.0112348255,716905
20131119,13:00:00.000,BBG000BWXL85,0.0048582056,-0.0021491798,711555
20131119,13:00:00.000,BBG000BKXYX5,-0.007787746,-0.010791772,456165
20131119,13:00:00.000,BBG000D1QCF1,0.010211508,-0.0012345045,601956
20131119,13:00:00.000,BBG000CKVSG8,-0.008205406,-0.012725756,966918
20131119,13:00:00.000,BBG000BPYHJ6,0.035126645,0.031234503,948300
20131119,13:00:00.000,BBG000BKWSR6,0.0018515144,0.0011226776,6527826
20131119,13:00:00.000,BBG000BMTFR4,-0.00028133698,-0.010335804,789038
20131119,13:00:00.000,BBG000C1FQS9,0.0017103517,-0.0039328695,400613
20131119,13:00:00.000,BBG000BR37X2,0.0020692076,-0.00036671123,1096313
20131119,13:00:00.000,BBG000BB6G37,-0.0021702726,-0.012164178,596972
20131119,13:00:00.000,BBG000CHPY97,0.007775564,0.010136166,4311546
20131119,13:00:00.000,BBG000BPXRB3,-0.02189519,-0.026465064,466829
20131119,13:00:00.000,BBG000BF5RY1,-0.004234574,-0.008583394,821454
20131119,13:00:00.000,BBG000BNNKG9,0.027457114,0.02545026,2060384
20131119,13:00:00.000,BBG001NVJ6W4,-0.020475112,-0.027970731,879710
20131119,13:00:00.000,BBG0035LY913,0.009011517,0.012625708,1207683
20131119,13:00:00.000,BBG000BMLWX8,0.0044749347,0.007196881,1221870
20131119,13:00:00.000,BBG000BPNP00,-0.00029173776,-0.010705463,992125
20131119,13:00:00.000,BBG000DSMS70,-0.005668202,-0.0042342655,505981
20131119,13:00:00.000,BBG000D13GN8,-0.036853205,-0.043626726,1016212
20131119,13:00:00.000,BBG000BSC0K9,-0.0037064957,-0.0013444484,508433
20131119,13:00:00.000,BBG000MDCQC2,0.00183339,-0.0039039366,682783
20131119,13:00:00.000,BBG000BMKDM3,-0.0047586104,-0.006974931,573449
20131119,13:00:00.000,BBG000BF1R66,0.0029195794,0.00084537757,177846
20131119,13:00:00.000,BBG000BJQWD2,-0.0033117693,-0.0065596476,504093
20131119,13:00:00.000,BBG000C2ZCH8,0.0020784577,-0.0012089658,370704
20131119,13:00:00.000,BBG000BP8Z50,-0.005943505,-0.008942825,503236
20131119,13:00:00.000,BBG000FBK808,-0.01120062,-0.010948056,2792436
20131119,13:00:00.000,BBG000BXMFC3,0.006447373,-0.0005912886,575260
20131119,13:00:00.000,BBG000BFNR17,2.2163074e-05,-0.0013281453,221862
20131119,13:00:00.000,BBG000RGM5P1,-0.0076608206,-0.0154304765,1048630
20131119,13:00:00.000,BBG000BKR1D6,0.0021308404,0.0019955293,146954
20131119,13:00:00.000,BBG000D7RKJ5,-0.0026864524,-0.0071567064,567742
20131119,13:00:00.000,BBG000G6BN50,0.00064677343,0.0030245143,217953
20131119,13:00:00.000,BBG000J1QLT0,0.0034180079,-0.0011557968,321857
20131119,13:00:00.000,BBG000BNFLM9,-0.006587342,-0.016978292,884753
20131119,13:00:00.000,BBG000BTCH57,-0.011223812,-0.02297122,1737026
20131119,13:00:00.000,BBG000FLZN98,-0.001553052,0.0017386038,273489
20131119,13:00:00.000,BBG000C4DPX1,0.0019217265,-0.00977655,428226
20131119,13:00:00.000,BBG000BQ8KV2,0.0046572676,0.0038655996,453196
20131119,13:00:00.000,BBG000BPMH90,0.0014025612,0.0026985789,642882
20131119,13:00:00.000,BBG000K14Q84,0.00017409974,-0.011976412,304886
20131119,13:00:00.000,BBG000BC9938,0.0048746797,-0.0006393303,529471
20131119,13:00:00.000,BBG000QFJ7H3,-0.0058852863,-0.008381007,1868271
20131119,13:00:00.000,BBG000BTQR96,3.4657318e-05,-0.0054390873,433179
20131119,13:00:00.000,BBG000CHWP52,0.002382207,0.0014632904,455241
20131119,13:00:00.000,BBG000D8RG11,0.0055225105,0.003317642,993404
20131119,13:00:00.000,BBG000BS9489,-0.0006866072,-0.0007862848,406440
20131119,13:00:00.000,BBG000CKJ0P3,-0.010894005,-0.00026476936,291311
20131119,13:00:00.000,BBG000BWCKB6,0.002365847,-0.00024468303,184870
20131119,13:00:00.000,BBG000BVWLJ6,-0.001181462,-0.0029246048,1062896
20131119,13:00:00.000,BBG000BXM6V2,-0.0076215095,-0.01177995,425038
20131119,13:00:00.000,BBG000D9KWL9,-0.0012823213,-0.0023739983,191009
20131119,13:00:00.000,BBG000BKNX95,0.0016246876,-0.005122144,869417
20131119,13:00:00.000,BBG000J5Q6L2,0.022352131,0.02137203,4154752
20131119,13:00:00.000,BBG000QN4GY3,-0.003269124,-0.0068051144,645321
20131119,13:00:00.000,BBG000BCTQ65,0.0020558843,-0.003494122,1472467
20131119,13:00:00.000,BBG000BNNYW1,0.00082248496,-0.0023884294,565199
20131119,13:00:00.000,BBG003641015,0.0056220074,0.00654504,852236
20131119,13:00:00.000,BBG000D6L294,-0.009201656,-0.00790789,873800
20131119,13:00:00.000,BBG000BSBZH7,0.0030834512,0.0032148904,527812
20131119,13:00:00.000,BBG000BNC3Y9,-0.0047684875,-0.002889017,893993
20131119,13:00:00.000,BBG000F15NW9,0.0013607098,0.003961274,693178
20131119,13:00:00.000,BBG000R0L5J4,-0.0005135157,-0.004616926,1770563
20131119,13:00:00.000,BBG000BVMPN3,-0.0032937739,-0.0003739719,327758
20131119,13:00:00.000,BBG000BB5BF6,-0.022866732,-0.024167337,1509190
20131119,13:00:00.000,BBG000BR3KL6,-0.004656571,-0.009022477,337064
20131119,13:00:00.000,BBG000BNGTQ7,-0.004513198,-0.0056003123,891733
20131119,13:00:00.000,BBG000BHZ5J9,0.005909806,0.00463887,684123
20131119,13:00:00.000,BBG000BN84F3,0.0006841693,-0.0054152436,675858
20131119,13:00:00.000,BBG000BBJQV0,-0.0036388503,-0.011792941,1988682
20131119,13:00:00.000,BBG000BB1TH9,-0.00089635275,-0.0125558,495232
20131119,13:00:00.000,BBG000BFS7D3,-0.0047627995,-0.0038877802,413641
20131119,13:00:00.000,BBG000BR14K5,0.0044942084,0.0020832452,401685
20131119,13:00:00.000,BBG000BPVCR1,0.034496937,0.032996204,1038793
20131119,13:00:00.000,BBG000BKLH74,-0.0041218475,-0.005602757,1678599
20131119,13:00:00.000,BBG002S5ZRF9,-0.03659932,-0.047340736,1314343
20131119,13:00:00.000,BBG000BKPL53,0.0016229454,0.006083909,302347
20131119,13:00:00.000,BBG000DY8ZS4,-0.01527185,-0.024558602,3438394
20131119,13:00:00.000,BBG000DNTSP4,-0.0012182217,-0.0035128305,931597
20131119,13:00:00.000,BBG000BM6788,-0.0008499193,-0.0039952705,1554836
20131119,13:00:00.000,BBG000G3QLY3,0.0034718635,0.003658152,389872
20131119,13:00:00.000,BBG000BLKK03,-0.003445754,-0.0012173853,1273062
20131119,13:00:00.000,BBG000BP0KQ8,-0.021730006,-0.02778367,2617513
20131119,13:00:00.000,BBG000C7LMS8,0.010197022,0.011683823,92893
20131119,13:00:00.000,BBG000JBN3X6,-0.007008046,0.005941434,5818439
20131119,13:00:00.000,BBG000QW7VC1,-0.0076874034,-0.01760177,2542120
20131119,13:00:00.000,BBG000C2YHG9,-0.010410672,-0.013346424,1070720
20131119,13:00:00.000,BBG000BVHBM1,0.004877649,0.007225489,1043369
20131119,13:00:00.000,BBG000FKJRC5,0.0014681604,-0.0006861396,360392
20131119,13:00:00.000,BBG000BP4MH0,-0.0012960036,-0.0021154392,975979
20131119,13:00:00.000,BBG000BSXQV7,0.0038647898,0.0044677746,156255
20131119,13:00:00.000,BBG000BY33P5,-0.002390378,-0.008675319,10794880
20131119,13:00:00.000,BBG000BNJHS8,-0.0044409717,0.009926166,3808266
20131119,13:00:00.000,BBG000BB5373,0.007720597,0.0011964372,3740313
20131119,13:00:00.000,BBG000CSY9H9,0.000736095,0.0023969933,461683
20131119,13:00:00.000,BBG000BQWPC5,0.0036431644,0.0021955702,1070291
20131119,13:00:00.000,BBG000BQZMH4,-0.0059288116,-0.008493623,1488626
20131119,13:00:00.000,BBG000BC4JJ4,0.0057462286,0.0013643125,386240
20131119,13:00:00.000,BBG001QD41M9,-0.0043642335,-0.0077153575,1010687
20131119,13:00:00.000,BBG000BHLYS1,-0.007761608,-0.008415451,679398
20131119,13:00:00.000,BBG000HG21Y3,0.031483833,0.024903908,485504
20131119,13:00:00.000,BBG000BHLYP4,0.004628947,0.010279932,867175
20131119,13:00:00.000,BBG000DLFM21,-0.0025653297,-0.005009853,266891
20131119,13:00:00.000,BBG000H9G7X2,0.011172979,0.01033112,1108265
20131119,13:00:00.000,BBG000BRRG02,0.0015626361,-0.001513869,138517
20131119,13:00:00.000,BBG000BBMSJ6,-0.026062733,-0.038491447,5788991
20131119,13:00:00.000,BBG000MM5VL9,-0.015895685,-0.021869862,597786
20131119,13:00:00.000,BBG000C2V3D6,-0.0064632636,-0.0018503802,1234554
20131119,13:00:00.000,BBG000G30YX4,-0.019638887,-0.019095952,321925
20131119,13:00:00.000,BBG000JN8R00,0.013848853,0.011709743,2845000
20131119,13:00:00.000,BBG000C2PW58,-0.0014887203,-0.0017932405,170091
20131119,13:00:00.000,BBG000CGQ6M4,0.0047794986,0.0018606851,335238
20131119,13:00:00.000,BBG000BCBCM7,0.013990923,0.0071036057,6462144
20131119,13:00:00.000,BBG000C3HSR0,-0.008636149,-0.012195259,946939
20131119,13:00:00.000,BBG000BG09F5,-0.0019365932,-0.002306744,927318
20131119,13:00:00.000,BBG000BDXGP9,0.0010601162,-0.0012270383,1080689
20131119,13:00:00.000,BBG000BTVJ25,-0.0017789896,-0.0032702086,1119008
20131119,13:00:00.000,BBG000BTKGG8,-0.0033478388,-0.004170472,1749590
20131119,13:00:00.000,BBG000BLW530,-0.008229953,-0.012844512,931178
20131119,13:00:00.000,BBG000BY2Y78,-0.0010160968,-0.00089029316,1334846
20131119,13:00:00.000,BBG000BJ2VQ6,0.0050803903,0.0008978513,520780
20131119,13:00:00.000,BBG0039320N9,-0.007533039,-0.007907731,1570600
20131119,13:00:00.000,BBG000BRJ809,0.0006044735,0.0019500826,109987
20131119,13:00:00.000,BBG000TWC2V5,0.010668044,0.007074798,1334739
20131119,13:00:00.000,BBG0019JZ882,-0.0053019407,-0.007017104,2558150
20131119,13:00:00.000,BBG000BF6LY3,0.003805756,-0.0014013881,2109681
20131119,13:00:00.000,BBG000BYYLS8,0.0020240685,0.0026593644,1350287
20131119,13:00:00.000,BBG000BRWGG9,-0.0044480497,-0.007729255,7144943
20131119,13:00:00.000,BBG000FW00S1,0.008176063,3.029956e-07,2669889
20131119,13:00:00.000,BBG000BK67C7,0.006600296,0.0039755083,820715
20131119,13:00:00.000,BBG000FVXD63,0.015877457,0.015991902,868725
20131119,13:00:00.000,BBG000D2M0Z7,-0.00973264,-0.013627963,421628
20131119,13:00:00.000,BBG000BLBXT4,0.0017783815,-0.0031476764,426038
20131119,13:00:00.000,BBG000CS7CT9,-0.002197406,0.0029797012,1429633
20131119,13:00:00.000,BBG000BFMBQ6,0.0065539004,0.006539057,644903
20131119,13:00:00.000,BBG000BBBNC6,-0.0134667605,-0.007922918,700972
20131119,13:00:00.000,BBG000G0Z878,-0.0065283063,-0.007414384,2066617
20131119,13:00:00.000,BBG000CR90K4,-0.011265085,-0.017842954,9652130
20131119,13:00:00.000,BBG000BQ2C28,-0.005078883,-0.0037980562,504669
20131119,13:00:00.000,BBG000BMBL90,-0.00014115882,-0.0011959721,748810
20131119,13:00:00.000,BBG000BX5ZF5,0.01805528,0.010824707,5268364
20131119,13:00:00.000,BBG000BPT0C6,0.0001904671,-0.0010933974,1174340
20131119,13:00:00.000,BBG000BMY992,0.0148789,0.011842893,1972634
20131119,13:00:00.000,BBG000BL9JQ1,-0.006261453,-0.0068609337,1371555
20131119,13:00:00.000,BBG000JG0547,0.033006713,0.035092454,3888685
20131119,13:00:00.000,BBG000BM7HL0,-0.009235837,-0.0154642435,1558471
20131119,13:00:00.000,BBG000BRK7L6,0.00077208574,0.0016851849,2152037
20131119,13:00:00.000,BBG000BMQPL1,0.00023431871,-2.7734401e-07,6371716
20131119,13:00:00.000,BBG000C1FB75,,,650400
20131119,13:00:00.000,BBG000CZWZ05,1.24433345e-05,-0.002967672,0
20131119,13:00:00.000,BBG000R7RDB4,-0.002232338,-0.003828772,692437
20131119,13:00:00.000,BBG000DTMH63,,,1530463
20131119,13:00:00.000,BBG000BTR593,0.014414984,0.0152875725,1601532
20131119,13:00:00.000,BBG000BB6M98,-0.0062365844,-0.011580297,3243223
20131119,13:00:00.000,BBG000C2BXK4,-0.013675879,-0.020264462,4649773
20131119,13:00:00.000,BBG000PVRDL2,-0.001068643,-0.0032441549,1679915
20131119,13:00:00.000,BBG000BVMGF2,-0.003194318,-0.0036873845,605577
20131119,13:00:00.000,BBG000BCGY17,0.003702643,-0.0015090215,895060
20131119,13:00:00.000,BBG000CNFQW6,-0.0053483536,-0.0044320505,362361
20131119,13:00:00.000,BBG000BSD7C2,-0.0003270039,-0.0010503447,614330
20131119,13:00:00.000,BBG000FQ6PY6,-0.006943846,-0.010324734,1164396
20131119,13:00:00.000,BBG000BC15S7,-0.0019498273,-0.004865441,836152
20131119,13:00:00.000,BBG000BVDLH9,-0.0014297776,0.00014873862,455184
20131119,13:00:00.000,BBG000GC80B4,-0.0026908957,0.0006013854,752361
20131119,13:00:00.000,BBG000C0F570,-0.0026383237,-0.012793292,2018981
20131119,13:00:00.000,BBG000D898T9,0.00060184783,0.0007727005,970546
20131119,13:00:00.000,BBG000BG14P4,0.0029953471,-0.012008204,1266882
20131119,13:00:00.000,BBG000DQTXY6,-0.001867282,-8.07851e-07,2231864
20131119,13:00:00.000,BBG000C1S2X2,0.017711082,0.014179603,933550
20131119,13:00:00.000,BBG000BWSV34,-0.008891149,-0.008866778,571664
20131119,13:00:00.000,BBG000H0QBS7,-0.0005036304,-0.005320802,330009
20131119,13:00:00.000,BBG000BWNFZ9,0.0006961112,-0.007676625,745119
20131119,13:00:00.000,BBG000BS0ZF1,0.002264952,0.0019362484,236696
20131119,13:00:00.000,BBG000CPQZ77,-0.0046917815,-0.011051772,1643896
20131119,13:00:00.000,BBG001M8HHB7,0.018513143,0.009433119,706315
20131119,13:00:00.000,BBG000BH5DV1,0.000371862,-0.0013622472,598895
20131119,13:00:00.000,BBG000NV1KK7,0.0026321886,0.0063698166,1164439
20131119,13:00:00.000,BBG000DKCC19,0.04540753,0.044534486,4076107
20131119,13:00:00.000,BBG000CXYSZ6,-0.018710682,-0.026267208,920231
20131119,13:00:00.000,BBG000BGLRN3,-0.003770873,-0.004348245,1947792
20131119,13:00:00.000,BBG000QRKJ70,-0.03313274,-0.047047447,12571364
20131119,13:00:00.000,BBG000BQ5DS5,-0.000911466,-0.01060437,495968
20131119,13:00:00.000,BBG000BV7LP7,0.012254635,0.008775621,2001228
20131119,13:00:00.000,BBG000BH5LT6,-0.008024232,-0.009226094,1953440
20131119,13:00:00.000,BBG000R8ZVD1,0.004866518,-0.0013458161,833637
20131119,13:00:00.000,BBG000BRJL00,-0.004152783,-0.008739415,1181174
20131119,13:00:00.000,BBG000BB6WG8,0.009333475,0.00732927,2372969
20131119,13:00:00.000,BBG000BJL3N0,0.0015469271,0.0014994435,2661775
20131119,13:00:00.000,BBG000QY3XZ2,0.006994839,-0.00082077744,833948
20131119,13:00:00.000,BBG000LD9JQ8,-0.010268071,-0.01729687,460760
20131119,13:00:00.000,BBG000Q3JN03,-0.0027016257,-0.0031029966,6468519
20131119,13:00:00.000,BBG000BH3JF8,-0.0022663327,-0.0021462631,786133
20131119,13:00:00.000,BBG000BR54L0,0.00033714517,-0.0005474383,3349772
20131119,13:00:00.000,BBG000PX3XC0,-0.0059293546,-0.005686623,1812258
20131119,13:00:00.000,BBG001YMS0B8,0.0044218763,0.0005671875,1263833
20131119,13:00:00.000,BBG000BD8PN9,-0.0047318046,-0.0024140421,2391448
20131119,13:00:00.000,BBG000BRD0D8,0.00525567,0.0048457896,591848
20131119,13:00:00.000,BBG000BMDV41,-0.0010351646,-0.005277637,1600954
20131119,13:00:00.000,BBG000BGVW60,0.0023309991,-0.0005171201,1376089
20131119,13:00:00.000,BBG000BKCFC2,-0.012242317,-0.013344823,2207128
20131119,13:00:00.000,BBG000BB9KF2,0.000244183,-0.0049679084,1873176
20131119,13:00:00.000,BBG000C0MF34,-0.005330011,-0.0059399093,220800
20131119,13:00:00.000,BBG000BZ2GG4,-0.0008493824,-0.009520183,1028016
20131119,13:00:00.000,BBG000C0LW92,0.03383688,0.036285166,6830586
20131119,13:00:00.000,BBG000BMW2Z0,-0.0010093576,0.00032462078,1013860
20131119,13:00:00.000,BBG000F0KF42,-0.0047494997,-0.012473196,1381519
20131119,13:00:00.000,BBG000BX3TD3,-0.007830437,-0.010902772,2910409
20131119,13:00:00.000,BBG000QX74T1,0.004501809,0.0042149182,158436
20131119,13:00:00.000,BBG000BWJFZ4,-0.008077811,-0.008574327,252676
20131119,13:00:00.000,BBG000BKFBD7,-0.0021225591,0.0008450392,894235
20131119,13:00:00.000,BBG000JWD753,-0.002340215,-0.009254424,1636440
20131119,13:00:00.000,BBG000M65M61,0.058930874,0.06664861,6559248
20131119,13:00:00.000,BBG000MBDGM6,-0.0055245156,-0.008889789,220229
20131119,13:00:00.000,BBG000BBVJZ8,0.0059537585,0.00819358,1227994
20131119,13:00:00.000,BBG000BV8DN6,0.0075904788,0.008639435,2244693
20131119,13:00:00.000,BBG000BH2JM1,0.0082230875,0.0046494147,3482258
20131119,13:00:00.000,BBG000BGJRC8,-0.0071401726,-0.016155783,3042922
20131119,13:00:00.000,BBG000QBR5J5,-0.00025608565,0.0005767499,1192419
20131119,13:00:00.000,BBG000BSLZY7,0.005201531,0.0069608972,3917234
20131119,13:00:00.000,BBG000BJSBJ0,-0.013430155,-0.018981408,2431686
20131119,13:00:00.000,BBG000BJ81C1,0.00029256326,0.0005100687,507257
20131119,13:00:00.000,BBG000BFL116,-0.017210122,-0.03006407,2374478
20131119,13:00:00.000,BBG000HCJMF9,0.0011999218,0.005132027,921886
20131119,13:00:00.000,BBG000FV1Z23,0.0024090554,-0.009567656,513191
20131119,13:00:00.000,BBG000BBDV81,0.0029684047,0.0026734886,898400
20131119,13:00:00.000,BBG000FJLFX8,-0.0051238216,-0.0033972845,1310076
20131119,13:00:00.000,BBG000J6XT05,-0.009057716,-0.0139060905,3168090
20131119,13:00:00.000,BBG000BCWCG1,-0.079647906,-0.08334286,19914552
20131119,13:00:00.000,BBG000BJPDZ1,-0.004670715,-0.00058511505,80992
20131119,13:00:00.000,BBG000BPQD31,-0.005026636,-0.0033494837,1523989
20131119,13:00:00.000,BBG000C734W3,0.0009997133,9.121372e-05,284722
20131119,13:00:00.000,BBG000C3GN47,0.0072256033,0.007300718,1955306
20131119,13:00:00.000,BBG000BFRF55,0.02276749,0.01490611,4124513
20131119,13:00:00.000,BBG000BGPTV6,-0.0009281441,-0.011745563,471305
20131119,13:00:00.000,BBG000BM5SR2,0.007470722,0.0064032297,1957468
20131119,13:00:00.000,BBG000BN5HF7,-0.0032638614,-0.0030420048,1755598
20131119,13:00:00.000,BBG000BBD070,0.0025128915,0.00018354006,1005302
20131119,13:00:00.000,BBG000BVPPM1,0.021437747,0.019951044,2651285
20131119,13:00:00.000,BBG000DYGNW7,-0.002591173,-0.001511343,507490
20131119,13:00:00.000,BBG000BCG930,0.021784972,0.024774516,2098513
20131119,13:00:00.000,BBG000BHGDH5,-0.0021531503,-0.0069884323,1152377
20131119,13:00:00.000,BBG000BJ3PD2,-0.003350763,-0.009087572,881391
20131119,13:00:00.000,BBG000BFQYY3,0.0014083204,0.0018414684,882047
20131119,13:00:00.000,BBG000BY29C7,0.0019788628,-9.222792e-05,1062587
20131119,13:00:00.000,BBG000C1BW00,0.0070160283,0.005439756,328397
20131119,13:00:00.000,BBG000BD4VG8,0.0073345867,-0.00087261456,1382415
20131119,13:00:00.000,BBG000BHQ1H0,0.0053501823,0.006286996,1202381
20131119,13:00:00.000,BBG000BB5006,-0.00030244837,-0.0068899286,1163539
20131119,13:00:00.000,BBG000BKFZM4,0.008202671,0.0065534553,4217791
20131119,13:00:00.000,BBG000BWVCP8,-0.0021408205,-0.006518127,2365833
20131119,13:00:00.000,BBG000FH8PX5,-0.012088042,-0.010738655,561158
20131119,13:00:00.000,BBG000BHX7N2,0.0036857836,-0.00014824569,783352
20131119,13:00:00.000,BBG000WCFV84,-0.005320789,-0.0075812917,1325181
20131119,13:00:00.000,BBG000BBPFB9,0.009990313,0.0017855212,5115053
20131119,13:00:00.000,BBG000FL1TC8,0.0059531094,0.005226394,1639111
20131119,13:00:00.000,BBG000F6H8W8,0.0027736397,0.0021487183,539843
20131119,13:00:00.000,BBG000BGKTF9,-0.0045072814,-0.0011525529,1235627
20131119,13:00:00.000,BBG000C8H633,0.010307743,0.013144506,3333679
20131119,13:00:00.000,BBG000H89QJ6,0.004068643,0.0020990437,1274346
20131119,13:00:00.000,BBG0014GG205,-0.013114748,-0.01834683,5539997
20131119,13:00:00.000,BBG000BFXHL6,-0.013623413,-0.016004506,1344369
20131119,13:00:00.000,BBG000BH3GZ2,0.004357539,0.0049709473,1158641
20131119,13:00:00.000,BBG000BT9DW0,0.0012510023,-0.0033055998,3262648
20131119,13:00:00.000,BBG000FP1N32,0.005267598,0.00049354084,1357755
20131119,13:00:00.000,BBG000FNRZ69,0.0010193895,-0.009813988,2476422
20131119,13:00:00.000,BBG000D42FJ0,-0.053832352,-0.06486681,5698808
20131119,13:00:00.000,BBG00286S4N9,0.014648204,0.016288575,1389310
20131119,13:00:00.000,BBG0025Y4RY4,-0.002785952,-0.0038871402,1703583
20131119,13:00:00.000,BBG000BFDXW1,0.00043699302,-0.010141609,4395473
20131119,13:00:00.000,BBG0029SNR63,-0.0025939927,-0.0057446803,1383243
20131119,13:00:00.000,BBG000G2R6M0,0.0029710217,0.002068413,2856432
20131119,13:00:00.000,BBG000BCVJ77,-0.0009189533,0.0033420033,1980122
20131119,13:00:00.000,BBG000BL4504,-0.0019146842,-0.004720411,6740495
20131119,13:00:00.000,BBG000BC2C10,0.004626242,0.008804074,1393969
20131119,13:00:00.000,BBG000B9WH86,0.026371116,0.023476351,15947438
20131119,13:00:00.000,BBG000BJX8C8,0.0029591215,-0.0022769503,1804293
20131119,13:00:00.000,BBG000H556T9,0.0030781964,0.00062354526,699006
20131119,13:00:00.000,BBG000C496P7,-0.0033090676,-0.00687777,1346372
20131119,13:00:00.000,BBG000FG3C43,-0.0011317452,-0.009604115,1626629
20131119,13:00:00.000,BBG000BNWG87,-0.0077566057,-0.0033453181,2695376
20131119,13:00:00.000,BBG000BNBDC2,-0.0034932466,-0.00039169547,1647185
20131119,13:00:00.000,BBG000BJ98Z0,-0.010645226,-0.017897768,1563126
20131119,13:00:00.000,BBG000Q2HM09,0.0033705581,-0.00287149,2080325
20131119,13:00:00.000,BBG000D9D830,0.0026425892,0.002928552,1117177
20131119,13:00:00.000,BBG000CJZ2W6,-0.017403718,-0.020932551,1764046
20131119,13:00:00.000,BBG000BH13K9,-0.003335001,-0.0025930356,1573012
20131119,13:00:00.000,BBG000C46HM9,-0.0064738,-0.0023772463,1717438
20131119,13:00:00.000,BBG000BWXBC2,6.9244306e-05,-0.00037929695,2028375
20131119,13:00:00.000,BBG000BN2DC2,-0.022078868,-0.030273497,9852709
20131119,13:00:00.000,BBG000BTZQC4,0.0057380036,0.003388767,3520352
20131119,13:00:00.000,BBG001DCCGR8,0.025247924,0.024675649,2313099
20131119,13:00:00.000,BBG000BB6KF5,-0.0043896893,-0.0009579905,3062886
20131119,13:00:00.000,BBG000DHSPT0,0.0010347433,0.0014457963,1568263
20131119,13:00:00.000,BBG000F0PF65,-0.0012785932,-0.0002244451,1622416
20131119,13:00:00.000,BBG000BH1NH9,-0.0074629257,-0.011117442,2798761
20131119,13:00:00.000,BBG000BVV7G1,0.0035277572,-0.00424068,1659236
20131119,13:00:00.000,BBG000BPWXK1,0.0033721556,0.0033306153,2523413
20131119,13:00:00.000,BBG000BJF1Z8,-0.0073751695,-0.016115736,1320638
20131119,13:00:00.000,BBG000BXRPH1,-0.0103256395,-0.011288174,1561649
20131119,13:00:00.000,BBG000BC40Y8,0.0035290974,0.0048678373,1099196
20131119,13:00:00.000,BBG000BBGGQ1,0.0067968797,0.0065232203,3769246
20131119,13:00:00.000,BBG000C17X76,0.018106136,0.01939643,698995
20131119,13:00:00.000,BBG000BP6LJ8,-0.0053184126,-0.007624809,2897801
20131119,13:00:00.000,BBG000B9ZXB4,0.014902136,0.01739312,4605102
20131119,13:00:00.000,BBG000BMF5J0,0.0076021687,0.008041963,12978916
20131119,13:00:00.000,BBG000C5HS04,-0.007078643,-0.008016839,1509565
20131119,13:00:00.000,BBG000BLZRJ2,0.0025100007,0.006265382,4876211
20131119,13:00:00.000,BBG000L9CV04,0.0041537024,-0.0047381837,1134016
20131119,13:00:00.000,BBG000BWLMJ4,-0.017724525,-0.017134368,2422570
20131119,13:00:00.000,BBG000D4LWF6,-0.00014527906,-0.0038282594,2474718
20131119,13:00:00.000,BBG000BCQZS4,0.0002993664,0.0029151,1337918
20131119,13:00:00.000,BBG000H8TVT2,0.0018150216,0.0066197733,1545423
20131119,13:00:00.000,BBG000FFDM15,0.0064786244,0.008871483,3857135
20131119,13:00:00.000,BBG000BFWKC0,-0.008539768,-0.005686939,1327147
20131119,13:00:00.000,BBG000BP52R2,0.0024031836,0.0025363015,976925
20131119,13:00:00.000,BBG000C15T95,0.005867672,7.950844e-07,2010055
20131119,13:00:00.000,BBG000BZ9223,-0.0076044328,-0.005962596,635878
20131119,13:00:00.000,BBG000BHBK84,6.7140514e-05,-0.003763193,2427635
20131119,13:00:00.000,BBG000CTQBF3,0.0005863941,0.0013658194,1804917
20131119,13:00:00.000,BBG000BW8S60,0.0020691047,0.00018307567,784058
20131119,13:00:00.000,BBG000BB07P9,0.0050085224,0.0033970042,5413840
20131119,13:00:00.000,BBG000CH5208,-0.0052470043,-0.003906101,1702762
20131119,13:00:00.000,BBG000BW3299,0.00077796716,-0.007314563,786000
20131119,13:00:00.000,BBG000DQLV23,-0.00034678556,0.0017339111,2101709
20131119,13:00:00.000,BBG000DWYF03,-0.0029166115,-0.0026659954,3628632
20131119,13:00:00.000,BBG000BGRY34,-0.0032560271,4.083745e-08,1953432
20131119,13:00:00.000,BBG000F1ZSQ2,-0.0063972,-0.0049286103,132075
20131119,13:00:00.000,BBG000BQQ2S6,-0.006490114,-0.0034501613,1203422
20131119,13:00:00.000,BBG000KHWT55,0.0124635305,0.0075987633,6378721
20131119,13:00:00.000,BBG000BNDN65,-0.0017359104,-0.0011786248,6079080
20131119,13:00:00.000,BBG000R7Z112,-0.0002987961,0.008888871,6009545
20131119,13:00:00.000,BBG000BQQH30,-0.0076945126,-0.0016588856,3967394
20131119,13:00:00.000,BBG000BBS2Y0,-0.008460951,-0.0058603846,1025717
20131119,13:00:00.000,BBG000J2XL74,0.0014122162,-0.0036004323,1429085
20131119,13:00:00.000,BBG000BJDB15,-0.00054766913,0.0019184767,3352700
20131119,13:00:00.000,BBG000DWG505,0.0015434623,-0.00021513898,1038810
20131119,13:00:00.000,BBG000DH7JK6,-0.0050586946,-0.009025808,2268071
20131119,13:00:00.000,BBG000BKTFN2,0.0012759403,-0.005153229,3905275
20131119,13:00:00.000,BBG000BF0K17,0.0033607201,-0.0036289205,2297273
20131119,13:00:00.000,BBG000BFC8J2,-0.0005767681,0.001536118,1396054
20131119,13:00:00.000,BBG000BH4R78,0.0011315151,0.0008635829,1961461
20131119,13:00:00.000,BBG000NDYB67,-0.008960941,-0.013731846,8582322
20131119,13:00:00.000,BBG000C6CFJ5,0.0021047622,0.008178341,1591186
20131119,13:00:00.000,BBG000BQLTW7,-0.0044778874,-0.007160117,7010015
20131119,13:00:00.000,BBG000BNSZP1,-0.0009872278,0.00338024,1667632
20131119,13:00:00.000,BBG000BBDZG3,-0.008461483,-0.0010222625,3229887
20131119,13:00:00.000,BBG000BHVJJ3,5.246902e-05,-0.0033461105,6149808
20131119,13:00:00.000,BBG000BFT2L4,0.000529673,0.0012655309,2767555
20131119,13:00:00.000,BBG000C43RR5,0.00042229937,0.0005766268,5246492
20131119,13:00:00.000,BBG000Q9HH23,0.00829329,0.0037152574,1046051
20131119,13:00:00.000,BBG000BCSST7,-0.003840589,-0.0060356245,1864309
20131119,13:00:00.000,BBG000BMX289,0.00063467666,-0.0032358314,5759033
20131119,13:00:00.000,BBG000GFFQN9,-0.0045327325,-0.004001971,6918790
20131119,13:00:00.000,BBG000BT41Q8,0.0009538734,-0.0010863844,3148126
20131119,13:00:00.000,BBG000CKGBP2,0.0063062455,0.0075378222,3523639
20131119,13:00:00.000,BBG000BKZB36,0.011750315,0.013678104,7397891
20131119,13:00:00.000,BBG000BLBVN4,-0.0025205058,-0.006296925,238761
20131119,13:00:00.000,BBG000PSKYX7,-0.011808475,-0.010026301,1316847
20131119,13:00:00.000,BBG000BPD168,-0.0071093105,-0.00270733,3719780
20131119,13:00:00.000,BBG000HS77T5,0.001282263,-0.0021670102,4289524
20131119,13:00:00.000,BBG000BVPV84,0.006667157,-0.00096985284,1016179
20131119,13:00:00.000,BBG000BR2TH3,-0.0033746934,-0.001064926,3390635
20131119,13:00:00.000,BBG000BQPC32,0.0007661069,-0.0053020315,12338436
20131119,13:00:00.000,BBG000CGC1X8,0.002837557,-0.00041654494,4428858
20131119,13:00:00.000,BBG000BMHYD1,0.00046516003,0.004987182,2550655
20131119,13:00:00.000,BBG000K4ND22,0.005005171,0.009456425,2388790
20131119,13:00:00.000,BBG000C0G1D1,0.010602074,0.0040662205,13631462
20131119,13:00:00.000,BBG000C5Z1S3,0.009299309,0.002592403,28200308
20131119,13:00:00.000,BBG000BWQFY7,0.007435717,0.007831566,5442648
20131119,13:00:00.000,BBG000BLNNH6,0.0018817155,0.0036314484,2277642
20131119,13:00:00.000,BBG000BR2B91,-0.01018891,-0.005934676,12727902
20131119,13:00:00.000,BBG000BSJK37,0.0011074694,0.001123802,6007750
20131119,13:00:00.000,BBG000C3J3C9,0.00097466673,-0.0014088444,30399182
20131119,13:00:00.000,BBG000BK6MB5,-0.003957748,-0.005513133,15906864
20131119,13:00:00.000,BBG000CL9VN6,0.007193232,0.0013461938,1197606
20131119,13:00:00.000,BBG000GZQ728,-0.00169075,-0.00020874586,6415415
20131119,13:00:00.000,BBG000DMBXR2,0.008063116,0.011303377,12436442
20131119,13:00:00.000,BBG000FY4S11,0.0059790094,0.008859166,11468466
20131119,13:00:00.000,BBG000N9MNX3,0.03745429,0.031677075,13482591
20131119,13:00:00.000,BBG000BCTLF6,0.014977843,0.020100314,87190768
20131119,13:00:00.000,BBG000BPH459,0.0026792418,-0.0005430452,22900616
20131119,13:00:00.000,BBG000BHSKN9,-0.0061948975,-0.0048507038,620000
20131119,13:00:00.000,BBG000MM2P62,0.014155875,0.014835339,42355920
20131119,13:00:00.000,BBG000B9XRY4,0.0028394272,0.0019469263,4369798
20131119,13:15:00.000,BBG000C221G9,-0.0033426853,-0.010098523,342481
20131119,13:15:00.000,BBG000D9H9F1,0.023642778,0.023859926,1418533
20131119,13:15:00.000,BBG000BJ5GK2,0.008919568,-0.003924818,638007
20131119,13:15:00.000,BBG000BVVQQ8,0.0062837885,-5.737681e-07,858490
20131119,13:15:00.000,BBG000PTLGZ1,-0.0072359373,-0.013578597,247959
20131119,13:15:00.000,BBG000CGT2S4,-9.706022e-05,0.0015465704,2475016
20131119,13:15:00.000,BBG000RKR4R8,0.0005303209,-0.0034874985,5323702
20131119,13:15:00.000,BBG000BDWKC5,0.00037387767,-0.0033795226,983624
20131119,13:15:00.000,BBG000JB27Y9,-0.0024147804,0.00025900884,582050
20131119,13:15:00.000,BBG000BLXZN1,-0.004281459,-0.0075371116,384244
20131119,13:15:00.000,BBG000BK5DP1,-0.008171791,-0.014208202,1260327
20131119,13:15:00.000,BBG000FBR384,0.00899747,0.004657482,424800
20131119,13:15:00.000,BBG000BCHG15,0.014370679,0.012055135,334028
20131119,13:15:00.000,BBG000BLHRS2,-0.004931778,-0.008359505,324681
20131119,13:15:00.000,BBG000F80SZ5,-0.017429128,-0.03784048,4803763
20131119,13:15:00.000,BBG000BQ87N0,-0.0010391,-0.008168818,461077
20131119,13:15:00.000,BBG000HW5GX3,0.0035061082,0.004034584,1242647
20131119,13:15:00.000,BBG000BLMZK6,0.001556574,-0.005296509,434728
20131119,13:15:00.000,BBG000BND699,0.0020229763,-0.013114014,561754
20131119,13:15:00.000,BBG000BYWTX7,-0.013360064,-0.025371376,2799926
20131119,13:15:00.000,BBG000BGKHZ3,0.002936628,0.001260923,384748
20131119,13:15:00.000,BBG000M1R011,0.021228077,0.00696927,1358996
20131119,13:15:00.000,BBG000BCJ161,-0.00043530425,0.0060846787,1181213
20131119,13:15:00.000,BBG000DGPR66,-0.0131778745,-0.015165678,613634
20131119,13:15:00.000,BBG000BV75B7,0.0017402603,-0.0018184021,258452
20131119,13:15:00.000,BBG000BPZBB6,-0.00015381754,-0.0043441136,415185
20131119,13:15:00.000,BBG000BL79J3,-0.011763145,-0.01387691,2881828
20131119,13:15:00.000,BBG000BP7JB0,-0.015640963,-0.026905607,2360344
20131119,13:15:00.000,BBG000BVB8Q0,-0.011523438,-0.011489416,1634053
20131119,13:15:00.000,BBG000TJM7F0,0.002388833,-0.0012331143,422133
20131119,13:15:00.000,BBG000BHQYG9,-0.0030666795,-0.0062353243,353012
20131119,13:15:00.000,BBG000BDDN94,0.010910218,0.0012484747,165418
20131119,13:15:00.000,BBG000BWP7D9,0.0047076214,0.0014168102,723619
20131119,13:15:00.000,BBG000F9KJN4,-0.016383827,-0.024217896,1827972
20131119,13:15:00.000,BBG000BWVSR1,-0.0049516447,-0.0063741747,1236409
20131119,13:15:00.000,BBG000BHCP19,0.0022647094,-0.009537265,781353
20131119,13:15:00.000,BBG000BFDLV8,-0.011032471,-0.012711091,352410
20131119,13:15:00.000,BBG000BX8DC4,0.0007361258,-0.0010754792,1168275
20131119,13:15:00.000,BBG000CPHYL4,-0.016089452,-0.028708188,821121
20131119,13:15:00.000,BBG000BCNYT9,0.006696597,-0.001168434,2650253
20131119,13:15:00.000,BBG000VC0T95,0.016105535,0.0055661867,405924
20131119,13:15:00.000,BBG000PCQQL6,0.0029676782,-0.0043009315,719029
20131119,13:15:00.000,BBG000BQ74K1,0.0019412318,0.0042980392,759578
20131119,13:15:00.000,BBG000BJDPC2,0.011989789,0.013417871,741175
20131119,13:15:00.000,BBG000GPXKX9,0.002471534,-0.0028388705,400660
20131119,13:15:00.000,BBG000BJ49H3,-0.0026954203,-0.008859934,470113
20131119,13:15:00.000,BBG000PLXQQ3,-0.0042243903,-0.0065708426,289017
20131119,13:15:00.000,BBG000BQHGR6,0.0011636458,-0.0048631327,466011
20131119,13:15:00.000,BBG000KLB4Q1,0.012121138,0.00039427012,1229277
20131119,13:15:00.000,BBG000C3Y7J6,0.0069940616,0.0004099676,314358
20131119,13:15:00.000,BBG000FFH4P5,-0.00032875917,-0.0075789653,365807
20131119,13:15:00.000,BBG000JBSJZ4,-0.0005677287,-0.0032321082,741530
20131119,13:15:00.000,BBG000F86GP6,0.005045166,0.0036370861,363177
20131119,13:15:00.000,BBG000BQTMJ9,0.014133106,0.008996678,1650187
20131119,13:15:00.000,BBG000RNTSX0,-0.0052889255,-0.010001863,131014
20131119,13:15:00.000,BBG000GZD660,0.0027388674,0.0011043856,204213
20131119,13:15:00.000,BBG000D9DMK0,-0.00029337636,-0.007209537,260021
20131119,13:15:00.000,BBG003P9ZSL3,-0.009490742,-0.0066106548,180175
20131119,13:15:00.000,BBG000C37332,0.0081296675,0.00093421125,376647
20131119,13:15:00.000,BBG000C1DHF5,0.010962628,-3.0175065e-07,927593
20131119,13:15:00.000,BBG000FW8LZ9,0.009322151,0.005372445,868472
20131119,13:15:00.000,BBG000BCVMH9,0.0034366858,-0.008543386,192073
20131119,13:15:00.000,BBG000BKQ3V3,0.0020590231,-0.0039220885,733187
20131119,13:15:00.000,BBG000CXD6X9,0.011735655,0.0037663844,477127
20131119,13:15:00.000,BBG000BCYP43,0.004481457,0.0067552743,188703
20131119,13:15:00.000,BBG000PM7GJ0,-0.021220796,-0.030243324,6679793
20131119,13:15:00.000,BBG000C75N77,0.0045808577,0.0029031495,317665
20131119,13:15:00.000,BBG000G8N9C6,-0.0077040163,-0.0064018127,996714
20131119,13:15:00.000,BBG000C90DH9,0.0060169837,0.0035178731,2000264
20131119,13:15:00.000,BBG000C6F3T8,0.0046680365,-0.004751151,3311317
20131119,13:15:00.000,BBG000BFV115,-0.0022487328,-0.0027272175,503125
20131119,13:15:00.000,BBG000C7B436,0.0021901338,-0.014758701,560421
20131119,13:15:00.000,BBG000BLCPY4,-0.0054831593,-0.01205523,676842
20131119,13:15:00.000,BBG000BD3LM4,-0.0010162237,-0.009250714,2347320
20131119,13:15:00.000,BBG000BDY3Y7,-0.019466285,-0.028900757,2670165
20131119,13:15:00.000,BBG000BMZ7P7,-0.0060090288,-0.02190218,305479
20131119,13:15:00.000,BBG000BBNYF6,-0.01004771,-0.009405049,630701
20131119,13:15:00.000,BBG000BK6G19,0.005023602,0.004109437,949316
20131119,13:15:00.000,BBG000BB29X4,-0.0020529558,-0.005908685,428120
20131119,13:15:00.000,BBG000BB03M1,0.007118686,-0.01400193,764047
20131119,13:15:00.000,BBG000BGD7W6,-0.0025065185,-0.009184477,1074796
20131119,13:15:00.000,BBG000C3NTN5,0.012195666,0.01165798,1743762
20131119,13:15:00.000,BBG000BHB3M6,-0.0065341303,-0.011631922,246396
20131119,13:15:00.000,BBG000BBCQD7,-0.0059593213,-0.0030670434,956634
20131119,13:15:00.000,BBG000D14WM3,0.00047598945,-0.0017297636,3568965
20131119,13:15:00.000,BBG000CVWGS6,-0.019768557,-0.025677728,3958793
20131119,13:15:00.000,BBG000BQSQ38,0.0057914793,0.00621613,1264926
20131119,13:15:00.000,BBG000BPQVR5,-0.0093028005,-0.010584103,370380
20131119,13:15:00.000,BBG000BCZYD3,-0.0035091008,-0.00041605235,277899
20131119,13:15:00.000,BBG000FDBX90,-0.0003106158,-0.0060226256,741778
20131119,13:15:00.000,BBG000BQVTF5,0.0022229971,-0.0070050647,486799
20131119,13:15:00.000,BBG001BPFT54,-0.056695256,-0.0729828,4537601
20131119,13:15:00.000,BBG000BHC2S1,-0.007824234,-0.0069800206,612113
20131119,13:15:00.000,BBG000DN7P92,0.0047815638,0.00639423,513956
20131119,13:15:00.000,BBG000C060M4,-0.007909734,-0.008631459,144012
20131119,13:15:00.000,BBG000BHKYH4,-0.004923446,-0.0045289025,258479
20131119,13:15:00.000,BBG000F6ZWH2,0.010369598,0.008337565,2431558
20131119,13:15:00.000,BBG000BFTJ91,0.0028071646,0.00032348596,471223
20131119,13:15:00.000,BBG000BD0TF8,-0.0018357757,-0.0017642941,647605
20131119,13:15:00.000,BBG000BP1Q11,0.011613693,0.010430937,440207
20131119,13:15:00.000,BBG000D5S4M0,-0.0017596215,-0.007814538,203822
20131119,13:15:00.000,BBG000MQ1SN9,-0.008557927,-0.018641658,1088553
20131119,13:15:00.000,BBG000BKZTP3,0.0040163468,-0.0008267932,576301
20131119,13:15:00.000,BBG000C0HQ54,-0.0017753647,-0.0043468145,2065164
20131119,13:15:00.000,BBG000BP1152,0.006212412,-0.006232448,1339070
20131119,13:15:00.000,BBG000BN9WT5,0.0036311212,-0.0073697376,891579
20131119,13:15:00.000,BBG000BBLK04,0.0026473128,-0.0018492029,217374
20131119,13:15:00.000,BBG000NSQ9M0,0.005968457,0.004363456,3311964
20131119,13:15:00.000,BBG000BRXP69,-0.0065341466,-0.0052355262,275510
20131119,13:15:00.000,BBG000BGYWY6,0.0008966861,-4.0518134e-05,153381
20131119,13:15:00.000,BBG000BJ8YN7,-0.0017827835,-0.0072506806,733434
20131119,13:15:00.000,BBG000BFVXX0,0.00022146036,-0.0025318891,869980
20131119,13:15:00.000,BBG000BLM0V1,-0.008708519,-0.011156956,257360
20131119,13:15:00.000,BBG000BBCDZ2,0.002990413,-0.00035871143,243963
20131119,13:15:00.000,BBG000KBQZ88,-0.005882868,-0.014414607,749913
20131119,13:15:00.000,BBG000BWXL85,0.005675111,-0.0018267613,747552
20131119,13:15:00.000,BBG000BKXYX5,-0.009629445,-0.014862566,475828
20131119,13:15:00.000,BBG000D1QCF1,0.011571488,-0.0009257933,772820
20131119,13:15:00.000,BBG000CKVSG8,-0.0109116435,-0.01735348,1030011
20131119,13:15:00.000,BBG000BPYHJ6,0.03754289,0.03191128,1003716
20131119,13:15:00.000,BBG000BKWSR6,0.0005625706,-0.0011232328,6631764
20131119,13:15:00.000,BBG000BMTFR4,-2.1657468e-05,-0.011369593,812092
20131119,13:15:00.000,BBG000C1FQS9,0.0018539646,-0.0040901136,428419
20131119,13:15:00.000,BBG000BR37X2,0.0015157716,-0.0014670705,1134398
20131119,13:15:00.000,BBG000BB6G37,-0.00018578777,-0.011565797,639187
20131119,13:15:00.000,BBG000CHPY97,0.0114031015,0.013870536,4495573
20131119,13:15:00.000,BBG000BPXRB3,-0.024672907,-0.031139662,483224
20131119,13:15:00.000,BBG000BF5RY1,-0.0033675858,-0.008464242,850431
20131119,13:15:00.000,BBG000BNNKG9,0.027815785,0.024009805,2290454
20131119,13:15:00.000,BBG001NVJ6W4,-0.025694646,-0.035318106,1055379
20131119,13:15:00.000,BBG0035LY913,0.008153999,0.009182377,1252815
20131119,13:15:00.000,BBG000BMLWX8,0.004065506,0.0041982573,1288720
20131119,13:15:00.000,BBG000BPNP00,0.00067494914,-0.01070549,1028025
20131119,13:15:00.000,BBG000DSMS70,-0.004341141,-0.004668258,523850
20131119,13:15:00.000,BBG000D13GN8,-0.03399234,-0.043689657,1068969
20131119,13:15:00.000,BBG000BSC0K9,-0.0022093735,-0.0012604471,532844
20131119,13:15:00.000,BBG000MDCQC2,0.0026044175,-0.0046992274,710683
20131119,13:15:00.000,BBG000BMKDM3,-0.005635617,-0.0084180515,602662
20131119,13:15:00.000,BBG000BF1R66,0.0031938336,0.00058155763,184276
20131119,13:15:00.000,BBG000BJQWD2,-0.0017675881,-0.0064503616,533620
20131119,13:15:00.000,BBG000C2ZCH8,0.001695824,-0.0028576613,383519
20131119,13:15:00.000,BBG000BP8Z50,-0.0053040762,-0.008943007,515101
20131119,13:15:00.000,BBG000FBK808,-0.011970497,-0.012676769,2859569
20131119,13:15:00.000,BBG000BXMFC3,0.003987566,-0.006134848,597069
20131119,13:15:00.000,BBG000BFNR17,-6.5760076e-05,-0.0025161544,230992
20131119,13:15:00.000,BBG000RGM5P1,-0.0071336925,-0.015811468,1180509
20131119,13:15:00.000,BBG000BKR1D6,0.0010842986,-0.0007749974,164120
20131119,13:15:00.000,BBG000D7RKJ5,-0.0012460485,-0.00644118,597621
20131119,13:15:00.000,BBG000G6BN50,0.0014209384,0.003523808,223923
20131119,13:15:00.000,BBG000J1QLT0,0.003309064,-0.00303352,409889
20131119,13:15:00.000,BBG000BNFLM9,-0.0063011474,-0.018724706,992320
20131119,13:15:00.000,BBG000BTCH57,-0.011738162,-0.0227214,1860326
20131119,13:15:00.000,BBG000FLZN98,-0.0017778787,-0.0014188073,280239
20131119,13:15:00.000,BBG000C4DPX1,0.0014605554,-0.012163837,449831
20131119,13:15:00.000,BBG000BQ8KV2,0.004515791,0.0020739564,473351
20131119,13:15:00.000,BBG000BPMH90,0.00041342145,0.001111324,682634
20131119,13:15:00.000,BBG000K14Q84,-0.00038116658,-0.0130408,315365
20131119,13:15:00.000,BBG000BC9938,0.0055865915,-0.00076708995,568364
20131119,13:15:00.000,BBG000QFJ7H3,-0.006232375,-0.011071168,1938920
20131119,13:15:00.000,BBG000BTQR96,0.0005095662,-0.005257755,462900
20131119,13:15:00.000,BBG000CHWP52,0.0030998136,0.00035105806,481103
20131119,13:15:00.000,BBG000D8RG11,0.006345383,0.0025803382,1056784
20131119,13:15:00.000,BBG000BS9489,-0.001232485,-0.0028597123,431740
20131119,13:15:00.000,BBG000CKJ0P3,-0.010648354,-0.00026478688,310923
20131119,13:15:00.000,BBG000BWCKB6,0.0009981819,-0.002560552,192770
20131119,13:15:00.000,BBG000BVWLJ6,-0.0008644547,-0.0034565257,1146710
20131119,13:15:00.000,BBG000BXM6V2,-0.0052202744,-0.011411836,438726
20131119,13:15:00.000,BBG000D9KWL9,-0.0015852152,-0.003341125,197972
20131119,13:15:00.000,BBG000BKNX95,0.0029961648,-0.005122185,925615
20131119,13:15:00.000,BBG000J5Q6L2,0.022430632,0.018614316,4314550
20131119,13:15:00.000,BBG000QN4GY3,-0.006158921,-0.010427068,684777
20131119,13:15:00.000,BBG000BCTQ65,0.0022729402,-0.0038436842,1527441
20131119,13:15:00.000,BBG000BNNYW1,-0.0011900364,-0.00499395,616571
20131119,13:15:00.000,BBG003641015,0.009178841,0.009934688,962241
20131119,13:15:00.000,BBG000D6L294,-0.0066916933,-0.0074997745,924445
20131119,13:15:00.000,BBG000BSBZH7,0.002887697,0.0019167273,555109
20131119,13:15:00.000,BBG000BNC3Y9,-0.004033823,-0.004084145,930163
20131119,13:15:00.000,BBG000F15NW9,0.0005905253,0.0019367603,739343
20131119,13:15:00.000,BBG000R0L5J4,-0.000621844,-0.004616965,1805016
20131119,13:15:00.000,BBG000BVMPN3,-0.0036252155,-0.0008738239,346788
20131119,13:15:00.000,BBG000BB5BF6,-0.019708633,-0.024439888,1563682
20131119,13:15:00.000,BBG000BR3KL6,-0.005094267,-0.010519127,352924
20131119,13:15:00.000,BBG000BNGTQ7,-0.0033343912,-0.005211453,914131
20131119,13:15:00.000,BBG000BHZ5J9,0.0060394807,0.0035086367,717122
20131119,13:15:00.000,BBG000BN84F3,-0.000792369,-0.0071932273,708182
20131119,13:15:00.000,BBG000BBJQV0,-0.0028999404,-0.013067692,2182299
20131119,13:15:00.000,BBG000BB1TH9,0.00082939444,-0.012940156,521029
20131119,13:15:00.000,BBG000BFS7D3,-0.0041613216,-0.0040496252,430855
20131119,13:15:00.000,BBG000BR14K5,0.0054897172,0.002337195,460180
20131119,13:15:00.000,BBG000BPVCR1,0.03529655,0.03141289,1084036
20131119,13:15:00.000,BBG000BKLH74,-0.004722481,-0.007271425,1732828
20131119,13:15:00.000,BBG002S5ZRF9,-0.037764482,-0.050772335,1401082
20131119,13:15:00.000,BBG000BKPL53,0.00023442513,0.003627975,315490
20131119,13:15:00.000,BBG000DY8ZS4,-0.015039527,-0.025756612,3555973
20131119,13:15:00.000,BBG000DNTSP4,-0.0013957638,-0.0043913075,974505
20131119,13:15:00.000,BBG000BM6788,0.000916898,-0.0036993963,1666956
20131119,13:15:00.000,BBG000G3QLY3,0.0047745863,0.0033730476,409326
20131119,13:15:00.000,BBG000BLKK03,-0.004223957,-0.0026367402,1340901
20131119,13:15:00.000,BBG000BP0KQ8,-0.026035156,-0.03317462,2792866
20131119,13:15:00.000,BBG000C7LMS8,0.009601344,0.009921469,103783
20131119,13:15:00.000,BBG000JBN3X6,-0.010447102,0.0008195841,6192453
20131119,13:15:00.000,BBG000QW7VC1,-0.00744984,-0.018504199,2611911
20131119,13:15:00.000,BBG000C2YHG9,-0.013744875,-0.018487329,1103789
20131119,13:15:00.000,BBG000BVHBM1,0.004161384,0.0039137723,1088286
20131119,13:15:00.000,BBG000FKJRC5,0.0018560188,-0.0018523851,397452
20131119,13:15:00.000,BBG000BP4MH0,-0.0010592458,-0.002538528,1014709
20131119,13:15:00.000,BBG000BSXQV7,0.004336333,0.0032028721,164908
20131119,13:15:00.000,BBG000BY33P5,-0.0034934273,-0.0112268925,10983794
20131119,13:15:00.000,BBG000BNJHS8,-0.004752498,0.007720571,4059253
20131119,13:15:00.000,BBG000BB5373,0.008000139,0.0005986043,3884309
20131119,13:15:00.000,BBG000CSY9H9,0.0009358124,0.00084226124,479253
20131119,13:15:00.000,BBG000BQWPC5,0.0041959975,0.002439413,1131464
20131119,13:15:00.000,BBG000BQZMH4,-0.0064932653,-0.009665012,1539275
20131119,13:15:00.000,BBG000BC4JJ4,0.005603458,0.00036366165,405740
20131119,13:15:00.000,BBG001QD41M9,-0.004847007,-0.009536064,1068753
20131119,13:15:00.000,BBG000BHLYS1,-0.0072669056,-0.008071918,701161
20131119,13:15:00.000,BBG000HG21Y3,0.028633064,0.018633833,511077
20131119,13:15:00.000,BBG000BHLYP4,0.0062080785,0.011533717,896618
20131119,13:15:00.000,BBG000DLFM21,-0.0035361513,-0.00772518,279791
20131119,13:15:00.000,BBG000H9G7X2,0.008160491,0.0067438516,1219905
20131119,13:15:00.000,BBG000BRRG02,0.0016185978,-0.002914811,143675
20131119,13:15:00.000,BBG000BBMSJ6,-0.025390998,-0.039415225,5903991
20131119,13:15:00.000,BBG000MM5VL9,-0.015561399,-0.023952704,623032
20131119,13:15:00.000,BBG000C2V3D6,-0.007116341,-0.003700092,1314888
20131119,13:15:00.000,BBG000G30YX4,-0.022088075,-0.023105253,347577
20131119,13:15:00.000,BBG000JN8R00,0.011422972,0.0077035585,2953100
20131119,13:15:00.000,BBG000C2PW58,-0.0022030738,-0.0036191156,175234
20131119,13:15:00.000,BBG000CGQ6M4,0.0052170223,0.0019398885,357306
20131119,13:15:00.000,BBG000BCBCM7,0.016182335,0.0071036844,6563447
20131119,13:15:00.000,BBG000C3HSR0,-0.01079365,-0.01761532,1050333
20131119,13:15:00.000,BBG000BG09F5,-0.0010467081,-0.0040815664,1013801
20131119,13:15:00.000,BBG000BDXGP9,0.00127159,-0.0018405743,1130256
20131119,13:15:00.000,BBG000BTVJ25,-0.0027571511,-0.0041620964,1155764
20131119,13:15:00.000,BBG000BTKGG8,-0.004825155,-0.00695102,1848521
20131119,13:15:00.000,BBG000BLW530,-0.009002892,-0.014899609,954478
20131119,13:15:00.000,BBG000BY2Y78,-0.0024721008,-0.002966452,1368786
20131119,13:15:00.000,BBG000BJ2VQ6,0.0048348713,-0.00016409656,550106
20131119,13:15:00.000,BBG0039320N9,-0.010206768,-0.011070852,1625844
20131119,13:15:00.000,BBG000BRJ809,0.00059453683,0.0006231409,117067
20131119,13:15:00.000,BBG000TWC2V5,0.009724015,0.004898235,1413475
20131119,13:15:00.000,BBG0019JZ882,-0.0047537517,-0.0067363256,2618146
20131119,13:15:00.000,BBG000BF6LY3,0.0018901562,-0.003643879,2235169
20131119,13:15:00.000,BBG000BYYLS8,0.0005271373,0.000885951,1390622
20131119,13:15:00.000,BBG000BRWGG9,-0.002475787,-0.007729226,7880746
20131119,13:15:00.000,BBG000FW00S1,0.0067624724,-0.0030982168,2749770
20131119,13:15:00.000,BBG000BK67C7,0.006138181,0.003359665,850501
20131119,13:15:00.000,BBG000FVXD63,0.01664751,0.016194997,911849
20131119,13:15:00.000,BBG000D2M0Z7,-0.009983127,-0.015853086,435262
20131119,13:15:00.000,BBG000BLBXT4,0.0020985566,-0.0044201575,443945
20131119,13:15:00.000,BBG000CS7CT9,-0.0028721676,0.0016759733,1489726
20131119,13:15:00.000,BBG000BFMBQ6,0.0061344383,0.0045774677,664362
20131119,13:15:00.000,BBG000BBBNC6,-0.013455664,-0.0086702835,739260
20131119,13:15:00.000,BBG000G0Z878,-0.0062131216,-0.009410723,2136673
20131119,13:15:00.000,BBG000CR90K4,-0.011362423,-0.019465119,10231724
20131119,13:15:00.000,BBG000BQ2C28,-0.0044518453,-0.0034363023,521490
20131119,13:15:00.000,BBG000BMBL90,-0.00026030088,-0.0022658026,775571
20131119,13:15:00.000,BBG000BX5ZF5,0.017890662,0.009922563,5543998
20131119,13:15:00.000,BBG000BPT0C6,-0.0006832669,-0.0032796438,1207855
20131119,13:15:00.000,BBG000BMY992,0.015049779,0.011117872,2088483
20131119,13:15:00.000,BBG000BL9JQ1,-0.0050972328,-0.006432055,1412867
20131119,13:15:00.000,BBG000JG0547,0.03180405,0.033347353,4041819
20131119,13:15:00.000,BBG000BM7HL0,-0.011100582,-0.018464772,1620462
20131119,13:15:00.000,BBG000BRK7L6,0.00070760975,0.0008424878,2221092
20131119,13:15:00.000,BBG000BMQPL1,0.0012665236,-3.040549e-07,6551282
20131119,13:15:00.000,BBG000C1FB75,,,694107
20131119,13:15:00.000,BBG000CZWZ05,0.00023626913,-0.005411226,0
20131119,13:15:00.000,BBG000R7RDB4,-0.006166504,-0.0095252525,730421
20131119,13:15:00.000,BBG000DTMH63,,,1622346
20131119,13:15:00.000,BBG000BTR593,0.01921787,0.019694792,1797381
20131119,13:15:00.000,BBG000BB6M98,-0.0059489617,-0.011297846,3408748
20131119,13:15:00.000,BBG000C2BXK4,-0.015934784,-0.0254605,5102830
20131119,13:15:00.000,BBG000PVRDL2,-0.00014051089,-0.0032441411,1754339
20131119,13:15:00.000,BBG000BVMGF2,-0.0038906431,-0.0055308114,646266
20131119,13:15:00.000,BBG000BCGY17,0.0044517084,-0.00056541554,1048116
20131119,13:15:00.000,BBG000CNFQW6,-0.0059512085,-0.00633641,378097
20131119,13:15:00.000,BBG000BSD7C2,0.0004061136,-0.0002914654,636286
20131119,13:15:00.000,BBG000FQ6PY6,-0.005087402,-0.0078749545,1218341
20131119,13:15:00.000,BBG000BC15S7,-0.0013878074,-0.0054810946,850084
20131119,13:15:00.000,BBG000BVDLH9,-0.0028923887,-0.0023321502,489992
20131119,13:15:00.000,BBG000GC80B4,-0.0020096854,0.00045110862,807143
20131119,13:15:00.000,BBG000C0F570,-0.003277743,-0.014849225,2068676
20131119,13:15:00.000,BBG000D898T9,-0.0009068336,-0.0019306899,1140058
20131119,13:15:00.000,BBG000BG14P4,0.0075957133,-0.0112858815,1360852
20131119,13:15:00.000,BBG000DQTXY6,-0.0019847972,-0.0025906842,2284046
20131119,13:15:00.000,BBG000C1S2X2,0.01805667,0.011910736,976168
20131119,13:15:00.000,BBG000BWSV34,-0.006159887,-0.009132277,592079
20131119,13:15:00.000,BBG000H0QBS7,-0.0008842625,-0.0073241647,364472
20131119,13:15:00.000,BBG000BWNFZ9,0.0005641332,-0.009359852,777308
20131119,13:15:00.000,BBG000BS0ZF1,0.0014601175,0.00020255036,242296
20131119,13:15:00.000,BBG000CPQZ77,-0.0060382844,-0.013858311,1759697
20131119,13:15:00.000,BBG001M8HHB7,0.019674761,0.0068032118,742355
20131119,13:15:00.000,BBG000BH5DV1,0.00058404397,-0.0014985199,624233
20131119,13:15:00.000,BBG000NV1KK7,0.0029772,0.0052656056,1281594
20131119,13:15:00.000,BBG000DKCC19,0.044247847,0.041474883,4312517
20131119,13:15:00.000,BBG000CXYSZ6,-0.017057741,-0.025909878,985220
20131119,13:15:00.000,BBG000BGLRN3,-0.003923349,-0.005279947,2020882
20131119,13:15:00.000,BBG000QRKJ70,-0.032696944,-0.05088809,13093808
20131119,13:15:00.000,BBG000BQ5DS5,-0.0010845197,-0.0117508015,517035
20131119,13:15:00.000,BBG000BV7LP7,0.013824926,0.008775639,2161862
20131119,13:15:00.000,BBG000BH5LT6,-0.0080756135,-0.009779578,2068976
20131119,13:15:00.000,BBG000R8ZVD1,0.005752329,-0.0017943986,863684
20131119,13:15:00.000,BBG000BRJL00,-0.005275856,-0.010357779,1306714
20131119,13:15:00.000,BBG000BB6WG8,0.008471294,0.0048864596,2430135
20131119,13:15:00.000,BBG000BJL3N0,0.0013562068,0.00049955776,2730737
20131119,13:15:00.000,BBG000QY3XZ2,0.010009804,0.00016442526,881448
20131119,13:15:00.000,BBG000LD9JQ8,-0.010374811,-0.018977476,1112579
20131119,13:15:00.000,BBG000Q3JN03,-0.0029946836,-0.005172341,6708614
20131119,13:15:00.000,BBG000BH3JF8,-0.0028998167,-0.0044938275,826571
20131119,13:15:00.000,BBG000BR54L0,0.0003576466,-0.003283327,3489261
20131119,13:15:00.000,BBG000PX3XC0,-0.0062953886,-0.007717482,1847743
20131119,13:15:00.000,BBG001YMS0B8,0.005028454,0.00056740345,1300327
20131119,13:15:00.000,BBG000BD8PN9,-0.003512555,-0.0018103734,2557207
20131119,13:15:00.000,BBG000BRD0D8,0.004222236,0.0030532798,640959
20131119,13:15:00.000,BBG000BMDV41,-0.0017100092,-0.0073074866,1662230
20131119,13:15:00.000,BBG000BGVW60,0.0030997884,-0.00059104274,1422118
20131119,13:15:00.000,BBG000BKCFC2,-0.011653542,-0.013737393,2272224
20131119,13:15:00.000,BBG000BB9KF2,0.00046877086,-0.0051748077,1937717
20131119,13:15:00.000,BBG000C0MF34,-0.006350563,-0.0075420635,234503
20131119,13:15:00.000,BBG000BZ2GG4,-0.0022139035,-0.01178689,1093683
20131119,13:15:00.000,BBG000C0LW92,0.034881145,0.034557346,7042579
20131119,13:15:00.000,BBG000BMW2Z0,-0.0007017984,-0.00041625102,1043134
20131119,13:15:00.000,BBG000F0KF42,-0.004106566,-0.012679233,1421923
20131119,13:15:00.000,BBG000BX3TD3,-0.0056935423,-0.012174767,3022112
20131119,13:15:00.000,BBG000QX74T1,0.006181901,0.0038241446,163764
20131119,13:15:00.000,BBG000BWJFZ4,-0.007272977,-0.00841243,259579
20131119,13:15:00.000,BBG000BKFBD7,-0.002731981,-0.00042287933,944275
20131119,13:15:00.000,BBG000JWD753,-0.0018760427,-0.0109498575,1737800
20131119,13:15:00.000,BBG000M65M61,0.060893536,0.06637382,6779132
20131119,13:15:00.000,BBG000MBDGM6,-0.007229711,-0.011142749,252450
20131119,13:15:00.000,BBG000BBVJZ8,0.0073519163,0.008611576,1291536
20131119,13:15:00.000,BBG000BV8DN6,0.009109006,0.009039359,2298658
20131119,13:15:00.000,BBG000BH2JM1,0.008153134,0.004226788,3590926
20131119,13:15:00.000,BBG000BGJRC8,-0.0075179725,-0.017257348,3208269
20131119,13:15:00.000,BBG000QBR5J5,-0.001379247,-0.00077111885,1233971
20131119,13:15:00.000,BBG000BSLZY7,0.0057062907,0.0061421837,4472958
20131119,13:15:00.000,BBG000BJSBJ0,-0.011550374,-0.01802671,2556165
20131119,13:15:00.000,BBG000BJ81C1,-6.6266925e-06,-0.00039738498,530252
20131119,13:15:00.000,BBG000BFL116,-0.019204292,-0.036267973,2556023
20131119,13:15:00.000,BBG000HCJMF9,0.001944768,0.004229858,970954
20131119,13:15:00.000,BBG000FV1Z23,0.0018882649,-0.01133693,535030
20131119,13:15:00.000,BBG000BBDV81,0.0041235927,0.0027267714,951078
20131119,13:15:00.000,BBG000FJLFX8,-0.005057794,-0.0044012098,1397046
20131119,13:15:00.000,BBG000J6XT05,-0.008841272,-0.013906159,3358466
20131119,13:15:00.000,BBG000BCWCG1,-0.08246781,-0.08954183,20530874
20131119,13:15:00.000,BBG000BJPDZ1,-0.0026065907,0.000979205,93004
20131119,13:15:00.000,BBG000BPQD31,-0.0021609825,-0.0019140226,1620207
20131119,13:15:00.000,BBG000C734W3,-0.007188406,-0.010845202,307664
20131119,13:15:00.000,BBG000C3GN47,0.009271207,0.008213323,2136761
20131119,13:15:00.000,BBG000BFRF55,0.025451494,0.014906258,4356039
20131119,13:15:00.000,BBG000BGPTV6,-0.00093723706,-0.012957982,493311
20131119,13:15:00.000,BBG000BM5SR2,0.008770433,0.0065136724,2005346
20131119,13:15:00.000,BBG000BN5HF7,-0.0044101942,-0.006228856,1856113
20131119,13:15:00.000,BBG000BBD070,0.0015615551,-0.0022576647,1029835
20131119,13:15:00.000,BBG000BVPPM1,0.022888219,0.019860875,2743639
20131119,13:15:00.000,BBG000DYGNW7,-0.0014223792,-0.0019205922,521273
20131119,13:15:00.000,BBG000BCG930,0.022653932,0.024719333,2209983
20131119,13:15:00.000,BBG000BHGDH5,-0.0025069294,-0.0079666935,1203558
20131119,13:15:00.000,BBG000BJ3PD2,-0.0043028276,-0.011376681,959943
20131119,13:15:00.000,BBG000BFQYY3,0.0016738706,0.0010743154,923539
20131119,13:15:00.000,BBG000BY29C7,0.0019618692,-0.00055510405,1107328
20131119,13:15:00.000,BBG000C1BW00,0.009656025,0.0080147255,385531
20131119,13:15:00.000,BBG000BD4VG8,0.007741298,-0.0015703108,1411155
20131119,13:15:00.000,BBG000BHQ1H0,0.006439104,0.0068022944,1315976
20131119,13:15:00.000,BBG000BB5006,-0.0012047736,-0.009363269,1273040
20131119,13:15:00.000,BBG000BKFZM4,0.007143358,0.004170318,4383472
20131119,13:15:00.000,BBG000BWVCP8,-0.00218504,-0.0070850626,2540365
20131119,13:15:00.000,BBG000FH8PX5,-0.0115677975,-0.01187398,579490
20131119,13:15:00.000,BBG000BHX7N2,0.003390807,-0.0016275429,844942
20131119,13:15:00.000,BBG000WCFV84,-0.0065548914,-0.010320641,1395168
20131119,13:15:00.000,BBG000BBPFB9,0.011194916,0.0011923381,5283804
20131119,13:15:00.000,BBG000FL1TC8,0.0067837313,0.0049189096,1721532
20131119,13:15:00.000,BBG000F6H8W8,0.0029050002,0.0017026427,574521
20131119,13:15:00.000,BBG000BGKTF9,-0.0050747567,-0.0020167485,1275197
20131119,13:15:00.000,BBG000C8H633,0.0091969045,0.011501052,3411282
20131119,13:15:00.000,BBG000H89QJ6,0.005324669,0.0017286461,1304434
20131119,13:15:00.000,BBG0014GG205,-0.015867207,-0.025248012,6184662
20131119,13:15:00.000,BBG000BFXHL6,-0.013399605,-0.016727498,1415101
20131119,13:15:00.000,BBG000BH3GZ2,0.0044255476,0.0046985396,1189849
20131119,13:15:00.000,BBG000BT9DW0,0.0008889755,-0.0040141726,3327544
20131119,13:15:00.000,BBG000FP1N32,0.005883293,0.0004935198,1422280
20131119,13:15:00.000,BBG000FNRZ69,0.0026175708,-0.009813848,2573502
20131119,13:15:00.000,BBG000D42FJ0,-0.047596935,-0.06151481,6238551
20131119,13:15:00.000,BBG00286S4N9,0.0151855135,0.015693549,1439647
20131119,13:15:00.000,BBG0025Y4RY4,-0.0033315876,-0.0050124247,1771756
20131119,13:15:00.000,BBG000BFDXW1,0.0023688183,-0.009390472,4600166
20131119,13:15:00.000,BBG0029SNR63,-0.00022152487,-0.0057448386,1444633
20131119,13:15:00.000,BBG000G2R6M0,0.0039815176,0.0024823442,2999508
20131119,13:15:00.000,BBG000BCVJ77,-0.0010905655,0.0029058687,2056029
20131119,13:15:00.000,BBG000BL4504,0.00092138577,-0.0035405846,7189058
20131119,13:15:00.000,BBG000BC2C10,0.004619877,0.008369366,1448251
20131119,13:15:00.000,BBG000B9WH86,0.024069084,0.01900466,16354731
20131119,13:15:00.000,BBG000BJX8C8,0.001159958,-0.004733355,1843580
20131119,13:15:00.000,BBG000H556T9,0.001987488,-0.0009630593,727711
20131119,13:15:00.000,BBG000C496P7,-0.0043389355,-0.010400365,1412105
20131119,13:15:00.000,BBG000FG3C43,0.0008013533,-0.009604263,1758657
20131119,13:15:00.000,BBG000BNWG87,-0.009973833,-0.0065188515,2884651
20131119,13:15:00.000,BBG000BNBDC2,-0.005171851,-0.0019594464,1728306
20131119,13:15:00.000,BBG000BJ98Z0,-0.012767219,-0.022628361,1630254
20131119,13:15:00.000,BBG000Q2HM09,0.0026154635,-0.0075271246,2153333
20131119,13:15:00.000,BBG000D9D830,0.001975867,0.0021646167,1177887
20131119,13:15:00.000,BBG000CJZ2W6,-0.018405812,-0.024743836,1875800
20131119,13:15:00.000,BBG000BH13K9,-0.0030397738,-0.0032413974,1670683
20131119,13:15:00.000,BBG000C46HM9,-0.0067262654,-0.0041603153,1808750
20131119,13:15:00.000,BBG000BWXBC2,0.00064484496,-5.423078e-07,2100934
20131119,13:15:00.000,BBG000BN2DC2,-0.022394834,-0.03261607,10158377
20131119,13:15:00.000,BBG000BTZQC4,0.0051716315,0.0027727552,3707279
20131119,13:15:00.000,BBG001DCCGR8,0.027147086,0.024934039,2417495
20131119,13:15:00.000,BBG000BB6KF5,-0.002640671,-0.000766427,3140488
20131119,13:15:00.000,BBG000DHSPT0,0.0024535244,0.0008174673,1653176
20131119,13:15:00.000,BBG000F0PF65,-0.0021140997,-0.0034415226,1670117
20131119,13:15:00.000,BBG000BH1NH9,-0.0083073685,-0.011536034,2967597
20131119,13:15:00.000,BBG000BVV7G1,0.004174835,-0.004947414,1700732
20131119,13:15:00.000,BBG000BPWXK1,0.0033979013,0.0029604088,2606280
20131119,13:15:00.000,BBG000BJF1Z8,-0.005572322,-0.015131221,1387168
20131119,13:15:00.000,BBG000BXRPH1,-0.00906624,-0.012605086,1594377
20131119,13:15:00.000,BBG000BC40Y8,0.0011182848,0.0017148039,1143479
20131119,13:15:00.000,BBG000BBGGQ1,0.005306843,0.0032617042,3961712
20131119,13:15:00.000,BBG000C17X76,0.019033989,0.018443242,729978
20131119,13:15:00.000,BBG000BP6LJ8,-0.004634361,-0.006836052,2991363
20131119,13:15:00.000,BBG000B9ZXB4,0.01576427,0.017393325,4853478
20131119,13:15:00.000,BBG000BMF5J0,0.0049535753,0.0034468814,13800407
20131119,13:15:00.000,BBG000C5HS04,-0.0071071433,-0.009289319,1592326
20131119,13:15:00.000,BBG000BLZRJ2,0.0033128327,0.005605994,5070627
20131119,13:15:00.000,BBG000L9CV04,0.0038702276,-0.0048369477,1190804
20131119,13:15:00.000,BBG000BWLMJ4,-0.0168296,-0.017300587,2524185
20131119,13:15:00.000,BBG000D4LWF6,0.0003686972,-0.005005836,2559414
20131119,13:15:00.000,BBG000BCQZS4,-7.154356e-05,0.0023078066,1400485
20131119,13:15:00.000,BBG000H8TVT2,0.0016048861,0.005717048,1608262
20131119,13:15:00.000,BBG000FFDM15,0.0077248,0.009654255,3997617
20131119,13:15:00.000,BBG000BFWKC0,-0.008718737,-0.006634634,1350731
20131119,13:15:00.000,BBG000BP52R2,0.0021424135,0.0012682972,1025426
20131119,13:15:00.000,BBG000C15T95,0.004326778,-0.0029225464,2157894
20131119,13:15:00.000,BBG000BZ9223,-0.007076236,-0.0069117807,659355
20131119,13:15:00.000,BBG000BHBK84,0.0015356097,-0.0037632673,2575484
20131119,13:15:00.000,BBG000CTQBF3,-4.2872594e-05,-0.0008067924,1907425
20131119,13:15:00.000,BBG000BW8S60,0.0014538482,-0.0006416424,803725
20131119,13:15:00.000,BBG000BB07P9,0.0060321465,0.0039633764,5601552
20131119,13:15:00.000,BBG000CH5208,-0.005761608,-0.00516166,1760309
20131119,13:15:00.000,BBG000BW3299,-0.0003930663,-0.009261029,822689
20131119,13:15:00.000,BBG000DQLV23,0.00031766976,0.0011555464,2216652
20131119,13:15:00.000,BBG000DWYF03,-0.004681929,-0.0071099135,3973771
20131119,13:15:00.000,BBG000BGRY34,-0.0037999973,-0.0013753246,2022404
20131119,13:15:00.000,BBG000F1ZSQ2,-0.0058241826,-0.005412156,137935
20131119,13:15:00.000,BBG000BQQ2S6,-0.0064894715,-0.0042224075,1240674
20131119,13:15:00.000,BBG000KHWT55,0.0114585655,0.005999169,6632997
20131119,13:15:00.000,BBG000BNDN65,-0.0015805766,-0.0035364581,6288204
20131119,13:15:00.000,BBG000R7Z112,-0.002520883,0.003911099,6467968
20131119,13:15:00.000,BBG000BQQH30,-0.0076404405,-0.0020736335,4125383
20131119,13:15:00.000,BBG000BBS2Y0,-0.007995074,-0.0061620516,1054780
20131119,13:15:00.000,BBG000J2XL74,0.0019292338,-0.0032729357,1539928
20131119,13:15:00.000,BBG000BJDB15,-0.0032411013,-0.0021927159,3542368
20131119,13:15:00.000,BBG000DWG505,0.0017849113,-0.001164269,1101569
20131119,13:15:00.000,BBG000DH7JK6,-0.0046143965,-0.008851093,2330406
20131119,13:15:00.000,BBG000BKTFN2,0.001746857,-0.0060735806,4056884
20131119,13:15:00.000,BBG000BF0K17,0.0027265279,-0.004878432,2400737
20131119,13:15:00.000,BBG000BFC8J2,0.0011568918,0.0015033102,1482443
20131119,13:15:00.000,BBG000BH4R78,-2.8656563e-05,-0.0025895366,2213373
20131119,13:15:00.000,BBG000NDYB67,-0.009868712,-0.015804715,9275447
20131119,13:15:00.000,BBG000C6CFJ5,0.0018576704,0.0076348386,1634755
20131119,13:15:00.000,BBG000BQLTW7,-0.0025054065,-0.005441736,7307351
20131119,13:15:00.000,BBG000BNSZP1,-0.00075462396,0.0039945194,1844162
20131119,13:15:00.000,BBG000BBDZG3,-0.008256286,-0.0024521744,3411447
20131119,13:15:00.000,BBG000BHVJJ3,-0.0005002227,-0.00376424,6462066
20131119,13:15:00.000,BBG000BFT2L4,0.0006736022,-0.00042166037,2914499
20131119,13:15:00.000,BBG000C43RR5,0.0017117496,0.0011527615,5511977
20131119,13:15:00.000,BBG000Q9HH23,0.008482682,0.0007883347,1071691
20131119,13:15:00.000,BBG000BCSST7,-0.0052940645,-0.008167775,2079464
20131119,13:15:00.000,BBG000BMX289,0.0008143038,-0.0032357774,5913166
20131119,13:15:00.000,BBG000GFFQN9,-0.005105905,-0.006860402,7344858
20131119,13:15:00.000,BBG000BT41Q8,0.0024766638,-0.00065166166,3273954
20131119,13:15:00.000,BBG000CKGBP2,0.0068719788,0.0059430827,3686053
20131119,13:15:00.000,BBG000BKZB36,0.010331899,0.0106036365,7804856
20131119,13:15:00.000,BBG000BLBVN4,-0.0011160482,-0.008026042,252349
20131119,13:15:00.000,BBG000PSKYX7,-0.011226568,-0.0107012205,1345340
20131119,13:15:00.000,BBG000BPD168,-0.007537194,-0.0033321383,3914088
20131119,13:15:00.000,BBG000HS77T5,0.0016746006,-0.0025608775,4395490
20131119,13:15:00.000,BBG000BVPV84,0.007500443,-0.0032092517,1057328
20131119,13:15:00.000,BBG000BR2TH3,-0.0040048053,-0.002956948,3548710
20131119,13:15:00.000,BBG000BQPC32,0.002200319,-0.0053020767,12923778
20131119,13:15:00.000,BBG000CGC1X8,0.0028349203,-0.0013893866,4678897
20131119,13:15:00.000,BBG000BMHYD1,0.00022791352,0.003925862,2684543
20131119,13:15:00.000,BBG000K4ND22,0.0045157843,0.009083284,2531546
20131119,13:15:00.000,BBG000C0G1D1,0.010147272,0.0028465227,14326544
20131119,13:15:00.000,BBG000C5Z1S3,0.006666014,-0.0036298826,30034468
20131119,13:15:00.000,BBG000BWQFY7,0.006455107,0.0057586706,5765786
20131119,13:15:00.000,BBG000BLNNH6,0.0010021222,0.0034959123,2383480
20131119,13:15:00.000,BBG000BR2B91,-0.010622288,-0.006871731,13295004
20131119,13:15:00.000,BBG000BSJK37,0.00031256836,-0.00028009896,6221843
20131119,13:15:00.000,BBG000C3J3C9,0.0014749891,-0.0014088345,32488552
20131119,13:15:00.000,BBG000BK6MB5,-0.004075297,-0.006248487,17393936
20131119,13:15:00.000,BBG000CL9VN6,0.0017505067,-0.008732854,1313110
20131119,13:15:00.000,BBG000GZQ728,-0.0016400645,-0.00031365643,6805234
20131119,13:15:00.000,BBG000DMBXR2,0.009167653,0.012021127,13415197
20131119,13:15:00.000,BBG000FY4S11,0.006986393,0.009056011,11843800
20131119,13:15:00.000,BBG000N9MNX3,0.037195586,0.027686689,13980347
20131119,13:15:00.000,BBG000BCTLF6,0.01665599,0.020100346,90100096
20131119,13:15:00.000,BBG000BPH459,0.0039641466,-1.3741695e-06,23965020
20131119,13:15:00.000,BBG000BHSKN9,-0.0052698236,-0.005320713,643216
20131119,13:15:00.000,BBG000MM2P62,0.012864557,0.009817116,44036036
20131119,13:15:00.000,BBG000B9XRY4,0.0040299557,0.0029589897,4580770
20131119,13:30:00.000,BBG000C221G9,-0.0019339098,-0.011662988,360726
20131119,13:30:00.000,BBG000D9H9F1,0.029762242,0.0281809,1507842
20131119,13:30:00.000,BBG000BJ5GK2,0.010069878,-0.0030013062,678568
20131119,13:30:00.000,BBG000BVVQQ8,0.0056867017,-0.003586402,978632
20131119,13:30:00.000,BBG000PTLGZ1,-0.0068311915,-0.015696164,259804
20131119,13:30:00.000,BBG000CGT2S4,0.001598222,0.00051595795,2538262
20131119,13:30:00.000,BBG000RKR4R8,-0.001561308,-0.010462224,5511053
20131119,13:30:00.000,BBG000BDWKC5,-0.0008734106,-0.0058398265,1033280
20131119,13:30:00.000,BBG000JB27Y9,-0.0024280485,-0.0005177952,641077
20131119,13:30:00.000,BBG000BLXZN1,-0.0056415554,-0.011716678,403244
20131119,13:30:00.000,BBG000BK5DP1,-0.0064382683,-0.014955898,1324175
20131119,13:30:00.000,BBG000FBR384,0.009335003,0.0036227542,439654
20131119,13:30:00.000,BBG000BCHG15,0.013623429,0.009307751,359774
20131119,13:30:00.000,BBG000BLHRS2,-0.0046983687,-0.009487659,340671
20131119,13:30:00.000,BBG000F80SZ5,-0.019148726,-0.04651227,5242118
20131119,13:30:00.000,BBG000BQ87N0,-0.0017281607,-0.009335856,476586
20131119,13:30:00.000,BBG000HW5GX3,0.0035922094,0.0018624004,1278165
20131119,13:30:00.000,BBG000BLMZK6,0.0013882796,-0.0079450365,472625
20131119,13:30:00.000,BBG000BND699,0.0014487457,-0.017242715,647638
20131119,13:30:00.000,BBG000BYWTX7,-0.011367447,-0.026096256,2903275
20131119,13:30:00.000,BBG000BGKHZ3,0.0035661834,-0.00036089224,401935
20131119,13:30:00.000,BBG000M1R011,0.019499663,-0.00019284066,1408891
20131119,13:30:00.000,BBG000BCJ161,-0.0026043782,-0.0020288178,1249515
20131119,13:30:00.000,BBG000DGPR66,-0.012970527,-0.015841248,638918
20131119,13:30:00.000,BBG000BV75B7,0.0022050901,-0.00381809,284139
20131119,13:30:00.000,BBG000BPZBB6,-0.00038208356,-0.006050915,436076
20131119,13:30:00.000,BBG000BL79J3,-0.00976886,-0.013624542,2950588
20131119,13:30:00.000,BBG000BP7JB0,-0.018044341,-0.031797495,2649475
20131119,13:30:00.000,BBG000BVB8Q0,-0.011407735,-0.013130813,1705594
20131119,13:30:00.000,BBG000TJM7F0,0.0022404478,-0.001438335,536804
20131119,13:30:00.000,BBG000BHQYG9,-0.003193288,-0.009895612,366993
20131119,13:30:00.000,BBG000BDDN94,0.00892876,-0.0037930799,170818
20131119,13:30:00.000,BBG000BWP7D9,0.004083974,-6.145439e-08,768652
20131119,13:30:00.000,BBG000F9KJN4,-0.015361103,-0.02689537,1948718
20131119,13:30:00.000,BBG000BWVSR1,-0.005157447,-0.0070335916,1407081
20131119,13:30:00.000,BBG000BHCP19,0.0029503936,-0.011048339,798561
20131119,13:30:00.000,BBG000BFDLV8,-0.009948141,-0.013417252,373604
20131119,13:30:00.000,BBG000BX8DC4,0.000851498,-0.0020170435,1225742
20131119,13:30:00.000,BBG000CPHYL4,-0.016976126,-0.032281622,897891
20131119,13:30:00.000,BBG000BCNYT9,0.007334239,-0.0017528532,2763977
20131119,13:30:00.000,BBG000VC0T95,0.015420403,0.00088248384,421124
20131119,13:30:00.000,BBG000PCQQL6,0.004141261,-0.005017158,752197
20131119,13:30:00.000,BBG000BQ74K1,0.0020357214,0.0028943652,784272
20131119,13:30:00.000,BBG000BJDPC2,0.012408209,0.013489156,767569
20131119,13:30:00.000,BBG000GPXKX9,0.0010091527,-0.0074144704,417220
20131119,13:30:00.000,BBG000BJ49H3,-0.00375763,-0.011700696,504088
20131119,13:30:00.000,BBG000PLXQQ3,-0.005643666,-0.009133609,322683
20131119,13:30:00.000,BBG000BQHGR6,0.0012191853,-0.006947221,489933
20131119,13:30:00.000,BBG000KLB4Q1,0.012118903,-0.0027620997,1298883
20131119,13:30:00.000,BBG000C3Y7J6,0.008476381,-0.00040989346,361632
20131119,13:30:00.000,BBG000FFH4P5,-0.00065232016,-0.011049526,379588
20131119,13:30:00.000,BBG000JBSJZ4,-0.0011252664,-0.00466869,818775
20131119,13:30:00.000,BBG000F86GP6,0.006403748,0.0022230376,370456
20131119,13:30:00.000,BBG000BQTMJ9,0.015417017,0.0072833886,1759255
20131119,13:30:00.000,BBG000RNTSX0,-0.0046085543,-0.013271793,145914
20131119,13:30:00.000,BBG000GZD660,0.0024217183,-0.0012622959,213813
20131119,13:30:00.000,BBG000D9DMK0,-0.00084826216,-0.00892827,279385
20131119,13:30:00.000,BBG003P9ZSL3,-0.007845332,-0.0064748353,195795
20131119,13:30:00.000,BBG000C37332,0.0090651065,-0.0013236705,410605
20131119,13:30:00.000,BBG000C1DHF5,0.013384413,-0.001805822,973814
20131119,13:30:00.000,BBG000FW8LZ9,0.0049206377,-0.004340194,980727
20131119,13:30:00.000,BBG000BCVMH9,0.0022309215,-0.0118472995,210569
20131119,13:30:00.000,BBG000BKQ3V3,0.00293685,-0.0051206565,764220
20131119,13:30:00.000,BBG000CXD6X9,0.009952615,0.00035051897,507884
20131119,13:30:00.000,BBG000BCYP43,0.0034833658,0.004966177,263044
20131119,13:30:00.000,BBG000PM7GJ0,-0.026066294,-0.039447747,7244887
20131119,13:30:00.000,BBG000C75N77,0.004227785,0.0006696656,349993
20131119,13:30:00.000,BBG000G8N9C6,-0.008230803,-0.0076023946,1037367
20131119,13:30:00.000,BBG000C90DH9,0.006444478,0.0023450837,2106195
20131119,13:30:00.000,BBG000C6F3T8,0.0074240332,-0.005345285,3550518
20131119,13:30:00.000,BBG000BFV115,-0.00032131886,-0.005113001,543694
20131119,13:30:00.000,BBG000C7B436,0.0010867794,-0.020633345,606640
20131119,13:30:00.000,BBG000BLCPY4,-0.004324599,-0.013831587,711644
20131119,13:30:00.000,BBG000BD3LM4,0.00044547778,-0.0098673785,2401441
20131119,13:30:00.000,BBG000BDY3Y7,-0.017985055,-0.029629417,2885747
20131119,13:30:00.000,BBG000BMZ7P7,-0.007159729,-0.025719903,322833
20131119,13:30:00.000,BBG000BBNYF6,-0.009017138,-0.0094992425,682258
20131119,13:30:00.000,BBG000BK6G19,0.0028065685,-0.0017155485,984114
20131119,13:30:00.000,BBG000BB29X4,-0.0022930773,-0.0064849774,448244
20131119,13:30:00.000,BBG000BB03M1,0.0081124725,-0.015928911,825822
20131119,13:30:00.000,BBG000BGD7W6,-0.0035337247,-0.011854664,1190064
20131119,13:30:00.000,BBG000C3NTN5,0.012905185,0.011658059,1927172
20131119,13:30:00.000,BBG000BHB3M6,-0.006049586,-0.013678568,274659
20131119,13:30:00.000,BBG000BBCQD7,-0.0067881253,-0.004983909,1016437
20131119,13:30:00.000,BBG000D14WM3,0.003509768,-0.0034593374,3828776
20131119,13:30:00.000,BBG000CVWGS6,-0.018291775,-0.025677739,4180175
20131119,13:30:00.000,BBG000BQSQ38,0.0053813583,0.0046044076,1321735
20131119,13:30:00.000,BBG000BPQVR5,-0.012129384,-0.016481683,392822
20131119,13:30:00.000,BBG000BCZYD3,-0.003608912,-0.0010171864,294433
20131119,13:30:00.000,BBG000FDBX90,-0.00028043293,-0.0072273123,767970
20131119,13:30:00.000,BBG000BQVTF5,0.0029904123,-0.009310531,511203
20131119,13:30:00.000,BBG001BPFT54,-0.07205192,-0.09603015,4986883
20131119,13:30:00.000,BBG000BHC2S1,-0.005851844,-0.0068458198,635443
20131119,13:30:00.000,BBG000DN7P92,0.004181784,0.005033699,563436
20131119,13:30:00.000,BBG000C060M4,-0.007695054,-0.011333519,148659
20131119,13:30:00.000,BBG000BHKYH4,-0.004319506,-0.006396697,279869
20131119,13:30:00.000,BBG000F6ZWH2,0.01337469,0.00904718,2475264
20131119,13:30:00.000,BBG000BFTJ91,0.002019391,-0.0014032096,498247
20131119,13:30:00.000,BBG000BD0TF8,-0.0015262034,-0.0037147338,719580
20131119,13:30:00.000,BBG000BP1Q11,0.011180143,0.0077544656,460124
20131119,13:30:00.000,BBG000D5S4M0,-0.0013603978,-0.011190616,214688
20131119,13:30:00.000,BBG000MQ1SN9,-0.008765849,-0.020244293,1155180
20131119,13:30:00.000,BBG000BKZTP3,0.002824808,-0.0033820672,609980
20131119,13:30:00.000,BBG000C0HQ54,-0.0020123902,-0.006132082,2172880
20131119,13:30:00.000,BBG000BP1152,0.01135656,-0.006232242,1449772
20131119,13:30:00.000,BBG000BN9WT5,0.005110082,-0.0073697055,988304
20131119,13:30:00.000,BBG000BBLK04,0.0025801759,-0.004182796,233348
20131119,13:30:00.000,BBG000NSQ9M0,0.0070022633,0.0043633576,3453659
20131119,13:30:00.000,BBG000BRXP69,-0.0068287165,-0.0071109794,293537
20131119,13:30:00.000,BBG000BGYWY6,0.0009246962,-0.0016064497,159908
20131119,13:30:00.000,BBG000BJ8YN7,-0.0022496986,-0.010556084,760362
20131119,13:30:00.000,BBG000BFVXX0,6.844201e-05,-0.0032550497,904344
20131119,13:30:00.000,BBG000BLM0V1,-0.009278123,-0.012489099,282242
20131119,13:30:00.000,BBG000BBCDZ2,0.0023566883,-0.003543987,253980
20131119,13:30:00.000,BBG000KBQZ88,-0.004451055,-0.015262356,775287
20131119,13:30:00.000,BBG000BWXL85,0.007649963,-0.0016119286,810931
20131119,13:30:00.000,BBG000BKXYX5,-0.012028642,-0.021518007,507445
20131119,13:30:00.000,BBG000D1QCF1,0.011881287,-0.004217997,879852
20131119,13:30:00.000,BBG000CKVSG8,-0.014383009,-0.02458421,1155346
20131119,13:30:00.000,BBG000BPYHJ6,0.04334361,0.03432888,1134710
20131119,13:30:00.000,BBG000BKWSR6,0.0004408847,-0.0033692191,6843820
20131119,13:30:00.000,BBG000BMTFR4,0.00019663406,-0.014152356,842686
20131119,13:30:00.000,BBG000C1FQS9,0.0019143665,-0.0039328914,448812
20131119,13:30:00.000,BBG000BR37X2,0.0011997776,-0.0025671865,1169433
20131119,13:30:00.000,BBG000BB6G37,-0.00021259737,-0.013360721,679770
20131119,13:30:00.000,BBG000CHPY97,0.009859432,0.010669613,4660744
20131119,13:30:00.000,BBG000BPXRB3,-0.027833257,-0.037397772,506664
20131119,13:30:00.000,BBG000BF5RY1,-0.0034219422,-0.009298268,894065
20131119,13:30:00.000,BBG000BNNKG9,0.023680022,0.015846342,2430174
20131119,13:30:00.000,BBG001NVJ6W4,-0.029368062,-0.042923085,1177742
20131119,13:30:00.000,BBG0035LY913,0.009027361,0.0091823,1330923
20131119,13:30:00.000,BBG000BMLWX8,0.0059154136,0.0011998209,1369364
20131119,13:30:00.000,BBG000BPNP00,0.0018783848,-0.011050939,1073683
20131119,13:30:00.000,BBG000DSMS70,-0.0051709786,-0.008304795,533443
20131119,13:30:00.000,BBG000D13GN8,-0.034403626,-0.04959859,1145719
20131119,13:30:00.000,BBG000BSC0K9,-0.0017051989,-0.0013446966,558216
20131119,13:30:00.000,BBG000MDCQC2,0.0029346822,-0.006506324,751141
20131119,13:30:00.000,BBG000BMKDM3,-0.0061814273,-0.009700823,641830
20131119,13:30:00.000,BBG000BF1R66,0.0027750114,-0.00042128033,202789
20131119,13:30:00.000,BBG000BJQWD2,-0.0018893388,-0.009402262,575662
20131119,13:30:00.000,BBG000C2ZCH8,0.0022437065,-0.003407144,396118
20131119,13:30:00.000,BBG000BP8Z50,-0.0063815587,-0.011006416,539842
20131119,13:30:00.000,BBG000FBK808,-0.013172971,-0.016710231,2964418
20131119,13:30:00.000,BBG000BXMFC3,0.008597681,-0.005838986,632526
20131119,13:30:00.000,BBG000BFNR17,0.00076955976,-0.0039256024,241592
20131119,13:30:00.000,BBG000RGM5P1,-0.0073288158,-0.018668888,1223022
20131119,13:30:00.000,BBG000BKR1D6,0.0015608863,-0.0025573275,170420
20131119,13:30:00.000,BBG000D7RKJ5,-0.0029665974,-0.00848605,643059
20131119,13:30:00.000,BBG000G6BN50,-0.00068504864,0.00020580103,257423
20131119,13:30:00.000,BBG000J1QLT0,0.0049487697,-0.0034668928,451881
20131119,13:30:00.000,BBG000BNFLM9,-0.006298509,-0.022508616,1060066
20131119,13:30:00.000,BBG000BTCH57,-0.010350392,-0.02138964,1915804
20131119,13:30:00.000,BBG000FLZN98,1.1548711e-06,-0.0031216885,288150
20131119,13:30:00.000,BBG000C4DPX1,0.0013384736,-0.014892007,487461
20131119,13:30:00.000,BBG000BQ8KV2,0.0038229849,-0.0013208117,496934
20131119,13:30:00.000,BBG000BPMH90,0.001102131,-0.00039681265,738115
20131119,13:30:00.000,BBG000K14Q84,-0.00033332722,-0.015791018,338253
20131119,13:30:00.000,BBG000BC9938,0.006888615,-0.0023646075,611375
20131119,13:30:00.000,BBG000QFJ7H3,-0.0011536242,-0.011277908,1995849
20131119,13:30:00.000,BBG000BTQR96,-0.0014283098,-0.009004139,490705
20131119,13:30:00.000,BBG000CHWP52,0.0013225597,-0.0028099027,508366
20131119,13:30:00.000,BBG000D8RG11,0.00685047,0.0011056259,1115866
20131119,13:30:00.000,BBG000BS9489,-0.0013787384,-0.0037892705,457912
20131119,13:30:00.000,BBG000CKJ0P3,-0.010857033,-0.00039707415,330647
20131119,13:30:00.000,BBG000BWCKB6,-1.2762923e-05,-0.005744901,210928
20131119,13:30:00.000,BBG000BVWLJ6,-0.0003947535,-0.0046531013,1209766
20131119,13:30:00.000,BBG000BXM6V2,-0.0072009116,-0.017240487,479320
20131119,13:30:00.000,BBG000D9KWL9,-0.000991929,-0.004352073,204569
20131119,13:30:00.000,BBG000BKNX95,0.0013702717,-0.008381868,981737
20131119,13:30:00.000,BBG000J5Q6L2,0.025663989,0.019303752,4600595
20131119,13:30:00.000,BBG000QN4GY3,-0.009708623,-0.01767101,722641
20131119,13:30:00.000,BBG000BCTQ65,0.0025335634,-0.003843763,1577317
20131119,13:30:00.000,BBG000BNNYW1,-0.0009808122,-0.006731098,658002
20131119,13:30:00.000,BBG003641015,0.008856582,0.008532228,1011974
20131119,13:30:00.000,BBG000D6L294,-0.009462618,-0.014132158,960465
20131119,13:30:00.000,BBG000BSBZH7,0.002905923,0.0004329289,596906
20131119,13:30:00.000,BBG000BNC3Y9,-0.004667378,-0.0071712453,976122
20131119,13:30:00.000,BBG000F15NW9,-3.1285857e-05,3.6573323e-07,812915
20131119,13:30:00.000,BBG000R0L5J4,0.0006820022,-0.0046170284,1847572
20131119,13:30:00.000,BBG000BVMPN3,-0.0037561678,-0.0028735655,367447
20131119,13:30:00.000,BBG000BB5BF6,-0.021630567,-0.029709127,1661171
20131119,13:30:00.000,BBG000BR3KL6,-0.006010684,-0.0141113335,373712
20131119,13:30:00.000,BBG000BNGTQ7,-0.0029808234,-0.0063003264,987247
20131119,13:30:00.000,BBG000BHZ5J9,0.0074049938,0.0017834806,744743
20131119,13:30:00.000,BBG000BN84F3,-0.001355424,-0.008567251,743300
20131119,13:30:00.000,BBG000BBJQV0,-0.0014541001,-0.013705065,2391680
20131119,13:30:00.000,BBG000BB1TH9,-0.00029095082,-0.016399248,575052
20131119,13:30:00.000,BBG000BFS7D3,-0.004136274,-0.0042657764,451118
20131119,13:30:00.000,BBG000BR14K5,0.005136424,0.0012196443,494711
20131119,13:30:00.000,BBG000BPVCR1,0.03716681,0.029413221,1128251
20131119,13:30:00.000,BBG000BKLH74,-0.0042225937,-0.00846347,1820979
20131119,13:30:00.000,BBG002S5ZRF9,-0.048966154,-0.06640951,1508277
20131119,13:30:00.000,BBG000BKPL53,-0.00066935277,0.0020650194,324830
20131119,13:30:00.000,BBG000DY8ZS4,-0.016921451,-0.03174628,3959820
20131119,13:30:00.000,BBG000DNTSP4,-0.0007781941,-0.0058551994,1025173
20131119,13:30:00.000,BBG000BM6788,0.0017362578,-0.005992975,1795232
20131119,13:30:00.000,BBG000G3QLY3,0.0046529337,0.0003334298,423891
20131119,13:30:00.000,BBG000BLKK03,-0.006378079,-0.0066418056,1420083
20131119,13:30:00.000,BBG000BP0KQ8,-0.028481208,-0.037735965,3184669
20131119,13:30:00.000,BBG000C7LMS8,0.010924475,0.010378317,110493
20131119,13:30:00.000,BBG000JBN3X6,-0.009122119,-0.0022536349,6494517
20131119,13:30:00.000,BBG000QW7VC1,-0.008778889,-0.022001835,2706286
20131119,13:30:00.000,BBG000C2YHG9,-0.011005752,-0.017004495,1126717
20131119,13:30:00.000,BBG000BVHBM1,0.0039608707,0.00030085476,1157641
20131119,13:30:00.000,BBG000FKJRC5,0.00034446424,-0.004185206,421688
20131119,13:30:00.000,BBG000BP4MH0,-0.0007653336,-0.0033847434,1060034
20131119,13:30:00.000,BBG000BSXQV7,0.003518387,0.0001350887,174814
20131119,13:30:00.000,BBG000BY33P5,-0.0033376222,-0.012757883,11116673
20131119,13:30:00.000,BBG000BNJHS8,-0.0031626374,0.005515042,4253136
20131119,13:30:00.000,BBG000BB5373,0.00900044,-0.00059712655,4166683
20131119,13:30:00.000,BBG000CSY9H9,0.001687249,0.00019414265,517032
20131119,13:30:00.000,BBG000BQWPC5,0.0030226635,0.0009761916,1193079
20131119,13:30:00.000,BBG000BQZMH4,-0.0063548633,-0.009958042,1580134
20131119,13:30:00.000,BBG000BC4JJ4,0.0063014925,-0.0005912012,422765
20131119,13:30:00.000,BBG001QD41M9,-0.004312248,-0.011703337,1126658
20131119,13:30:00.000,BBG000BHLYS1,-0.007570767,-0.008415408,733184
20131119,13:30:00.000,BBG000HG21Y3,0.02857938,0.015189715,526698
20131119,13:30:00.000,BBG000BHLYP4,0.00647522,0.010280019,910400
20131119,13:30:00.000,BBG000DLFM21,-0.002670647,-0.008802019,334966
20131119,13:30:00.000,BBG000H9G7X2,0.00825583,0.005021796,1285155
20131119,13:30:00.000,BBG000BRRG02,0.002561863,-0.0044295173,150614
20131119,13:30:00.000,BBG000BBMSJ6,-0.026650887,-0.04280259,6052740
20131119,13:30:00.000,BBG000MM5VL9,-0.013514345,-0.02491983,665901
20131119,13:30:00.000,BBG000C2V3D6,-0.0065444657,-0.0047173966,1412227
20131119,13:30:00.000,BBG000G30YX4,-0.024105033,-0.027486317,386695
20131119,13:30:00.000,BBG000JN8R00,-0.00018889629,-0.009245522,3313733
20131119,13:30:00.000,BBG000C2PW58,-0.0020181905,-0.006251,183757
20131119,13:30:00.000,BBG000CGQ6M4,0.004355304,-0.00031650002,373517
20131119,13:30:00.000,BBG000BCBCM7,0.015686484,0.003228957,7005321
20131119,13:30:00.000,BBG000C3HSR0,-0.013560211,-0.0257455,1135046
20131119,13:30:00.000,BBG000BG09F5,-0.0015065825,-0.009494939,1044597
20131119,13:30:00.000,BBG000BDXGP9,0.001134059,-0.0027610408,1165869
20131119,13:30:00.000,BBG000BTVJ25,-0.0022216067,-0.0050540445,1192408
20131119,13:30:00.000,BBG000BTKGG8,-0.0038924778,-0.007785205,1986812
20131119,13:30:00.000,BBG000BLW530,-0.007852795,-0.01624828,992368
20131119,13:30:00.000,BBG000BY2Y78,-0.0027873719,-0.0056358157,1417269
20131119,13:30:00.000,BBG000BJ2VQ6,0.0049818372,-0.001797795,595336
20131119,13:30:00.000,BBG0039320N9,-0.011101735,-0.012652137,1681804
20131119,13:30:00.000,BBG000BRJ809,0.00070843863,-0.0014349057,123521
20131119,13:30:00.000,BBG000TWC2V5,0.010439979,0.0037495424,1491510
20131119,13:30:00.000,BBG0019JZ882,-0.005539733,-0.00982408,2703644
20131119,13:30:00.000,BBG000BF6LY3,0.0028079117,-0.0028027922,2347797
20131119,13:30:00.000,BBG000BYYLS8,0.00011966024,-0.00059168966,1434968
20131119,13:30:00.000,BBG000BRWGG9,-0.007563778,-0.017391084,8982930
20131119,13:30:00.000,BBG000FW00S1,0.0052849716,-0.008262218,2920881
20131119,13:30:00.000,BBG000BK67C7,0.0068859844,0.0026319125,903376
20131119,13:30:00.000,BBG000FVXD63,0.017198874,0.01368772,998792
20131119,13:30:00.000,BBG000D2M0Z7,-0.007979996,-0.015964491,482000
20131119,13:30:00.000,BBG000BLBXT4,0.0016222788,-0.0069649722,473594
20131119,13:30:00.000,BBG000CS7CT9,-0.0015687913,0.0029796525,1542248
20131119,13:30:00.000,BBG000BFMBQ6,0.005862073,0.001843201,762518
20131119,13:30:00.000,BBG000BBBNC6,-0.013196767,-0.009268101,779460
20131119,13:30:00.000,BBG000G0Z878,-0.006327224,-0.011692262,2238332
20131119,13:30:00.000,BBG000CR90K4,-0.0047109453,-0.014598986,10795020
20131119,13:30:00.000,BBG000BQ2C28,-0.004314107,-0.0042953254,547974
20131119,13:30:00.000,BBG000BMBL90,-6.3430152e-06,-0.0039022022,813333
20131119,13:30:00.000,BBG000BX5ZF5,0.018349309,0.008118281,5797554
20131119,13:30:00.000,BBG000BPT0C6,-0.001616177,-0.0075838375,1243206
20131119,13:30:00.000,BBG000BMY992,0.013929616,0.0077341828,2189215
20131119,13:30:00.000,BBG000BL9JQ1,-0.00826435,-0.011578306,1531947
20131119,13:30:00.000,BBG000JG0547,0.031209465,0.031666964,4203567
20131119,13:30:00.000,BBG000BM7HL0,-0.010250171,-0.019849641,1700647
20131119,13:30:00.000,BBG000BRK7L6,0.0016253537,-0.0005621888,2334663
20131119,13:30:00.000,BBG000BMQPL1,8.190481e-05,-0.0031217888,6730379
20131119,13:30:00.000,BBG000C1FB75,,,711877
20131119,13:30:00.000,BBG000CZWZ05,0.0006023186,-0.00852424,0
20131119,13:30:00.000,BBG000R7RDB4,-0.0077955644,-0.01517519,769541
20131119,13:30:00.000,BBG000DTMH63,,,1716540
20131119,13:30:00.000,BBG000BTR593,0.021755835,0.019832712,2029413
20131119,13:30:00.000,BBG000BB6M98,-0.005904094,-0.011297725,3486979
20131119,13:30:00.000,BBG000C2BXK4,-0.0146755,-0.028058566,5379261
20131119,13:30:00.000,BBG000PVRDL2,-0.0021469453,-0.00787929,1861991
20131119,13:30:00.000,BBG000BVMGF2,-0.0035428274,-0.0061760778,688293
20131119,13:30:00.000,BBG000BCGY17,0.0028152426,-0.0028298378,1097358
20131119,13:30:00.000,BBG000CNFQW6,-0.0043163486,-0.006041167,400227
20131119,13:30:00.000,BBG000BSD7C2,-9.618265e-05,-0.0019259459,700241
20131119,13:30:00.000,BBG000FQ6PY6,-0.008828135,-0.011812326,1278691
20131119,13:30:00.000,BBG000BC15S7,-0.0020061373,-0.0075750165,866673
20131119,13:30:00.000,BBG000BVDLH9,-0.0019139377,-0.0029770713,508109
20131119,13:30:00.000,BBG000GC80B4,-0.0019924613,-0.00015015269,859801
20131119,13:30:00.000,BBG000C0F570,-0.005302943,-0.01873272,2167395
20131119,13:30:00.000,BBG000D898T9,-0.0004545263,-0.003089203,1205445
20131119,13:30:00.000,BBG000BG14P4,0.007019123,-0.017244747,1442973
20131119,13:30:00.000,BBG000DQTXY6,-0.001807573,-0.006216577,2379729
20131119,13:30:00.000,BBG000C1S2X2,0.019774275,0.010614289,1019969
20131119,13:30:00.000,BBG000BWSV34,-0.006577696,-0.011390369,617648
20131119,13:30:00.000,BBG000H0QBS7,-0.000651623,-0.008576454,388195
20131119,13:30:00.000,BBG000BWNFZ9,-0.0005635793,-0.013400075,820898
20131119,13:30:00.000,BBG000BS0ZF1,0.00090668316,-0.001906905,275532
20131119,13:30:00.000,BBG000CPQZ77,-0.0077632633,-0.01903342,2002750
20131119,13:30:00.000,BBG001M8HHB7,0.019255737,0.0020008031,774812
20131119,13:30:00.000,BBG000BH5DV1,0.00033666292,-0.002928945,658242
20131119,13:30:00.000,BBG000NV1KK7,0.0041991374,0.005945259,1371495
20131119,13:30:00.000,BBG000DKCC19,0.04546072,0.041135058,4471803
20131119,13:30:00.000,BBG000CXYSZ6,-0.021241447,-0.032402307,1113069
20131119,13:30:00.000,BBG000BGLRN3,-0.0031670134,-0.0059013483,2121512
20131119,13:30:00.000,BBG000QRKJ70,-0.03416286,-0.05760917,13895208
20131119,13:30:00.000,BBG000BQ5DS5,-0.00058640994,-0.013069225,563621
20131119,13:30:00.000,BBG000BV7LP7,0.015992131,0.008170508,2453143
20131119,13:30:00.000,BBG000BH5LT6,-0.008830904,-0.011809337,2172190
20131119,13:30:00.000,BBG000R8ZVD1,0.00622409,-0.005158943,889211
20131119,13:30:00.000,BBG000BRJL00,-0.0057964553,-0.011005081,1424344
20131119,13:30:00.000,BBG000BB6WG8,0.008060911,0.0031765543,2561728
20131119,13:30:00.000,BBG000BJL3N0,0.0018896433,-0.0005002131,2843655
20131119,13:30:00.000,BBG000QY3XZ2,0.009872268,-0.002955248,972379
20131119,13:30:00.000,BBG000LD9JQ8,-0.012384221,-0.023103172,1146173
20131119,13:30:00.000,BBG000Q3JN03,-0.0038739683,-0.008276296,7121911
20131119,13:30:00.000,BBG000BH3JF8,-0.0024073343,-0.006103537,879063
20131119,13:30:00.000,BBG000BR54L0,0.001918348,-0.0054721357,3738974
20131119,13:30:00.000,BBG000PX3XC0,-0.0085105095,-0.013647999,1885039
20131119,13:30:00.000,BBG001YMS0B8,0.0050235214,-0.0003769405,1370625
20131119,13:30:00.000,BBG000BD8PN9,-0.0030447643,-0.0033193585,2750357
20131119,13:30:00.000,BBG000BRD0D8,0.002863041,0.00026492577,723411
20131119,13:30:00.000,BBG000BMDV41,-0.0013472283,-0.008728475,1736555
20131119,13:30:00.000,BBG000BGVW60,0.0030034739,-0.0016235826,1447478
20131119,13:30:00.000,BBG000BKCFC2,-0.010925476,-0.013933402,2340083
20131119,13:30:00.000,BBG000BB9KF2,-0.00036310966,-0.006002938,1989278
20131119,13:30:00.000,BBG000C0MF34,-0.0059793806,-0.009085626,244619
20131119,13:30:00.000,BBG000BZ2GG4,-0.0029576614,-0.0155951055,1184808
20131119,13:30:00.000,BBG000C0LW92,0.034745328,0.0319655,7403109
20131119,13:30:00.000,BBG000BMW2Z0,-0.0011433705,-0.0012959201,1076632
20131119,13:30:00.000,BBG000F0KF42,-0.0052160583,-0.016493231,1501358
20131119,13:30:00.000,BBG000BX3TD3,-0.0034292538,-0.0145371165,3245621
20131119,13:30:00.000,BBG000QX74T1,0.0076393303,0.001925828,172392
20131119,13:30:00.000,BBG000BWJFZ4,-0.0071995175,-0.009660334,269357
20131119,13:30:00.000,BBG000BKFBD7,-0.0021911287,-0.0018316746,998093
20131119,13:30:00.000,BBG000JWD753,-0.003466706,-0.015400507,1870538
20131119,13:30:00.000,BBG000M65M61,0.054537266,0.055242997,7185732
20131119,13:30:00.000,BBG000MBDGM6,-0.008002304,-0.013974004,279017
20131119,13:30:00.000,BBG000BBVJZ8,0.0077307415,0.006187054,1393781
20131119,13:30:00.000,BBG000BV8DN6,0.011149847,0.00943939,2378942
20131119,13:30:00.000,BBG000BH2JM1,0.008338646,0.0033813769,3693623
20131119,13:30:00.000,BBG000BGJRC8,-0.0060713636,-0.017257446,3340678
20131119,13:30:00.000,BBG000QBR5J5,-0.0018038234,-0.0029856511,1279854
20131119,13:30:00.000,BBG000BSLZY7,0.007838747,0.0053235474,6052291
20131119,13:30:00.000,BBG000BJSBJ0,-0.01159618,-0.018812831,2603385
20131119,13:30:00.000,BBG000BJ81C1,-0.001192187,-0.0020421075,556394
20131119,13:30:00.000,BBG000BFL116,-0.02037377,-0.042153433,2730495
20131119,13:30:00.000,BBG000HCJMF9,0.0027807488,0.0026511368,1010485
20131119,13:30:00.000,BBG000FV1Z23,0.0020776014,-0.012385457,598615
20131119,13:30:00.000,BBG000BBDV81,0.0032967099,4.0899633e-07,1021234
20131119,13:30:00.000,BBG000FJLFX8,-0.004028713,-0.005559347,1518556
20131119,13:30:00.000,BBG000J6XT05,-0.0074981083,-0.012479811,3527941
20131119,13:30:00.000,BBG000BCWCG1,-0.08116122,-0.09160817,21119986
20131119,13:30:00.000,BBG000BJPDZ1,-0.0034780735,-0.000725052,96630
20131119,13:30:00.000,BBG000BPQD31,0.0011168132,0.00023901377,1949647
20131119,13:30:00.000,BBG000C734W3,-0.0040323497,-0.01133729,322546
20131119,13:30:00.000,BBG000C3GN47,0.00936894,0.004867312,2248773
20131119,13:30:00.000,BBG000BFRF55,0.017970312,0.0029083602,4719347
20131119,13:30:00.000,BBG000BGPTV6,-0.0020250871,-0.017390953,545965
20131119,13:30:00.000,BBG000BM5SR2,0.008268144,0.0037534905,2113673
20131119,13:30:00.000,BBG000BN5HF7,-0.005739744,-0.01100942,2037866
20131119,13:30:00.000,BBG000BBD070,0.0015031585,-0.00512633,1062835
20131119,13:30:00.000,BBG000BVPPM1,0.024354858,0.018506689,2926395
20131119,13:30:00.000,BBG000DYGNW7,-0.0006753303,-0.0028649578,540579
20131119,13:30:00.000,BBG000BCG930,0.02144013,0.02145651,2308752
20131119,13:30:00.000,BBG000BHGDH5,-0.0019497932,-0.0077571017,1257162
20131119,13:30:00.000,BBG000BJ3PD2,-0.0026945747,-0.012972174,1072508
20131119,13:30:00.000,BBG000BFQYY3,0.001360886,0.00015380852,997756
20131119,13:30:00.000,BBG000BY29C7,0.0020714153,-0.0026835117,1173552
20131119,13:30:00.000,BBG000C1BW00,0.0109203,0.007905863,455077
20131119,13:30:00.000,BBG000BD4VG8,0.0076281102,-0.005058579,1519342
20131119,13:30:00.000,BBG000BHQ1H0,0.007385779,0.0066992408,1397034
20131119,13:30:00.000,BBG000BB5006,-0.0022176483,-0.012719825,1404179
20131119,13:30:00.000,BBG000BKFZM4,0.007427591,0.0023831183,4572964
20131119,13:30:00.000,BBG000BWVCP8,-0.0029054799,-0.010202574,2830113
20131119,13:30:00.000,BBG000FH8PX5,-0.012633201,-0.014635237,619102
20131119,13:30:00.000,BBG000BHX7N2,0.0044071935,-0.0038462342,894989
20131119,13:30:00.000,BBG000WCFV84,-0.0053595696,-0.011403777,1570618
20131119,13:30:00.000,BBG000BBPFB9,0.010158434,-0.0035540923,5538945
20131119,13:30:00.000,BBG000FL1TC8,0.0061513637,0.0033815084,1800448
20131119,13:30:00.000,BBG000F6H8W8,0.0039384672,0.00081070885,616399
20131119,13:30:00.000,BBG000BGKTF9,-0.0034773143,-0.0019447067,1377896
20131119,13:30:00.000,BBG000C8H633,0.0092979055,0.009584016,3536238
20131119,13:30:00.000,BBG000H89QJ6,0.006847809,0.0017698954,1329886
20131119,13:30:00.000,BBG0014GG205,-0.013911925,-0.02996096,6533483
20131119,13:30:00.000,BBG000BFXHL6,-0.014572677,-0.019928321,1516794
20131119,13:30:00.000,BBG000BH3GZ2,0.0057011554,0.00442599,1239575
20131119,13:30:00.000,BBG000BT9DW0,0.0008832225,-0.004250186,3397659
20131119,13:30:00.000,BBG000FP1N32,0.0060127876,-0.0017245604,1527260
20131119,13:30:00.000,BBG000FNRZ69,0.0043308204,-0.010667103,2744900
20131119,13:30:00.000,BBG000D42FJ0,-0.058659103,-0.0775916,6793933
20131119,13:30:00.000,BBG00286S4N9,0.014816223,0.012644116,1505904
20131119,13:30:00.000,BBG0025Y4RY4,-0.0020545982,-0.0047056596,1885046
20131119,13:30:00.000,BBG000BFDXW1,0.0031362972,-0.01051709,4770049
20131119,13:30:00.000,BBG0029SNR63,-0.0024078044,-0.011860041,1589390
20131119,13:30:00.000,BBG000G2R6M0,0.004839192,0.001654983,3095293
20131119,13:30:00.000,BBG000BCVJ77,-0.00054364244,0.0033418569,2161416
20131119,13:30:00.000,BBG000BL4504,-0.00034599836,-0.0086537115,7377681
20131119,13:30:00.000,BBG000BC2C10,0.005720989,0.007825915,1518266
20131119,13:30:00.000,BBG000B9WH86,0.02089051,0.013415011,16862428
20131119,13:30:00.000,BBG000BJX8C8,0.0012819828,-0.0071896245,1901051
20131119,13:30:00.000,BBG000H556T9,0.0015801562,-0.0032863668,758868
20131119,13:30:00.000,BBG000C496P7,-0.0018077849,-0.010148817,1580289
20131119,13:30:00.000,BBG000FG3C43,0.0040352065,-0.010186216,1893187
20131119,13:30:00.000,BBG000BNWG87,-0.009730032,-0.006947724,3006331
20131119,13:30:00.000,BBG000BNBDC2,-0.0056409617,-0.0021554234,1823518
20131119,13:30:00.000,BBG000BJ98Z0,-0.015876671,-0.029014917,1730712
20131119,13:30:00.000,BBG000Q2HM09,0.00030214692,-0.016450964,2294965
20131119,13:30:00.000,BBG000D9D830,0.0018276491,0.0008274414,1235529
20131119,13:30:00.000,BBG000CJZ2W6,-0.017785994,-0.028857524,2030117
20131119,13:30:00.000,BBG000BH13K9,-0.0029040743,-0.004862353,1745092
20131119,13:30:00.000,BBG000C46HM9,-0.006507192,-0.004556465,1890439
20131119,13:30:00.000,BBG000BWXBC2,0.0003525056,-0.0011367213,2208720
20131119,13:30:00.000,BBG000BN2DC2,-0.021459693,-0.03522876,10545059
20131119,13:30:00.000,BBG000BTZQC4,0.0029435386,-0.0006155431,4169507
20131119,13:30:00.000,BBG001DCCGR8,0.028030245,0.022737846,2561820
20131119,13:30:00.000,BBG000BB6KF5,-0.00186711,-0.002107508,3313406
20131119,13:30:00.000,BBG000DHSPT0,0.002639766,-0.00037637644,1714179
20131119,13:30:00.000,BBG000F0PF65,-0.0026230372,-0.005536263,1766389
20131119,13:30:00.000,BBG000BH1NH9,-0.007332826,-0.012014138,3064117
20131119,13:30:00.000,BBG000BVV7G1,0.0038500712,-0.0070677088,1809157
20131119,13:30:00.000,BBG000BPWXK1,0.0026282067,0.0007402741,2704433
20131119,13:30:00.000,BBG000BJF1Z8,-0.007733057,-0.018485444,1441039
20131119,13:30:00.000,BBG000BXRPH1,-0.00651958,-0.014835805,1673711
20131119,13:30:00.000,BBG000BC40Y8,0.0016832317,-0.00049794646,1201248
20131119,13:30:00.000,BBG000BBGGQ1,0.0035560806,-0.0015141898,4114585
20131119,13:30:00.000,BBG000C17X76,0.01791616,0.014754599,755289
20131119,13:30:00.000,BBG000BP6LJ8,-0.004498586,-0.0070989057,3154760
20131119,13:30:00.000,BBG000B9ZXB4,0.016487857,0.017393295,5147532
20131119,13:30:00.000,BBG000BMF5J0,0.0044749035,0.0011494587,14947472
20131119,13:30:00.000,BBG000C5HS04,-0.0062665245,-0.011070768,1711140
20131119,13:30:00.000,BBG000BLZRJ2,0.003154165,0.0026381463,5355367
20131119,13:30:00.000,BBG000L9CV04,0.0027185408,-0.005972159,1227386
20131119,13:30:00.000,BBG000BWLMJ4,-0.017435268,-0.02029487,2774654
20131119,13:30:00.000,BBG000D4LWF6,0.00040314745,-0.0067723594,2650013
20131119,13:30:00.000,BBG000BCQZS4,0.000194323,0.00085028104,1488103
20131119,13:30:00.000,BBG000H8TVT2,0.0007831506,0.0052658287,1695998
20131119,13:30:00.000,BBG000FFDM15,0.008663922,0.008871471,4234384
20131119,13:30:00.000,BBG000BFWKC0,-0.0101739215,-0.009478061,1403864
20131119,13:30:00.000,BBG000BP52R2,0.0015360235,-0.00046068442,1136534
20131119,13:30:00.000,BBG000C15T95,0.004902726,-0.0044609266,2357855
20131119,13:30:00.000,BBG000BZ9223,-0.0077540497,-0.011331542,690658
20131119,13:30:00.000,BBG000BHBK84,0.0032014064,-0.005017919,2790595
20131119,13:30:00.000,BBG000CTQBF3,-0.00014378162,-0.0035380938,2008854
20131119,13:30:00.000,BBG000BW8S60,0.0020178107,-0.0016493527,846799
20131119,13:30:00.000,BBG000BB07P9,0.006871508,0.0028311475,5866275
20131119,13:30:00.000,BBG000CH5208,-0.0043127215,-0.0053012543,1824795
20131119,13:30:00.000,BBG000BW3299,-0.0005686101,-0.011113191,868213
20131119,13:30:00.000,BBG000DQLV23,-0.00022175157,-0.00057910127,2296096
20131119,13:30:00.000,BBG000DWYF03,-0.0040552174,-0.008295124,4470517
20131119,13:30:00.000,BBG000BGRY34,-0.0037018703,-0.0032089753,2097019
20131119,13:30:00.000,BBG000F1ZSQ2,-0.0049173236,-0.00670396,145562
20131119,13:30:00.000,BBG000BQQ2S6,-0.00727531,-0.007157364,1306120
20131119,13:30:00.000,BBG000KHWT55,0.012129508,0.0039996295,6937105
20131119,13:30:00.000,BBG000BNDN65,-0.002588902,-0.006680281,6692846
20131119,13:30:00.000,BBG000R7Z112,-0.0008641462,0.0010665484,6938040
20131119,13:30:00.000,BBG000BQQH30,-0.008688975,-0.0049768086,4383018
20131119,13:30:00.000,BBG000BBS2Y0,-0.009115244,-0.0083596045,1104879
20131119,13:30:00.000,BBG000J2XL74,0.0021919536,-0.0036548455,1672541
20131119,13:30:00.000,BBG000BJDB15,-0.0047662365,-0.0068521407,3757875
20131119,13:30:00.000,BBG000DWG505,0.0021899904,-0.0021567398,1159381
20131119,13:30:00.000,BBG000DH7JK6,-0.005087328,-0.00989919,2411706
20131119,13:30:00.000,BBG000BKTFN2,0.00057455286,-0.011042765,4276786
20131119,13:30:00.000,BBG000BF0K17,0.0033411286,-0.005651861,2506175
20131119,13:30:00.000,BBG000BFC8J2,0.0026503655,0.00071883923,1556633
20131119,13:30:00.000,BBG000BH4R78,-1.3681337e-05,-0.004172371,2357706
20131119,13:30:00.000,BBG000NDYB67,-0.0072301216,-0.014509309,9800783
20131119,13:30:00.000,BBG000C6CFJ5,0.0027590923,0.0070010494,1699973
20131119,13:30:00.000,BBG000BQLTW7,-0.0033598766,-0.007446669,7609188
20131119,13:30:00.000,BBG000BNSZP1,0.0002678734,0.0046090954,2005179
20131119,13:30:00.000,BBG000BBDZG3,-0.009138728,-0.004903447,3589607
20131119,13:30:00.000,BBG000BHVJJ3,-0.0013507698,-0.0062732613,6854276
20131119,13:30:00.000,BBG000BFT2L4,0.0002208588,-0.002108758,3071303
20131119,13:30:00.000,BBG000C43RR5,0.0024623375,0.0001927915,5759971
20131119,13:30:00.000,BBG000Q9HH23,0.008095654,-0.0044801296,1112200
20131119,13:30:00.000,BBG000BCSST7,-0.0059914906,-0.010914379,2231570
20131119,13:30:00.000,BBG000BMX289,0.0005430495,-0.003982246,6220955
20131119,13:30:00.000,BBG000GFFQN9,-0.0053339545,-0.010004476,7886076
20131119,13:30:00.000,BBG000BT41Q8,0.0018672837,-0.0045093675,3465985
20131119,13:30:00.000,BBG000CKGBP2,0.0071133324,0.0034064204,3908645
20131119,13:30:00.000,BBG000BKZB36,0.013625096,0.012611442,8190998
20131119,13:30:00.000,BBG000BLBVN4,-0.0014297257,-0.012149573,294566
20131119,13:30:00.000,BBG000PSKYX7,-0.010283965,-0.012201666,1416738
20131119,13:30:00.000,BBG000BPD168,-0.008035626,-0.0037484157,4211100
20131119,13:30:00.000,BBG000HS77T5,0.0013334265,-0.0035460088,4641236
20131119,13:30:00.000,BBG000BVPV84,0.009092549,-0.005312204,1111674
20131119,13:30:00.000,BBG000BR2TH3,-0.0035801576,-0.0028386272,3741238
20131119,13:30:00.000,BBG000BQPC32,0.002788097,-0.0064800163,13788587
20131119,13:30:00.000,BBG000CGC1X8,0.00307018,-0.0022234418,5010344
20131119,13:30:00.000,BBG000BMHYD1,-0.00054807356,0.002864743,2941947
20131119,13:30:00.000,BBG000K4ND22,0.0049095023,0.008129432,2857285
20131119,13:30:00.000,BBG000C0G1D1,0.01012385,0.0016265563,15071339
20131119,13:30:00.000,BBG000C5Z1S3,0.0054936074,-0.008815178,31791052
20131119,13:30:00.000,BBG000BWQFY7,0.005463933,0.002994562,6137030
20131119,13:30:00.000,BBG000BLNNH6,0.00015622086,0.0024661305,2491573
20131119,13:30:00.000,BBG000BR2B91,-0.011468224,-0.007808828,13937466
20131119,13:30:00.000,BBG000BSJK37,0.00033812202,-0.00056081254,6468975
20131119,13:30:00.000,BBG000C3J3C9,0.002215682,-0.0014087552,33820104
20131119,13:30:00.000,BBG000BK6MB5,-0.005636137,-0.009556804,19779580
20131119,13:30:00.000,BBG000CL9VN6,0.002462311,-0.013940405,1460551
20131119,13:30:00.000,BBG000GZQ728,-0.002512746,-0.0019907278,7424627
20131119,13:30:00.000,BBG000DMBXR2,0.007288737,0.008970989,14032257
20131119,13:30:00.000,BBG000FY4S11,0.0058308328,0.0059062648,12452684
20131119,13:30:00.000,BBG000N9MNX3,0.032868776,0.017813487,14352665
20131119,13:30:00.000,BBG000BCTLF6,0.013658771,0.014740104,96685952
20131119,13:30:00.000,BBG000BPH459,0.003831003,-0.0016266454,25694308
20131119,13:30:00.000,BBG000BHSKN9,-0.0041669025,-0.006304533,680988
20131119,13:30:00.000,BBG000MM2P62,0.013022463,0.004580919,46295616
20131119,13:30:00.000,BBG000B9XRY4,0.003745605,0.00033703004,4745147
20131119,13:45:00.000,BBG000C221G9,-0.002018872,-0.011094285,380784
20131119,13:45:00.000,BBG000D9H9F1,0.028797604,0.028744543,1573533
20131119,13:45:00.000,BBG000BJ5GK2,0.011693713,-0.0012697288,718049
20131119,13:45:00.000,BBG000BVVQQ8,0.0025477507,-0.0061942344,1049965
20131119,13:45:00.000,BBG000PTLGZ1,-0.008093288,-0.01656812,277776
20131119,13:45:00.000,BBG000CGT2S4,-0.00042350584,0.0005160953,2631978
20131119,13:45:00.000,BBG000RKR4R8,0.0015365273,-0.0052312273,5755460
20131119,13:45:00.000,BBG000BDWKC5,-0.00014527487,-0.0052246633,1079034
20131119,13:45:00.000,BBG000JB27Y9,-0.0031240326,-0.00025896187,675725
20131119,13:45:00.000,BBG000BLXZN1,-0.0034169508,-0.008907477,416416
20131119,13:45:00.000,BBG000BK5DP1,-0.006873009,-0.014955876,1383069
20131119,13:45:00.000,BBG000FBR384,0.010354735,0.0052492707,457579
20131119,13:45:00.000,BBG000BCHG15,0.01188573,0.008522753,386505
20131119,13:45:00.000,BBG000BLHRS2,-0.0045896173,-0.008667258,373243
20131119,13:45:00.000,BBG000F80SZ5,-0.018253703,-0.044935837,5720790
20131119,13:45:00.000,BBG000BQ87N0,-0.001141156,-0.008635583,491204
20131119,13:45:00.000,BBG000HW5GX3,0.0023275202,0.0024830713,1369368
20131119,13:45:00.000,BBG000BLMZK6,-0.00053031533,-0.0078432225,537272
20131119,13:45:00.000,BBG000BND699,0.0014489563,-0.01614985,708888
20131119,13:45:00.000,BBG000BYWTX7,-0.013890958,-0.028270958,3068612
20131119,13:45:00.000,BBG000BGKHZ3,0.004689918,0.0006301193,424488
20131119,13:45:00.000,BBG000M1R011,0.016334115,-0.0019351271,1480603
20131119,13:45:00.000,BBG000BCJ161,-0.005442728,-0.001352642,1316608
20131119,13:45:00.000,BBG000DGPR66,-0.01252911,-0.015166097,679615
20131119,13:45:00.000,BBG000BV75B7,0.0028544036,-0.00254541,295496
20131119,13:45:00.000,BBG000BPZBB6,-0.0013347105,-0.0065163733,458877
20131119,13:45:00.000,BBG000BL79J3,-0.011913267,-0.013372128,3030400
20131119,13:45:00.000,BBG000BP7JB0,-0.016295185,-0.028536476,2894239
20131119,13:45:00.000,BBG000BVB8Q0,-0.011641189,-0.012310099,1780963
20131119,13:45:00.000,BBG000TJM7F0,0.0029296887,-0.00020555279,597866
20131119,13:45:00.000,BBG000BHQYG9,-0.0034660513,-0.008404318,386280
20131119,13:45:00.000,BBG000BDDN94,0.010196301,-0.0015843707,182218
20131119,13:45:00.000,BBG000BWP7D9,0.004167689,0.00023622424,817979
20131119,13:45:00.000,BBG000F9KJN4,-0.012878052,-0.023974553,2030391
20131119,13:45:00.000,BBG000BWVSR1,-0.0048226304,-0.0063742176,1462245
20131119,13:45:00.000,BBG000BHCP19,0.002089456,-0.011397012,828399
20131119,13:45:00.000,BBG000BFDLV8,-0.009127036,-0.0113869775,394895
20131119,13:45:00.000,BBG000BX8DC4,-0.001892155,-0.0029584297,1282210
20131119,13:45:00.000,BBG000CPHYL4,-0.016428825,-0.03109055,953862
20131119,13:45:00.000,BBG000BCNYT9,0.0057788556,-0.0029213924,2877269
20131119,13:45:00.000,BBG000VC0T95,0.015587004,0.0017650122,429431
20131119,13:45:00.000,BBG000PCQQL6,0.0038498533,-0.0050172023,803885
20131119,13:45:00.000,BBG000BQ74K1,0.0026392573,0.004385741,803031
20131119,13:45:00.000,BBG000BJDPC2,0.013672301,0.015059252,812205
20131119,13:45:00.000,BBG000GPXKX9,0.0033861569,-0.0045761145,428260
20131119,13:45:00.000,BBG000BJ49H3,-0.0030163394,-0.010978605,534822
20131119,13:45:00.000,BBG000PLXQQ3,-0.007299986,-0.010710767,341419
20131119,13:45:00.000,BBG000BQHGR6,-0.0021005815,-0.009726203,505380
20131119,13:45:00.000,BBG000KLB4Q1,0.012037481,-0.0019731652,1400977
20131119,13:45:00.000,BBG000C3Y7J6,0.0056833513,-0.0024011722,381330
20131119,13:45:00.000,BBG000FFH4P5,0.00043970792,-0.009562161,402476
20131119,13:45:00.000,BBG000JBSJZ4,-0.00011528887,-0.0028731069,855050
20131119,13:45:00.000,BBG000F86GP6,0.0056137796,0.001684207,384620
20131119,13:45:00.000,BBG000BQTMJ9,0.016246492,0.008139976,2030369
20131119,13:45:00.000,BBG000RNTSX0,-0.0063888896,-0.014310493,170409
20131119,13:45:00.000,BBG000GZD660,0.0050864257,0.0035501616,218213
20131119,13:45:00.000,BBG000D9DMK0,-0.00090634276,-0.0087851025,300016
20131119,13:45:00.000,BBG003P9ZSL3,-0.008609234,-0.0062714783,204744
20131119,13:45:00.000,BBG000C37332,0.0076148687,-0.00077853457,447096
20131119,13:45:00.000,BBG000C1DHF5,0.008540996,-0.00567473,1062050
20131119,13:45:00.000,BBG000FW8LZ9,0.010114571,0.004959103,1014290
20131119,13:45:00.000,BBG000BCVMH9,0.002230921,-0.011079924,223538
20131119,13:45:00.000,BBG000BKQ3V3,0.001981112,-0.0055566034,796811
20131119,13:45:00.000,BBG000CXD6X9,0.006411733,-0.0026276212,565181
20131119,13:45:00.000,BBG000BCYP43,0.0041036285,0.0064267293,270662
20131119,13:45:00.000,BBG000PM7GJ0,-0.02933237,-0.04207783,7935290
20131119,13:45:00.000,BBG000C75N77,0.0051625283,0.0020098588,375190
20131119,13:45:00.000,BBG000G8N9C6,-0.009195245,-0.0072824615,1080451
20131119,13:45:00.000,BBG000C90DH9,0.008010642,0.003517675,2245637
20131119,13:45:00.000,BBG000C6F3T8,0.009307411,-0.0029693376,3628577
20131119,13:45:00.000,BBG000BFV115,-0.0024099578,-0.004715218,577298
20131119,13:45:00.000,BBG000C7B436,0.00063417543,-0.019200535,651283
20131119,13:45:00.000,BBG000BLCPY4,-0.0033905904,-0.011928205,733419
20131119,13:45:00.000,BBG000BD3LM4,-0.0017076081,-0.0123342415,2525930
20131119,13:45:00.000,BBG000BDY3Y7,-0.021251928,-0.032543935,2963127
20131119,13:45:00.000,BBG000BMZ7P7,-0.0053960676,-0.02322848,337885
20131119,13:45:00.000,BBG000BBNYF6,-0.009803038,-0.009122987,735471
20131119,13:45:00.000,BBG000BK6G19,0.0045188763,0.0017109045,1025877
20131119,13:45:00.000,BBG000BB29X4,-0.0018493511,-0.0059804204,479579
20131119,13:45:00.000,BBG000BB03M1,0.0077684363,-0.015479281,850962
20131119,13:45:00.000,BBG000BGD7W6,-0.004243591,-0.012495548,1262751
20131119,13:45:00.000,BBG000C3NTN5,0.012148684,0.01165807,1980076
20131119,13:45:00.000,BBG000BHB3M6,-0.0050096787,-0.012386179,293446
20131119,13:45:00.000,BBG000BBCQD7,-0.0076756,-0.0053673307,1078118
20131119,13:45:00.000,BBG000D14WM3,0.0062493123,0.0017287906,4148863
20131119,13:45:00.000,BBG000CVWGS6,-0.019965822,-0.027389627,4357788
20131119,13:45:00.000,BBG000BQSQ38,0.0064059813,0.005525205,1389434
20131119,13:45:00.000,BBG000BPQVR5,-0.01297393,-0.015270417,413676
20131119,13:45:00.000,BBG000BCZYD3,-0.002409862,0.0012479867,308789
20131119,13:45:00.000,BBG000FDBX90,-7.7078934e-05,-0.006825728,795157
20131119,13:45:00.000,BBG000BQVTF5,0.0021204236,-0.008778375,529205
20131119,13:45:00.000,BBG001BPFT54,-0.061950967,-0.08421111,5543026
20131119,13:45:00.000,BBG000BHC2S1,-0.007228495,-0.007852521,661921
20131119,13:45:00.000,BBG000DN7P92,0.004003631,0.0057141115,597375
20131119,13:45:00.000,BBG000C060M4,-0.007013004,-0.009431916,172927
20131119,13:45:00.000,BBG000BHKYH4,-0.0041362355,-0.0049492414,294423
20131119,13:45:00.000,BBG000F6ZWH2,0.010473569,0.0067409063,2528173
20131119,13:45:00.000,BBG000BFTJ91,0.0024021561,-0.0011871634,548947
20131119,13:45:00.000,BBG000BD0TF8,-0.0021377872,-0.003528946,773395
20131119,13:45:00.000,BBG000BP1Q11,0.009450683,0.0061074127,548412
20131119,13:45:00.000,BBG000D5S4M0,-0.0013411016,-0.0089907525,234930
20131119,13:45:00.000,BBG000MQ1SN9,-0.008109168,-0.01906348,1202388
20131119,13:45:00.000,BBG000BKZTP3,0.00489386,-0.0010520939,642649
20131119,13:45:00.000,BBG000C0HQ54,-0.001440994,-0.005045624,2198135
20131119,13:45:00.000,BBG000BP1152,0.006975514,-0.00845794,1565606
20131119,13:45:00.000,BBG000BN9WT5,0.004816221,-0.007369893,1096602
20131119,13:45:00.000,BBG000BBLK04,0.00027268776,-0.006120287,243114
20131119,13:45:00.000,BBG000NSQ9M0,0.005782287,0.003272154,3738520
20131119,13:45:00.000,BBG000BRXP69,-0.0064849122,-0.0057826424,320076
20131119,13:45:00.000,BBG000BGYWY6,-0.0014863252,-0.0024497327,168842
20131119,13:45:00.000,BBG000BJ8YN7,-0.002078753,-0.009170154,782697
20131119,13:45:00.000,BBG000BFVXX0,1.8907218e-05,-0.0032550523,931674
20131119,13:45:00.000,BBG000BLM0V1,-0.00887643,-0.011434394,294187
20131119,13:45:00.000,BBG000BBCDZ2,0.0020190259,-0.0026916594,266433
20131119,13:45:00.000,BBG000KBQZ88,-0.006287533,-0.016004222,805005
20131119,13:45:00.000,BBG000BWXL85,0.006454778,-0.002578816,860577
20131119,13:45:00.000,BBG000BKXYX5,-0.01010858,-0.017899532,564294
20131119,13:45:00.000,BBG000D1QCF1,0.013245456,-0.0013371032,993314
20131119,13:45:00.000,BBG000CKVSG8,-0.010439782,-0.019088915,1223377
20131119,13:45:00.000,BBG000BPYHJ6,0.040838253,0.032588307,1197698
20131119,13:45:00.000,BBG000BKWSR6,-0.0014894377,-0.0044921087,7238743
20131119,13:45:00.000,BBG000BMTFR4,-0.00080559537,-0.014868071,857877
20131119,13:45:00.000,BBG000C1FQS9,0.0021393904,-0.0037756765,469678
20131119,13:45:00.000,BBG000BR37X2,0.0009882242,-0.0022004107,1199950
20131119,13:45:00.000,BBG000BB6G37,-0.0010210442,-0.013360664,714532
20131119,13:45:00.000,BBG000CHPY97,0.0133066885,0.01600426,4896211
20131119,13:45:00.000,BBG000BPXRB3,-0.032604765,-0.042072244,539391
20131119,13:45:00.000,BBG000BF5RY1,-0.0042520794,-0.009060157,930085
20131119,13:45:00.000,BBG000BNNKG9,0.024195151,0.0172869,2537484
20131119,13:45:00.000,BBG001NVJ6W4,-0.024838706,-0.038024705,1231687
20131119,13:45:00.000,BBG0035LY913,0.0077172993,0.0074607427,1449781
20131119,13:45:00.000,BBG000BMLWX8,0.0056720376,0.0011999328,1471967
20131119,13:45:00.000,BBG000BPNP00,0.00095507177,-0.011396454,1110409
20131119,13:45:00.000,BBG000DSMS70,-0.008240428,-0.008901826,549543
20131119,13:45:00.000,BBG000D13GN8,-0.03673189,-0.05154729,1212375
20131119,13:45:00.000,BBG000BSC0K9,-0.0023739545,-0.0015126229,595102
20131119,13:45:00.000,BBG000MDCQC2,0.0025605392,-0.006361463,805999
20131119,13:45:00.000,BBG000BMKDM3,-0.0066474103,-0.009620737,671803
20131119,13:45:00.000,BBG000BF1R66,0.0025638053,0.000106522086,215542
20131119,13:45:00.000,BBG000BJQWD2,-0.0025875135,-0.0096208695,633610
20131119,13:45:00.000,BBG000C2ZCH8,0.0022423326,-0.0034621893,410804
20131119,13:45:00.000,BBG000BP8Z50,-0.006824378,-0.010471377,564071
20131119,13:45:00.000,BBG000FBK808,-0.011015087,-0.012100549,3075149
20131119,13:45:00.000,BBG000BXMFC3,0.01021768,-0.0027344944,655485
20131119,13:45:00.000,BBG000BFNR17,-0.00056232867,-0.005254364,264580
20131119,13:45:00.000,BBG000RGM5P1,-0.009779688,-0.020002324,1289999
20131119,13:45:00.000,BBG000BKR1D6,0.0013721682,-0.0014527823,174773
20131119,13:45:00.000,BBG000D7RKJ5,-0.0049177813,-0.010224075,735268
20131119,13:45:00.000,BBG000G6BN50,0.00032074528,0.0025843098,269797
20131119,13:45:00.000,BBG000J1QLT0,0.004242038,-0.0033224383,489928
20131119,13:45:00.000,BBG000BNFLM9,-0.0073916726,-0.022799635,1148008
20131119,13:45:00.000,BBG000BTCH57,-0.011889654,-0.023054145,1992746
20131119,13:45:00.000,BBG000FLZN98,-0.0005602424,-0.0029087611,294279
20131119,13:45:00.000,BBG000C4DPX1,0.0009819973,-0.014437331,500604
20131119,13:45:00.000,BBG000BQ8KV2,0.0042397054,0.00018786584,525584
20131119,13:45:00.000,BBG000BPMH90,0.00093495304,0.0011112737,771663
20131119,13:45:00.000,BBG000K14Q84,4.881696e-05,-0.014460337,367168
20131119,13:45:00.000,BBG000BC9938,0.0066377767,-0.0024284236,657522
20131119,13:45:00.000,BBG000QFJ7H3,-0.0003501081,-0.007967015,2037811
20131119,13:45:00.000,BBG000BTQR96,-0.0011467767,-0.008641729,511728
20131119,13:45:00.000,BBG000CHWP52,0.0019389741,-0.002341719,524029
20131119,13:45:00.000,BBG000D8RG11,0.0062619965,0.0014745229,1158395
20131119,13:45:00.000,BBG000BS9489,-0.0014533232,-0.004218153,468911
20131119,13:45:00.000,BBG000CKJ0P3,-0.012905037,-0.00039709164,353281
20131119,13:45:00.000,BBG000BWCKB6,0.0014453159,-0.002315521,224942
20131119,13:45:00.000,BBG000BVWLJ6,-0.00012485457,-0.003722219,1245100
20131119,13:45:00.000,BBG000BXM6V2,-0.00759221,-0.01564527,510757
20131119,13:45:00.000,BBG000D9KWL9,-0.0012018108,-0.004395985,219989
20131119,13:45:00.000,BBG000BKNX95,0.0016237645,-0.008381835,1019051
20131119,13:45:00.000,BBG000J5Q6L2,0.025789602,0.020682778,4952183
20131119,13:45:00.000,BBG000QN4GY3,-0.0052639004,-0.010975891,897568
20131119,13:45:00.000,BBG000BCTQ65,0.002425857,-0.003843889,1611225
20131119,13:45:00.000,BBG000BNNYW1,-0.0011468087,-0.0049941046,694678
20131119,13:45:00.000,BBG003641015,0.0077610984,0.007713874,1104705
20131119,13:45:00.000,BBG000D6L294,-0.008763328,-0.011224261,999426
20131119,13:45:00.000,BBG000BSBZH7,-0.0011212067,-0.0014216047,638186
20131119,13:45:00.000,BBG000BNC3Y9,-0.0056422483,-0.007171087,1026537
20131119,13:45:00.000,BBG000F15NW9,0.0010268766,0.0019369232,839797
20131119,13:45:00.000,BBG000R0L5J4,0.0009397343,-0.0041775103,1898642
20131119,13:45:00.000,BBG000BVMPN3,-0.0032498068,-0.0015612551,392730
20131119,13:45:00.000,BBG000BB5BF6,-0.018903945,-0.025529845,1723219
20131119,13:45:00.000,BBG000BR3KL6,-0.006080197,-0.013597969,394263
20131119,13:45:00.000,BBG000BNGTQ7,-0.0038038313,-0.005133491,1016522
20131119,13:45:00.000,BBG000BHZ5J9,0.0074542463,0.0036871228,779542
20131119,13:45:00.000,BBG000BN84F3,-0.0032098829,-0.010426193,795584
20131119,13:45:00.000,BBG000BBJQV0,-0.0011558197,-0.013067861,2599866
20131119,13:45:00.000,BBG000BB1TH9,0.00023730895,-0.01524628,612023
20131119,13:45:00.000,BBG000BFS7D3,-0.0032517633,-0.0035101844,470317
20131119,13:45:00.000,BBG000BR14K5,0.0058442596,0.002743749,555915
20131119,13:45:00.000,BBG000BPVCR1,0.03500539,0.02841336,1179888
20131119,13:45:00.000,BBG000BKLH74,-0.0050484375,-0.0075096865,1902544
20131119,13:45:00.000,BBG002S5ZRF9,-0.054709554,-0.07101109,1669287
20131119,13:45:00.000,BBG000BKPL53,-0.00073591806,0.0028466228,333622
20131119,13:45:00.000,BBG000DY8ZS4,-0.018490754,-0.032345425,4364945
20131119,13:45:00.000,BBG000DNTSP4,-0.0013201152,-0.0055625346,1080651
20131119,13:45:00.000,BBG000BM6788,0.0012980391,-0.0057708877,1903988
20131119,13:45:00.000,BBG000G3QLY3,0.0055150976,0.0026610577,449490
20131119,13:45:00.000,BBG000BLKK03,-0.0039413846,-0.0028902078,1588931
20131119,13:45:00.000,BBG000BP0KQ8,-0.026543133,-0.03566238,3401363
20131119,13:45:00.000,BBG000C7LMS8,0.010215347,0.011031155,115166
20131119,13:45:00.000,BBG000JBN3X6,-0.008929202,-0.0028682193,6774916
20131119,13:45:00.000,BBG000QW7VC1,-0.0062356126,-0.01895548,2775400
20131119,13:45:00.000,BBG000C2YHG9,-0.011302336,-0.017301189,1149600
20131119,13:45:00.000,BBG000BVHBM1,0.005081868,0.0012039895,1237620
20131119,13:45:00.000,BBG000FKJRC5,0.0002221855,-0.0037734602,445788
20131119,13:45:00.000,BBG000BP4MH0,0.00018352813,-0.0019038285,1104958
20131119,13:45:00.000,BBG000BSXQV7,0.002656972,0.00075418846,184182
20131119,13:45:00.000,BBG000BY33P5,-0.0032667706,-0.01122696,11200262
20131119,13:45:00.000,BBG000BNJHS8,-0.0013060413,0.007169366,4460818
20131119,13:45:00.000,BBG000BB5373,0.009182042,-0.00059712655,4320909
20131119,13:45:00.000,BBG000CSY9H9,-0.00048080483,-0.0005185704,557889
20131119,13:45:00.000,BBG000BQWPC5,0.0019639574,0.00024454683,1238906
20131119,13:45:00.000,BBG000BQZMH4,-0.006903894,-0.010251065,1658575
20131119,13:45:00.000,BBG000BC4JJ4,0.005934453,0.00027257577,445387
20131119,13:45:00.000,BBG001QD41M9,-0.0052031004,-0.01248377,1196457
20131119,13:45:00.000,BBG000BHLYS1,-0.007629513,-0.008587173,751683
20131119,13:45:00.000,BBG000HG21Y3,0.023431012,0.010774323,553645
20131119,13:45:00.000,BBG000BHLYP4,0.007773319,0.0119723985,938326
20131119,13:45:00.000,BBG000DLFM21,-0.0025412915,-0.0071167806,348287
20131119,13:45:00.000,BBG000H9G7X2,0.011618641,0.010331316,1363337
20131119,13:45:00.000,BBG000BRRG02,0.0022728166,-0.003217621,158914
20131119,13:45:00.000,BBG000BBMSJ6,-0.026139084,-0.041570596,6217386
20131119,13:45:00.000,BBG000MM5VL9,-0.010344321,-0.021721072,697558
20131119,13:45:00.000,BBG000C2V3D6,-0.0085350415,-0.0044399365,1480783
20131119,13:45:00.000,BBG000G30YX4,-0.022623729,-0.023352852,422550
20131119,13:45:00.000,BBG000JN8R00,0.0021582872,-0.005855806,3523880
20131119,13:45:00.000,BBG000C2PW58,-0.0016720429,-0.004639045,191053
20131119,13:45:00.000,BBG000CGQ6M4,0.0041284836,0.0005149383,400194
20131119,13:45:00.000,BBG000BCBCM7,0.009308463,-0.002583128,7429640
20131119,13:45:00.000,BBG000C3HSR0,-0.01579825,-0.025991859,1284831
20131119,13:45:00.000,BBG000BG09F5,-0.00085355033,-0.006388954,1122832
20131119,13:45:00.000,BBG000BDXGP9,0.0016820534,-0.0015336517,1199845
20131119,13:45:00.000,BBG000BTVJ25,-0.0014840313,-0.0035675152,1249263
20131119,13:45:00.000,BBG000BTKGG8,-0.0056342897,-0.009175336,2123858
20131119,13:45:00.000,BBG000BLW530,-0.00821287,-0.015477571,1034445
20131119,13:45:00.000,BBG000BY2Y78,-0.0021119397,-0.0038563285,1480222
20131119,13:45:00.000,BBG000BJ2VQ6,0.00441655,-0.0017162412,624585
20131119,13:45:00.000,BBG0039320N9,-0.010924637,-0.011387054,1746436
20131119,13:45:00.000,BBG000BRJ809,0.00040433946,-0.00043305528,132524
20131119,13:45:00.000,BBG000TWC2V5,0.009958381,0.0036285522,1534455
20131119,13:45:00.000,BBG0019JZ882,-0.0059109493,-0.008982001,2783053
20131119,13:45:00.000,BBG000BF6LY3,0.004745755,-0.0011207697,2565615
20131119,13:45:00.000,BBG000BYYLS8,-0.00089934695,-0.0011828897,1495534
20131119,13:45:00.000,BBG000BRWGG9,-0.005293054,-0.013526413,9727878
20131119,13:45:00.000,BBG000FW00S1,0.007042616,-0.0056801443,3076889
20131119,13:45:00.000,BBG000BK67C7,0.006089527,0.0026879697,956347
20131119,13:45:00.000,BBG000FVXD63,0.016469378,0.015314084,1036164
20131119,13:45:00.000,BBG000D2M0Z7,-0.01030934,-0.017299375,503109
20131119,13:45:00.000,BBG000BLBXT4,0.0023168505,-0.006161337,489387
20131119,13:45:00.000,BBG000CS7CT9,-0.002301288,0.0024208622,1603872
20131119,13:45:00.000,BBG000BFMBQ6,0.0045114253,0.0025565978,792023
20131119,13:45:00.000,BBG000BBBNC6,-0.01324281,-0.0087447325,816056
20131119,13:45:00.000,BBG000G0Z878,-0.0058798543,-0.009981085,2292468
20131119,13:45:00.000,BBG000CR90K4,-0.00544642,-0.014598914,11004747
20131119,13:45:00.000,BBG000BQ2C28,-0.005197368,-0.0048831753,591402
20131119,13:45:00.000,BBG000BMBL90,3.30756e-05,-0.0031471036,845217
20131119,13:45:00.000,BBG000BX5ZF5,0.01953377,0.009922327,6168074
20131119,13:45:00.000,BBG000BPT0C6,-0.00040411594,-0.0043045627,1288893
20131119,13:45:00.000,BBG000BMY992,0.014263858,0.0091842525,2270665
20131119,13:45:00.000,BBG000BL9JQ1,-0.009165412,-0.012328828,1622060
20131119,13:45:00.000,BBG000JG0547,0.029688604,0.030568214,4315115
20131119,13:45:00.000,BBG000BM7HL0,-0.011332207,-0.021350078,1814476
20131119,13:45:00.000,BBG000BRK7L6,5.944562e-05,-0.0008430559,2420881
20131119,13:45:00.000,BBG000BMQPL1,-0.0006904697,-0.0031217765,7110288
20131119,13:45:00.000,BBG000C1FB75,,,733043
20131119,13:45:00.000,BBG000CZWZ05,0.0004711537,-0.0060243257,0
20131119,13:45:00.000,BBG000R7RDB4,-0.0072270404,-0.012513723,789131
20131119,13:45:00.000,BBG000DTMH63,,,1758131
20131119,13:45:00.000,BBG000BTR593,0.027254526,0.027269375,2403484
20131119,13:45:00.000,BBG000BB6M98,-0.005952566,-0.011297654,3560480
20131119,13:45:00.000,BBG000C2BXK4,-0.016961856,-0.029097712,5844667
20131119,13:45:00.000,BBG000PVRDL2,-0.0014452615,-0.006488468,1967796
20131119,13:45:00.000,BBG000BVMGF2,-0.003646933,-0.005346475,726174
20131119,13:45:00.000,BBG000BCGY17,0.0026444513,-0.0026412595,1149416
20131119,13:45:00.000,BBG000CNFQW6,-0.0029759333,-0.004103958,435828
20131119,13:45:00.000,BBG000BSD7C2,2.3804994e-06,-0.0013422072,781259
20131119,13:45:00.000,BBG000FQ6PY6,-0.0076724645,-0.011024907,1323902
20131119,13:45:00.000,BBG000BC15S7,-0.0026374438,-0.007390301,898197
20131119,13:45:00.000,BBG000BVDLH9,-0.00045567288,-9.92769e-05,539625
20131119,13:45:00.000,BBG000GC80B4,-0.00046581277,0.0023302687,902276
20131119,13:45:00.000,BBG000C0F570,-0.004737934,-0.017362062,2231921
20131119,13:45:00.000,BBG000D898T9,-0.0009926873,-0.003089071,1285375
20131119,13:45:00.000,BBG000BG14P4,0.009095756,-0.0138137825,1495851
20131119,13:45:00.000,BBG000DQTXY6,-0.0033474057,-0.007770701,2540279
20131119,13:45:00.000,BBG000C1S2X2,0.017786365,0.0111815855,1066781
20131119,13:45:00.000,BBG000BWSV34,-0.0073538045,-0.011556471,632571
20131119,13:45:00.000,BBG000H0QBS7,-0.00016856314,-0.007762592,415168
20131119,13:45:00.000,BBG000BWNFZ9,-0.00063079316,-0.012524663,862478
20131119,13:45:00.000,BBG000BS0ZF1,0.0015722308,0.00066511234,297332
20131119,13:45:00.000,BBG000CPQZ77,-0.008041046,-0.017717555,2141606
20131119,13:45:00.000,BBG001M8HHB7,0.022411121,0.005545216,807063
20131119,13:45:00.000,BBG000BH5DV1,0.00043883905,-0.0030652415,680164
20131119,13:45:00.000,BBG000NV1KK7,0.004729906,0.007134282,1405763
20131119,13:45:00.000,BBG000DKCC19,0.044515308,0.041135203,4605158
20131119,13:45:00.000,BBG000CXYSZ6,-0.021675594,-0.031389542,1150728
20131119,13:45:00.000,BBG000BGLRN3,-0.0033392084,-0.004658998,2201259
20131119,13:45:00.000,BBG000QRKJ70,-0.03434801,-0.05760932,14718562
20131119,13:45:00.000,BBG000BQ5DS5,3.9998435e-05,-0.011636182,596204
20131119,13:45:00.000,BBG000BV7LP7,0.015572424,0.008170615,2554653
20131119,13:45:00.000,BBG000BH5LT6,-0.009212234,-0.011809381,2282188
20131119,13:45:00.000,BBG000R8ZVD1,0.006995609,-0.0021682165,937066
20131119,13:45:00.000,BBG000BRJL00,-0.0035920946,-0.008739265,1530332
20131119,13:45:00.000,BBG000BB6WG8,0.005745029,0.0017107661,2670486
20131119,13:45:00.000,BBG000BJL3N0,0.0018834535,-2.2447374e-07,3077146
20131119,13:45:00.000,BBG000QY3XZ2,0.008668257,-0.0038582115,1008585
20131119,13:45:00.000,BBG000LD9JQ8,-0.012918868,-0.023561375,1178350
20131119,13:45:00.000,BBG000Q3JN03,-0.0063833203,-0.010345665,7723263
20131119,13:45:00.000,BBG000BH3JF8,-0.0019559066,-0.0046278387,933661
20131119,13:45:00.000,BBG000BR54L0,0.003605642,-0.003830693,4045749
20131119,13:45:00.000,BBG000PX3XC0,-0.007799383,-0.010723296,1940047
20131119,13:45:00.000,BBG001YMS0B8,0.005266674,0.00094540307,1427882
20131119,13:45:00.000,BBG000BD8PN9,-0.0033366934,-0.0027159418,2881587
20131119,13:45:00.000,BBG000BRD0D8,0.0036621965,0.0013271536,777281
20131119,13:45:00.000,BBG000BMDV41,-0.0038711182,-0.011164043,1887417
20131119,13:45:00.000,BBG000BGVW60,0.0029908244,-0.0013286532,1489370
20131119,13:45:00.000,BBG000BKCFC2,-0.011034036,-0.013344756,2494513
20131119,13:45:00.000,BBG000BB9KF2,-0.0014359638,-0.007037948,2074184
20131119,13:45:00.000,BBG000C0MF34,-0.0066256635,-0.00879249,254021
20131119,13:45:00.000,BBG000BZ2GG4,-0.0026974985,-0.014144504,1275407
20131119,13:45:00.000,BBG000C0LW92,0.03597086,0.03455736,7637788
20131119,13:45:00.000,BBG000BMW2Z0,-0.0021669318,-0.001944043,1144131
20131119,13:45:00.000,BBG000F0KF42,-0.0039292793,-0.014534714,1564866
20131119,13:45:00.000,BBG000BX3TD3,-0.00737138,-0.016354565,3567256
20131119,13:45:00.000,BBG000QX74T1,0.00785739,0.00368469,178398
20131119,13:45:00.000,BBG000BWJFZ4,-0.0067838742,-0.008157898,279432
20131119,13:45:00.000,BBG000BKFBD7,-0.0016986203,-0.00021155833,1081417
20131119,13:45:00.000,BBG000JWD753,-0.0030896817,-0.014552676,2031941
20131119,13:45:00.000,BBG000M65M61,0.054460686,0.05496816,7977648
20131119,13:45:00.000,BBG000MBDGM6,-0.005243074,-0.011051202,288550
20131119,13:45:00.000,BBG000BBVJZ8,0.0064686844,0.0072739413,1463518
20131119,13:45:00.000,BBG000BV8DN6,0.00964407,0.010239295,2490891
20131119,13:45:00.000,BBG000BH2JM1,0.008595433,0.0033815645,3871568
20131119,13:45:00.000,BBG000BGJRC8,-0.0059739556,-0.016522964,3488470
20131119,13:45:00.000,BBG000QBR5J5,-0.0022044962,-0.0023115324,1319588
20131119,13:45:00.000,BBG000BSLZY7,0.0075900164,0.006142502,6289620
20131119,13:45:00.000,BBG000BJSBJ0,-0.011204898,-0.018138966,2701821
20131119,13:45:00.000,BBG000BJ81C1,-0.0012639926,-0.0013616128,588149
20131119,13:45:00.000,BBG000BFL116,-0.016314777,-0.03730178,2975016
20131119,13:45:00.000,BBG000HCJMF9,0.0037006498,0.0046249465,1060128
20131119,13:45:00.000,BBG000FV1Z23,0.0019329326,-0.012123366,621411
20131119,13:45:00.000,BBG000BBDV81,0.003527945,0.00058830524,1055529
20131119,13:45:00.000,BBG000FJLFX8,-0.0042785155,-0.0041694925,1572377
20131119,13:45:00.000,BBG000J6XT05,-0.007525933,-0.012479771,3684005
20131119,13:45:00.000,BBG000BCWCG1,-0.074181184,-0.08311311,21577120
20131119,13:45:00.000,BBG000BJPDZ1,-0.0028199626,0.0009031112,100369
20131119,13:45:00.000,BBG000BPQD31,0.00068523147,0.0009565194,2194994
20131119,13:45:00.000,BBG000C734W3,3.1607735e-05,-0.004155716,332266
20131119,13:45:00.000,BBG000C3GN47,0.00929545,0.00730074,2345078
20131119,13:45:00.000,BBG000BFRF55,0.02259162,0.008725491,4939509
20131119,13:45:00.000,BBG000BGPTV6,-0.00037373518,-0.014284298,595816
20131119,13:45:00.000,BBG000BM5SR2,0.008002213,0.0041949837,2219846
20131119,13:45:00.000,BBG000BN5HF7,-0.0064777033,-0.011299083,2192482
20131119,13:45:00.000,BBG000BBD070,0.0024364053,-0.0029901902,1088086
20131119,13:45:00.000,BBG000BVPPM1,0.020617101,0.015527778,3111877
20131119,13:45:00.000,BBG000DYGNW7,-0.00035766134,-0.0017316067,558794
20131119,13:45:00.000,BBG000BCG930,0.02214184,0.023668597,2421804
20131119,13:45:00.000,BBG000BHGDH5,-0.0009637519,-0.006708962,1301563
20131119,13:45:00.000,BBG000BJ3PD2,-0.001743387,-0.010890877,1137122
20131119,13:45:00.000,BBG000BFQYY3,0.0019418157,0.00092108716,1059878
20131119,13:45:00.000,BBG000BY29C7,0.0032996961,-1.3846375e-07,1274935
20131119,13:45:00.000,BBG000C1BW00,0.011535117,0.008957624,497131
20131119,13:45:00.000,BBG000BD4VG8,0.0056850673,-0.005581692,1643855
20131119,13:45:00.000,BBG000BHQ1H0,0.0061527523,0.006699036,1506342
20131119,13:45:00.000,BBG000BB5006,-0.0022322442,-0.012719852,1494007
20131119,13:45:00.000,BBG000BKFZM4,0.006534147,0.002383134,4827289
20131119,13:45:00.000,BBG000BWVCP8,-0.002978445,-0.009352397,2956394
20131119,13:45:00.000,BBG000FH8PX5,-0.013601345,-0.014052445,654791
20131119,13:45:00.000,BBG000BHX7N2,0.0039877906,-0.002958751,969560
20131119,13:45:00.000,BBG000WCFV84,-0.0041824696,-0.008664388,1632551
20131119,13:45:00.000,BBG000BBPFB9,0.010091955,-0.0029607485,5733544
20131119,13:45:00.000,BBG000FL1TC8,0.006779548,0.0035353107,1875262
20131119,13:45:00.000,BBG000F6H8W8,0.0029689497,0.0008513059,646350
20131119,13:45:00.000,BBG000BGKTF9,-0.0042603374,-0.0017286002,1438612
20131119,13:45:00.000,BBG000C8H633,0.008698562,0.010953488,3651800
20131119,13:45:00.000,BBG000H89QJ6,0.006209656,0.0010707185,1362915
20131119,13:45:00.000,BBG0014GG205,-0.012235447,-0.027267579,6817664
20131119,13:45:00.000,BBG000BFXHL6,-0.016225383,-0.020650927,1642128
20131119,13:45:00.000,BBG000BH3GZ2,0.0049751797,0.004970818,1289628
20131119,13:45:00.000,BBG000BT9DW0,0.00073095283,-0.0042502685,3494649
20131119,13:45:00.000,BBG000FP1N32,0.0058798757,-0.0009853271,1600843
20131119,13:45:00.000,BBG000FNRZ69,0.004628718,-0.00981372,2880791
20131119,13:45:00.000,BBG000D42FJ0,-0.058042254,-0.075915694,7611668
20131119,13:45:00.000,BBG00286S4N9,0.014536028,0.013016183,1560301
20131119,13:45:00.000,BBG0025Y4RY4,-0.0038068073,-0.0053195492,2028092
20131119,13:45:00.000,BBG000BFDXW1,0.0021026866,-0.010892835,4919022
20131119,13:45:00.000,BBG0029SNR63,-0.002019597,-0.009018722,1660962
20131119,13:45:00.000,BBG000G2R6M0,0.0046726367,0.0020689478,3180199
20131119,13:45:00.000,BBG000BCVJ77,-0.0014220913,0.0033418685,2240834
20131119,13:45:00.000,BBG000BL4504,-0.0010570857,-0.0074735526,7611244
20131119,13:45:00.000,BBG000BC2C10,0.0049277167,0.00864123,1619696
20131119,13:45:00.000,BBG000B9WH86,0.018429264,0.012297093,17314248
20131119,13:45:00.000,BBG000BJX8C8,0.0015691887,-0.0058715823,1962046
20131119,13:45:00.000,BBG000H556T9,0.0017190679,-0.002096168,805849
20131119,13:45:00.000,BBG000C496P7,-0.00372852,-0.011155315,1658434
20131119,13:45:00.000,BBG000FG3C43,0.0035453218,-0.009094904,2009129
20131119,13:45:00.000,BBG000BNWG87,-0.00833481,-0.004460309,3138091
20131119,13:45:00.000,BBG000BNBDC2,-0.0056267357,-0.0011753711,1909702
20131119,13:45:00.000,BBG000BJ98Z0,-0.012987965,-0.025230186,1858489
20131119,13:45:00.000,BBG000Q2HM09,0.0072884983,-0.008225658,2399347
20131119,13:45:00.000,BBG000D9D830,0.0019931924,0.0010185703,1292256
20131119,13:45:00.000,BBG000CJZ2W6,-0.025475372,-0.03520963,2257456
20131119,13:45:00.000,BBG000BH13K9,-0.0024764477,-0.0032413315,1859458
20131119,13:45:00.000,BBG000C46HM9,-0.006069508,-0.0033676547,1964053
20131119,13:45:00.000,BBG000BWXBC2,0.0016779334,0.00063097314,2339391
20131119,13:45:00.000,BBG000BN2DC2,-0.023108814,-0.03667036,10877023
20131119,13:45:00.000,BBG000BTZQC4,0.002441693,-0.00030745406,4384516
20131119,13:45:00.000,BBG001DCCGR8,0.028313322,0.02357737,2761050
20131119,13:45:00.000,BBG000BB6KF5,-0.0016876789,-0.00095813826,3440698
20131119,13:45:00.000,BBG000DHSPT0,0.0012214748,-0.0016331235,1806990
20131119,13:45:00.000,BBG000F0PF65,-0.0023913798,-0.0049377424,1831381
20131119,13:45:00.000,BBG000BH1NH9,-0.007379905,-0.011117551,3183248
20131119,13:45:00.000,BBG000BVV7G1,0.003440934,-0.0068319393,1933493
20131119,13:45:00.000,BBG000BPWXK1,0.004291646,0.002960473,2845737
20131119,13:45:00.000,BBG000BJF1Z8,-0.0102343215,-0.020600215,1528779
20131119,13:45:00.000,BBG000BXRPH1,-0.007936698,-0.01362644,1718387
20131119,13:45:00.000,BBG000BC40Y8,0.0016894332,0.0016596974,1303103
20131119,13:45:00.000,BBG000BBGGQ1,0.0010871893,-0.00326132,4313911
20131119,13:45:00.000,BBG000C17X76,0.015781261,0.0157907,771400
20131119,13:45:00.000,BBG000BP6LJ8,-0.006004062,-0.0076245596,3343810
20131119,13:45:00.000,BBG000B9ZXB4,0.015176492,0.017393367,5474797
20131119,13:45:00.000,BBG000BMF5J0,0.0016216475,-0.00229691,15697603
20131119,13:45:00.000,BBG000C5HS04,-0.0066026635,-0.009607328,1859085
20131119,13:45:00.000,BBG000BLZRJ2,0.0028690684,0.0036275985,5618831
20131119,13:45:00.000,BBG000L9CV04,0.001743687,-0.006465654,1290347
20131119,13:45:00.000,BBG000BWLMJ4,-0.01828941,-0.02012868,2921685
20131119,13:45:00.000,BBG000D4LWF6,0.00024553775,-0.0058891224,2767105
20131119,13:45:00.000,BBG000BCQZS4,-0.00045361076,0.0012148266,1576943
20131119,13:45:00.000,BBG000H8TVT2,0.00096613774,0.006017954,1812383
20131119,13:45:00.000,BBG000FFDM15,0.0078123286,0.009132326,4514039
20131119,13:45:00.000,BBG000BFWKC0,-0.010264136,-0.007808121,1441517
20131119,13:45:00.000,BBG000BP52R2,0.001689252,0.0006919543,1191908
20131119,13:45:00.000,BBG000C15T95,0.005039581,-0.0033840938,2449632
20131119,13:45:00.000,BBG000BZ9223,-0.008975731,-0.010085722,739405
20131119,13:45:00.000,BBG000BHBK84,0.0042191544,-0.0025088242,2982559
20131119,13:45:00.000,BBG000CTQBF3,-0.0004903274,-0.0021101057,2125111
20131119,13:45:00.000,BBG000BW8S60,0.002246899,-0.0007789756,894162
20131119,13:45:00.000,BBG000BB07P9,0.0074441056,0.0039634556,6049683
20131119,13:45:00.000,BBG000CH5208,-0.0038616075,-0.0036269291,1925010
20131119,13:45:00.000,BBG000BW3299,7.361592e-05,-0.00979487,912165
20131119,13:45:00.000,BBG000DQLV23,0.0010112156,0.0021190883,2415729
20131119,13:45:00.000,BBG000DWYF03,-0.0046126633,-0.008591408,4825898
20131119,13:45:00.000,BBG000BGRY34,-0.0038168323,-0.0024450691,2216238
20131119,13:45:00.000,BBG000F1ZSQ2,-0.005660638,-0.0071810097,152005
20131119,13:45:00.000,BBG000BQQ2S6,-0.0069553456,-0.0054067313,1402732
20131119,13:45:00.000,BBG000KHWT55,0.0119883055,0.0043996815,7571091
20131119,13:45:00.000,BBG000BNDN65,-0.004351745,-0.0064836685,6985050
20131119,13:45:00.000,BBG000R7Z112,-0.003354597,-0.0014223675,7336284
20131119,13:45:00.000,BBG000BQQH30,-0.0080182925,-0.0022117898,4518769
20131119,13:45:00.000,BBG000BBS2Y0,-0.009189604,-0.0056018024,1146245
20131119,13:45:00.000,BBG000J2XL74,0.0018173084,-0.0031638744,1748227
20131119,13:45:00.000,BBG000BJDB15,-0.0048683835,-0.005755768,3984869
20131119,13:45:00.000,BBG000DWG505,0.0015227929,-0.0012937308,1233957
20131119,13:45:00.000,BBG000DH7JK6,-0.0033796397,-0.007453598,2512990
20131119,13:45:00.000,BBG000BKTFN2,0.0002606385,-0.009938444,4588585
20131119,13:45:00.000,BBG000BF0K17,0.0037316997,-0.0045216153,2617535
20131119,13:45:00.000,BBG000BFC8J2,0.002927913,0.0039543803,1685248
20131119,13:45:00.000,BBG000BH4R78,0.00069464726,-0.003021231,2451214
20131119,13:45:00.000,BBG000NDYB67,-0.008879248,-0.015804745,10537991
20131119,13:45:00.000,BBG000C6CFJ5,0.0030298666,0.00823823,1748552
20131119,13:45:00.000,BBG000BQLTW7,-0.0013864827,-0.0054417253,7909276
20131119,13:45:00.000,BBG000BNSZP1,-0.0004503897,0.0053257723,2158344
20131119,13:45:00.000,BBG000BBDZG3,-0.008375071,-0.0028607452,3766474
20131119,13:45:00.000,BBG000BHVJJ3,-0.00020000913,-0.004182595,7179500
20131119,13:45:00.000,BBG000BFT2L4,0.00033088203,-0.0018976817,3291960
20131119,13:45:00.000,BBG000C43RR5,0.0027943624,0.0011528652,6189138
20131119,13:45:00.000,BBG000Q9HH23,0.011382066,-0.00038246388,1151405
20131119,13:45:00.000,BBG000BCSST7,-0.0056563127,-0.009649635,2328571
20131119,13:45:00.000,BBG000BMX289,-5.97625e-05,-0.003733454,6549737
20131119,13:45:00.000,BBG000GFFQN9,-0.004872647,-0.008861183,8226092
20131119,13:45:00.000,BBG000BT41Q8,0.00198065,-0.002716414,3660047
20131119,13:45:00.000,BBG000CKGBP2,0.008880982,0.008334869,4111554
20131119,13:45:00.000,BBG000BKZB36,0.013610647,0.014430994,8459006
20131119,13:45:00.000,BBG000BLBVN4,-0.0013201835,-0.011156218,315831
20131119,13:45:00.000,BBG000PSKYX7,-0.010855216,-0.012401862,1500508
20131119,13:45:00.000,BBG000BPD168,-0.0067866435,-0.0014576607,4355068
20131119,13:45:00.000,BBG000HS77T5,0.0023352804,-0.0013792913,4825545
20131119,13:45:00.000,BBG000BVPV84,0.009980537,-0.0033732904,1161483
20131119,13:45:00.000,BBG000BR2TH3,-0.003538755,-0.0023654832,3900693
20131119,13:45:00.000,BBG000BQPC32,0.0029035287,-0.0053020194,14939837
20131119,13:45:00.000,BBG000CGC1X8,0.0033938137,-0.0005555366,5236113
20131119,13:45:00.000,BBG000BMHYD1,-0.000118267344,0.004244237,3102495
20131119,13:45:00.000,BBG000K4ND22,0.005902649,0.0102444915,3026406
20131119,13:45:00.000,BBG000C0G1D1,0.01092991,0.0028464685,15686937
20131119,13:45:00.000,BBG000C5Z1S3,0.009523315,-0.0031115059,33852544
20131119,13:45:00.000,BBG000BWQFY7,0.003992271,0.0020732915,6953207
20131119,13:45:00.000,BBG000BLNNH6,0.00043571537,0.002709948,2650072
20131119,13:45:00.000,BBG000BR2B91,-0.009790777,-0.004997737,14493456
20131119,13:45:00.000,BBG000BSJK37,0.00022500174,0.0005623623,6693411
20131119,13:45:00.000,BBG000C3J3C9,0.0031091387,0.0009390935,35164892
20131119,13:45:00.000,BBG000BK6MB5,-0.005130901,-0.0080866,21852288
20131119,13:45:00.000,BBG000CL9VN6,0.0027491555,-0.012097306,1634645
20131119,13:45:00.000,BBG000GZQ728,-0.002637434,-0.0012569013,7749094
20131119,13:45:00.000,BBG000DMBXR2,0.0076778396,0.010047477,14530911
20131119,13:45:00.000,BBG000FY4S11,0.005440422,0.006496557,13122617
20131119,13:45:00.000,BBG000N9MNX3,0.043020893,0.029455587,14943157
20131119,13:45:00.000,BBG000BCTLF6,0.012568053,0.01474,107147440
20131119,13:45:00.000,BBG000BPH459,0.00248204,-0.0029809843,26734530
20131119,13:45:00.000,BBG000BHSKN9,-0.004046405,-0.0055389404,730585
20131119,13:45:00.000,BBG000MM2P62,0.012041736,0.004580771,49193976
20131119,13:45:00.000,BBG000B9XRY4,0.003874533,0.00118526,5027514
20131119,14:00:00.000,BBG000C221G9,-0.002318293,-0.012943,402309
20131119,14:00:00.000,BBG000D9H9F1,0.028235441,0.026678132,1606026
20131119,14:00:00.000,BBG000BJ5GK2,0.0123334015,-0.0020778805,766659
20131119,14:00:00.000,BBG000BVVQQ8,0.0007664648,-0.009780389,1108793
20131119,14:00:00.000,BBG000PTLGZ1,-0.007325562,-0.016630257,309289
20131119,14:00:00.000,BBG000CGT2S4,0.0010976463,7.703573e-07,2720499
20131119,14:00:00.000,BBG000RKR4R8,-0.0005905401,-0.010462273,5908595
20131119,14:00:00.000,BBG000BDWKC5,-0.0005336777,-0.0067624575,1141001
20131119,14:00:00.000,BBG000JB27Y9,-0.0038539972,-0.0025888195,693435
20131119,14:00:00.000,BBG000BLXZN1,-0.004115859,-0.011716744,428915
20131119,14:00:00.000,BBG000BK5DP1,-0.0059749405,-0.017199539,1428590
20131119,14:00:00.000,BBG000FBR384,0.0113244075,0.0045837294,472056
20131119,14:00:00.000,BBG000BCHG15,0.009015839,0.0031962008,410233
20131119,14:00:00.000,BBG000BLHRS2,-0.0050152666,-0.010154519,409153
20131119,14:00:00.000,BBG000F80SZ5,-0.016115205,-0.047300808,6174180
20131119,14:00:00.000,BBG000BQ87N0,-0.0015627388,-0.010152594,509314
20131119,14:00:00.000,BBG000HW5GX3,0.0043656854,0.002793431,1433384
20131119,14:00:00.000,BBG000BLMZK6,0.00084806967,-0.008963795,606242
20131119,14:00:00.000,BBG000BND699,0.0038043917,-0.017000057,749018
20131119,14:00:00.000,BBG000BYWTX7,-0.017019795,-0.033345226,3214782
20131119,14:00:00.000,BBG000BGKHZ3,0.0041871434,-0.000991513,439114
20131119,14:00:00.000,BBG000M1R011,0.018100917,-0.003096504,1522869
20131119,14:00:00.000,BBG000BCJ161,-0.0033782038,-0.0027049072,1368472
20131119,14:00:00.000,BBG000DGPR66,-0.012181678,-0.015595804,690378
20131119,14:00:00.000,BBG000BV75B7,0.0025094235,-0.0046058614,309334
20131119,14:00:00.000,BBG000BPZBB6,-0.0010614024,-0.007757799,481498
20131119,14:00:00.000,BBG000BL79J3,-0.013926309,-0.016778208,3188347
20131119,14:00:00.000,BBG000BP7JB0,-0.018635184,-0.033428553,3111036
20131119,14:00:00.000,BBG000BVB8Q0,-0.0123176435,-0.014772151,1823934
20131119,14:00:00.000,BBG000TJM7F0,0.002435954,-0.0012328734,668406
20131119,14:00:00.000,BBG000BHQYG9,-0.0059394063,-0.01342024,403575
20131119,14:00:00.000,BBG000BDDN94,0.00885977,-0.0048013967,189432
20131119,14:00:00.000,BBG000BWP7D9,0.0041895225,-0.00094434613,865903
20131119,14:00:00.000,BBG000F9KJN4,-0.015501278,-0.028964218,2107317
20131119,14:00:00.000,BBG000BWVSR1,-0.0040677413,-0.006374224,1562605
20131119,14:00:00.000,BBG000BHCP19,0.0029228956,-0.012326739,847623
20131119,14:00:00.000,BBG000BFDLV8,-0.008997517,-0.013152373,413686
20131119,14:00:00.000,BBG000BX8DC4,-0.0010609779,-0.0032276171,1327619
20131119,14:00:00.000,BBG000CPHYL4,-0.013171723,-0.029542064,1081106
20131119,14:00:00.000,BBG000BCNYT9,0.005256843,-0.0052583036,2990558
20131119,14:00:00.000,BBG000VC0T95,0.016290095,0.00033960878,450131
20131119,14:00:00.000,BBG000PCQQL6,0.00502018,-0.0064497027,845842
20131119,14:00:00.000,BBG000BQ74K1,0.0018032843,0.0022802197,839595
20131119,14:00:00.000,BBG000BJDPC2,0.014190783,0.014916487,837361
20131119,14:00:00.000,BBG000GPXKX9,0.00244728,-0.0076265614,440475
20131119,14:00:00.000,BBG000BJ49H3,-0.0027413669,-0.01198962,547301
20131119,14:00:00.000,BBG000PLXQQ3,-0.008801719,-0.013141986,350919
20131119,14:00:00.000,BBG000BQHGR6,-0.0024330448,-0.0120710395,520092
20131119,14:00:00.000,BBG000KLB4Q1,0.013294472,-0.0031567405,1466013
20131119,14:00:00.000,BBG000C3Y7J6,0.006667044,-0.00257707,417761
20131119,14:00:00.000,BBG000FFH4P5,-0.0008089507,-0.012749411,420951
20131119,14:00:00.000,BBG000JBSJZ4,0.0023829313,-0.0014365423,932090
20131119,14:00:00.000,BBG000F86GP6,0.0061008884,4.434937e-07,403212
20131119,14:00:00.000,BBG000BQTMJ9,0.015916731,0.0055696443,2096840
20131119,14:00:00.000,BBG000RNTSX0,-0.007831495,-0.017926468,183915
20131119,14:00:00.000,BBG000GZD660,0.0033909453,2.9876407e-08,253189
20131119,14:00:00.000,BBG000D9DMK0,-0.0030292012,-0.011029069,319603
20131119,14:00:00.000,BBG003P9ZSL3,-0.0112846745,-0.010780204,216946
20131119,14:00:00.000,BBG000C37332,0.0096962135,-0.0016348755,485680
20131119,14:00:00.000,BBG000C1DHF5,0.011726722,-0.006190707,1108808
20131119,14:00:00.000,BBG000FW8LZ9,0.009758733,0.0018594085,1042313
20131119,14:00:00.000,BBG000BCVMH9,-7.871946e-05,-0.014884759,234940
20131119,14:00:00.000,BBG000BKQ3V3,0.0018878065,-0.0068638325,824112
20131119,14:00:00.000,BBG000CXD6X9,0.0056422795,-0.004817332,666561
20131119,14:00:00.000,BBG000BCYP43,0.004354517,0.0050393585,279662
20131119,14:00:00.000,BBG000PM7GJ0,-0.025748972,-0.042077955,8572912
20131119,14:00:00.000,BBG000C75N77,0.0037554062,-0.0012284089,393973
20131119,14:00:00.000,BBG000G8N9C6,-0.00950361,-0.0084030805,1124485
20131119,14:00:00.000,BBG000C90DH9,0.007893591,0.0011722315,2362886
20131119,14:00:00.000,BBG000C6F3T8,0.0076126317,-0.007721334,3753656
20131119,14:00:00.000,BBG000BFV115,-0.0054157465,-0.010225653,599393
20131119,14:00:00.000,BBG000C7B436,0.0023014615,-0.019773755,701121
20131119,14:00:00.000,BBG000BLCPY4,-0.002449394,-0.012879901,762873
20131119,14:00:00.000,BBG000BD3LM4,-0.001143853,-0.0135677075,2624534
20131119,14:00:00.000,BBG000BDY3Y7,-0.022198886,-0.03509398,3041433
20131119,14:00:00.000,BBG000BMZ7P7,-0.005486961,-0.025398623,352130
20131119,14:00:00.000,BBG000BBNYF6,-0.01079419,-0.011568469,837873
20131119,14:00:00.000,BBG000BK6G19,0.0035856455,-0.0017155858,1066159
20131119,14:00:00.000,BBG000BB29X4,-0.00296734,-0.008142267,522842
20131119,14:00:00.000,BBG000BB03M1,0.007358125,-0.017406093,881030
20131119,14:00:00.000,BBG000BGD7W6,-0.0045425785,-0.014738443,1327266
20131119,14:00:00.000,BBG000C3NTN5,0.014612458,0.012590577,2131675
20131119,14:00:00.000,BBG000BHB3M6,-0.0053531416,-0.014109461,307399
20131119,14:00:00.000,BBG000BBCQD7,-0.005785062,-0.004984025,1164657
20131119,14:00:00.000,BBG000D14WM3,0.0068537407,-0.00086527417,4584617
20131119,14:00:00.000,BBG000CVWGS6,-0.019847842,-0.028530775,4549914
20131119,14:00:00.000,BBG000BQSQ38,0.005720405,0.0041438104,1460885
20131119,14:00:00.000,BBG000BPQVR5,-0.012206638,-0.016692065,439103
20131119,14:00:00.000,BBG000BCZYD3,-0.002474374,-4.642291e-05,326213
20131119,14:00:00.000,BBG000FDBX90,-9.31343e-05,-0.008431823,828630
20131119,14:00:00.000,BBG000BQVTF5,0.0002812656,-0.01170471,570636
20131119,14:00:00.000,BBG001BPFT54,-0.061322127,-0.086574994,5722416
20131119,14:00:00.000,BBG000BHC2S1,-0.007839231,-0.009799098,705244
20131119,14:00:00.000,BBG000DN7P92,0.0043543847,0.004693655,638010
20131119,14:00:00.000,BBG000C060M4,-0.006492606,-0.010882927,176827
20131119,14:00:00.000,BBG000BHKYH4,-0.002924026,-0.0060230712,304449
20131119,14:00:00.000,BBG000F6ZWH2,0.0110598495,0.005853798,2577246
20131119,14:00:00.000,BBG000BFTJ91,0.0024919813,-0.0029140844,591345
20131119,14:00:00.000,BBG000BD0TF8,-0.0021416496,-0.0055722315,860909
20131119,14:00:00.000,BBG000BP1Q11,0.010832998,0.00548978,598924
20131119,14:00:00.000,BBG000D5S4M0,-0.002891715,-0.0133531485,253518
20131119,14:00:00.000,BBG000MQ1SN9,-0.00878808,-0.02015991,1243881
20131119,14:00:00.000,BBG000BKZTP3,0.005053559,-0.0020291982,678492
20131119,14:00:00.000,BBG000C0HQ54,-0.0012197398,-0.00597704,2252315
20131119,14:00:00.000,BBG000BP1152,0.0035064793,-0.0151352,1662431
20131119,14:00:00.000,BBG000BN9WT5,0.0033527014,-0.010698088,1224156
20131119,14:00:00.000,BBG000BBLK04,-0.00081432494,-0.008938419,257142
20131119,14:00:00.000,BBG000NSQ9M0,0.0074704615,0.0032721048,3917159
20131119,14:00:00.000,BBG000BRXP69,-0.00619452,-0.007189015,342862
20131119,14:00:00.000,BBG000BGYWY6,-0.00030027764,-0.003011816,180118
20131119,14:00:00.000,BBG000BJ8YN7,-0.0005949996,-0.010236266,920697
20131119,14:00:00.000,BBG000BFVXX0,9.596381e-05,-0.0043399497,982434
20131119,14:00:00.000,BBG000BLM0V1,-0.00818863,-0.0125999395,325737
20131119,14:00:00.000,BBG000BBCDZ2,0.001979828,-0.003947647,275933
20131119,14:00:00.000,BBG000KBQZ88,-0.0067883143,-0.017488122,849433
20131119,14:00:00.000,BBG000BWXL85,0.0075288466,-0.0034385077,927927
20131119,14:00:00.000,BBG000BKXYX5,-0.009825118,-0.021001058,613275
20131119,14:00:00.000,BBG000D1QCF1,0.014312206,-0.0019545157,1032437
20131119,14:00:00.000,BBG000CKVSG8,-0.007048993,-0.018365916,1280641
20131119,14:00:00.000,BBG000BPYHJ6,0.03796874,0.026979588,1250287
20131119,14:00:00.000,BBG000BKWSR6,-0.0029213182,-0.00786092,7681227
20131119,14:00:00.000,BBG000BMTFR4,-0.0004378185,-0.016219692,874843
20131119,14:00:00.000,BBG000C1FQS9,0.0014628725,-0.005348951,485421
20131119,14:00:00.000,BBG000BR37X2,0.0006139606,-0.0033007024,1249312
20131119,14:00:00.000,BBG000BB6G37,-0.00032597175,-0.0146568185,791511
20131119,14:00:00.000,BBG000CHPY97,0.013591363,0.01493751,5079255
20131119,14:00:00.000,BBG000BPXRB3,-0.032434706,-0.04425883,559705
20131119,14:00:00.000,BBG000BF5RY1,-0.004289882,-0.010489793,968453
20131119,14:00:00.000,BBG000BNNKG9,0.024293212,0.014405669,2606375
20131119,14:00:00.000,BBG001NVJ6W4,-0.0243439,-0.039571524,1299795
20131119,14:00:00.000,BBG0035LY913,0.006739084,0.004591355,1539032
20131119,14:00:00.000,BBG000BMLWX8,0.003696124,-0.0065962896,1591414
20131119,14:00:00.000,BBG000BPNP00,0.0012819987,-0.012778511,1147119
20131119,14:00:00.000,BBG000DSMS70,-0.0064493315,-0.00863057,560515
20131119,14:00:00.000,BBG000D13GN8,-0.03793349,-0.056010425,1305841
20131119,14:00:00.000,BBG000BSC0K9,-0.0021839393,-0.0022685716,620993
20131119,14:00:00.000,BBG000MDCQC2,0.0029020421,-0.0069399904,846027
20131119,14:00:00.000,BBG000BMKDM3,-0.006304335,-0.009861244,714151
20131119,14:00:00.000,BBG000BF1R66,0.0032074514,0.00031761327,239024
20131119,14:00:00.000,BBG000BJQWD2,-0.0031545088,-0.011697891,682930
20131119,14:00:00.000,BBG000C2ZCH8,0.0031561968,-0.0040119262,469483
20131119,14:00:00.000,BBG000BP8Z50,-0.0070555196,-0.0117707355,580171
20131119,14:00:00.000,BBG000FBK808,-0.011857841,-0.01498158,3194844
20131119,14:00:00.000,BBG000BXMFC3,0.008979188,-0.0073912353,682055
20131119,14:00:00.000,BBG000BFNR17,0.0005611819,-0.005657086,291025
20131119,14:00:00.000,BBG000RGM5P1,-0.013529176,-0.02524091,1381846
20131119,14:00:00.000,BBG000BKR1D6,0.0019086851,-0.0031189218,180758
20131119,14:00:00.000,BBG000D7RKJ5,-0.0045375773,-0.010837562,805782
20131119,14:00:00.000,BBG000G6BN50,0.000955838,0.0016447292,289999
20131119,14:00:00.000,BBG000J1QLT0,0.00593059,-0.0031057526,540799
20131119,14:00:00.000,BBG000BNFLM9,-0.0060611833,-0.023672892,1181023
20131119,14:00:00.000,BBG000BTCH57,-0.010802058,-0.02297102,2069156
20131119,14:00:00.000,BBG000FLZN98,-0.00027567372,-0.0049308627,301798
20131119,14:00:00.000,BBG000C4DPX1,0.0018527322,-0.015801217,526714
20131119,14:00:00.000,BBG000BQ8KV2,0.004616397,-0.0017922423,544826
20131119,14:00:00.000,BBG000BPMH90,0.001211632,0.00031739028,817781
20131119,14:00:00.000,BBG000K14Q84,0.0010776394,-0.014282615,391730
20131119,14:00:00.000,BBG000BC9938,0.005273117,-0.0054957042,701348
20131119,14:00:00.000,BBG000QFJ7H3,0.0008073069,-0.010139791,2090968
20131119,14:00:00.000,BBG000BTQR96,-0.001920226,-0.010454299,567481
20131119,14:00:00.000,BBG000CHWP52,0.0026354946,-0.0038051428,533629
20131119,14:00:00.000,BBG000D8RG11,0.006747082,0.00036848968,1203546
20131119,14:00:00.000,BBG000BS9489,-1.1459462e-05,-0.0046471697,486299
20131119,14:00:00.000,BBG000CKJ0P3,-0.01318816,-0.0002648219,378620
20131119,14:00:00.000,BBG000BWCKB6,0.0016650144,-0.0040525347,235476
20131119,14:00:00.000,BBG000BVWLJ6,0.0002767003,-0.0046529956,1296362
20131119,14:00:00.000,BBG000BXM6V2,-0.0061644465,-0.017179169,572463
20131119,14:00:00.000,BBG000D9KWL9,-0.0019564745,-0.0066376496,237839
20131119,14:00:00.000,BBG000BKNX95,0.0027128102,-0.008381871,1062864
20131119,14:00:00.000,BBG000J5Q6L2,0.026114577,0.019303998,5137801
20131119,14:00:00.000,BBG000QN4GY3,-0.009112408,-0.016463721,941441
20131119,14:00:00.000,BBG000BCTQ65,0.001588853,-0.0055905827,2015724
20131119,14:00:00.000,BBG000BNNYW1,-0.0009958041,-0.0067312066,724229
20131119,14:00:00.000,BBG003641015,0.0055336202,0.0040901355,1159995
20131119,14:00:00.000,BBG000D6L294,-0.010530943,-0.015611586,1044033
20131119,14:00:00.000,BBG000BSBZH7,-0.0006133513,-0.0021014337,666648
20131119,14:00:00.000,BBG000BNC3Y9,-0.006135885,-0.009561406,1118955
20131119,14:00:00.000,BBG000F15NW9,0.0011875393,0.00044043578,874629
20131119,14:00:00.000,BBG000R0L5J4,0.0011697313,-0.0056063714,1972459
20131119,14:00:00.000,BBG000BVMPN3,-0.0029201787,-0.002811239,427433
20131119,14:00:00.000,BBG000BB5BF6,-0.014109617,-0.023621848,1775432
20131119,14:00:00.000,BBG000BR3KL6,-0.005858106,-0.014880983,408275
20131119,14:00:00.000,BBG000BNGTQ7,-0.004142164,-0.006766813,1057126
20131119,14:00:00.000,BBG000BHZ5J9,0.007916737,0.0022594943,830551
20131119,14:00:00.000,BBG000BN84F3,-0.0066173263,-0.013578165,861061
20131119,14:00:00.000,BBG000BBJQV0,-0.0016483527,-0.015617308,2733385
20131119,14:00:00.000,BBG000BB1TH9,-0.0005042015,-0.017552368,644963
20131119,14:00:00.000,BBG000BFS7D3,-0.0031866496,-0.004050016,515944
20131119,14:00:00.000,BBG000BR14K5,0.005920024,0.0023374257,577842
20131119,14:00:00.000,BBG000BPVCR1,0.03582105,0.026830152,1222820
20131119,14:00:00.000,BBG000BKLH74,-0.0039725164,-0.007986476,2003719
20131119,14:00:00.000,BBG002S5ZRF9,-0.061962083,-0.081149936,1726446
20131119,14:00:00.000,BBG000BKPL53,-0.00026704915,0.0017860513,346454
20131119,14:00:00.000,BBG000DY8ZS4,-0.018564653,-0.034142252,4541569
20131119,14:00:00.000,BBG000DNTSP4,-0.0011710662,-0.0067338357,1138428
20131119,14:00:00.000,BBG000BM6788,0.00399898,-0.0049570133,2032440
20131119,14:00:00.000,BBG000G3QLY3,0.005665836,0.0006185914,466372
20131119,14:00:00.000,BBG000BLKK03,-0.0036833026,-0.0040562204,1647256
20131119,14:00:00.000,BBG000BP0KQ8,-0.025878116,-0.03690645,3754036
20131119,14:00:00.000,BBG000C7LMS8,0.011811982,0.011063849,119766
20131119,14:00:00.000,BBG000JBN3X6,-0.008550854,-0.0065560895,6984242
20131119,14:00:00.000,BBG000QW7VC1,-0.0034019698,-0.017601566,2894947
20131119,14:00:00.000,BBG000C2YHG9,-0.014066919,-0.022244424,1262899
20131119,14:00:00.000,BBG000BVHBM1,0.00670384,-0.0018064738,1428888
20131119,14:00:00.000,BBG000FKJRC5,-0.00029552993,-0.005351726,462169
20131119,14:00:00.000,BBG000BP4MH0,0.0008675346,-0.0023270554,1153112
20131119,14:00:00.000,BBG000BSXQV7,0.0028164352,-0.0016410167,200811
20131119,14:00:00.000,BBG000BY33P5,-0.0032512152,-0.012758014,11295775
20131119,14:00:00.000,BBG000BNJHS8,-0.0012086388,0.0038608976,4654139
20131119,14:00:00.000,BBG000BB5373,0.007096387,-0.004184497,4703656
20131119,14:00:00.000,BBG000CSY9H9,0.0002444872,-0.0014903786,577919
20131119,14:00:00.000,BBG000BQWPC5,0.0017574826,-0.0009748453,1270356
20131119,14:00:00.000,BBG000BQZMH4,-0.006222807,-0.010543805,1738399
20131119,14:00:00.000,BBG000BC4JJ4,0.00792209,0.00018142641,473224
20131119,14:00:00.000,BBG001QD41M9,-0.006884084,-0.015951555,1302105
20131119,14:00:00.000,BBG000BHLYS1,-0.007623538,-0.00927416,770691
20131119,14:00:00.000,BBG000HG21Y3,0.025432704,0.010686018,570276
20131119,14:00:00.000,BBG000BHLYP4,0.008774634,0.011784307,973438
20131119,14:00:00.000,BBG000DLFM21,-0.0031372807,-0.008989475,375282
20131119,14:00:00.000,BBG000H9G7X2,0.012062554,0.009326831,1439511
20131119,14:00:00.000,BBG000BRRG02,0.0026067726,-0.00484584,167143
20131119,14:00:00.000,BBG000BBMSJ6,-0.02715855,-0.044649992,6344213
20131119,14:00:00.000,BBG000MM5VL9,-0.008892456,-0.022390582,734610
20131119,14:00:00.000,BBG000C2V3D6,-0.00978245,-0.006844557,1539713
20131119,14:00:00.000,BBG000G30YX4,-0.0239513,-0.026370114,446204
20131119,14:00:00.000,BBG000JN8R00,-0.0042564017,-0.017258031,3856361
20131119,14:00:00.000,BBG000C2PW58,-0.0010395288,-0.0059877224,198162
20131119,14:00:00.000,BBG000CGQ6M4,0.004964529,-0.0005934101,421351
20131119,14:00:00.000,BBG000BCBCM7,0.011647747,-0.002583189,7797491
20131119,14:00:00.000,BBG000C3HSR0,-0.014425665,-0.02796262,1360194
20131119,14:00:00.000,BBG000BG09F5,-0.008106948,-0.016416444,1180603
20131119,14:00:00.000,BBG000BDXGP9,0.001838994,-0.0021472634,1246791
20131119,14:00:00.000,BBG000BTVJ25,-0.0012228796,-0.003864948,1283538
20131119,14:00:00.000,BBG000BTKGG8,-0.004596873,-0.010287529,2252597
20131119,14:00:00.000,BBG000BLW530,-0.00967636,-0.01920249,1094308
20131119,14:00:00.000,BBG000BY2Y78,-0.003062435,-0.006822358,1545795
20131119,14:00:00.000,BBG000BJ2VQ6,0.0029214001,-0.0044937967,652668
20131119,14:00:00.000,BBG0039320N9,-0.009866651,-0.011070985,1781949
20131119,14:00:00.000,BBG000BRJ809,0.0006857964,-0.0025995693,139350
20131119,14:00:00.000,BBG000TWC2V5,0.012292362,0.0044749794,1590864
20131119,14:00:00.000,BBG0019JZ882,-0.005532886,-0.010104811,2883356
20131119,14:00:00.000,BBG000BF6LY3,0.0050051273,-0.0022419288,2698482
20131119,14:00:00.000,BBG000BYYLS8,-0.0014998441,-0.0032516047,1543046
20131119,14:00:00.000,BBG000BRWGG9,-0.006758147,-0.01739113,10818983
20131119,14:00:00.000,BBG000FW00S1,0.009275692,-0.006196749,3161584
20131119,14:00:00.000,BBG000BK67C7,0.007009853,0.0030240156,1003039
20131119,14:00:00.000,BBG000FVXD63,0.016171182,0.013077948,1105218
20131119,14:00:00.000,BBG000D2M0Z7,-0.007835763,-0.015908618,542279
20131119,14:00:00.000,BBG000BLBXT4,0.0027565216,-0.008036694,514730
20131119,14:00:00.000,BBG000CS7CT9,-0.0036928623,0.00055852823,1661031
20131119,14:00:00.000,BBG000BFMBQ6,0.0049036085,0.00124878,807780
20131119,14:00:00.000,BBG000BBBNC6,-0.012678254,-0.009268068,852290
20131119,14:00:00.000,BBG000G0Z878,-0.0060554626,-0.011406886,2384386
20131119,14:00:00.000,BBG000CR90K4,-0.008008744,-0.019465053,11276154
20131119,14:00:00.000,BBG000BQ2C28,-0.004732245,-0.0050639315,629798
20131119,14:00:00.000,BBG000BMBL90,0.0006288913,-0.0041540195,870613
20131119,14:00:00.000,BBG000BX5ZF5,0.0203045,0.008118069,6453138
20131119,14:00:00.000,BBG000BPT0C6,0.0012354787,-0.005056079,1358980
20131119,14:00:00.000,BBG000BMY992,0.014764876,0.008700904,2381000
20131119,14:00:00.000,BBG000BL9JQ1,-0.011057011,-0.015973972,1697253
20131119,14:00:00.000,BBG000JG0547,0.030448467,0.03030986,4447510
20131119,14:00:00.000,BBG000BM7HL0,-0.011362552,-0.023542795,1906717
20131119,14:00:00.000,BBG000BRK7L6,0.0013936424,-0.0011239315,2486000
20131119,14:00:00.000,BBG000BMQPL1,-0.0026853348,-0.0070233545,7332680
20131119,14:00:00.000,BBG000C1FB75,,,763596
20131119,14:00:00.000,BBG000CZWZ05,0.00074918946,-0.00836773,0
20131119,14:00:00.000,BBG000R7RDB4,-0.008558906,-0.016435863,810709
20131119,14:00:00.000,BBG000DTMH63,,,1826345
20131119,14:00:00.000,BBG000BTR593,0.026053252,0.024514887,2623702
20131119,14:00:00.000,BBG000BB6M98,-0.0057658306,-0.011862429,3692877
20131119,14:00:00.000,BBG000C2BXK4,-0.020432163,-0.034813512,6065308
20131119,14:00:00.000,BBG000PVRDL2,-0.0038174537,-0.011123444,2088456
20131119,14:00:00.000,BBG000BVMGF2,-0.0035266646,-0.0060839383,751904
20131119,14:00:00.000,BBG000BCGY17,0.0020683394,-0.0043396223,1204072
20131119,14:00:00.000,BBG000CNFQW6,-0.0017323641,-0.0036770082,451705
20131119,14:00:00.000,BBG000BSD7C2,-0.00015581251,-0.001984358,830970
20131119,14:00:00.000,BBG000FQ6PY6,-0.008847003,-0.013037203,1364662
20131119,14:00:00.000,BBG000BC15S7,-0.00221972,-0.008129337,914194
20131119,14:00:00.000,BBG000BVDLH9,-0.00029082288,-0.0010915183,572442
20131119,14:00:00.000,BBG000GC80B4,-0.0015276056,0.00015030462,937543
20131119,14:00:00.000,BBG000C0F570,-0.0041356194,-0.018504184,2325523
20131119,14:00:00.000,BBG000D898T9,-0.00046178373,-0.0039387797,1349165
20131119,14:00:00.000,BBG000BG14P4,0.0066975416,-0.019682297,1557305
20131119,14:00:00.000,BBG000DQTXY6,-0.0033499473,-0.012432804,2729051
20131119,14:00:00.000,BBG000C1S2X2,0.019176234,0.009966121,1106921
20131119,14:00:00.000,BBG000BWSV34,-0.007922135,-0.013083883,644590
20131119,14:00:00.000,BBG000H0QBS7,-0.0022291418,-0.011456158,432387
20131119,14:00:00.000,BBG000BWNFZ9,0.00044843619,-0.01414082,938003
20131119,14:00:00.000,BBG000BS0ZF1,0.0016957009,-0.0008373216,321244
20131119,14:00:00.000,BBG000CPQZ77,-0.006753977,-0.018068366,2243709
20131119,14:00:00.000,BBG001M8HHB7,0.021514613,0.0012574084,905326
20131119,14:00:00.000,BBG000BH5DV1,0.000778359,-0.004018964,708930
20131119,14:00:00.000,BBG000NV1KK7,0.004692064,0.006370024,1490668
20131119,14:00:00.000,BBG000DKCC19,0.048932858,0.04487485,5177251
20131119,14:00:00.000,BBG000CXYSZ6,-0.016972573,-0.028649524,1191216
20131119,14:00:00.000,BBG000BGLRN3,-0.0036528246,-0.0055909157,2318139
20131119,14:00:00.000,BBG000QRKJ70,-0.035850037,-0.06337029,15375893
20131119,14:00:00.000,BBG000BQ5DS5,-9.450979e-06,-0.013011924,617276
20131119,14:00:00.000,BBG000BV7LP7,0.016437605,0.0075652213,2627475
20131119,14:00:00.000,BBG000BH5LT6,-0.008910826,-0.012731952,2363933
20131119,14:00:00.000,BBG000R8ZVD1,0.009664358,-0.00231764,999579
20131119,14:00:00.000,BBG000BRJL00,-0.003839767,-0.010033895,1660341
20131119,14:00:00.000,BBG000BB6WG8,0.0053155073,0.0004895848,2814412
20131119,14:00:00.000,BBG000BJL3N0,-0.00043325112,-0.0039993227,3299360
20131119,14:00:00.000,BBG000QY3XZ2,0.008916945,-0.0063210414,1073746
20131119,14:00:00.000,BBG000LD9JQ8,-0.015198642,-0.027748084,1234130
20131119,14:00:00.000,BBG000Q3JN03,-0.007105183,-0.0134497145,8183508
20131119,14:00:00.000,BBG000BH3JF8,-0.0017093943,-0.0055667404,984060
20131119,14:00:00.000,BBG000BR54L0,0.0056468565,-0.0065667103,4296011
20131119,14:00:00.000,BBG000PX3XC0,-0.009634588,-0.015272767,1975656
20131119,14:00:00.000,BBG001YMS0B8,0.0048620845,-0.00018792647,1624332
20131119,14:00:00.000,BBG000BD8PN9,-0.0034327644,-0.004526624,2997189
20131119,14:00:00.000,BBG000BRD0D8,0.0039876252,-0.00019976724,857754
20131119,14:00:00.000,BBG000BMDV41,-0.0039762994,-0.012381955,1949862
20131119,14:00:00.000,BBG000BGVW60,0.0029069649,-0.0028033117,1538172
20131119,14:00:00.000,BBG000BKCFC2,-0.010959495,-0.013933376,2612262
20131119,14:00:00.000,BBG000BB9KF2,-0.0020575633,-0.008487171,2153360
20131119,14:00:00.000,BBG000C0MF34,-0.0073013646,-0.011000397,265314
20131119,14:00:00.000,BBG000BZ2GG4,-0.0018986386,-0.015051027,1329525
20131119,14:00:00.000,BBG000C0LW92,0.03162633,0.027645916,7996854
20131119,14:00:00.000,BBG000BMW2Z0,-0.0019128792,-0.002499657,1189548
20131119,14:00:00.000,BBG000F0KF42,-0.0040905164,-0.01711185,1626646
20131119,14:00:00.000,BBG000BX3TD3,-0.0047503575,-0.018171743,3748365
20131119,14:00:00.000,BBG000QX74T1,0.009125335,0.0026146388,184502
20131119,14:00:00.000,BBG000BWJFZ4,-0.0061139837,-0.009845096,290697
20131119,14:00:00.000,BBG000BKFBD7,-0.0014162947,-0.001409166,1141056
20131119,14:00:00.000,BBG000JWD753,-0.0044866977,-0.018084908,2131555
20131119,14:00:00.000,BBG000M65M61,0.048582703,0.044249307,8355656
20131119,14:00:00.000,BBG000MBDGM6,-0.005912927,-0.013334554,307880
20131119,14:00:00.000,BBG000BBVJZ8,0.007005334,0.0060197194,1519462
20131119,14:00:00.000,BBG000BV8DN6,0.0101206675,0.009279316,2536497
20131119,14:00:00.000,BBG000BH2JM1,0.008045617,0.0016904855,4006308
20131119,14:00:00.000,BBG000BGJRC8,-0.0057617133,-0.01762443,3703530
20131119,14:00:00.000,BBG000QBR5J5,-0.0027307714,-0.0044295588,1358567
20131119,14:00:00.000,BBG000BSLZY7,0.008498952,0.004914193,6568073
20131119,14:00:00.000,BBG000BJSBJ0,-0.011407853,-0.019598963,2770100
20131119,14:00:00.000,BBG000BJ81C1,-0.0005490919,-0.0011914048,613593
20131119,14:00:00.000,BBG000BFL116,-0.015866749,-0.04048311,3086941
20131119,14:00:00.000,BBG000HCJMF9,0.0046417215,0.0037791063,1173058
20131119,14:00:00.000,BBG000FV1Z23,0.002148163,-0.012450886,654940
20131119,14:00:00.000,BBG000BBDV81,0.0037051952,-0.0006412611,1135864
20131119,14:00:00.000,BBG000FJLFX8,-0.0032810809,-0.004941575,1618894
20131119,14:00:00.000,BBG000J6XT05,-0.0075089447,-0.013192878,3814707
20131119,14:00:00.000,BBG000BCWCG1,-0.07774644,-0.089312166,21963964
20131119,14:00:00.000,BBG000BJPDZ1,-0.003367029,-0.00077568635,103070
20131119,14:00:00.000,BBG000BPQD31,0.00066539727,-4.3143044e-07,2256744
20131119,14:00:00.000,BBG000C734W3,0.0011091264,-0.005541057,349202
20131119,14:00:00.000,BBG000C3GN47,0.009036641,0.0048674587,2440551
20131119,14:00:00.000,BBG000BFRF55,0.024838213,0.006907684,5160984
20131119,14:00:00.000,BBG000BGPTV6,-0.0020646947,-0.016822604,614296
20131119,14:00:00.000,BBG000BM5SR2,0.0063673323,0.00044104204,2372175
20131119,14:00:00.000,BBG000BN5HF7,-0.0065747374,-0.015065501,2344569
20131119,14:00:00.000,BBG000BBD070,0.0031293493,-0.0041497075,1130416
20131119,14:00:00.000,BBG000BVPPM1,0.021370083,0.013722213,3267508
20131119,14:00:00.000,BBG000DYGNW7,0.0013540131,-0.001479564,574408
20131119,14:00:00.000,BBG000BCG930,0.017797887,0.01775153,2527723
20131119,14:00:00.000,BBG000BHGDH5,-0.0007521385,-0.007407828,1340739
20131119,14:00:00.000,BBG000BJ3PD2,-0.0017140397,-0.012278198,1184008
20131119,14:00:00.000,BBG000BFQYY3,0.002478294,0.00030744157,1118729
20131119,14:00:00.000,BBG000BY29C7,0.0046922723,-0.00046285213,1373875
20131119,14:00:00.000,BBG000C1BW00,0.011987126,0.008413757,528911
20131119,14:00:00.000,BBG000BD4VG8,0.0071815257,-0.005581512,1740513
20131119,14:00:00.000,BBG000BHQ1H0,0.006783329,0.006595939,1602139
20131119,14:00:00.000,BBG000BB5006,-0.0033385416,-0.016164782,1625310
20131119,14:00:00.000,BBG000BKFZM4,0.0050424007,-0.0011915555,5064970
20131119,14:00:00.000,BBG000BWVCP8,-0.0010793583,-0.00906904,3327769
20131119,14:00:00.000,BBG000FH8PX5,-0.012388823,-0.013898948,701330
20131119,14:00:00.000,BBG000BHX7N2,0.0042652157,-0.0035502552,1016641
20131119,14:00:00.000,BBG000WCFV84,-0.0048638494,-0.011849752,1709304
20131119,14:00:00.000,BBG000BBPFB9,0.009795981,-0.005333954,5922287
20131119,14:00:00.000,BBG000FL1TC8,0.007005867,0.0016136187,1945933
20131119,14:00:00.000,BBG000F6H8W8,0.0030150625,0.00012140865,670209
20131119,14:00:00.000,BBG000BGKTF9,-0.0037850325,-0.002448676,1483377
20131119,14:00:00.000,BBG000C8H633,0.007664964,0.008214926,3765956
20131119,14:00:00.000,BBG000H89QJ6,0.0075900755,0.00033021587,1413182
20131119,14:00:00.000,BBG0014GG205,-0.013380141,-0.031643886,7066194
20131119,14:00:00.000,BBG000BFXHL6,-0.01932069,-0.026226627,1830229
20131119,14:00:00.000,BBG000BH3GZ2,0.0051594507,0.0036089558,1337442
20131119,14:00:00.000,BBG000BT9DW0,0.00023005475,-0.0056671263,3563092
20131119,14:00:00.000,BBG000FP1N32,0.0064868717,-0.0024643384,1656574
20131119,14:00:00.000,BBG000FNRZ69,0.0048062084,-0.012373924,3019833
20131119,14:00:00.000,BBG000D42FJ0,-0.06084856,-0.082123004,7922086
20131119,14:00:00.000,BBG00286S4N9,0.014141497,0.010412911,1617449
20131119,14:00:00.000,BBG0025Y4RY4,-0.0042326883,-0.0067517473,2106332
20131119,14:00:00.000,BBG000BFDXW1,0.004888773,-0.010141741,5104673
20131119,14:00:00.000,BBG0029SNR63,-0.0031712146,-0.012971988,1748843
20131119,14:00:00.000,BBG000G2R6M0,0.0036290002,-0.00082770624,3294208
20131119,14:00:00.000,BBG000BCVJ77,-0.0009133048,0.0026878854,2357661
20131119,14:00:00.000,BBG000BL4504,-0.001474372,-0.009833389,7818340
20131119,14:00:00.000,BBG000BC2C10,0.005598598,0.007934769,1764120
20131119,14:00:00.000,BBG000B9WH86,0.022542646,0.01341498,18101748
20131119,14:00:00.000,BBG000BJX8C8,0.0027276743,-0.0058117467,2014415
20131119,14:00:00.000,BBG000H556T9,0.0016540131,-0.0039662085,852723
20131119,14:00:00.000,BBG000C496P7,-0.004457539,-0.014593991,1776122
20131119,14:00:00.000,BBG000FG3C43,0.0032158555,-0.012078099,2115672
20131119,14:00:00.000,BBG000BNWG87,-0.00967335,-0.007290608,3289272
20131119,14:00:00.000,BBG000BNBDC2,-0.006340101,-0.0021554297,1989541
20131119,14:00:00.000,BBG000BJ98Z0,-0.016428988,-0.030512786,1950498
20131119,14:00:00.000,BBG000Q2HM09,0.0023260226,-0.01676147,2495323
20131119,14:00:00.000,BBG000D9D830,0.0023242424,0.00044560904,1346625
20131119,14:00:00.000,BBG000CJZ2W6,-0.016768325,-0.029159809,2373977
20131119,14:00:00.000,BBG000BH13K9,-0.0023208172,-0.0050243093,1935813
20131119,14:00:00.000,BBG000C46HM9,-0.005978536,-0.0045563043,2202623
20131119,14:00:00.000,BBG000BWXBC2,0.002225247,0.000378503,2474966
20131119,14:00:00.000,BBG000BN2DC2,-0.024004154,-0.040274307,11201484
20131119,14:00:00.000,BBG000BTZQC4,0.0007232781,-0.0040037623,4640431
20131119,14:00:00.000,BBG001DCCGR8,0.026359798,0.018991169,3049228
20131119,14:00:00.000,BBG000BB6KF5,-0.0006915003,-0.0017244626,3540465
20131119,14:00:00.000,BBG000DHSPT0,0.00017129359,-0.0047749113,1898120
20131119,14:00:00.000,BBG000F0PF65,-0.002243171,-0.007032421,1900212
20131119,14:00:00.000,BBG000BH1NH9,-0.007804,-0.011775188,3302718
20131119,14:00:00.000,BBG000BVV7G1,0.003768898,-0.008245387,2036233
20131119,14:00:00.000,BBG000BPWXK1,0.0056809937,0.0022204013,3000179
20131119,14:00:00.000,BBG000BJF1Z8,-0.010966973,-0.022970214,1625295
20131119,14:00:00.000,BBG000BXRPH1,-0.0072670607,-0.016153034,1761243
20131119,14:00:00.000,BBG000BC40Y8,0.002455037,0.00060851575,1379068
20131119,14:00:00.000,BBG000BBGGQ1,0.0010101504,-0.005707414,4699520
20131119,14:00:00.000,BBG000C17X76,0.016276982,0.014443691,793604
20131119,14:00:00.000,BBG000BP6LJ8,-0.005916691,-0.008413283,3498145
20131119,14:00:00.000,BBG000B9ZXB4,0.015510758,0.01660284,5733254
20131119,14:00:00.000,BBG000BMF5J0,0.0046266774,-0.0022969062,16119971
20131119,14:00:00.000,BBG000C5HS04,-0.0063063116,-0.011897881,1947121
20131119,14:00:00.000,BBG000BLZRJ2,0.0033061989,0.0019786982,5769743
20131119,14:00:00.000,BBG000L9CV04,0.0015068675,-0.007452776,1363056
20131119,14:00:00.000,BBG000BWLMJ4,-0.020536141,-0.023455665,3162120
20131119,14:00:00.000,BBG000D4LWF6,0.0014996766,-0.005889137,2893954
20131119,14:00:00.000,BBG000BCQZS4,-0.00076165283,-0.00048559537,1638455
20131119,14:00:00.000,BBG000H8TVT2,0.0003250828,0.005115085,1893164
20131119,14:00:00.000,BBG000FFDM15,0.0068924027,0.007305931,4692918
20131119,14:00:00.000,BBG000BFWKC0,-0.010598557,-0.009703683,1477254
20131119,14:00:00.000,BBG000BP52R2,0.0015952215,-0.0006527583,1309664
20131119,14:00:00.000,BBG000C15T95,0.004434987,-0.0043071564,2546543
20131119,14:00:00.000,BBG000BZ9223,-0.007519858,-0.010856823,769070
20131119,14:00:00.000,BBG000BHBK84,0.0036972687,-0.0052687107,3172657
20131119,14:00:00.000,BBG000CTQBF3,-0.0013715707,-0.0050897957,2244277
20131119,14:00:00.000,BBG000BW8S60,0.002980179,-0.0010078899,934590
20131119,14:00:00.000,BBG000BB07P9,0.009155924,0.0033972804,6283484
20131119,14:00:00.000,BBG000CH5208,-0.0030222689,-0.00446397,2006731
20131119,14:00:00.000,BBG000BW3299,0.0012825109,-0.01001465,963954
20131119,14:00:00.000,BBG000DQLV23,0.0014485919,0.0015408469,2528229
20131119,14:00:00.000,BBG000DWYF03,-0.0056921844,-0.012146382,5249889
20131119,14:00:00.000,BBG000BGRY34,-0.0036727309,-0.0033617872,2327900
20131119,14:00:00.000,BBG000F1ZSQ2,-0.0075698593,-0.010605759,166368
20131119,14:00:00.000,BBG000BQQ2S6,-0.005412148,-0.0053553265,1488453
20131119,14:00:00.000,BBG000KHWT55,0.011368281,0.0016001455,8158432
20131119,14:00:00.000,BBG000BNDN65,-0.0061630523,-0.010413429,7259450
20131119,14:00:00.000,BBG000R7Z112,-0.002265185,-0.004622379,7714431
20131119,14:00:00.000,BBG000BQQH30,-0.0073109344,-0.002764962,4632850
20131119,14:00:00.000,BBG000BBS2Y0,-0.009513679,-0.0068082158,1205088
20131119,14:00:00.000,BBG000J2XL74,0.0028739606,-0.003054567,1837451
20131119,14:00:00.000,BBG000BJDB15,-0.005227873,-0.0084966635,4182661
20131119,14:00:00.000,BBG000DWG505,0.0005455192,-0.0031920401,1298385
20131119,14:00:00.000,BBG000DH7JK6,-0.0031902976,-0.008152392,2588109
20131119,14:00:00.000,BBG000BKTFN2,0.00015352938,-0.011962995,4799839
20131119,14:00:00.000,BBG000BF0K17,0.0032227323,-0.00583042,2711006
20131119,14:00:00.000,BBG000BFC8J2,0.0017501519,0.0015357855,1760417
20131119,14:00:00.000,BBG000BH4R78,0.0007811047,-0.0048915553,2556122
20131119,14:00:00.000,BBG000NDYB67,-0.009930332,-0.017618338,11099869
20131119,14:00:00.000,BBG000C6CFJ5,0.0029773102,0.0065784436,1805627
20131119,14:00:00.000,BBG000BQLTW7,-0.0016463271,-0.0068737594,8210816
20131119,14:00:00.000,BBG000BNSZP1,-0.00044854265,0.004455383,2269029
20131119,14:00:00.000,BBG000BBDZG3,-0.007820483,-0.003473455,3994101
20131119,14:00:00.000,BBG000BHVJJ3,0.0003737814,-0.0054370137,7417856
20131119,14:00:00.000,BBG000BFT2L4,0.000551662,-0.0035847432,3385546
20131119,14:00:00.000,BBG000C43RR5,0.0029502227,9.725029e-07,6397177
20131119,14:00:00.000,BBG000Q9HH23,0.0121778585,-0.0023859383,1172883
20131119,14:00:00.000,BBG000BCSST7,-0.0055218986,-0.010263815,2430548
20131119,14:00:00.000,BBG000BMX289,0.0007160892,-0.0037334845,6832504
20131119,14:00:00.000,BBG000GFFQN9,-0.0028565275,-0.008861013,8507834
20131119,14:00:00.000,BBG000BT41Q8,0.0023667275,-0.003966139,3808477
20131119,14:00:00.000,BBG000CKGBP2,0.008387936,0.006160423,4275586
20131119,14:00:00.000,BBG000BKZB36,0.014022207,0.013301402,8690603
20131119,14:00:00.000,BBG000BLBVN4,-0.0006803106,-0.013439668,329726
20131119,14:00:00.000,BBG000PSKYX7,-0.012248955,-0.015402319,1620276
20131119,14:00:00.000,BBG000BPD168,-0.007568199,-0.0022908452,4466068
20131119,14:00:00.000,BBG000HS77T5,0.002671707,-0.0013793253,4990013
20131119,14:00:00.000,BBG000BVPV84,0.008805719,-0.0077425647,1263723
20131119,14:00:00.000,BBG000BR2TH3,-0.0046515716,-0.0040210043,4069660
20131119,14:00:00.000,BBG000BQPC32,0.0025036964,-0.00706922,16063336
20131119,14:00:00.000,BBG000CGC1X8,0.0026897837,-0.0022234125,5521723
20131119,14:00:00.000,BBG000BMHYD1,1.2532792e-05,0.003925814,3222124
20131119,14:00:00.000,BBG000K4ND22,0.006960308,0.010368927,3239167
20131119,14:00:00.000,BBG000C0G1D1,0.0105178105,0.0012200861,16125506
20131119,14:00:00.000,BBG000C5Z1S3,0.009009865,-0.0062226644,34880808
20131119,14:00:00.000,BBG000BWQFY7,0.003863295,2.7488804e-07,7479598
20131119,14:00:00.000,BBG000BLNNH6,0.0004315885,0.002032548,2760815
20131119,14:00:00.000,BBG000BR2B91,-0.010388174,-0.005934642,14911441
20131119,14:00:00.000,BBG000BSJK37,6.187182e-05,0.00028164772,6912243
20131119,14:00:00.000,BBG000C3J3C9,0.0021710114,-0.00093912723,36535888
20131119,14:00:00.000,BBG000BK6MB5,-0.0058214874,-0.009924508,22958410
20131119,14:00:00.000,BBG000CL9VN6,0.0012569033,-0.017202675,1708243
20131119,14:00:00.000,BBG000GZQ728,-0.0025317385,-0.0022003034,8014399
20131119,14:00:00.000,BBG000DMBXR2,0.0059951534,0.0068178773,15369714
20131119,14:00:00.000,BBG000FY4S11,0.005969496,0.005315379,13564167
20131119,14:00:00.000,BBG000N9MNX3,0.05257665,0.036901746,15386897
20131119,14:00:00.000,BBG000BCTLF6,0.013229794,0.013399921,111571376
20131119,14:00:00.000,BBG000BPH459,0.0038826887,-0.002980886,28158800
20131119,14:00:00.000,BBG000BHSKN9,-0.0040916502,-0.0066778846,760464
20131119,14:00:00.000,BBG000MM2P62,0.013086687,0.0030535467,50816048
20131119,14:00:00.000,BBG000B9XRY4,0.00517998,0.0006360564,5204700
20131119,14:15:00.000,BBG000C221G9,-0.0012310852,-0.012516179,431803
20131119,14:15:00.000,BBG000D9H9F1,0.028658332,0.027993094,1669901
20131119,14:15:00.000,BBG000BJ5GK2,0.01184147,-0.0017316915,819464
20131119,14:15:00.000,BBG000BVVQQ8,0.0020684567,-0.0088025965,1194571
20131119,14:15:00.000,BBG000PTLGZ1,-0.007708482,-0.018187251,336510
20131119,14:15:00.000,BBG000CGT2S4,0.0024686127,0.0010315666,2796085
20131119,14:15:00.000,BBG000RKR4R8,0.00017074781,-0.010462354,6155936
20131119,14:15:00.000,BBG000BDWKC5,-7.143919e-05,-0.0064549246,1203726
20131119,14:15:00.000,BBG000JB27Y9,-0.0045171455,-0.0028476208,729187
20131119,14:15:00.000,BBG000BLXZN1,-0.0025583138,-0.010072176,445091
20131119,14:15:00.000,BBG000BK5DP1,-0.007426041,-0.018321235,1526449
20131119,14:15:00.000,BBG000FBR384,0.011597094,0.00532312,483753
20131119,14:15:00.000,BBG000BCHG15,0.009013314,0.0038690472,425929
20131119,14:15:00.000,BBG000BLHRS2,-0.005345478,-0.010257123,446861
20131119,14:15:00.000,BBG000F80SZ5,-0.022898171,-0.05518412,6848147
20131119,14:15:00.000,BBG000BQ87N0,-0.0024196007,-0.010269322,545689
20131119,14:15:00.000,BBG000HW5GX3,0.006336032,0.0049656346,1509055
20131119,14:15:00.000,BBG000BLMZK6,0.0031926646,-0.0073338947,687861
20131119,14:15:00.000,BBG000BND699,0.0036281857,-0.017728623,796822
20131119,14:15:00.000,BBG000BYWTX7,-0.013339741,-0.029720757,3388826
20131119,14:15:00.000,BBG000BGKHZ3,0.003452066,-0.0012618718,463938
20131119,14:15:00.000,BBG000M1R011,0.01439741,-0.008419862,1578849
20131119,14:15:00.000,BBG000BCJ161,0.0050192424,0.006422815,1566767
20131119,14:15:00.000,BBG000DGPR66,-0.012053121,-0.015043127,703455
20131119,14:15:00.000,BBG000BV75B7,0.003013814,-0.004181474,360082
20131119,14:15:00.000,BBG000BPZBB6,-0.00026438915,-0.0068268664,519040
20131119,14:15:00.000,BBG000BL79J3,-0.012092514,-0.015390548,3440478
20131119,14:15:00.000,BBG000BP7JB0,-0.015482735,-0.03016731,3482600
20131119,14:15:00.000,BBG000BVB8Q0,-0.011458245,-0.013130907,1944737
20131119,14:15:00.000,BBG000TJM7F0,0.00044204848,-0.001849137,765764
20131119,14:15:00.000,BBG000BHQYG9,-0.008107276,-0.015589296,441438
20131119,14:15:00.000,BBG000BDDN94,0.008989258,-0.004753432,206542
20131119,14:15:00.000,BBG000BWP7D9,0.0043629687,-0.00070797844,910689
20131119,14:15:00.000,BBG000F9KJN4,-0.01448833,-0.027868671,2404453
20131119,14:15:00.000,BBG000BWVSR1,-0.0047818655,-0.007033537,1664109
20131119,14:15:00.000,BBG000BHCP19,0.0042746863,-0.01104815,888834
20131119,14:15:00.000,BBG000BFDLV8,-0.009162146,-0.012975671,443003
20131119,14:15:00.000,BBG000BX8DC4,-0.0012426667,-0.0037657146,1380984
20131119,14:15:00.000,BBG000CPHYL4,-0.014353431,-0.031805385,1150653
20131119,14:15:00.000,BBG000BCNYT9,0.0056436434,-0.0046743127,3167551
20131119,14:15:00.000,BBG000VC0T95,0.015345371,-0.0019003086,471831
20131119,14:15:00.000,BBG000PCQQL6,0.0069517298,-0.003942932,959765
20131119,14:15:00.000,BBG000BQ74K1,0.0009622098,0.002104653,865932
20131119,14:15:00.000,BBG000BJDPC2,0.013048815,0.01320366,889565
20131119,14:15:00.000,BBG000GPXKX9,0.004047854,-0.0064824787,455708
20131119,14:15:00.000,BBG000BJ49H3,-0.0047026295,-0.015263805,574959
20131119,14:15:00.000,BBG000PLXQQ3,-0.0077022477,-0.013470528,373438
20131119,14:15:00.000,BBG000BQHGR6,-0.0014810016,-0.010507824,538263
20131119,14:15:00.000,BBG000KLB4Q1,0.010586067,-0.005918652,1556755
20131119,14:15:00.000,BBG000C3Y7J6,0.007852466,-0.0016984163,451786
20131119,14:15:00.000,BBG000FFH4P5,3.8375973e-05,-0.012395128,443458
20131119,14:15:00.000,BBG000JBSJZ4,0.0027087687,-0.00071817683,1001134
20131119,14:15:00.000,BBG000F86GP6,0.008143219,0.0016840597,432810
20131119,14:15:00.000,BBG000BQTMJ9,0.012726354,0.002142871,2176085
20131119,14:15:00.000,BBG000RNTSX0,-0.008699247,-0.019042099,198357
20131119,14:15:00.000,BBG000GZD660,0.0025755703,0.001183591,289498
20131119,14:15:00.000,BBG000D9DMK0,-0.007225547,-0.015134932,377043
20131119,14:15:00.000,BBG003P9ZSL3,-0.0098473625,-0.008644563,228567
20131119,14:15:00.000,BBG000C37332,0.009074355,-0.0014791485,530084
20131119,14:15:00.000,BBG000C1DHF5,0.0127754565,-0.0056747925,1158125
20131119,14:15:00.000,BBG000FW8LZ9,0.0070812753,-0.00041373217,1091486
20131119,14:15:00.000,BBG000BCVMH9,0.0024841544,-0.011814242,248677
20131119,14:15:00.000,BBG000BKQ3V3,0.0017673568,-0.006863782,854165
20131119,14:15:00.000,BBG000CXD6X9,0.0065663913,-0.0027151273,724004
20131119,14:15:00.000,BBG000BCYP43,0.00395275,0.00492984,291763
20131119,14:15:00.000,BBG000PM7GJ0,-0.02047647,-0.036818434,9002929
20131119,14:15:00.000,BBG000C75N77,0.0041303304,-0.000111902686,433701
20131119,14:15:00.000,BBG000G8N9C6,-0.008104435,-0.0076827384,1208333
20131119,14:15:00.000,BBG000C90DH9,0.007110289,0.0011723186,2663990
20131119,14:15:00.000,BBG000C6F3T8,0.011065722,-0.004751166,4048435
20131119,14:15:00.000,BBG000BFV115,-0.007960427,-0.013179948,635803
20131119,14:15:00.000,BBG000C7B436,-0.00039417698,-0.022926077,729813
20131119,14:15:00.000,BBG000BLCPY4,-0.0010493423,-0.010659145,790603
20131119,14:15:00.000,BBG000BD3LM4,0.0013456704,-0.011717507,3080914
20131119,14:15:00.000,BBG000BDY3Y7,-0.023345448,-0.03691564,3125396
20131119,14:15:00.000,BBG000BMZ7P7,-0.0058483547,-0.025237722,387752
20131119,14:15:00.000,BBG000BBNYF6,-0.01068033,-0.011003964,884615
20131119,14:15:00.000,BBG000BK6G19,0.0026623064,-0.0027434267,1171140
20131119,14:15:00.000,BBG000BB29X4,-0.0032920362,-0.007926069,562119
20131119,14:15:00.000,BBG000BB03M1,0.00730403,-0.016828062,948745
20131119,14:15:00.000,BBG000BGD7W6,-0.0034466132,-0.013883896,1431445
20131119,14:15:00.000,BBG000C3NTN5,0.018075256,0.015854819,2340709
20131119,14:15:00.000,BBG000BHB3M6,-0.005183657,-0.01427109,323011
20131119,14:15:00.000,BBG000BBCQD7,-0.005826844,-0.004600593,1303820
20131119,14:15:00.000,BBG000D14WM3,0.008614342,-6.370978e-07,4783466
20131119,14:15:00.000,BBG000CVWGS6,-0.019856915,-0.028530978,4849811
20131119,14:15:00.000,BBG000BQSQ38,0.0054892846,0.004374085,1529002
20131119,14:15:00.000,BBG000BPQVR5,-0.01343964,-0.018692946,485966
20131119,14:15:00.000,BBG000BCZYD3,-0.002077656,0.0009708795,344450
20131119,14:15:00.000,BBG000FDBX90,-0.00086032983,-0.008833171,925854
20131119,14:15:00.000,BBG000BQVTF5,-0.001265116,-0.013034719,612386
20131119,14:15:00.000,BBG001BPFT54,-0.06784806,-0.09494702,5910882
20131119,14:15:00.000,BBG000BHC2S1,-0.006595846,-0.008322607,732213
20131119,14:15:00.000,BBG000DN7P92,0.0041769696,0.0048298305,667207
20131119,14:15:00.000,BBG000C060M4,-0.0052670552,-0.00953173,189553
20131119,14:15:00.000,BBG000BHKYH4,-0.0020007913,-0.0048557934,319520
20131119,14:15:00.000,BBG000F6ZWH2,0.010893894,0.005853764,2638043
20131119,14:15:00.000,BBG000BFTJ91,0.0023551318,-0.0016190571,633350
20131119,14:15:00.000,BBG000BD0TF8,-0.00058894395,-0.0033430094,933466
20131119,14:15:00.000,BBG000BP1Q11,0.013696699,0.0089898035,671271
20131119,14:15:00.000,BBG000D5S4M0,-0.0041598664,-0.014074116,282410
20131119,14:15:00.000,BBG000MQ1SN9,-0.0068290103,-0.018641734,1315151
20131119,14:15:00.000,BBG000BKZTP3,0.0046082945,-0.002630716,710444
20131119,14:15:00.000,BBG000C0HQ54,-0.00043837278,-0.004968042,2301172
20131119,14:15:00.000,BBG000BP1152,0.0021242376,-0.017806156,1756692
20131119,14:15:00.000,BBG000BN9WT5,0.004181165,-0.00950946,1309092
20131119,14:15:00.000,BBG000BBLK04,-0.0034515264,-0.011888514,271982
20131119,14:15:00.000,BBG000NSQ9M0,0.006537253,0.002180912,4124224
20131119,14:15:00.000,BBG000BRXP69,-0.0053027277,-0.006329401,384825
20131119,14:15:00.000,BBG000BGYWY6,0.0007383596,-0.0018473292,189915
20131119,14:15:00.000,BBG000BJ8YN7,-0.0004850902,-0.009383206,965933
20131119,14:15:00.000,BBG000BFVXX0,0.000279591,-0.0039784494,1043581
20131119,14:15:00.000,BBG000BLM0V1,-0.008794467,-0.012155965,348553
20131119,14:15:00.000,BBG000BBCDZ2,0.0020239982,-0.00430633,296865
20131119,14:15:00.000,BBG000KBQZ88,-0.0045789513,-0.015792519,908453
20131119,14:15:00.000,BBG000BWXL85,0.0071399156,-0.004082971,969564
20131119,14:15:00.000,BBG000BKXYX5,-0.010472977,-0.021582574,668841
20131119,14:15:00.000,BBG000D1QCF1,0.015145919,-0.0012342854,1086644
20131119,14:15:00.000,BBG000CKVSG8,-0.0074132024,-0.018655254,1322051
20131119,14:15:00.000,BBG000BPYHJ6,0.04080807,0.029687174,1298214
20131119,14:15:00.000,BBG000BKWSR6,-0.0033907949,-0.007860906,8138636
20131119,14:15:00.000,BBG000BMTFR4,0.00093824085,-0.014868054,896132
20131119,14:15:00.000,BBG000C1FQS9,0.0014341277,-0.004798103,520549
20131119,14:15:00.000,BBG000BR37X2,0.00058116036,-0.0025671783,1287906
20131119,14:15:00.000,BBG000BB6G37,0.00027075928,-0.013759377,823640
20131119,14:15:00.000,BBG000CHPY97,0.0141458325,0.015470826,5258872
20131119,14:15:00.000,BBG000BPXRB3,-0.030139968,-0.041921575,607309
20131119,14:15:00.000,BBG000BF5RY1,-0.0036483856,-0.008583327,1035658
20131119,14:15:00.000,BBG000BNNKG9,0.022490563,0.011524483,2740997
20131119,14:15:00.000,BBG001NVJ6W4,-0.023589186,-0.0390559,1325444
20131119,14:15:00.000,BBG0035LY913,0.008351848,0.008034635,1705137
20131119,14:15:00.000,BBG000BMLWX8,0.0031357014,-0.008395432,1686203
20131119,14:15:00.000,BBG000BPNP00,0.0011773908,-0.012778651,1212765
20131119,14:15:00.000,BBG000DSMS70,-0.006170288,-0.006948025,570014
20131119,14:15:00.000,BBG000D13GN8,-0.026012823,-0.04469519,1370109
20131119,14:15:00.000,BBG000BSC0K9,-0.0033602547,-0.0037804206,709225
20131119,14:15:00.000,BBG000MDCQC2,0.004673921,-0.0057110703,895538
20131119,14:15:00.000,BBG000BMKDM3,-0.006590109,-0.009941357,765264
20131119,14:15:00.000,BBG000BF1R66,0.003282373,0.0012676847,260866
20131119,14:15:00.000,BBG000BJQWD2,-0.0031779127,-0.011588366,754282
20131119,14:15:00.000,BBG000C2ZCH8,0.0021625415,-0.0043966523,483136
20131119,14:15:00.000,BBG000BP8Z50,-0.006850127,-0.011082932,621650
20131119,14:15:00.000,BBG000FBK808,-0.010014738,-0.013253019,3338387
20131119,14:15:00.000,BBG000BXMFC3,0.010365571,-0.0065783723,726758
20131119,14:15:00.000,BBG000BFNR17,0.001798006,-0.004368419,300363
20131119,14:15:00.000,BBG000RGM5P1,-0.015664171,-0.027717358,1541318
20131119,14:15:00.000,BBG000BKR1D6,0.00011537389,-0.0039715166,187458
20131119,14:15:00.000,BBG000D7RKJ5,-0.004938873,-0.010326252,882572
20131119,14:15:00.000,BBG000G6BN50,0.0033542295,0.004992336,317465
20131119,14:15:00.000,BBG000J1QLT0,0.004369905,-0.0038279044,575738
20131119,14:15:00.000,BBG000BNFLM9,-0.008057856,-0.025807435,1303220
20131119,14:15:00.000,BBG000BTCH57,-0.0087894825,-0.020141087,2170933
20131119,14:15:00.000,BBG000FLZN98,-0.0019285865,-0.0063144416,312648
20131119,14:15:00.000,BBG000C4DPX1,0.0013525733,-0.016483188,552062
20131119,14:15:00.000,BBG000BQ8KV2,0.004772634,-0.0017923601,584537
20131119,14:15:00.000,BBG000BPMH90,0.001479749,0.0009523785,857639
20131119,14:15:00.000,BBG000K14Q84,0.0018184072,-0.013306962,417124
20131119,14:15:00.000,BBG000BC9938,0.0070683416,-0.003962117,748996
20131119,14:15:00.000,BBG000QFJ7H3,-0.0046693664,-0.016347695,2164854
20131119,14:15:00.000,BBG000BTQR96,-0.0047318004,-0.0137173375,630737
20131119,14:15:00.000,BBG000CHWP52,0.0006768625,-0.0045075896,562524
20131119,14:15:00.000,BBG000D8RG11,0.007224079,-1.277757e-07,1256510
20131119,14:15:00.000,BBG000BS9489,-0.00045855416,-0.0039320528,505833
20131119,14:15:00.000,BBG000CKJ0P3,-0.015130171,1.5572784e-08,432169
20131119,14:15:00.000,BBG000BWCKB6,0.00032883053,-0.004364261,243576
20131119,14:15:00.000,BBG000BVWLJ6,0.00043057342,-0.0043869894,1364045
20131119,14:15:00.000,BBG000BXM6V2,-0.0064610643,-0.016688349,586786
20131119,14:15:00.000,BBG000D9KWL9,-0.0017812251,-0.0058905086,252007
20131119,14:15:00.000,BBG000BKNX95,0.0014270863,-0.011175824,1146156
20131119,14:15:00.000,BBG000J5Q6L2,0.025394905,0.01861473,5299256
20131119,14:15:00.000,BBG000QN4GY3,-0.009784947,-0.016902829,994294
20131119,14:15:00.000,BBG000BCTQ65,0.0026602393,-0.0038438484,2153524
20131119,14:15:00.000,BBG000BNNYW1,-0.00026521427,-0.005211429,825355
20131119,14:15:00.000,BBG003641015,0.0062460075,0.0046745185,1231828
20131119,14:15:00.000,BBG000D6L294,-0.009144131,-0.014336199,1119866
20131119,14:15:00.000,BBG000BSBZH7,-0.00043968225,-0.0022869506,705211
20131119,14:15:00.000,BBG000BNC3Y9,-0.0034245234,-0.006772842,1189339
20131119,14:15:00.000,BBG000F15NW9,0.00094125216,0.00017625157,896944
20131119,14:15:00.000,BBG000R0L5J4,0.0014879629,-0.004836826,2060353
20131119,14:15:00.000,BBG000BVMPN3,-0.0023455096,-0.0014363796,457109
20131119,14:15:00.000,BBG000BB5BF6,-0.015056903,-0.0251664,1875006
20131119,14:15:00.000,BBG000BR3KL6,-0.005352063,-0.014624508,430720
20131119,14:15:00.000,BBG000BNGTQ7,-0.0031782924,-0.006689121,1125059
20131119,14:15:00.000,BBG000BHZ5J9,0.007408596,0.0021405455,899447
20131119,14:15:00.000,BBG000BN84F3,-0.0070971297,-0.014063214,946762
20131119,14:15:00.000,BBG000BBJQV0,-0.0025941755,-0.016254751,3070576
20131119,14:15:00.000,BBG000BB1TH9,-0.00082069525,-0.01729594,723122
20131119,14:15:00.000,BBG000BFS7D3,-0.003957612,-0.0041039954,536533
20131119,14:15:00.000,BBG000BR14K5,0.005616424,0.0027437478,639470
20131119,14:15:00.000,BBG000BPVCR1,0.029759299,0.020414066,1253689
20131119,14:15:00.000,BBG000BKLH74,-0.0049367324,-0.009416594,2205157
20131119,14:15:00.000,BBG002S5ZRF9,-0.07141811,-0.09187373,1880292
20131119,14:15:00.000,BBG000BKPL53,-0.0010658748,0.0014511109,370595
20131119,14:15:00.000,BBG000DY8ZS4,-0.019990968,-0.035939142,4790997
20131119,14:15:00.000,BBG000DNTSP4,-0.00068463676,-0.005855448,1201869
20131119,14:15:00.000,BBG000BM6788,0.0061852466,-0.0031812247,2146535
20131119,14:15:00.000,BBG000G3QLY3,0.00559336,0.0010462711,501882
20131119,14:15:00.000,BBG000BLKK03,-0.0028964777,-0.0017748125,1686648
20131119,14:15:00.000,BBG000BP0KQ8,-0.024280272,-0.035662144,4173392
20131119,14:15:00.000,BBG000C7LMS8,0.011978962,0.011401095,122466
20131119,14:15:00.000,BBG000JBN3X6,-0.0072166454,-0.008604775,7242366
20131119,14:15:00.000,BBG000QW7VC1,-0.0026964424,-0.017827118,3033804
20131119,14:15:00.000,BBG000C2YHG9,-0.00877199,-0.01611458,1439119
20131119,14:15:00.000,BBG000BVHBM1,0.007399793,-0.0012043881,1554865
20131119,14:15:00.000,BBG000FKJRC5,-0.0010989974,-0.005008503,488127
20131119,14:15:00.000,BBG000BP4MH0,0.0008536187,-0.0019039296,1246185
20131119,14:15:00.000,BBG000BSXQV7,0.0018829533,-0.0024481008,214541
20131119,14:15:00.000,BBG000BY33P5,-0.004151794,-0.013268395,11440052
20131119,14:15:00.000,BBG000BNJHS8,0.001078449,0.0038609677,4929489
20131119,14:15:00.000,BBG000BB5373,0.0068397704,-0.0047822287,5189011
20131119,14:15:00.000,BBG000CSY9H9,0.00027936648,-0.0011664288,604587
20131119,14:15:00.000,BBG000BQWPC5,0.0009948969,-0.0017065525,1347527
20131119,14:15:00.000,BBG000BQZMH4,-0.0042159613,-0.008200924,1807181
20131119,14:15:00.000,BBG000BC4JJ4,0.0075238454,0.0005906885,503526
20131119,14:15:00.000,BBG001QD41M9,-0.0094528645,-0.019592704,1556847
20131119,14:15:00.000,BBG000BHLYS1,-0.0071691684,-0.008243669,809024
20131119,14:15:00.000,BBG000HG21Y3,0.023995448,0.00936139,584746
20131119,14:15:00.000,BBG000BHLYP4,0.010161048,0.014040862,1057080
20131119,14:15:00.000,BBG000DLFM21,-0.002884959,-0.008942543,397767
20131119,14:15:00.000,BBG000H9G7X2,0.0140032945,0.010474813,1507200
20131119,14:15:00.000,BBG000BRRG02,0.0029457097,-0.004277933,177119
20131119,14:15:00.000,BBG000BBMSJ6,-0.025899336,-0.043418325,6627248
20131119,14:15:00.000,BBG000MM5VL9,-0.011066846,-0.024398973,784351
20131119,14:15:00.000,BBG000C2V3D6,-0.01290383,-0.008139087,1635326
20131119,14:15:00.000,BBG000G30YX4,-0.020906286,-0.02132766,497215
20131119,14:15:00.000,BBG000JN8R00,0.0004491833,-0.0135599775,4125094
20131119,14:15:00.000,BBG000C2PW58,-0.00027371137,-0.004836288,206966
20131119,14:15:00.000,BBG000CGQ6M4,0.004606007,0.00019840969,446250
20131119,14:15:00.000,BBG000BCBCM7,0.009284499,-0.0051662144,8366688
20131119,14:15:00.000,BBG000C3HSR0,-0.016789382,-0.03116549,1530633
20131119,14:15:00.000,BBG000BG09F5,-0.0091896625,-0.01792493,1231128
20131119,14:15:00.000,BBG000BDXGP9,0.0020452891,-0.0018405055,1312802
20131119,14:15:00.000,BBG000BTVJ25,0.00012793731,-0.002973023,1348613
20131119,14:15:00.000,BBG000BTKGG8,-0.005304974,-0.010287467,2342785
20131119,14:15:00.000,BBG000BLW530,-0.009737498,-0.019138558,1127821
20131119,14:15:00.000,BBG000BY2Y78,-0.0013594504,-0.0047462913,1642605
20131119,14:15:00.000,BBG000BJ2VQ6,0.0036107434,-0.0030232735,722018
20131119,14:15:00.000,BBG0039320N9,-0.009056207,-0.00980586,1820008
20131119,14:15:00.000,BBG000BRJ809,0.0008114578,-0.0018413846,155957
20131119,14:15:00.000,BBG000TWC2V5,0.012128324,0.0042330995,1633349
20131119,14:15:00.000,BBG0019JZ882,-0.007047959,-0.011788784,2988542
20131119,14:15:00.000,BBG000BF6LY3,0.00443794,-0.0019616904,2916652
20131119,14:15:00.000,BBG000BYYLS8,-0.0012973745,-0.002364826,1644339
20131119,14:15:00.000,BBG000BRWGG9,-0.009701532,-0.023188181,11855486
20131119,14:15:00.000,BBG000FW00S1,0.010127714,-0.005163843,3311263
20131119,14:15:00.000,BBG000BK67C7,0.0075942413,0.0038639868,1051782
20131119,14:15:00.000,BBG000FVXD63,0.017906116,0.014839908,1141357
20131119,14:15:00.000,BBG000D2M0Z7,-0.007968858,-0.0154079385,579487
20131119,14:15:00.000,BBG000BLBXT4,0.0025617399,-0.008371518,559402
20131119,14:15:00.000,BBG000CS7CT9,-0.0018474415,0.0015829314,1740316
20131119,14:15:00.000,BBG000BFMBQ6,0.004133428,0.0017837164,868077
20131119,14:15:00.000,BBG000BBBNC6,-0.0126543045,-0.008669774,916046
20131119,14:15:00.000,BBG000G0Z878,-0.0058115227,-0.010836607,2481428
20131119,14:15:00.000,BBG000CR90K4,-0.007612118,-0.017843008,11684716
20131119,14:15:00.000,BBG000BQ2C28,-0.004310161,-0.0042502335,654587
20131119,14:15:00.000,BBG000BMBL90,0.0007447313,-0.0034614978,907761
20131119,14:15:00.000,BBG000BX5ZF5,0.022273852,0.009020105,6930525
20131119,14:15:00.000,BBG000BPT0C6,0.0004649309,-0.0058076545,1429776
20131119,14:15:00.000,BBG000BMY992,0.014580923,0.0082176,2536774
20131119,14:15:00.000,BBG000BL9JQ1,-0.00923137,-0.013936968,1789607
20131119,14:15:00.000,BBG000JG0547,0.030820234,0.031085499,4660651
20131119,14:15:00.000,BBG000BM7HL0,-0.013078141,-0.025389384,2007050
20131119,14:15:00.000,BBG000BRK7L6,0.0030629756,0.0008427174,2583954
20131119,14:15:00.000,BBG000BMQPL1,-0.004021895,-0.007803691,7944903
20131119,14:15:00.000,BBG000C1FB75,,,810585
20131119,14:15:00.000,BBG000CZWZ05,0.0007128815,-0.006772097,0
20131119,14:15:00.000,BBG000R7RDB4,-0.007965069,-0.016015593,847527
20131119,14:15:00.000,BBG000DTMH63,,,1911965
20131119,14:15:00.000,BBG000BTR593,0.02901804,0.028095659,2928748
20131119,14:15:00.000,BBG000BB6M98,-0.0057439944,-0.011579944,3808238
20131119,14:15:00.000,BBG000C2BXK4,-0.019232703,-0.034813546,6500477
20131119,14:15:00.000,BBG000PVRDL2,-0.0027766016,-0.010659697,2242301
20131119,14:15:00.000,BBG000BVMGF2,-0.0030142139,-0.004793694,799320
20131119,14:15:00.000,BBG000BCGY17,0.0027292483,-0.0028299724,1270782
20131119,14:15:00.000,BBG000CNFQW6,-0.00027955265,-0.0015430569,479771
20131119,14:15:00.000,BBG000BSD7C2,-0.00022332743,-0.0018091408,875191
20131119,14:15:00.000,BBG000FQ6PY6,-0.00819794,-0.012074478,1399592
20131119,14:15:00.000,BBG000BC15S7,-0.001591427,-0.007143835,936973
20131119,14:15:00.000,BBG000BVDLH9,-0.0009114397,-0.00084346894,617495
20131119,14:15:00.000,BBG000GC80B4,-0.0014561414,0.0007517628,992180
20131119,14:15:00.000,BBG000C0F570,-0.0037457554,-0.018047284,2428874
20131119,14:15:00.000,BBG000D898T9,0.0004967092,-0.003166401,1396037
20131119,14:15:00.000,BBG000BG14P4,0.007852118,-0.019230787,1612750
20131119,14:15:00.000,BBG000DQTXY6,-0.0033047812,-0.012950733,2965152
20131119,14:15:00.000,BBG000C1S2X2,0.019399578,0.011991652,1165058
20131119,14:15:00.000,BBG000BWSV34,-0.0069735837,-0.011257547,660690
20131119,14:15:00.000,BBG000H0QBS7,-0.0008727997,-0.009139708,485216
20131119,14:15:00.000,BBG000BWNFZ9,0.003740481,-0.0115821455,1012105
20131119,14:15:00.000,BBG000BS0ZF1,0.0025609415,0.00028941547,360840
20131119,14:15:00.000,BBG000CPQZ77,-0.0070020673,-0.0188578,2376262
20131119,14:15:00.000,BBG001M8HHB7,0.023608906,0.0026294582,935734
20131119,14:15:00.000,BBG000BH5DV1,0.0009147365,-0.003678405,751903
20131119,14:15:00.000,BBG000NV1KK7,0.0047411695,0.0061152335,1525847
20131119,14:15:00.000,BBG000DKCC19,0.048545055,0.044535015,5343824
20131119,14:15:00.000,BBG000CXYSZ6,-0.018663637,-0.029959965,1234970
20131119,14:15:00.000,BBG000BGLRN3,-0.0057500927,-0.008697007,2733428
20131119,14:15:00.000,BBG000QRKJ70,-0.038849592,-0.067210756,16557978
20131119,14:15:00.000,BBG000BQ5DS5,0.0007281845,-0.011464216,711136
20131119,14:15:00.000,BBG000BV7LP7,0.016566422,0.007262606,2749385
20131119,14:15:00.000,BBG000BH5LT6,-0.00865388,-0.011348081,2451556
20131119,14:15:00.000,BBG000R8ZVD1,0.009285219,-0.0020184368,1030153
20131119,14:15:00.000,BBG000BRJL00,-0.0039905035,-0.009710201,1845662
20131119,14:15:00.000,BBG000BB6WG8,0.005921339,0.001466804,2979007
20131119,14:15:00.000,BBG000BJL3N0,-0.0015213402,-0.0044991216,3592928
20131119,14:15:00.000,BBG000QY3XZ2,0.007488964,-0.008044978,1160292
20131119,14:15:00.000,BBG000LD9JQ8,-0.016044552,-0.028665002,1277659
20131119,14:15:00.000,BBG000Q3JN03,-0.0066778394,-0.012414971,8522244
20131119,14:15:00.000,BBG000BH3JF8,-0.002848296,-0.005969329,1061090
20131119,14:15:00.000,BBG000BR54L0,0.0034988325,-0.00875524,4666306
20131119,14:15:00.000,BBG000PX3XC0,-0.009741707,-0.0155164115,2040998
20131119,14:15:00.000,BBG001YMS0B8,0.0030422555,-0.0017932551,1736067
20131119,14:15:00.000,BBG000BD8PN9,-0.0035733005,-0.003923163,3222017
20131119,14:15:00.000,BBG000BRD0D8,0.0027835967,-0.0006646888,967023
20131119,14:15:00.000,BBG000BMDV41,-0.00431672,-0.014005741,2092667
20131119,14:15:00.000,BBG000BGVW60,0.0026490628,-0.0026558647,1567378
20131119,14:15:00.000,BBG000BKCFC2,-0.011391326,-0.013933481,2738566
20131119,14:15:00.000,BBG000BB9KF2,-0.0021734822,-0.0076592304,2256041
20131119,14:15:00.000,BBG000C0MF34,-0.0059314845,-0.010023704,280721
20131119,14:15:00.000,BBG000BZ2GG4,-0.0011211206,-0.014325603,1395722
20131119,14:15:00.000,BBG000C0LW92,0.03262085,0.028509758,8481528
20131119,14:15:00.000,BBG000BMW2Z0,-0.0018860267,-0.0016664504,1266339
20131119,14:15:00.000,BBG000F0KF42,-0.0020414502,-0.01587494,1761599
20131119,14:15:00.000,BBG000BX3TD3,-0.004020022,-0.01744503,3894611
20131119,14:15:00.000,BBG000QX74T1,0.008915406,0.003154337,188536
20131119,14:15:00.000,BBG000BWJFZ4,-0.0066765663,-0.009452083,308298
20131119,14:15:00.000,BBG000BKFBD7,-0.0012953099,-0.0006341913,1216475
20131119,14:15:00.000,BBG000JWD753,-0.0053039454,-0.018791277,2287840
20131119,14:15:00.000,BBG000M65M61,0.04191235,0.034355108,8999909
20131119,14:15:00.000,BBG000MBDGM6,-0.008794637,-0.015922517,350574
20131119,14:15:00.000,BBG000BBVJZ8,0.007151346,0.006521309,1679861
20131119,14:15:00.000,BBG000BV8DN6,0.011331313,0.010239424,2594211
20131119,14:15:00.000,BBG000BH2JM1,0.004487913,-0.0021140685,4308438
20131119,14:15:00.000,BBG000BGJRC8,-0.005165625,-0.016155735,4044077
20131119,14:15:00.000,BBG000QBR5J5,-0.0029587224,-0.0040445635,1420056
20131119,14:15:00.000,BBG000BSLZY7,0.0046955305,0.001638877,7403307
20131119,14:15:00.000,BBG000BJSBJ0,-0.011917933,-0.019543083,2839918
20131119,14:15:00.000,BBG000BJ81C1,-0.00079137774,-0.00034083863,648629
20131119,14:15:00.000,BBG000BFL116,-0.01873201,-0.043585,3195626
20131119,14:15:00.000,BBG000HCJMF9,0.004175841,0.0034971896,1260900
20131119,14:15:00.000,BBG000FV1Z23,0.0020069242,-0.01166459,694729
20131119,14:15:00.000,BBG000BBDV81,-3.691387e-05,-0.0035812585,1245387
20131119,14:15:00.000,BBG000FJLFX8,-0.004402555,-0.0047099134,1683221
20131119,14:15:00.000,BBG000J6XT05,-0.0076402184,-0.012479534,4044434
20131119,14:15:00.000,BBG000BCWCG1,-0.07188867,-0.08403161,22305534
20131119,14:15:00.000,BBG000BJPDZ1,-0.0025752108,0.0003942452,106970
20131119,14:15:00.000,BBG000BPQD31,0.00062407687,0.00047791848,2352837
20131119,14:15:00.000,BBG000C734W3,0.0022681227,-0.0029710752,372662
20131119,14:15:00.000,BBG000C3GN47,0.008993588,0.0048676026,2637921
20131119,14:15:00.000,BBG000BFRF55,0.025799373,0.007634878,5343111
20131119,14:15:00.000,BBG000BGPTV6,-0.0030512088,-0.01758028,643410
20131119,14:15:00.000,BBG000BM5SR2,0.0064310213,-0.00055265136,2588449
20131119,14:15:00.000,BBG000BN5HF7,-0.0048370706,-0.013616886,2448482
20131119,14:15:00.000,BBG000BBD070,0.004093771,-0.0028680738,1174460
20131119,14:15:00.000,BBG000BVPPM1,0.017340582,0.00956953,3484166
20131119,14:15:00.000,BBG000DYGNW7,0.0022761957,-0.0007238247,598651
20131119,14:15:00.000,BBG000BCG930,0.0175102,0.018968241,2665419
20131119,14:15:00.000,BBG000BHGDH5,-0.00066675973,-0.0064292927,1409483
20131119,14:15:00.000,BBG000BJ3PD2,-0.0007926434,-0.012070032,1244499
20131119,14:15:00.000,BBG000BFQYY3,0.0030908901,0.001688366,1200356
20131119,14:15:00.000,BBG000BY29C7,0.0039712354,-9.279985e-05,1443171
20131119,14:15:00.000,BBG000C1BW00,0.0128715765,0.009320387,582459
20131119,14:15:00.000,BBG000BD4VG8,0.0067619644,-0.0061047394,1862502
20131119,14:15:00.000,BBG000BHQ1H0,0.007133699,0.007781181,1681442
20131119,14:15:00.000,BBG000BB5006,-0.0022829168,-0.015193379,1770836
20131119,14:15:00.000,BBG000BKFZM4,0.008234355,0.0017872705,5352636
20131119,14:15:00.000,BBG000BWVCP8,0.00088728516,-0.006801771,3668866
20131119,14:15:00.000,BBG000FH8PX5,-0.01331458,-0.01445119,750895
20131119,14:15:00.000,BBG000BHX7N2,0.00416191,-0.003994272,1098149
20131119,14:15:00.000,BBG000WCFV84,-0.0035456766,-0.0097474465,1858883
20131119,14:15:00.000,BBG000BBPFB9,0.0116089275,-0.003553915,6157207
20131119,14:15:00.000,BBG000FL1TC8,0.0056826943,0.0016136308,2073915
20131119,14:15:00.000,BBG000F6H8W8,0.0036134236,0.00044583032,717088
20131119,14:15:00.000,BBG000BGKTF9,-0.004664173,-0.0023047663,1547632
20131119,14:15:00.000,BBG000C8H633,0.009425477,0.010405981,4009406
20131119,14:15:00.000,BBG000H89QJ6,0.00751933,0.0012349599,1483734
20131119,14:15:00.000,BBG0014GG205,-0.012363344,-0.031644084,7285106
20131119,14:15:00.000,BBG000BFXHL6,-0.019948518,-0.025710434,2026889
20131119,14:15:00.000,BBG000BH3GZ2,0.0052553536,0.004426112,1394050
20131119,14:15:00.000,BBG000BT9DW0,-0.00021745244,-0.0051948964,3673503
20131119,14:15:00.000,BBG000FP1N32,0.0060315044,-0.0032036372,1756120
20131119,14:15:00.000,BBG000FNRZ69,0.0032974172,-0.014080687,3291345
20131119,14:15:00.000,BBG000D42FJ0,-0.06333703,-0.08578532,8601185
20131119,14:15:00.000,BBG00286S4N9,0.014660899,0.0113054905,1692913
20131119,14:15:00.000,BBG0025Y4RY4,-0.0032727725,-0.005524016,2249703
20131119,14:15:00.000,BBG000BFDXW1,0.0072651175,-0.0075127115,5364466
20131119,14:15:00.000,BBG0029SNR63,-0.0038400781,-0.01315711,1897428
20131119,14:15:00.000,BBG000G2R6M0,0.0030752288,-0.0012415127,3435544
20131119,14:15:00.000,BBG000BCVJ77,-0.0010963227,0.0027604187,2435059
20131119,14:15:00.000,BBG000BL4504,-0.00022240203,-0.00865345,8082017
20131119,14:15:00.000,BBG000BC2C10,0.006787911,0.009891332,1877085
20131119,14:15:00.000,BBG000B9WH86,0.022057839,0.014532816,18564984
20131119,14:15:00.000,BBG000BJX8C8,0.0027544955,-0.005452303,2072353
20131119,14:15:00.000,BBG000H556T9,0.001423592,-0.004192914,950298
20131119,14:15:00.000,BBG000C496P7,-0.004539295,-0.01375542,1933572
20131119,14:15:00.000,BBG000FG3C43,0.0039610686,-0.012296384,2262317
20131119,14:15:00.000,BBG000BNWG87,-0.0097271055,-0.007033309,3399416
20131119,14:15:00.000,BBG000BNBDC2,-0.006687229,-0.0015675172,2176653
20131119,14:15:00.000,BBG000BJ98Z0,-0.015219772,-0.029724432,2062843
20131119,14:15:00.000,BBG000Q2HM09,0.0021846942,-0.018158253,2620909
20131119,14:15:00.000,BBG000D9D830,0.0012800122,0.00012725501,1419041
20131119,14:15:00.000,BBG000CJZ2W6,-0.020407273,-0.033152573,2459027
20131119,14:15:00.000,BBG000BH13K9,-0.0043323077,-0.0061588376,2148844
20131119,14:15:00.000,BBG000C46HM9,-0.0055110212,-0.0049526,2408806
20131119,14:15:00.000,BBG000BWXBC2,0.0015444583,-0.00012641783,2674735
20131119,14:15:00.000,BBG000BN2DC2,-0.024892582,-0.04171589,11556998
20131119,14:15:00.000,BBG000BTZQC4,0.0017724764,-0.0018476594,4872603
20131119,14:15:00.000,BBG001DCCGR8,0.028006695,0.02118745,3275566
20131119,14:15:00.000,BBG000BB6KF5,0.00012906693,-0.0007665931,3754026
20131119,14:15:00.000,BBG000DHSPT0,0.0015295611,-0.0020731431,1997696
20131119,14:15:00.000,BBG000F0PF65,-0.0031604068,-0.006434098,2021214
20131119,14:15:00.000,BBG000BH1NH9,-0.0062973476,-0.009922419,3465845
20131119,14:15:00.000,BBG000BVV7G1,0.004801643,-0.006831842,2165676
20131119,14:15:00.000,BBG000BPWXK1,0.00666122,0.0029604207,3128856
20131119,14:15:00.000,BBG000BJF1Z8,-0.010901918,-0.021839919,1748418
20131119,14:15:00.000,BBG000BXRPH1,-0.008191718,-0.01722799,1800741
20131119,14:15:00.000,BBG000BC40Y8,0.0024851046,0.00082985364,1461859
20131119,14:15:00.000,BBG000BBGGQ1,0.003945672,-0.0025623227,4941020
20131119,14:15:00.000,BBG000C17X76,0.016355807,0.016391633,816089
20131119,14:15:00.000,BBG000BP6LJ8,-0.0056819273,-0.0070986957,3692309
20131119,14:15:00.000,BBG000B9ZXB4,0.015542975,0.017393408,6107930
20131119,14:15:00.000,BBG000BMF5J0,0.0031939382,-0.0045943996,17035988
20131119,14:15:00.000,BBG000C5HS04,-0.005028076,-0.009670946,2036629
20131119,14:15:00.000,BBG000BLZRJ2,0.0035694828,0.002308222,6047428
20131119,14:15:00.000,BBG000L9CV04,0.0009928152,-0.0069097383,1448275
20131119,14:15:00.000,BBG000BWLMJ4,-0.020179266,-0.023788452,3358023
20131119,14:15:00.000,BBG000D4LWF6,0.00075587706,-0.0061835237,3140319
20131119,14:15:00.000,BBG000BCQZS4,-0.0012713607,-6.0383714e-05,1740076
20131119,14:15:00.000,BBG000H8TVT2,-0.0004452793,0.0040618763,2047896
20131119,14:15:00.000,BBG000FFDM15,0.007767488,0.009393082,5059660
20131119,14:15:00.000,BBG000BFWKC0,-0.00979692,-0.0073116533,1568200
20131119,14:15:00.000,BBG000BP52R2,0.0013483749,0.00011574289,1402417
20131119,14:15:00.000,BBG000C15T95,0.0057317056,-0.0032300195,2716078
20131119,14:15:00.000,BBG000BZ9223,-0.0070179226,-0.010263578,820767
20131119,14:15:00.000,BBG000BHBK84,0.0041106185,-0.0047669294,3476453
20131119,14:15:00.000,BBG000CTQBF3,-0.0017675176,-0.0049035386,2466117
20131119,14:15:00.000,BBG000BW8S60,0.0027775455,-0.0010994887,1013043
20131119,14:15:00.000,BBG000BB07P9,0.009687218,0.0033973637,6827852
20131119,14:15:00.000,BBG000CH5208,-0.0027879032,-0.0028594462,2133211
20131119,14:15:00.000,BBG000BW3299,0.0005253905,-0.0097946515,1042195
20131119,14:15:00.000,BBG000DQLV23,0.0017224092,0.0025046743,2801196
20131119,14:15:00.000,BBG000DWYF03,-0.006071342,-0.010961357,5593509
20131119,14:15:00.000,BBG000BGRY34,-0.0030364695,-0.0027508433,2457860
20131119,14:15:00.000,BBG000F1ZSQ2,-0.007862258,-0.010373848,185771
20131119,14:15:00.000,BBG000BQQ2S6,-0.0060231695,-0.0054582437,1569912
20131119,14:15:00.000,BBG000KHWT55,0.011349625,0.00080026395,8771837
20131119,14:15:00.000,BBG000BNDN65,-0.005738236,-0.009823805,7821608
20131119,14:15:00.000,BBG000R7Z112,-0.0021342754,-0.007111174,8126361
20131119,14:15:00.000,BBG000BQQH30,-0.007973075,-0.0029032286,4790074
20131119,14:15:00.000,BBG000BBS2Y0,-0.010012167,-0.0053432425,1265405
20131119,14:15:00.000,BBG000J2XL74,0.0022745547,-0.0026181664,1943610
20131119,14:15:00.000,BBG000BJDB15,-0.0050547565,-0.009318892,4641471
20131119,14:15:00.000,BBG000DWG505,-0.0002572721,-0.0025450361,1380714
20131119,14:15:00.000,BBG000DH7JK6,-0.0038738386,-0.00745358,2692904
20131119,14:15:00.000,BBG000BKTFN2,0.00019983944,-0.011962883,5159688
20131119,14:15:00.000,BBG000BF0K17,0.0025362503,-0.005771171,2871665
20131119,14:15:00.000,BBG000BFC8J2,0.0027992327,0.0045752595,1880277
20131119,14:15:00.000,BBG000BH4R78,0.0003033538,-0.0037404047,2769575
20131119,14:15:00.000,BBG000NDYB67,-0.009147988,-0.01761824,11784581
20131119,14:15:00.000,BBG000C6CFJ5,0.0023314082,0.0064577106,1867420
20131119,14:15:00.000,BBG000BQLTW7,-0.0021501277,-0.007160063,8806299
20131119,14:15:00.000,BBG000BNSZP1,-0.0006631665,0.0052234586,2407592
20131119,14:15:00.000,BBG000BBDZG3,-0.007957715,-0.0030649735,4210834
20131119,14:15:00.000,BBG000BHVJJ3,2.3741517e-05,-0.0058550523,7871026
20131119,14:15:00.000,BBG000BFT2L4,0.00029766108,-0.0023192856,3543024
20131119,14:15:00.000,BBG000C43RR5,0.0025897059,0.00038517063,6679686
20131119,14:15:00.000,BBG000Q9HH23,0.013723294,-0.0010577828,1217674
20131119,14:15:00.000,BBG000BCSST7,-0.0058434056,-0.010444422,2582995
20131119,14:15:00.000,BBG000BMX289,0.00073301885,-0.0022404012,7240169
20131119,14:15:00.000,BBG000GFFQN9,-0.0034115575,-0.00886096,8819762
20131119,14:15:00.000,BBG000BT41Q8,0.00054339477,-0.0054874257,4128622
20131119,14:15:00.000,BBG000CKGBP2,0.009467433,0.009131979,4515999
20131119,14:15:00.000,BBG000BKZB36,0.011438973,0.011042474,8930179
20131119,14:15:00.000,BBG000BLBVN4,-6.660808e-05,-0.01294287,353375
20131119,14:15:00.000,BBG000PSKYX7,-0.0115372455,-0.014127275,1769943
20131119,14:15:00.000,BBG000BPD168,-0.0072387387,-0.0010413354,4764761
20131119,14:15:00.000,BBG000HS77T5,0.00252984,-0.0011823769,5299747
20131119,14:15:00.000,BBG000BVPV84,0.010773741,-0.005912867,1323843
20131119,14:15:00.000,BBG000BR2TH3,-0.0042176703,-0.0024836513,4265350
20131119,14:15:00.000,BBG000BQPC32,0.0014292626,-0.008836416,17319606
20131119,14:15:00.000,BBG000CGC1X8,0.003107638,-0.0008334386,5811403
20131119,14:15:00.000,BBG000BMHYD1,-1.8501507e-05,0.004774746,3468741
20131119,14:15:00.000,BBG000K4ND22,0.0067822016,0.0107836425,3435019
20131119,14:15:00.000,BBG000C0G1D1,0.010296113,0.0016265736,16661098
20131119,14:15:00.000,BBG000C5Z1S3,0.010881555,-0.0051855315,35849712
20131119,14:15:00.000,BBG000BWQFY7,0.0028861475,-0.00023003771,8286489
20131119,14:15:00.000,BBG000BLNNH6,-0.000542269,0.0014365001,2914410
20131119,14:15:00.000,BBG000BR2B91,-0.009842304,-0.0043730354,15743236
20131119,14:15:00.000,BBG000BSJK37,8.454216e-05,0.0008432675,7286979
20131119,14:15:00.000,BBG000C3J3C9,0.0015258222,-0.00093906955,37930232
20131119,14:15:00.000,BBG000BK6MB5,-0.0035090921,-0.007351569,25061868
20131119,14:15:00.000,BBG000CL9VN6,0.0027005905,-0.017100269,1753565
20131119,14:15:00.000,BBG000GZQ728,-0.0015506208,-0.000103955725,8510911
20131119,14:15:00.000,BBG000DMBXR2,0.0029740944,0.004664785,16210315
20131119,14:15:00.000,BBG000FY4S11,0.004511914,0.0045277798,14191033
20131119,14:15:00.000,BBG000N9MNX3,0.05072703,0.032129563,15737058
20131119,14:15:00.000,BBG000BCTLF6,0.010426629,0.011389828,116560368
20131119,14:15:00.000,BBG000BPH459,0.0034901656,-0.0032517735,29280204
20131119,14:15:00.000,BBG000BHSKN9,-0.0045951176,-0.006275463,781671
20131119,14:15:00.000,BBG000MM2P62,0.013942133,0.003926284,53221508
20131119,14:15:00.000,BBG000B9XRY4,0.005032085,0.00013482044,5374000
20131119,14:30:00.000,BBG000C221G9,-0.0008923799,-0.012231781,468523
20131119,14:30:00.000,BBG000D9H9F1,0.030209135,0.02930813,1711672
20131119,14:30:00.000,BBG000BJ5GK2,0.013542403,-0.0009235481,856808
20131119,14:30:00.000,BBG000BVVQQ8,0.002575248,-0.009128463,1236094
20131119,14:30:00.000,BBG000PTLGZ1,-0.008626002,-0.020242644,353412
20131119,14:30:00.000,BBG000CGT2S4,0.001618204,0.0005163621,2875814
20131119,14:30:00.000,BBG000RKR4R8,0.0011864833,-0.010462413,6285942
20131119,14:30:00.000,BBG000BDWKC5,0.0016054538,-0.0052246894,1279925
20131119,14:30:00.000,BBG000JB27Y9,-0.004531006,-0.0031066434,761204
20131119,14:30:00.000,BBG000BLXZN1,-0.0033310843,-0.013772133,474785
20131119,14:30:00.000,BBG000BK5DP1,-0.0068940674,-0.01981677,1582988
20131119,14:30:00.000,BBG000FBR384,0.01174918,0.0053228755,494066
20131119,14:30:00.000,BBG000BCHG15,0.00911443,0.0028598027,439964
20131119,14:30:00.000,BBG000BLHRS2,-0.004128821,-0.009590442,481334
20131119,14:30:00.000,BBG000F80SZ5,-0.021133553,-0.054395787,7303573
20131119,14:30:00.000,BBG000BQ87N0,-0.0042637647,-0.013303545,604656
20131119,14:30:00.000,BBG000HW5GX3,0.005884287,0.0040347604,1600159
20131119,14:30:00.000,BBG000BLMZK6,0.0029496928,-0.008963824,714144
20131119,14:30:00.000,BBG000BND699,0.0055158343,-0.017242895,870443
20131119,14:30:00.000,BBG000BYWTX7,-0.0140829915,-0.031170612,3510931
20131119,14:30:00.000,BBG000BGKHZ3,0.0027283987,-0.0027936168,480061
20131119,14:30:00.000,BBG000M1R011,0.01616875,-0.008806921,1624843
20131119,14:30:00.000,BBG000BCJ161,-0.0033243666,-0.004395141,1666351
20131119,14:30:00.000,BBG000DGPR66,-0.010411832,-0.013937916,741794
20131119,14:30:00.000,BBG000BV75B7,0.003964179,-0.005817746,387357
20131119,14:30:00.000,BBG000BPZBB6,-0.0021674242,-0.009930007,543919
20131119,14:30:00.000,BBG000BL79J3,-0.013005538,-0.0175351,3501364
20131119,14:30:00.000,BBG000BP7JB0,-0.018897459,-0.034243997,3633500
20131119,14:30:00.000,BBG000BVB8Q0,-0.012213999,-0.013951641,2004642
20131119,14:30:00.000,BBG000TJM7F0,-3.4739052e-05,-0.0021573948,783357
20131119,14:30:00.000,BBG000BHQYG9,-0.0087124165,-0.017893942,474182
20131119,14:30:00.000,BBG000BDDN94,0.008913333,-0.006097771,215944
20131119,14:30:00.000,BBG000BWP7D9,0.004333395,-0.0024791854,960399
20131119,14:30:00.000,BBG000F9KJN4,-0.019446518,-0.034075644,2528892
20131119,14:30:00.000,BBG000BWVSR1,-0.004982837,-0.0070335222,1712505
20131119,14:30:00.000,BBG000BHCP19,0.003714661,-0.012210396,939234
20131119,14:30:00.000,BBG000BFDLV8,-0.009923717,-0.014387906,476907
20131119,14:30:00.000,BBG000BX8DC4,-0.00056447403,-0.004303605,1416954
20131119,14:30:00.000,BBG000CPHYL4,-0.016261557,-0.0341878,1210304
20131119,14:30:00.000,BBG000BCNYT9,0.0064643184,-0.0040898384,3223591
20131119,14:30:00.000,BBG000VC0T95,0.011971058,-0.006651955,485033
20131119,14:30:00.000,BBG000PCQQL6,0.009456584,-0.002868549,1026963
20131119,14:30:00.000,BBG000BQ74K1,0.000968957,0.0017538298,883139
20131119,14:30:00.000,BBG000BJDPC2,0.010444455,0.009349645,935070
20131119,14:30:00.000,BBG000GPXKX9,0.0019285941,-0.010041364,471421
20131119,14:30:00.000,BBG000BJ49H3,-0.005805587,-0.017285964,625365
20131119,14:30:00.000,BBG000PLXQQ3,-0.00858983,-0.015113234,383493
20131119,14:30:00.000,BBG000BQHGR6,-0.0019536833,-0.013026245,552699
20131119,14:30:00.000,BBG000KLB4Q1,0.009914527,-0.007497012,1624656
20131119,14:30:00.000,BBG000C3Y7J6,0.0076133274,-0.003631193,474701
20131119,14:30:00.000,BBG000FFH4P5,-0.00057475513,-0.013528397,466053
20131119,14:30:00.000,BBG000JBSJZ4,0.0028827894,-0.0010773547,1046435
20131119,14:30:00.000,BBG000F86GP6,0.0059435046,-0.0012788533,550316
20131119,14:30:00.000,BBG000BQTMJ9,0.012140271,0.0004294481,2232206
20131119,14:30:00.000,BBG000RNTSX0,-0.006244572,-0.019580737,210827
20131119,14:30:00.000,BBG000GZD660,0.00080950826,-0.0018931491,299045
20131119,14:30:00.000,BBG000D9DMK0,-0.0053255646,-0.0129387,413786
20131119,14:30:00.000,BBG003P9ZSL3,-0.014875189,-0.015187067,237068
20131119,14:30:00.000,BBG000C37332,0.006209633,-0.005255007,552650
20131119,14:30:00.000,BBG000C1DHF5,0.012493522,-0.007222588,1197742
20131119,14:30:00.000,BBG000FW8LZ9,0.004839875,-0.0051667825,1185923
20131119,14:30:00.000,BBG000BCVMH9,0.00066161115,-0.014484115,271549
20131119,14:30:00.000,BBG000BKQ3V3,0.0021359667,-0.0067548375,878011
20131119,14:30:00.000,BBG000CXD6X9,0.006359088,-0.0031529805,735469
20131119,14:30:00.000,BBG000BCYP43,0.0039282506,0.0047104787,299963
20131119,14:30:00.000,BBG000PM7GJ0,-0.01846054,-0.035503525,9371481
20131119,14:30:00.000,BBG000C75N77,0.004388487,-1.8201042e-07,457351
20131119,14:30:00.000,BBG000G8N9C6,-0.007414243,-0.008002831,1258090
20131119,14:30:00.000,BBG000C90DH9,0.0073345616,-4.045597e-07,2775288
20131119,14:30:00.000,BBG000C6F3T8,0.009267146,-0.008909077,4199029
20131119,14:30:00.000,BBG000BFV115,-0.0047453092,-0.011475483,691452
20131119,14:30:00.000,BBG000C7B436,-0.0013785637,-0.025648577,778107
20131119,14:30:00.000,BBG000BLCPY4,-0.0007956989,-0.009897683,818714
20131119,14:30:00.000,BBG000BD3LM4,0.0008032655,-0.012025869,3216827
20131119,14:30:00.000,BBG000BDY3Y7,-0.023054129,-0.037158392,3205363
20131119,14:30:00.000,BBG000BMZ7P7,-0.005051521,-0.025880689,399464
20131119,14:30:00.000,BBG000BBNYF6,-0.013045884,-0.014201889,920997
20131119,14:30:00.000,BBG000BK6G19,0.0032212338,-0.0030860598,1200175
20131119,14:30:00.000,BBG000BB29X4,-0.003482533,-0.009655473,596260
20131119,14:30:00.000,BBG000BB03M1,0.0061873076,-0.020874579,986936
20131119,14:30:00.000,BBG000BGD7W6,-0.0052200835,-0.016660802,1489824
20131119,14:30:00.000,BBG000C3NTN5,0.018147133,0.016321216,2506102
20131119,14:30:00.000,BBG000BHB3M6,-0.005336005,-0.014594281,329747
20131119,14:30:00.000,BBG000BBCQD7,-0.0044720755,-0.0038337982,1445841
20131119,14:30:00.000,BBG000D14WM3,0.0060156505,-0.0043240516,5292487
20131119,14:30:00.000,BBG000CVWGS6,-0.024336385,-0.03366653,5256523
20131119,14:30:00.000,BBG000BQSQ38,0.0053729825,0.0036833843,1679523
20131119,14:30:00.000,BBG000BPQVR5,-0.012100924,-0.017481908,509574
20131119,14:30:00.000,BBG000BCZYD3,-0.0016662957,0.001063409,364928
20131119,14:30:00.000,BBG000FDBX90,-0.0022107805,-0.01164385,994816
20131119,14:30:00.000,BBG000BQVTF5,-0.002696908,-0.015606293,660153
20131119,14:30:00.000,BBG001BPFT54,-0.06336044,-0.09317418,6066395
20131119,14:30:00.000,BBG000BHC2S1,-0.005313993,-0.009262252,754656
20131119,14:30:00.000,BBG000DN7P92,0.0035788226,0.00401357,710283
20131119,14:30:00.000,BBG000C060M4,-0.005041783,-0.010357537,193453
20131119,14:30:00.000,BBG000BHKYH4,-0.0016112962,-0.0052760453,334007
20131119,14:30:00.000,BBG000F6ZWH2,0.008370637,0.0012409067,2693919
20131119,14:30:00.000,BBG000BFTJ91,0.0032810913,-0.0020506426,665280
20131119,14:30:00.000,BBG000BD0TF8,-0.00015955466,-0.0037142977,972249
20131119,14:30:00.000,BBG000BP1Q11,0.014994672,0.0092642745,732487
20131119,14:30:00.000,BBG000D5S4M0,-0.0016731025,-0.0130118225,290993
20131119,14:30:00.000,BBG000MQ1SN9,-0.0077105225,-0.01897935,1364686
20131119,14:30:00.000,BBG000BKZTP3,0.0044136825,-0.0035326025,740640
20131119,14:30:00.000,BBG000C0HQ54,-0.00045311294,-0.0051235193,2497102
20131119,14:30:00.000,BBG000BP1152,-0.0016029944,-0.02270263,1895456
20131119,14:30:00.000,BBG000BN9WT5,0.004058004,-0.009984961,1352294
20131119,14:30:00.000,BBG000BBLK04,-0.00795976,-0.017172296,288256
20131119,14:30:00.000,BBG000NSQ9M0,0.006228737,0.0043630833,4258975
20131119,14:30:00.000,BBG000BRXP69,-0.0054300316,-0.0067201946,397575
20131119,14:30:00.000,BBG000BGYWY6,0.00029788597,-0.0036944952,196630
20131119,14:30:00.000,BBG000BJ8YN7,-0.00028705204,-0.010342803,988559
20131119,14:30:00.000,BBG000BFVXX0,0.0005107416,-0.0054249004,1072800
20131119,14:30:00.000,BBG000BLM0V1,-0.009278072,-0.012822026,376640
20131119,14:30:00.000,BBG000BBCDZ2,0.0023326133,-0.0047998414,310301
20131119,14:30:00.000,BBG000KBQZ88,-0.005230273,-0.016746182,952742
20131119,14:30:00.000,BBG000BWXL85,0.006143554,-0.00515757,985732
20131119,14:30:00.000,BBG000BKXYX5,-0.009663871,-0.021776676,722816
20131119,14:30:00.000,BBG000D1QCF1,0.017076228,-0.0006169588,1127766
20131119,14:30:00.000,BBG000CKVSG8,-0.0069717355,-0.019378474,1462937
20131119,14:30:00.000,BBG000BPYHJ6,0.039457384,0.027269708,1359229
20131119,14:30:00.000,BBG000BKWSR6,-0.002921879,-0.007860875,8358692
20131119,14:30:00.000,BBG000BMTFR4,0.0003555713,-0.015186067,904592
20131119,14:30:00.000,BBG000C1FQS9,0.0023209385,-0.004876915,563293
20131119,14:30:00.000,BBG000BR37X2,0.00047754403,-0.0025669916,1307384
20131119,14:30:00.000,BBG000BB6G37,0.0013533073,-0.013160945,846939
20131119,14:30:00.000,BBG000CHPY97,0.009611674,0.011203174,5455157
20131119,14:30:00.000,BBG000BPXRB3,-0.029820211,-0.042902004,667806
20131119,14:30:00.000,BBG000BF5RY1,-0.0032517472,-0.008345049,1088520
20131119,14:30:00.000,BBG000BNNKG9,0.021684412,0.009123671,2816795
20131119,14:30:00.000,BBG001NVJ6W4,-0.025213568,-0.042278443,1391543
20131119,14:30:00.000,BBG0035LY913,0.003990882,0.002295888,1849126
20131119,14:30:00.000,BBG000BMLWX8,0.0063272105,-0.006596507,1737703
20131119,14:30:00.000,BBG000BPNP00,0.0020591146,-0.012433203,1279757
20131119,14:30:00.000,BBG000DSMS70,-0.0040421495,-0.0061880453,582336
20131119,14:30:00.000,BBG000D13GN8,-0.023335285,-0.04450673,1440801
20131119,14:30:00.000,BBG000BSC0K9,-0.002910502,-0.0049561956,748661
20131119,14:30:00.000,BBG000MDCQC2,0.0044923695,-0.006072845,926113
20131119,14:30:00.000,BBG000BMKDM3,-0.0067177764,-0.010181905,798109
20131119,14:30:00.000,BBG000BF1R66,0.0031117767,0.0011092916,275766
20131119,14:30:00.000,BBG000BJQWD2,-0.0029849636,-0.012572391,785696
20131119,14:30:00.000,BBG000C2ZCH8,0.0021187083,-0.006759639,493303
20131119,14:30:00.000,BBG000BP8Z50,-0.008236825,-0.012535106,652606
20131119,14:30:00.000,BBG000FBK808,-0.011191656,-0.014981532,3422463
20131119,14:30:00.000,BBG000BXMFC3,0.013467496,-0.0059129773,794057
20131119,14:30:00.000,BBG000BFNR17,0.0024372546,-0.0045698783,312263
20131119,14:30:00.000,BBG000RGM5P1,-0.013592524,-0.02647924,1598407
20131119,14:30:00.000,BBG000BKR1D6,0.0018264031,-0.0035064812,193658
20131119,14:30:00.000,BBG000D7RKJ5,-0.0052589686,-0.011655453,933932
20131119,14:30:00.000,BBG000G6BN50,0.0032382056,0.004199571,330410
20131119,14:30:00.000,BBG000J1QLT0,0.0034342865,-0.005272391,617963
20131119,14:30:00.000,BBG000BNFLM9,-0.008919986,-0.026583407,1447467
20131119,14:30:00.000,BBG000BTCH57,-0.009157697,-0.020806985,2233541
20131119,14:30:00.000,BBG000FLZN98,-0.004006918,-0.010429831,328097
20131119,14:30:00.000,BBG000C4DPX1,0.0005982309,-0.018302102,575859
20131119,14:30:00.000,BBG000BQ8KV2,0.005953255,-0.0008492583,620627
20131119,14:30:00.000,BBG000BPMH90,0.0020325526,0.001111243,890830
20131119,14:30:00.000,BBG000K14Q84,0.0011594372,-0.014726352,436557
20131119,14:30:00.000,BBG000BC9938,0.010297212,-0.0012782537,801874
20131119,14:30:00.000,BBG000QFJ7H3,-0.00046053124,-0.014174939,2260317
20131119,14:30:00.000,BBG000BTQR96,-0.0040101632,-0.01256928,663118
20131119,14:30:00.000,BBG000CHWP52,-0.0009590243,-0.007317523,578824
20131119,14:30:00.000,BBG000D8RG11,0.008537888,-0.00073739473,1320097
20131119,14:30:00.000,BBG000BS9489,0.0007691474,-0.0037892056,515142
20131119,14:30:00.000,BBG000CKJ0P3,-0.0145565625,0.00013245709,451491
20131119,14:30:00.000,BBG000BWCKB6,0.00021632452,-0.005054537,248174
20131119,14:30:00.000,BBG000BVWLJ6,-4.061251e-06,-0.0047858497,1396240
20131119,14:30:00.000,BBG000BXM6V2,-0.0062025487,-0.017731411,598190
20131119,14:30:00.000,BBG000D9KWL9,-0.0016499013,-0.0054949746,260062
20131119,14:30:00.000,BBG000BKNX95,0.0022579918,-0.011641643,1176946
20131119,14:30:00.000,BBG000J5Q6L2,0.02432767,0.01723603,5389001
20131119,14:30:00.000,BBG000QN4GY3,-0.012815535,-0.02074425,1034209
20131119,14:30:00.000,BBG000BCTQ65,0.0022426972,-0.0052412516,2219600
20131119,14:30:00.000,BBG000BNNYW1,-0.0008254854,-0.0062972093,855757
20131119,14:30:00.000,BBG003641015,0.007698657,0.006544811,1309119
20131119,14:30:00.000,BBG000D6L294,-0.010914277,-0.017601663,1140830
20131119,14:30:00.000,BBG000BSBZH7,-0.0016590891,-0.004821452,756127
20131119,14:30:00.000,BBG000BNC3Y9,-0.0018576824,-0.0053786007,1263688
20131119,14:30:00.000,BBG000F15NW9,7.045383e-05,-0.0011441746,918240
20131119,14:30:00.000,BBG000R0L5J4,0.001439885,-0.0049467785,2108661
20131119,14:30:00.000,BBG000BVMPN3,-0.002827847,-0.0024363974,472617
20131119,14:30:00.000,BBG000BB5BF6,-0.015190093,-0.02761937,1928246
20131119,14:30:00.000,BBG000BR3KL6,-0.0045727403,-0.014239683,448057
20131119,14:30:00.000,BBG000BNGTQ7,-0.0031808685,-0.00793371,1145316
20131119,14:30:00.000,BBG000BHZ5J9,0.006694538,0.0005937966,930267
20131119,14:30:00.000,BBG000BN84F3,-0.0062376563,-0.0126891555,988296
20131119,14:30:00.000,BBG000BBJQV0,-0.0024433201,-0.016892068,3185352
20131119,14:30:00.000,BBG000BB1TH9,-0.0014918385,-0.020050319,767935
20131119,14:30:00.000,BBG000BFS7D3,-0.0050391676,-0.004913765,560461
20131119,14:30:00.000,BBG000BR14K5,0.00542578,0.0024387247,676396
20131119,14:30:00.000,BBG000BPVCR1,0.028882015,0.017664496,1352019
20131119,14:30:00.000,BBG000BKLH74,-0.00204951,-0.007747925,2324429
20131119,14:30:00.000,BBG002S5ZRF9,-0.059912294,-0.08142296,2087075
20131119,14:30:00.000,BBG000BKPL53,-0.0009663427,0.0012836872,386571
20131119,14:30:00.000,BBG000DY8ZS4,-0.02105536,-0.038335215,5035990
20131119,14:30:00.000,BBG000DNTSP4,-0.0004786171,-0.0058554914,1257776
20131119,14:30:00.000,BBG000BM6788,0.0066162534,-0.00325518,2270419
20131119,14:30:00.000,BBG000G3QLY3,0.0062539037,0.0009509772,519997
20131119,14:30:00.000,BBG000BLKK03,-0.0024968155,-0.00050740945,1715138
20131119,14:30:00.000,BBG000BP0KQ8,-0.017588658,-0.029442027,4471791
20131119,14:30:00.000,BBG000C7LMS8,0.012206656,0.010835531,130872
20131119,14:30:00.000,BBG000JBN3X6,-0.007869315,-0.011473067,7469164
20131119,14:30:00.000,BBG000QW7VC1,-0.0030949526,-0.018504199,3093519
20131119,14:30:00.000,BBG000C2YHG9,-0.0057063485,-0.0135441,1558235
20131119,14:30:00.000,BBG000BVHBM1,0.006576926,-0.0030107787,1610923
20131119,14:30:00.000,BBG000FKJRC5,-0.0015898368,-0.005763049,511508
20131119,14:30:00.000,BBG000BP4MH0,0.00057474786,-0.002327117,1277364
20131119,14:30:00.000,BBG000BSXQV7,0.0019171769,-0.0034167536,230041
20131119,14:30:00.000,BBG000BY33P5,-0.0068232873,-0.01582006,11576591
20131119,14:30:00.000,BBG000BNJHS8,0.002150481,0.0027581349,5097111
20131119,14:30:00.000,BBG000BB5373,0.007955798,-0.0047822325,5756178
20131119,14:30:00.000,BBG000CSY9H9,0.0005921575,-0.0019438311,629304
20131119,14:30:00.000,BBG000BQWPC5,0.0011101825,-0.0031696695,1385601
20131119,14:30:00.000,BBG000BQZMH4,-0.0021292483,-0.0073223365,1980257
20131119,14:30:00.000,BBG000BC4JJ4,0.007601298,0.00022705825,512779
20131119,14:30:00.000,BBG001QD41M9,-0.009730045,-0.020806449,1691732
20131119,14:30:00.000,BBG000BHLYS1,-0.0069134906,-0.009360134,835252
20131119,14:30:00.000,BBG000HG21Y3,0.029545765,0.01329107,614784
20131119,14:30:00.000,BBG000BHLYP4,0.010917333,0.014354109,1092767
20131119,14:30:00.000,BBG000DLFM21,-0.0034230477,-0.010346922,425037
20131119,14:30:00.000,BBG000H9G7X2,0.013488276,0.00918347,1568782
20131119,14:30:00.000,BBG000BRRG02,0.0030145266,-0.0055654375,183820
20131119,14:30:00.000,BBG000BBMSJ6,-0.024024056,-0.042186663,6759137
20131119,14:30:00.000,BBG000MM5VL9,-0.006227747,-0.020530762,815462
20131119,14:30:00.000,BBG000C2V3D6,-0.012298361,-0.0085090725,1679984
20131119,14:30:00.000,BBG000G30YX4,-0.02194938,-0.023683632,524062
20131119,14:30:00.000,BBG000JN8R00,-0.00017152615,-0.013559887,4329058
20131119,14:30:00.000,BBG000C2PW58,-0.0007722719,-0.006250893,212581
20131119,14:30:00.000,BBG000CGQ6M4,0.0052992157,0.00027766064,460689
20131119,14:30:00.000,BBG000BCBCM7,0.00550765,-0.010978216,9211246
20131119,14:30:00.000,BBG000C3HSR0,-0.012773869,-0.02882511,1636609
20131119,14:30:00.000,BBG000BG09F5,-0.006835375,-0.017303566,1296928
20131119,14:30:00.000,BBG000BDXGP9,0.0019271778,-0.0021471872,1368609
20131119,14:30:00.000,BBG000BTVJ25,0.0007429232,-0.003270247,1402417
20131119,14:30:00.000,BBG000BTKGG8,-0.0041770292,-0.009175105,2415482
20131119,14:30:00.000,BBG000BLW530,-0.009826951,-0.02003749,1204071
20131119,14:30:00.000,BBG000BY2Y78,-0.0018800718,-0.005932806,1688475
20131119,14:30:00.000,BBG000BJ2VQ6,0.0037053647,-0.0020429078,803621
20131119,14:30:00.000,BBG0039320N9,-0.008935699,-0.010122182,1858337
20131119,14:30:00.000,BBG000BRJ809,0.0013810722,-0.0022204486,164857
20131119,14:30:00.000,BBG000TWC2V5,0.012386071,0.0036889643,1675248
20131119,14:30:00.000,BBG0019JZ882,-0.0072331554,-0.012069492,3110782
20131119,14:30:00.000,BBG000BF6LY3,0.004442974,-0.0025223398,3072511
20131119,14:30:00.000,BBG000BYYLS8,-0.0013670125,-0.0023647563,1691355
20131119,14:30:00.000,BBG000BRWGG9,-0.0072627105,-0.023188157,12789900
20131119,14:30:00.000,BBG000FW00S1,0.011315441,-0.0046475534,3385191
20131119,14:30:00.000,BBG000BK67C7,0.0078814,0.0028562578,1072592
20131119,14:30:00.000,BBG000FVXD63,0.018590547,0.015246501,1176997
20131119,14:30:00.000,BBG000D2M0Z7,-0.006931288,-0.014796043,603287
20131119,14:30:00.000,BBG000BLBXT4,0.0025471617,-0.010179764,580796
20131119,14:30:00.000,BBG000CS7CT9,-0.0008704618,0.0014899541,1919275
20131119,14:30:00.000,BBG000BFMBQ6,0.0048709763,0.0032698994,899057
20131119,14:30:00.000,BBG000BBBNC6,-0.012647981,-0.007847695,960458
20131119,14:30:00.000,BBG000G0Z878,-0.0055396874,-0.010836674,2534613
20131119,14:30:00.000,BBG000CR90K4,-0.008067137,-0.017843008,11786572
20131119,14:30:00.000,BBG000BQ2C28,-0.005294449,-0.0061944774,695620
20131119,14:30:00.000,BBG000BMBL90,0.0018984468,-0.002769274,942269
20131119,14:30:00.000,BBG000BX5ZF5,0.021730512,0.008117953,7492268
20131119,14:30:00.000,BBG000BPT0C6,-7.075625e-05,-0.0076522026,1460190
20131119,14:30:00.000,BBG000BMY992,0.014601533,0.0062840516,2601266
20131119,14:30:00.000,BBG000BL9JQ1,-0.010011992,-0.014901939,1832018
20131119,14:30:00.000,BBG000JG0547,0.032615554,0.03270114,4827065
20131119,14:30:00.000,BBG000BM7HL0,-0.01165604,-0.024465987,2093170
20131119,14:30:00.000,BBG000BRK7L6,0.0019382571,-0.00056209427,2718097
20131119,14:30:00.000,BBG000BMQPL1,-0.0035777763,-0.007803615,8109306
20131119,14:30:00.000,BBG000C1FB75,,,828711
20131119,14:30:00.000,BBG000CZWZ05,0.0007315596,-0.008684342,0
20131119,14:30:00.000,BBG000R7RDB4,-0.007942771,-0.01722966,893649
20131119,14:30:00.000,BBG000DTMH63,,,1973190
20131119,14:30:00.000,BBG000BTR593,0.028780691,0.027820243,3150091
20131119,14:30:00.000,BBG000BB6M98,-0.0051580053,-0.012144961,3934008
20131119,14:30:00.000,BBG000C2BXK4,-0.016860189,-0.034813594,6811143
20131119,14:30:00.000,BBG000PVRDL2,-8.769159e-05,-0.006024682,2325811
20131119,14:30:00.000,BBG000BVMGF2,-0.0025253394,-0.004425046,828464
20131119,14:30:00.000,BBG000BCGY17,0.001550645,-0.0038678283,1312010
20131119,14:30:00.000,BBG000CNFQW6,-0.00038045784,-0.0014772257,499601
20131119,14:30:00.000,BBG000BSD7C2,0.000121274716,-0.0026846637,915053
20131119,14:30:00.000,BBG000FQ6PY6,-0.008496819,-0.011899504,1495937
20131119,14:30:00.000,BBG000BC15S7,-0.0014550856,-0.0071437852,987424
20131119,14:30:00.000,BBG000BVDLH9,-0.0016701956,-0.002133404,657919
20131119,14:30:00.000,BBG000GC80B4,-0.0015272185,0.0004510994,1023884
20131119,14:30:00.000,BBG000C0F570,-0.0043559377,-0.019189557,2512300
20131119,14:30:00.000,BBG000D898T9,-0.00010398142,-0.0038616282,1439021
20131119,14:30:00.000,BBG000BG14P4,0.008931313,-0.020043464,1656064
20131119,14:30:00.000,BBG000DQTXY6,-0.0023941495,-0.01295071,3104865
20131119,14:30:00.000,BBG000C1S2X2,0.020309763,0.01142458,1242621
20131119,14:30:00.000,BBG000BWSV34,-0.008188096,-0.014246097,684581
20131119,14:30:00.000,BBG000H0QBS7,-0.00049817224,-0.009390156,536299
20131119,14:30:00.000,BBG000BWNFZ9,0.0030792307,-0.01340039,1112795
20131119,14:30:00.000,BBG000BS0ZF1,0.0030813322,-0.00014398512,384543
20131119,14:30:00.000,BBG000CPQZ77,-0.00820199,-0.022278646,2504025
20131119,14:30:00.000,BBG001M8HHB7,0.023711702,0.000914251,965380
20131119,14:30:00.000,BBG000BH5DV1,0.0013898917,-0.0032696337,781320
20131119,14:30:00.000,BBG000NV1KK7,0.0024376775,0.0024630504,1654600
20131119,14:30:00.000,BBG000DKCC19,0.048039317,0.043855,5520863
20131119,14:30:00.000,BBG000CXYSZ6,-0.018036576,-0.029304659,1271277
20131119,14:30:00.000,BBG000BGLRN3,-0.007273005,-0.010250019,3031545
20131119,14:30:00.000,BBG000QRKJ70,-0.038613744,-0.06913095,17226554
20131119,14:30:00.000,BBG000BQ5DS5,0.00061372767,-0.012266704,752343
20131119,14:30:00.000,BBG000BV7LP7,0.019559791,0.007867905,2952214
20131119,14:30:00.000,BBG000BH5LT6,-0.009726242,-0.010886782,2511090
20131119,14:30:00.000,BBG000R8ZVD1,0.009593628,-0.002317473,1055553
20131119,14:30:00.000,BBG000BRJL00,-0.004246955,-0.01100497,1976144
20131119,14:30:00.000,BBG000BB6WG8,0.0053843823,0.00048958405,3062750
20131119,14:30:00.000,BBG000BJL3N0,-5.9317943e-05,-0.0029996487,3782421
20131119,14:30:00.000,BBG000QY3XZ2,0.005451685,-0.010918206,1200762
20131119,14:30:00.000,BBG000LD9JQ8,-0.017477205,-0.032087833,1318787
20131119,14:30:00.000,BBG000Q3JN03,-0.004146474,-0.01034562,8702031
20131119,14:30:00.000,BBG000BH3JF8,-0.0022983474,-0.005566779,1109114
20131119,14:30:00.000,BBG000BR54L0,0.0034284708,-0.009849776,4850286
20131119,14:30:00.000,BBG000PX3XC0,-0.008376375,-0.015435263,2107114
20131119,14:30:00.000,BBG001YMS0B8,0.0027624872,-0.002454347,1827330
20131119,14:30:00.000,BBG000BD8PN9,-0.0042411024,-0.005130308,3389670
20131119,14:30:00.000,BBG000BRD0D8,0.0033223224,-6.8872123e-07,1012850
20131119,14:30:00.000,BBG000BMDV41,-0.0051949597,-0.015629381,2215184
20131119,14:30:00.000,BBG000BGVW60,0.0027961452,-0.0038357435,1606854
20131119,14:30:00.000,BBG000BKCFC2,-0.009950432,-0.012756075,2911764
20131119,14:30:00.000,BBG000BB9KF2,-0.0028441467,-0.00910831,2310953
20131119,14:30:00.000,BBG000C0MF34,-0.0070238067,-0.01045356,289441
20131119,14:30:00.000,BBG000BZ2GG4,0.0007009119,-0.013418895,1456111
20131119,14:30:00.000,BBG000C0LW92,0.033677675,0.028509658,8701813
20131119,14:30:00.000,BBG000BMW2Z0,-0.0030493827,-0.0026387991,1321429
20131119,14:30:00.000,BBG000F0KF42,-0.0009600563,-0.01597794,1854028
20131119,14:30:00.000,BBG000BX3TD3,-0.00365164,-0.01780838,4018468
20131119,14:30:00.000,BBG000QX74T1,0.008943329,0.0014512283,190981
20131119,14:30:00.000,BBG000BWJFZ4,-0.0065506436,-0.009567552,318111
20131119,14:30:00.000,BBG000BKFBD7,-0.00054927124,-0.00042300572,1255009
20131119,14:30:00.000,BBG000JWD753,-0.0057978127,-0.021758188,2442276
20131119,14:30:00.000,BBG000M65M61,0.040356647,0.03078198,9497887
20131119,14:30:00.000,BBG000MBDGM6,-0.010628231,-0.018419117,387534
20131119,14:30:00.000,BBG000BBVJZ8,0.0119462265,0.010701474,3706330
20131119,14:30:00.000,BBG000BV8DN6,0.011288609,0.008799526,2665601
20131119,14:30:00.000,BBG000BH2JM1,0.0031236836,-0.0038049251,4455096
20131119,14:30:00.000,BBG000BGJRC8,-0.004631425,-0.016155656,4227899
20131119,14:30:00.000,BBG000QBR5J5,-0.0040552197,-0.0057773753,1480368
20131119,14:30:00.000,BBG000BSLZY7,0.0070492197,0.0032766466,7896832
20131119,14:30:00.000,BBG000BJSBJ0,-0.011249208,-0.020216858,2885947
20131119,14:30:00.000,BBG000BJ81C1,-0.0008851847,-0.00039724587,672740
20131119,14:30:00.000,BBG000BFL116,-0.020475626,-0.04652775,3413750
20131119,14:30:00.000,BBG000HCJMF9,0.004874599,0.004061045,1308179
20131119,14:30:00.000,BBG000FV1Z23,0.0029002966,-0.011730033,736127
20131119,14:30:00.000,BBG000BBDV81,0.00087752636,-0.0035277465,1286814
20131119,14:30:00.000,BBG000FJLFX8,-0.0050720633,-0.0049416306,1729170
20131119,14:30:00.000,BBG000J6XT05,-0.0074223555,-0.012835907,4214583
20131119,14:30:00.000,BBG000BCWCG1,-0.07245857,-0.08655703,22555578
20131119,14:30:00.000,BBG000BJPDZ1,-0.004040608,-0.00048302056,107470
20131119,14:30:00.000,BBG000BPQD31,0.0007032628,-5.1077325e-07,2409999
20131119,14:30:00.000,BBG000C734W3,0.0015052173,-0.005869185,375942
20131119,14:30:00.000,BBG000C3GN47,0.008562456,0.0034987181,2717739
20131119,14:30:00.000,BBG000BFRF55,0.02816642,0.009634389,5501380
20131119,14:30:00.000,BBG000BGPTV6,-0.0022379707,-0.018110642,655377
20131119,14:30:00.000,BBG000BM5SR2,0.0083695,0.0017658649,2861555
20131119,14:30:00.000,BBG000BN5HF7,-0.006178986,-0.015645072,2521951
20131119,14:30:00.000,BBG000BBD070,0.004396661,-0.0033563825,1214123
20131119,14:30:00.000,BBG000BVPPM1,0.020990841,0.012909737,3584839
20131119,14:30:00.000,BBG000DYGNW7,0.0020941675,-0.0010387624,615493
20131119,14:30:00.000,BBG000BCG930,0.01751423,0.019631892,2739611
20131119,14:30:00.000,BBG000BHGDH5,-0.0016602282,-0.008525972,1460293
20131119,14:30:00.000,BBG000BJ3PD2,-0.0013675999,-0.013110483,1311422
20131119,14:30:00.000,BBG000BFQYY3,0.00260359,0.001228031,1238140
20131119,14:30:00.000,BBG000BY29C7,0.004137456,-0.00018539188,1485230
20131119,14:30:00.000,BBG000C1BW00,0.012824694,0.008232463,610748
20131119,14:30:00.000,BBG000BD4VG8,0.008339691,-0.0057560178,2067759
20131119,14:30:00.000,BBG000BHQ1H0,0.0060316105,0.0066473857,1747639
20131119,14:30:00.000,BBG000BB5006,-0.0012023908,-0.014840153,1853558
20131119,14:30:00.000,BBG000BKFZM4,0.008679065,0.0017872793,5520316
20131119,14:30:00.000,BBG000BWVCP8,-0.00055554573,-0.008502074,3984407
20131119,14:30:00.000,BBG000FH8PX5,-0.011682404,-0.013530777,778576
20131119,14:30:00.000,BBG000BHX7N2,0.004308899,-0.004585968,1130751
20131119,14:30:00.000,BBG000WCFV84,-0.0028649927,-0.01012949,1948582
20131119,14:30:00.000,BBG000BBPFB9,0.012313731,-0.002960577,6304154
20131119,14:30:00.000,BBG000FL1TC8,0.0094579095,0.0043809656,2173057
20131119,14:30:00.000,BBG000F6H8W8,0.003978475,-0.0003246029,739852
20131119,14:30:00.000,BBG000BGKTF9,-0.004054605,-0.0023046436,1581906
20131119,14:30:00.000,BBG000C8H633,0.008050028,0.008762789,4162205
20131119,14:30:00.000,BBG000H89QJ6,0.008122086,0.0007001801,1542337
20131119,14:30:00.000,BBG0014GG205,-0.02231962,-0.044099823,7632941
20131119,14:30:00.000,BBG000BFXHL6,-0.017435012,-0.023542209,2153322
20131119,14:30:00.000,BBG000BH3GZ2,0.0047754757,0.0031321784,1425199
20131119,14:30:00.000,BBG000BT9DW0,-0.0010933481,-0.006847911,3774522
20131119,14:30:00.000,BBG000FP1N32,0.0057739764,-0.003942825,1823845
20131119,14:30:00.000,BBG000FNRZ69,0.0024407161,-0.015787663,3381254
20131119,14:30:00.000,BBG000D42FJ0,-0.04852694,-0.07237759,8968779
20131119,14:30:00.000,BBG00286S4N9,0.015737815,0.011826293,1784535
20131119,14:30:00.000,BBG0025Y4RY4,-0.0045526186,-0.0074677463,2439601
20131119,14:30:00.000,BBG000BFDXW1,0.0075104837,-0.0075126877,5528873
20131119,14:30:00.000,BBG0029SNR63,-0.0023678273,-0.013157133,2043527
20131119,14:30:00.000,BBG000G2R6M0,0.0036966014,0.0020693617,3517566
20131119,14:30:00.000,BBG000BCVJ77,-0.0012798695,0.0029053034,2531222
20131119,14:30:00.000,BBG000BL4504,-0.0010066557,-0.0102267405,8223020
20131119,14:30:00.000,BBG000BC2C10,0.0048232316,0.007880356,1989270
20131119,14:30:00.000,BBG000B9WH86,0.02353275,0.01565084,19013440
20131119,14:30:00.000,BBG000BJX8C8,0.0026897837,-0.006350987,2125571
20131119,14:30:00.000,BBG000H556T9,0.00082843174,-0.005496208,993369
20131119,14:30:00.000,BBG000C496P7,-0.00802782,-0.018452212,2123830
20131119,14:30:00.000,BBG000FG3C43,0.004055206,-0.013533328,2355979
20131119,14:30:00.000,BBG000BNWG87,-0.009472818,-0.0069475276,3466074
20131119,14:30:00.000,BBG000BNBDC2,-0.006702295,-0.0015673869,2274626
20131119,14:30:00.000,BBG000BJ98Z0,-0.019974096,-0.034928184,2146559
20131119,14:30:00.000,BBG000Q2HM09,0.0008503521,-0.022658989,2718113
20131119,14:30:00.000,BBG000D9D830,0.0011777403,-0.00050946604,1474118
20131119,14:30:00.000,BBG000CJZ2W6,-0.01778364,-0.032426696,2510951
20131119,14:30:00.000,BBG000BH13K9,-0.0040335655,-0.006807199,2221627
20131119,14:30:00.000,BBG000C46HM9,-0.0045323432,-0.005348517,2516469
20131119,14:30:00.000,BBG000BWXBC2,0.0021241177,-0.00025275245,2877818
20131119,14:30:00.000,BBG000BN2DC2,-0.027050573,-0.044959415,11939792
20131119,14:30:00.000,BBG000BTZQC4,-0.00018661181,-0.0036957143,5049930
20131119,14:30:00.000,BBG001DCCGR8,0.029840546,0.022479638,3412576
20131119,14:30:00.000,BBG000BB6KF5,0.0018630157,0.0009578047,3850077
20131119,14:30:00.000,BBG000DHSPT0,0.0013111256,-0.0037697107,2059770
20131119,14:30:00.000,BBG000F0PF65,-0.0028710307,-0.0077805505,2084465
20131119,14:30:00.000,BBG000BH1NH9,-0.0067166067,-0.010520187,3614925
20131119,14:30:00.000,BBG000BVV7G1,0.004515821,-0.0075385836,2248250
20131119,14:30:00.000,BBG000BPWXK1,0.005559107,0.004440617,3264703
20131119,14:30:00.000,BBG000BJF1Z8,-0.010695143,-0.0228242,1797653
20131119,14:30:00.000,BBG000BXRPH1,-0.007209355,-0.017980438,1868721
20131119,14:30:00.000,BBG000BC40Y8,0.0026230526,0.00033194514,1522787
20131119,14:30:00.000,BBG000BBGGQ1,0.0036128527,-0.0034942243,5045718
20131119,14:30:00.000,BBG000C17X76,0.016694183,0.015189733,837557
20131119,14:30:00.000,BBG000BP6LJ8,-0.0055884034,-0.006835668,3786292
20131119,14:30:00.000,BBG000B9ZXB4,0.0139156,0.0155486595,6362107
20131119,14:30:00.000,BBG000BMF5J0,0.0073695225,-0.001148115,18199330
20131119,14:30:00.000,BBG000C5HS04,-0.0048170006,-0.010243596,2075980
20131119,14:30:00.000,BBG000BLZRJ2,0.0029682973,0.0009889865,6343384
20131119,14:30:00.000,BBG000L9CV04,0.00048850157,-0.007600617,1543261
20131119,14:30:00.000,BBG000BWLMJ4,-0.021652224,-0.026616313,3643373
20131119,14:30:00.000,BBG000D4LWF6,0.00013557827,-0.0073611583,3310929
20131119,14:30:00.000,BBG000BCQZS4,-0.0014315188,-0.00066766416,1789245
20131119,14:30:00.000,BBG000H8TVT2,4.7671874e-05,0.0036106394,2119271
20131119,14:30:00.000,BBG000FFDM15,0.007372543,0.008871323,5337126
20131119,14:30:00.000,BBG000BFWKC0,-0.010267925,-0.008440043,1609040
20131119,14:30:00.000,BBG000BP52R2,0.0007023378,-0.00022998604,1475549
20131119,14:30:00.000,BBG000C15T95,0.0055949893,-0.0032300665,2803304
20131119,14:30:00.000,BBG000BZ9223,-0.0078370515,-0.012310256,877344
20131119,14:30:00.000,BBG000BHBK84,0.0038632501,-0.0060216486,3734394
20131119,14:30:00.000,BBG000CTQBF3,-0.0026354385,-0.0071383244,2624351
20131119,14:30:00.000,BBG000BW8S60,0.002971539,-0.001878249,1073762
20131119,14:30:00.000,BBG000BB07P9,0.00940989,0.0056618215,7069921
20131119,14:30:00.000,BBG000CH5208,-0.003391038,-0.0029293313,2216521
20131119,14:30:00.000,BBG000BW3299,0.0006263009,-0.010391182,1079285
20131119,14:30:00.000,BBG000DQLV23,0.0016010781,0.0017337892,3042476
20131119,14:30:00.000,BBG000DWYF03,-0.0069346866,-0.013331457,5847702
20131119,14:30:00.000,BBG000BGRY34,-0.0026465766,-0.0038203748,2557014
20131119,14:30:00.000,BBG000F1ZSQ2,-0.007111135,-0.01062578,194682
20131119,14:30:00.000,BBG000BQQ2S6,-0.0063373465,-0.00597315,1607940
20131119,14:30:00.000,BBG000KHWT55,0.011075805,0.00040033163,9062658
20131119,14:30:00.000,BBG000BNDN65,-0.0026969858,-0.00844839,8067963
20131119,14:30:00.000,BBG000R7Z112,0.0007621161,-0.006755475,8428927
20131119,14:30:00.000,BBG000BQQH30,-0.007648752,-0.0030413922,4918951
20131119,14:30:00.000,BBG000BBS2Y0,-0.009170852,-0.005170947,1310875
20131119,14:30:00.000,BBG000J2XL74,0.0019704464,-0.00272728,2053885
20131119,14:30:00.000,BBG000BJDB15,-0.004227454,-0.006578059,5102946
20131119,14:30:00.000,BBG000DWG505,0.0003062584,-0.0023292499,1433424
20131119,14:30:00.000,BBG000DH7JK6,-0.003102547,-0.0067549045,2752140
20131119,14:30:00.000,BBG000BKTFN2,-0.00025649412,-0.013803109,5324909
20131119,14:30:00.000,BBG000BF0K17,0.0024579023,-0.0065446994,3033738
20131119,14:30:00.000,BBG000BFC8J2,0.0031723455,0.0036928542,1968435
20131119,14:30:00.000,BBG000BH4R78,0.0003823629,-0.0048912275,2865418
20131119,14:30:00.000,BBG000NDYB67,-0.008362737,-0.017359009,12102412
20131119,14:30:00.000,BBG000C6CFJ5,0.0028232539,0.0069405744,1955567
20131119,14:30:00.000,BBG000BQLTW7,-0.0028246609,-0.007732774,9224957
20131119,14:30:00.000,BBG000BNSZP1,-0.00089049654,0.0046089604,2515724
20131119,14:30:00.000,BBG000BBDZG3,-0.009419707,-0.0038818892,4317235
20131119,14:30:00.000,BBG000BHVJJ3,0.0003673589,-0.005436877,8181060
20131119,14:30:00.000,BBG000BFT2L4,0.0011819887,-0.0027411398,3674500
20131119,14:30:00.000,BBG000C43RR5,0.0039042854,0.0011533847,7007289
20131119,14:30:00.000,BBG000Q9HH23,0.013891107,-0.0031967678,1252859
20131119,14:30:00.000,BBG000BCSST7,-0.00478285,-0.010841903,2669426
20131119,14:30:00.000,BBG000BMX289,0.0021209037,-0.000747416,7700330
20131119,14:30:00.000,BBG000GFFQN9,-0.0060090963,-0.012862679,9102458
20131119,14:30:00.000,BBG000BT41Q8,8.6257305e-06,-0.006628497,4227845
20131119,14:30:00.000,BBG000CKGBP2,0.007581046,0.005725561,4740366
20131119,14:30:00.000,BBG000BKZB36,0.010930018,0.00941103,9108680
20131119,14:30:00.000,BBG000BLBVN4,0.00039114422,-0.013954046,364208
20131119,14:30:00.000,BBG000PSKYX7,-0.010797492,-0.014402218,1871429
20131119,14:30:00.000,BBG000BPD168,-0.0072332993,-0.0010410598,4932909
20131119,14:30:00.000,BBG000HS77T5,0.0020482382,-0.0017732716,5424980
20131119,14:30:00.000,BBG000BVPV84,0.010561181,-0.0075789453,1350075
20131119,14:30:00.000,BBG000BR2TH3,-0.005193252,-0.0030748325,4459501
20131119,14:30:00.000,BBG000BQPC32,0.0022602808,-0.008836402,18135116
20131119,14:30:00.000,BBG000CGC1X8,0.0035384535,-0.00013824667,6063252
20131119,14:30:00.000,BBG000BMHYD1,-6.982267e-05,0.004774832,3619503
20131119,14:30:00.000,BBG000K4ND22,0.0070342217,0.0110740885,3565528
20131119,14:30:00.000,BBG000C0G1D1,0.010782913,0.0020332295,17073528
20131119,14:30:00.000,BBG000C5Z1S3,0.009065291,-0.008296797,36685304
20131119,14:30:00.000,BBG000BWQFY7,0.0025827226,-0.0004603376,8648696
20131119,14:30:00.000,BBG000BLNNH6,-0.0008324781,0.0016801454,3022187
20131119,14:30:00.000,BBG000BR2B91,-0.010541384,-0.005310157,16341931
20131119,14:30:00.000,BBG000BSJK37,-0.00027194727,0.00056253147,7498094
20131119,14:30:00.000,BBG000C3J3C9,0.0025966382,0.00046962863,39565320
20131119,14:30:00.000,BBG000BK6MB5,-0.0034452642,-0.0073515275,25961544
20131119,14:30:00.000,BBG000CL9VN6,0.002203547,-0.020186929,1874018
20131119,14:30:00.000,BBG000GZQ728,-0.0018672757,-0.00052332674,8776762
20131119,14:30:00.000,BBG000DMBXR2,0.004094728,0.00592071,16586582
20131119,14:30:00.000,BBG000FY4S11,0.004080728,0.0037401684,14468062
20131119,14:30:00.000,BBG000N9MNX3,0.05060564,0.029784638,16046631
20131119,14:30:00.000,BBG000BCTLF6,0.010517535,0.011389846,118705504
20131119,14:30:00.000,BBG000BPH459,0.0041818563,-0.002980829,29853672
20131119,14:30:00.000,BBG000BHSKN9,-0.004157352,-0.0066535026,794504
20131119,14:30:00.000,BBG000MM2P62,0.011828199,-0.0006553944,55572832
20131119,14:30:00.000,BBG000B9XRY4,0.0048209806,-0.00010609372,5595223
20131119,14:45:00.000,BBG000C221G9,-0.0009774822,-0.010311727,486283
20131119,14:45:00.000,BBG000D9H9F1,0.038510684,0.04133155,1832223
20131119,14:45:00.000,BBG000BJ5GK2,0.014325167,0.0018468358,910926
20131119,14:45:00.000,BBG000BVVQQ8,0.00021627337,-0.008476379,1320336
20131119,14:45:00.000,BBG000PTLGZ1,-0.004852963,-0.013640551,385491
20131119,14:45:00.000,BBG000CGT2S4,-0.002615167,0.0010316685,3069953
20131119,14:45:00.000,BBG000RKR4R8,0.0021861426,-0.003487782,6626530
20131119,14:45:00.000,BBG000BDWKC5,0.002221787,-0.002764384,1360315
20131119,14:45:00.000,BBG000JB27Y9,-0.0046977224,-0.0015530318,788760
20131119,14:45:00.000,BBG000BLXZN1,-0.0053605493,-0.013292738,502855
20131119,14:45:00.000,BBG000BK5DP1,-0.0073218695,-0.016825553,1659026
20131119,14:45:00.000,BBG000FBR384,0.010955457,0.006062133,507512
20131119,14:45:00.000,BBG000BCHG15,0.009715589,0.0052708928,460185
20131119,14:45:00.000,BBG000BLHRS2,-0.00384033,-0.0087186005,498325
20131119,14:45:00.000,BBG000F80SZ5,-0.0118738245,-0.038629025,7967750
20131119,14:45:00.000,BBG000BQ87N0,-0.003585179,-0.012136479,658954
20131119,14:45:00.000,BBG000HW5GX3,0.0039067855,0.0055864314,1688195
20131119,14:45:00.000,BBG000BLMZK6,0.0038961864,-0.0055005345,759866
20131119,14:45:00.000,BBG000BND699,0.006696401,-0.0122640785,963456
20131119,14:45:00.000,BBG000BYWTX7,-0.014741423,-0.028995845,3745780
20131119,14:45:00.000,BBG000BGKHZ3,0.0039595137,0.0007202305,503535
20131119,14:45:00.000,BBG000M1R011,0.022372814,0.0025170308,1665609
20131119,14:45:00.000,BBG000BCJ161,-0.0044379663,-2.0348445e-07,1856001
20131119,14:45:00.000,BBG000DGPR66,-0.011627984,-0.015227309,762294
20131119,14:45:00.000,BBG000BV75B7,0.003517876,-0.0041813534,424944
20131119,14:45:00.000,BBG000BPZBB6,-0.001146504,-0.0077577983,563545
20131119,14:45:00.000,BBG000BL79J3,-0.011056079,-0.0108492905,3590996
20131119,14:45:00.000,BBG000BP7JB0,-0.013026848,-0.025275296,3919518
20131119,14:45:00.000,BBG000BVB8Q0,-0.012916924,-0.011489752,2155380
20131119,14:45:00.000,BBG000TJM7F0,-0.00076840224,-0.0022599609,835046
20131119,14:45:00.000,BBG000BHQYG9,-0.006922604,-0.011861245,544274
20131119,14:45:00.000,BBG000BDDN94,0.009209314,-0.0030727657,233934
20131119,14:45:00.000,BBG000BWP7D9,0.0066259773,0.00047270145,1054775
20131119,14:45:00.000,BBG000F9KJN4,-0.017103607,-0.027747344,2625322
20131119,14:45:00.000,BBG000BWVSR1,-0.006255139,-0.007253204,1853234
20131119,14:45:00.000,BBG000BHCP19,0.0031337684,-0.010583414,979791
20131119,14:45:00.000,BBG000BFDLV8,-0.008554211,-0.010945452,509097
20131119,14:45:00.000,BBG000BX8DC4,-0.0008200956,-0.0010755617,1497890
20131119,14:45:00.000,BBG000CPHYL4,-0.01880805,-0.034545075,1296002
20131119,14:45:00.000,BBG000BCNYT9,0.005725387,-0.002336746,3338491
20131119,14:45:00.000,BBG000VC0T95,0.011836345,-0.002647016,521727
20131119,14:45:00.000,BBG000PCQQL6,0.010612972,0.0010706243,1142984
20131119,14:45:00.000,BBG000BQ74K1,0.0007751015,0.002982032,906304
20131119,14:45:00.000,BBG000BJDPC2,0.01057035,0.010848563,967476
20131119,14:45:00.000,BBG000GPXKX9,0.0038211006,-0.004702928,486324
20131119,14:45:00.000,BBG000BJ49H3,-0.006187529,-0.014493471,642305
20131119,14:45:00.000,BBG000PLXQQ3,-0.0074664606,-0.011302052,390122
20131119,14:45:00.000,BBG000BQHGR6,-0.00084434875,-0.009465674,565141
20131119,14:45:00.000,BBG000KLB4Q1,0.010194113,-0.0043404065,1712427
20131119,14:45:00.000,BBG000C3Y7J6,0.0067795985,-0.0021085846,490783
20131119,14:45:00.000,BBG000FFH4P5,-0.0040728627,-0.014590702,561231
20131119,14:45:00.000,BBG000JBSJZ4,0.0048737368,0.0021549452,1144953
20131119,14:45:00.000,BBG000F86GP6,0.0068434956,0.002222963,679245
20131119,14:45:00.000,BBG000BQTMJ9,0.011479358,0.0029995984,2326515
20131119,14:45:00.000,BBG000RNTSX0,-0.0056894687,-0.015849302,224927
20131119,14:45:00.000,BBG000GZD660,0.000937286,0.0011046049,309550
20131119,14:45:00.000,BBG000D9DMK0,-0.0035351946,-0.010360531,449223
20131119,14:45:00.000,BBG003P9ZSL3,-0.014248697,-0.0122716455,247646
20131119,14:45:00.000,BBG000C37332,0.0070504667,-0.0018294466,573475
20131119,14:45:00.000,BBG000C1DHF5,0.011263957,-0.004127351,1280054
20131119,14:45:00.000,BBG000FW8LZ9,0.009478188,0.005166046,1237176
20131119,14:45:00.000,BBG000BCVMH9,0.00015057478,-0.013149053,279274
20131119,14:45:00.000,BBG000BKQ3V3,0.0020339193,-0.0053383517,936383
20131119,14:45:00.000,BBG000CXD6X9,0.005998145,-0.0020141178,808663
20131119,14:45:00.000,BBG000BCYP43,0.0037138457,0.0062441765,311936
20131119,14:45:00.000,BBG000PM7GJ0,-0.021123696,-0.032873556,9711103
20131119,14:45:00.000,BBG000C75N77,0.004571199,0.002456584,478208
20131119,14:45:00.000,BBG000G8N9C6,-0.0073117246,-0.0052016517,1323000
20131119,14:45:00.000,BBG000C90DH9,0.005690035,0.00058593624,3294893
20131119,14:45:00.000,BBG000C6F3T8,0.011616525,-0.0023751466,4454646
20131119,14:45:00.000,BBG000BFV115,-0.0043779854,-0.005567258,743463
20131119,14:45:00.000,BBG000C7B436,-0.0019621376,-0.021923156,815833
20131119,14:45:00.000,BBG000BLCPY4,-0.0015463384,-0.007423223,848847
20131119,14:45:00.000,BBG000BD3LM4,0.002491079,-0.0074002687,3400796
20131119,14:45:00.000,BBG000BDY3Y7,-0.03244174,-0.0442016,3399337
20131119,14:45:00.000,BBG000BMZ7P7,-0.00505908,-0.023911556,418621
20131119,14:45:00.000,BBG000BBNYF6,-0.01233464,-0.012038739,953714
20131119,14:45:00.000,BBG000BK6G19,0.0023365265,0.0003403766,1309144
20131119,14:45:00.000,BBG000BB29X4,-0.002638329,-0.008430347,616991
20131119,14:45:00.000,BBG000BB03M1,0.0063362597,-0.015864808,1035189
20131119,14:45:00.000,BBG000BGD7W6,-0.0036579245,-0.012602197,1567487
20131119,14:45:00.000,BBG000C3NTN5,0.021411983,0.021450605,2650660
20131119,14:45:00.000,BBG000BHB3M6,-0.004552616,-0.012009592,344569
20131119,14:45:00.000,BBG000BBCQD7,-0.005592811,-0.0034504307,1627048
20131119,14:45:00.000,BBG000D14WM3,0.0026053742,-0.0017300927,5618863
20131119,14:45:00.000,BBG000CVWGS6,-0.023920957,-0.030813381,5555928
20131119,14:45:00.000,BBG000BQSQ38,0.0048605395,0.0050646127,1776815
20131119,14:45:00.000,BBG000BPQVR5,-0.011421411,-0.0143225305,537373
20131119,14:45:00.000,BBG000BCZYD3,-0.0012536972,0.0027274564,384042
20131119,14:45:00.000,BBG000FDBX90,-0.0026516286,-0.010840975,1046827
20131119,14:45:00.000,BBG000BQVTF5,-0.00321693,-0.013655428,767033
20131119,14:45:00.000,BBG001BPFT54,-0.057192773,-0.08056689,6306245
20131119,14:45:00.000,BBG000BHC2S1,-0.005853436,-0.007919935,789101
20131119,14:45:00.000,BBG000DN7P92,0.0047493298,0.0065985164,740815
20131119,14:45:00.000,BBG000C060M4,-0.0043912726,-0.0073551997,197287
20131119,14:45:00.000,BBG000BHKYH4,-0.0022142,-0.0046689715,362615
20131119,14:45:00.000,BBG000F6ZWH2,0.005165921,0.00026500926,2786231
20131119,14:45:00.000,BBG000BFTJ91,0.004025161,0.0003236721,707283
20131119,14:45:00.000,BBG000BD0TF8,-0.00015762066,-0.0016712025,1004411
20131119,14:45:00.000,BBG000BP1Q11,0.014138278,0.010362496,791670
20131119,14:45:00.000,BBG000D5S4M0,-0.0009205602,-0.009408155,300224
20131119,14:45:00.000,BBG000MQ1SN9,-0.0051007024,-0.015520915,1445285
20131119,14:45:00.000,BBG000BKZTP3,0.005123532,-0.00067645137,784996
20131119,14:45:00.000,BBG000C0HQ54,-0.0032017562,-0.004890692,2758453
20131119,14:45:00.000,BBG000BP1152,0.0021036526,-0.013799903,2039391
20131119,14:45:00.000,BBG000BN9WT5,0.0036547496,-0.0085585285,1421121
20131119,14:45:00.000,BBG000BBLK04,-0.009613491,-0.016291557,307055
20131119,14:45:00.000,BBG000NSQ9M0,0.008795703,0.009818659,4477507
20131119,14:45:00.000,BBG000BRXP69,-0.0049877176,-0.0042196,412590
20131119,14:45:00.000,BBG000BGYWY6,-0.0013339074,-0.003453584,208630
20131119,14:45:00.000,BBG000BJ8YN7,-0.0031183278,-0.011408994,1065992
20131119,14:45:00.000,BBG000BFVXX0,0.00056769187,-0.0047019315,1114189
20131119,14:45:00.000,BBG000BLM0V1,-0.010252045,-0.012988406,436014
20131119,14:45:00.000,BBG000BBCDZ2,0.0028311422,-0.002287486,325792
20131119,14:45:00.000,BBG000KBQZ88,-0.009161623,-0.018759888,1050675
20131119,14:45:00.000,BBG000BWXL85,0.0051680356,-0.0031161127,1000603
20131119,14:45:00.000,BBG000BKXYX5,-0.010876554,-0.017706046,784085
20131119,14:45:00.000,BBG000D1QCF1,0.017426334,0.0021608113,1241647
20131119,14:45:00.000,BBG000CKVSG8,-0.0070812535,-0.0151844425,1509119
20131119,14:45:00.000,BBG000BPYHJ6,0.038855106,0.029687172,1416054
20131119,14:45:00.000,BBG000BKWSR6,-0.003003689,-0.0056149988,9016348
20131119,14:45:00.000,BBG000BMTFR4,0.00025334762,-0.013118957,922659
20131119,14:45:00.000,BBG000C1FQS9,0.0015004876,-0.005270129,590319
20131119,14:45:00.000,BBG000BR37X2,0.001412369,-0.00036627374,1341941
20131119,14:45:00.000,BBG000BB6G37,0.0003222939,-0.01216369,885153
20131119,14:45:00.000,BBG000CHPY97,0.011946452,0.016538057,5648545
20131119,14:45:00.000,BBG000BPXRB3,-0.034383085,-0.043278966,736048
20131119,14:45:00.000,BBG000BF5RY1,-0.0024500154,-0.0059620314,1136592
20131119,14:45:00.000,BBG000BNNKG9,0.021634687,0.013445381,2961489
20131119,14:45:00.000,BBG001NVJ6W4,-0.025640082,-0.038669266,1446086
20131119,14:45:00.000,BBG0035LY913,0.0036263657,0.0040174616,1966337
20131119,14:45:00.000,BBG000BMLWX8,0.0034177238,-0.0017986897,1820754
20131119,14:45:00.000,BBG000BPNP00,0.001594032,-0.011396745,1361270
20131119,14:45:00.000,BBG000DSMS70,-0.0051078293,-0.0042343307,598144
20131119,14:45:00.000,BBG000D13GN8,-0.020062093,-0.03514039,1499305
20131119,14:45:00.000,BBG000BSC0K9,-0.0032608479,-0.0036123742,803608
20131119,14:45:00.000,BBG000MDCQC2,0.003745156,-0.0052054473,965906
20131119,14:45:00.000,BBG000BMKDM3,-0.006013159,-0.009219832,839627
20131119,14:45:00.000,BBG000BF1R66,0.0033344913,0.0021122368,285466
20131119,14:45:00.000,BBG000BJQWD2,0.00093149405,-0.00568491,845907
20131119,14:45:00.000,BBG000C2ZCH8,0.0028756259,-0.00533093,502613
20131119,14:45:00.000,BBG000BP8Z50,-0.008763442,-0.012000223,700447
20131119,14:45:00.000,BBG000FBK808,-0.011377532,-0.0109480815,3563244
20131119,14:45:00.000,BBG000BXMFC3,0.010215252,-0.005173944,842130
20131119,14:45:00.000,BBG000BFNR17,0.002576143,-0.0014289931,321523
20131119,14:45:00.000,BBG000RGM5P1,-0.01376031,-0.02533641,1746739
20131119,14:45:00.000,BBG000BKR1D6,0.0018343107,-0.0024602532,203109
20131119,14:45:00.000,BBG000D7RKJ5,-0.004239295,-0.010019699,991185
20131119,14:45:00.000,BBG000G6BN50,0.005972024,0.0087507535,356484
20131119,14:45:00.000,BBG000J1QLT0,0.0034127969,-0.0029614437,651535
20131119,14:45:00.000,BBG000BNFLM9,-0.010019216,-0.024643159,1562201
20131119,14:45:00.000,BBG000BTCH57,-0.008843271,-0.018559659,2300326
20131119,14:45:00.000,BBG000FLZN98,-0.003143226,-0.0054274066,351112
20131119,14:45:00.000,BBG000C4DPX1,-0.0007023629,-0.017165394,609016
20131119,14:45:00.000,BBG000BQ8KV2,0.006188792,0.0023565702,644826
20131119,14:45:00.000,BBG000BPMH90,0.00085795287,0.0031748503,1012929
20131119,14:45:00.000,BBG000K14Q84,0.0017892267,-0.011354904,466816
20131119,14:45:00.000,BBG000BC9938,0.011355025,0.0028752792,849539
20131119,14:45:00.000,BBG000QFJ7H3,-0.0065999418,-0.013657401,2403369
20131119,14:45:00.000,BBG000BTQR96,-0.003864881,-0.010937588,689448
20131119,14:45:00.000,BBG000CHWP52,-0.00076207187,-0.004975791,627327
20131119,14:45:00.000,BBG000D8RG11,0.00821433,0.0007372861,1359181
20131119,14:45:00.000,BBG000BS9489,0.0021028945,-0.00064345653,543731
20131119,14:45:00.000,BBG000CKJ0P3,-0.014397804,0.00052963087,485292
20131119,14:45:00.000,BBG000BWCKB6,0.0017021899,-0.0021148352,253681
20131119,14:45:00.000,BBG000BVWLJ6,-0.00057292887,-0.0037221608,1434097
20131119,14:45:00.000,BBG000BXM6V2,-0.0062699746,-0.014541103,625738
20131119,14:45:00.000,BBG000D9KWL9,-0.0024264753,-0.0044400343,272758
20131119,14:45:00.000,BBG000BKNX95,0.0020172035,-0.008381915,1218854
20131119,14:45:00.000,BBG000J5Q6L2,0.024850529,0.020683132,5518145
20131119,14:45:00.000,BBG000QN4GY3,-0.012039352,-0.016683294,1184771
20131119,14:45:00.000,BBG000BCTQ65,0.002017103,-0.0048919097,2274325
20131119,14:45:00.000,BBG000BNNYW1,-3.308489e-05,-0.0043430794,904816
20131119,14:45:00.000,BBG003641015,0.007971886,0.009350224,1386971
20131119,14:45:00.000,BBG000D6L294,-0.013390501,-0.014846684,1223538
20131119,14:45:00.000,BBG000BSBZH7,-0.002198828,-0.0015449519,824734
20131119,14:45:00.000,BBG000BNC3Y9,-0.0034616305,-0.0034862144,1336331
20131119,14:45:00.000,BBG000F15NW9,2.8045282e-05,0.00070420513,973516
20131119,14:45:00.000,BBG000R0L5J4,-0.0027491197,-0.006375964,2227926
20131119,14:45:00.000,BBG000BVMPN3,-0.0022955209,6.3420885e-05,504288
20131119,14:45:00.000,BBG000BB5BF6,-0.017002655,-0.025529748,2010325
20131119,14:45:00.000,BBG000BR3KL6,-0.005500341,-0.013127851,479696
20131119,14:45:00.000,BBG000BNGTQ7,-0.004664971,-0.0054447153,1174595
20131119,14:45:00.000,BBG000BHZ5J9,0.004711696,0.0021999073,1003221
20131119,14:45:00.000,BBG000BN84F3,-0.0042001773,-0.010183778,1348346
20131119,14:45:00.000,BBG000BBJQV0,-0.00032816592,-0.012430738,3349417
20131119,14:45:00.000,BBG000BB1TH9,-0.00043711026,-0.015438298,800762
20131119,14:45:00.000,BBG000BFS7D3,-0.006009955,-0.00421192,599052
20131119,14:45:00.000,BBG000BR14K5,0.0047010523,0.0024895717,707422
20131119,14:45:00.000,BBG000BPVCR1,0.027048254,0.020664247,1418134
20131119,14:45:00.000,BBG000BKLH74,-0.00087130046,-0.0025035022,2467568
20131119,14:45:00.000,BBG002S5ZRF9,-0.0625746,-0.080915906,2212721
20131119,14:45:00.000,BBG000BKPL53,-0.0010787382,0.0029025641,401228
20131119,14:45:00.000,BBG000DY8ZS4,-0.020530218,-0.034741215,5550329
20131119,14:45:00.000,BBG000DNTSP4,0.00047762852,-0.0032204257,1333057
20131119,14:45:00.000,BBG000BM6788,0.005679834,-0.0016274458,2353243
20131119,14:45:00.000,BBG000G3QLY3,0.006969664,0.0041811015,544843
20131119,14:45:00.000,BBG000BLKK03,-0.0019735612,0.0011149487,1753952
20131119,14:45:00.000,BBG000BP0KQ8,-0.016113637,-0.024465758,4717917
20131119,14:45:00.000,BBG000C7LMS8,0.011306236,0.011553491,132883
20131119,14:45:00.000,BBG000JBN3X6,-0.005207904,-0.0049172034,7680002
20131119,14:45:00.000,BBG000QW7VC1,-0.004194083,-0.017714549,3182083
20131119,14:45:00.000,BBG000C2YHG9,-0.009994673,-0.015224848,1663828
20131119,14:45:00.000,BBG000BVHBM1,0.007703534,0.0042148232,1699762
20131119,14:45:00.000,BBG000FKJRC5,-0.0010721028,-0.0036361748,560269
20131119,14:45:00.000,BBG000BP4MH0,-0.00023471251,-0.0016924826,1360101
20131119,14:45:00.000,BBG000BSXQV7,0.0027439962,-0.00075235707,238457
20131119,14:45:00.000,BBG000BY33P5,-0.008150237,-0.01428896,11747903
20131119,14:45:00.000,BBG000BNJHS8,-0.0004704873,0.0033093449,5455592
20131119,14:45:00.000,BBG000BB5373,0.009127977,-0.0011946685,6286049
20131119,14:45:00.000,BBG000CSY9H9,0.0013906,0.00071251113,653839
20131119,14:45:00.000,BBG000BQWPC5,0.001089798,-0.002925651,1437400
20131119,14:45:00.000,BBG000BQZMH4,-0.0012396346,-0.00585799,2120899
20131119,14:45:00.000,BBG000BC4JJ4,0.007569681,0.0020915081,538435
20131119,14:45:00.000,BBG001QD41M9,-0.011038322,-0.019072395,1788895
20131119,14:45:00.000,BBG000BHLYS1,-0.006466301,-0.008759113,854906
20131119,14:45:00.000,BBG000HG21Y3,0.030503593,0.017750958,631753
20131119,14:45:00.000,BBG000BHLYP4,0.010990713,0.01635985,1121293
20131119,14:45:00.000,BBG000DLFM21,-0.0033014556,-0.008380587,446597
20131119,14:45:00.000,BBG000H9G7X2,0.015696555,0.016358037,1641714
20131119,14:45:00.000,BBG000BRRG02,0.002762187,-0.0033690818,191820
20131119,14:45:00.000,BBG000BBMSJ6,-0.023939902,-0.040031277,7017668
20131119,14:45:00.000,BBG000MM5VL9,-0.006715371,-0.016885784,845967
20131119,14:45:00.000,BBG000C2V3D6,-0.0120496685,-0.005919569,1748167
20131119,14:45:00.000,BBG000G30YX4,-0.022035431,-0.021121142,555904
20131119,14:45:00.000,BBG000JN8R00,-0.0012778438,-0.0067803147,4729184
20131119,14:45:00.000,BBG000C2PW58,-0.00053761574,-0.0036686263,223291
20131119,14:45:00.000,BBG000CGQ6M4,0.004838786,0.00079240435,475571
20131119,14:45:00.000,BBG000BCBCM7,0.0020426682,-0.010978233,9778950
20131119,14:45:00.000,BBG000C3HSR0,-0.013277656,-0.024267215,1722490
20131119,14:45:00.000,BBG000BG09F5,-0.011243702,-0.015884014,1375903
20131119,14:45:00.000,BBG000BDXGP9,0.0010504747,-0.0024540422,1460862
20131119,14:45:00.000,BBG000BTVJ25,0.0009389531,-0.0017838157,1463673
20131119,14:45:00.000,BBG000BTKGG8,-0.004668923,-0.0072288867,2545990
20131119,14:45:00.000,BBG000BLW530,-0.0091440445,-0.017468827,1282584
20131119,14:45:00.000,BBG000BY2Y78,-0.0006549943,-0.002076985,1762070
20131119,14:45:00.000,BBG000BJ2VQ6,0.0043569584,0.000652875,841422
20131119,14:45:00.000,BBG0039320N9,-0.0069594975,-0.006642693,1898112
20131119,14:45:00.000,BBG000BRJ809,0.0012565206,-0.00059561816,176046
20131119,14:45:00.000,BBG000TWC2V5,0.0128519535,0.0053214747,1729294
20131119,14:45:00.000,BBG0019JZ882,-0.0074994382,-0.009543133,3212569
20131119,14:45:00.000,BBG000BF6LY3,0.0019773946,-0.0028024146,3222089
20131119,14:45:00.000,BBG000BYYLS8,-0.0012048266,-0.00088690483,1761353
20131119,14:45:00.000,BBG000BRWGG9,-0.004288558,-0.015458615,13562575
20131119,14:45:00.000,BBG000FW00S1,0.011826599,-0.00051645545,3508113
20131119,14:45:00.000,BBG000BK67C7,0.0071652476,0.0040321676,1105539
20131119,14:45:00.000,BBG000FVXD63,0.020330196,0.02141301,1294946
20131119,14:45:00.000,BBG000D2M0Z7,-0.008003624,-0.014517992,624404
20131119,14:45:00.000,BBG000BLBXT4,0.0028379846,-0.0071660667,635574
20131119,14:45:00.000,BBG000CS7CT9,-0.00061022793,0.00335211,1996038
20131119,14:45:00.000,BBG000BFMBQ6,0.005727771,0.005825978,928957
20131119,14:45:00.000,BBG000BBBNC6,-0.014134467,-0.007025444,1026507
20131119,14:45:00.000,BBG000G0Z878,-0.0062119975,-0.008840391,2720254
20131119,14:45:00.000,BBG000CR90K4,-0.009685217,-0.016221,12063783
20131119,14:45:00.000,BBG000BQ2C28,-0.005800817,-0.0049284627,728933
20131119,14:45:00.000,BBG000BMBL90,0.0017313383,-0.0013849646,987594
20131119,14:45:00.000,BBG000BX5ZF5,0.021598112,0.009922137,7848364
20131119,14:45:00.000,BBG000BPT0C6,-2.8707587e-05,-0.0035530073,1498113
20131119,14:45:00.000,BBG000BMY992,0.015242317,0.008942628,2706323
20131119,14:45:00.000,BBG000BL9JQ1,-0.007957462,-0.0103989085,1888692
20131119,14:45:00.000,BBG000JG0547,0.0316884,0.033476558,5041168
20131119,14:45:00.000,BBG000BM7HL0,-0.01144821,-0.021234618,2221848
20131119,14:45:00.000,BBG000BRK7L6,0.0015933589,0.0016853657,2849514
20131119,14:45:00.000,BBG000BMQPL1,-0.0035174328,-0.0054625915,8421053
20131119,14:45:00.000,BBG000C1FB75,,,847018
20131119,14:45:00.000,BBG000CZWZ05,0.0004070997,-0.0049151103,0
20131119,14:45:00.000,BBG000R7RDB4,-0.01091218,-0.014941938,973404
20131119,14:45:00.000,BBG000DTMH63,,,2019710
20131119,14:45:00.000,BBG000BTR593,0.030369902,0.033053618,3334787
20131119,14:45:00.000,BBG000BB6M98,-0.004698143,-0.011580023,4020476
20131119,14:45:00.000,BBG000C2BXK4,-0.017150726,-0.031176304,7078072
20131119,14:45:00.000,BBG000PVRDL2,0.0007594707,-0.00092606404,2482656
20131119,14:45:00.000,BBG000BVMGF2,-0.003317205,-0.00350344,883826
20131119,14:45:00.000,BBG000BCGY17,0.0015151049,-0.0024526685,1388887
20131119,14:45:00.000,BBG000CNFQW6,-0.0020037384,-0.00075498037,519601
20131119,14:45:00.000,BBG000BSD7C2,-0.0005230857,-0.0014589566,978203
20131119,14:45:00.000,BBG000FQ6PY6,-0.0076164547,-0.009361919,1536502
20131119,14:45:00.000,BBG000BC15S7,-0.0022017253,-0.0061582644,1044321
20131119,14:45:00.000,BBG000BVDLH9,-0.0019246739,-0.0004467891,693711
20131119,14:45:00.000,BBG000GC80B4,1.0285984e-05,0.003383033,1071205
20131119,14:45:00.000,BBG000C0F570,-0.004400048,-0.01736215,2621672
20131119,14:45:00.000,BBG000D898T9,0.00042347037,-0.0012355482,1492221
20131119,14:45:00.000,BBG000BG14P4,0.01109661,-0.013001261,1708957
20131119,14:45:00.000,BBG000DQTXY6,-0.0026507026,-0.0067347777,3337305
20131119,14:45:00.000,BBG000C1S2X2,0.018605487,0.013045095,1301268
20131119,14:45:00.000,BBG000BWSV34,-0.0065979264,-0.009032826,696961
20131119,14:45:00.000,BBG000H0QBS7,-0.001258107,-0.008013025,569358
20131119,14:45:00.000,BBG000BWNFZ9,0.0023039742,-0.012255626,1225741
20131119,14:45:00.000,BBG000BS0ZF1,0.002851192,0.00239877,399362
20131119,14:45:00.000,BBG000CPQZ77,-0.009494171,-0.021313827,2656390
20131119,14:45:00.000,BBG001M8HHB7,0.024163561,0.0065168054,995374
20131119,14:45:00.000,BBG000BH5DV1,0.0013638852,-0.0010900453,805759
20131119,14:45:00.000,BBG000NV1KK7,0.001808399,0.003822115,1783893
20131119,14:45:00.000,BBG000DKCC19,0.046787184,0.04385503,5741137
20131119,14:45:00.000,BBG000CXYSZ6,-0.018079448,-0.026505228,1303013
20131119,14:45:00.000,BBG000BGLRN3,-0.008692607,-0.010560709,3247148
20131119,14:45:00.000,BBG000QRKJ70,-0.032393243,-0.05664897,17901280
20131119,14:45:00.000,BBG000BQ5DS5,0.00083222525,-0.010203092,785291
20131119,14:45:00.000,BBG000BV7LP7,0.018112328,0.009380907,3096027
20131119,14:45:00.000,BBG000BH5LT6,-0.009558483,-0.008487855,2585889
20131119,14:45:00.000,BBG000R8ZVD1,0.0098301815,0.0008973182,1115761
20131119,14:45:00.000,BBG000BRJL00,-0.0039050737,-0.010034049,2083477
20131119,14:45:00.000,BBG000BB6WG8,0.0066888677,0.0024439641,3155272
20131119,14:45:00.000,BBG000BJL3N0,-0.0005346671,-0.0014999878,3970961
20131119,14:45:00.000,BBG000QY3XZ2,0.009196101,-0.0031190799,1266388
20131119,14:45:00.000,BBG000LD9JQ8,-0.015831599,-0.027778903,1355600
20131119,14:45:00.000,BBG000Q3JN03,-0.0038155874,-0.007241748,9032974
20131119,14:45:00.000,BBG000BH3JF8,-0.0026476253,-0.0036889433,1135871
20131119,14:45:00.000,BBG000BR54L0,0.0032751162,-0.0038308338,5057418
20131119,14:45:00.000,BBG000PX3XC0,-0.011228496,-0.013079135,2188502
20131119,14:45:00.000,BBG001YMS0B8,0.002969857,-0.0013211282,2022012
20131119,14:45:00.000,BBG000BD8PN9,-0.003906862,-0.0027157494,3612348
20131119,14:45:00.000,BBG000BRD0D8,0.0041633393,0.002721389,1079901
20131119,14:45:00.000,BBG000BMDV41,-0.0074467333,-0.014614693,2434174
20131119,14:45:00.000,BBG000BGVW60,0.0036618009,-0.0020661,1668120
20131119,14:45:00.000,BBG000BKCFC2,-0.010844523,-0.013148623,3038572
20131119,14:45:00.000,BBG000BB9KF2,-0.0028753018,-0.008694215,2426901
20131119,14:45:00.000,BBG000C0MF34,-0.0073751966,-0.0077377325,305827
20131119,14:45:00.000,BBG000BZ2GG4,-0.00034020672,-0.011514794,1495996
20131119,14:45:00.000,BBG000C0LW92,0.032924354,0.031101352,9002578
20131119,14:45:00.000,BBG000BMW2Z0,-0.0023876412,-0.00037007246,1363498
20131119,14:45:00.000,BBG000F0KF42,-0.0019050543,-0.015256514,1908834
20131119,14:45:00.000,BBG000BX3TD3,-0.0032270947,-0.010902889,4213296
20131119,14:45:00.000,BBG000QX74T1,0.0071358667,0.002512206,196457
20131119,14:45:00.000,BBG000BWJFZ4,-0.0065412163,-0.0076263025,346694
20131119,14:45:00.000,BBG000BKFBD7,0.00023652516,0.0023240393,1309809
20131119,14:45:00.000,BBG000JWD753,-0.0054415567,-0.018296465,2692966
20131119,14:45:00.000,BBG000M65M61,0.041905448,0.03627887,9896462
20131119,14:45:00.000,BBG000MBDGM6,-0.009739051,-0.014369776,426917
20131119,14:45:00.000,BBG000BBVJZ8,0.03410671,0.036953624,5854013
20131119,14:45:00.000,BBG000BV8DN6,0.009090726,0.010719242,2773296
20131119,14:45:00.000,BBG000BH2JM1,0.0043072794,-0.00042268113,4712413
20131119,14:45:00.000,BBG000BGJRC8,-0.0041118334,-0.013952701,4344597
20131119,14:45:00.000,BBG000QBR5J5,-0.004796287,-0.004622039,1581988
20131119,14:45:00.000,BBG000BSLZY7,0.005839778,0.0053238543,8188540
20131119,14:45:00.000,BBG000BJSBJ0,-0.012467926,-0.020497905,2950062
20131119,14:45:00.000,BBG000BJ81C1,-0.00173307,-0.00017036097,728503
20131119,14:45:00.000,BBG000BFL116,-0.018644031,-0.0387333,3697238
20131119,14:45:00.000,BBG000HCJMF9,0.0055710925,0.0077828313,1359083
20131119,14:45:00.000,BBG000FV1Z23,0.0014933308,-0.0104192635,768979
20131119,14:45:00.000,BBG000BBDV81,0.00058866444,-0.0008548942,1327092
20131119,14:45:00.000,BBG000FJLFX8,-0.0057987543,-0.0038603696,1811765
20131119,14:45:00.000,BBG000J6XT05,-0.0076356134,-0.01247924,4406569
20131119,14:45:00.000,BBG000BCWCG1,-0.07692564,-0.087705135,22909568
20131119,14:45:00.000,BBG000BJPDZ1,-0.0039002616,0.0015900081,110570
20131119,14:45:00.000,BBG000BPQD31,0.00043504764,0.0019131766,2462042
20131119,14:45:00.000,BBG000C734W3,0.004282845,0.0005466279,388295
20131119,14:45:00.000,BBG000C3GN47,0.009248966,0.008821819,2847960
20131119,14:45:00.000,BBG000BFRF55,0.023272524,0.010179749,5672820
20131119,14:45:00.000,BBG000BGPTV6,-0.0016036839,-0.014928071,693941
20131119,14:45:00.000,BBG000BM5SR2,0.006244329,0.0024283084,2990652
20131119,14:45:00.000,BBG000BN5HF7,-0.0039629126,-0.008256859,2650511
20131119,14:45:00.000,BBG000BBD070,0.0034799236,-0.0012812956,1295639
20131119,14:45:00.000,BBG000BVPPM1,0.023551334,0.01913888,3719106
20131119,14:45:00.000,BBG000DYGNW7,0.0022165473,0.0012281316,633098
20131119,14:45:00.000,BBG000BCG930,0.016985219,0.02051695,2859305
20131119,14:45:00.000,BBG000BHGDH5,-0.00067671854,-0.0071281493,1519166
20131119,14:45:00.000,BBG000BJ3PD2,-0.0023215127,-0.01158427,1424726
20131119,14:45:00.000,BBG000BFQYY3,0.0024573137,0.0026086962,1299377
20131119,14:45:00.000,BBG000BY29C7,0.0026698129,-3.733212e-07,1578394
20131119,14:45:00.000,BBG000C1BW00,0.012233798,0.009646603,641733
20131119,14:45:00.000,BBG000BD4VG8,0.0076670386,-0.0036629166,2153918
20131119,14:45:00.000,BBG000BHQ1H0,0.003781334,0.0060290163,1800428
20131119,14:45:00.000,BBG000BB5006,-0.0031228561,-0.013426832,2045240
20131119,14:45:00.000,BBG000BKFZM4,0.009654404,0.0047663627,5810838
20131119,14:45:00.000,BBG000BWVCP8,-0.0018365904,-0.0076519153,4221762
20131119,14:45:00.000,BBG000FH8PX5,-0.012390887,-0.011874003,804742
20131119,14:45:00.000,BBG000BHX7N2,0.0029106017,-0.0038464298,1233840
20131119,14:45:00.000,BBG000WCFV84,-0.003929365,-0.009046599,2073038
20131119,14:45:00.000,BBG000BBPFB9,0.010993574,-0.0011807053,6492501
20131119,14:45:00.000,BBG000FL1TC8,0.011430594,0.008762583,2293448
20131119,14:45:00.000,BBG000F6H8W8,0.0042365883,0.0015811764,777751
20131119,14:45:00.000,BBG000BGKTF9,-0.004770535,-0.0013681408,1633106
20131119,14:45:00.000,BBG000C8H633,0.008814165,0.012870715,4425860
20131119,14:45:00.000,BBG000H89QJ6,0.00857924,0.003621142,1579623
20131119,14:45:00.000,BBG0014GG205,-0.015460579,-0.029792422,7984147
20131119,14:45:00.000,BBG000BFXHL6,-0.015342727,-0.019205626,2365598
20131119,14:45:00.000,BBG000BH3GZ2,0.004169266,0.0041535934,1489998
20131119,14:45:00.000,BBG000BT9DW0,-0.0013354818,-0.006375567,3860969
20131119,14:45:00.000,BBG000FP1N32,0.0068183313,-0.0009853105,1890867
20131119,14:45:00.000,BBG000FNRZ69,0.0031881107,-0.011093667,3503038
20131119,14:45:00.000,BBG000D42FJ0,-0.042214,-0.06201125,9346880
20131119,14:45:00.000,BBG00286S4N9,0.015520443,0.014652568,1847181
20131119,14:45:00.000,BBG0025Y4RY4,-0.004809787,-0.006342329,2548435
20131119,14:45:00.000,BBG000BFDXW1,0.0055444795,-0.0071369833,5785670
20131119,14:45:00.000,BBG0029SNR63,-0.0046902644,-0.012107065,2228966
20131119,14:45:00.000,BBG000G2R6M0,0.0038794305,0.005793827,3656305
20131119,14:45:00.000,BBG000BCVJ77,-0.0023485182,0.0031959228,2626652
20131119,14:45:00.000,BBG000BL4504,0.0007029302,-0.0043270956,8428708
20131119,14:45:00.000,BBG000BC2C10,0.0018170167,0.0083152065,2335873
20131119,14:45:00.000,BBG000B9WH86,0.025220484,0.021240318,19748864
20131119,14:45:00.000,BBG000BJX8C8,0.0025583815,-0.004553745,2182645
20131119,14:45:00.000,BBG000H556T9,0.0010573284,-0.0034562985,1049599
20131119,14:45:00.000,BBG000C496P7,-0.0049279714,-0.012077918,2385872
20131119,14:45:00.000,BBG000FG3C43,0.0049597826,-0.0102587305,2530842
20131119,14:45:00.000,BBG000BNWG87,-0.010139022,-0.006004074,3671162
20131119,14:45:00.000,BBG000BNBDC2,-0.0065044556,-0.00078334747,2364864
20131119,14:45:00.000,BBG000BJ98Z0,-0.018703314,-0.030039616,2283434
20131119,14:45:00.000,BBG000Q2HM09,-0.0025945785,-0.018701533,2868072
20131119,14:45:00.000,BBG000D9D830,0.00029145126,0.0003818664,1557803
20131119,14:45:00.000,BBG000CJZ2W6,-0.019714661,-0.02909945,2592691
20131119,14:45:00.000,BBG000BH13K9,-0.0036219035,-0.005186105,2316766
20131119,14:45:00.000,BBG000C46HM9,-0.0032380384,-0.0013861684,2649890
20131119,14:45:00.000,BBG000BWXBC2,0.0022145892,0.0010099165,3048965
20131119,14:45:00.000,BBG000BN2DC2,-0.03025939,-0.043878313,12265172
20131119,14:45:00.000,BBG000BTZQC4,0.00037891048,-0.0018476115,5185478
20131119,14:45:00.000,BBG001DCCGR8,0.031985812,0.028680895,3655485
20131119,14:45:00.000,BBG000BB6KF5,0.0038359931,0.0059390552,4151976
20131119,14:45:00.000,BBG000DHSPT0,0.002266839,-0.0005650034,2158207
20131119,14:45:00.000,BBG000F0PF65,-0.004022998,-0.0064340164,2194015
20131119,14:45:00.000,BBG000BH1NH9,-0.0072011743,-0.009444162,3728849
20131119,14:45:00.000,BBG000BVV7G1,0.003779586,-0.006360643,2523581
20131119,14:45:00.000,BBG000BPWXK1,0.0067347246,0.009251198,3472909
20131119,14:45:00.000,BBG000BJF1Z8,-0.01009902,-0.01957915,1918312
20131119,14:45:00.000,BBG000BXRPH1,-0.008210042,-0.01314269,1949935
20131119,14:45:00.000,BBG000BC40Y8,0.002768863,0.004148841,1581687
20131119,14:45:00.000,BBG000BBGGQ1,0.003498822,1.3728115e-07,5232732
20131119,14:45:00.000,BBG000C17X76,0.01710033,0.018401723,857660
20131119,14:45:00.000,BBG000BP6LJ8,-0.005646019,-0.00578397,3937089
20131119,14:45:00.000,BBG000B9ZXB4,0.014310407,0.017393518,6768881
20131119,14:45:00.000,BBG000BMF5J0,0.006280366,0.0022983355,19178542
20131119,14:45:00.000,BBG000C5HS04,-0.005552405,-0.00878031,2192275
20131119,14:45:00.000,BBG000BLZRJ2,0.0023427322,0.0029676782,6666053
20131119,14:45:00.000,BBG000L9CV04,0.0017468147,-0.0046393014,1625460
20131119,14:45:00.000,BBG000BWLMJ4,-0.019698272,-0.022374822,3894233
20131119,14:45:00.000,BBG000D4LWF6,0.00019379292,-0.006183411,3519921
20131119,14:45:00.000,BBG000BCQZS4,-0.0013080172,0.0010934932,1865464
20131119,14:45:00.000,BBG000H8TVT2,-7.823853e-05,0.004814312,2248501
20131119,14:45:00.000,BBG000FFDM15,0.0067822533,0.009915091,5579306
20131119,14:45:00.000,BBG000BFWKC0,-0.008692506,-0.0051905434,1674977
20131119,14:45:00.000,BBG000BP52R2,0.0007998463,0.0012302574,1580705
20131119,14:45:00.000,BBG000C15T95,0.005320415,-0.0021532131,3046645
20131119,14:45:00.000,BBG000BZ9223,-0.007950723,-0.007623586,923628
20131119,14:45:00.000,BBG000BHBK84,0.0023162223,-0.0050179977,3863332
20131119,14:45:00.000,BBG000CTQBF3,-0.0032401732,-0.0055864616,2762169
20131119,14:45:00.000,BBG000BW8S60,0.0023909898,-0.0004580946,1134296
20131119,14:45:00.000,BBG000BB07P9,0.008226572,0.008492185,7707309
20131119,14:45:00.000,BBG000CH5208,-0.0045484784,-0.0026502637,2376379
20131119,14:45:00.000,BBG000BW3299,-3.70996e-05,-0.009355141,1113032
20131119,14:45:00.000,BBG000DQLV23,0.00089993083,0.002697749,3307110
20131119,14:45:00.000,BBG000DWYF03,-0.008268704,-0.011850176,6325878
20131119,14:45:00.000,BBG000BGRY34,-0.0024907247,-0.0015285034,2707709
20131119,14:45:00.000,BBG000F1ZSQ2,-0.008150843,-0.009055757,211190
20131119,14:45:00.000,BBG000BQQ2S6,-0.0071900045,-0.00396501,1677419
20131119,14:45:00.000,BBG000KHWT55,0.011427948,0.0027998316,9508632
20131119,14:45:00.000,BBG000BNDN65,-0.004105856,-0.007269518,8371245
20131119,14:45:00.000,BBG000R7Z112,-0.00156181,-0.0046222107,8974288
20131119,14:45:00.000,BBG000BQQH30,-0.008098459,-0.00027668194,5105960
20131119,14:45:00.000,BBG000BBS2Y0,-0.010064601,-0.004481559,1463193
20131119,14:45:00.000,BBG000J2XL74,0.0014346027,-0.0023452742,2144202
20131119,14:45:00.000,BBG000BJDB15,-0.004802535,-0.002740897,5411461
20131119,14:45:00.000,BBG000DWG505,0.00074244046,-0.00073289487,1522612
20131119,14:45:00.000,BBG000DH7JK6,-0.0031124095,-0.005823214,2835566
20131119,14:45:00.000,BBG000BKTFN2,0.0009162679,-0.009018008,5575390
20131119,14:45:00.000,BBG000BF0K17,0.0028852166,-0.0044625294,3349619
20131119,14:45:00.000,BBG000BFC8J2,0.0043310607,0.007451295,2052285
20131119,14:45:00.000,BBG000BH4R78,-0.00028822978,-0.0031646646,2995119
20131119,14:45:00.000,BBG000NDYB67,-0.006864287,-0.012695111,12806970
20131119,14:45:00.000,BBG000C6CFJ5,0.0016254403,0.007936511,2033671
20131119,14:45:00.000,BBG000BQLTW7,-0.0032229228,-0.0060141636,9972882
20131119,14:45:00.000,BBG000BNSZP1,-0.0007089623,0.005479341,2628499
20131119,14:45:00.000,BBG000BBDZG3,-0.009800486,-0.001839191,4506032
20131119,14:45:00.000,BBG000BHVJJ3,0.00083659,-0.0037642755,8723494
20131119,14:45:00.000,BBG000BFT2L4,0.001368361,-0.00021023642,3860342
20131119,14:45:00.000,BBG000C43RR5,0.0031727746,0.0030734567,7611234
20131119,14:45:00.000,BBG000Q9HH23,0.012814307,0.0012160188,1292859
20131119,14:45:00.000,BBG000BCSST7,-0.005548443,-0.00907124,2791726
20131119,14:45:00.000,BBG000BMX289,0.0013292193,-0.0007473797,8243319
20131119,14:45:00.000,BBG000GFFQN9,-0.0053063966,-0.00800329,9463293
20131119,14:45:00.000,BBG000BT41Q8,-0.0012601065,-0.00456392,4383411
20131119,14:45:00.000,BBG000CKGBP2,0.008963791,0.010146551,4978432
20131119,14:45:00.000,BBG000BKZB36,0.011214106,0.011356184,9355335
20131119,14:45:00.000,BBG000BLBVN4,0.0005996983,-0.009440259,390519
20131119,14:45:00.000,BBG000PSKYX7,-0.010444973,-0.011051452,1978852
20131119,14:45:00.000,BBG000BPD168,-0.0060288585,0.0008334843,5329739
20131119,14:45:00.000,BBG000HS77T5,0.002380417,-0.00059134496,5603487
20131119,14:45:00.000,BBG000BVPV84,0.009208225,-0.004465559,1398280
20131119,14:45:00.000,BBG000BR2TH3,-0.0059807925,-0.002365331,4695855
20131119,14:45:00.000,BBG000BQPC32,0.0031553824,-0.0053019486,19388388
20131119,14:45:00.000,BBG000CGC1X8,0.002944053,0.0012517085,6401858
20131119,14:45:00.000,BBG000BMHYD1,0.00040064,0.0063667875,3841593
20131119,14:45:00.000,BBG000K4ND22,0.0073009646,0.013272233,3843846
20131119,14:45:00.000,BBG000C0G1D1,0.010771484,0.0036595666,17667226
20131119,14:45:00.000,BBG000C5Z1S3,0.009934954,-0.002592873,38244856
20131119,14:45:00.000,BBG000BWQFY7,0.0018628204,0.001152069,9228374
20131119,14:45:00.000,BBG000BLNNH6,-0.0003230603,0.0035501642,3207113
20131119,14:45:00.000,BBG000BR2B91,-0.010263957,-0.0040609166,17031074
20131119,14:45:00.000,BBG000BSJK37,0.00095673214,0.002527893,7880258
20131119,14:45:00.000,BBG000C3J3C9,0.004470395,0.0042263325,42440088
20131119,14:45:00.000,BBG000BK6MB5,-0.0031767702,-0.0055135842,26721900
20131119,14:45:00.000,BBG000CL9VN6,0.0010863562,-0.01462821,1958458
20131119,14:45:00.000,BBG000GZQ728,-0.0014807578,0.00083940255,9210067
20131119,14:45:00.000,BBG000DMBXR2,0.0043617436,0.008073789,16985176
20131119,14:45:00.000,BBG000FY4S11,0.0046665194,0.0066930624,14985191
20131119,14:45:00.000,BBG000N9MNX3,0.05137781,0.037395436,16327645
20131119,14:45:00.000,BBG000BCTLF6,0.011418669,0.015409929,122302000
20131119,14:45:00.000,BBG000BPH459,0.002446612,-0.002168085,31414108
20131119,14:45:00.000,BBG000BHSKN9,-0.004392032,-0.0041433666,829176
20131119,14:45:00.000,BBG000MM2P62,0.015469535,0.009380536,58615936
20131119,14:45:00.000,BBG000B9XRY4,0.0047755763,0.001436311,5762308
20131119,15:00:00.000,BBG000C221G9,-0.0007838616,-0.010596235,503187
20131119,15:00:00.000,BBG000D9H9F1,0.036635984,0.039452914,1921111
20131119,15:00:00.000,BBG000BJ5GK2,0.01588123,0.0032319794,962813
20131119,15:00:00.000,BBG000BVVQQ8,-0.00028883375,-0.009128412,1381985
20131119,15:00:00.000,BBG000PTLGZ1,-0.0044951597,-0.013329266,400461
20131119,15:00:00.000,BBG000CGT2S4,-0.0026808742,0.00051649736,3168626
20131119,15:00:00.000,BBG000RKR4R8,-0.0016071119,-0.008718881,6763445
20131119,15:00:00.000,BBG000BDWKC5,0.0038420411,-0.0018415187,1424306
20131119,15:00:00.000,BBG000JB27Y9,-0.0030365412,0.00051798474,822416
20131119,15:00:00.000,BBG000BLXZN1,-0.005928005,-0.014526087,534854
20131119,15:00:00.000,BBG000BK5DP1,-0.008772957,-0.018695083,1728711
20131119,15:00:00.000,BBG000FBR384,0.006947341,0.0017005238,550301
20131119,15:00:00.000,BBG000BCHG15,0.011139843,0.006224114,469395
20131119,15:00:00.000,BBG000BLHRS2,-0.004971173,-0.010411099,526688
20131119,15:00:00.000,BBG000F80SZ5,-0.00056718965,-0.028380612,8634060
20131119,15:00:00.000,BBG000BQ87N0,-0.0038414297,-0.012369827,692731
20131119,15:00:00.000,BBG000HW5GX3,0.003735318,0.004966005,1741953
20131119,15:00:00.000,BBG000BLMZK6,0.0037150697,-0.006824877,780149
20131119,15:00:00.000,BBG000BND699,0.0075128227,-0.012264011,999175
20131119,15:00:00.000,BBG000BYWTX7,-0.015051067,-0.03044565,3956037
20131119,15:00:00.000,BBG000BGKHZ3,0.003566604,-0.0004510529,522386
20131119,15:00:00.000,BBG000M1R011,0.019432118,-0.0018383082,1702682
20131119,15:00:00.000,BBG000BCJ161,-0.0044103623,-0.0027047503,1934711
20131119,15:00:00.000,BBG000DGPR66,-0.010619812,-0.015227126,773975
20131119,15:00:00.000,BBG000BV75B7,0.0043445947,-0.003938964,431000
20131119,15:00:00.000,BBG000BPZBB6,-0.0023052737,-0.009309365,595406
20131119,15:00:00.000,BBG000BL79J3,-0.01112342,-0.012362989,3660066
20131119,15:00:00.000,BBG000BP7JB0,-0.014588218,-0.02690598,3986755
20131119,15:00:00.000,BBG000BVB8Q0,-0.014151547,-0.013951764,2231475
20131119,15:00:00.000,BBG000TJM7F0,-0.0025937406,-0.0039035736,849233
20131119,15:00:00.000,BBG000BHQYG9,-0.009003494,-0.015318135,569391
20131119,15:00:00.000,BBG000BDDN94,0.00936542,-0.003840946,243120
20131119,15:00:00.000,BBG000BWP7D9,0.0076702177,0.0016535517,1188289
20131119,15:00:00.000,BBG000F9KJN4,-0.01611344,-0.0278691,2698608
20131119,15:00:00.000,BBG000BWVSR1,-0.0023966816,-0.0030768788,2476011
20131119,15:00:00.000,BBG000BHCP19,0.0031646553,-0.011397237,1018616
20131119,15:00:00.000,BBG000BFDLV8,-0.008700492,-0.010504058,532819
20131119,15:00:00.000,BBG000BX8DC4,0.00021055236,-0.0013445109,1552855
20131119,15:00:00.000,BBG000CPHYL4,-0.01972665,-0.03597444,1361329
20131119,15:00:00.000,BBG000BCNYT9,0.0068190685,-0.00233679,3489951
20131119,15:00:00.000,BBG000VC0T95,0.014982217,-0.0008821175,558157
20131119,15:00:00.000,BBG000PCQQL6,0.010917184,0.0010707596,1210687
20131119,15:00:00.000,BBG000BQ74K1,0.0013502119,0.0028066516,930578
20131119,15:00:00.000,BBG000BJDPC2,0.0079593295,0.007280062,994694
20131119,15:00:00.000,BBG000GPXKX9,0.00091906526,-0.009066718,520628
20131119,15:00:00.000,BBG000BJ49H3,-0.0072555053,-0.015552533,669525
20131119,15:00:00.000,BBG000PLXQQ3,-0.0060907505,-0.010119115,395948
20131119,15:00:00.000,BBG000BQHGR6,-0.00095267897,-0.009552419,576914
20131119,15:00:00.000,BBG000KLB4Q1,0.008112612,-0.0074968594,1777809
20131119,15:00:00.000,BBG000C3Y7J6,0.0077124573,-0.0018159057,506307
20131119,15:00:00.000,BBG000FFH4P5,-0.0036749614,-0.014590846,585696
20131119,15:00:00.000,BBG000JBSJZ4,0.007154862,0.0039505768,1266729
20131119,15:00:00.000,BBG000F86GP6,0.0075869025,0.0024248557,721931
20131119,15:00:00.000,BBG000BQTMJ9,0.011657803,0.0025711202,2389217
20131119,15:00:00.000,BBG000RNTSX0,-0.0068448186,-0.018272884,239323
20131119,15:00:00.000,BBG000GZD660,0.0014611629,0.0006314593,312953
20131119,15:00:00.000,BBG000D9DMK0,-0.0038925223,-0.010790219,458940
20131119,15:00:00.000,BBG003P9ZSL3,-0.015605359,-0.013898721,260560
20131119,15:00:00.000,BBG000C37332,0.0077483337,-0.0016349183,591323
20131119,15:00:00.000,BBG000C1DHF5,0.010580026,-0.0061908527,1339860
20131119,15:00:00.000,BBG000FW8LZ9,0.008561858,0.0022730047,1272125
20131119,15:00:00.000,BBG000BCVMH9,-0.00052101014,-0.014784543,288329
20131119,15:00:00.000,BBG000BKQ3V3,0.0015096209,-0.006536921,966312
20131119,15:00:00.000,BBG000CXD6X9,0.0065041394,-0.0017514759,832578
20131119,15:00:00.000,BBG000BCYP43,0.0029181181,0.006097982,325036
20131119,15:00:00.000,BBG000PM7GJ0,-0.027335811,-0.040763088,10208171
20131119,15:00:00.000,BBG000C75N77,0.0041960585,0.0014514145,502683
20131119,15:00:00.000,BBG000G8N9C6,-0.0078848535,-0.0068822987,1375079
20131119,15:00:00.000,BBG000C90DH9,0.004957809,-0.00058665144,3395302
20131119,15:00:00.000,BBG000C6F3T8,0.011688524,-0.0023751261,4620702
20131119,15:00:00.000,BBG000BFV115,-0.008616472,-0.011077909,783937
20131119,15:00:00.000,BBG000C7B436,-0.0016539152,-0.021923145,915342
20131119,15:00:00.000,BBG000BLCPY4,-0.0013050123,-0.00831147,871667
20131119,15:00:00.000,BBG000BD3LM4,0.0020858373,-0.008633741,3482836
20131119,15:00:00.000,BBG000BDY3Y7,-0.032557633,-0.044687513,3497998
20131119,15:00:00.000,BBG000BMZ7P7,-0.005230943,-0.025237614,431943
20131119,15:00:00.000,BBG000BBNYF6,-0.011481004,-0.012132823,981019
20131119,15:00:00.000,BBG000BK6G19,0.0042045214,0.00068294123,1351867
20131119,15:00:00.000,BBG000BB29X4,-0.0029076799,-0.008646635,634523
20131119,15:00:00.000,BBG000BB03M1,0.007193183,-0.015865063,1059436
20131119,15:00:00.000,BBG000BGD7W6,-0.003820444,-0.012602193,1640729
20131119,15:00:00.000,BBG000C3NTN5,0.025074692,0.025647528,3011902
20131119,15:00:00.000,BBG000BHB3M6,-0.004938172,-0.012709821,353428
20131119,15:00:00.000,BBG000BBCQD7,-0.005532726,-0.0038337305,1661670
20131119,15:00:00.000,BBG000D14WM3,-0.0018584239,-0.0077828546,5896035
20131119,15:00:00.000,BBG000CVWGS6,-0.024794865,-0.03252529,5836818
20131119,15:00:00.000,BBG000BQSQ38,0.005473748,0.0048344987,1841130
20131119,15:00:00.000,BBG000BPQVR5,-0.011623455,-0.016165512,553915
20131119,15:00:00.000,BBG000BCZYD3,-0.0022155095,0.0023113836,399443
20131119,15:00:00.000,BBG000FDBX90,-0.003731757,-0.0120454235,1098014
20131119,15:00:00.000,BBG000BQVTF5,-0.003951976,-0.014276132,829945
20131119,15:00:00.000,BBG001BPFT54,-0.051742803,-0.07682409,6460348
20131119,15:00:00.000,BBG000BHC2S1,-0.0042034225,-0.0067116655,814314
20131119,15:00:00.000,BBG000DN7P92,0.004464522,0.0069384617,774333
20131119,15:00:00.000,BBG000C060M4,-0.004507263,-0.008581139,203239
20131119,15:00:00.000,BBG000BHKYH4,-0.002146178,-0.0042488147,380445
20131119,15:00:00.000,BBG000F6ZWH2,0.0020754298,-0.0033721155,2896289
20131119,15:00:00.000,BBG000BFTJ91,0.004406937,0.0007553323,761390
20131119,15:00:00.000,BBG000BD0TF8,0.0002982577,-0.0016711603,1035307
20131119,15:00:00.000,BBG000BP1Q11,0.01582268,0.0113231735,819783
20131119,15:00:00.000,BBG000D5S4M0,-0.0020125452,-0.011380772,306247
20131119,15:00:00.000,BBG000MQ1SN9,-0.0038780198,-0.014339955,1482993
20131119,15:00:00.000,BBG000BKZTP3,0.005383164,-0.00037564043,817289
20131119,15:00:00.000,BBG000C0HQ54,-0.0012595014,-0.004347441,2848060
20131119,15:00:00.000,BBG000BP1152,0.0033975302,-0.012909644,2197038
20131119,15:00:00.000,BBG000BN9WT5,0.0040321825,-0.008796247,1472956
20131119,15:00:00.000,BBG000BBLK04,-0.013474292,-0.020782799,327288
20131119,15:00:00.000,BBG000NSQ9M0,0.0067087812,0.0065453444,4593744
20131119,15:00:00.000,BBG000BRXP69,-0.003863564,-0.002500639,429565
20131119,15:00:00.000,BBG000BGYWY6,-0.00050837646,-0.0039354754,215809
20131119,15:00:00.000,BBG000BJ8YN7,-0.0038038753,-0.012475194,1145122
20131119,15:00:00.000,BBG000BFVXX0,0.0012065598,-0.0039788266,1155139
20131119,15:00:00.000,BBG000BLM0V1,-0.011245436,-0.013987702,458541
20131119,15:00:00.000,BBG000BBCDZ2,0.0013279596,-0.0038127904,345678
20131119,15:00:00.000,BBG000KBQZ88,-0.008918612,-0.018865854,1114570
20131119,15:00:00.000,BBG000BWXL85,0.0049759643,-0.003975543,1016703
20131119,15:00:00.000,BBG000BKXYX5,-0.012081955,-0.020161502,823268
20131119,15:00:00.000,BBG000D1QCF1,0.017641323,0.0020577032,1284590
20131119,15:00:00.000,BBG000CKVSG8,-0.0069997003,-0.016196895,1527442
20131119,15:00:00.000,BBG000BPYHJ6,0.039336637,0.029106738,1450086
20131119,15:00:00.000,BBG000BKWSR6,-0.0022822067,-0.0056149988,9088840
20131119,15:00:00.000,BBG000BMTFR4,-1.1963799e-05,-0.013277882,934486
20131119,15:00:00.000,BBG000C1FQS9,0.002481018,-0.0042477585,632181
20131119,15:00:00.000,BBG000BR37X2,0.000985944,-0.0007330964,1362092
20131119,15:00:00.000,BBG000BB6G37,-6.6308225e-05,-0.013160782,981995
20131119,15:00:00.000,BBG000CHPY97,0.013143625,0.017071465,5799262
20131119,15:00:00.000,BBG000BPXRB3,-0.03641106,-0.046747215,760164
20131119,15:00:00.000,BBG000BF5RY1,-0.0038097485,-0.0073917396,1180289
20131119,15:00:00.000,BBG000BNNKG9,0.020948455,0.012485031,3047825
20131119,15:00:00.000,BBG001NVJ6W4,-0.025365831,-0.039313827,1530233
20131119,15:00:00.000,BBG0035LY913,0.004869075,0.0040174364,2059933
20131119,15:00:00.000,BBG000BMLWX8,0.0045509697,0.0006003102,1869552
20131119,15:00:00.000,BBG000BPNP00,0.0029667157,-0.01070591,1419303
20131119,15:00:00.000,BBG000DSMS70,-0.0052547185,-0.00542831,615361
20131119,15:00:00.000,BBG000D13GN8,-0.019238483,-0.035894826,1564318
20131119,15:00:00.000,BBG000BSC0K9,-0.0017979231,-0.0031084826,844805
20131119,15:00:00.000,BBG000MDCQC2,0.004725531,-0.0047716866,1000072
20131119,15:00:00.000,BBG000BMKDM3,-0.0064954855,-0.010101708,886841
20131119,15:00:00.000,BBG000BF1R66,0.0030213483,0.0017427017,295095
20131119,15:00:00.000,BBG000BJQWD2,0.0011930625,-0.0066687227,886452
20131119,15:00:00.000,BBG000C2ZCH8,0.0021434673,-0.0060454602,516405
20131119,15:00:00.000,BBG000BP8Z50,-0.0088692615,-0.012000147,730208
20131119,15:00:00.000,BBG000FBK808,-0.012108181,-0.012676891,3707963
20131119,15:00:00.000,BBG000BXMFC3,0.010998787,-0.005321713,858229
20131119,15:00:00.000,BBG000BFNR17,0.003808302,-0.0012882984,325779
20131119,15:00:00.000,BBG000RGM5P1,-0.014676266,-0.026670042,1810366
20131119,15:00:00.000,BBG000BKR1D6,0.0014037521,-0.0034290007,213331
20131119,15:00:00.000,BBG000D7RKJ5,-0.0046639317,-0.010530891,1023506
20131119,15:00:00.000,BBG000G6BN50,0.011629835,0.013654318,407593
20131119,15:00:00.000,BBG000J1QLT0,0.004299085,-0.0028170976,670333
20131119,15:00:00.000,BBG000BNFLM9,-0.010976149,-0.02551627,1677024
20131119,15:00:00.000,BBG000BTCH57,-0.011044123,-0.020640401,2377311
20131119,15:00:00.000,BBG000FLZN98,-0.004525059,-0.0073433095,369195
20131119,15:00:00.000,BBG000C4DPX1,-0.0005611775,-0.018074727,642309
20131119,15:00:00.000,BBG000BQ8KV2,0.006087977,0.0016964694,664527
20131119,15:00:00.000,BBG000BPMH90,0.0010282099,0.0026193343,1053210
20131119,15:00:00.000,BBG000K14Q84,0.0009330585,-0.012064842,487481
20131119,15:00:00.000,BBG000BC9938,0.010765676,0.0013415343,950069
20131119,15:00:00.000,BBG000QFJ7H3,-0.0058581494,-0.01427827,2530587
20131119,15:00:00.000,BBG000BTQR96,-0.0032248378,-0.010514736,711164
20131119,15:00:00.000,BBG000CHWP52,0.0015723831,-0.0029854372,663173
20131119,15:00:00.000,BBG000D8RG11,0.008628178,0.0007372695,1404438
20131119,15:00:00.000,BBG000BS9489,0.0020358108,-0.00092945725,569268
20131119,15:00:00.000,BBG000CKJ0P3,-0.013423787,0.00066202326,511888
20131119,15:00:00.000,BBG000BWCKB6,0.0017029664,-0.0026047372,259643
20131119,15:00:00.000,BBG000BVWLJ6,-0.00052350987,-0.0039880034,1478463
20131119,15:00:00.000,BBG000BXM6V2,-0.0081166215,-0.01736329,647230
20131119,15:00:00.000,BBG000D9KWL9,-0.0017439852,-0.0041762623,281044
20131119,15:00:00.000,BBG000BKNX95,0.0017638021,-0.008382007,1326327
20131119,15:00:00.000,BBG000J5Q6L2,0.024235511,0.018614803,5589626
20131119,15:00:00.000,BBG000QN4GY3,-0.011267618,-0.016573317,1220320
20131119,15:00:00.000,BBG000BCTQ65,0.0017185333,-0.005241323,2343566
20131119,15:00:00.000,BBG000BNNYW1,-7.3071526e-05,-0.0047773574,978538
20131119,15:00:00.000,BBG003641015,0.0048376457,0.0060772276,1461575
20131119,15:00:00.000,BBG000D6L294,-0.012556543,-0.015560965,1250578
20131119,15:00:00.000,BBG000BSBZH7,-0.00084354426,-0.0017304645,846580
20131119,15:00:00.000,BBG000BNC3Y9,-0.004384148,-0.0054780087,1395605
20131119,15:00:00.000,BBG000F15NW9,-0.00031380358,0.0008800741,996387
20131119,15:00:00.000,BBG000R0L5J4,-0.0020478405,-0.0060462737,2268053
20131119,15:00:00.000,BBG000BVMPN3,-0.0028427434,-0.0009989399,582846
20131119,15:00:00.000,BBG000BB5BF6,-0.015040091,-0.02562066,2088055
20131119,15:00:00.000,BBG000BR3KL6,-0.005983565,-0.013983121,493799
20131119,15:00:00.000,BBG000BNGTQ7,-0.0015703667,-0.003966841,1221277
20131119,15:00:00.000,BBG000BHZ5J9,0.004248605,0.0007128122,1027957
20131119,15:00:00.000,BBG000BN84F3,-0.0026186956,-0.00872892,1400941
20131119,15:00:00.000,BBG000BBJQV0,0.00016564377,-0.0130681135,3433649
20131119,15:00:00.000,BBG000BB1TH9,0.00046492516,-0.015054009,848270
20131119,15:00:00.000,BBG000BFS7D3,-0.005871864,-0.004805748,621504
20131119,15:00:00.000,BBG000BR14K5,0.0042754402,0.0018799887,736849
20131119,15:00:00.000,BBG000BPVCR1,0.025762267,0.018080974,1442773
20131119,15:00:00.000,BBG000BKLH74,-0.0014368589,-0.004172091,2556219
20131119,15:00:00.000,BBG002S5ZRF9,-0.066604,-0.08676528,2296661
20131119,15:00:00.000,BBG000BKPL53,-0.0021790902,0.0024561197,416849
20131119,15:00:00.000,BBG000DY8ZS4,-0.020881394,-0.035939187,5863943
20131119,15:00:00.000,BBG000DNTSP4,-0.00077944476,-0.005269975,1396991
20131119,15:00:00.000,BBG000BM6788,0.0073275496,-0.00036927982,2559493
20131119,15:00:00.000,BBG000G3QLY3,0.007760699,0.004371134,593340
20131119,15:00:00.000,BBG000BLKK03,-0.002945585,0.0005573194,1775699
20131119,15:00:00.000,BBG000BP0KQ8,-0.018990606,-0.02819792,4938804
20131119,15:00:00.000,BBG000C7LMS8,0.010591136,0.010030425,137718
20131119,15:00:00.000,BBG000JBN3X6,-0.006775071,-0.007785374,8016298
20131119,15:00:00.000,BBG000QW7VC1,-0.0048312056,-0.018165614,3260740
20131119,15:00:00.000,BBG000C2YHG9,-0.008829739,-0.0144338785,1730036
20131119,15:00:00.000,BBG000BVHBM1,0.007240718,0.0051180753,1755410
20131119,15:00:00.000,BBG000FKJRC5,-0.0020114665,-0.005694541,577871
20131119,15:00:00.000,BBG000BP4MH0,-0.0005471912,-0.0021157046,1431791
20131119,15:00:00.000,BBG000BSXQV7,0.00233258,-0.0014788995,242857
20131119,15:00:00.000,BBG000BY33P5,-0.007954022,-0.013778463,11968580
20131119,15:00:00.000,BBG000BNJHS8,0.00013726529,0.002757964,5613528
20131119,15:00:00.000,BBG000BB5373,0.0031157883,-0.007771655,6749452
20131119,15:00:00.000,BBG000CSY9H9,0.002723373,0.000971724,681576
20131119,15:00:00.000,BBG000BQWPC5,-0.00049763283,-0.0043888204,1488840
20131119,15:00:00.000,BBG000BQZMH4,-0.0010061116,-0.005564999,2171005
20131119,15:00:00.000,BBG000BC4JJ4,0.0068405233,0.0011818579,551997
20131119,15:00:00.000,BBG001QD41M9,-0.012428461,-0.020719359,2015568
20131119,15:00:00.000,BBG000BHLYS1,-0.0069047245,-0.009016943,875981
20131119,15:00:00.000,BBG000HG21Y3,0.031154627,0.016294016,649562
20131119,15:00:00.000,BBG000BHLYP4,0.012149065,0.016359894,1161446
20131119,15:00:00.000,BBG000DLFM21,-0.0022304733,-0.008520926,457407
20131119,15:00:00.000,BBG000H9G7X2,0.016871592,0.016071029,1737927
20131119,15:00:00.000,BBG000BRRG02,0.003495016,-0.0033314393,200768
20131119,15:00:00.000,BBG000BBMSJ6,-0.022766769,-0.03972337,7202726
20131119,15:00:00.000,BBG000MM5VL9,-0.007755387,-0.019563707,874379
20131119,15:00:00.000,BBG000C2V3D6,-0.011759079,-0.006289635,1807323
20131119,15:00:00.000,BBG000G30YX4,-0.023313161,-0.02285723,592894
20131119,15:00:00.000,BBG000JN8R00,-0.004083995,-0.011711136,4859806
20131119,15:00:00.000,BBG000C2PW58,-0.0004360252,-0.004458215,231668
20131119,15:00:00.000,BBG000CGQ6M4,0.0050865277,0.00087164034,485227
20131119,15:00:00.000,BBG000BCBCM7,0.0086665545,-0.0051662195,10766710
20131119,15:00:00.000,BBG000C3HSR0,-0.013154513,-0.026114967,2093360
20131119,15:00:00.000,BBG000BG09F5,-0.014587397,-0.021208243,1447478
20131119,15:00:00.000,BBG000BDXGP9,0.0013298041,-0.002760914,1549341
20131119,15:00:00.000,BBG000BTVJ25,0.00040889814,-0.002378471,1522736
20131119,15:00:00.000,BBG000BTKGG8,-0.005037057,-0.008063174,2628531
20131119,15:00:00.000,BBG000BLW530,-0.0091667045,-0.017982662,1339000
20131119,15:00:00.000,BBG000BY2Y78,-0.0017313467,-0.0038565374,1811507
20131119,15:00:00.000,BBG000BJ2VQ6,0.005494911,0.0009795798,884689
20131119,15:00:00.000,BBG0039320N9,-0.008298355,-0.00854028,1947973
20131119,15:00:00.000,BBG000BRJ809,0.0011569754,-0.00070386525,183600
20131119,15:00:00.000,BBG000TWC2V5,0.014349001,0.006047101,1785637
20131119,15:00:00.000,BBG0019JZ882,-0.0071830982,-0.0098237535,3335704
20131119,15:00:00.000,BBG000BF6LY3,0.00069640885,-0.004484245,3332902
20131119,15:00:00.000,BBG000BYYLS8,-0.0019695295,-0.0020691827,1812448
20131119,15:00:00.000,BBG000BRWGG9,-0.0072835875,-0.019323448,14189079
20131119,15:00:00.000,BBG000FW00S1,0.014046634,0.00051615795,3615859
20131119,15:00:00.000,BBG000BK67C7,0.007118424,0.0036962065,1135482
20131119,15:00:00.000,BBG000FVXD63,0.019479292,0.019651098,1333676
20131119,15:00:00.000,BBG000D2M0Z7,-0.007732067,-0.014462429,685708
20131119,15:00:00.000,BBG000BLBXT4,0.0023129373,-0.0079696635,658608
20131119,15:00:00.000,BBG000CS7CT9,-9.338994e-05,0.0027933558,2054155
20131119,15:00:00.000,BBG000BFMBQ6,0.0055499603,0.005826024,959498
20131119,15:00:00.000,BBG000BBBNC6,-0.014392338,-0.007922377,1084215
20131119,15:00:00.000,BBG000G0Z878,-0.0054254467,-0.009125497,2831867
20131119,15:00:00.000,BBG000CR90K4,-0.010728593,-0.017843038,12272270
20131119,15:00:00.000,BBG000BQ2C28,-0.004585473,-0.0043408107,755997
20131119,15:00:00.000,BBG000BMBL90,0.0016762926,-0.0016367865,1026203
20131119,15:00:00.000,BBG000BX5ZF5,0.024365727,0.011726391,8412575
20131119,15:00:00.000,BBG000BPT0C6,0.0002600993,-0.004441253,1559971
20131119,15:00:00.000,BBG000BMY992,0.015664713,0.009184105,2807751
20131119,15:00:00.000,BBG000BL9JQ1,-0.005967573,-0.009219319,1967363
20131119,15:00:00.000,BBG000JG0547,0.033142585,0.0345105,5323163
20131119,15:00:00.000,BBG000BM7HL0,-0.011824593,-0.022619482,2309686
20131119,15:00:00.000,BBG000BRK7L6,0.00047771345,-0.0002811302,2910946
20131119,15:00:00.000,BBG000BMQPL1,-0.0012251543,-0.0039018514,8693984
20131119,15:00:00.000,BBG000C1FB75,,,868563
20131119,15:00:00.000,BBG000CZWZ05,0.00042792968,-0.005944739,0
20131119,15:00:00.000,BBG000R7RDB4,-0.014698919,-0.020078054,1055135
20131119,15:00:00.000,BBG000DTMH63,,,2835219
20131119,15:00:00.000,BBG000BTR593,0.031432558,0.033466946,3581587
20131119,15:00:00.000,BBG000BB6M98,-0.0056674946,-0.01242738,4085696
20131119,15:00:00.000,BBG000C2BXK4,-0.016297005,-0.03117635,7393373
20131119,15:00:00.000,BBG000PVRDL2,0.00012256378,-0.0027802186,2573637
20131119,15:00:00.000,BBG000BVMGF2,-0.0037486206,-0.004240857,918796
20131119,15:00:00.000,BBG000BCGY17,0.0012485385,-0.0024526329,1447364
20131119,15:00:00.000,BBG000CNFQW6,-0.00042599768,-0.00039377983,546447
20131119,15:00:00.000,BBG000BSD7C2,-0.00022284496,-0.0015173174,1012176
20131119,15:00:00.000,BBG000FQ6PY6,-0.006448735,-0.008836972,1586071
20131119,15:00:00.000,BBG000BC15S7,-0.0028078316,-0.006958864,1086073
20131119,15:00:00.000,BBG000BVDLH9,-0.003118564,-0.0022329516,751568
20131119,15:00:00.000,BBG000GC80B4,-0.000287996,0.003458015,1111030
20131119,15:00:00.000,BBG000C0F570,-0.0028002346,-0.016676877,2701758
20131119,15:00:00.000,BBG000D898T9,0.0005413427,-0.0012353016,1544650
20131119,15:00:00.000,BBG000BG14P4,0.008426654,-0.017425343,1763934
20131119,15:00:00.000,BBG000DQTXY6,-0.0028955087,-0.0056986357,3422226
20131119,15:00:00.000,BBG000C1S2X2,0.018009301,0.011505497,1331872
20131119,15:00:00.000,BBG000BWSV34,-0.0058851037,-0.008202551,705606
20131119,15:00:00.000,BBG000H0QBS7,-0.00129293,-0.0077625713,638989
20131119,15:00:00.000,BBG000BWNFZ9,0.0043696724,-0.011380304,1370729
20131119,15:00:00.000,BBG000BS0ZF1,0.0032066498,0.0019075756,408068
20131119,15:00:00.000,BBG000CPQZ77,-0.009228191,-0.021664655,2794315
20131119,15:00:00.000,BBG001M8HHB7,0.022633467,0.0037151834,1019948
20131119,15:00:00.000,BBG000BH5DV1,0.0020662798,-0.0010900898,827891
20131119,15:00:00.000,BBG000NV1KK7,0.0008476841,0.0016988073,1893937
20131119,15:00:00.000,BBG000DKCC19,0.048140757,0.044195034,5918140
20131119,15:00:00.000,BBG000CXYSZ6,-0.016310215,-0.024480185,1365218
20131119,15:00:00.000,BBG000BGLRN3,-0.00675822,-0.009318395,3511574
20131119,15:00:00.000,BBG000QRKJ70,-0.029381286,-0.05472875,18616422
20131119,15:00:00.000,BBG000BQ5DS5,0.0005576168,-0.011234894,804745
20131119,15:00:00.000,BBG000BV7LP7,0.01775708,0.008170559,3211085
20131119,15:00:00.000,BBG000BH5LT6,-0.009760269,-0.009410398,2751222
20131119,15:00:00.000,BBG000R8ZVD1,0.01061458,0.0009722726,1153615
20131119,15:00:00.000,BBG000BRJL00,-0.0038081794,-0.009710526,2175034
20131119,15:00:00.000,BBG000BB6WG8,0.005914988,0.000733967,3227989
20131119,15:00:00.000,BBG000BJL3N0,-0.0015400929,-0.0029997241,4121350
20131119,15:00:00.000,BBG000QY3XZ2,0.009364579,-0.0037759265,1398322
20131119,15:00:00.000,BBG000LD9JQ8,-0.014512992,-0.026709262,1386059
20131119,15:00:00.000,BBG000Q3JN03,-0.0040639,-0.008276447,9331037
20131119,15:00:00.000,BBG000BH3JF8,-0.0023388548,-0.0037560095,1168057
20131119,15:00:00.000,BBG000BR54L0,0.0031444083,-0.0027365466,5183749
20131119,15:00:00.000,BBG000PX3XC0,-0.009659273,-0.012835485,2257011
20131119,15:00:00.000,BBG001YMS0B8,0.0023700863,-0.002265507,2096135
20131119,15:00:00.000,BBG000BD8PN9,-0.0031721308,-0.0027157897,3757455
20131119,15:00:00.000,BBG000BRD0D8,0.0034280112,0.0017253747,1114991
20131119,15:00:00.000,BBG000BMDV41,-0.008321952,-0.015426656,2567551
20131119,15:00:00.000,BBG000BGVW60,0.0038693692,-0.0019186627,1696835
20131119,15:00:00.000,BBG000BKCFC2,-0.010032099,-0.012952528,3143289
20131119,15:00:00.000,BBG000BB9KF2,-0.0025222462,-0.008280062,2498374
20131119,15:00:00.000,BBG000C0MF34,-0.0048377765,-0.005940125,320192
20131119,15:00:00.000,BBG000BZ2GG4,0.0016646276,-0.010154893,1545767
20131119,15:00:00.000,BBG000C0LW92,0.033042636,0.031101365,9174072
20131119,15:00:00.000,BBG000BMW2Z0,-0.0031963752,-0.0023608075,1418056
20131119,15:00:00.000,BBG000F0KF42,-0.0011890219,-0.015565601,2091822
20131119,15:00:00.000,BBG000BX3TD3,-0.0026145617,-0.011266198,4348566
20131119,15:00:00.000,BBG000QX74T1,0.007298724,0.0011071808,198357
20131119,15:00:00.000,BBG000BWJFZ4,-0.007981667,-0.009290404,356841
20131119,15:00:00.000,BBG000BKFBD7,0.00037998543,0.0015493466,1361368
20131119,15:00:00.000,BBG000JWD753,-0.004721851,-0.017801827,2812277
20131119,15:00:00.000,BBG000M65M61,0.0440971,0.03737805,10104679
20131119,15:00:00.000,BBG000MBDGM6,-0.008604469,-0.014065422,458116
20131119,15:00:00.000,BBG000BBVJZ8,0.03999815,0.04180253,6911920
20131119,15:00:00.000,BBG000BV8DN6,0.010411759,0.01055938,2823560
20131119,15:00:00.000,BBG000BH2JM1,0.0017168141,-0.0038045805,4979283
20131119,15:00:00.000,BBG000BGJRC8,-0.004141709,-0.014687049,4482990
20131119,15:00:00.000,BBG000QBR5J5,-0.0052882032,-0.0057772184,1648708
20131119,15:00:00.000,BBG000BSLZY7,0.004717608,0.0032767886,8344544
20131119,15:00:00.000,BBG000BJSBJ0,-0.011981571,-0.01999237,2998798
20131119,15:00:00.000,BBG000BJ81C1,-0.0015050115,-5.7000274e-05,759762
20131119,15:00:00.000,BBG000BFL116,-0.019463304,-0.04119888,3917621
20131119,15:00:00.000,BBG000HCJMF9,0.006409712,0.007500972,1395775
20131119,15:00:00.000,BBG000FV1Z23,0.0017730789,-0.009894839,791210
20131119,15:00:00.000,BBG000BBDV81,0.0009924254,-0.0012289812,1380305
20131119,15:00:00.000,BBG000FJLFX8,-0.0056914436,-0.0035516613,1900523
20131119,15:00:00.000,BBG000J6XT05,-0.009882535,-0.01461866,4597016
20131119,15:00:00.000,BBG000BCWCG1,-0.0794153,-0.09183778,23532874
20131119,15:00:00.000,BBG000BJPDZ1,-0.0050402675,0.001310186,111670
20131119,15:00:00.000,BBG000BPQD31,0.0007631063,0.0011955156,2633947
20131119,15:00:00.000,BBG000C734W3,0.0045101303,-0.00023700522,397782
20131119,15:00:00.000,BBG000C3GN47,0.007683658,0.0060842177,2954172
20131119,15:00:00.000,BBG000BFRF55,0.02044713,0.006180388,5835562
20131119,15:00:00.000,BBG000BGPTV6,-0.00217735,-0.015534221,709318
20131119,15:00:00.000,BBG000BM5SR2,0.0038555425,-0.0013256582,3106946
20131119,15:00:00.000,BBG000BN5HF7,-0.004427298,-0.008112154,2685343
20131119,15:00:00.000,BBG000BBD070,0.003812071,-0.0018305553,1346846
20131119,15:00:00.000,BBG000BVPPM1,0.024124054,0.018777883,3805339
20131119,15:00:00.000,BBG000DYGNW7,0.0019415135,0.0008189622,651949
20131119,15:00:00.000,BBG000BCG930,0.016247746,0.020019338,2906140
20131119,15:00:00.000,BBG000BHGDH5,-0.0011101356,-0.0076874616,1558125
20131119,15:00:00.000,BBG000BJ3PD2,-0.0022126762,-0.011861825,1491839
20131119,15:00:00.000,BBG000BFQYY3,0.002219511,0.0012278812,1355258
20131119,15:00:00.000,BBG000BY29C7,0.0017038692,-0.0012959797,1650631
20131119,15:00:00.000,BBG000C1BW00,0.012199172,0.009211476,667160
20131119,15:00:00.000,BBG000BD4VG8,0.0074871983,-0.004534726,2215832
20131119,15:00:00.000,BBG000BHQ1H0,0.004968731,0.0068020127,1843008
20131119,15:00:00.000,BBG000BB5006,-0.0011213919,-0.012543555,2121226
20131119,15:00:00.000,BBG000BKFZM4,0.010021627,0.004766323,5975238
20131119,15:00:00.000,BBG000BWVCP8,-0.0007820033,-0.007368354,4591874
20131119,15:00:00.000,BBG000FH8PX5,-0.013365525,-0.013991004,834018
20131119,15:00:00.000,BBG000BHX7N2,0.0022263362,-0.004807847,1294709
20131119,15:00:00.000,BBG000WCFV84,-0.004099394,-0.009810919,2193362
20131119,15:00:00.000,BBG000BBPFB9,0.010488288,-0.0017738909,6645342
20131119,15:00:00.000,BBG000FL1TC8,0.010423401,0.008070499,2383365
20131119,15:00:00.000,BBG000F6H8W8,0.0036946086,0.00072976697,804483
20131119,15:00:00.000,BBG000BGKTF9,-0.004539447,-0.001872391,1690457
20131119,15:00:00.000,BBG000C8H633,0.00736232,0.010405888,4547030
20131119,15:00:00.000,BBG000H89QJ6,0.0077117984,0.0025515584,1615571
20131119,15:00:00.000,BBG0014GG205,-0.020067591,-0.036020275,8236553
20131119,15:00:00.000,BBG000BFXHL6,-0.01286522,-0.017140666,2462506
20131119,15:00:00.000,BBG000BH3GZ2,0.004013672,0.003132081,1558743
20131119,15:00:00.000,BBG000BT9DW0,-0.0017677579,-0.006611683,3914692
20131119,15:00:00.000,BBG000FP1N32,0.00861534,6.5456874e-07,1983359
20131119,15:00:00.000,BBG000FNRZ69,0.004699287,-0.010666701,3600163
20131119,15:00:00.000,BBG000D42FJ0,-0.04570039,-0.06734951,9635463
20131119,15:00:00.000,BBG00286S4N9,0.01649922,0.014652631,2122158
20131119,15:00:00.000,BBG0025Y4RY4,-0.007775728,-0.009616149,2648740
20131119,15:00:00.000,BBG000BFDXW1,0.004650736,-0.008639402,5934995
20131119,15:00:00.000,BBG0029SNR63,-0.0036946044,-0.011983236,2391634
20131119,15:00:00.000,BBG000G2R6M0,0.0030647824,0.0037248402,3752480
20131119,15:00:00.000,BBG000BCVJ77,-0.0032055685,0.0033409228,2703879
20131119,15:00:00.000,BBG000BL4504,0.0010008682,-0.00511375,8712579
20131119,15:00:00.000,BBG000BC2C10,0.0022814164,0.007880399,2431561
20131119,15:00:00.000,BBG000B9WH86,0.023584846,0.01900442,20140018
20131119,15:00:00.000,BBG000BJX8C8,0.002099879,-0.0057519395,2222345
20131119,15:00:00.000,BBG000H556T9,0.00025716028,-0.00475959,1112271
20131119,15:00:00.000,BBG000C496P7,-0.004496086,-0.011910194,2546291
20131119,15:00:00.000,BBG000FG3C43,0.0033216958,-0.013096421,2663701
20131119,15:00:00.000,BBG000BNWG87,-0.010528196,-0.0056610196,3737701
20131119,15:00:00.000,BBG000BNBDC2,-0.0072301743,-0.0019592072,2470198
20131119,15:00:00.000,BBG000BJ98Z0,-0.017931947,-0.030434009,2358936
20131119,15:00:00.000,BBG000Q2HM09,-0.005193658,-0.02296933,3099822
20131119,15:00:00.000,BBG000D9D830,0.0008206334,0.00038164668,1599253
20131119,15:00:00.000,BBG000CJZ2W6,-0.022510815,-0.033394612,2679386
20131119,15:00:00.000,BBG000BH13K9,-0.0034564722,-0.0048620095,2403316
20131119,15:00:00.000,BBG000C46HM9,-0.00305697,-0.002178728,2761071
20131119,15:00:00.000,BBG000BWXBC2,0.0017723823,0.00063123164,3190036
20131119,15:00:00.000,BBG000BN2DC2,-0.030951323,-0.046040744,12834828
20131119,15:00:00.000,BBG000BTZQC4,0.00050263107,-0.0018476231,5323175
20131119,15:00:00.000,BBG001DCCGR8,0.030100705,0.025967816,3850058
20131119,15:00:00.000,BBG000BB6KF5,0.0028040898,0.0038316909,4273669
20131119,15:00:00.000,BBG000DHSPT0,0.0019384577,-0.0012559427,2370762
20131119,15:00:00.000,BBG000F0PF65,-0.0039544567,-0.006807803,2285417
20131119,15:00:00.000,BBG000BH1NH9,-0.0076777795,-0.009623428,3855157
20131119,15:00:00.000,BBG000BVV7G1,0.003721652,-0.007302928,2639273
20131119,15:00:00.000,BBG000BPWXK1,0.00895599,0.010361168,3683543
20131119,15:00:00.000,BBG000BJF1Z8,-0.011880212,-0.021839907,2018940
20131119,15:00:00.000,BBG000BXRPH1,-0.008216951,-0.014997193,2006726
20131119,15:00:00.000,BBG000BC40Y8,0.003042793,0.003263629,1633250
20131119,15:00:00.000,BBG000BBGGQ1,0.0027318564,-0.001630571,5344799
20131119,15:00:00.000,BBG000C17X76,0.01667355,0.017324049,891095
20131119,15:00:00.000,BBG000BP6LJ8,-0.0063511785,-0.006310051,4096739
20131119,15:00:00.000,BBG000B9ZXB4,0.015972884,0.01923823,7064015
20131119,15:00:00.000,BBG000BMF5J0,0.0071437303,0.0011496675,19669312
20131119,15:00:00.000,BBG000C5HS04,-0.0063066133,-0.010243765,2266372
20131119,15:00:00.000,BBG000BLZRJ2,0.0037280438,0.0029678503,6840022
20131119,15:00:00.000,BBG000L9CV04,0.001486902,-0.005034172,2074755
20131119,15:00:00.000,BBG000BWLMJ4,-0.018098261,-0.021459842,4120952
20131119,15:00:00.000,BBG000D4LWF6,-0.00013152244,-0.007360959,3637070
20131119,15:00:00.000,BBG000BCQZS4,-0.0012420563,0.0004861385,1920939
20131119,15:00:00.000,BBG000H8TVT2,0.00031903823,0.00443793,2334167
20131119,15:00:00.000,BBG000FFDM15,0.00660754,0.009132272,5783343
20131119,15:00:00.000,BBG000BFWKC0,-0.00848671,-0.0053711683,1729821
20131119,15:00:00.000,BBG000BP52R2,0.0007258061,0.0010382945,1640271
20131119,15:00:00.000,BBG000C15T95,0.0048472844,-0.0029223054,3353832
20131119,15:00:00.000,BBG000BZ9223,-0.005476906,-0.006318345,976775
20131119,15:00:00.000,BBG000BHBK84,0.0031440177,-0.004515999,4170924
20131119,15:00:00.000,BBG000CTQBF3,-0.004049448,-0.007572897,2887743
20131119,15:00:00.000,BBG000BW8S60,0.002347249,-0.0006870481,1182613
20131119,15:00:00.000,BBG000BB07P9,0.008548274,0.007926231,8117741
20131119,15:00:00.000,BBG000CH5208,-0.004913499,-0.0026502581,2473635
20131119,15:00:00.000,BBG000BW3299,2.5244465e-06,-0.010108572,1166422
20131119,15:00:00.000,BBG000DQLV23,0.0018621917,0.0026977542,3586873
20131119,15:00:00.000,BBG000DWYF03,-0.007498102,-0.01155398,6747696
20131119,15:00:00.000,BBG000BGRY34,-0.002933776,-0.0024452584,2803848
20131119,15:00:00.000,BBG000F1ZSQ2,-0.008205224,-0.010115645,221585
20131119,15:00:00.000,BBG000BQQ2S6,-0.0052360697,-0.0029351471,1994808
20131119,15:00:00.000,BBG000KHWT55,0.009379704,-0.00039954815,9863006
20131119,15:00:00.000,BBG000BNDN65,-0.004001683,-0.008448605,8711965
20131119,15:00:00.000,BBG000R7Z112,-0.0022225333,-0.006400025,9334321
20131119,15:00:00.000,BBG000BQQH30,-0.008222756,-0.0013826033,5302082
20131119,15:00:00.000,BBG000BBS2Y0,-0.0100051835,-0.0046968334,1509218
20131119,15:00:00.000,BBG000J2XL74,0.0014298202,-0.0022909483,2211633
20131119,15:00:00.000,BBG000BJDB15,-0.005664452,-0.0049336893,5597068
20131119,15:00:00.000,BBG000DWG505,-0.00020322244,-0.0021137344,1612307
20131119,15:00:00.000,BBG000DH7JK6,-0.0038520494,-0.00652216,2917051
20131119,15:00:00.000,BBG000BKTFN2,-3.8946535e-05,-0.010674401,5871515
20131119,15:00:00.000,BBG000BF0K17,0.0028479283,-0.0046410304,3528499
20131119,15:00:00.000,BBG000BFC8J2,0.0054714414,0.008006827,2126955
20131119,15:00:00.000,BBG000BH4R78,-0.0018826416,-0.005035078,3354036
20131119,15:00:00.000,BBG000NDYB67,-0.0062697753,-0.011658646,13449212
20131119,15:00:00.000,BBG000C6CFJ5,0.0022913767,0.007815879,2099102
20131119,15:00:00.000,BBG000BQLTW7,-0.0033064364,-0.006587059,10360766
20131119,15:00:00.000,BBG000BNSZP1,-0.00031483575,0.005325844,2710761
20131119,15:00:00.000,BBG000BBDZG3,-0.009949446,-0.003269088,4694080
20131119,15:00:00.000,BBG000BHVJJ3,0.0019134054,-0.003346292,8970277
20131119,15:00:00.000,BBG000BFT2L4,0.0018398645,8.445222e-07,4047105
20131119,15:00:00.000,BBG000C43RR5,0.003780852,0.0028814347,7876246
20131119,15:00:00.000,BBG000Q9HH23,0.011778568,-0.0014182403,1325008
20131119,15:00:00.000,BBG000BCSST7,-0.0054341783,-0.0095412,2885419
20131119,15:00:00.000,BBG000BMX289,2.1038742e-05,-0.0019914631,8469280
20131119,15:00:00.000,BBG000GFFQN9,-0.0045709275,-0.008575086,9692694
20131119,15:00:00.000,BBG000BT41Q8,-0.0018986912,-0.0061395545,4519445
20131119,15:00:00.000,BBG000CKGBP2,0.008774805,0.009276884,5181456
20131119,15:00:00.000,BBG000BKZB36,0.011566654,0.010666115,9538338
20131119,15:00:00.000,BBG000BLBVN4,0.00064588303,-0.010442366,404858
20131119,15:00:00.000,BBG000PSKYX7,-0.011122875,-0.0128269065,2055535
20131119,15:00:00.000,BBG000BPD168,-0.0047108806,0.0014583807,5645474
20131119,15:00:00.000,BBG000HS77T5,0.001972533,-0.0007884879,5782862
20131119,15:00:00.000,BBG000BVPV84,0.010285014,-0.004178902,1435376
20131119,15:00:00.000,BBG000BR2TH3,-0.005650824,-0.0033113102,4854016
20131119,15:00:00.000,BBG000BQPC32,0.0028736356,-0.00589096,20322624
20131119,15:00:00.000,BBG000CGC1X8,0.002146511,0.0009736084,6657130
20131119,15:00:00.000,BBG000BMHYD1,0.00096642086,0.0061546625,4063024
20131119,15:00:00.000,BBG000K4ND22,0.0077695595,0.012981834,3976066
20131119,15:00:00.000,BBG000C0G1D1,0.011070272,0.0032529063,18054332
20131119,15:00:00.000,BBG000C5Z1S3,0.009335719,-0.004667057,39143872
20131119,15:00:00.000,BBG000BWQFY7,0.00092676753,4.2024956e-07,9798740
20131119,15:00:00.000,BBG000BLNNH6,-0.00064473343,0.0031165327,3344331
20131119,15:00:00.000,BBG000BR2B91,-0.01117531,-0.0056227157,17707368
20131119,15:00:00.000,BBG000BSJK37,0.0025437246,0.0042126025,8329312
20131119,15:00:00.000,BBG000C3J3C9,0.0058731595,0.0061046504,43852060
20131119,15:00:00.000,BBG000BK6MB5,-0.0040961993,-0.0069838907,27515296
20131119,15:00:00.000,BBG000CL9VN6,0.0015800525,-0.015915442,2018619
20131119,15:00:00.000,BBG000GZQ728,-0.0005243412,0.0016779514,9493812
20131119,15:00:00.000,BBG000DMBXR2,0.002812717,0.0061002895,17713520
20131119,15:00:00.000,BBG000FY4S11,0.004344903,0.0055116187,15343378
20131119,15:00:00.000,BBG000N9MNX3,0.05315448,0.03809463,16610003
20131119,15:00:00.000,BBG000BCTLF6,0.01172702,0.0147399865,125051080
20131119,15:00:00.000,BBG000BPH459,0.0035354283,-0.0018969928,32265784
20131119,15:00:00.000,BBG000BHSKN9,-0.0042797797,-0.005103082,842363
20131119,15:00:00.000,BBG000MM2P62,0.015791109,0.007635244,61369984
20131119,15:00:00.000,BBG000B9XRY4,0.005344741,0.00084849715,5903856
20131119,15:15:00.000,BBG000C221G9,1.3177755e-05,-0.008391952,532403
20131119,15:15:00.000,BBG000D9H9F1,0.035396684,0.039265156,1981766
20131119,15:15:00.000,BBG000BJ5GK2,0.015384303,0.0034628436,1043586
20131119,15:15:00.000,BBG000BVVQQ8,0.002107591,-0.005216665,1453277
20131119,15:15:00.000,BBG000PTLGZ1,-0.003184596,-0.011211404,413994
20131119,15:15:00.000,BBG000CGT2S4,-0.003609905,0.0020624204,3249923
20131119,15:15:00.000,BBG000RKR4R8,-0.000468709,-0.0034878745,7058455
20131119,15:15:00.000,BBG000BDWKC5,0.003952435,-0.0012265003,1533661
20131119,15:15:00.000,BBG000JB27Y9,-0.002156407,0.002330291,854043
20131119,15:15:00.000,BBG000BLXZN1,-0.006920748,-0.014663066,565760
20131119,15:15:00.000,BBG000BK5DP1,-0.009747258,-0.018694937,1806695
20131119,15:15:00.000,BBG000FBR384,0.0071155215,0.0023659705,596426
20131119,15:15:00.000,BBG000BCHG15,0.012132418,0.008635135,482992
20131119,15:15:00.000,BBG000BLHRS2,-0.0057602283,-0.010257086,555382
20131119,15:15:00.000,BBG000F80SZ5,-0.0019627516,-0.027592324,9274421
20131119,15:15:00.000,BBG000BQ87N0,-0.003273688,-0.010502615,723124
20131119,15:15:00.000,BBG000HW5GX3,0.00040018477,0.0043452177,1789475
20131119,15:15:00.000,BBG000BLMZK6,0.0048036426,-0.004991279,820496
20131119,15:15:00.000,BBG000BND699,0.0066483524,-0.011656975,1133833
20131119,15:15:00.000,BBG000BYWTX7,-0.014434414,-0.028995799,4201683
20131119,15:15:00.000,BBG000BGKHZ3,0.0043872762,0.0019815336,552652
20131119,15:15:00.000,BBG000M1R011,0.019494517,0.000678137,1789642
20131119,15:15:00.000,BBG000BCJ161,0.0063444115,0.008789486,2023850
20131119,15:15:00.000,BBG000DGPR66,-0.01121778,-0.0151044065,789918
20131119,15:15:00.000,BBG000BV75B7,0.005822895,-0.0019996422,440166
20131119,15:15:00.000,BBG000BPZBB6,-0.0010996276,-0.0068268892,625241
20131119,15:15:00.000,BBG000BL79J3,-0.006553413,-0.0060553127,3765575
20131119,15:15:00.000,BBG000BP7JB0,-0.011260884,-0.022013891,4111956
20131119,15:15:00.000,BBG000BVB8Q0,-0.016170582,-0.013131187,2405920
20131119,15:15:00.000,BBG000TJM7F0,-0.0022854952,-0.0032871712,873162
20131119,15:15:00.000,BBG000BHQYG9,-0.005948782,-0.009149939,601035
20131119,15:15:00.000,BBG000BDDN94,0.008913818,-0.002016254,252953
20131119,15:15:00.000,BBG000BWP7D9,0.009343196,0.0047233845,1393752
20131119,15:15:00.000,BBG000F9KJN4,-0.02043097,-0.029451314,2792697
20131119,15:15:00.000,BBG000BWVSR1,-0.0012196408,-0.00087877613,2534571
20131119,15:15:00.000,BBG000BHCP19,0.0040585375,-0.009886414,1067671
20131119,15:15:00.000,BBG000BFDLV8,-0.009027303,-0.0092684645,567409
20131119,15:15:00.000,BBG000BX8DC4,-0.00053876266,-0.0013444131,1644959
20131119,15:15:00.000,BBG000CPHYL4,-0.018410686,-0.03335394,1428388
20131119,15:15:00.000,BBG000BCNYT9,0.005930435,-0.0023367219,3642638
20131119,15:15:00.000,BBG000VC0T95,0.013277379,-0.0003393248,583638
20131119,15:15:00.000,BBG000PCQQL6,0.009695405,0.0010706729,1290121
20131119,15:15:00.000,BBG000BQ74K1,0.002747415,0.005087708,1009154
20131119,15:15:00.000,BBG000BJDPC2,0.008074866,0.007850928,1024383
20131119,15:15:00.000,BBG000GPXKX9,-0.00041310914,-0.00855828,541146
20131119,15:15:00.000,BBG000BJ49H3,-0.007186788,-0.01478245,704161
20131119,15:15:00.000,BBG000PLXQQ3,-0.0067786793,-0.010644761,411488
20131119,15:15:00.000,BBG000BQHGR6,-0.0022252363,-0.00790228,592429
20131119,15:15:00.000,BBG000KLB4Q1,0.0074694003,-0.007102249,1865542
20131119,15:15:00.000,BBG000C3Y7J6,0.006747245,-0.0018157896,528846
20131119,15:15:00.000,BBG000FFH4P5,-0.0044338447,-0.014095091,625512
20131119,15:15:00.000,BBG000JBSJZ4,0.006807406,0.004309779,1384765
20131119,15:15:00.000,BBG000F86GP6,0.0070108306,0.0035024604,744837
20131119,15:15:00.000,BBG000BQTMJ9,0.012198716,0.0047128997,2557203
20131119,15:15:00.000,BBG000RNTSX0,-0.0047589717,-0.015156906,257406
20131119,15:15:00.000,BBG000GZD660,-0.00035930527,0.00023707272,321953
20131119,15:15:00.000,BBG000D9DMK0,-0.0020052127,-0.007352623,469011
20131119,15:15:00.000,BBG003P9ZSL3,-0.0153941745,-0.013559817,279832
20131119,15:15:00.000,BBG000C37332,0.006499177,-0.002063012,612326
20131119,15:15:00.000,BBG000C1DHF5,0.015238888,-0.0010321622,1392178
20131119,15:15:00.000,BBG000FW8LZ9,0.013409545,0.008265959,1293977
20131119,15:15:00.000,BBG000BCVMH9,-0.0013413222,-0.014517616,301512
20131119,15:15:00.000,BBG000BKQ3V3,0.0019054578,-0.0045762123,998425
20131119,15:15:00.000,BBG000CXD6X9,0.0044844765,-0.0023644886,896338
20131119,15:15:00.000,BBG000BCYP43,0.0016320966,0.006061807,382725
20131119,15:15:00.000,BBG000PM7GJ0,-0.016958132,-0.027613796,10697831
20131119,15:15:00.000,BBG000C75N77,0.0043513384,0.0024565817,531667
20131119,15:15:00.000,BBG000G8N9C6,-0.007459385,-0.0052815974,1432575
20131119,15:15:00.000,BBG000C90DH9,0.0041002394,-0.00058643194,3528663
20131119,15:15:00.000,BBG000C6F3T8,0.007193709,-0.0053450894,4760812
20131119,15:15:00.000,BBG000BFV115,-0.005108977,-0.0037495932,815919
20131119,15:15:00.000,BBG000C7B436,-0.001669146,-0.020490235,1013194
20131119,15:15:00.000,BBG000BLCPY4,0.00013602238,-0.003743317,914420
20131119,15:15:00.000,BBG000BD3LM4,0.001383341,-0.0074003516,3677077
20131119,15:15:00.000,BBG000BDY3Y7,-0.028610522,-0.03910148,3668790
20131119,15:15:00.000,BBG000BMZ7P7,-0.005663298,-0.024353547,456648
20131119,15:15:00.000,BBG000BBNYF6,-0.009773138,-0.009593306,1017894
20131119,15:15:00.000,BBG000BK6G19,0.0045084874,0.0041095526,1417416
20131119,15:15:00.000,BBG000BB29X4,-0.0028725956,-0.0072776466,662873
20131119,15:15:00.000,BBG000BB03M1,0.007213506,-0.014387767,1091605
20131119,15:15:00.000,BBG000BGD7W6,-0.002764891,-0.010465898,1721609
20131119,15:15:00.000,BBG000C3NTN5,0.025500992,0.02704656,3270919
20131119,15:15:00.000,BBG000BHB3M6,-0.00460739,-0.011148026,371935
20131119,15:15:00.000,BBG000BBCQD7,-0.0050551724,-0.0023002578,1881854
20131119,15:15:00.000,BBG000D14WM3,-0.0023571658,-0.0043242406,6088157
20131119,15:15:00.000,BBG000CVWGS6,-0.025544312,-0.03252525,6275517
20131119,15:15:00.000,BBG000BQSQ38,0.0051260153,0.0057553267,1912723
20131119,15:15:00.000,BBG000BPQVR5,-0.0117057655,-0.015007174,571082
20131119,15:15:00.000,BBG000BCZYD3,-0.0022669756,0.0032821647,418649
20131119,15:15:00.000,BBG000FDBX90,-0.003761321,-0.010439357,1235278
20131119,15:15:00.000,BBG000BQVTF5,-0.00221831,-0.011349907,885157
20131119,15:15:00.000,BBG001BPFT54,-0.05367673,-0.0760361,6638448
20131119,15:15:00.000,BBG000BHC2S1,-0.0028425998,-0.0048994306,848231
20131119,15:15:00.000,BBG000DN7P92,0.0036047262,0.007210706,810690
20131119,15:15:00.000,BBG000C060M4,-0.0042285817,-0.006579773,211370
20131119,15:15:00.000,BBG000BHKYH4,-0.0017461197,-0.0027547993,394411
20131119,15:15:00.000,BBG000F6ZWH2,0.0034037787,-0.0015978985,3014518
20131119,15:15:00.000,BBG000BFTJ91,0.004693573,0.0024819728,811084
20131119,15:15:00.000,BBG000BD0TF8,0.0006257504,5.1136755e-07,1065761
20131119,15:15:00.000,BBG000BP1Q11,0.016205415,0.01262721,872752
20131119,15:15:00.000,BBG000D5S4M0,-0.0013698225,-0.009939253,315207
20131119,15:15:00.000,BBG000MQ1SN9,-0.0054128882,-0.014508488,1583381
20131119,15:15:00.000,BBG000BKZTP3,0.0047148946,-7.468781e-05,846418
20131119,15:15:00.000,BBG000C0HQ54,-0.0032431385,-0.0049683824,3165337
20131119,15:15:00.000,BBG000BP1152,-0.00053302065,-0.014690132,2335508
20131119,15:15:00.000,BBG000BN9WT5,0.0046041175,-0.0076074935,1586894
20131119,15:15:00.000,BBG000BBLK04,-0.014146442,-0.02007845,351366
20131119,15:15:00.000,BBG000NSQ9M0,0.0052013434,0.0065453188,4715900
20131119,15:15:00.000,BBG000BRXP69,-0.005707458,-0.002813332,481109
20131119,15:15:00.000,BBG000BGYWY6,0.00017037055,-0.0034136437,226272
20131119,15:15:00.000,BBG000BJ8YN7,-0.0022359781,-0.009596393,1214232
20131119,15:15:00.000,BBG000BFVXX0,0.0016627721,-0.0018093302,1300369
20131119,15:15:00.000,BBG000BLM0V1,-0.010082072,-0.011267983,480583
20131119,15:15:00.000,BBG000BBCDZ2,0.0017338569,-0.0025116196,363385
20131119,15:15:00.000,BBG000KBQZ88,-0.0109446775,-0.018971793,1168001
20131119,15:15:00.000,BBG000BWXL85,0.00517375,-0.0021490392,1104238
20131119,15:15:00.000,BBG000BKXYX5,-0.01206099,-0.018223038,869083
20131119,15:15:00.000,BBG000D1QCF1,0.016295392,0.0021605236,1412444
20131119,15:15:00.000,BBG000CKVSG8,-0.003935545,-0.010412425,1564878
20131119,15:15:00.000,BBG000BPYHJ6,0.040033843,0.03133098,1491822
20131119,15:15:00.000,BBG000BKWSR6,-0.0033273925,-0.0056149988,9295077
20131119,15:15:00.000,BBG000BMTFR4,0.00092803396,-0.011449265,986765
20131119,15:15:00.000,BBG000C1FQS9,0.002354457,-0.0036185891,695978
20131119,15:15:00.000,BBG000BR37X2,0.0017337945,0.0011006682,1399922
20131119,15:15:00.000,BBG000BB6G37,-0.00029920918,-0.012562352,1068718
20131119,15:15:00.000,BBG000CHPY97,0.013145793,0.018672036,6025815
20131119,15:15:00.000,BBG000BPXRB3,-0.032619555,-0.041846372,813500
20131119,15:15:00.000,BBG000BF5RY1,-0.0017634401,-0.0050087413,1252914
20131119,15:15:00.000,BBG000BNNKG9,0.0228236,0.01632655,3197024
20131119,15:15:00.000,BBG001NVJ6W4,-0.027433008,-0.039442573,1610720
20131119,15:15:00.000,BBG0035LY913,0.0052763154,0.005165277,2169576
20131119,15:15:00.000,BBG000BMLWX8,0.007989101,0.0077968263,1982566
20131119,15:15:00.000,BBG000BPNP00,0.003213138,-0.010360377,1495269
20131119,15:15:00.000,BBG000DSMS70,-0.004116253,-0.0026058657,641835
20131119,15:15:00.000,BBG000D13GN8,-0.02886425,-0.04230676,1602092
20131119,15:15:00.000,BBG000BSC0K9,-0.001502391,-0.0019325957,888042
20131119,15:15:00.000,BBG000MDCQC2,0.0041495617,-0.0041212062,1039054
20131119,15:15:00.000,BBG000BMKDM3,-0.0067191,-0.009620715,931587
20131119,15:15:00.000,BBG000BF1R66,0.0029839545,0.002376381,308104
20131119,15:15:00.000,BBG000BJQWD2,-0.00024120863,-0.006340753,924130
20131119,15:15:00.000,BBG000C2ZCH8,0.002185908,-0.004122259,534792
20131119,15:15:00.000,BBG000BP8Z50,-0.009168167,-0.011694407,784372
20131119,15:15:00.000,BBG000FBK808,-0.010741503,-0.008067029,3888155
20131119,15:15:00.000,BBG000BXMFC3,0.012348272,-0.0014043517,877133
20131119,15:15:00.000,BBG000BFNR17,0.0035270355,0.0006650033,341980
20131119,15:15:00.000,BBG000RGM5P1,-0.017232174,-0.028575022,1972376
20131119,15:15:00.000,BBG000BKR1D6,0.00011814495,-0.00356466,223349
20131119,15:15:00.000,BBG000D7RKJ5,-0.0057230215,-0.010633064,1137647
20131119,15:15:00.000,BBG000G6BN50,0.010340297,0.013595521,450935
20131119,15:15:00.000,BBG000J1QLT0,0.0032901606,-0.002961801,692100
20131119,15:15:00.000,BBG000BNFLM9,-0.01144252,-0.024448905,1835932
20131119,15:15:00.000,BBG000BTCH57,-0.009746342,-0.0182267,2499882
20131119,15:15:00.000,BBG000FLZN98,-0.004743262,-0.005143538,397020
20131119,15:15:00.000,BBG000C4DPX1,-0.0020770882,-0.018984308,705066
20131119,15:15:00.000,BBG000BQ8KV2,0.0073873773,0.004525449,714256
20131119,15:15:00.000,BBG000BPMH90,-0.00042718346,0.0030956543,1106295
20131119,15:15:00.000,BBG000K14Q84,-0.0020986893,-0.013927751,604077
20131119,15:15:00.000,BBG000BC9938,0.010376811,0.0026197312,990939
20131119,15:15:00.000,BBG000QFJ7H3,-0.009851385,-0.013967768,2630406
20131119,15:15:00.000,BBG000BTQR96,-0.005137237,-0.011118996,789581
20131119,15:15:00.000,BBG000CHWP52,0.0025774406,-0.00093662535,679073
20131119,15:15:00.000,BBG000D8RG11,0.0070727216,0.0011060543,1488066
20131119,15:15:00.000,BBG000BS9489,0.0014320839,-0.000786188,581174
20131119,15:15:00.000,BBG000CKJ0P3,-0.013981542,0.00066202006,645463
20131119,15:15:00.000,BBG000BWCKB6,0.0018332695,-0.0018700411,272523
20131119,15:15:00.000,BBG000BVWLJ6,0.0017800607,-0.0010628919,1585877
20131119,15:15:00.000,BBG000BXM6V2,-0.0076941764,-0.015768247,664457
20131119,15:15:00.000,BBG000D9KWL9,-0.0014709365,-0.0029895476,290775
20131119,15:15:00.000,BBG000BKNX95,0.003783898,-0.005588022,1483458
20131119,15:15:00.000,BBG000J5Q6L2,0.023345884,0.019304229,5730970
20131119,15:15:00.000,BBG000QN4GY3,-0.012929432,-0.01690262,1252229
20131119,15:15:00.000,BBG000BCTQ65,0.0015402721,-0.0045426306,2571114
20131119,15:15:00.000,BBG000BNNYW1,-0.00063168426,-0.0052113654,1011816
20131119,15:15:00.000,BBG003641015,0.003767905,0.006544508,1595054
20131119,15:15:00.000,BBG000D6L294,-0.014377823,-0.014234448,1309286
20131119,15:15:00.000,BBG000BSBZH7,3.185031e-05,0.0006186237,881269
20131119,15:15:00.000,BBG000BNC3Y9,-0.005229946,-0.004780723,1473972
20131119,15:15:00.000,BBG000F15NW9,-0.000686259,0.0015841894,1035733
20131119,15:15:00.000,BBG000R0L5J4,-0.00313849,-0.005386536,2329096
20131119,15:15:00.000,BBG000BVMPN3,-0.0026085114,0.0004382255,610800
20131119,15:15:00.000,BBG000BB5BF6,-0.016455317,-0.027346838,2176991
20131119,15:15:00.000,BBG000BR3KL6,-0.0067438823,-0.013640833,526731
20131119,15:15:00.000,BBG000BNGTQ7,-0.0016468788,-0.0025669273,1280535
20131119,15:15:00.000,BBG000BHZ5J9,0.003915125,0.0027948203,1074950
20131119,15:15:00.000,BBG000BN84F3,-0.002890173,-0.00792058,1461016
20131119,15:15:00.000,BBG000BBJQV0,-0.00017013837,-0.012430787,3595553
20131119,15:15:00.000,BBG000BB1TH9,0.0010861014,-0.013196487,902949
20131119,15:15:00.000,BBG000BFS7D3,-0.0059668687,-0.003941975,647972
20131119,15:15:00.000,BBG000BR14K5,0.004580894,0.0029467249,772642
20131119,15:15:00.000,BBG000BPVCR1,0.030302972,0.023414057,1475851
20131119,15:15:00.000,BBG000BKLH74,-0.002787011,-0.004410547,2655366
20131119,15:15:00.000,BBG002S5ZRF9,-0.06795596,-0.08711626,2389438
20131119,15:15:00.000,BBG000BKPL53,-0.0020737557,0.0034051167,434242
20131119,15:15:00.000,BBG000DY8ZS4,-0.023234744,-0.035939153,6150268
20131119,15:15:00.000,BBG000DNTSP4,-0.00044290378,-0.0043917783,1454573
20131119,15:15:00.000,BBG000BM6788,0.0069401925,0.00044451666,2662229
20131119,15:15:00.000,BBG000G3QLY3,0.0075707478,0.005606165,631387
20131119,15:15:00.000,BBG000BLKK03,-0.001965832,0.002585032,1802046
20131119,15:15:00.000,BBG000BP0KQ8,-0.022183022,-0.03068602,5296047
20131119,15:15:00.000,BBG000C7LMS8,0.011830017,0.01125958,143383
20131119,15:15:00.000,BBG000JBN3X6,-0.006934488,-0.0073757004,8308588
20131119,15:15:00.000,BBG000QW7VC1,-0.005395337,-0.017262807,3363851
20131119,15:15:00.000,BBG000C2YHG9,-0.010052085,-0.014236183,1824647
20131119,15:15:00.000,BBG000BVHBM1,0.0064723394,0.007827435,1804513
20131119,15:15:00.000,BBG000FKJRC5,-0.002222072,-0.0046652104,611127
20131119,15:15:00.000,BBG000BP4MH0,-0.0009147368,-0.0016927543,1498075
20131119,15:15:00.000,BBG000BSXQV7,0.002703076,-0.00085994625,251405
20131119,15:15:00.000,BBG000BY33P5,-0.009189993,-0.013268251,12148522
20131119,15:15:00.000,BBG000BNJHS8,-0.0021942032,0.0011035223,6013721
20131119,15:15:00.000,BBG000BB5373,0.0013284669,-0.008369681,7745236
20131119,15:15:00.000,BBG000CSY9H9,0.0033195033,0.0016196095,718612
20131119,15:15:00.000,BBG000BQWPC5,-0.00020214249,-0.002681755,1549640
20131119,15:15:00.000,BBG000BQZMH4,0.0004202933,-0.0032222474,2324898
20131119,15:15:00.000,BBG000BC4JJ4,0.006473227,0.0027280601,574463
20131119,15:15:00.000,BBG001QD41M9,-0.013201715,-0.020719558,2169766
20131119,15:15:00.000,BBG000BHLYS1,-0.0065441895,-0.0072133495,911636
20131119,15:15:00.000,BBG000HG21Y3,0.03080578,0.01708889,668789
20131119,15:15:00.000,BBG000BHLYP4,0.011121009,0.016297262,1236632
20131119,15:15:00.000,BBG000DLFM21,-0.0016770288,-0.006835495,466907
20131119,15:15:00.000,BBG000H9G7X2,0.01352885,0.0140621355,1844708
20131119,15:15:00.000,BBG000BRRG02,0.004284867,-0.0014004612,212555
20131119,15:15:00.000,BBG000BBMSJ6,-0.023093197,-0.03910769,7432987
20131119,15:15:00.000,BBG000MM5VL9,-0.007362899,-0.017406477,896768
20131119,15:15:00.000,BBG000C2V3D6,-0.011044676,-0.003977542,1899170
20131119,15:15:00.000,BBG000G30YX4,-0.02425665,-0.021948038,625982
20131119,15:15:00.000,BBG000JN8R00,-0.003359839,-0.0061640157,5064550
20131119,15:15:00.000,BBG000C2PW58,-8.8843735e-05,-0.0024020008,243398
20131119,15:15:00.000,BBG000CGQ6M4,0.003613235,0.0015842811,508049
20131119,15:15:00.000,BBG000BCBCM7,0.010256658,-0.0025830246,11605361
20131119,15:15:00.000,BBG000C3HSR0,-0.015513746,-0.02586838,2183604
20131119,15:15:00.000,BBG000BG09F5,-0.012102747,-0.014907791,1543443
20131119,15:15:00.000,BBG000BDXGP9,0.0013070942,-0.0018404315,1628075
20131119,15:15:00.000,BBG000BTVJ25,-0.00037576474,-0.0023785855,1583042
20131119,15:15:00.000,BBG000BTKGG8,-0.004444649,-0.0063947956,2731718
20131119,15:15:00.000,BBG000BLW530,-0.0076427637,-0.014964211,1395007
20131119,15:15:00.000,BBG000BY2Y78,-0.0015238156,-0.0020768407,1866130
20131119,15:15:00.000,BBG000BJ2VQ6,0.004355476,0.002940215,921921
20131119,15:15:00.000,BBG0039320N9,-0.008986437,-0.008224039,2046886
20131119,15:15:00.000,BBG000BRJ809,0.0010716356,0.00035225422,194959
20131119,15:15:00.000,BBG000TWC2V5,0.013559583,0.0064704474,1841345
20131119,15:15:00.000,BBG0019JZ882,-0.008457538,-0.008981716,3438604
20131119,15:15:00.000,BBG000BF6LY3,0.0029148308,-0.0014008156,3558539
20131119,15:15:00.000,BBG000BYYLS8,-0.001225594,-0.00029593983,1878518
20131119,15:15:00.000,BBG000BRWGG9,-0.006581174,-0.017390996,14968233
20131119,15:15:00.000,BBG000FW00S1,0.016695578,0.0051636305,3764733
20131119,15:15:00.000,BBG000BK67C7,0.008907052,0.006047774,1181699
20131119,15:15:00.000,BBG000FVXD63,0.021290239,0.024597868,1445839
20131119,15:15:00.000,BBG000D2M0Z7,-0.00660623,-0.01129151,712511
20131119,15:15:00.000,BBG000BLBXT4,0.0037142376,-0.0058266968,694851
20131119,15:15:00.000,BBG000CS7CT9,-0.00073768426,0.0024208731,2187061
20131119,15:15:00.000,BBG000BFMBQ6,0.0049769385,0.006776855,999855
20131119,15:15:00.000,BBG000BBBNC6,-0.013832065,-0.006726517,1129840
20131119,15:15:00.000,BBG000G0Z878,-0.0067763855,-0.008840569,3004091
20131119,15:15:00.000,BBG000CR90K4,-0.01256585,-0.017843038,12513641
20131119,15:15:00.000,BBG000BQ2C28,-0.003695092,-0.0031200838,799756
20131119,15:15:00.000,BBG000BMBL90,0.00010479158,-0.0018255623,1090033
20131119,15:15:00.000,BBG000BX5ZF5,0.022276714,0.01082423,8824341
20131119,15:15:00.000,BBG000BPT0C6,-0.0006820809,-0.0021181882,1611945
20131119,15:15:00.000,BBG000BMY992,0.014557611,0.009425818,2901351
20131119,15:15:00.000,BBG000BL9JQ1,-0.0046544066,-0.007825579,2119685
20131119,15:15:00.000,BBG000JG0547,0.03303846,0.035415012,5591547
20131119,15:15:00.000,BBG000BM7HL0,-0.012143999,-0.021465337,2440638
20131119,15:15:00.000,BBG000BRK7L6,0.0022722674,0.0030902869,3043148
20131119,15:15:00.000,BBG000BMQPL1,-0.0021960135,-0.003901827,9131662
20131119,15:15:00.000,BBG000C1FB75,,,883754
20131119,15:15:00.000,BBG000CZWZ05,0.00036270247,-0.0037997253,0
20131119,15:15:00.000,BBG000R7RDB4,-0.014435119,-0.015689068,1103015
20131119,15:15:00.000,BBG000DTMH63,,,2912482
20131119,15:15:00.000,BBG000BTR593,0.02998468,0.034431078,3780537
20131119,15:15:00.000,BBG000BB6M98,-0.005956917,-0.011580093,4185950
20131119,15:15:00.000,BBG000C2BXK4,-0.015583222,-0.029098,8046154
20131119,15:15:00.000,BBG000PVRDL2,-0.0015656526,-0.001853277,2666984
20131119,15:15:00.000,BBG000BVMGF2,-0.0031805383,-0.002581639,962529
20131119,15:15:00.000,BBG000BCGY17,0.0012942352,-0.0018864363,1498187
20131119,15:15:00.000,BBG000CNFQW6,-0.0018048636,-0.0003938392,584682
20131119,15:15:00.000,BBG000BSD7C2,0.00090752076,0.00017561577,1055505
20131119,15:15:00.000,BBG000FQ6PY6,-0.0061463965,-0.007961963,1658501
20131119,15:15:00.000,BBG000BC15S7,-0.003673063,-0.006712263,1113236
20131119,15:15:00.000,BBG000BVDLH9,-0.0031119299,-0.0007941996,783628
20131119,15:15:00.000,BBG000GC80B4,-0.00014159546,0.0046608406,1167230
20131119,15:15:00.000,BBG000C0F570,-0.002051995,-0.015534778,2829639
20131119,15:15:00.000,BBG000D898T9,0.0016264184,0.0009271891,1702314
20131119,15:15:00.000,BBG000BG14P4,0.0065864483,-0.017786397,1835019
20131119,15:15:00.000,BBG000DQTXY6,-0.0036207663,-0.0025905466,3619400
20131119,15:15:00.000,BBG000C1S2X2,0.017569618,0.013045065,1377998
20131119,15:15:00.000,BBG000BWSV34,-0.0050664656,-0.00627647,723608
20131119,15:15:00.000,BBG000H0QBS7,-0.002836867,-0.0074497033,664342
20131119,15:15:00.000,BBG000BWNFZ9,0.006293345,-0.008484871,1454854
20131119,15:15:00.000,BBG000BS0ZF1,0.0023861604,0.002254279,422472
20131119,15:15:00.000,BBG000CPQZ77,-0.010860356,-0.021401336,2954545
20131119,15:15:00.000,BBG001M8HHB7,0.020591829,0.0038293856,1114601
20131119,15:15:00.000,BBG000BH5DV1,0.0025512017,0.00027211147,862136
20131119,15:15:00.000,BBG000NV1KK7,-0.00063898345,0.0009343358,2007494
20131119,15:15:00.000,BBG000DKCC19,0.046579316,0.043175217,6177551
20131119,15:15:00.000,BBG000CXYSZ6,-0.01706766,-0.023408048,1409609
20131119,15:15:00.000,BBG000BGLRN3,-0.005964624,-0.007144219,3629478
20131119,15:15:00.000,BBG000QRKJ70,-0.028508864,-0.050888147,19029556
20131119,15:15:00.000,BBG000BQ5DS5,0.0004434544,-0.010203033,834135
20131119,15:15:00.000,BBG000BV7LP7,0.013284241,0.0051444275,3359119
20131119,15:15:00.000,BBG000BH5LT6,-0.0069729984,-0.004243734,2898026
20131119,15:15:00.000,BBG000R8ZVD1,0.00738141,-0.0011959207,1193646
20131119,15:15:00.000,BBG000BRJL00,-0.0047962097,-0.00938686,2236274
20131119,15:15:00.000,BBG000BB6WG8,0.006618851,0.0017110708,3398300
20131119,15:15:00.000,BBG000BJL3N0,-0.0017711367,-0.002499859,4254969
20131119,15:15:00.000,BBG000QY3XZ2,0.008797718,-0.0031192908,1515728
20131119,15:15:00.000,BBG000LD9JQ8,-0.012685368,-0.024356183,1577406
20131119,15:15:00.000,BBG000Q3JN03,-0.0093783885,-0.012415136,9794439
20131119,15:15:00.000,BBG000BH3JF8,-0.002024572,-0.002146224,1216665
20131119,15:15:00.000,BBG000BR54L0,0.0034546359,0.0005468459,5405300
20131119,15:15:00.000,BBG000PX3XC0,-0.008928391,-0.008610655,2349721
20131119,15:15:00.000,BBG001YMS0B8,0.003595005,-0.00037696844,2410595
20131119,15:15:00.000,BBG000BD8PN9,-0.0053351857,-0.0033193482,3912530
20131119,15:15:00.000,BBG000BRD0D8,0.0013576078,0.00066307065,1217089
20131119,15:15:00.000,BBG000BMDV41,-0.009010554,-0.01522363,2768423
20131119,15:15:00.000,BBG000BGVW60,0.0034796933,-0.00088671374,1753722
20131119,15:15:00.000,BBG000BKCFC2,-0.009776603,-0.011971158,3244891
20131119,15:15:00.000,BBG000BB9KF2,-0.00030348686,-0.0051748343,2704627
20131119,15:15:00.000,BBG000C0MF34,-0.005481989,-0.0053148465,339445
20131119,15:15:00.000,BBG000BZ2GG4,0.0018437019,-0.008250803,1610909
20131119,15:15:00.000,BBG000C0LW92,0.034094155,0.03369316,9535016
20131119,15:15:00.000,BBG000BMW2Z0,-0.0032447428,-0.0014811265,1470213
20131119,15:15:00.000,BBG000F0KF42,-4.8205144e-05,-0.014019396,2269188
20131119,15:15:00.000,BBG000BX3TD3,0.001521685,-0.004360845,4618129
20131119,15:15:00.000,BBG000QX74T1,0.0066234963,0.0025217412,201048
20131119,15:15:00.000,BBG000BWJFZ4,-0.007284915,-0.006609254,384833
20131119,15:15:00.000,BBG000BKFBD7,-0.0013742407,0.00070427696,1430250
20131119,15:15:00.000,BBG000JWD753,-0.0048521026,-0.016954051,2938170
20131119,15:15:00.000,BBG000M65M61,0.04946407,0.044248898,10479344
20131119,15:15:00.000,BBG000MBDGM6,-0.010386468,-0.013243518,484649
20131119,15:15:00.000,BBG000BBVJZ8,0.05041539,0.05526302,7995800
20131119,15:15:00.000,BBG000BV8DN6,0.010125884,0.0118393535,2907897
20131119,15:15:00.000,BBG000BH2JM1,0.0014263787,-0.0038044746,5133961
20131119,15:15:00.000,BBG000BGJRC8,-0.0036129025,-0.01321831,4625665
20131119,15:15:00.000,BBG000QBR5J5,-0.0053301244,-0.004429498,1702595
20131119,15:15:00.000,BBG000BSLZY7,0.002815712,0.0028671606,8964092
20131119,15:15:00.000,BBG000BJSBJ0,-0.012898071,-0.019486843,3099312
20131119,15:15:00.000,BBG000BJ81C1,-0.0011956312,0.0007367679,792580
20131119,15:15:00.000,BBG000BFL116,-0.023076281,-0.04294854,4086699
20131119,15:15:00.000,BBG000HCJMF9,0.005199112,0.007895662,1454791
20131119,15:15:00.000,BBG000FV1Z23,0.0025446943,-0.007011479,835475
20131119,15:15:00.000,BBG000BBDV81,0.0009590344,0.0006954785,1429037
20131119,15:15:00.000,BBG000FJLFX8,-0.006898998,-0.0033972298,2024097
20131119,15:15:00.000,BBG000J6XT05,-0.008186956,-0.011766123,4886483
20131119,15:15:00.000,BBG000BCWCG1,-0.08861532,-0.10148077,24674878
20131119,15:15:00.000,BBG000BJPDZ1,-0.005270278,0.0024549607,114470
20131119,15:15:00.000,BBG000BPQD31,-0.0005526483,0.001195376,2924424
20131119,15:15:00.000,BBG000C734W3,0.0045106714,0.0015675174,411328
20131119,15:15:00.000,BBG000C3GN47,0.008325362,0.0097345505,3053684
20131119,15:15:00.000,BBG000BFRF55,0.018000392,0.0061803698,6265752
20131119,15:15:00.000,BBG000BGPTV6,-0.0013967291,-0.014094636,727852
20131119,15:15:00.000,BBG000BM5SR2,0.004826242,0.0008826207,3228726
20131119,15:15:00.000,BBG000BN5HF7,-0.0046553942,-0.005504602,2787752
20131119,15:15:00.000,BBG000BBD070,0.0046715303,0.00036639665,1395494
20131119,15:15:00.000,BBG000BVPPM1,0.023470892,0.018236307,4017904
20131119,15:15:00.000,BBG000DYGNW7,0.0027746574,0.0028967788,708575
20131119,15:15:00.000,BBG000BCG930,0.014280027,0.01918973,2999604
20131119,15:15:00.000,BBG000BHGDH5,-0.0008303056,-0.0061499304,1629600
20131119,15:15:00.000,BBG000BJ3PD2,-0.0031087971,-0.011514984,1595965
20131119,15:15:00.000,BBG000BFQYY3,0.0020688162,0.002148414,1403831
20131119,15:15:00.000,BBG000BY29C7,0.0014399432,-0.00083332055,1777262
20131119,15:15:00.000,BBG000C1BW00,0.011987731,0.0097919125,700796
20131119,15:15:00.000,BBG000BD4VG8,0.009007519,-0.0010466169,2320955
20131119,15:15:00.000,BBG000BHQ1H0,0.007866254,0.010667171,1993755
20131119,15:15:00.000,BBG000BB5006,-0.0020453345,-0.011837041,2298386
20131119,15:15:00.000,BBG000BKFZM4,0.010233535,0.0059576435,6206510
20131119,15:15:00.000,BBG000BWVCP8,-0.0010692491,-0.007084939,4730788
20131119,15:15:00.000,BBG000FH8PX5,-0.012408192,-0.011751214,876615
20131119,15:15:00.000,BBG000BHX7N2,0.002623396,-0.0034026431,1350065
20131119,15:15:00.000,BBG000WCFV84,-0.0044138534,-0.008154677,2273497
20131119,15:15:00.000,BBG000BBPFB9,0.009428981,-0.001773883,6918938
20131119,15:15:00.000,BBG000FL1TC8,0.010673516,0.009684873,2484236
20131119,15:15:00.000,BBG000F6H8W8,0.0032866239,0.0017030699,855490
20131119,15:15:00.000,BBG000BGKTF9,-0.004923679,-0.0007198704,1739272
20131119,15:15:00.000,BBG000C8H633,0.007115694,0.012322863,4697074
20131119,15:15:00.000,BBG000H89QJ6,0.0074237743,0.003415453,1650017
20131119,15:15:00.000,BBG0014GG205,-0.016274586,-0.02928729,8456963
20131119,15:15:00.000,BBG000BFXHL6,-0.010769752,-0.012803946,2557024
20131119,15:15:00.000,BBG000BH3GZ2,0.0044395914,0.00476643,1601923
20131119,15:15:00.000,BBG000BT9DW0,-0.0014984269,-0.0051947962,4075127
20131119,15:15:00.000,BBG000FP1N32,0.009237573,0.0019725068,2095393
20131119,15:15:00.000,BBG000FNRZ69,0.0056430562,-0.0076797283,3737755
20131119,15:15:00.000,BBG000D42FJ0,-0.042192493,-0.062383614,9872358
20131119,15:15:00.000,BBG00286S4N9,0.016937079,0.015247645,2235033
20131119,15:15:00.000,BBG0025Y4RY4,-0.008290728,-0.009616192,2765714
20131119,15:15:00.000,BBG000BFDXW1,0.0049595796,-0.007136975,6109125
20131119,15:15:00.000,BBG0029SNR63,-0.00381262,-0.010438998,2571838
20131119,15:15:00.000,BBG000G2R6M0,0.002535965,0.004966186,3907674
20131119,15:15:00.000,BBG000BCVJ77,-0.002301528,0.0049394798,2862484
20131119,15:15:00.000,BBG000BL4504,0.00024149116,-0.0031471557,9013371
20131119,15:15:00.000,BBG000BC2C10,0.0031848876,0.01168488,2534591
20131119,15:15:00.000,BBG000B9WH86,0.021671299,0.01900441,20386700
20131119,15:15:00.000,BBG000BJX8C8,0.004225419,-0.0021572446,2285953
20131119,15:15:00.000,BBG000H556T9,-2.1781103e-05,-0.0038526899,1191543
20131119,15:15:00.000,BBG000C496P7,-0.0051004854,-0.010736008,2756506
20131119,15:15:00.000,BBG000FG3C43,0.0026074594,-0.012150549,2778366
20131119,15:15:00.000,BBG000BNWG87,-0.010555148,-0.0046317247,3848149
20131119,15:15:00.000,BBG000BNBDC2,-0.0071018166,-0.0015672522,2617494
20131119,15:15:00.000,BBG000BJ98Z0,-0.019384867,-0.030039763,2479572
20131119,15:15:00.000,BBG000Q2HM09,-0.005011762,-0.019788034,3191111
20131119,15:15:00.000,BBG000D9D830,0.0006415829,0.0014639633,1659742
20131119,15:15:00.000,BBG000CJZ2W6,-0.02472724,-0.033455033,2882214
20131119,15:15:00.000,BBG000BH13K9,-0.003764842,-0.0040517026,2495152
20131119,15:15:00.000,BBG000C46HM9,-0.0028282558,-0.00079196645,2925468
20131119,15:15:00.000,BBG000BWXBC2,0.0009115031,0.00037882884,3382232
20131119,15:15:00.000,BBG000BN2DC2,-0.031441197,-0.0439685,13270299
20131119,15:15:00.000,BBG000BTZQC4,0.0013453134,0.0006164432,5592854
20131119,15:15:00.000,BBG001DCCGR8,0.026950648,0.023771554,3974395
20131119,15:15:00.000,BBG000BB6KF5,0.001655135,0.004214979,4420935
20131119,15:15:00.000,BBG000DHSPT0,0.004172982,0.0018856763,2588342
20131119,15:15:00.000,BBG000F0PF65,-0.0041276854,-0.00598504,2435041
20131119,15:15:00.000,BBG000BH1NH9,-0.008065465,-0.009503687,3991364
20131119,15:15:00.000,BBG000BVV7G1,0.004697595,-0.005889378,2739412
20131119,15:15:00.000,BBG000BPWXK1,0.008467372,0.011841069,3903489
20131119,15:15:00.000,BBG000BJF1Z8,-0.009766277,-0.018339721,2234373
20131119,15:15:00.000,BBG000BXRPH1,-0.009011844,-0.012175169,2063682
20131119,15:15:00.000,BBG000BC40Y8,0.0021482867,0.0052549336,1728675
20131119,15:15:00.000,BBG000BBGGQ1,-0.0016568683,-0.0053579817,5834512
20131119,15:15:00.000,BBG000C17X76,0.015867002,0.018111479,919023
20131119,15:15:00.000,BBG000BP6LJ8,-0.0066982764,-0.0063101645,4273535
20131119,15:15:00.000,BBG000B9ZXB4,0.014528992,0.0187111,7357508
20131119,15:15:00.000,BBG000BMF5J0,0.0046262285,0.0011497743,20406266
20131119,15:15:00.000,BBG000C5HS04,-0.006748885,-0.010052809,2370042
20131119,15:15:00.000,BBG000BLZRJ2,0.0035886422,0.004286916,7237864
20131119,15:15:00.000,BBG000L9CV04,0.0005721727,-0.004836629,2165650
20131119,15:15:00.000,BBG000BWLMJ4,-0.018183224,-0.020628195,4370099
20131119,15:15:00.000,BBG000D4LWF6,-0.0005108114,-0.006772124,3822583
20131119,15:15:00.000,BBG000BCQZS4,-0.0016732502,0.001457886,2009096
20131119,15:15:00.000,BBG000H8TVT2,0.000283517,0.0051152185,2440168
20131119,15:15:00.000,BBG000FFDM15,0.0068099806,0.01017609,6118191
20131119,15:15:00.000,BBG000BFWKC0,-0.008602818,-0.0040623825,1802672
20131119,15:15:00.000,BBG000BP52R2,-0.0004334344,0.00084604,1733196
20131119,15:15:00.000,BBG000C15T95,0.004669207,-0.0012298091,3605287
20131119,15:15:00.000,BBG000BZ9223,-0.0057420298,-0.0032630067,1094063
20131119,15:15:00.000,BBG000BHBK84,0.0019644978,-0.0040142224,4289273
20131119,15:15:00.000,BBG000CTQBF3,-0.0036821763,-0.0057106568,3054388
20131119,15:15:00.000,BBG000BW8S60,0.0016861536,-0.00036642686,1247516
20131119,15:15:00.000,BBG000BB07P9,0.008593264,0.010190563,8453076
20131119,15:15:00.000,BBG000CH5208,-0.0041902848,-0.00055747555,2662249
20131119,15:15:00.000,BBG000BW3299,-0.0006500342,-0.009700348,1210368
20131119,15:15:00.000,BBG000DQLV23,0.00032959963,0.0017339821,3824243
20131119,15:15:00.000,BBG000DWYF03,-0.0103424955,-0.013035037,7318916
20131119,15:15:00.000,BBG000BGRY34,-0.0031419639,-0.0018342696,3000218
20131119,15:15:00.000,BBG000F1ZSQ2,-0.009221469,-0.009632108,230982
20131119,15:15:00.000,BBG000BQQ2S6,-0.004645948,-0.00056675624,2100896
20131119,15:15:00.000,BBG000KHWT55,0.008514481,-0.00039922114,10351827
20131119,15:15:00.000,BBG000BNDN65,-0.0038281886,-0.008055629,9150514
20131119,15:15:00.000,BBG000R7Z112,-0.0016887604,-0.0049777855,9695215
20131119,15:15:00.000,BBG000BQQH30,-0.009928297,-0.00082970096,5545142
20131119,15:15:00.000,BBG000BBS2Y0,-0.010515689,-0.00409359,1580179
20131119,15:15:00.000,BBG000J2XL74,0.0012087141,-0.0019636014,2318261
20131119,15:15:00.000,BBG000BJDB15,-0.0042210785,-0.0016446776,5823864
20131119,15:15:00.000,BBG000DWG505,-0.00038348464,-0.0008194503,1679933
20131119,15:15:00.000,BBG000DH7JK6,-0.0042536184,-0.0059400573,3016527
20131119,15:15:00.000,BBG000BKTFN2,0.00046222185,-0.0077298167,6198747
20131119,15:15:00.000,BBG000BF0K17,0.0023852976,-0.0041651237,3724514
20131119,15:15:00.000,BBG000BFC8J2,0.0053007836,0.009183402,2225978
20131119,15:15:00.000,BBG000BH4R78,-0.0017150447,-0.0033087987,3480944
20131119,15:15:00.000,BBG000NDYB67,-0.0043098,-0.009067567,13959676
20131119,15:15:00.000,BBG000C6CFJ5,0.0028791272,0.009566075,2164289
20131119,15:15:00.000,BBG000BQLTW7,-0.003056904,-0.0051549403,10899119
20131119,15:15:00.000,BBG000BNSZP1,-0.0008040815,0.005530613,2817415
20131119,15:15:00.000,BBG000BBDZG3,-0.009616293,-0.00245199,4907188
20131119,15:15:00.000,BBG000BHVJJ3,0.0009967966,-0.003346394,9430721
20131119,15:15:00.000,BBG000BFT2L4,0.0019273803,0.0016880258,4255728
20131119,15:15:00.000,BBG000C43RR5,0.0027821215,0.0038412416,8082484
20131119,15:15:00.000,BBG000Q9HH23,0.01728512,0.0071148654,1376121
20131119,15:15:00.000,BBG000BCSST7,-0.0058186343,-0.009107437,2999632
20131119,15:15:00.000,BBG000BMX289,-7.486637e-05,-0.0012448202,8740770
20131119,15:15:00.000,BBG000GFFQN9,-0.0053039435,-0.007717412,10177266
20131119,15:15:00.000,BBG000BT41Q8,-0.0021425178,-0.003748906,4655461
20131119,15:15:00.000,BBG000CKGBP2,0.008345197,0.010871386,5418762
20131119,15:15:00.000,BBG000BKZB36,0.011576615,0.0105406875,9765676
20131119,15:15:00.000,BBG000BLBVN4,0.0018868854,-0.0073341127,427305
20131119,15:15:00.000,BBG000PSKYX7,-0.012225764,-0.012301811,2165944
20131119,15:15:00.000,BBG000BPD168,-0.0045897583,0.0020830715,6013759
20131119,15:15:00.000,BBG000HS77T5,0.002498725,0.0013784344,5977677
20131119,15:15:00.000,BBG000BVPV84,0.009994302,-0.0021445735,1479495
20131119,15:15:00.000,BBG000BR2TH3,-0.005462093,-0.0021879883,5194144
20131119,15:15:00.000,BBG000BQPC32,0.0028226548,-0.004712814,21744140
20131119,15:15:00.000,BBG000CGC1X8,0.0032844027,0.0034754789,6995370
20131119,15:15:00.000,BBG000BMHYD1,0.0009426773,0.0066852984,4307735
20131119,15:15:00.000,BBG000K4ND22,0.0072756764,0.0137698585,4125657
20131119,15:15:00.000,BBG000C0G1D1,0.010864125,0.0036595662,18487616
20131119,15:15:00.000,BBG000C5Z1S3,0.009796991,-0.0036298505,39870424
20131119,15:15:00.000,BBG000BWQFY7,0.0017916105,0.0023039696,10224133
20131119,15:15:00.000,BBG000BLNNH6,-6.015253e-05,0.0044987323,3514559
20131119,15:15:00.000,BBG000BR2B91,-0.013216677,-0.0071844133,19441708
20131119,15:15:00.000,BBG000BSJK37,0.002157737,0.0050549335,8836305
20131119,15:15:00.000,BBG000C3J3C9,0.0048103975,0.0061046137,45638848
20131119,15:15:00.000,BBG000BK6MB5,-0.002442122,-0.004043171,28377898
20131119,15:15:00.000,BBG000CL9VN6,0.0016347886,-0.013896669,2064608
20131119,15:15:00.000,BBG000GZQ728,0.00015250027,0.0025163132,9804449
20131119,15:15:00.000,BBG000DMBXR2,0.004482234,0.008432802,18426046
20131119,15:15:00.000,BBG000FY4S11,0.0045925034,0.0074801985,15811222
20131119,15:15:00.000,BBG000N9MNX3,0.04613283,0.03254092,17069444
20131119,15:15:00.000,BBG000BCTLF6,0.015520839,0.020100193,130101216
20131119,15:15:00.000,BBG000BPH459,0.001249437,-0.0029807147,33706308
20131119,15:15:00.000,BBG000BHSKN9,-0.0048600216,-0.0039013263,863195
20131119,15:15:00.000,BBG000MM2P62,0.023210062,0.018107735,64283512
20131119,15:15:00.000,BBG000B9XRY4,0.0058333427,0.002303947,6020120
20131119,15:30:00.000,BBG000C221G9,0.00021319056,-0.007965293,567129
20131119,15:30:00.000,BBG000D9H9F1,0.036339704,0.039640855,2064831
20131119,15:30:00.000,BBG000BJ5GK2,0.01667012,0.0034628639,1132812
20131119,15:30:00.000,BBG000BVVQQ8,0.0007052378,-0.0071725245,1536353
20131119,15:30:00.000,BBG000PTLGZ1,-0.0031707962,-0.012332455,437747
20131119,15:30:00.000,BBG000CGT2S4,-0.0018707255,0.0043813754,3383318
20131119,15:30:00.000,BBG000RKR4R8,0.002118763,-5.780085e-07,7248147
20131119,15:30:00.000,BBG000BDWKC5,0.0036061816,-0.0018415313,1622681
20131119,15:30:00.000,BBG000JB27Y9,-0.0022128194,0.0028482527,910409
20131119,15:30:00.000,BBG000BLXZN1,-0.00755604,-0.015142529,606252
20131119,15:30:00.000,BBG000BK5DP1,-0.009228683,-0.018320933,1872336
20131119,15:30:00.000,BBG000FBR384,0.00870777,0.0035488706,706585
20131119,15:30:00.000,BBG000BCHG15,0.012215126,0.008859454,498445
20131119,15:30:00.000,BBG000BLHRS2,-0.006359165,-0.010257208,626771
20131119,15:30:00.000,BBG000F80SZ5,0.00626586,-0.0189207,9968914
20131119,15:30:00.000,BBG000BQ87N0,-0.0031985624,-0.010502745,787385
20131119,15:30:00.000,BBG000HW5GX3,0.0006124245,0.0052762534,1831229
20131119,15:30:00.000,BBG000BLMZK6,0.004174086,-0.0057043643,864718
20131119,15:30:00.000,BBG000BND699,0.006382076,-0.0120212585,1332916
20131119,15:30:00.000,BBG000BYWTX7,-0.013618749,-0.028270977,4383092
20131119,15:30:00.000,BBG000BGKHZ3,0.0050403187,0.0027023058,643669
20131119,15:30:00.000,BBG000M1R011,0.019673746,0.0012588549,1835631
20131119,15:30:00.000,BBG000BCJ161,0.0130017605,0.015889069,2167526
20131119,15:30:00.000,BBG000DGPR66,-0.011338081,-0.015104557,809487
20131119,15:30:00.000,BBG000BV75B7,0.0071525844,-0.001029988,468823
20131119,15:30:00.000,BBG000BPZBB6,-0.0012756385,-0.0065164133,642341
20131119,15:30:00.000,BBG000BL79J3,-0.003171965,-0.0037845387,3951250
20131119,15:30:00.000,BBG000BP7JB0,-0.014150183,-0.025275117,4388130
20131119,15:30:00.000,BBG000BVB8Q0,-0.015560497,-0.011489878,2635989
20131119,15:30:00.000,BBG000TJM7F0,-0.002455494,-0.0039033683,899972
20131119,15:30:00.000,BBG000BHQYG9,-0.0048769796,-0.007184058,625146
20131119,15:30:00.000,BBG000BDDN94,0.009711265,-0.0011039891,265417
20131119,15:30:00.000,BBG000BWP7D9,0.008155129,0.0042510554,1576967
20131119,15:30:00.000,BBG000F9KJN4,-0.022200556,-0.030911932,2882413
20131119,15:30:00.000,BBG000BWVSR1,-0.0020880261,-0.001757992,2614548
20131119,15:30:00.000,BBG000BHCP19,0.00477556,-0.008956641,1131863
20131119,15:30:00.000,BBG000BFDLV8,-0.00884192,-0.00803282,591779
20131119,15:30:00.000,BBG000BX8DC4,-0.0006041376,-0.002420456,1737624
20131119,15:30:00.000,BBG000CPHYL4,-0.016692119,-0.03216266,1525399
20131119,15:30:00.000,BBG000BCNYT9,0.008521244,0.000584514,3772834
20131119,15:30:00.000,BBG000VC0T95,0.014349811,0.0011540276,601644
20131119,15:30:00.000,BBG000PCQQL6,0.009619455,0.0010706895,1385990
20131119,15:30:00.000,BBG000BQ74K1,0.0036848166,0.005614098,1079497
20131119,15:30:00.000,BBG000BJDPC2,0.008719584,0.007850945,1049459
20131119,15:30:00.000,BBG000GPXKX9,-0.0013461672,-0.009236185,561426
20131119,15:30:00.000,BBG000BJ49H3,-0.007375891,-0.016082581,736598
20131119,15:30:00.000,BBG000PLXQQ3,-0.00642922,-0.011433231,424070
20131119,15:30:00.000,BBG000BQHGR6,-0.0016376618,-0.0075550717,609839
20131119,15:30:00.000,BBG000KLB4Q1,0.0074612666,-0.007102238,1948098
20131119,15:30:00.000,BBG000C3Y7J6,0.0069113653,-0.0018157031,561404
20131119,15:30:00.000,BBG000FFH4P5,-0.003210683,-0.0128909545,676851
20131119,15:30:00.000,BBG000JBSJZ4,0.008101675,0.005387064,1493172
20131119,15:30:00.000,BBG000F86GP6,0.007268953,0.00390639,793847
20131119,15:30:00.000,BBG000BQTMJ9,0.011863154,0.0047129425,2643479
20131119,15:30:00.000,BBG000RNTSX0,-0.007513509,-0.017734423,276168
20131119,15:30:00.000,BBG000GZD660,-0.0020277032,-0.0015774728,336586
20131119,15:30:00.000,BBG000D9DMK0,-0.0017716778,-0.0075913114,482217
20131119,15:30:00.000,BBG003P9ZSL3,-0.016278122,-0.014847928,291730
20131119,15:30:00.000,BBG000C37332,0.0060178274,-0.0019462429,626846
20131119,15:30:00.000,BBG000C1DHF5,0.014184026,-0.0020639426,1465423
20131119,15:30:00.000,BBG000FW8LZ9,0.008766764,0.0037195638,1343641
20131119,15:30:00.000,BBG000BCVMH9,-0.0014025819,-0.014016866,315575
20131119,15:30:00.000,BBG000BKQ3V3,0.0019758672,-0.00392251,1028208
20131119,15:30:00.000,BBG000CXD6X9,0.005383012,-0.0015760016,920664
20131119,15:30:00.000,BBG000BCYP43,0.00043840907,0.005587311,411869
20131119,15:30:00.000,BBG000PM7GJ0,-0.017461399,-0.028271304,11046643
20131119,15:30:00.000,BBG000C75N77,0.005321651,0.00267985,579850
20131119,15:30:00.000,BBG000G8N9C6,-0.008260803,-0.0068822037,1510197
20131119,15:30:00.000,BBG000C90DH9,0.005461009,0.0005861521,3639549
20131119,15:30:00.000,BBG000C6F3T8,0.0107791545,-0.001780888,4963283
20131119,15:30:00.000,BBG000BFV115,-0.0043477328,-0.0019318258,852731
20131119,15:30:00.000,BBG000C7B436,-0.0003888918,-0.019773703,1081503
20131119,15:30:00.000,BBG000BLCPY4,0.0031446354,0.00082502706,1025093
20131119,15:30:00.000,BBG000BD3LM4,0.0013766477,-0.007400376,3816977
20131119,15:30:00.000,BBG000BDY3Y7,-0.029595729,-0.040558748,3809052
20131119,15:30:00.000,BBG000BMZ7P7,-0.0039737932,-0.022223879,490030
20131119,15:30:00.000,BBG000BBNYF6,-0.007956784,-0.008088455,1070419
20131119,15:30:00.000,BBG000BK6G19,0.005703987,0.005822509,1484056
20131119,15:30:00.000,BBG000BB29X4,-0.0031482887,-0.0073498865,695094
20131119,15:30:00.000,BBG000BB03M1,0.008445559,-0.013359989,1136088
20131119,15:30:00.000,BBG000BGD7W6,-0.001705693,-0.009397762,1843764
20131119,15:30:00.000,BBG000C3NTN5,0.03426501,0.036372706,3943076
20131119,15:30:00.000,BBG000BHB3M6,-0.0047515426,-0.011255708,411573
20131119,15:30:00.000,BBG000BBCQD7,-0.0051898323,-0.002683733,2041923
20131119,15:30:00.000,BBG000D14WM3,-0.005110591,-0.0060537094,6561803
20131119,15:30:00.000,BBG000CVWGS6,-0.025908042,-0.033095807,6811935
20131119,15:30:00.000,BBG000BQSQ38,0.0052550547,0.005985621,2007059
20131119,15:30:00.000,BBG000BPQVR5,-0.010658854,-0.015112345,592654
20131119,15:30:00.000,BBG000BCZYD3,-0.0030191445,0.0029586437,442760
20131119,15:30:00.000,BBG000FDBX90,-0.0027587812,-0.009234936,1299800
20131119,15:30:00.000,BBG000BQVTF5,-0.0034603905,-0.012946196,958022
20131119,15:30:00.000,BBG001BPFT54,-0.06129287,-0.08332453,6901099
20131119,15:30:00.000,BBG000BHC2S1,-0.004654104,-0.0069130706,880740
20131119,15:30:00.000,BBG000DN7P92,0.0033195333,0.0073466394,866502
20131119,15:30:00.000,BBG000C060M4,-0.0060052034,-0.008356203,218156
20131119,15:30:00.000,BBG000BHKYH4,-0.0023403103,-0.003268311,416252
20131119,15:30:00.000,BBG000F6ZWH2,0.0018370968,-0.0034607828,3123466
20131119,15:30:00.000,BBG000BFTJ91,0.0039227973,0.002266101,851389
20131119,15:30:00.000,BBG000BD0TF8,0.00033581944,-0.00037116473,1109661
20131119,15:30:00.000,BBG000BP1Q11,0.014036891,0.010568525,908714
20131119,15:30:00.000,BBG000D5S4M0,-0.0016659145,-0.009256555,342529
20131119,15:30:00.000,BBG000MQ1SN9,-0.0047378936,-0.01433982,1707493
20131119,15:30:00.000,BBG000BKZTP3,0.005210212,7.553102e-05,890794
20131119,15:30:00.000,BBG000C0HQ54,-0.0024347333,-0.0041144476,3222705
20131119,15:30:00.000,BBG000BP1152,-0.0037889942,-0.017806167,2433220
20131119,15:30:00.000,BBG000BN9WT5,0.0046131015,-0.0073699104,1673953
20131119,15:30:00.000,BBG000BBLK04,-0.015084377,-0.020914981,381089
20131119,15:30:00.000,BBG000NSQ9M0,0.0052474327,0.006545228,4881022
20131119,15:30:00.000,BBG000BRXP69,-0.0069870716,-0.0034386057,543328
20131119,15:30:00.000,BBG000BGYWY6,0.00082549633,-0.0030119987,253209
20131119,15:30:00.000,BBG000BJ8YN7,-0.0005432048,-0.008103877,1269049
20131119,15:30:00.000,BBG000BFVXX0,0.0011648603,-0.0021710352,1395318
20131119,15:30:00.000,BBG000BLM0V1,-0.010353181,-0.011656464,519671
20131119,15:30:00.000,BBG000BBCDZ2,0.0017902581,-0.0024667403,380877
20131119,15:30:00.000,BBG000KBQZ88,-0.009125853,-0.017381953,1249208
20131119,15:30:00.000,BBG000BWXL85,0.006139461,-0.0011819114,1197968
20131119,15:30:00.000,BBG000BKXYX5,-0.009292104,-0.015444691,912374
20131119,15:30:00.000,BBG000D1QCF1,0.016271671,0.001954715,1574155
20131119,15:30:00.000,BBG000CKVSG8,-0.0044284435,-0.010701584,1626279
20131119,15:30:00.000,BBG000BPYHJ6,0.03900322,0.030363845,1547680
20131119,15:30:00.000,BBG000BKWSR6,-0.00056873244,-0.0033689577,9771687
20131119,15:30:00.000,BBG000BMTFR4,0.00046077318,-0.011687741,1011847
20131119,15:30:00.000,BBG000C1FQS9,0.002134103,-0.0040905634,734060
20131119,15:30:00.000,BBG000BR37X2,0.001748157,0.0011006381,1434406
20131119,15:30:00.000,BBG000BB6G37,0.00067458535,-0.011365905,1122487
20131119,15:30:00.000,BBG000CHPY97,0.014254321,0.02027237,6200359
20131119,15:30:00.000,BBG000BPXRB3,-0.03467091,-0.04418378,847850
20131119,15:30:00.000,BBG000BF5RY1,-0.0027555602,-0.0064384365,1340039
20131119,15:30:00.000,BBG000BNNKG9,0.022282777,0.015366106,3400236
20131119,15:30:00.000,BBG001NVJ6W4,-0.026992796,-0.039056078,1672169
20131119,15:30:00.000,BBG0035LY913,0.0053541637,0.005165231,2378210
20131119,15:30:00.000,BBG000BMLWX8,0.006622172,0.0053979997,2062560
20131119,15:30:00.000,BBG000BPNP00,0.0050794473,-0.008632976,1598722
20131119,15:30:00.000,BBG000DSMS70,-0.0059583304,-0.004559968,673827
20131119,15:30:00.000,BBG000D13GN8,-0.022905407,-0.03589497,1645269
20131119,15:30:00.000,BBG000BSC0K9,-0.00075762835,-0.0017645956,951258
20131119,15:30:00.000,BBG000MDCQC2,0.0040675234,-0.0047718966,1083427
20131119,15:30:00.000,BBG000BMKDM3,-0.006679207,-0.00929997,985741
20131119,15:30:00.000,BBG000BF1R66,0.0024533698,0.0016376169,330129
20131119,15:30:00.000,BBG000BJQWD2,-0.00018706736,-0.006231555,964390
20131119,15:30:00.000,BBG000C2ZCH8,0.0024141332,-0.003957559,550849
20131119,15:30:00.000,BBG000BP8Z50,-0.008598526,-0.011694408,868333
20131119,15:30:00.000,BBG000FBK808,-0.010049476,-0.0069146785,4014174
20131119,15:30:00.000,BBG000BXMFC3,0.010783429,-0.0028827467,942014
20131119,15:30:00.000,BBG000BFNR17,0.00349252,0.0008865401,357122
20131119,15:30:00.000,BBG000RGM5P1,-0.017353883,-0.02914653,2094564
20131119,15:30:00.000,BBG000BKR1D6,-0.001837541,-0.005695901,240945
20131119,15:30:00.000,BBG000D7RKJ5,-0.005661148,-0.010633152,1202293
20131119,15:30:00.000,BBG000G6BN50,0.013661423,0.01650263,489198
20131119,15:30:00.000,BBG000J1QLT0,0.0040355125,-0.002456371,736575
20131119,15:30:00.000,BBG000BNFLM9,-0.0142152235,-0.027165452,2038564
20131119,15:30:00.000,BBG000BTCH57,-0.009565156,-0.018975921,2575957
20131119,15:30:00.000,BBG000FLZN98,-0.0046318085,-0.0051789205,428156
20131119,15:30:00.000,BBG000C4DPX1,-0.0040233075,-0.020689562,841875
20131119,15:30:00.000,BBG000BQ8KV2,0.0065849014,0.0032054347,749488
20131119,15:30:00.000,BBG000BPMH90,-0.0019382015,0.0017462499,1164904
20131119,15:30:00.000,BBG000K14Q84,-0.0065208436,-0.019073326,769877
20131119,15:30:00.000,BBG000BC9938,0.01093473,0.0030670797,1066465
20131119,15:30:00.000,BBG000QFJ7H3,-0.008720274,-0.011898317,2749543
20131119,15:30:00.000,BBG000BTQR96,-0.00437083,-0.010212555,859254
20131119,15:30:00.000,BBG000CHWP52,0.0030128446,-0.00046836032,699569
20131119,15:30:00.000,BBG000D8RG11,0.008023158,0.0025807857,1566977
20131119,15:30:00.000,BBG000BS9489,0.0033201252,0.0010725228,604868
20131119,15:30:00.000,BBG000CKJ0P3,-0.013423119,0.00066200254,667284
20131119,15:30:00.000,BBG000BWCKB6,0.001840426,-0.0010237078,282349
20131119,15:30:00.000,BBG000BVWLJ6,0.0013758942,-0.001860663,1665764
20131119,15:30:00.000,BBG000BXM6V2,-0.009375949,-0.016443066,705309
20131119,15:30:00.000,BBG000D9KWL9,-0.0007069713,-0.002901648,305801
20131119,15:30:00.000,BBG000BKNX95,0.0022343793,-0.008381822,1580660
20131119,15:30:00.000,BBG000J5Q6L2,0.02449306,0.019993681,5937611
20131119,15:30:00.000,BBG000QN4GY3,-0.013216367,-0.01668305,1310475
20131119,15:30:00.000,BBG000BCTQ65,0.0013676693,-0.004891929,2683162
20131119,15:30:00.000,BBG000BNNYW1,-0.0015797713,-0.0056456225,1093608
20131119,15:30:00.000,BBG003641015,0.0016836287,0.00420694,1769718
20131119,15:30:00.000,BBG000D6L294,-0.014451166,-0.013367007,1394834
20131119,15:30:00.000,BBG000BSBZH7,0.0015005968,0.0014220797,927425
20131119,15:30:00.000,BBG000BNC3Y9,-0.0062205284,-0.006174894,1556847
20131119,15:30:00.000,BBG000F15NW9,-0.001336584,0.0015840583,1071679
20131119,15:30:00.000,BBG000R0L5J4,-0.0016300789,-0.0041773813,2434086
20131119,15:30:00.000,BBG000BVMPN3,-0.0028950947,-6.159158e-05,652943
20131119,15:30:00.000,BBG000BB5BF6,-0.019498758,-0.030617492,2296942
20131119,15:30:00.000,BBG000BR3KL6,-0.0062780892,-0.013255972,569572
20131119,15:30:00.000,BBG000BNGTQ7,-0.0016282353,-0.0031113161,1362074
20131119,15:30:00.000,BBG000BHZ5J9,0.003727986,0.0031517327,1162680
20131119,15:30:00.000,BBG000BN84F3,-0.0021261047,-0.007758872,1498233
20131119,15:30:00.000,BBG000BBJQV0,-0.00015882927,-0.012430843,3745636
20131119,15:30:00.000,BBG000BB1TH9,0.0025861007,-0.012107358,961370
20131119,15:30:00.000,BBG000BFS7D3,-0.0066511272,-0.004157941,676261
20131119,15:30:00.000,BBG000BR14K5,0.0042002276,0.0023371645,802319
20131119,15:30:00.000,BBG000BPVCR1,0.025690299,0.01808108,1498567
20131119,15:30:00.000,BBG000BKLH74,-0.0026788795,-0.005125661,2826540
20131119,15:30:00.000,BBG002S5ZRF9,-0.06665558,-0.085829385,2487827
20131119,15:30:00.000,BBG000BKPL53,-0.0021791626,0.003795791,455184
20131119,15:30:00.000,BBG000DY8ZS4,-0.022826063,-0.0359391,6493737
20131119,15:30:00.000,BBG000DNTSP4,4.782288e-05,-0.0040990165,1520360
20131119,15:30:00.000,BBG000BM6788,0.006824481,0.00014858902,2813911
20131119,15:30:00.000,BBG000G3QLY3,0.006197952,0.0038488489,698726
20131119,15:30:00.000,BBG000BLKK03,-0.0016850312,0.0022807736,1841439
20131119,15:30:00.000,BBG000BP0KQ8,-0.025790052,-0.034832776,5737350
20131119,15:30:00.000,BBG000C7LMS8,0.012725822,0.011890729,149534
20131119,15:30:00.000,BBG000JBN3X6,-0.007432493,-0.0073756874,8845040
20131119,15:30:00.000,BBG000QW7VC1,-0.0037857168,-0.016021645,3490372
20131119,15:30:00.000,BBG000C2YHG9,-0.012459655,-0.016213534,1905114
20131119,15:30:00.000,BBG000BVHBM1,0.005885093,0.0060210126,1896763
20131119,15:30:00.000,BBG000FKJRC5,-0.002046646,-0.0038419694,655215
20131119,15:30:00.000,BBG000BP4MH0,-0.0010789313,-0.0021159467,1541200
20131119,15:30:00.000,BBG000BSXQV7,0.0034917656,-0.00032171747,265751
20131119,15:30:00.000,BBG000BY33P5,-0.0077386647,-0.01224765,12288506
20131119,15:30:00.000,BBG000BNJHS8,-0.001590808,0.0022064655,6248599
20131119,15:30:00.000,BBG000BB5373,0.0053026434,-0.0047820625,8206618
20131119,15:30:00.000,BBG000CSY9H9,0.0027099827,0.00058317895,765090
20131119,15:30:00.000,BBG000BQWPC5,-0.0005488413,-0.0024378544,1614955
20131119,15:30:00.000,BBG000BQZMH4,7.943382e-06,-0.0035149427,2422267
20131119,15:30:00.000,BBG000BC4JJ4,0.0058286837,0.0022733484,601701
20131119,15:30:00.000,BBG001QD41M9,-0.015284248,-0.0233203,2318698
20131119,15:30:00.000,BBG000BHLYS1,-0.0068552247,-0.0072133513,954129
20131119,15:30:00.000,BBG000HG21Y3,0.03160333,0.018590208,694622
20131119,15:30:00.000,BBG000BHLYP4,0.012706594,0.017738912,1298235
20131119,15:30:00.000,BBG000DLFM21,-0.0017990496,-0.0069761914,480308
20131119,15:30:00.000,BBG000H9G7X2,0.015250991,0.014062123,1949261
20131119,15:30:00.000,BBG000BRRG02,0.0041121477,-0.0013246867,229455
20131119,15:30:00.000,BBG000BBMSJ6,-0.025340686,-0.041263312,7848229
20131119,15:30:00.000,BBG000MM5VL9,-0.006397221,-0.0156210605,948070
20131119,15:30:00.000,BBG000C2V3D6,-0.0104657225,-0.0037002242,1980895
20131119,15:30:00.000,BBG000G30YX4,-0.022638485,-0.02050144,663336
20131119,15:30:00.000,BBG000JN8R00,-0.0071474784,-0.009245638,5334966
20131119,15:30:00.000,BBG000C2PW58,0.00044758784,-0.001974379,251760
20131119,15:30:00.000,BBG000CGQ6M4,0.0031057245,0.0013470215,533137
20131119,15:30:00.000,BBG000BCBCM7,0.009341701,-0.003874597,12358305
20131119,15:30:00.000,BBG000C3HSR0,-0.010314178,-0.019709071,2414035
20131119,15:30:00.000,BBG000BG09F5,-0.015441671,-0.017214864,1617036
20131119,15:30:00.000,BBG000BDXGP9,0.0019600524,-0.0009199052,1715704
20131119,15:30:00.000,BBG000BTVJ25,-0.00094514835,-0.0029731817,1641401
20131119,15:30:00.000,BBG000BTKGG8,-0.0040515186,-0.0069508785,2824650
20131119,15:30:00.000,BBG000BLW530,-0.0057543335,-0.013101863,1470936
20131119,15:30:00.000,BBG000BY2Y78,0.00017412838,-0.0005938041,2144078
20131119,15:30:00.000,BBG000BJ2VQ6,0.0033596044,0.0032668903,1056166
20131119,15:30:00.000,BBG0039320N9,-0.007915306,-0.007907631,2173260
20131119,15:30:00.000,BBG000BRJ809,0.0012353066,0.00035229872,206972
20131119,15:30:00.000,BBG000TWC2V5,0.01292872,0.0064100856,1913816
20131119,15:30:00.000,BBG0019JZ882,-0.008327852,-0.008700887,3542249
20131119,15:30:00.000,BBG000BF6LY3,0.0041268994,-0.00084000354,3810113
20131119,15:30:00.000,BBG000BYYLS8,-7.8378034e-05,0.00029519934,1947552
20131119,15:30:00.000,BBG000BRWGG9,-0.008871197,-0.019323435,15685825
20131119,15:30:00.000,BBG000FW00S1,0.015506998,0.003614419,3926991
20131119,15:30:00.000,BBG000BK67C7,0.008552167,0.005375939,1316371
20131119,15:30:00.000,BBG000FVXD63,0.021061862,0.025275527,1567864
20131119,15:30:00.000,BBG000D2M0Z7,-0.007320025,-0.012404014,739369
20131119,15:30:00.000,BBG000BLBXT4,0.0034797075,-0.0060947435,738339
20131119,15:30:00.000,BBG000CS7CT9,0.0008718674,0.0029795393,2271551
20131119,15:30:00.000,BBG000BFMBQ6,0.0046524443,0.0059447964,1042411
20131119,15:30:00.000,BBG000BBBNC6,-0.013673143,-0.0068759783,1205902
20131119,15:30:00.000,BBG000G0Z878,-0.0051705567,-0.007414732,3202842
20131119,15:30:00.000,BBG000CR90K4,-0.013638254,-0.019465212,13117756
20131119,15:30:00.000,BBG000BQ2C28,-0.003088421,-0.002894252,841133
20131119,15:30:00.000,BBG000BMBL90,-0.0005443553,-0.0024547786,1151491
20131119,15:30:00.000,BBG000BX5ZF5,0.023644831,0.011726351,9146005
20131119,15:30:00.000,BBG000BPT0C6,0.000907989,0.00040976738,1677744
20131119,15:30:00.000,BBG000BMY992,0.015730247,0.01087595,3040813
20131119,15:30:00.000,BBG000BL9JQ1,-0.00435105,-0.008361577,2271285
20131119,15:30:00.000,BBG000JG0547,0.032585584,0.034768876,5796582
20131119,15:30:00.000,BBG000BM7HL0,-0.012589982,-0.021926966,2700586
20131119,15:30:00.000,BBG000BRK7L6,0.0023203369,0.0033710464,3170829
20131119,15:30:00.000,BBG000BMQPL1,-0.0008091712,-0.003121641,9593576
20131119,15:30:00.000,BBG000C1FB75,,,917097
20131119,15:30:00.000,BBG000CZWZ05,0.00043386687,-0.0037714303,0
20131119,15:30:00.000,BBG000R7RDB4,-0.0122701395,-0.012467316,1152282
20131119,15:30:00.000,BBG000DTMH63,,,3069303
20131119,15:30:00.000,BBG000BTR593,0.029608479,0.034431066,4082746
20131119,15:30:00.000,BBG000BB6M98,-0.006185125,-0.011580122,4316753
20131119,15:30:00.000,BBG000C2BXK4,-0.017362198,-0.030656932,8402219
20131119,15:30:00.000,BBG000PVRDL2,-0.0024033315,-0.002780326,2779524
20131119,15:30:00.000,BBG000BVMGF2,-0.002860983,-0.0025817845,999417
20131119,15:30:00.000,BBG000BCGY17,0.00035607422,-0.0030185846,1554965
20131119,15:30:00.000,BBG000CNFQW6,-0.0017957945,-0.00013122367,605930
20131119,15:30:00.000,BBG000BSD7C2,-0.00040341335,-0.0014003379,1108834
20131119,15:30:00.000,BBG000FQ6PY6,-0.0059646983,-0.008049585,1728359
20131119,15:30:00.000,BBG000BC15S7,-0.0041962243,-0.0073898174,1144675
20131119,15:30:00.000,BBG000BVDLH9,-0.0037015353,-0.0015385137,812691
20131119,15:30:00.000,BBG000GC80B4,-0.001632879,0.003533412,1220658
20131119,15:30:00.000,BBG000C0F570,-0.0022890556,-0.01576339,2941997
20131119,15:30:00.000,BBG000D898T9,0.0019543152,0.001236169,1815495
20131119,15:30:00.000,BBG000BG14P4,0.0067098457,-0.017425187,1901578
20131119,15:30:00.000,BBG000DQTXY6,-0.001090508,-0.0010367885,3752426
20131119,15:30:00.000,BBG000C1S2X2,0.019288352,0.014503576,1464273
20131119,15:30:00.000,BBG000BWSV34,-0.004811021,-0.0058117267,745468
20131119,15:30:00.000,BBG000H0QBS7,-0.0039098863,-0.00888947,705687
20131119,15:30:00.000,BBG000BWNFZ9,0.0073296838,-0.007811514,1556309
20131119,15:30:00.000,BBG000BS0ZF1,0.003465023,0.0029190304,439072
20131119,15:30:00.000,BBG000CPQZ77,-0.011304194,-0.021225844,3202380
20131119,15:30:00.000,BBG001M8HHB7,0.020202653,0.0033149098,1170292
20131119,15:30:00.000,BBG000BH5DV1,0.0025348074,0.0002038076,893368
20131119,15:30:00.000,BBG000NV1KK7,-0.0017387425,-0.00093422824,2207790
20131119,15:30:00.000,BBG000DKCC19,0.047471385,0.04385504,6323487
20131119,15:30:00.000,BBG000CXYSZ6,-0.016388962,-0.02305064,1465331
20131119,15:30:00.000,BBG000BGLRN3,-0.0049010417,-0.0065229717,3770446
20131119,15:30:00.000,BBG000QRKJ70,-0.030185388,-0.05280853,19442970
20131119,15:30:00.000,BBG000BQ5DS5,-0.0004075756,-0.010833539,867133
20131119,15:30:00.000,BBG000BV7LP7,0.013914352,0.006052319,3626776
20131119,15:30:00.000,BBG000BH5LT6,-0.0056442223,-0.0016606407,3095633
20131119,15:30:00.000,BBG000R8ZVD1,0.008247937,0.0002246752,1243265
20131119,15:30:00.000,BBG000BRJL00,-0.0041256472,-0.008739405,2322973
20131119,15:30:00.000,BBG000BB6WG8,0.0063756923,0.001466991,3517370
20131119,15:30:00.000,BBG000BJL3N0,-0.0009689152,-0.0024998614,4475787
20131119,15:30:00.000,BBG000QY3XZ2,0.010642763,-0.0016416141,1593667
20131119,15:30:00.000,BBG000LD9JQ8,-0.013576863,-0.025120186,1614728
20131119,15:30:00.000,BBG000Q3JN03,-0.007466807,-0.011380458,10569852
20131119,15:30:00.000,BBG000BH3JF8,-0.002416251,-0.0026827592,1262120
20131119,15:30:00.000,BBG000BR54L0,0.0024435343,-0.0016418992,5585677
20131119,15:30:00.000,BBG000PX3XC0,-0.010614343,-0.009423095,2437435
20131119,15:30:00.000,BBG001YMS0B8,0.003328158,-0.0003770014,2485342
20131119,15:30:00.000,BBG000BD8PN9,-0.005423334,-0.0036211882,4148758
20131119,15:30:00.000,BBG000BRD0D8,0.0025147516,0.0009284813,1312214
20131119,15:30:00.000,BBG000BMDV41,-0.009188629,-0.016441565,2962832
20131119,15:30:00.000,BBG000BGVW60,0.0027548983,-0.0010340681,1780447
20131119,15:30:00.000,BBG000BKCFC2,-0.008474317,-0.010401067,3365624
20131119,15:30:00.000,BBG000BB9KF2,-0.00037277787,-0.0053818263,2782440
20131119,15:30:00.000,BBG000C0MF34,-0.005771063,-0.0058229174,362293
20131119,15:30:00.000,BBG000BZ2GG4,0.001382281,-0.009157677,1673898
20131119,15:30:00.000,BBG000C0LW92,0.036844194,0.037148938,10071172
20131119,15:30:00.000,BBG000BMW2Z0,-0.0026715985,-0.0003237665,1529237
20131119,15:30:00.000,BBG000F0KF42,-0.0005356588,-0.014844055,2411700
20131119,15:30:00.000,BBG000BX3TD3,0.0021134191,-0.0047243224,4871733
20131119,15:30:00.000,BBG000QX74T1,0.0058185123,0.0018053765,208773
20131119,15:30:00.000,BBG000BWJFZ4,-0.007121411,-0.006539943,409320
20131119,15:30:00.000,BBG000BKFBD7,-0.0014940738,0.00014055707,1495937
20131119,15:30:00.000,BBG000JWD753,-0.004235503,-0.016176717,3203496
20131119,15:30:00.000,BBG000M65M61,0.0506638,0.046172656,10734257
20131119,15:30:00.000,BBG000MBDGM6,-0.010104744,-0.012847609,505224
20131119,15:30:00.000,BBG000BBVJZ8,0.04400565,0.04932699,8799678
20131119,15:30:00.000,BBG000BV8DN6,0.010526677,0.011679279,3003361
20131119,15:30:00.000,BBG000BH2JM1,0.0030396709,-0.0025359292,5330564
20131119,15:30:00.000,BBG000BGJRC8,-0.0037729465,-0.013218228,4791963
20131119,15:30:00.000,BBG000QBR5J5,-0.00562936,-0.0046222266,1760381
20131119,15:30:00.000,BBG000BSLZY7,0.0029635406,0.0028669827,9309595
20131119,15:30:00.000,BBG000BJSBJ0,-0.011100004,-0.017353022,3213245
20131119,15:30:00.000,BBG000BJ81C1,-0.0018776965,-0.00034075684,841102
20131119,15:30:00.000,BBG000BFL116,-0.022330573,-0.04231223,4231757
20131119,15:30:00.000,BBG000HCJMF9,0.0036928374,0.0060345526,1517491
20131119,15:30:00.000,BBG000FV1Z23,0.0017669543,-0.008322158,872112
20131119,15:30:00.000,BBG000BBDV81,0.00055881124,0.00026770702,1482625
20131119,15:30:00.000,BBG000FJLFX8,-0.0061535216,-0.003242951,2123796
20131119,15:30:00.000,BBG000J6XT05,-0.0076302085,-0.0114096515,5159374
20131119,15:30:00.000,BBG000BCWCG1,-0.09335503,-0.10653171,26103862
20131119,15:30:00.000,BBG000BJPDZ1,-0.0036447532,0.0044770306,116710
20131119,15:30:00.000,BBG000BPQD31,-0.0005672212,0.00071705756,3378843
20131119,15:30:00.000,BBG000C734W3,0.0058489107,0.0027160503,426740
20131119,15:30:00.000,BBG000C3GN47,0.0071735363,0.009430149,3247350
20131119,15:30:00.000,BBG000BFRF55,0.014011427,0.001090462,6475255
20131119,15:30:00.000,BBG000BGPTV6,-0.0007635848,-0.014170547,750820
20131119,15:30:00.000,BBG000BM5SR2,0.0045365314,-0.00022146184,3342585
20131119,15:30:00.000,BBG000BN5HF7,-0.0050262786,-0.0066636964,2874072
20131119,15:30:00.000,BBG000BBD070,0.0065642437,0.0017090408,1443807
20131119,15:30:00.000,BBG000BVPPM1,0.02345857,0.017153036,4159985
20131119,15:30:00.000,BBG000DYGNW7,0.002741255,0.0028654153,730916
20131119,15:30:00.000,BBG000BCG930,0.0139410375,0.018138846,3095532
20131119,15:30:00.000,BBG000BHGDH5,-0.00071543903,-0.0060102055,1690253
20131119,15:30:00.000,BBG000BJ3PD2,-0.0035993815,-0.0123473955,1722382
20131119,15:30:00.000,BBG000BFQYY3,0.0011518005,0.0018415583,1468548
20131119,15:30:00.000,BBG000BY29C7,0.0017892432,-6.9046365e-07,1859580
20131119,15:30:00.000,BBG000C1BW00,0.012168989,0.0097556105,746846
20131119,15:30:00.000,BBG000BD4VG8,0.008722769,-0.0017443851,2499340
20131119,15:30:00.000,BBG000BHQ1H0,0.006480029,0.008502822,2189984
20131119,15:30:00.000,BBG000BB5006,-0.002172063,-0.011837118,2438811
20131119,15:30:00.000,BBG000BKFZM4,0.0105016045,0.005957618,6476577
20131119,15:30:00.000,BBG000BWVCP8,-0.0017924492,-0.007935185,4899801
20131119,15:30:00.000,BBG000FH8PX5,-0.013107356,-0.012671664,922387
20131119,15:30:00.000,BBG000BHX7N2,0.0029749118,-0.0035503826,1429993
20131119,15:30:00.000,BBG000WCFV84,-0.004323363,-0.007963597,2371532
20131119,15:30:00.000,BBG000BBPFB9,0.009159069,-0.0017738735,7149524
20131119,15:30:00.000,BBG000FL1TC8,0.008524773,0.0073786033,2593772
20131119,15:30:00.000,BBG000F6H8W8,0.002741375,0.001378694,905611
20131119,15:30:00.000,BBG000BGKTF9,-0.005704493,-0.0015839589,1794975
20131119,15:30:00.000,BBG000C8H633,0.007527149,0.013144438,5028424
20131119,15:30:00.000,BBG000H89QJ6,0.007757397,0.003991407,1703850
20131119,15:30:00.000,BBG0014GG205,-0.01712785,-0.029960683,8825525
20131119,15:30:00.000,BBG000BFXHL6,-0.010402617,-0.012803862,2667456
20131119,15:30:00.000,BBG000BH3GZ2,0.005009115,0.0050388537,1668519
20131119,15:30:00.000,BBG000BT9DW0,-0.0020933822,-0.005903237,4212902
20131119,15:30:00.000,BBG000FP1N32,0.007911771,0.00024736967,2302517
20131119,15:30:00.000,BBG000FNRZ69,0.00500526,-0.008106393,3876051
20131119,15:30:00.000,BBG000D42FJ0,-0.04140762,-0.06145258,10159182
20131119,15:30:00.000,BBG00286S4N9,0.015074531,0.0125702415,2335030
20131119,15:30:00.000,BBG0025Y4RY4,-0.006990427,-0.00879787,2892104
20131119,15:30:00.000,BBG000BFDXW1,0.004417647,-0.007888173,6235480
20131119,15:30:00.000,BBG0029SNR63,-0.0049615493,-0.010809623,2691608
20131119,15:30:00.000,BBG000G2R6M0,0.0016235517,0.0037247883,3999980
20131119,15:30:00.000,BBG000BCVJ77,-0.0031069734,0.00450354,3285132
20131119,15:30:00.000,BBG000BL4504,0.0031505588,-7.1523175e-07,9641599
20131119,15:30:00.000,BBG000BC2C10,0.0041790144,0.013206928,2663512
20131119,15:30:00.000,BBG000B9WH86,0.022034494,0.017886385,20998182
20131119,15:30:00.000,BBG000BJX8C8,0.004784436,-0.0019174127,2385160
20131119,15:30:00.000,BBG000H556T9,3.5250105e-05,-0.0040226458,1285497
20131119,15:30:00.000,BBG000C496P7,-0.0061128447,-0.01174232,2954792
20131119,15:30:00.000,BBG000FG3C43,-0.00056079903,-0.015788825,2937546
20131119,15:30:00.000,BBG000BNWG87,-0.009940619,-0.0034310333,3967867
20131119,15:30:00.000,BBG000BNBDC2,-0.007054286,-0.002155181,2687979
20131119,15:30:00.000,BBG000BJ98Z0,-0.018762255,-0.029330181,2627396
20131119,15:30:00.000,BBG000Q2HM09,-0.0037192695,-0.018158592,3325916
20131119,15:30:00.000,BBG000D9D830,0.0001886686,0.0008908853,1738647
20131119,15:30:00.000,BBG000CJZ2W6,-0.028579382,-0.03738722,3117442
20131119,15:30:00.000,BBG000BH13K9,-0.00360122,-0.0040515773,2637843
20131119,15:30:00.000,BBG000C46HM9,-0.0021038682,-0.0009900213,3234450
20131119,15:30:00.000,BBG000BWXBC2,0.0012810844,0.00063163973,3553104
20131119,15:30:00.000,BBG000BN2DC2,-0.02677638,-0.038742624,13711446
20131119,15:30:00.000,BBG000BTZQC4,-0.00023367668,-0.0012318379,5823552
20131119,15:30:00.000,BBG001DCCGR8,0.025534485,0.02151081,4169476
20131119,15:30:00.000,BBG000BB6KF5,0.00119825,0.0032569226,4549098
20131119,15:30:00.000,BBG000DHSPT0,0.0061994884,0.0039590877,2710241
20131119,15:30:00.000,BBG000F0PF65,-0.0044533694,-0.0064338846,2619291
20131119,15:30:00.000,BBG000BH1NH9,-0.007544839,-0.0096829515,4239005
20131119,15:30:00.000,BBG000BVV7G1,0.0055464674,-0.0049470086,2901854
20131119,15:30:00.000,BBG000BPWXK1,0.009064591,0.012211108,4116218
20131119,15:30:00.000,BBG000BJF1Z8,-0.009963644,-0.018959485,2388110
20131119,15:30:00.000,BBG000BXRPH1,-0.009297265,-0.011234559,2146285
20131119,15:30:00.000,BBG000BC40Y8,0.001783691,0.005586809,1856788
20131119,15:30:00.000,BBG000BBGGQ1,-0.0010817322,-0.0058237533,6237393
20131119,15:30:00.000,BBG000C17X76,0.015415505,0.017614175,964848
20131119,15:30:00.000,BBG000BP6LJ8,-0.0066036754,-0.0065729846,4476376
20131119,15:30:00.000,BBG000B9ZXB4,0.014759487,0.018974703,7693685
20131119,15:30:00.000,BBG000BMF5J0,0.0049834,0.0011498219,21170704
20131119,15:30:00.000,BBG000C5HS04,-0.0064275223,-0.0090985,2451787
20131119,15:30:00.000,BBG000BLZRJ2,0.0031204822,0.0032975324,7509074
20131119,15:30:00.000,BBG000L9CV04,0.0013187001,-0.0047872467,2261471
20131119,15:30:00.000,BBG000BWLMJ4,-0.017856989,-0.020295657,4756498
20131119,15:30:00.000,BBG000D4LWF6,-0.00035791195,-0.0064775827,4010458
20131119,15:30:00.000,BBG000BCQZS4,-0.00053669955,0.002672398,2092928
20131119,15:30:00.000,BBG000H8TVT2,-0.00036308425,0.0036106599,2577194
20131119,15:30:00.000,BBG000FFDM15,0.0064871777,0.009654218,6330094
20131119,15:30:00.000,BBG000BFWKC0,-0.008282348,-0.0040621776,1891219
20131119,15:30:00.000,BBG000BP52R2,-0.00034803268,0.00065398676,1845594
20131119,15:30:00.000,BBG000C15T95,0.005208631,-0.0012297159,3869410
20131119,15:30:00.000,BBG000BZ9223,-0.0050079143,-0.0016910196,1186729
20131119,15:30:00.000,BBG000BHBK84,0.0030759498,-0.003010535,4509700
20131119,15:30:00.000,BBG000CTQBF3,-0.0046508783,-0.006703881,3197352
20131119,15:30:00.000,BBG000BW8S60,0.0021163821,-4.5678516e-05,1329290
20131119,15:30:00.000,BBG000BB07P9,0.010729422,0.011888816,8953440
20131119,15:30:00.000,BBG000CH5208,-0.0036698906,-0.00034787846,2939054
20131119,15:30:00.000,BBG000BW3299,-0.0012539774,-0.009920113,1277226
20131119,15:30:00.000,BBG000DQLV23,-0.00013349485,0.00077031984,3956377
20131119,15:30:00.000,BBG000DWYF03,-0.010919631,-0.013627677,7770200
20131119,15:30:00.000,BBG000BGRY34,-0.0026295925,-0.0015285886,3132487
20131119,15:30:00.000,BBG000F1ZSQ2,-0.009103257,-0.0095921615,252966
20131119,15:30:00.000,BBG000BQQ2S6,-0.0039308975,0.00020561073,2199972
20131119,15:30:00.000,BBG000KHWT55,0.008272632,-0.0011989458,10680309
20131119,15:30:00.000,BBG000BNDN65,-0.0021294965,-0.006680173,9491417
20131119,15:30:00.000,BBG000R7Z112,-0.0017251375,-0.0049778107,10050270
20131119,15:30:00.000,BBG000BQQH30,-0.010652766,-0.0009680189,5789197
20131119,15:30:00.000,BBG000BBS2Y0,-0.010623978,-0.004481434,1648747
20131119,15:30:00.000,BBG000J2XL74,0.0017253337,-0.001963754,2402891
20131119,15:30:00.000,BBG000BJDB15,-0.004522834,-0.0024668127,6039813
20131119,15:30:00.000,BBG000DWG505,-0.0009608125,-0.001423311,1818496
20131119,15:30:00.000,BBG000DH7JK6,-0.003907695,-0.00582345,3144040
20131119,15:30:00.000,BBG000BKTFN2,-0.00057351205,-0.009018208,6498283
20131119,15:30:00.000,BBG000BF0K17,0.0027275528,-0.0044626878,3911489
20131119,15:30:00.000,BBG000BFC8J2,0.006016121,0.009477614,2371589
20131119,15:30:00.000,BBG000BH4R78,-0.0024644157,-0.0038841802,3695722
20131119,15:30:00.000,BBG000NDYB67,-0.0053143394,-0.011399514,14646260
20131119,15:30:00.000,BBG000C6CFJ5,0.0030785117,0.009022966,2237207
20131119,15:30:00.000,BBG000BQLTW7,-0.0019954192,-0.004295767,11400300
20131119,15:30:00.000,BBG000BNSZP1,-0.0011846435,0.004608842,2938875
20131119,15:30:00.000,BBG000BBDZG3,-0.0085401675,-0.0018392478,5327010
20131119,15:30:00.000,BBG000BHVJJ3,0.0015753302,-0.0033463796,9867734
20131119,15:30:00.000,BBG000BFT2L4,0.0018852006,0.0018986728,4454309
20131119,15:30:00.000,BBG000C43RR5,0.0028722973,0.0038411096,8399759
20131119,15:30:00.000,BBG000Q9HH23,0.013586107,0.003715168,1417038
20131119,15:30:00.000,BBG000BCSST7,-0.005737055,-0.009252104,3178748
20131119,15:30:00.000,BBG000BMX289,6.993706e-05,-0.0014936718,9051751
20131119,15:30:00.000,BBG000GFFQN9,-0.004882228,-0.0077176276,10713695
20131119,15:30:00.000,BBG000BT41Q8,-0.0041773743,-0.005379062,4868285
20131119,15:30:00.000,BBG000CKGBP2,0.0082004545,0.010726572,5683126
20131119,15:30:00.000,BBG000BKZB36,0.011730919,0.01041524,10054571
20131119,15:30:00.000,BBG000BLBVN4,0.0022317313,-0.0069749965,442423
20131119,15:30:00.000,BBG000PSKYX7,-0.010698197,-0.01097654,2224231
20131119,15:30:00.000,BBG000BPD168,-0.0042250864,0.0018748034,6485512
20131119,15:30:00.000,BBG000HS77T5,0.002160714,0.00039349165,6262761
20131119,15:30:00.000,BBG000BVPV84,0.010745404,-0.001461884,1540160
20131119,15:30:00.000,BBG000BR2TH3,-0.0060726334,-0.0023651768,5400867
20131119,15:30:00.000,BBG000BQPC32,0.0022596559,-0.0058910423,22260278
20131119,15:30:00.000,BBG000CGC1X8,0.002898586,0.002641504,7316509
20131119,15:30:00.000,BBG000BMHYD1,0.00066942995,0.0062607466,4542182
20131119,15:30:00.000,BBG000K4ND22,0.0076095317,0.0140602365,4305804
20131119,15:30:00.000,BBG000C0G1D1,0.01088457,0.0036595808,19482778
20131119,15:30:00.000,BBG000C5Z1S3,0.008105138,-0.0057040895,40721560
20131119,15:30:00.000,BBG000BWQFY7,0.0024057585,0.0020736456,10593071
20131119,15:30:00.000,BBG000BLNNH6,0.000523893,0.0046886047,3666693
20131119,15:30:00.000,BBG000BR2B91,-0.0132214045,-0.0078091556,20524572
20131119,15:30:00.000,BBG000BSJK37,0.0015182495,0.0036511119,9440407
20131119,15:30:00.000,BBG000C3J3C9,0.0044730403,0.0051654084,47422820
20131119,15:30:00.000,BBG000BK6MB5,-0.0032956828,-0.0051460974,29522780
20131119,15:30:00.000,BBG000CL9VN6,0.0034431322,-0.012141076,2117308
20131119,15:30:00.000,BBG000GZQ728,-0.0007032183,0.0011537209,10348397
20131119,15:30:00.000,BBG000DMBXR2,0.005192675,0.008253305,19051512
20131119,15:30:00.000,BBG000FY4S11,0.005921299,0.0080710165,16626992
20131119,15:30:00.000,BBG000N9MNX3,0.048938524,0.03443341,17294400
20131119,15:30:00.000,BBG000BCTLF6,0.01513592,0.018760089,134627136
20131119,15:30:00.000,BBG000BPH459,0.0015499456,-0.0027097668,34930424
20131119,15:30:00.000,BBG000BHSKN9,-0.0058641513,-0.0051272195,896388
20131119,15:30:00.000,BBG000MM2P62,0.020362496,0.015053405,67343296
20131119,15:30:00.000,BBG000B9XRY4,0.0067871762,0.002756783,6187743
20131119,15:45:00.000,BBG000C221G9,-0.0004035332,-0.010951996,602405
20131119,15:45:00.000,BBG000D9H9F1,0.037275866,0.039077222,2226317
20131119,15:45:00.000,BBG000BJ5GK2,0.018623978,0.003924798,1318484
20131119,15:45:00.000,BBG000BVVQQ8,8.0703285e-05,-0.009128548,1671804
20131119,15:45:00.000,BBG000PTLGZ1,-0.003818875,-0.0145749515,476685
20131119,15:45:00.000,BBG000CGT2S4,-0.0028619624,0.0015471607,3597413
20131119,15:45:00.000,BBG000RKR4R8,-0.0023827346,-0.006975248,7507554
20131119,15:45:00.000,BBG000BDWKC5,0.0046339864,-0.0021491526,1736538
20131119,15:45:00.000,BBG000JB27Y9,-0.00039423732,0.0031071354,1002970
20131119,15:45:00.000,BBG000BLXZN1,-0.009148669,-0.01884222,666002
20131119,15:45:00.000,BBG000BK5DP1,-0.010859835,-0.022433884,2038601
20131119,15:45:00.000,BBG000FBR384,0.0064696893,3.9320224e-07,768710
20131119,15:45:00.000,BBG000BCHG15,0.013253317,0.009195863,514523
20131119,15:45:00.000,BBG000BLHRS2,-0.0056184335,-0.010770039,663263
20131119,15:45:00.000,BBG000F80SZ5,0.0036773144,-0.02601559,10385402
20131119,15:45:00.000,BBG000BQ87N0,-0.0021318386,-0.010269289,910716
20131119,15:45:00.000,BBG000HW5GX3,0.00047715378,0.0034143003,1918914
20131119,15:45:00.000,BBG000BLMZK6,0.0050863586,-0.0061118207,952608
20131119,15:45:00.000,BBG000BND699,0.0036871557,-0.018335896,1459175
20131119,15:45:00.000,BBG000BYWTX7,-0.012739017,-0.02972074,4525679
20131119,15:45:00.000,BBG000BGKHZ3,0.00379342,0.00026968823,682539
20131119,15:45:00.000,BBG000M1R011,0.022695966,0.0008715971,1908776
20131119,15:45:00.000,BBG000BCJ161,0.013499746,0.012846453,2356895
20131119,15:45:00.000,BBG000DGPR66,-0.010810936,-0.015227298,861683
20131119,15:45:00.000,BBG000BV75B7,0.007209046,-0.0026661637,505703
20131119,15:45:00.000,BBG000BPZBB6,-0.0007752773,-0.006826815,713202
20131119,15:45:00.000,BBG000BL79J3,-0.0040521743,-0.0058029005,4179602
20131119,15:45:00.000,BBG000BP7JB0,-0.010494154,-0.023644483,4680874
20131119,15:45:00.000,BBG000BVB8Q0,-0.015532614,-0.013131302,2845839
20131119,15:45:00.000,BBG000TJM7F0,-0.0030187361,-0.003903223,950560
20131119,15:45:00.000,BBG000BHQYG9,-0.006948302,-0.012064418,658045
20131119,15:45:00.000,BBG000BDDN94,0.008925838,-0.0047532134,288234
20131119,15:45:00.000,BBG000BWP7D9,0.007430976,0.0030700925,1781646
20131119,15:45:00.000,BBG000F9KJN4,-0.020744074,-0.03139882,3120190
20131119,15:45:00.000,BBG000BWVSR1,-0.0016914965,-0.0019777855,2702624
20131119,15:45:00.000,BBG000BHCP19,0.0043800115,-0.011513652,1251624
20131119,15:45:00.000,BBG000BFDLV8,-0.008154985,-0.009180432,625855
20131119,15:45:00.000,BBG000BX8DC4,0.00015704425,-0.002017044,1883113
20131119,15:45:00.000,BBG000CPHYL4,-0.019074,-0.035736278,1665581
20131119,15:45:00.000,BBG000BCNYT9,0.00727606,-0.0023368169,3922861
20131119,15:45:00.000,BBG000VC0T95,0.01765802,0.0014254105,617391
20131119,15:45:00.000,BBG000PCQQL6,0.009108426,-0.0014360141,1492471
20131119,15:45:00.000,BBG000BQ74K1,0.003154998,0.0036840392,1153560
20131119,15:45:00.000,BBG000BJDPC2,0.007013763,0.0055670994,1102217
20131119,15:45:00.000,BBG000GPXKX9,-0.00053150265,-0.011524014,585705
20131119,15:45:00.000,BBG000BJ49H3,-0.00516461,-0.016034476,777057
20131119,15:45:00.000,BBG000PLXQQ3,-0.006224483,-0.013733317,444059
20131119,15:45:00.000,BBG000BQHGR6,-0.00053823885,-0.007902466,647837
20131119,15:45:00.000,BBG000KLB4Q1,0.0077461363,-0.009864126,2086474
20131119,15:45:00.000,BBG000C3Y7J6,0.007738298,-0.0020499693,602712
20131119,15:45:00.000,BBG000FFH4P5,-0.0014285612,-0.0135283405,759582
20131119,15:45:00.000,BBG000JBSJZ4,0.0074459882,0.0035913808,1640067
20131119,15:45:00.000,BBG000F86GP6,0.006638277,0.0015492915,894792
20131119,15:45:00.000,BBG000BQTMJ9,0.011719365,0.002999482,2770378
20131119,15:45:00.000,BBG000RNTSX0,-0.005944047,-0.01854203,300247
20131119,15:45:00.000,BBG000GZD660,-0.004631561,-0.0061531095,365041
20131119,15:45:00.000,BBG000D9DMK0,-0.001821175,-0.007734587,512339
20131119,15:45:00.000,BBG003P9ZSL3,-0.019927472,-0.021085387,318286
20131119,15:45:00.000,BBG000C37332,0.0047699483,-0.0045542745,651372
20131119,15:45:00.000,BBG000C1DHF5,0.0181991,-0.0015482504,1575889
20131119,15:45:00.000,BBG000FW8LZ9,0.0041294787,-0.0051664812,1421512
20131119,15:45:00.000,BBG000BCVMH9,-0.0016578175,-0.015885804,329960
20131119,15:45:00.000,BBG000BKQ3V3,0.003396876,-0.0037046087,1100485
20131119,15:45:00.000,BBG000CXD6X9,0.0056068306,-0.0016636304,1011462
20131119,15:45:00.000,BBG000BCYP43,-0.000113634575,0.0035426312,440601
20131119,15:45:00.000,BBG000PM7GJ0,-0.015776804,-0.028928626,11588105
20131119,15:45:00.000,BBG000C75N77,0.004998941,0.0013398788,632656
20131119,15:45:00.000,BBG000G8N9C6,-0.008478656,-0.0076823025,1639877
20131119,15:45:00.000,BBG000C90DH9,0.0040870556,-0.0023454698,3902782
20131119,15:45:00.000,BBG000C6F3T8,0.0102105485,-0.004156843,5335181
20131119,15:45:00.000,BBG000BFV115,-0.007981352,-0.0080672,920756
20131119,15:45:00.000,BBG000C7B436,-0.0001886522,-0.021206725,1146465
20131119,15:45:00.000,BBG000BLCPY4,0.00016730744,-0.004314524,1128194
20131119,15:45:00.000,BBG000BD3LM4,0.0036508413,-0.006166963,3970045
20131119,15:45:00.000,BBG000BDY3Y7,-0.025343753,-0.03715878,4041256
20131119,15:45:00.000,BBG000BMZ7P7,-0.0032253466,-0.023148203,534211
20131119,15:45:00.000,BBG000BBNYF6,-0.0068720053,-0.006865571,1189396
20131119,15:45:00.000,BBG000BK6G19,0.0034458134,0.0017108516,1595158
20131119,15:45:00.000,BBG000BB29X4,-0.0035452805,-0.008214553,756364
20131119,15:45:00.000,BBG000BB03M1,0.0068157325,-0.016892636,1192444
20131119,15:45:00.000,BBG000BGD7W6,-0.0018264061,-0.0104657905,2013626
20131119,15:45:00.000,BBG000C3NTN5,0.041910466,0.042901296,4632512
20131119,15:45:00.000,BBG000BHB3M6,-0.0050823325,-0.01351768,432372
20131119,15:45:00.000,BBG000BBCQD7,-0.0053681326,-0.0034504482,2174574
20131119,15:45:00.000,BBG000D14WM3,-0.009252561,-0.012971215,7018738
20131119,15:45:00.000,BBG000CVWGS6,-0.025416909,-0.034237012,7279200
20131119,15:45:00.000,BBG000BQSQ38,0.0053651496,0.0048345625,2159199
20131119,15:45:00.000,BBG000BPQVR5,-0.009685229,-0.015849594,630281
20131119,15:45:00.000,BBG000BCZYD3,-0.0024550797,0.002496172,475517
20131119,15:45:00.000,BBG000FDBX90,-0.0018948122,-0.009235044,1442637
20131119,15:45:00.000,BBG000BQVTF5,-0.0037415426,-0.014010275,1073700
20131119,15:45:00.000,BBG001BPFT54,-0.056406092,-0.08174849,7129849
20131119,15:45:00.000,BBG000BHC2S1,-0.002846509,-0.0063760085,921686
20131119,15:45:00.000,BBG000DN7P92,0.0037319148,0.006394383,918832
20131119,15:45:00.000,BBG000C060M4,-0.0052620075,-0.009957398,230190
20131119,15:45:00.000,BBG000BHKYH4,-0.003193784,-0.0050893105,448962
20131119,15:45:00.000,BBG000F6ZWH2,0.00065230526,-0.0062107136,3289330
20131119,15:45:00.000,BBG000BFTJ91,0.0042648157,0.0014027163,998734
20131119,15:45:00.000,BBG000BD0TF8,0.00022694551,-0.0020431036,1203680
20131119,15:45:00.000,BBG000BP1Q11,0.013833573,0.00892158,957338
20131119,15:45:00.000,BBG000D5S4M0,-0.00033510546,-0.009787518,380111
20131119,15:45:00.000,BBG000MQ1SN9,-0.0051449705,-0.014845969,1837106
20131119,15:45:00.000,BBG000BKZTP3,0.006390152,7.5391894e-05,993766
20131119,15:45:00.000,BBG000C0HQ54,-0.0022493873,-0.0052791056,3354551
20131119,15:45:00.000,BBG000BP1152,-0.0026250132,-0.019141639,2562164
20131119,15:45:00.000,BBG000BN9WT5,0.0048322105,-0.009271772,1766703
20131119,15:45:00.000,BBG000BBLK04,-0.0137617225,-0.022147829,413522
20131119,15:45:00.000,BBG000NSQ9M0,0.006140992,0.0076362486,5045199
20131119,15:45:00.000,BBG000BRXP69,-0.006204368,-0.0037512314,611209
20131119,15:45:00.000,BBG000BGYWY6,0.0011284954,-0.0039757607,275790
20131119,15:45:00.000,BBG000BJ8YN7,-0.0008608477,-0.010449649,1378713
20131119,15:45:00.000,BBG000BFVXX0,0.0020129515,-0.0018097118,1545665
20131119,15:45:00.000,BBG000BLM0V1,-0.010044327,-0.010934828,553229
20131119,15:45:00.000,BBG000BBCDZ2,0.0021174399,-0.0034538251,404484
20131119,15:45:00.000,BBG000KBQZ88,-0.009280439,-0.018653851,1365759
20131119,15:45:00.000,BBG000BWXL85,0.0074796667,-0.0017191198,1282131
20131119,15:45:00.000,BBG000BKXYX5,-0.013039084,-0.021066286,1010723
20131119,15:45:00.000,BBG000D1QCF1,0.015463324,-0.000925977,1854951
20131119,15:45:00.000,BBG000CKVSG8,-0.002512258,-0.011280061,1730626
20131119,15:45:00.000,BBG000BPYHJ6,0.04250211,0.031910945,1656505
20131119,15:45:00.000,BBG000BKWSR6,-0.0018187715,-0.005614938,10625474
20131119,15:45:00.000,BBG000BMTFR4,0.00043651942,-0.013675569,1053072
20131119,15:45:00.000,BBG000C1FQS9,0.0014977662,-0.0050344192,792851
20131119,15:45:00.000,BBG000BR37X2,0.002321259,3.0240784e-07,1527453
20131119,15:45:00.000,BBG000BB6G37,0.0018125516,-0.012562474,1223652
20131119,15:45:00.000,BBG000CHPY97,0.017514477,0.022406222,6567794
20131119,15:45:00.000,BBG000BPXRB3,-0.03184043,-0.04433464,895365
20131119,15:45:00.000,BBG000BF5RY1,-0.002443585,-0.006676776,1472080
20131119,15:45:00.000,BBG000BNNKG9,0.019943848,0.010564142,3667504
20131119,15:45:00.000,BBG001NVJ6W4,-0.033558533,-0.048336845,1826339
20131119,15:45:00.000,BBG0035LY913,0.0040521654,0.0017219825,2530509
20131119,15:45:00.000,BBG000BMLWX8,0.0066885767,0.003598897,2157500
20131119,15:45:00.000,BBG000BPNP00,0.006434577,-0.009324036,1759737
20131119,15:45:00.000,BBG000DSMS70,-0.0070035234,-0.007870917,722028
20131119,15:45:00.000,BBG000D13GN8,-0.02048669,-0.036775224,1702802
20131119,15:45:00.000,BBG000BSC0K9,-0.00042345258,-0.002604615,1051482
20131119,15:45:00.000,BBG000MDCQC2,0.004248458,-0.005639477,1169125
20131119,15:45:00.000,BBG000BMKDM3,-0.00690639,-0.010101703,1197006
20131119,15:45:00.000,BBG000BF1R66,0.0022447333,5.406612e-05,394037
20131119,15:45:00.000,BBG000BJQWD2,-0.001566912,-0.009839233,1040153
20131119,15:45:00.000,BBG000C2ZCH8,0.0037359076,-0.0038474998,586107
20131119,15:45:00.000,BBG000BP8Z50,-0.008762459,-0.012611484,936742
20131119,15:45:00.000,BBG000FBK808,-0.008466301,-0.00749092,4354029
20131119,15:45:00.000,BBG000BXMFC3,0.009646023,-0.006504455,985365
20131119,15:45:00.000,BBG000BFNR17,0.002188186,-0.0022140432,371690
20131119,15:45:00.000,BBG000RGM5P1,-0.017245064,-0.030099057,2264887
20131119,15:45:00.000,BBG000BKR1D6,-0.0020395748,-0.008001461,256056
20131119,15:45:00.000,BBG000D7RKJ5,-0.0043392186,-0.010122055,1322238
20131119,15:45:00.000,BBG000G6BN50,0.008281508,0.010688793,544608
20131119,15:45:00.000,BBG000J1QLT0,0.004720138,-0.002745344,795895
20131119,15:45:00.000,BBG000BNFLM9,-0.013264296,-0.028911782,2266998
20131119,15:45:00.000,BBG000BTCH57,-0.010717359,-0.020640448,2679464
20131119,15:45:00.000,BBG000FLZN98,-0.0065326025,-0.009720108,463128
20131119,15:45:00.000,BBG000C4DPX1,-0.0025675755,-0.022281064,903314
20131119,15:45:00.000,BBG000BQ8KV2,0.008379308,0.0027338222,799388
20131119,15:45:00.000,BBG000BPMH90,-0.00070710084,0.0017462518,1297144
20131119,15:45:00.000,BBG000K14Q84,-0.009114438,-0.022000732,1005644
20131119,15:45:00.000,BBG000BC9938,0.010005261,0.00044700352,1117925
20131119,15:45:00.000,BBG000QFJ7H3,-0.006166915,-0.012415784,2856244
20131119,15:45:00.000,BBG000BTQR96,-0.004216116,-0.011300152,916982
20131119,15:45:00.000,BBG000CHWP52,0.0032226539,-0.0019903493,732464
20131119,15:45:00.000,BBG000D8RG11,0.009682437,0.0029495393,1686251
20131119,15:45:00.000,BBG000BS9489,0.006032529,0.002359526,682869
20131119,15:45:00.000,BBG000CKJ0P3,-0.013051746,0.00026488496,694632
20131119,15:45:00.000,BBG000BWCKB6,0.0020302238,-0.0017807211,296853
20131119,15:45:00.000,BBG000BVWLJ6,0.0035439017,-0.001328859,1882104
20131119,15:45:00.000,BBG000BXM6V2,-0.011517624,-0.020615108,762068
20131119,15:45:00.000,BBG000D9KWL9,0.0007545984,-0.0019785988,344122
20131119,15:45:00.000,BBG000BKNX95,-0.001312917,-0.013504129,1771170
20131119,15:45:00.000,BBG000J5Q6L2,0.024262907,0.017236,6220961
20131119,15:45:00.000,BBG000QN4GY3,-0.0107426755,-0.016683077,1379675
20131119,15:45:00.000,BBG000BCTQ65,0.0016638561,-0.0052413633,2837579
20131119,15:45:00.000,BBG000BNNYW1,-0.0012235842,-0.005862757,1142118
20131119,15:45:00.000,BBG003641015,0.0007441488,0.001869142,1916073
20131119,15:45:00.000,BBG000D6L294,-0.015528849,-0.017703453,1488398
20131119,15:45:00.000,BBG000BSBZH7,0.0011849224,-6.1584964e-05,1003133
20131119,15:45:00.000,BBG000BNC3Y9,-0.0059490157,-0.007967529,1682968
20131119,15:45:00.000,BBG000F15NW9,-0.0015676918,-4.542187e-07,1146650
20131119,15:45:00.000,BBG000R0L5J4,-0.0009490822,-0.004946739,2563590
20131119,15:45:00.000,BBG000BVMPN3,-0.0035180561,-0.0020613389,719105
20131119,15:45:00.000,BBG000BB5BF6,-0.021586662,-0.035341796,2555290
20131119,15:45:00.000,BBG000BR3KL6,-0.0055060796,-0.0144532565,635890
20131119,15:45:00.000,BBG000BNGTQ7,-0.0016872808,-0.004044826,1509457
20131119,15:45:00.000,BBG000BHZ5J9,0.0040233647,0.0012483678,1331573
20131119,15:45:00.000,BBG000BN84F3,-0.0017348827,-0.00695076,1569359
20131119,15:45:00.000,BBG000BBJQV0,-0.0004387869,-0.015617663,3932859
20131119,15:45:00.000,BBG000BB1TH9,0.0026955637,-0.014093019,1036979
20131119,15:45:00.000,BBG000BFS7D3,-0.00724679,-0.0051836614,716723
20131119,15:45:00.000,BBG000BR14K5,0.0045725894,0.0011686994,872516
20131119,15:45:00.000,BBG000BPVCR1,0.027215127,0.017497925,1567932
20131119,15:45:00.000,BBG000BKLH74,-0.0011137761,-0.0046489355,2995224
20131119,15:45:00.000,BBG002S5ZRF9,-0.06746168,-0.08941683,2551176
20131119,15:45:00.000,BBG000BKPL53,-0.002017074,0.0025119747,480478
20131119,15:45:00.000,BBG000DY8ZS4,-0.02259439,-0.038335033,7118221
20131119,15:45:00.000,BBG000DNTSP4,0.0010247441,-0.0046844054,1625654
20131119,15:45:00.000,BBG000BM6788,0.009319337,7.471675e-05,3044830
20131119,15:45:00.000,BBG000G3QLY3,0.004091729,4.911921e-05,786371
20131119,15:45:00.000,BBG000BLKK03,-0.0025907925,0.0010641265,1872988
20131119,15:45:00.000,BBG000BP0KQ8,-0.023495052,-0.035247445,6646650
20131119,15:45:00.000,BBG000C7LMS8,0.010923835,0.009377773,158405
20131119,15:45:00.000,BBG000JBN3X6,-0.008238576,-0.009424222,9297137
20131119,15:45:00.000,BBG000QW7VC1,-0.0028047631,-0.016247103,3656777
20131119,15:45:00.000,BBG000C2YHG9,-0.012534984,-0.01819082,2046969
20131119,15:45:00.000,BBG000BVHBM1,0.0062416065,0.0048166644,2011427
20131119,15:45:00.000,BBG000FKJRC5,-0.00039087597,-0.003361444,742023
20131119,15:45:00.000,BBG000BP4MH0,-0.0008642845,-0.0035968968,1661839
20131119,15:45:00.000,BBG000BSXQV7,0.0038898606,-0.001021343,281913
20131119,15:45:00.000,BBG000BY33P5,-0.0054245507,-0.011227047,12865024
20131119,15:45:00.000,BBG000BNJHS8,-0.0012605203,0.0011036105,6579425
20131119,15:45:00.000,BBG000BB5373,0.0054007634,-0.0053800275,9261543
20131119,15:45:00.000,BBG000CSY9H9,0.0038796754,0.0005831624,819581
20131119,15:45:00.000,BBG000BQWPC5,-0.0014758112,-0.00365707,1722534
20131119,15:45:00.000,BBG000BQZMH4,0.000276254,-0.004100781,2609831
20131119,15:45:00.000,BBG000BC4JJ4,0.0056266193,0.0015002737,629345
20131119,15:45:00.000,BBG001QD41M9,-0.018040715,-0.02878202,2746475
20131119,15:45:00.000,BBG000BHLYS1,-0.0069625555,-0.007385139,1045980
20131119,15:45:00.000,BBG000HG21Y3,0.030035952,0.0145720225,732070
20131119,15:45:00.000,BBG000BHLYP4,0.013688097,0.017425587,1420347
20131119,15:45:00.000,BBG000DLFM21,-0.0013039354,-0.008193278,530529
20131119,15:45:00.000,BBG000H9G7X2,0.01154521,0.009900807,2072629
20131119,15:45:00.000,BBG000BRRG02,0.0046528596,-0.0021954463,247304
20131119,15:45:00.000,BBG000BBMSJ6,-0.025609743,-0.04403462,8388061
20131119,15:45:00.000,BBG000MM5VL9,-0.0071760826,-0.017852817,1037280
20131119,15:45:00.000,BBG000C2V3D6,-0.009061773,-0.0037001641,2102722
20131119,15:45:00.000,BBG000G30YX4,-0.024406252,-0.024014812,710305
20131119,15:45:00.000,BBG000JN8R00,-0.009565034,-0.01355994,5669317
20131119,15:45:00.000,BBG000C2PW58,-0.0011889437,-0.005395736,272153
20131119,15:45:00.000,BBG000CGQ6M4,0.0018274222,8.000792e-05,565017
20131119,15:45:00.000,BBG000BCBCM7,0.005713872,-0.009040802,13250912
20131119,15:45:00.000,BBG000C3HSR0,-0.008397107,-0.02168003,2575456
20131119,15:45:00.000,BBG000BG09F5,-0.018368868,-0.023426734,1747797
20131119,15:45:00.000,BBG000BDXGP9,0.0011246973,-0.002147158,1855444
20131119,15:45:00.000,BBG000BTVJ25,0.0007150259,-0.0011893827,1792607
20131119,15:45:00.000,BBG000BTKGG8,-0.0044126627,-0.008341141,2999363
20131119,15:45:00.000,BBG000BLW530,-0.0054745446,-0.014386333,1542232
20131119,15:45:00.000,BBG000BY2Y78,0.0002800654,-0.0017802953,3148402
20131119,15:45:00.000,BBG000BJ2VQ6,0.0035908374,0.0024500245,1143513
20131119,15:45:00.000,BBG0039320N9,-0.0065804743,-0.006958797,2293662
20131119,15:45:00.000,BBG000BRJ809,0.0027190833,0.00081276597,240104
20131119,15:45:00.000,BBG000TWC2V5,0.01174002,0.0039914474,2034316
20131119,15:45:00.000,BBG0019JZ882,-0.009020083,-0.010104489,3733838
20131119,15:45:00.000,BBG000BF6LY3,0.005449809,-0.0002793352,4125634
20131119,15:45:00.000,BBG000BYYLS8,0.0006852294,0.0005906042,2166758
20131119,15:45:00.000,BBG000BRWGG9,-0.0064683696,-0.019323379,16425640
20131119,15:45:00.000,BBG000FW00S1,0.016426036,0.0025816076,4150718
20131119,15:45:00.000,BBG000BK67C7,0.008499336,0.004927941,1413109
20131119,15:45:00.000,BBG000FVXD63,0.022396468,0.02453015,1671267
20131119,15:45:00.000,BBG000D2M0Z7,-0.0068636867,-0.013683459,786451
20131119,15:45:00.000,BBG000BLBXT4,0.0045689,-0.0064963964,797547
20131119,15:45:00.000,BBG000CS7CT9,0.0019649293,0.0035381909,2414285
20131119,15:45:00.000,BBG000BFMBQ6,0.005388574,0.0054691294,1101058
20131119,15:45:00.000,BBG000BBBNC6,-0.01318767,-0.008071902,1267402
20131119,15:45:00.000,BBG000G0Z878,-0.0052041677,-0.009696252,3449051
20131119,15:45:00.000,BBG000CR90K4,-0.015449779,-0.022709312,13800233
20131119,15:45:00.000,BBG000BQ2C28,-0.0025933238,-0.0033917588,889528
20131119,15:45:00.000,BBG000BMBL90,-0.0013393416,-0.0044057854,1241332
20131119,15:45:00.000,BBG000BX5ZF5,0.02500258,0.011726386,10060996
20131119,15:45:00.000,BBG000BPT0C6,-9.873351e-05,-0.0029379064,1786675
20131119,15:45:00.000,BBG000BMY992,0.017287683,0.011842602,3291913
20131119,15:45:00.000,BBG000BL9JQ1,-0.007366399,-0.013079261,2484477
20131119,15:45:00.000,BBG000JG0547,0.03248679,0.032830033,6107619
20131119,15:45:00.000,BBG000BM7HL0,-0.012790243,-0.024235014,2887347
20131119,15:45:00.000,BBG000BRK7L6,0.0017023867,0.0005614987,3342054
20131119,15:45:00.000,BBG000BMQPL1,0.00031272953,-0.003121658,9947884
20131119,15:45:00.000,BBG000C1FB75,,,987404
20131119,15:45:00.000,BBG000CZWZ05,0.0005119671,-0.006351886,0
20131119,15:45:00.000,BBG000R7RDB4,-0.015047058,-0.017790036,1201854
20131119,15:45:00.000,BBG000DTMH63,,,3259019
20131119,15:45:00.000,BBG000BTR593,0.031171635,0.03415548,4442651
20131119,15:45:00.000,BBG000BB6M98,-0.006971164,-0.012145081,4552283
20131119,15:45:00.000,BBG000C2BXK4,-0.018777817,-0.03429424,8945643
20131119,15:45:00.000,BBG000PVRDL2,-0.0039634285,-0.005097874,2914383
20131119,15:45:00.000,BBG000BVMGF2,-0.00302991,-0.004425324,1067607
20131119,15:45:00.000,BBG000BCGY17,0.0017986601,-0.0013202964,1661325
20131119,15:45:00.000,BBG000CNFQW6,-0.0011374794,-0.0003609487,664379
20131119,15:45:00.000,BBG000BSD7C2,-0.0003290258,-0.0017506371,1168521
20131119,15:45:00.000,BBG000FQ6PY6,-0.005514633,-0.008749405,1807229
20131119,15:45:00.000,BBG000BC15S7,-0.003724384,-0.00917565,1196118
20131119,15:45:00.000,BBG000BVDLH9,-0.0032972733,-0.0027788607,873080
20131119,15:45:00.000,BBG000GC80B4,-0.0026342177,0.001654133,1302538
20131119,15:45:00.000,BBG000C0F570,-0.00088017125,-0.016905686,3117869
20131119,15:45:00.000,BBG000D898T9,0.0024357147,0.00046377152,1932990
20131119,15:45:00.000,BBG000BG14P4,0.0063729244,-0.022300458,2026519
20131119,15:45:00.000,BBG000DQTXY6,-0.0010088546,-0.0025906581,4091552
20131119,15:45:00.000,BBG000C1S2X2,0.018793376,0.011019495,1564273
20131119,15:45:00.000,BBG000BWSV34,-0.006266507,-0.008302304,782924
20131119,15:45:00.000,BBG000H0QBS7,-0.0022988322,-0.00863894,744230
20131119,15:45:00.000,BBG000BWNFZ9,0.00769557,-0.009629572,1673007
20131119,15:45:00.000,BBG000BS0ZF1,0.0034785408,0.0019943048,463507
20131119,15:45:00.000,BBG000CPQZ77,-0.011961711,-0.022980029,3473293
20131119,15:45:00.000,BBG001M8HHB7,0.020825827,0.0009136253,1245446
20131119,15:45:00.000,BBG000BH5DV1,0.0032495938,-0.00068168057,942517
20131119,15:45:00.000,BBG000NV1KK7,-0.0029597324,-0.0033123645,2359697
20131119,15:45:00.000,BBG000DKCC19,0.04797451,0.04283521,6748683
20131119,15:45:00.000,BBG000CXYSZ6,-0.014699876,-0.022395294,1544772
20131119,15:45:00.000,BBG000BGLRN3,-0.0042691757,-0.006212456,3924526
20131119,15:45:00.000,BBG000QRKJ70,-0.027797252,-0.053768735,20406030
20131119,15:45:00.000,BBG000BQ5DS5,0.00064496486,-0.010776272,958922
20131119,15:45:00.000,BBG000BV7LP7,0.016255645,0.0075653116,3944595
20131119,15:45:00.000,BBG000BH5LT6,-0.0054024197,-0.0027676967,3292598
20131119,15:45:00.000,BBG000R8ZVD1,0.008517971,-0.00089676963,1328873
20131119,15:45:00.000,BBG000BRJL00,-0.0038983044,-0.008739255,2486839
20131119,15:45:00.000,BBG000BB6WG8,0.0066731432,0.00048977137,3687244
20131119,15:45:00.000,BBG000BJL3N0,-0.0018991526,-0.003999618,4868798
20131119,15:45:00.000,BBG000QY3XZ2,0.008283249,-0.005582285,1677517
20131119,15:45:00.000,BBG000LD9JQ8,-0.01414897,-0.026648333,1670698
20131119,15:45:00.000,BBG000Q3JN03,-0.006103191,-0.011380422,11152012
20131119,15:45:00.000,BBG000BH3JF8,-0.0036240104,-0.005365557,1346477
20131119,15:45:00.000,BBG000BR54L0,0.0024854082,-0.0032834583,5930208
20131119,15:45:00.000,BBG000PX3XC0,-0.00939982,-0.010966646,2522891
20131119,15:45:00.000,BBG001YMS0B8,0.0015743199,-0.0024544864,2632578
20131119,15:45:00.000,BBG000BD8PN9,-0.00591301,-0.0054318635,4522036
20131119,15:45:00.000,BBG000BRD0D8,0.0034669167,0.0014594876,1431178
20131119,15:45:00.000,BBG000BMDV41,-0.009158814,-0.018471291,3237667
20131119,15:45:00.000,BBG000BGVW60,0.003159849,-0.0016239423,1850310
20131119,15:45:00.000,BBG000BKCFC2,-0.008623725,-0.01138227,3566696
20131119,15:45:00.000,BBG000BB9KF2,-0.0010256859,-0.0062099034,2891493
20131119,15:45:00.000,BBG000C0MF34,-0.0056836735,-0.007073428,390372
20131119,15:45:00.000,BBG000BZ2GG4,0.0032124277,-0.010336367,1806002
20131119,15:45:00.000,BBG000C0LW92,0.03550153,0.03282922,10761642
20131119,15:45:00.000,BBG000BMW2Z0,-0.0034231835,-0.001990663,1626406
20131119,15:45:00.000,BBG000F0KF42,-0.00088913756,-0.016699547,2543390
20131119,15:45:00.000,BBG000BX3TD3,0.0039884103,-0.0058145924,5122964
20131119,15:45:00.000,BBG000QX74T1,0.006976051,0.0018332772,221613
20131119,15:45:00.000,BBG000BWJFZ4,-0.0063086995,-0.006424324,440452
20131119,15:45:00.000,BBG000BKFBD7,-0.00033313065,-0.00035226875,1630736
20131119,15:45:00.000,BBG000JWD753,-0.0037407384,-0.016953975,3374928
20131119,15:45:00.000,BBG000M65M61,0.05028502,0.043974,11012506
20131119,15:45:00.000,BBG000MBDGM6,-0.012397696,-0.016318362,565461
20131119,15:45:00.000,BBG000BBVJZ8,0.043848675,0.047320526,9729985
20131119,15:45:00.000,BBG000BV8DN6,0.0088564325,0.008639583,3167418
20131119,15:45:00.000,BBG000BH2JM1,0.0016456795,-0.005495087,5612997
20131119,15:45:00.000,BBG000BGJRC8,-0.0035705345,-0.013952613,5074538
20131119,15:45:00.000,BBG000QBR5J5,-0.0051220413,-0.005199902,1905542
20131119,15:45:00.000,BBG000BSLZY7,0.0042009926,0.0016385703,9545998
20131119,15:45:00.000,BBG000BJSBJ0,-0.012186531,-0.019318445,3329568
20131119,15:45:00.000,BBG000BJ81C1,-0.0009918648,-0.0009077178,936659
20131119,15:45:00.000,BBG000BFL116,-0.0134372655,-0.038176313,4410181
20131119,15:45:00.000,BBG000HCJMF9,0.003804738,0.004117485,1606472
20131119,15:45:00.000,BBG000FV1Z23,0.0011223577,-0.010026126,945892
20131119,15:45:00.000,BBG000BBDV81,0.001144542,-0.0011755471,1576206
20131119,15:45:00.000,BBG000FJLFX8,-0.0057470566,-0.0037062129,2334756
20131119,15:45:00.000,BBG000J6XT05,-0.00844964,-0.012479363,5630412
20131119,15:45:00.000,BBG000BCWCG1,-0.09372741,-0.10928692,27937522
20131119,15:45:00.000,BBG000BJPDZ1,-0.004184398,0.0030654375,123783
20131119,15:45:00.000,BBG000BPQD31,0.0039109313,0.0040658847,3781234
20131119,15:45:00.000,BBG000C734W3,0.004411597,-0.0016585549,441916
20131119,15:45:00.000,BBG000C3GN47,0.006459519,0.006388341,3410445
20131119,15:45:00.000,BBG000BFRF55,0.015562813,0.00072684855,6663991
20131119,15:45:00.000,BBG000BGPTV6,-0.0011037453,-0.015307176,782196
20131119,15:45:00.000,BBG000BM5SR2,0.004530133,-0.0015464154,3502643
20131119,15:45:00.000,BBG000BN5HF7,-0.005865525,-0.0089815715,3002634
20131119,15:45:00.000,BBG000BBD070,0.007504482,-0.000121926816,1541137
20131119,15:45:00.000,BBG000BVPPM1,0.020647552,0.012097642,4549271
20131119,15:45:00.000,BBG000DYGNW7,0.00334393,0.0016688686,793605
20131119,15:45:00.000,BBG000BCG930,0.013488697,0.017364806,3301114
20131119,15:45:00.000,BBG000BHGDH5,-0.0012629387,-0.0069887354,1931370
20131119,15:45:00.000,BBG000BJ3PD2,-0.003202971,-0.013596068,1831179
20131119,15:45:00.000,BBG000BFQYY3,0.0021098417,0.0016882017,1608641
20131119,15:45:00.000,BBG000BY29C7,0.0014822929,-0.00037096813,2046175
20131119,15:45:00.000,BBG000C1BW00,0.01120333,0.008123812,784376
20131119,15:45:00.000,BBG000BD4VG8,0.010150558,-0.0031397452,2604504
20131119,15:45:00.000,BBG000BHQ1H0,0.006806918,0.008554351,2306802
20131119,15:45:00.000,BBG000BB5006,-0.0017301269,-0.014133778,2610138
20131119,15:45:00.000,BBG000BKFZM4,0.010176479,0.0041704704,6869328
20131119,15:45:00.000,BBG000BWVCP8,-0.00084429025,-0.008218275,5194687
20131119,15:45:00.000,BBG000FH8PX5,-0.013092419,-0.013990962,978049
20131119,15:45:00.000,BBG000BHX7N2,0.0027046718,-0.004881742,1572693
20131119,15:45:00.000,BBG000WCFV84,-0.0052205813,-0.009556174,2489168
20131119,15:45:00.000,BBG000BBPFB9,0.009357042,-0.004147189,7443414
20131119,15:45:00.000,BBG000FL1TC8,0.008486006,0.006148631,2741756
20131119,15:45:00.000,BBG000F6H8W8,0.003852319,0.0018653517,985362
20131119,15:45:00.000,BBG000BGKTF9,-0.005340517,-0.0019443255,1926344
20131119,15:45:00.000,BBG000C8H633,0.0081474455,0.012048943,5302760
20131119,15:45:00.000,BBG000H89QJ6,0.009853875,0.0049374215,1806445
20131119,15:45:00.000,BBG0014GG205,-0.018372918,-0.035347115,9339316
20131119,15:45:00.000,BBG000BFXHL6,-0.011256995,-0.014042851,2818360
20131119,15:45:00.000,BBG000BH3GZ2,0.005015065,0.004902799,1747960
20131119,15:45:00.000,BBG000BT9DW0,-0.0020349717,-0.0061393594,4441399
20131119,15:45:00.000,BBG000FP1N32,0.008671512,-0.0002455236,2421347
20131119,15:45:00.000,BBG000FNRZ69,0.007010089,-0.008106406,4190383
20131119,15:45:00.000,BBG000D42FJ0,-0.044375297,-0.06741159,10507195
20131119,15:45:00.000,BBG00286S4N9,0.014544097,0.00959507,2501281
20131119,15:45:00.000,BBG0025Y4RY4,-0.007041048,-0.009411648,3148145
20131119,15:45:00.000,BBG000BFDXW1,0.0056451494,-0.00863942,6735768
20131119,15:45:00.000,BBG0029SNR63,-0.0048512076,-0.012600897,2916682
20131119,15:45:00.000,BBG000G2R6M0,0.0014276805,0.0028972756,4173949
20131119,15:45:00.000,BBG000BCVJ77,-0.0034333162,0.0034862033,3560536
20131119,15:45:00.000,BBG000BL4504,-0.0007089392,-0.00629384,10302625
20131119,15:45:00.000,BBG000BC2C10,0.0035685604,0.011087267,2843386
20131119,15:45:00.000,BBG000B9WH86,0.022287203,0.01676857,21688540
20131119,15:45:00.000,BBG000BJX8C8,0.0051667676,-0.0038346986,2486217
20131119,15:45:00.000,BBG000H556T9,0.00018211795,-0.0052127144,1418876
20131119,15:45:00.000,BBG000C496P7,-0.0047329967,-0.012413367,3180838
20131119,15:45:00.000,BBG000FG3C43,0.0014091408,-0.015861727,3058693
20131119,15:45:00.000,BBG000BNWG87,-0.012061227,-0.006861941,4207675
20131119,15:45:00.000,BBG000BNBDC2,-0.00752723,-0.0025471223,2922519
20131119,15:45:00.000,BBG000BJ98Z0,-0.020130137,-0.032957226,2909288
20131119,15:45:00.000,BBG000Q2HM09,-0.004585364,-0.02312481,3500170
20131119,15:45:00.000,BBG000D9D830,-8.326168e-05,-0.0005096791,1854058
20131119,15:45:00.000,BBG000CJZ2W6,-0.027331335,-0.03938356,3331789
20131119,15:45:00.000,BBG000BH13K9,-0.0036913897,-0.004375661,2865855
20131119,15:45:00.000,BBG000C46HM9,-9.539728e-05,6.483113e-07,3473035
20131119,15:45:00.000,BBG000BWXBC2,0.0015423467,0.00037901464,3764450
20131119,15:45:00.000,BBG000BN2DC2,-0.030720066,-0.045409825,14205673
20131119,15:45:00.000,BBG000BTZQC4,0.00011058845,-0.0006157939,6189155
20131119,15:45:00.000,BBG001DCCGR8,0.024886977,0.018474828,4341546
20131119,15:45:00.000,BBG000BB6KF5,0.0019832419,0.0021073564,4739029
20131119,15:45:00.000,BBG000DHSPT0,0.004729295,0.0006288576,2837648
20131119,15:45:00.000,BBG000F0PF65,-0.0042539923,-0.0081545785,2822606
20131119,15:45:00.000,BBG000BH1NH9,-0.007011536,-0.008846287,4509427
20131119,15:45:00.000,BBG000BVV7G1,0.0059248437,-0.007067281,3023864
20131119,15:45:00.000,BBG000BPWXK1,0.008219168,0.011100916,4387185
20131119,15:45:00.000,BBG000BJF1Z8,-0.012174322,-0.022933671,2538608
20131119,15:45:00.000,BBG000BXRPH1,-0.010082839,-0.015803475,2247545
20131119,15:45:00.000,BBG000BC40Y8,0.0017776961,0.003595275,1943094
20131119,15:45:00.000,BBG000BBGGQ1,-0.0016565789,-0.008852237,6859423
20131119,15:45:00.000,BBG000C17X76,0.016029265,0.01579069,1019483
20131119,15:45:00.000,BBG000BP6LJ8,-0.0054767807,-0.0052585388,4744984
20131119,15:45:00.000,BBG000B9ZXB4,0.016230509,0.019501686,8190058
20131119,15:45:00.000,BBG000BMF5J0,0.00747062,0.0022987286,22663196
20131119,15:45:00.000,BBG000C5HS04,-0.006467791,-0.010816312,2628378
20131119,15:45:00.000,BBG000BLZRJ2,0.0023399172,0.00032979363,8134681
20131119,15:45:00.000,BBG000L9CV04,0.0005026353,-0.0065640626,2373376
20131119,15:45:00.000,BBG000BWLMJ4,-0.020747388,-0.024454372,5053556
20131119,15:45:00.000,BBG000D4LWF6,-0.0008488189,-0.008244259,4264085
20131119,15:45:00.000,BBG000BCQZS4,-8.2714705e-06,0.0018222949,2266681
20131119,15:45:00.000,BBG000H8TVT2,-0.0009019923,0.0028583666,2731674
20131119,15:45:00.000,BBG000FFDM15,0.007411061,0.009393308,6895249
20131119,15:45:00.000,BBG000BFWKC0,-0.0072878925,-0.0041524083,1973865
20131119,15:45:00.000,BBG000BP52R2,-0.00090472656,-0.00088285893,2047564
20131119,15:45:00.000,BBG000C15T95,0.005627709,-0.0013835789,4103628
20131119,15:45:00.000,BBG000BZ9223,-0.004932055,-0.00421235,1297911
20131119,15:45:00.000,BBG000BHBK84,0.0044610854,-0.0025087227,4865464
20131119,15:45:00.000,BBG000CTQBF3,-0.0028846064,-0.0063314843,3418082
20131119,15:45:00.000,BBG000BW8S60,0.0018547514,-0.0011452079,1427866
20131119,15:45:00.000,BBG000BB07P9,0.010755722,0.011888802,9834001
20131119,15:45:00.000,BBG000CH5208,-0.003465188,-0.00097567006,3232057
20131119,15:45:00.000,BBG000BW3299,7.046675e-05,-0.009794636,1364087
20131119,15:45:00.000,BBG000DQLV23,-0.0006842396,-0.0009644317,4138668
20131119,15:45:00.000,BBG000DWYF03,-0.009828133,-0.01481279,8241981
20131119,15:45:00.000,BBG000BGRY34,-0.0027192258,-0.0027510654,3375044
20131119,15:45:00.000,BBG000F1ZSQ2,-0.008559785,-0.01150003,269867
20131119,15:45:00.000,BBG000BQQ2S6,-0.0038264457,-0.0015450947,2350469
20131119,15:45:00.000,BBG000KHWT55,0.008549161,-0.0023985046,11402966
20131119,15:45:00.000,BBG000BNDN65,-0.00058291835,-0.006483639,10146212
20131119,15:45:00.000,BBG000R7Z112,-0.0036412978,-0.009244432,11226900
20131119,15:45:00.000,BBG000BQQH30,-0.009296952,-0.0011060168,6050827
20131119,15:45:00.000,BBG000BBS2Y0,-0.010262297,-0.0052569993,1711604
20131119,15:45:00.000,BBG000J2XL74,0.001676705,-0.0018544976,2532011
20131119,15:45:00.000,BBG000BJDB15,-0.003212418,-0.002192746,6405345
20131119,15:45:00.000,BBG000DWG505,-0.0010324776,-0.0029764671,1934064
20131119,15:45:00.000,BBG000DH7JK6,-0.0048482073,-0.0067551103,3341895
20131119,15:45:00.000,BBG000BKTFN2,0.00017090268,-0.0114108985,6893590
20131119,15:45:00.000,BBG000BF0K17,0.003133462,-0.0046411543,4268049
20131119,15:45:00.000,BBG000BFC8J2,0.0072502615,0.008627834,2653448
20131119,15:45:00.000,BBG000BH4R78,-0.002540023,-0.0057547265,3913298
20131119,15:45:00.000,BBG000NDYB67,-0.005789343,-0.013990518,15600497
20131119,15:45:00.000,BBG000C6CFJ5,0.0016126791,0.0061862515,2362074
20131119,15:45:00.000,BBG000BQLTW7,-0.0005405547,-0.004295833,12067149
20131119,15:45:00.000,BBG000BNSZP1,-0.00249832,0.0035847516,3105467
20131119,15:45:00.000,BBG000BBDZG3,-0.008291892,-0.0040861485,5803006
20131119,15:45:00.000,BBG000BHVJJ3,0.0012550397,-0.004600887,10678899
20131119,15:45:00.000,BBG000BFT2L4,0.0019309067,0.0006332523,4830173
20131119,15:45:00.000,BBG000C43RR5,0.0025623492,0.0015371531,8739715
20131119,15:45:00.000,BBG000Q9HH23,0.010942766,-0.0025214604,1470156
20131119,15:45:00.000,BBG000BCSST7,-0.0054398356,-0.009974818,3333537
20131119,15:45:00.000,BBG000BMX289,-0.00017054469,-0.0017426042,9499380
20131119,15:45:00.000,BBG000GFFQN9,-0.0057474105,-0.011719315,11309792
20131119,15:45:00.000,BBG000BT41Q8,-0.0036021024,-0.0073895818,5133893
20131119,15:45:00.000,BBG000CKGBP2,0.008556601,0.008696912,6002241
20131119,15:45:00.000,BBG000BKZB36,0.011771115,0.009662115,10474593
20131119,15:45:00.000,BBG000BLBVN4,0.0025056,-0.009347335,462979
20131119,15:45:00.000,BBG000PSKYX7,-0.010670878,-0.013476942,2311301
20131119,15:45:00.000,BBG000BPD168,-0.0050898627,0.0010419388,6849080
20131119,15:45:00.000,BBG000HS77T5,0.0022015793,-0.00019740936,6489769
20131119,15:45:00.000,BBG000BVPV84,0.011120533,-0.0039880066,1638002
20131119,15:45:00.000,BBG000BR2TH3,-0.006614152,-0.003902556,5726212
20131119,15:45:00.000,BBG000BQPC32,0.001506549,-0.00824746,23770324
20131119,15:45:00.000,BBG000CGC1X8,0.0016077094,0.00055665,7719826
20131119,15:45:00.000,BBG000BMHYD1,0.001129845,0.0057301465,4833686
20131119,15:45:00.000,BBG000K4ND22,0.007325254,0.012525862,4651793
20131119,15:45:00.000,BBG000C0G1D1,0.0118505,0.002846394,20236344
20131119,15:45:00.000,BBG000C5Z1S3,0.008417764,-0.009852237,42858408
20131119,15:45:00.000,BBG000BWQFY7,0.0033981584,0.0023041316,11254538
20131119,15:45:00.000,BBG000BLNNH6,0.0006645254,0.0037401062,3845877
20131119,15:45:00.000,BBG000BR2B91,-0.012938556,-0.007809173,21829232
20131119,15:45:00.000,BBG000BSJK37,0.0013096578,0.0028088212,10023546
20131119,15:45:00.000,BBG000C3J3C9,0.0047690086,0.004695952,49344964
20131119,15:45:00.000,BBG000BK6MB5,-0.004101409,-0.00624889,30923464
20131119,15:45:00.000,BBG000CL9VN6,0.0029667725,-0.016631955,2208305
20131119,15:45:00.000,BBG000GZQ728,3.2521144e-05,0.0009440384,10789043
20131119,15:45:00.000,BBG000DMBXR2,0.0044190367,0.0068179313,19839118
20131119,15:45:00.000,BBG000FY4S11,0.0065647885,0.0072832457,17387484
20131119,15:45:00.000,BBG000N9MNX3,0.048158422,0.02892073,17529850
20131119,15:45:00.000,BBG000BCTLF6,0.014165738,0.016080122,142619440
20131119,15:45:00.000,BBG000BPH459,0.002224749,-0.0037932969,36672284
20131119,15:45:00.000,BBG000BHSKN9,-0.0062086075,-0.007797336,965913
20131119,15:45:00.000,BBG000MM2P62,0.018620195,0.009380827,69987928
20131119,15:45:00.000,BBG000B9XRY4,0.007163401,0.0019567835,6381723
20131119,16:00:00.000,BBG000C221G9,-0.00087601773,-0.010027772,689972
20131119,16:00:00.000,BBG000D9H9F1,0.033802878,0.03625934,2457043
20131119,16:00:00.000,BBG000BJ5GK2,0.016117955,0.000923379,1630494
20131119,16:00:00.000,BBG000BVVQQ8,-0.00040359588,-0.008802652,1859138
20131119,16:00:00.000,BBG000PTLGZ1,-0.0032799148,-0.013329284,527246
20131119,16:00:00.000,BBG000CGT2S4,-0.0033250768,0.0015472611,4239380
20131119,16:00:00.000,BBG000RKR4R8,-0.0015800089,-0.005231581,8128975
20131119,16:00:00.000,BBG000BDWKC5,0.0034136358,-0.0036869089,2046568
20131119,16:00:00.000,BBG000JB27Y9,-0.0016946311,0.002589223,1228340
20131119,16:00:00.000,BBG000BLXZN1,-0.010126594,-0.020006977,780699
20131119,16:00:00.000,BBG000BK5DP1,-0.006522688,-0.017573126,2489992
20131119,16:00:00.000,BBG000FBR384,0.006339759,0.0002961739,845691
20131119,16:00:00.000,BBG000BCHG15,0.010158797,0.0063923327,585239
20131119,16:00:00.000,BBG000BLHRS2,-0.006308572,-0.010872476,770297
20131119,16:00:00.000,BBG000F80SZ5,0.0054904185,-0.022073735,11110323
20131119,16:00:00.000,BBG000BQ87N0,-0.002259896,-0.010035878,1090121
20131119,16:00:00.000,BBG000HW5GX3,0.0006087895,0.0031041084,2035385
20131119,16:00:00.000,BBG000BLMZK6,0.005963722,-0.0052968487,1090926
20131119,16:00:00.000,BBG000BND699,0.0012771051,-0.020643175,1738146
20131119,16:00:00.000,BBG000BYWTX7,-0.013569563,-0.03044568,4881561
20131119,16:00:00.000,BBG000BGKHZ3,0.0034213932,-5.3815205e-07,763062
20131119,16:00:00.000,BBG000M1R011,0.024821034,0.0035815393,2091431
20131119,16:00:00.000,BBG000BCJ161,0.015067857,0.01757934,2581762
20131119,16:00:00.000,BBG000DGPR66,-0.010024222,-0.014244978,978760
20131119,16:00:00.000,BBG000BV75B7,0.0072116484,-0.0029086561,561485
20131119,16:00:00.000,BBG000BPZBB6,0.00035615658,-0.0058957445,809997
20131119,16:00:00.000,BBG000BL79J3,-0.0069017876,-0.008325872,4564058
20131119,16:00:00.000,BBG000BP7JB0,-0.008335921,-0.020383023,5269178
20131119,16:00:00.000,BBG000BVB8Q0,-0.01457124,-0.012310618,3041741
20131119,16:00:00.000,BBG000TJM7F0,-0.0035018255,-0.0045194365,1038441
20131119,16:00:00.000,BBG000BHQYG9,-0.009480969,-0.014097908,779761
20131119,16:00:00.000,BBG000BDDN94,0.01175653,-0.0014402532,336471
20131119,16:00:00.000,BBG000BWP7D9,0.0057440605,0.0014169702,2203850
20131119,16:00:00.000,BBG000F9KJN4,-0.018638384,-0.028721407,3470813
20131119,16:00:00.000,BBG000BWVSR1,-0.0027000364,-0.0032964663,2835171
20131119,16:00:00.000,BBG000BHCP19,0.0045976243,-0.01128127,1377015
20131119,16:00:00.000,BBG000BFDLV8,-0.00850284,-0.008650954,716965
20131119,16:00:00.000,BBG000BX8DC4,-0.0022865315,-0.004572596,2120963
20131119,16:00:00.000,BBG000CPHYL4,-0.016324352,-0.03192435,1899679
20131119,16:00:00.000,BBG000BCNYT9,0.006471887,-0.002336728,4434051
20131119,16:00:00.000,BBG000VC0T95,0.018276757,0.0025794655,685834
20131119,16:00:00.000,BBG000PCQQL6,0.00931657,-0.00071968604,1675040
20131119,16:00:00.000,BBG000BQ74K1,0.0030120292,0.0040348903,1283110
20131119,16:00:00.000,BBG000BJDPC2,0.006090209,0.004425184,1251668
20131119,16:00:00.000,BBG000GPXKX9,-0.0054863123,-0.016269222,738785
20131119,16:00:00.000,BBG000BJ49H3,-0.0058993623,-0.015890254,880887
20131119,16:00:00.000,BBG000PLXQQ3,-0.0058402005,-0.012418935,501821
20131119,16:00:00.000,BBG000BQHGR6,-0.0014057528,-0.008423587,705397
20131119,16:00:00.000,BBG000KLB4Q1,0.008160723,-0.009074975,2286558
20131119,16:00:00.000,BBG000C3Y7J6,0.008267782,-0.0010542594,676258
20131119,16:00:00.000,BBG000FFH4P5,-0.0025177156,-0.013457371,873409
20131119,16:00:00.000,BBG000JBSJZ4,0.0052404716,0.001436621,1939704
20131119,16:00:00.000,BBG000F86GP6,0.008875983,0.0039063874,1003770
20131119,16:00:00.000,BBG000BQTMJ9,0.010588598,0.0025710315,3094888
20131119,16:00:00.000,BBG000RNTSX0,-0.006849139,-0.019157628,350680
20131119,16:00:00.000,BBG000GZD660,-0.0049285623,-0.0059164492,450711
20131119,16:00:00.000,BBG000D9DMK0,-0.0031937629,-0.008307434,617549
20131119,16:00:00.000,BBG003P9ZSL3,-0.02011167,-0.020678477,395091
20131119,16:00:00.000,BBG000C37332,0.001938644,-0.007356976,741002
20131119,16:00:00.000,BBG000C1DHF5,0.015099443,-0.0036117833,1751511
20131119,16:00:00.000,BBG000FW8LZ9,0.0049305237,-0.0020665661,1518215
20131119,16:00:00.000,BBG000BCVMH9,-0.0018771073,-0.014684332,363990
20131119,16:00:00.000,BBG000BKQ3V3,0.0037017928,-0.0034865383,1214064
20131119,16:00:00.000,BBG000CXD6X9,0.0067798235,-0.00034974265,1244117
20131119,16:00:00.000,BBG000BCYP43,-0.0001525898,0.004236403,499472
20131119,16:00:00.000,BBG000PM7GJ0,-0.016744845,-0.028928496,13096109
20131119,16:00:00.000,BBG000C75N77,0.004235431,0.0017866844,764562
20131119,16:00:00.000,BBG000G8N9C6,-0.010363658,-0.009763186,1990870
20131119,16:00:00.000,BBG000C90DH9,0.0044402196,-0.0017591346,4287574
20131119,16:00:00.000,BBG000C6F3T8,0.0051289103,-0.008908893,6200083
20131119,16:00:00.000,BBG000BFV115,-0.008020406,-0.007953593,1016668
20131119,16:00:00.000,BBG000C7B436,0.0014435137,-0.018627442,1336415
20131119,16:00:00.000,BBG000BLCPY4,0.0003779021,-0.003299315,1238143
20131119,16:00:00.000,BBG000BD3LM4,0.0031262054,-0.006783733,4445619
20131119,16:00:00.000,BBG000BDY3Y7,-0.019990923,-0.030844256,4628946
20131119,16:00:00.000,BBG000BMZ7P7,-0.004514921,-0.023228716,609080
20131119,16:00:00.000,BBG000BBNYF6,-0.007375373,-0.0076180617,1371535
20131119,16:00:00.000,BBG000BK6G19,0.003353176,0.0017108871,1798889
20131119,16:00:00.000,BBG000BB29X4,-0.0039173453,-0.00850272,875952
20131119,16:00:00.000,BBG000BB03M1,0.006357443,-0.016250297,1337036
20131119,16:00:00.000,BBG000BGD7W6,-0.0010050287,-0.010252016,2279242
20131119,16:00:00.000,BBG000C3NTN5,0.047628514,0.04942977,6427525
20131119,16:00:00.000,BBG000BHB3M6,-0.004543554,-0.0118483165,489252
20131119,16:00:00.000,BBG000BBCQD7,-0.0057958798,-0.0042172587,2525228
20131119,16:00:00.000,BBG000D14WM3,-0.00765115,-0.011241902,7832778
20131119,16:00:00.000,BBG000CVWGS6,-0.027005507,-0.035948806,8467170
20131119,16:00:00.000,BBG000BQSQ38,0.0041887383,0.003683289,2639873
20131119,16:00:00.000,BBG000BPQVR5,-0.009855357,-0.015481054,719861
20131119,16:00:00.000,BBG000BCZYD3,-0.0026591313,0.002681064,553065
20131119,16:00:00.000,BBG000FDBX90,-0.0020197984,-0.00923521,1728572
20131119,16:00:00.000,BBG000BQVTF5,-0.005053545,-0.014719708,1353070
20131119,16:00:00.000,BBG001BPFT54,-0.056702297,-0.079877086,7625408
20131119,16:00:00.000,BBG000BHC2S1,-0.0027662767,-0.006577364,1036745
20131119,16:00:00.000,BBG000DN7P92,0.0050254604,0.0081630405,1109162
20131119,16:00:00.000,BBG000C060M4,-0.005960395,-0.010082603,256296
20131119,16:00:00.000,BBG000BHKYH4,-0.003548652,-0.0048092,567469
20131119,16:00:00.000,BBG000F6ZWH2,0.0029204271,-0.0040818322,3485915
20131119,16:00:00.000,BBG000BFTJ91,0.0034630834,0.0007548981,1112620
20131119,16:00:00.000,BBG000BD0TF8,0.0011399569,-0.00092849304,1423871
20131119,16:00:00.000,BBG000BP1Q11,0.014634668,0.010019704,1039783
20131119,16:00:00.000,BBG000D5S4M0,-0.0008878801,-0.009939198,427558
20131119,16:00:00.000,BBG000MQ1SN9,-0.007333382,-0.016448645,2197432
20131119,16:00:00.000,BBG000BKZTP3,0.005928685,0.00015047411,1100321
20131119,16:00:00.000,BBG000C0HQ54,-0.0024754703,-0.004347623,3534104
20131119,16:00:00.000,BBG000BP1152,-0.0028779723,-0.017361064,2967549
20131119,16:00:00.000,BBG000BN9WT5,0.005604405,-0.008796334,2013920
20131119,16:00:00.000,BBG000BBLK04,-0.013588944,-0.021663526,483480
20131119,16:00:00.000,BBG000NSQ9M0,0.00684057,0.007636267,5591967
20131119,16:00:00.000,BBG000BRXP69,-0.0053695245,-0.002110354,695860
20131119,16:00:00.000,BBG000BGYWY6,0.00042642272,-0.0047387225,343554
20131119,16:00:00.000,BBG000BJ8YN7,-0.00043913716,-0.00959668,1605507
20131119,16:00:00.000,BBG000BFVXX0,0.00075377815,-0.0028944572,1908984
20131119,16:00:00.000,BBG000BLM0V1,-0.009427779,-0.010990257,608428
20131119,16:00:00.000,BBG000BBCDZ2,0.0017361244,-0.0032296502,444752
20131119,16:00:00.000,BBG000KBQZ88,-0.009620919,-0.018653959,1540473
20131119,16:00:00.000,BBG000BWXL85,0.0072470335,-0.002363825,1428375
20131119,16:00:00.000,BBG000BKXYX5,-0.0138530005,-0.021260077,1217841
20131119,16:00:00.000,BBG000D1QCF1,0.01450395,-0.0011317929,2425265
20131119,16:00:00.000,BBG000CKVSG8,0.0005949326,-0.007809375,2145492
20131119,16:00:00.000,BBG000BPYHJ6,0.04140967,0.03171758,1870669
20131119,16:00:00.000,BBG000BKWSR6,-0.0014442188,-0.0044919155,11290600
20131119,16:00:00.000,BBG000BMTFR4,-0.0005063362,-0.0138345715,1144714
20131119,16:00:00.000,BBG000C1FQS9,0.001844839,-0.00440507,861686
20131119,16:00:00.000,BBG000BR37X2,0.0034895723,0.0018340688,1792404
20131119,16:00:00.000,BBG000BB6G37,0.000515248,-0.0139584895,1419878
20131119,16:00:00.000,BBG000CHPY97,0.017811995,0.022406206,7539605
20131119,16:00:00.000,BBG000BPXRB3,-0.034013323,-0.045691773,1024278
20131119,16:00:00.000,BBG000BF5RY1,-0.0027820833,-0.0069150734,1734930
20131119,16:00:00.000,BBG000BNNKG9,0.019783039,0.010564313,4624082
20131119,16:00:00.000,BBG001NVJ6W4,-0.032538213,-0.046661254,2056149
20131119,16:00:00.000,BBG0035LY913,0.0046351296,0.0028695823,2895898
20131119,16:00:00.000,BBG000BMLWX8,0.007488493,0.0065973857,2408983
20131119,16:00:00.000,BBG000BPNP00,0.006340122,-0.009669489,2107069
20131119,16:00:00.000,BBG000DSMS70,-0.008048372,-0.008033718,794904
20131119,16:00:00.000,BBG000D13GN8,-0.015750937,-0.030928966,1874057
20131119,16:00:00.000,BBG000BSC0K9,-0.0010767778,-0.0036124752,1236232
20131119,16:00:00.000,BBG000MDCQC2,0.005033245,-0.0041937563,1324661
20131119,16:00:00.000,BBG000BMKDM3,-0.007703853,-0.010422434,1692227
20131119,16:00:00.000,BBG000BF1R66,0.0013634057,-0.00031529428,477334
20131119,16:00:00.000,BBG000BJQWD2,-0.0006763167,-0.008527044,1193060
20131119,16:00:00.000,BBG000C2ZCH8,0.0022174353,-0.005166516,692937
20131119,16:00:00.000,BBG000BP8Z50,-0.008963806,-0.012458758,1057077
20131119,16:00:00.000,BBG000FBK808,-0.0085234,-0.007490959,4988025
20131119,16:00:00.000,BBG000BXMFC3,0.009403324,-0.006800045,1100370
20131119,16:00:00.000,BBG000BFNR17,0.0011333844,-0.0034020895,433297
20131119,16:00:00.000,BBG000RGM5P1,-0.01755662,-0.02971836,2503995
20131119,16:00:00.000,BBG000BKR1D6,-0.002047086,-0.007633515,288189
20131119,16:00:00.000,BBG000D7RKJ5,-0.0052966843,-0.010633143,1767562
20131119,16:00:00.000,BBG000G6BN50,0.010833848,0.012890975,612497
20131119,16:00:00.000,BBG000J1QLT0,0.004654462,-0.0024564697,903877
20131119,16:00:00.000,BBG000BNFLM9,-0.010978574,-0.025613157,2843018
20131119,16:00:00.000,BBG000BTCH57,-0.008640779,-0.018975971,2948157
20131119,16:00:00.000,BBG000FLZN98,-0.005087963,-0.008301082,524144
20131119,16:00:00.000,BBG000C4DPX1,-0.0040785642,-0.023645211,1180492
20131119,16:00:00.000,BBG000BQ8KV2,0.007771571,0.0033938393,957092
20131119,16:00:00.000,BBG000BPMH90,-0.0004998544,0.0015876078,1419248
20131119,16:00:00.000,BBG000K14Q84,-0.0065223444,-0.018895686,1194834
20131119,16:00:00.000,BBG000BC9938,0.010180505,0.0007665402,1265105
20131119,16:00:00.000,BBG000QFJ7H3,-0.006002526,-0.012001918,3115700
20131119,16:00:00.000,BBG000BTQR96,-0.0059014596,-0.012085717,1033949
20131119,16:00:00.000,BBG000CHWP52,0.0026902412,-0.0022245117,791885
20131119,16:00:00.000,BBG000D8RG11,0.0076290257,0.0014749632,2072702
20131119,16:00:00.000,BBG000BS9489,0.0065953615,0.0031460645,771854
20131119,16:00:00.000,BBG000CKJ0P3,-0.01292912,0.00052959967,752329
20131119,16:00:00.000,BBG000BWCKB6,0.0024901344,-0.0013351092,322457
20131119,16:00:00.000,BBG000BVWLJ6,0.0032641953,-0.0013286633,2051919
20131119,16:00:00.000,BBG000BXM6V2,-0.010082517,-0.018713258,842408
20131119,16:00:00.000,BBG000D9KWL9,0.0003766529,-0.0011873798,439597
20131119,16:00:00.000,BBG000BKNX95,-0.00029057835,-0.01164163,2070899
20131119,16:00:00.000,BBG000J5Q6L2,0.024780639,0.017925298,6745912
20131119,16:00:00.000,BBG000QN4GY3,-0.0088993125,-0.014926949,1542804
20131119,16:00:00.000,BBG000BCTQ65,0.002000566,-0.004542723,3167477
20131119,16:00:00.000,BBG000BNNYW1,-0.00031993614,-0.005211306,1279536
20131119,16:00:00.000,BBG003641015,5.21372e-06,0.0011676734,2387502
20131119,16:00:00.000,BBG000D6L294,-0.012935836,-0.014693278,1651385
20131119,16:00:00.000,BBG000BSBZH7,0.0019237086,0.00080388173,1132213
20131119,16:00:00.000,BBG000BNC3Y9,-0.0065061795,-0.008963288,1966853
20131119,16:00:00.000,BBG000F15NW9,-0.00011761085,0.0022879092,1325036
20131119,16:00:00.000,BBG000R0L5J4,-0.0013785757,-0.0057163676,2664293
20131119,16:00:00.000,BBG000BVMPN3,-0.001982734,-0.0002491675,863467
20131119,16:00:00.000,BBG000BB5BF6,-0.020484293,-0.033434074,2892637
20131119,16:00:00.000,BBG000BR3KL6,-0.005731258,-0.013512324,744223
20131119,16:00:00.000,BBG000BNGTQ7,-0.001850634,-0.004200284,1788677
20131119,16:00:00.000,BBG000BHZ5J9,0.0027712462,0.000118185,1499327
20131119,16:00:00.000,BBG000BN84F3,-0.001222366,-0.0056576137,1848754
20131119,16:00:00.000,BBG000BBJQV0,-0.00047546191,-0.015617665,4620813
20131119,16:00:00.000,BBG000BB1TH9,0.0028588295,-0.013196051,1188295
20131119,16:00:00.000,BBG000BFS7D3,-0.008124471,-0.0057235165,828094
20131119,16:00:00.000,BBG000BR14K5,0.0040937453,0.0012194198,974047
20131119,16:00:00.000,BBG000BPVCR1,0.024728384,0.016498048,1653479
20131119,16:00:00.000,BBG000BKLH74,-0.0020798754,-0.0053639878,3314279
20131119,16:00:00.000,BBG002S5ZRF9,-0.067346975,-0.087896146,2677338
20131119,16:00:00.000,BBG000BKPL53,-0.0010691911,0.0041308347,564502
20131119,16:00:00.000,BBG000DY8ZS4,-0.023998344,-0.038933977,9127859
20131119,16:00:00.000,BBG000DNTSP4,0.00054523547,-0.004977197,1905692
20131119,16:00:00.000,BBG000BM6788,0.008373829,0.00044475234,3593358
20131119,16:00:00.000,BBG000G3QLY3,0.003480552,-0.0005208351,999547
20131119,16:00:00.000,BBG000BLKK03,-0.003396178,0.00010078376,1956529
20131119,16:00:00.000,BBG000BP0KQ8,-0.021986688,-0.033173922,7768278
20131119,16:00:00.000,BBG000C7LMS8,0.011252245,0.0093450835,177715
20131119,16:00:00.000,BBG000JBN3X6,-0.005800078,-0.00737549,10232527
20131119,16:00:00.000,BBG000QW7VC1,-0.001273259,-0.013764888,4139164
20131119,16:00:00.000,BBG000C2YHG9,-0.0133704,-0.018388456,2233566
20131119,16:00:00.000,BBG000BVHBM1,0.0070171608,0.0072252746,2340488
20131119,16:00:00.000,BBG000FKJRC5,-0.0014755462,-0.0042534433,889061
20131119,16:00:00.000,BBG000BP4MH0,-5.7867335e-05,-0.0025389465,1836438
20131119,16:00:00.000,BBG000BSXQV7,0.004166371,-0.0005637352,311673
20131119,16:00:00.000,BBG000BY33P5,-0.0047903406,-0.00969612,13938292
20131119,16:00:00.000,BBG000BNJHS8,-0.00038363034,0.0022064298,7208087
20131119,16:00:00.000,BBG000BB5373,0.0017158785,-0.008369585,10644991
20131119,16:00:00.000,BBG000CSY9H9,0.003504023,0.00012966749,932547
20131119,16:00:00.000,BBG000BQWPC5,0.00018077348,-0.0019498812,1938269
20131119,16:00:00.000,BBG000BQZMH4,0.00024385782,-0.0038079123,2814948
20131119,16:00:00.000,BBG000BC4JJ4,0.005445147,0.0014547161,732357
20131119,16:00:00.000,BBG001QD41M9,-0.01615327,-0.026007872,3194508
20131119,16:00:00.000,BBG000BHLYS1,-0.0061512743,-0.0065262807,1212075
20131119,16:00:00.000,BBG000HG21Y3,0.030919194,0.016294064,802547
20131119,16:00:00.000,BBG000BHLYP4,0.013133909,0.01723754,1685080
20131119,16:00:00.000,BBG000DLFM21,-0.0020827895,-0.0081933355,599282
20131119,16:00:00.000,BBG000H9G7X2,0.010503656,0.009470208,2323535
20131119,16:00:00.000,BBG000BRRG02,0.004484485,-0.0024983492,278234
20131119,16:00:00.000,BBG000BBMSJ6,-0.025262324,-0.043726727,9432933
20131119,16:00:00.000,BBG000MM5VL9,-0.008404773,-0.018447783,1183155
20131119,16:00:00.000,BBG000C2V3D6,-0.009783273,-0.0042549716,2359579
20131119,16:00:00.000,BBG000G30YX4,-0.021515843,-0.020915082,846155
20131119,16:00:00.000,BBG000JN8R00,-0.010049073,-0.012943845,6450824
20131119,16:00:00.000,BBG000C2PW58,-0.001370913,-0.0051985313,308654
20131119,16:00:00.000,BBG000CGQ6M4,0.0017243093,-0.0004345702,632070
20131119,16:00:00.000,BBG000BCBCM7,0.004490869,-0.00904081,15244847
20131119,16:00:00.000,BBG000C3HSR0,-0.018515522,-0.031164978,2932153
20131119,16:00:00.000,BBG000BG09F5,-0.014914949,-0.019522188,1975296
20131119,16:00:00.000,BBG000BDXGP9,0.001758841,-0.00122692,2194556
20131119,16:00:00.000,BBG000BTVJ25,0.0020041864,-0.0005948066,2008664
20131119,16:00:00.000,BBG000BTKGG8,-0.0034325344,-0.0063947462,3376960
20131119,16:00:00.000,BBG000BLW530,-0.007048136,-0.015542316,1661156
20131119,16:00:00.000,BBG000BY2Y78,-0.0014110862,-0.0032631657,3558547
20131119,16:00:00.000,BBG000BJ2VQ6,0.0044102184,0.0034303577,1315060
20131119,16:00:00.000,BBG0039320N9,-0.006318935,-0.006326058,2501748
20131119,16:00:00.000,BBG000BRJ809,0.0024588562,0.0005149058,268058
20131119,16:00:00.000,BBG000TWC2V5,0.011047281,0.003749612,2205471
20131119,16:00:00.000,BBG0019JZ882,-0.007913781,-0.009542961,4437604
20131119,16:00:00.000,BBG000BF6LY3,0.005210792,-0.00112018,4643604
20131119,16:00:00.000,BBG000BYYLS8,0.00022562187,0.0005904937,2395678
20131119,16:00:00.000,BBG000BRWGG9,-0.00847473,-0.021255713,18097208
20131119,16:00:00.000,BBG000FW00S1,0.01625341,0.0030977523,4564696
20131119,16:00:00.000,BBG000BK67C7,0.00864361,0.005711928,1627621
20131119,16:00:00.000,BBG000FVXD63,0.021713702,0.023988027,1895310
20131119,16:00:00.000,BBG000D2M0Z7,-0.008248995,-0.014350952,852640
20131119,16:00:00.000,BBG000BLBXT4,0.0060594063,-0.005826649,932565
20131119,16:00:00.000,BBG000CS7CT9,0.0013031842,0.0027932487,2736326
20131119,16:00:00.000,BBG000BFMBQ6,0.0061250255,0.006182287,1237776
20131119,16:00:00.000,BBG000BBBNC6,-0.013658917,-0.009118342,1498401
20131119,16:00:00.000,BBG000G0Z878,-0.0055970442,-0.009696386,3980865
20131119,16:00:00.000,BBG000CR90K4,-0.009471431,-0.014599081,15814902
20131119,16:00:00.000,BBG000BQ2C28,-0.002537253,-0.0031654586,976123
20131119,16:00:00.000,BBG000BMBL90,-0.0009427981,-0.0035245938,1473074
20131119,16:00:00.000,BBG000BX5ZF5,0.024413548,0.011726418,11233315
20131119,16:00:00.000,BBG000BPT0C6,0.00070646935,-0.0025279578,1955901
20131119,16:00:00.000,BBG000BMY992,0.017137641,0.011359152,3908969
20131119,16:00:00.000,BBG000BL9JQ1,-0.008889999,-0.015223625,3193130
20131119,16:00:00.000,BBG000JG0547,0.029874036,0.030244885,6593792
20131119,16:00:00.000,BBG000BM7HL0,-0.01281897,-0.0242349,3227889
20131119,16:00:00.000,BBG000BRK7L6,0.0027589074,0.0016853547,3601810
20131119,16:00:00.000,BBG000BMQPL1,-0.00037616456,-0.003121658,10699429
20131119,16:00:00.000,BBG000C1FB75,,,1038872
20131119,16:00:00.000,BBG000CZWZ05,0.00036769206,-0.0059673456,0
20131119,16:00:00.000,BBG000R7RDB4,-0.011590334,-0.014334857,1330899
20131119,16:00:00.000,BBG000DTMH63,,,3688790
20131119,16:00:00.000,BBG000BTR593,0.028339118,0.031401146,5258381
20131119,16:00:00.000,BBG000BB6M98,-0.007507004,-0.012427462,5214937
20131119,16:00:00.000,BBG000C2BXK4,-0.020072669,-0.035333537,10351152
20131119,16:00:00.000,BBG000PVRDL2,-0.0033879902,-0.0050979992,3218462
20131119,16:00:00.000,BBG000BVMGF2,-0.0027824885,-0.0038723666,1210177
20131119,16:00:00.000,BBG000BCGY17,0.0013447603,-0.0018863278,1856586
20131119,16:00:00.000,BBG000CNFQW6,-0.0019713675,-0.00059061876,745030
20131119,16:00:00.000,BBG000BSD7C2,0.00017863908,-0.0008169518,1292648
20131119,16:00:00.000,BBG000FQ6PY6,-0.006768504,-0.010324227,1985079
20131119,16:00:00.000,BBG000BC15S7,-0.0033182735,-0.008128813,1324144
20131119,16:00:00.000,BBG000BVDLH9,-0.0036101083,-0.002778956,988228
20131119,16:00:00.000,BBG000GC80B4,-0.0034986814,0.0013533435,1470567
20131119,16:00:00.000,BBG000C0F570,2.5484218e-05,-0.0159919,3461929
20131119,16:00:00.000,BBG000D898T9,0.0043033403,0.0028582746,2292998
20131119,16:00:00.000,BBG000BG14P4,0.007918902,-0.019411322,2273669
20131119,16:00:00.000,BBG000DQTXY6,-0.0012544197,-0.0010366403,4502524
20131119,16:00:00.000,BBG000C1S2X2,0.017306201,0.010533158,1678026
20131119,16:00:00.000,BBG000BWSV34,-0.006635919,-0.008601007,857202
20131119,16:00:00.000,BBG000H0QBS7,-0.0017110711,-0.007699976,824279
20131119,16:00:00.000,BBG000BWNFZ9,0.007828428,-0.008619421,1887134
20131119,16:00:00.000,BBG000BS0ZF1,0.0029319013,0.0013874475,524611
20131119,16:00:00.000,BBG000CPQZ77,-0.01141012,-0.022629023,3955616
20131119,16:00:00.000,BBG001M8HHB7,0.018856728,0.00068483164,1347697
20131119,16:00:00.000,BBG000BH5DV1,0.0034587916,-0.0006815796,1047735
20131119,16:00:00.000,BBG000NV1KK7,-0.0028340912,-0.0033126178,2936068
20131119,16:00:00.000,BBG000DKCC19,0.051178332,0.046574697,8009823
20131119,16:00:00.000,BBG000CXYSZ6,-0.015963666,-0.022812387,1695013
20131119,16:00:00.000,BBG000BGLRN3,-0.0039346996,-0.0059019187,4264124
20131119,16:00:00.000,BBG000QRKJ70,-0.03357692,-0.057609387,21921956
20131119,16:00:00.000,BBG000BQ5DS5,-0.00059704774,-0.010547103,1164097
20131119,16:00:00.000,BBG000BV7LP7,0.014779913,0.006052317,4706639
20131119,16:00:00.000,BBG000BH5LT6,-0.007460271,-0.0042438717,3623609
20131119,16:00:00.000,BBG000R8ZVD1,0.0071864934,-0.0017940304,1488683
20131119,16:00:00.000,BBG000BRJL00,-0.0023204854,-0.0071208244,3049476
20131119,16:00:00.000,BBG000BB6WG8,0.006572715,0.0009782901,4027267
20131119,16:00:00.000,BBG000BJL3N0,-0.0031816035,-0.0044994666,5718335
20131119,16:00:00.000,BBG000QY3XZ2,0.009088402,-0.0034480887,1895613
20131119,16:00:00.000,BBG000LD9JQ8,-0.013821315,-0.027045535,1809314
20131119,16:00:00.000,BBG000Q3JN03,-0.0052284333,-0.0093112625,12190125
20131119,16:00:00.000,BBG000BH3JF8,-0.0047332454,-0.00549979,1561829
20131119,16:00:00.000,BBG000BR54L0,0.0012333612,-0.00328349,6603939
20131119,16:00:00.000,BBG000PX3XC0,-0.0105201,-0.011860336,2739375
20131119,16:00:00.000,BBG001YMS0B8,0.0025891445,-0.0013214647,2847691
20131119,16:00:00.000,BBG000BD8PN9,-0.005606912,-0.004828389,5321271
20131119,16:00:00.000,BBG000BRD0D8,0.003525816,0.002388881,1599342
20131119,16:00:00.000,BBG000BMDV41,-0.009762261,-0.018065281,4032133
20131119,16:00:00.000,BBG000BGVW60,0.0033420036,-0.0011815265,1999726
20131119,16:00:00.000,BBG000BKCFC2,-0.008945162,-0.011186047,3948021
20131119,16:00:00.000,BBG000BB9KF2,-0.0008257984,-0.0060027395,3399513
20131119,16:00:00.000,BBG000C0MF34,-0.005537106,-0.006936793,435722
20131119,16:00:00.000,BBG000BZ2GG4,0.0037315725,-0.009338883,2053124
20131119,16:00:00.000,BBG000C0LW92,0.034033637,0.032829158,11985097
20131119,16:00:00.000,BBG000BMW2Z0,-0.0028995343,-0.0011111832,1817165
20131119,16:00:00.000,BBG000F0KF42,0.0016762931,-0.013401059,3013168
20131119,16:00:00.000,BBG000BX3TD3,0.0025711895,-0.005451219,5672843
20131119,16:00:00.000,BBG000QX74T1,0.006825743,0.0017773128,239120
20131119,16:00:00.000,BBG000BWJFZ4,-0.008154444,-0.0085736755,515128
20131119,16:00:00.000,BBG000BKFBD7,-0.0014965676,-0.0011269462,1832649
20131119,16:00:00.000,BBG000JWD753,-0.0063331746,-0.02020362,3852721
20131119,16:00:00.000,BBG000M65M61,0.045294136,0.038752016,11912338
20131119,16:00:00.000,BBG000MBDGM6,-0.0120749315,-0.016196443,630379
20131119,16:00:00.000,BBG000BBVJZ8,0.046005927,0.04949398,11112305
20131119,16:00:00.000,BBG000BV8DN6,0.010070936,0.010079516,3508655
20131119,16:00:00.000,BBG000BH2JM1,0.0032559354,-0.0042269756,6038547
20131119,16:00:00.000,BBG000BGJRC8,-0.0033396273,-0.012483798,5908004
20131119,16:00:00.000,BBG000QBR5J5,-0.0048362548,-0.004814963,2208048
20131119,16:00:00.000,BBG000BSLZY7,0.004619311,0.00286666,10233209
20131119,16:00:00.000,BBG000BJSBJ0,-0.0124942,-0.019430723,3664705
20131119,16:00:00.000,BBG000BJ81C1,-0.0017690617,-0.0011346056,1187734
20131119,16:00:00.000,BBG000BFL116,-0.015486773,-0.039130673,4758024
20131119,16:00:00.000,BBG000HCJMF9,0.0036246623,0.0038355514,1777634
20131119,16:00:00.000,BBG000FV1Z23,0.00042018964,-0.010091614,1171331
20131119,16:00:00.000,BBG000BBDV81,0.0012417049,-0.0011755154,1827251
20131119,16:00:00.000,BBG000FJLFX8,-0.0054136943,-0.003397214,2726055
20131119,16:00:00.000,BBG000J6XT05,-0.00816487,-0.011766292,6213353
20131119,16:00:00.000,BBG000BCWCG1,-0.09505361,-0.10974612,31053944
20131119,16:00:00.000,BBG000BJPDZ1,-0.0045965128,0.0034468886,135082
20131119,16:00:00.000,BBG000BPQD31,0.0016729675,0.0023914902,4116459
20131119,16:00:00.000,BBG000C734W3,0.003441911,-0.0020413578,498793
20131119,16:00:00.000,BBG000C3GN47,0.006523701,0.006388278,3767624
20131119,16:00:00.000,BBG000BFRF55,0.015990632,0.0021810527,7071251
20131119,16:00:00.000,BBG000BGPTV6,-0.0010740149,-0.014814602,861902
20131119,16:00:00.000,BBG000BM5SR2,0.0045547397,-0.0017671525,3827817
20131119,16:00:00.000,BBG000BN5HF7,-0.0066870768,-0.008691823,3263578
20131119,16:00:00.000,BBG000BBD070,0.007066134,-0.0003657954,1696901
20131119,16:00:00.000,BBG000BVPPM1,0.021273682,0.012097578,5019149
20131119,16:00:00.000,BBG000DYGNW7,0.0033658054,0.0025188148,868276
20131119,16:00:00.000,BBG000BCG930,0.013756774,0.017475536,3690140
20131119,16:00:00.000,BBG000BHGDH5,-0.0005032754,-0.006010178,2312794
20131119,16:00:00.000,BBG000BJ3PD2,-0.00145925,-0.010959721,2076878
20131119,16:00:00.000,BBG000BFQYY3,0.0020901607,0.0018416017,1818387
20131119,16:00:00.000,BBG000BY29C7,0.00050820183,-0.0014814558,2381728
20131119,16:00:00.000,BBG000C1BW00,0.010662873,0.007870073,875856
20131119,16:00:00.000,BBG000BD4VG8,0.009599591,-0.0031399291,2811306
20131119,16:00:00.000,BBG000BHQ1H0,0.00888157,0.0111308545,2710704
20131119,16:00:00.000,BBG000BB5006,-0.0028122868,-0.015193542,3056922
20131119,16:00:00.000,BBG000BKFZM4,0.0092316475,0.0041704928,7715075
20131119,16:00:00.000,BBG000BWVCP8,4.716627e-05,-0.007368012,5869253
20131119,16:00:00.000,BBG000FH8PX5,-0.013013175,-0.0131318085,1076136
20131119,16:00:00.000,BBG000BHX7N2,0.0030754206,-0.0038462088,1867409
20131119,16:00:00.000,BBG000WCFV84,-0.0055523296,-0.010448108,2775748
20131119,16:00:00.000,BBG000BBPFB9,0.009827638,-0.0023673056,8363754
20131119,16:00:00.000,BBG000FL1TC8,0.009092795,0.006609814,3058545
20131119,16:00:00.000,BBG000F6H8W8,0.0050362838,0.0024734365,1131572
20131119,16:00:00.000,BBG000BGKTF9,-0.006006504,-0.0024484089,2184156
20131119,16:00:00.000,BBG000C8H633,0.0080888,0.011501188,5869296
20131119,16:00:00.000,BBG000H89QJ6,0.010605661,0.0059246286,2091532
20131119,16:00:00.000,BBG0014GG205,-0.016892515,-0.032317143,10409980
20131119,16:00:00.000,BBG000BFXHL6,-0.010484244,-0.0134232445,3195312
20131119,16:00:00.000,BBG000BH3GZ2,0.0054120324,0.004902827,1895267
20131119,16:00:00.000,BBG000BT9DW0,-0.0025235116,-0.0063754977,4931009
20131119,16:00:00.000,BBG000FP1N32,0.008140994,0.0002471524,2620178
20131119,16:00:00.000,BBG000FNRZ69,0.007032087,-0.0072530066,4749323
20131119,16:00:00.000,BBG000D42FJ0,-0.041093063,-0.06275598,11009169
20131119,16:00:00.000,BBG00286S4N9,0.013487864,0.008182083,2709053
20131119,16:00:00.000,BBG0025Y4RY4,-0.00644074,-0.008388614,3676863
20131119,16:00:00.000,BBG000BFDXW1,0.006269849,-0.008263947,8043176
20131119,16:00:00.000,BBG0029SNR63,-0.00485593,-0.01260099,3273231
20131119,16:00:00.000,BBG000G2R6M0,0.00028876265,0.0014490907,4741638
20131119,16:00:00.000,BBG000BCVJ77,-0.0027570575,0.004503584,4359384
20131119,16:00:00.000,BBG000BL4504,-0.00035586488,-0.005113889,11132969
20131119,16:00:00.000,BBG000BC2C10,0.00403292,0.011087374,3196635
20131119,16:00:00.000,BBG000B9WH86,0.024426807,0.020122314,23687810
20131119,16:00:00.000,BBG000BJX8C8,0.005227709,-0.0034751776,2645785
20131119,16:00:00.000,BBG000H556T9,0.0005418119,-0.004192756,1653990
20131119,16:00:00.000,BBG000C496P7,-0.0050721727,-0.012413254,3610139
20131119,16:00:00.000,BBG000FG3C43,0.0030985519,-0.013242155,3555805
20131119,16:00:00.000,BBG000BNWG87,-0.011585539,-0.0058325897,4751970
20131119,16:00:00.000,BBG000BNBDC2,-0.006886461,-0.001567214,3248328
20131119,16:00:00.000,BBG000BJ98Z0,-0.019532498,-0.03153809,3164587
20131119,16:00:00.000,BBG000Q2HM09,-0.004170067,-0.021572847,3731023
20131119,16:00:00.000,BBG000D9D830,-1.0851039e-05,-0.00076423254,2112105
20131119,16:00:00.000,BBG000CJZ2W6,-0.027794216,-0.038839053,3815180
20131119,16:00:00.000,BBG000BH13K9,-0.0028266653,-0.0035651356,3235131
20131119,16:00:00.000,BBG000C46HM9,-0.00034462317,-0.0009899889,3917393
20131119,16:00:00.000,BBG000BWXBC2,0.0016966779,0.00063161814,4133285
20131119,16:00:00.000,BBG000BN2DC2,-0.03543458,-0.049914688,15551444
20131119,16:00:00.000,BBG000BTZQC4,0.0012075115,0.00030823593,6879639
20131119,16:00:00.000,BBG001DCCGR8,0.02532977,0.0184748,4594780
20131119,16:00:00.000,BBG000BB6KF5,0.0028040027,0.0024905396,5244260
20131119,16:00:00.000,BBG000DHSPT0,0.0042908085,0.00075432844,3112719
20131119,16:00:00.000,BBG000F0PF65,-0.0051053003,-0.008528678,3376934
20131119,16:00:00.000,BBG000BH1NH9,-0.008251821,-0.010041665,4916175
20131119,16:00:00.000,BBG000BVV7G1,0.0061374456,-0.006831619,3316127
20131119,16:00:00.000,BBG000BPWXK1,0.009837599,0.012210694,4929417
20131119,16:00:00.000,BBG000BJF1Z8,-0.012285397,-0.022897186,2869847
20131119,16:00:00.000,BBG000BXRPH1,-0.009173566,-0.014298497,2526315
20131119,16:00:00.000,BBG000BC40Y8,0.00196198,0.0035399257,2192954
20131119,16:00:00.000,BBG000BBGGQ1,-0.005986833,-0.013511395,8276253
20131119,16:00:00.000,BBG000C17X76,0.016893277,0.017179236,1127915
20131119,16:00:00.000,BBG000BP6LJ8,-0.0057197213,-0.005521533,5326067
20131119,16:00:00.000,BBG000B9ZXB4,0.016172333,0.020028645,9323174
20131119,16:00:00.000,BBG000BMF5J0,0.00819275,0.0034474556,27420212
20131119,16:00:00.000,BBG000C5HS04,-0.0055520376,-0.009925527,2917472
20131119,16:00:00.000,BBG000BLZRJ2,0.002204039,0.0006595704,9006483
20131119,16:00:00.000,BBG000L9CV04,0.001572166,-0.0058238246,2545041
20131119,16:00:00.000,BBG000BWLMJ4,-0.021260638,-0.025286011,5829508
20131119,16:00:00.000,BBG000D4LWF6,-0.00038537083,-0.007361014,4968546
20131119,16:00:00.000,BBG000BCQZS4,-0.00077031704,0.001457878,2527357
20131119,16:00:00.000,BBG000H8TVT2,-0.000739996,0.0025573263,3109056
20131119,16:00:00.000,BBG000FFDM15,0.006292383,0.008871614,7771073
20131119,16:00:00.000,BBG000BFWKC0,-0.00621531,-0.0031593142,2164189
20131119,16:00:00.000,BBG000BP52R2,-0.0013767938,-0.0005755774,2336948
20131119,16:00:00.000,BBG000C15T95,0.0044081407,-0.0016912954,4478100
20131119,16:00:00.000,BBG000BZ9223,-0.0047948402,-0.0040047006,1443044
20131119,16:00:00.000,BBG000BHBK84,0.0025686268,-0.0040141675,5643899
20131119,16:00:00.000,BBG000CTQBF3,-0.0043666814,-0.0076973005,3769555
20131119,16:00:00.000,BBG000BW8S60,0.0019909756,-0.0005497173,1643675
20131119,16:00:00.000,BBG000BB07P9,0.009036638,0.009624416,11160954
20131119,16:00:00.000,BBG000CH5208,-0.0033700902,-0.00097568514,3648189
20131119,16:00:00.000,BBG000BW3299,0.0012798624,-0.0073458273,1601119
20131119,16:00:00.000,BBG000DQLV23,0.001511273,0.0021194972,4727033
20131119,16:00:00.000,BBG000DWYF03,-0.010324538,-0.014812716,9151060
20131119,16:00:00.000,BBG000BGRY34,-0.003064585,-0.0035151264,3722826
20131119,16:00:00.000,BBG000F1ZSQ2,-0.00818011,-0.011182052,297647
20131119,16:00:00.000,BBG000BQQ2S6,-0.004269895,-0.0020599628,2615831
20131119,16:00:00.000,BBG000KHWT55,0.008487814,-0.0007986963,12511830
20131119,16:00:00.000,BBG000BNDN65,-0.002939817,-0.0088413805,11451736
20131119,16:00:00.000,BBG000R7Z112,-0.00408547,-0.009955476,12917148
20131119,16:00:00.000,BBG000BQQH30,-0.0088587925,-0.0009678213,6527784
20131119,16:00:00.000,BBG000BBS2Y0,-0.0100739505,-0.0049124085,1893751
20131119,16:00:00.000,BBG000J2XL74,0.00197102,-0.0018544263,2856346
20131119,16:00:00.000,BBG000BJDB15,-0.0030973624,-0.002466838,7163284
20131119,16:00:00.000,BBG000DWG505,0.00028868573,-0.0008623282,2291161
20131119,16:00:00.000,BBG000DH7JK6,-0.0047272397,-0.006755184,3728777
20131119,16:00:00.000,BBG000BKTFN2,0.000106817664,-0.010858827,7706174
20131119,16:00:00.000,BBG000BF0K17,0.002932621,-0.004641255,4691976
20131119,16:00:00.000,BBG000BFC8J2,0.0076720784,0.009542965,3009478
20131119,16:00:00.000,BBG000BH4R78,-0.0027659903,-0.0054669376,4404122
20131119,16:00:00.000,BBG000NDYB67,-0.008115971,-0.015026935,17805832
20131119,16:00:00.000,BBG000C6CFJ5,0.00095837243,0.005673304,2552562
20131119,16:00:00.000,BBG000BQLTW7,-0.00043872622,-0.0045823087,13361217
20131119,16:00:00.000,BBG000BNSZP1,-0.0020903035,0.0034824272,3448806
20131119,16:00:00.000,BBG000BBDZG3,-0.007725969,-0.003473358,6668887
20131119,16:00:00.000,BBG000BHVJJ3,0.0016512651,-0.0033466425,11504121
20131119,16:00:00.000,BBG000BFT2L4,0.0021400815,0.0010551733,5561315
20131119,16:00:00.000,BBG000C43RR5,0.00165178,0.00076927256,9576712
20131119,16:00:00.000,BBG000Q9HH23,0.009268705,-0.0033318903,1630583
20131119,16:00:00.000,BBG000BCSST7,-0.0060489364,-0.009902385,3609618
20131119,16:00:00.000,BBG000BMX289,0.0006897192,-0.0009959012,10390973
20131119,16:00:00.000,BBG000GFFQN9,-0.0046777185,-0.010289973,12423591
20131119,16:00:00.000,BBG000BT41Q8,-0.00464225,-0.008041562,5759416
20131119,16:00:00.000,BBG000CKGBP2,0.008980644,0.009711695,6733633
20131119,16:00:00.000,BBG000BKZB36,0.011354145,0.008909197,11392841
20131119,16:00:00.000,BBG000BLBVN4,0.0022785743,-0.007923788,486481
20131119,16:00:00.000,BBG000PSKYX7,-0.010134461,-0.012801731,2555821
20131119,16:00:00.000,BBG000BPD168,-0.0052230107,0.0012500744,7719560
20131119,16:00:00.000,BBG000HS77T5,0.0027682413,0.00019649538,7160014
20131119,16:00:00.000,BBG000BVPV84,0.01049398,-0.0032232264,1765985
20131119,16:00:00.000,BBG000BR2TH3,-0.00559673,-0.0026018114,6315864
20131119,16:00:00.000,BBG000BQPC32,0.0022970731,-0.006479995,25963588
20131119,16:00:00.000,BBG000CGC1X8,-0.00094881735,-0.0015282672,9025013
20131119,16:00:00.000,BBG000BMHYD1,0.0013246733,0.0064729983,5521162
20131119,16:00:00.000,BBG000K4ND22,0.007922844,0.012484369,5218300
20131119,16:00:00.000,BBG000C0G1D1,0.013349819,0.004066045,22626412
20131119,16:00:00.000,BBG000C5Z1S3,0.006508821,-0.011407905,47365224
20131119,16:00:00.000,BBG000BWQFY7,0.003422245,0.00322574,12554084
20131119,16:00:00.000,BBG000BLNNH6,0.0011002481,0.003740044,4219966
20131119,16:00:00.000,BBG000BR2B91,-0.01630373,-0.010932691,25805416
20131119,16:00:00.000,BBG000BSJK37,0.0016241136,0.0030894715,11249523
20131119,16:00:00.000,BBG000C3J3C9,0.004772864,0.005635121,52698672
20131119,16:00:00.000,BBG000BK6MB5,-0.004540329,-0.0062489123,33694204
20131119,16:00:00.000,BBG000CL9VN6,0.0037516002,-0.013399067,2383186
20131119,16:00:00.000,BBG000GZQ728,-0.00037421478,0.00010546872,11923825
20131119,16:00:00.000,BBG000DMBXR2,0.005188538,0.0077149537,21288264
20131119,16:00:00.000,BBG000FY4S11,0.0067319497,0.007479958,18757892
20131119,16:00:00.000,BBG000N9MNX3,0.053481076,0.03739515,18331262
20131119,16:00:00.000,BBG000BCTLF6,0.015932562,0.01876018,154574336
20131119,16:00:00.000,BBG000BPH459,0.0012400007,-0.004876956,41421604
20131119,16:00:00.000,BBG000BHSKN9,-0.005043586,-0.0064162863,1041769
20131119,16:00:00.000,BBG000MM2P62,0.019213086,0.011344436,73308336
20131119,16:00:00.000,BBG000B9XRY4,0.0058781514,0.0016000756,6712385
