Date,Time,Id,CumReturnResid,CumReturnRaw,CumVolume
20140717,09:45:00.000,BBG000PCQQL6,-0.00041738444,0.0012188368,93111
20140717,09:45:00.000,BBG000BJP882,-0.0003223157,-0.0025276204,22138
20140717,09:45:00.000,BBG000BMFFQ0,-0.00096669415,-0.005795213,25670
20140717,09:45:00.000,BBG000K1J931,0.0052741007,-0.0039856075,142173
20140717,09:45:00.000,BBG000BQ87N0,-0.0008090525,-0.0043979525,48068
20140717,09:45:00.000,BBG000BBCQD7,0.0049643354,0.003543924,108583
20140717,09:45:00.000,BBG000BQHGR6,0.005994791,0.0030669952,52079
20140717,09:45:00.000,BBG000C75N77,-0.0046577966,-0.009629463,92495
20140717,09:45:00.000,BBG000BJ8YN7,-0.00065790635,-0.004833611,83758
20140717,09:45:00.000,BBG000BLXZN1,0.0014624693,-0.0023788835,90161
20140717,09:45:00.000,BBG000BV4XJ1,0.0085885925,0.0074987803,18958
20140717,09:45:00.000,BBG000QKPTS5,-0.003884894,-0.008726408,49749
20140717,09:45:00.000,BBG000BV75B7,-0.0004343896,-0.004545345,27314
20140717,09:45:00.000,BBG000CB8Q50,-0.005689911,-0.0052070925,37045
20140717,09:45:00.000,BBG000BNPSQ9,-0.0055724503,-0.003187836,148935
20140717,09:45:00.000,BBG000H4YVR7,0.0035342458,0.0050834883,33012
20140717,09:45:00.000,BBG000JB27Y9,0.0021426838,0.0006764543,28737
20140717,09:45:00.000,BBG000BVHBM1,0.0015230059,-0.01888862,162693
20140717,09:45:00.000,BBG000BQSQ38,0.00018115726,-0.0013071962,57859
20140717,09:45:00.000,BBG001XJRMF5,0.009928547,0.017759599,97769
20140717,09:45:00.000,BBG000BNGTQ7,-0.0019823227,-0.0065417867,68026
20140717,09:45:00.000,BBG000B9X8C0,0.0015642719,-0.0025172413,29957
20140717,09:45:00.000,BBG000GPXKX9,-0.004048607,-0.003455511,19227
20140717,09:45:00.000,BBG000BV7LP7,0.0012833625,-0.0017320144,40884
20140717,09:45:00.000,BBG001NY45K9,-0.007101928,-0.0075255856,114020
20140717,09:45:00.000,BBG000L8CBX4,-0.0033748723,8.888486e-05,7730
20140717,09:45:00.000,BBG000BHCP19,0.0027826042,-0.004821144,39214
20140717,09:45:00.000,BBG000JKCWS0,0.007909062,0.004349268,18597
20140717,09:45:00.000,BBG000CPHYL4,0.0019079114,0.0024630579,76332
20140717,09:45:00.000,BBG000F86GP6,0.0020876755,0.0017185635,22271
20140717,09:45:00.000,BBG000V31J96,0.00021936191,-0.002208883,82496
20140717,09:45:00.000,BBG000BWVSR1,-0.002124847,-0.0034717408,36098
20140717,09:45:00.000,BBG000DLVDK3,0.014630584,0.01982298,206927
20140717,09:45:00.000,BBG003641015,0.0021739043,-0.00089227664,34896
20140717,09:45:00.000,BBG000BQD1J2,0.00018184388,0.002149616,1742847
20140717,09:45:00.000,BBG000BWXL85,0.00027242594,0.0020971932,43945
20140717,09:45:00.000,BBG001J1QN87,0.0037092487,0.008754112,31132
20140717,09:45:00.000,BBG000BFJ645,0.0019125763,-0.0019656024,360760
20140717,09:45:00.000,BBG000BPZBB6,-0.00094439014,-0.0045216708,34911
20140717,09:45:00.000,BBG000RNTSX0,-0.0012548767,-0.0031365238,58619
20140717,09:45:00.000,BBG000C23KJ3,0.005916931,0.0006557815,117695
20140717,09:45:00.000,BBG000CZWZ05,-0.0011461149,-0.0011533593,130116
20140717,09:45:00.000,BBG000CR90K4,-0.0069932155,-0.01605616,3687959
20140717,09:45:00.000,BBG000BBL0Y1,0.0033853787,0.0012132645,49138
20140717,09:45:00.000,BBG000BKQG80,0.0013257895,0.0014442259,9222
20140717,09:45:00.000,BBG000K14Q84,-0.0069479537,-0.012223274,176237
20140717,09:45:00.000,BBG000Q0BPZ4,0.005574089,-0.0026016077,21314
20140717,09:45:00.000,BBG000BHB3M6,-0.005094926,-0.013762656,99279
20140717,09:45:00.000,BBG000BLMZK6,-0.0008389988,-0.008460809,88533
20140717,09:45:00.000,BBG000QFJ7H3,0.0017481536,0.00072182546,81133
20140717,09:45:00.000,BBG000BLDV98,0.0046428316,-0.00015370564,52545
20140717,09:45:00.000,BBG000PLXQQ3,0.0008950572,-6.6513294e-08,54879
20140717,09:45:00.000,BBG000BGYMH7,0.0018209526,-0.0036244646,13238
20140717,09:45:00.000,BBG000H9G7X2,-0.0017150643,-0.007832777,82176
20140717,09:45:00.000,BBG000BRZJR8,-0.0050467215,-0.0044485996,95977
20140717,09:45:00.000,BBG000BJDPC2,-0.0076990053,-0.008545563,80036
20140717,09:45:00.000,BBG000BDY3Y7,-0.002227546,-0.0025941445,59685
20140717,09:45:00.000,BBG000BPNP00,0.0042006145,-0.0038757538,87179
20140717,09:45:00.000,BBG000BBB3K1,0.008826357,0.010750778,356902
20140717,09:45:00.000,BBG000BFV115,0.005520142,0.003577715,66337
20140717,09:45:00.000,BBG000CXD6X9,-0.007893774,-0.0067877956,123919
20140717,09:45:00.000,BBG000QN4GY3,-0.000854251,-0.007316604,43096
20140717,09:45:00.000,BBG000BWCKB6,-0.0017260866,-0.0047075497,99045
20140717,09:45:00.000,BBG000BKXFN7,0.00031073956,-0.0044885976,113431
20140717,09:45:00.000,BBG000F9KJN4,0.0035872832,0.003161332,28922
20140717,09:45:00.000,BBG000BQV1S2,0.0075278166,0.0030868964,16077
20140717,09:45:00.000,BBG000BTQR96,0.00045419871,-0.0085211685,58967
20140717,09:45:00.000,BBG000F6ZWH2,0.0010184661,-0.004426201,33316
20140717,09:45:00.000,BBG000BMZ7P7,-0.0015646577,-0.0013221138,35258
20140717,09:45:00.000,BBG000BB29X4,0.0024594876,-0.0013781367,28799
20140717,09:45:00.000,BBG000BBCDZ2,-0.0036997013,-0.006409788,25184
20140717,09:45:00.000,BBG000C6F3T8,0.014042886,0.0053208084,1700237
20140717,09:45:00.000,BBG000BFVXX0,0.00054034265,-0.002647683,47421
20140717,09:45:00.000,BBG000G6BN50,0.0022612908,-0.007237489,14362
20140717,09:45:00.000,BBG000BRXP69,0.0058648097,0.004109036,16360
20140717,09:45:00.000,BBG000BPMH90,0.020475192,0.0171275,231302
20140717,09:45:00.000,BBG000D9DMK0,-0.0014752188,-0.0008927849,76766
20140717,09:45:00.000,BBG000D14WM3,0.0026169836,4.222092e-08,762395
20140717,09:45:00.000,BBG000PVRDL2,0.0015190123,0.0067346026,280087
20140717,09:45:00.000,BBG000BSC0K9,-0.00076504156,-0.0012828346,54787
20140717,09:45:00.000,BBG000R0L5J4,0.005554202,0.0021549014,58971
20140717,09:45:00.000,BBG000JH6683,0.013918657,0.015112155,104616
20140717,09:45:00.000,BBG000BG14P4,0.0036041923,-0.0067435517,85679
20140717,09:45:00.000,BBG000D9KWL9,0.014157116,0.00961079,68478
20140717,09:45:00.000,BBG000BKWSR6,-0.0067131384,-0.010389589,637967
20140717,09:45:00.000,BBG000BC9938,0.005655388,0.007923175,90021
20140717,09:45:00.000,BBG000BB1TH9,-0.0027655435,-0.007655272,30517
20140717,09:45:00.000,BBG000BJ49H3,-0.00051455694,-0.000920883,90013
20140717,09:45:00.000,BBG000BFS7D3,-0.00049247086,-0.0013497333,31413
20140717,09:45:00.000,BBG000BN9WT5,0.0016880813,-0.0060451142,36358
20140717,09:45:00.000,BBG000BKR1D6,-0.0024430947,-0.007698827,118614
20140717,09:45:00.000,BBG000BFRF55,0.0032755083,-0.006999651,539296
20140717,09:45:00.000,BBG000BKTT89,-0.0015273236,-0.011686319,52067
20140717,09:45:00.000,BBG000BQ8KV2,-3.4099416e-05,-0.007821079,65004
20140717,09:45:00.000,BBG000BQVWZ6,0.0018331466,-0.004046526,209759
20140717,09:45:00.000,BBG000BHKYH4,-0.005422811,-0.005607686,52593
20140717,09:45:00.000,BBG000BS7KS3,-0.004219353,-0.0030370008,18489
20140717,09:45:00.000,BBG000CGT2S4,-0.01852786,-0.01960422,301320
20140717,09:45:00.000,BBG000F7RCJ1,-0.0044872807,-0.010468047,68889
20140717,09:45:00.000,BBG000BMTFR4,3.3993292e-05,-0.0046548024,54930
20140717,09:45:00.000,BBG000TJM7F0,-0.004457667,-0.0032027334,28301
20140717,09:45:00.000,BBG000BMKDM3,-9.6018455e-05,-0.0027266447,54318
20140717,09:45:00.000,BBG000FLZN98,0.005222155,-0.006839022,18762
20140717,09:45:00.000,BBG000BKLH74,0.0030007788,-0.0002513574,354174
20140717,09:45:00.000,BBG000BCTQ65,-6.830595e-05,-0.0042566597,97504
20140717,09:45:00.000,BBG000D1QCF1,0.00076842954,-0.0032585994,52989
20140717,09:45:00.000,BBG000BSXQV7,0.034183808,0.03183483,135083
20140717,09:45:00.000,BBG000BG09F5,-0.0056575574,-0.005917564,37523
20140717,09:45:00.000,BBG000FLPRH1,-0.005462641,-0.0018301571,52694
20140717,09:45:00.000,BBG000PV2L86,0.0021904754,-0.0045800656,8886
20140717,09:45:00.000,BBG000BGYWY6,0.0006716168,-0.004450143,17464
20140717,09:45:00.000,BBG000C060M4,0.0038652818,0.0015326056,7802
20140717,09:45:00.000,BBG000BDXGP9,-0.0061483653,-0.008097165,258349
20140717,09:45:00.000,BBG000BGD7W6,0.00017267735,-0.002085872,75119
20140717,09:45:00.000,BBG000BP8Z50,-0.0011777529,-0.004264084,29466
20140717,09:45:00.000,BBG000HW5GX3,0.0018924407,-0.0005580348,103259
20140717,09:45:00.000,BBG000C4ZZ10,-0.0023573234,-0.004487091,8865
20140717,09:45:00.000,BBG000BNNYW1,-0.054875575,-0.060473986,1391486
20140717,09:45:00.000,BBG000BR37X2,0.0034380427,0.004092372,183798
20140717,09:45:00.000,BBG000BLW530,0.0025554965,-0.0035865882,34445
20140717,09:45:00.000,BBG000BF1R66,0.0013879549,0.0012253134,32087
20140717,09:45:00.000,BBG000BKNX95,-0.0017298397,-0.0042865425,56543
20140717,09:45:00.000,BBG000BWP7D9,0.002062123,-0.002767431,30459
20140717,09:45:00.000,BBG000BBMSJ6,0.004446508,-0.0047242776,53686
20140717,09:45:00.000,BBG000DN7P92,0.002613861,0.0013978474,93160
20140717,09:45:00.000,BBG000BCZYD3,-0.0017713119,-0.002646993,20128
20140717,09:45:00.000,BBG000CVWGS6,-0.004550408,-0.0021729453,182327
20140717,09:45:00.000,BBG000BLHRS2,-0.001046186,-0.0021112966,78755
20140717,09:45:00.000,BBG000BY2Y78,0.0031060013,-0.00013034364,36047
20140717,09:45:00.000,BBG000BK6G19,0.024581093,0.023321047,420043
20140717,09:45:00.000,BBG002S5ZRF9,0.012993801,0.008569357,30936
20140717,09:45:00.000,BBG000BNC3Y9,0.0013150338,-0.0017132427,46596
20140717,09:45:00.000,BBG000BTCH57,-0.0006141995,-0.0054454785,42486
20140717,09:45:00.000,BBG000BB03M1,0.004995912,-0.00014512065,57801
20140717,09:45:00.000,BBG000BN84F3,-0.004535004,-0.0042272178,35085
20140717,09:45:00.000,BBG000BB5BF6,0.010677525,0.003490957,102399
20140717,09:45:00.000,BBG000FDBX90,0.0017639037,-0.0016047963,148653
20140717,09:45:00.000,BBG000RGM5P1,0.004135262,-0.00047658235,57907
20140717,09:45:00.000,BBG000BB5373,0.004541501,0.0022771864,201811
20140717,09:45:00.000,BBG000BFDLV8,-0.0014152271,-0.0035480787,47599
20140717,09:45:00.000,BBG000BGRKT6,0.0025198052,0.0026372755,18747
20140717,09:45:00.000,BBG000BTVJ25,-0.0033336128,-0.007282449,91235
20140717,09:45:00.000,BBG000BVMPN3,-0.00061443023,-0.0031134763,48465
20140717,09:45:00.000,BBG000C2ZCH8,0.0009786063,-0.0016631759,12758
20140717,09:45:00.000,BBG0014GJCT9,0.0024507407,-1.4768304e-07,97816
20140717,09:45:00.000,BBG000C11MQ5,-9.331514e-05,-0.0005871571,38451
20140717,09:45:00.000,BBG003P9ZSL3,-0.0022392874,-0.0006067061,45447
20140717,09:45:00.000,BBG000BX5ZF5,-0.0036088408,-0.006228003,339197
20140717,09:45:00.000,BBG000C2V3D6,-0.014929929,-0.01764236,532452
20140717,09:45:00.000,BBG000BQVTF5,-0.0019182995,-0.0048408904,50408
20140717,09:45:00.000,BBG000D2M0Z7,-0.0039099674,-0.0064638904,16221
20140717,09:45:00.000,BBG000CHPY97,-0.0045404844,-0.00682569,157937
20140717,09:45:00.000,BBG000N746D6,0.007344504,0.0037887115,254965
20140717,09:45:00.000,BBG000M1R011,0.0069731777,0.010300177,22547
20140717,09:45:00.000,BBG000BHLYP4,0.0034598808,0.0013308973,22091
20140717,09:45:00.000,BBG000BB6G37,0.002591288,-0.004937067,40089
20140717,09:45:00.000,BBG000BR14K5,0.0024271335,0.0020070565,56352
20140717,09:45:00.000,BBG000PX3XC0,-0.0013427865,-0.0044335015,172689
20140717,09:45:00.000,BBG000J1QLT0,-0.0051192716,-0.0024072372,33923
20140717,09:45:00.000,BBG0039320N9,-0.003391419,-0.006132023,146159
20140717,09:45:00.000,BBG000BC4JJ4,0.0013990997,-0.0029661283,35612
20140717,09:45:00.000,BBG000BM7HL0,-0.005153525,-0.002255819,63626
20140717,09:45:00.000,BBG000BP1Q11,-0.005547714,-0.0033886675,70645
20140717,09:45:00.000,BBG000BF6LY3,0.0008257425,-0.006533098,93001
20140717,09:45:00.000,BBG000BF5RY1,0.0037054266,0.0028859153,138051
20140717,09:45:00.000,BBG000BFTJ91,-0.004027267,-0.00045726512,116498
20140717,09:45:00.000,BBG000BR54L0,0.0040267743,-0.016028184,373999
20140717,09:45:00.000,BBG000J5Q6L2,0.0011042488,0.0018421774,468709
20140717,09:45:00.000,BBG000BCWCG1,-0.010932812,-0.0187389,237274
20140717,09:45:00.000,BBG000TWC2V5,-0.0009532159,-0.004193662,23343
20140717,09:45:00.000,BBG000BCYP43,0.0017487124,-7.1089715e-05,13438
20140717,09:45:00.000,BBG000C221G9,-0.0025201947,-0.0132450415,125550
20140717,09:45:00.000,BBG000BZTW70,-0.0024615559,-0.007053101,156373
20140717,09:45:00.000,BBG000BKZTP3,-0.0031808692,-0.0022509962,52016
20140717,09:45:00.000,BBG000R8ZVD1,0.003442584,-0.002755601,101795
20140717,09:45:00.000,BBG000CKVSG8,-0.0061427983,-0.00891701,66618
20140717,09:45:00.000,BBG000DNTSP4,0.0055828937,0.0011715326,91168
20140717,09:45:00.000,BBG000BP4MH0,0.0021844339,0.0010563271,79548
20140717,09:45:00.000,BBG000BR3KL6,0.0022788534,-0.006861503,31096
20140717,09:45:00.000,BBG000BJQWD2,0.0024092686,0.0029619795,52111
20140717,09:45:00.000,BBG000G0Z878,-0.0033647525,-0.0049374984,75255
20140717,09:45:00.000,BBG000D7RKJ5,0.0015880215,-0.0020249952,58439
20140717,09:45:00.000,BBG000G9CGL0,-0.0022711384,-0.004506724,59221
20140717,09:45:00.000,BBG000DTMH63,0.0030643265,-0.005141443,222715
20140717,09:45:00.000,BBG0029BK2G7,-0.008540311,-0.005082654,75829
20140717,09:45:00.000,BBG000G3QLY3,0.0037670312,0.0012274543,26764
20140717,09:45:00.000,BBG000BP0KQ8,0.006440597,0.010235735,265089
20140717,09:45:00.000,BBG001NVJ6W4,-0.025809338,-0.029517908,325159
20140717,09:45:00.000,BBG000BSBZH7,0.004625745,0.0008851752,324745
20140717,09:45:00.000,BBG000BHGCD1,-0.0022099824,-0.005706256,25083
20140717,09:45:00.000,BBG000BL9JQ1,-0.004574782,-0.007807942,100657
20140717,09:45:00.000,BBG000BH5DV1,-0.0066285874,-0.002943482,48978
20140717,09:45:00.000,BBG000QW7VC1,0.0027611793,0.004344569,479257
20140717,09:45:00.000,BBG000DQTXY6,-0.007439349,-0.02794091,544039
20140717,09:45:00.000,BBG000QY3XZ2,-2.9376994e-05,-0.0022047153,34552
20140717,09:45:00.000,BBG000BBBNC6,0.007970423,0.0060226573,116762
20140717,09:45:00.000,BBG000F15NW9,0.0006354801,-0.0011822912,104299
20140717,09:45:00.000,BBG000BNNKG9,1.26057885e-05,-0.010302134,180054
20140717,09:45:00.000,BBG000BFXHL6,-0.0034430507,-0.007532176,123799
20140717,09:45:00.000,BBG000BRRG02,-0.00096733664,-0.004124583,42755
20140717,09:45:00.000,BBG000BHLYS1,0.0020635487,-0.0029118995,81874
20140717,09:45:00.000,BBG000CGQ6M4,-0.003168185,-0.007193776,28436
20140717,09:45:00.000,BBG000C1S2X2,-0.0005950107,-0.0018076828,69249
20140717,09:45:00.000,BBG000C7LMS8,-0.0018055576,-0.0064235777,4156
20140717,09:45:00.000,BBG000MDCQC2,-0.0040811277,-0.0026038075,37270
20140717,09:45:00.000,BBG000JG0547,-0.0016085734,-0.0036652859,55965
20140717,09:45:00.000,BBG000CJZ2W6,0.003044341,-0.0016037207,67066
20140717,09:45:00.000,BBG0020B4JG7,0.00035431847,0.0021687732,310896
20140717,09:45:00.000,BBG000BNFLM9,-0.0045654443,-0.0077998694,50534
20140717,09:45:00.000,BBG000BCBCM7,-0.00041992968,-0.0071460493,397779
20140717,09:45:00.000,BBG000CS7CT9,0.0023015428,-0.0012590853,139139
20140717,09:45:00.000,BBG000MZFMS2,0.004276928,0.0032727872,34227
20140717,09:45:00.000,BBG000BKQ3V3,0.001653518,-0.0051567066,168769
20140717,09:45:00.000,BBG000BLCPY4,-0.002213207,-0.006108812,33614
20140717,09:45:00.000,BBG000BC15S7,0.0017774855,0.0015069906,55086
20140717,09:45:00.000,BBG000FKJRC5,0.0016738977,0.0020626227,51637
20140717,09:45:00.000,BBG000BRJ809,0.011705211,0.009749791,76402
20140717,09:45:00.000,BBG000C2PW58,0.0019591216,-0.0013683889,35931
20140717,09:45:00.000,BBG000BCVMH9,0.029288795,0.032062475,240254
20140717,09:45:00.000,BBG000BQ2C28,0.003317661,0.0035683762,38050
20140717,09:45:00.000,BBG000BBJQV0,0.0038196628,-0.005683216,175235
20140717,09:45:00.000,BBG000G2R6M0,0.003896836,0.0076655913,148000
20140717,09:45:00.000,BBG000BTKGG8,-0.002914091,-0.008799215,207450
20140717,09:45:00.000,BBG000BMQPL1,-0.02481218,-0.028903829,2154344
20140717,09:45:00.000,BBG000BMF5J0,-0.005011136,-0.0103506055,798550
20140717,09:45:00.000,BBG000BB6WG8,0.003984844,-0.00020932435,120404
20140717,09:45:00.000,BBG000BM6788,-0.0076878103,-0.017518638,214498
20140717,09:45:00.000,BBG000FVXD63,-0.0025530187,-0.0034014583,61269
20140717,09:45:00.000,BBG000C3HSR0,0.003001505,0.0024804336,71568
20140717,09:45:00.000,BBG000BN5HF7,-0.007666344,-0.017692693,153993
20140717,09:45:00.000,BBG001QD41M9,0.0053005065,-0.00057930365,30347
20140717,09:45:00.000,BBG000CXYSZ6,0.0034140164,0.0010485663,23733
20140717,09:45:00.000,BBG000BVMGF2,0.004663411,0.005071949,131429
20140717,09:45:00.000,BBG0019JZ882,-0.00079685386,-0.0065014316,999870
20140717,09:45:00.000,BBG000BKPL53,-0.0015837027,-0.002530592,23317
20140717,09:45:00.000,BBG000PYZSR8,-0.0044992464,0.0011282916,98301
20140717,09:45:00.000,BBG000F0KF42,-0.003158414,-0.007748302,175374
20140717,09:45:00.000,BBG000FW00S1,-0.008887769,-0.014175745,344525
20140717,09:45:00.000,BBG000BYYLS8,-0.004409978,-0.0075726085,177408
20140717,09:45:00.000,BBG000BB6M98,0.0002788612,-0.004034089,107110
20140717,09:45:00.000,BBG000D8RG11,-0.0018233178,-0.0059297867,202090
20140717,09:45:00.000,BBG000CHWP52,0.011360516,0.013352291,132494
20140717,09:45:00.000,BBG000D6L294,-0.0045240833,-0.005945046,48213
20140717,09:45:00.000,BBG000C3Y7J6,-0.0017096481,-0.00037222667,11076
20140717,09:45:00.000,BBG000BM5SR2,-0.005370502,-0.013377297,271491
20140717,09:45:00.000,BBG000BS0ZF1,0.0013685329,-0.0033858714,12383
20140717,09:45:00.000,BBG000C0F570,0.0036413253,-0.004544916,97182
20140717,09:45:00.000,BBG000C90DH9,-0.006915264,-0.0020742293,281552
20140717,09:45:00.000,BBG000BVWLJ6,0.00080279197,-0.0033014086,184329
20140717,09:45:00.000,BBG000BRK7L6,0.005609343,0.0014415232,197276
20140717,09:45:00.000,BBG000BZ2GG4,0.0020661785,-0.0035203085,57254
20140717,09:45:00.000,BBG000BVL2G3,-0.0014905453,-0.0021503812,72642
20140717,09:45:00.000,BBG000C2YHG9,-0.0039396733,-0.000305321,43248
20140717,09:45:00.000,BBG001BPFT54,0.00574351,0.0053200694,180361
20140717,09:45:00.000,BBG000BH2JM1,-0.0012355574,0.0013099762,160012
20140717,09:45:00.000,BBG000BPVCR1,0.008529128,0.008758935,31429
20140717,09:45:00.000,BBG002BHBHM1,0.008460652,0.010449364,45357
20140717,09:45:00.000,BBG000Q3JN03,-0.0010690183,-0.007529369,1014822
20140717,09:45:00.000,BBG000BPT0C6,-0.009258631,-0.011033026,85963
20140717,09:45:00.000,BBG000BQWPC5,-1.6369731e-05,-0.0055828625,70038
20140717,09:45:00.000,BBG000BQ5DS5,-0.0030909874,-0.0021847966,85508
20140717,09:45:00.000,BBG000DY8ZS4,0.004120445,4.5041123e-08,466861
20140717,09:45:00.000,BBG000R8L7J3,0.008327809,0.0053890236,684769
20140717,09:45:00.000,BBG000BS9489,-0.0044052266,-0.000560334,144593
20140717,09:45:00.000,BBG000D898T9,-0.002338556,-0.0032401427,52179
20140717,09:45:00.000,BBG000BFL116,-0.00056194194,-0.009219136,120545
20140717,09:45:00.000,BBG001YMS0B8,-0.0037879369,-0.006084676,101862
20140717,09:45:00.000,BBG000QBR5J5,0.0026765517,0.002108241,166483
20140717,09:45:00.000,BBG000BHC2S1,-0.009645148,-0.013352187,110407
20140717,09:45:00.000,BBG000BX3TD3,0.0016387311,-0.004282323,254945
20140717,09:45:00.000,BBG000C1FQS9,-0.0070834486,-0.010905079,98422
20140717,09:45:00.000,BBG000BLKK03,0.0014944323,0.015421057,112091
20140717,09:45:00.000,BBG000BKCFC2,0.0003398537,-0.0019786009,129095
20140717,09:45:00.000,BBG000C4DPX1,0.00203154,-0.0046168733,66153
20140717,09:45:00.000,BBG000BHZ5J9,-0.0058537805,-0.0066212513,40329
20140717,09:45:00.000,BBG000KLB4Q1,-0.0003971027,-0.0064873756,157928
20140717,09:45:00.000,BBG000BMBL90,-0.008076649,-0.012981837,245270
20140717,09:45:00.000,BBG000C2BXK4,-0.0016257293,-0.008217612,707556
20140717,09:45:00.000,BBG000H0QBS7,-0.000761651,-0.00078717596,170604
20140717,09:45:00.000,BBG000BQZMH4,0.0028440827,-0.0021250458,118237
20140717,09:45:00.000,BBG000BLBXT4,0.0013653031,-0.0057854992,39853
20140717,09:45:00.000,BBG000BJ2VQ6,0.004309908,-0.0034663568,105910
20140717,09:45:00.000,BBG000BMY992,0.00075206714,-0.0019251948,123380
20140717,09:45:00.000,BBG000BXM6V2,0.011045272,0.0083706705,103334
20140717,09:45:00.000,BBG000BWSV34,-0.0031749017,-0.010846149,35257
20140717,09:45:00.000,BBG000BKFBD7,0.0018428927,-0.0010084576,87803
20140717,09:45:00.000,BBG000FP1N32,-0.003103685,-0.009910883,158113
20140717,09:45:00.000,BBG000BT4T69,0.0031193523,0.00031855513,92253
20140717,09:45:00.000,BBG000BFMBQ6,-0.0018517153,0.011813855,172541
20140717,09:45:00.000,BBG000C0HQ54,-0.0019397052,-0.0044935057,31372
20140717,09:45:00.000,BBG000C0LW92,-0.006639141,-0.009327757,300454
20140717,09:45:00.000,BBG000BVPPM1,-0.004028545,-0.0070595304,111078
20140717,09:45:00.000,BBG000BMW2Z0,-0.0026795592,-0.0035020122,90710
20140717,09:45:00.000,BBG000BPWXK1,-0.001964448,-1.5452811e-07,336574
20140717,09:45:00.000,BBG000GC80B4,-0.0038661323,-0.0053419853,736212
20140717,09:45:00.000,BBG000BXWBN9,-0.00088811485,-0.0010480371,89958
20140717,09:45:00.000,BBG000BY33P5,0.00062946946,-0.0020978178,247174
20140717,09:45:00.000,BBG000R7RDB4,-0.0018851405,-0.0028865465,19572
20140717,09:45:00.000,BBG000MBDGM6,-0.0023916736,-0.0005240701,3052
20140717,09:45:00.000,BBG000BGLRN3,-0.00043947884,-0.0041760453,63515
20140717,09:45:00.000,BBG000BWJFZ4,0.002513026,-0.0009990268,15480
20140717,09:45:00.000,BBG000BGVW60,-0.0004527167,-0.005375245,48617
20140717,09:45:00.000,BBG000BNJHS8,-4.4085045e-05,-0.0024969496,269890
20140717,09:45:00.000,BBG000DKCC19,0.0019733512,-0.0003821781,63862
20140717,09:45:00.000,BBG000BXMFC3,0.047846384,0.044279292,404301
20140717,09:45:00.000,BBG000BSD7C2,0.0005216068,0.0015854485,58270
20140717,09:45:00.000,BBG000BSLZY7,-0.0075632534,-0.010157812,272201
20140717,09:45:00.000,BBG000BMDV41,-0.0007146581,-0.0039684866,225325
20140717,09:45:00.000,BBG001C7TST4,-0.0027183166,0.000107392334,103721
20140717,09:45:00.000,BBG000BRJL00,0.0010915637,-0.0038628064,81449
20140717,09:45:00.000,BBG000BRD0D8,-0.0076201335,-0.012679655,294935
20140717,09:45:00.000,BBG000BND699,-0.0043700673,-0.0117101185,104929
20140717,09:45:00.000,BBG000BB9KF2,0.0012098632,-0.0027672797,55519
20140717,09:45:00.000,BBG000C1BW00,0.0013318519,0.0025378985,51961
20140717,09:45:00.000,BBG000BTZQC4,-0.0044293385,-0.00781134,223131
20140717,09:45:00.000,BBG000BWNFZ9,-0.002060866,-0.0078045004,184183
20140717,09:45:00.000,BBG000BJ98Z0,0.0039808247,0.0047463914,49704
20140717,09:45:00.000,BBG000CNFQW6,-0.00029836062,-0.0020601384,33987
20140717,09:45:00.000,BBG000BGPTV6,-0.0016453739,-0.006906304,69845
20140717,09:45:00.000,BBG000BB07P9,0.0004175085,0.0026464423,664415
20140717,09:45:00.000,BBG000C1FB75,0.0074167587,0.005613024,35909
20140717,09:45:00.000,BBG001M8HHB7,0.0077499035,0.007749206,52312
20140717,09:45:00.000,BBG000DHSPT0,0.0037484327,0.0073256814,222884
20140717,09:45:00.000,BBG000FQ6PY6,0.0021425942,0.0044940664,128042
20140717,09:45:00.000,BBG000BBDV81,0.0045146337,0.0036433637,148859
20140717,09:45:00.000,BBG000VC0T95,0.0051170946,0.009716484,63351
20140717,09:45:00.000,BBG000BKFZM4,0.0023287947,-0.0013750975,242269
20140717,09:45:00.000,BBG000D13GN8,0.0012554282,0.0034400497,49563
20140717,09:45:00.000,BBG000C0MF34,-0.0042357687,-0.0012028612,32587
20140717,09:45:00.000,BBG000BFNR17,0.029261898,0.029511029,106095
20140717,09:45:00.000,BBG000BK67C7,-0.002085697,-0.0012767838,48968
20140717,09:45:00.000,BBG000FJLFX8,-0.003302825,0.00900842,119926
20140717,09:45:00.000,BBG000BH5LT6,0.00014124709,-0.008435475,387711
20140717,09:45:00.000,BBG000BD8PN9,0.0007188467,-0.0013122172,215537
20140717,09:45:00.000,BBG000BH3GZ2,-0.037276603,-0.046619866,1382416
20140717,09:45:00.000,BBG000BB5006,-0.0032668177,0.0003456129,69192
20140717,09:45:00.000,BBG000BTR593,-0.013286961,-0.013945009,250265
20140717,09:45:00.000,BBG000BRWGG9,0.0022256763,0.0014115087,822110
20140717,09:45:00.000,BBG000BJ3PD2,-0.0031149553,-0.006859778,84963
20140717,09:45:00.000,BBG000CSY9H9,0.0057332125,-0.0017255135,141123
20140717,09:45:00.000,BBG000FNRZ69,0.0034746784,0.003596411,201440
20140717,09:45:00.000,BBG000C734W3,-0.008692604,-0.008396049,40018
20140717,09:45:00.000,BBG000BCGY17,0.00030711936,0.0024979233,356594
20140717,09:45:00.000,BBG000BCVJ77,-0.005160176,-0.0073774955,141378
20140717,09:45:00.000,BBG000C46HM9,-0.0038520372,-0.00586961,146750
20140717,09:45:00.000,BBG000BJPDZ1,0.003857541,0.0007887645,16399
20140717,09:45:00.000,BBG000BJL3N0,-0.022221945,-0.027848685,2128008
20140717,09:45:00.000,BBG000BGJRC8,-0.00052443857,0.00032061036,349705
20140717,09:45:00.000,BBG000BBD070,0.008151034,0.0035277244,168251
20140717,09:45:00.000,BBG000BFQYY3,0.00010645327,-7.204267e-05,110376
20140717,09:45:00.000,BBG000BPQD31,-0.0066259624,-0.009105967,244069
20140717,09:45:00.000,BBG000BJ81C1,-0.00082392234,-0.00041854195,78908
20140717,09:45:00.000,BBG000B9WH86,0.0031316811,-0.0030146465,1643089
20140717,09:45:00.000,BBG000D42FJ0,0.008099851,0.003294645,191056
20140717,09:45:00.000,BBG000BHX7N2,-0.0037648026,-0.009048799,166960
20140717,09:45:00.000,BBG000BH3JF8,-0.024227932,-0.03715275,656055
20140717,09:45:00.000,BBG000JWD753,-0.0145175215,-0.02229536,1386408
20140717,09:45:00.000,BBG000BHGDH5,0.0050536706,0.000759705,126456
20140717,09:45:00.000,BBG0014GG205,0.01040458,0.009186548,297141
20140717,09:45:00.000,BBG000G30YX4,0.0011646411,-3.6845094e-08,56266
20140717,09:45:00.000,BBG000BCG930,0.0002877753,0.0142609365,121291
20140717,09:45:00.000,BBG000BWVCP8,0.005914714,0.0034256158,313528
20140717,09:45:00.000,BBG000C3GN47,-0.012934196,-0.012973765,238318
20140717,09:45:00.000,BBG000BT9DW0,-0.0022116438,-0.004243415,147991
20140717,09:45:00.000,BBG000BV8DN6,0.0007839703,-0.0038984774,303616
20140717,09:45:00.000,BBG0029SNR63,0.011652457,0.009062231,474189
20140717,09:45:00.000,BBG000HCJMF9,0.0027087512,-0.0005503528,87239
20140717,09:45:00.000,BBG000D9D830,0.00043041483,0.0005003802,102834
20140717,09:45:00.000,BBG000F6H8W8,-0.0024697094,-0.0063648648,76787
20140717,09:45:00.000,BBG000B9ZXB4,0.016028678,0.012669078,487738
20140717,09:45:00.000,BBG000BVDLH9,0.0068699946,0.0059138592,196752
20140717,09:45:00.000,BBG000BBVJZ8,-0.0012479381,-0.0037871487,151843
20140717,09:45:00.000,BBG000BWXBC2,-0.0007649796,-0.0036436117,238744
20140717,09:45:00.000,BBG000WCFV84,-0.0017910682,-0.0038214752,101760
20140717,09:45:00.000,BBG000BFDXW1,0.0012693605,-0.0066448646,238647
20140717,09:45:00.000,BBG000DYGNW7,0.0036064466,0.0039275563,38277
20140717,09:45:00.000,BBG000BNBDC2,-0.0024302285,-0.0058912444,197265
20140717,09:45:00.000,BBG000BJSBJ0,-0.00014010112,-0.0035970947,62597
20140717,09:45:00.000,BBG000BJF1Z8,0.0011340537,-0.003044778,47799
20140717,09:45:00.000,BBG000BY29C7,0.0048572076,-0.0005922854,272315
20140717,09:45:00.000,BBG000BH13K9,0.0010839349,-0.0014612388,375227
20140717,09:45:00.000,BBG000BH1NH9,-0.004863878,-0.00972657,296021
20140717,09:45:00.000,BBG000BLZRJ2,0.009185205,0.0066163535,2292247
20140717,09:45:00.000,BBG000BVV7G1,0.0021026428,-0.0061166445,170593
20140717,09:45:00.000,BBG000BL4504,-0.0034192,-0.006466858,243682
20140717,09:45:00.000,BBG000BB6KF5,0.002355651,-0.0008042252,200453
20140717,09:45:00.000,BBG000DSMS70,0.005366519,0.0068389405,78945
20140717,09:45:00.000,BBG000C8H633,-0.002291256,-0.005961959,286164
20140717,09:45:00.000,BBG001DCCGR8,-0.0018377098,-0.0042717983,128612
20140717,09:45:00.000,BBG000QX74T1,0.006391958,-0.0003894825,15555
20140717,09:45:00.000,BBG000M65M61,0.001788545,-0.0033411763,183767
20140717,09:45:00.000,BBG000F80SZ5,0.01919039,0.01450212,1035558
20140717,09:45:00.000,BBG000C5HS04,-0.00045595012,-0.0057865083,326906
20140717,09:45:00.000,BBG000H556T9,0.0004020871,-0.0016598937,213551
20140717,09:45:00.000,BBG000NV1KK7,-0.007105647,-0.007648731,188334
20140717,09:45:00.000,BBG000L9CV04,-0.0010758992,-0.006122712,151504
20140717,09:45:00.000,BBG000BXRPH1,0.0063378033,0.00587146,85957
20140717,09:45:00.000,BBG000BNDN65,0.0043130647,-0.0005245818,311186
20140717,09:45:00.000,BBG000BGKTF9,-0.003484365,-0.0052155303,133264
20140717,09:45:00.000,BBG00286S4N9,-0.0024910541,-0.0053165955,94867
20140717,09:45:00.000,BBG000H89QJ6,-0.004248203,0.00040196252,78334
20140717,09:45:00.000,BBG000BNWG87,-0.005084306,-0.006833535,443830
20140717,09:45:00.000,BBG000BJX8C8,-0.00046454178,-0.005974888,249014
20140717,09:45:00.000,BBG000BD4VG8,-0.010530086,-0.015054845,480645
20140717,09:45:00.000,BBG000D4LWF6,-0.004709251,-0.006031089,485873
20140717,09:45:00.000,BBG000FL1TC8,-0.008391196,-0.0023607218,93451
20140717,09:45:00.000,BBG000FFDM15,-0.008906044,-0.0126983505,767559
20140717,09:45:00.000,BBG000BBPFB9,-0.0016354697,-0.004377554,552424
20140717,09:45:00.000,BBG000BN2DC2,0.00028313848,0.0042637074,122916
20140717,09:45:00.000,BBG000BCQZS4,0.00019211698,-0.00068812707,129652
20140717,09:45:00.000,BBG000CPQZ77,0.0045588017,-0.00082310976,475610
20140717,09:45:00.000,BBG000BP52R2,0.007306589,-0.005234888,140392
20140717,09:45:00.000,BBG000J6XT05,-0.004509431,-0.008805253,230471
20140717,09:45:00.000,BBG000BJDB15,-0.005876083,-0.0038625298,657641
20140717,09:45:00.000,BBG000LD9JQ8,-0.009684115,-0.015995085,182758
20140717,09:45:00.000,BBG000FG3C43,-0.107428856,-0.11130171,3783208
20140717,09:45:00.000,BBG000BC2C10,0.00845246,0.005456896,279613
20140717,09:45:00.000,BBG000BGRY34,0.004612596,0.0011073193,152978
20140717,09:45:00.000,BBG000CTQBF3,0.0010654622,-0.0069864187,281523
20140717,09:45:00.000,BBG000H8TVT2,-0.00071696937,-0.0017457171,298794
20140717,09:45:00.000,BBG0025Y4RY4,-0.0043796566,-0.008388492,647842
20140717,09:45:00.000,BBG000F1ZSQ2,-0.0058572385,-0.007918629,384845
20140717,09:45:00.000,BBG000CH5208,0.011368493,0.02077977,711564
20140717,09:45:00.000,BBG000KHWT55,-0.005655329,-0.00919122,652716
20140717,09:45:00.000,BBG000BFWKC0,0.0010308151,0.00012495054,96569
20140717,09:45:00.000,BBG000BP6LJ8,-0.0015245382,0.00071759906,316258
20140717,09:45:00.000,BBG000BW8S60,-0.001466333,-0.00450409,255452
20140717,09:45:00.000,BBG000BWLMJ4,-0.0008479935,-0.005811635,181437
20140717,09:45:00.000,BBG000Q2HM09,0.003960323,0.003970632,159472
20140717,09:45:00.000,BBG000BW3299,-0.004769013,-0.002604483,156400
20140717,09:45:00.000,BBG000BC40Y8,-0.006845412,-0.008664607,436366
20140717,09:45:00.000,BBG000BBS2Y0,-0.0062235743,-0.006711396,156794
20140717,09:45:00.000,BBG000DWG505,0.0003435173,-0.0008201311,120738
20140717,09:45:00.000,BBG000BQQ2S6,0.0008615132,-0.0033916142,210498
20140717,09:45:00.000,BBG000BZ9223,0.005240553,0.0044832765,337184
20140717,09:45:00.000,BBG000DH7JK6,-0.0026616969,-0.002266096,138283
20140717,09:45:00.000,BBG000BHVJJ3,0.0032267268,-0.0033340144,465966
20140717,09:45:00.000,BBG000J2XL74,0.011031124,0.010925515,433533
20140717,09:45:00.000,BBG000C17X76,0.0077954745,0.00819854,201586
20140717,09:45:00.000,BBG000BHBK84,0.0011337899,-0.006051283,190229
20140717,09:45:00.000,BBG000Q9HH23,3.183785e-07,-0.0017122489,154246
20140717,09:45:00.000,BBG000F0PF65,0.028929023,0.033134516,4147559
20140717,09:45:00.000,BBG000BF0K17,-0.002396929,-0.0065949624,384902
20140717,09:45:00.000,BBG000C15T95,0.004880647,0.0053083906,468954
20140717,09:45:00.000,BBG000NDYB67,0.0015811853,-0.00080052763,642345
20140717,09:45:00.000,BBG000DWYF03,0.0020080819,0.0048490465,3863865
20140717,09:45:00.000,BBG000C6CFJ5,0.0016255778,-0.0016134469,275045
20140717,09:45:00.000,BBG000BKTFN2,-0.0056307376,-0.009810204,602000
20140717,09:45:00.000,BBG000BBGGQ1,-0.0025358675,-0.006491643,496438
20140717,09:45:00.000,BBG000DLFM21,,,107588
20140717,09:45:00.000,BBG000BBDZG3,-0.00097411795,0.00090856786,577871
20140717,09:45:00.000,BBG000DQLV23,0.0043515093,-0.0003075073,180043
20140717,09:45:00.000,BBG000BCSST7,0.00069012324,0.0018055164,223869
20140717,09:45:00.000,BBG000BQLTW7,-0.0024204704,0.00049690146,4259781
20140717,09:45:00.000,BBG000BQPC32,0.0055395425,0.0050606714,2107584
20140717,09:45:00.000,BBG000BFC8J2,-0.0010103986,6.2136354e-09,218520
20140717,09:45:00.000,BBG000BQQH30,0.0021684375,0.00034882253,410809
20140717,09:45:00.000,BBG000BMX289,-0.0035407585,-0.0035633144,860396
20140717,09:45:00.000,BBG000BNSZP1,0.0044256183,-0.0043326104,219664
20140717,09:45:00.000,BBG005P7Q881,-0.00496282,-0.005521003,526769
20140717,09:45:00.000,BBG000FH8PX5,,,61144
20140717,09:45:00.000,BBG000R7Z112,-0.0031577146,-0.0064686798,753202
20140717,09:45:00.000,BBG000BH4R78,0.004015037,0.0050968146,396832
20140717,09:45:00.000,BBG000BKZB36,0.002842863,-0.00081594836,330955
20140717,09:45:00.000,BBG000BPD168,-0.0010411616,-0.0041284477,286793
20140717,09:45:00.000,BBG000BHQ1H0,0.0035046744,0.0011761051,49405
20140717,09:45:00.000,BBG000C496P7,,,576744
20140717,09:45:00.000,BBG000C43RR5,0.015094878,0.013709443,2252223
20140717,09:45:00.000,BBG000BT41Q8,-0.005549727,-0.00958236,424560
20140717,09:45:00.000,BBG000PSKYX7,-0.00656519,-0.0072792233,144579
20140717,09:45:00.000,BBG000BR2TH3,0.0018952758,0.00037060262,285600
20140717,09:45:00.000,BBG000GFFQN9,-0.0013397611,-0.0026639511,2216001
20140717,09:45:00.000,BBG000CGC1X8,-0.01076968,-0.010048513,877470
20140717,09:45:00.000,BBG000BMHYD1,-0.00039160403,-0.0026424336,569619
20140717,09:45:00.000,BBG000BFT2L4,-0.0039573824,-0.0003635077,645551
20140717,09:45:00.000,BBG000HS77T5,0.0016743991,-0.004513784,812652
20140717,09:45:00.000,BBG000K4ND22,0.005022725,0.0008025181,330216
20140717,09:45:00.000,BBG000C3J3C9,-0.0023698495,-0.0046196543,1898612
20140717,09:45:00.000,BBG000BK6MB5,0.0038548543,-0.0051859976,2745804
20140717,09:45:00.000,BBG000BWQFY7,0.0010611585,-0.00429978,1150147
20140717,09:45:00.000,BBG000BLNNH6,0.0087435795,0.008239957,485886
20140717,09:45:00.000,BBG000H6HNW3,-0.018993309,-0.01790246,2231973
20140717,09:45:00.000,BBG000DMBXR2,0.001856155,-0.0035772105,1016414
20140717,09:45:00.000,BBG000BSJK37,0.004171418,-0.0030183308,1063156
20140717,09:45:00.000,BBG000FY4S11,0.0046310527,-0.0012046277,1519666
20140717,09:45:00.000,BBG000C5Z1S3,-0.017575094,-0.025112016,3745209
20140717,09:45:00.000,BBG000BR2B91,0.003576454,-0.001938307,2961258
20140717,09:45:00.000,BBG000N9MNX3,0.0019917246,0.0059156367,410447
20140717,09:45:00.000,BBG000C0G1D1,-0.0052367393,-0.012411443,9883688
20140717,09:45:00.000,BBG002W96FT9,-0.0052854605,-0.006651294,163460
20140717,09:45:00.000,BBG000BLBVN4,0.0038724681,0.0015205068,35479
20140717,09:45:00.000,BBG000CKGBP2,0.0064845174,0.0069548483,893065
20140717,09:45:00.000,BBG000GZQ728,0.004705604,-0.0018311533,509069
20140717,09:45:00.000,BBG000BVPV84,0.0031761564,-0.00022493,334706
20140717,09:45:00.000,BBG000BPH459,0.028119575,0.03131726,11402363
20140717,09:45:00.000,BBG000BCTLF6,-0.0016187365,-0.0070944494,7182152
20140717,09:45:00.000,BBG000BHSKN9,-0.0036716398,-0.005163251,135366
20140717,09:45:00.000,BBG000CL9VN6,-0.0008784907,0.0029133542,168359
20140717,09:45:00.000,BBG000MM2P62,-0.0034434812,-0.0057654586,2982556
20140717,09:45:00.000,BBG000B9XRY4,0.007187986,0.0030599856,3693784
20140717,10:00:00.000,BBG000PCQQL6,-0.0027255067,0.0005224288,159183
20140717,10:00:00.000,BBG000BJP882,-0.0003612674,-0.00050551945,38492
20140717,10:00:00.000,BBG000BMFFQ0,-0.0016246772,-0.0037713984,40053
20140717,10:00:00.000,BBG000K1J931,0.01895952,0.010743207,430684
20140717,10:00:00.000,BBG000BQ87N0,-0.0005844345,-0.0031886725,59589
20140717,10:00:00.000,BBG000BBCQD7,0.008542793,0.009450636,385316
20140717,10:00:00.000,BBG000BQHGR6,0.003991856,0.0032916022,61868
20140717,10:00:00.000,BBG000C75N77,-0.0054755937,-0.010317339,134762
20140717,10:00:00.000,BBG000BJ8YN7,-0.0032573508,-0.00450404,159825
20140717,10:00:00.000,BBG000BLXZN1,0.0030466355,0.0009843004,131652
20140717,10:00:00.000,BBG000BV4XJ1,0.0043188795,0.002425905,35391
20140717,10:00:00.000,BBG000QKPTS5,-0.00590059,-0.008726624,95923
20140717,10:00:00.000,BBG000BV75B7,-8.210061e-06,-0.0019979165,38535
20140717,10:00:00.000,BBG000CB8Q50,-0.004942962,-0.0011342248,77325
20140717,10:00:00.000,BBG000BNPSQ9,-0.010953911,-0.008288373,225067
20140717,10:00:00.000,BBG000H4YVR7,0.004381015,0.0057704044,77458
20140717,10:00:00.000,BBG000JB27Y9,0.0020960665,0.0015781602,73599
20140717,10:00:00.000,BBG000BVHBM1,0.0010760217,-0.014752458,201612
20140717,10:00:00.000,BBG000BQSQ38,0.0011199058,-0.0014257198,75188
20140717,10:00:00.000,BBG001XJRMF5,0.011839662,0.024170572,168852
20140717,10:00:00.000,BBG000BNGTQ7,-0.0036273776,-0.0058439663,131327
20140717,10:00:00.000,BBG000B9X8C0,0.0018503672,-0.00088091,43662
20140717,10:00:00.000,BBG000GPXKX9,-0.005670871,-0.00516119,29867
20140717,10:00:00.000,BBG000BV7LP7,-0.0012245235,-0.0014433638,58739
20140717,10:00:00.000,BBG001NY45K9,-0.0047848485,0.0027367475,213249
20140717,10:00:00.000,BBG000L8CBX4,-0.00052811735,0.0035863214,12073
20140717,10:00:00.000,BBG000BHCP19,0.0030796377,-0.0036928155,66800
20140717,10:00:00.000,BBG000JKCWS0,0.0042044055,0.004228337,29403
20140717,10:00:00.000,BBG000CPHYL4,-0.0028036188,0.00082094496,122063
20140717,10:00:00.000,BBG000F86GP6,0.0008605833,0.0017185311,39051
20140717,10:00:00.000,BBG000V31J96,-0.00043480127,-0.0013252189,174088
20140717,10:00:00.000,BBG000BWVSR1,-0.0015887812,-0.0027996663,49092
20140717,10:00:00.000,BBG000DLVDK3,0.021284578,0.02830061,311616
20140717,10:00:00.000,BBG003641015,0.0019747596,0.0001485934,68997
20140717,10:00:00.000,BBG000BQD1J2,-0.0011376154,0.0018424857,4101468
20140717,10:00:00.000,BBG000BWXL85,-0.000727504,0.0022795384,69530
20140717,10:00:00.000,BBG001J1QN87,-0.0041073407,0.0013978985,56499
20140717,10:00:00.000,BBG000BFJ645,0.00034366903,-0.0019656194,479402
20140717,10:00:00.000,BBG000BPZBB6,-0.00059838523,-0.0023256391,46801
20140717,10:00:00.000,BBG000RNTSX0,8.80282e-05,-0.00033597628,88875
20140717,10:00:00.000,BBG000C23KJ3,0.0040320093,0.0013117085,180898
20140717,10:00:00.000,BBG000CZWZ05,0.0009038844,-0.00017764157,284138
20140717,10:00:00.000,BBG000CR90K4,0.0015206544,-0.008027931,6117385
20140717,10:00:00.000,BBG000BBL0Y1,0.0015674562,-0.0024273281,114885
20140717,10:00:00.000,BBG000BKQG80,0.0018251819,0.0021282427,36886
20140717,10:00:00.000,BBG000K14Q84,-0.0038997799,-0.0055351295,274388
20140717,10:00:00.000,BBG000Q0BPZ4,0.00029460844,-0.0056556333,48698
20140717,10:00:00.000,BBG000BHB3M6,-0.007831806,-0.014718543,188583
20140717,10:00:00.000,BBG000BLMZK6,0.0031289065,-0.0038977442,131333
20140717,10:00:00.000,BBG000QFJ7H3,0.0018703426,0.010377963,120336
20140717,10:00:00.000,BBG000BLDV98,0.0040255077,0.00030702827,66804
20140717,10:00:00.000,BBG000PLXQQ3,0.001536331,-0.0003458881,178591
20140717,10:00:00.000,BBG000BGYMH7,0.0057808943,0.00015434255,32823
20140717,10:00:00.000,BBG000H9G7X2,-0.00012723693,-0.0028595566,149039
20140717,10:00:00.000,BBG000BRZJR8,-0.00712627,-0.0070937728,158860
20140717,10:00:00.000,BBG000BJDPC2,-0.007820836,-0.0067550093,147366
20140717,10:00:00.000,BBG000BDY3Y7,0.0038231907,0.0067021344,105461
20140717,10:00:00.000,BBG000BPNP00,0.0037431992,-0.0032823156,171166
20140717,10:00:00.000,BBG000BBB3K1,0.010419311,0.013416934,546260
20140717,10:00:00.000,BBG000BFV115,-0.0032611638,0.004024881,146357
20140717,10:00:00.000,BBG000CXD6X9,-0.0074177613,-0.005818279,201390
20140717,10:00:00.000,BBG000QN4GY3,-0.004151704,-0.010110201,175823
20140717,10:00:00.000,BBG000BWCKB6,-0.0027473378,-0.003191566,165171
20140717,10:00:00.000,BBG000BKXFN7,0.006607436,0.0065930025,174252
20140717,10:00:00.000,BBG000F9KJN4,0.006471867,0.006796371,51204
20140717,10:00:00.000,BBG000BQV1S2,0.005378557,0.002552723,24492
20140717,10:00:00.000,BBG000BTQR96,0.00024348688,-0.006782313,94683
20140717,10:00:00.000,BBG000F6ZWH2,0.0039088787,0.000340512,78462
20140717,10:00:00.000,BBG000BMZ7P7,0.0005631364,0.0019834654,81638
20140717,10:00:00.000,BBG000BB29X4,0.0019182052,-0.00059084716,48614
20140717,10:00:00.000,BBG000BBCDZ2,-0.0030845064,-0.004746348,38047
20140717,10:00:00.000,BBG000C6F3T8,0.010179321,0.0047295135,3090372
20140717,10:00:00.000,BBG000BFVXX0,0.0011392866,-0.00066190667,78481
20140717,10:00:00.000,BBG000G6BN50,0.0024812005,-0.0062567755,27893
20140717,10:00:00.000,BBG000BRXP69,0.007578963,0.0070026964,26801
20140717,10:00:00.000,BBG000BPMH90,0.019860981,0.025085267,373960
20140717,10:00:00.000,BBG000D9DMK0,-0.002285917,0.00042299298,108634
20140717,10:00:00.000,BBG000D14WM3,0.0041157147,0.010810896,1405252
20140717,10:00:00.000,BBG000PVRDL2,0.004111986,0.012892047,709914
20140717,10:00:00.000,BBG000BSC0K9,0.0009976024,0.0010996624,83233
20140717,10:00:00.000,BBG000R0L5J4,0.007228676,0.004788838,106818
20140717,10:00:00.000,BBG000JH6683,0.011342299,0.011638048,155568
20140717,10:00:00.000,BBG000BG14P4,0.009553911,0.00020433092,212119
20140717,10:00:00.000,BBG000D9KWL9,0.013873459,0.01001988,101983
20140717,10:00:00.000,BBG000BKWSR6,-0.009900963,-0.01246744,1122317
20140717,10:00:00.000,BBG000BC9938,0.0073205456,0.009731023,119917
20140717,10:00:00.000,BBG000BB1TH9,-0.0017966303,-0.0041817147,56652
20140717,10:00:00.000,BBG000BJ49H3,0.00017701589,-0.00061393064,233034
20140717,10:00:00.000,BBG000BFS7D3,-0.0008641374,-0.001511809,63100
20140717,10:00:00.000,BBG000BN9WT5,0.001727431,-0.0050906604,56694
20140717,10:00:00.000,BBG000BKR1D6,5.4074044e-05,-0.0031242156,182448
20140717,10:00:00.000,BBG000BFRF55,0.01684541,0.010499536,888157
20140717,10:00:00.000,BBG000BKTT89,-0.0014220554,-0.010683247,75522
20140717,10:00:00.000,BBG000BQ8KV2,0.0020053985,-0.0037619642,106595
20140717,10:00:00.000,BBG000BQVWZ6,0.0009039996,-0.00404652,1015678
20140717,10:00:00.000,BBG000BHKYH4,-0.0051888963,-0.0035727068,65622
20140717,10:00:00.000,BBG000BS7KS3,-0.004399125,-0.0011733732,33952
20140717,10:00:00.000,BBG000CGT2S4,-0.013257032,-0.005655146,474779
20140717,10:00:00.000,BBG000F7RCJ1,-0.005603945,-0.010923102,97783
20140717,10:00:00.000,BBG000BMTFR4,-0.0008107108,-0.0024286027,93484
20140717,10:00:00.000,BBG000TJM7F0,-0.006206641,-0.0037928678,45270
20140717,10:00:00.000,BBG000BMKDM3,-0.00047429514,-0.0015146686,73091
20140717,10:00:00.000,BBG000FLZN98,0.0023861255,-0.00683894,30840
20140717,10:00:00.000,BBG000BKLH74,0.0051503247,0.0044019558,545234
20140717,10:00:00.000,BBG000BCTQ65,-0.0010063465,-0.004099105,141439
20140717,10:00:00.000,BBG000D1QCF1,0.0014758621,0.0011406165,77208
20140717,10:00:00.000,BBG000BSXQV7,0.03609053,0.035305914,221715
20140717,10:00:00.000,BBG000BG09F5,-0.004599733,0.0036985422,68721
20140717,10:00:00.000,BBG000FLPRH1,-0.005932271,0.00058235857,92924
20140717,10:00:00.000,BBG000PV2L86,0.002988937,-0.0027480368,20739
20140717,10:00:00.000,BBG000BGYWY6,0.004019276,-0.0010719191,31961
20140717,10:00:00.000,BBG000C060M4,0.0041189585,0.0043545663,13952
20140717,10:00:00.000,BBG000BDXGP9,-0.0062948284,-0.0074494635,375257
20140717,10:00:00.000,BBG000BGD7W6,-0.0012242881,-0.0022404445,142785
20140717,10:00:00.000,BBG000BP8Z50,-0.0038019796,-0.0054824594,48542
20140717,10:00:00.000,BBG000HW5GX3,-0.003413963,0.0018975264,147622
20140717,10:00:00.000,BBG000C4ZZ10,-0.0040072887,-0.0044422504,20866
20140717,10:00:00.000,BBG000BNNYW1,-0.062972695,-0.0657269,2750693
20140717,10:00:00.000,BBG000BR37X2,0.0036588984,0.0053202515,497415
20140717,10:00:00.000,BBG000BLW530,-0.000516001,-0.00393362,59108
20140717,10:00:00.000,BBG000BF1R66,0.0010377897,0.0010657047,48672
20140717,10:00:00.000,BBG000BKNX95,-0.004106499,-0.0055367583,137696
20140717,10:00:00.000,BBG000BWP7D9,0.0024918853,-0.001328365,44048
20140717,10:00:00.000,BBG000BBMSJ6,0.003616587,-0.0044380454,84717
20140717,10:00:00.000,BBG000DN7P92,0.0027696642,0.0020662958,130287
20140717,10:00:00.000,BBG000BCZYD3,-0.0014004874,-0.0016806857,30595
20140717,10:00:00.000,BBG000CVWGS6,-0.0054752883,-0.0026076187,273361
20140717,10:00:00.000,BBG000BLHRS2,-0.0017997229,-0.002815099,143917
20140717,10:00:00.000,BBG000BY2Y78,0.003425643,0.0023550366,76082
20140717,10:00:00.000,BBG000BK6G19,0.029988207,0.03914191,689809
20140717,10:00:00.000,BBG002S5ZRF9,0.013932812,0.00959191,43128
20140717,10:00:00.000,BBG000BNC3Y9,0.00025450208,-0.00047601952,66862
20140717,10:00:00.000,BBG000BTCH57,-0.0012377255,-0.0036811212,71878
20140717,10:00:00.000,BBG000BB03M1,0.0072188214,0.005083121,142873
20140717,10:00:00.000,BBG000BN84F3,-0.0056251436,-0.0039021904,53524
20140717,10:00:00.000,BBG000BB5BF6,0.015924107,0.0103528965,178921
20140717,10:00:00.000,BBG000FDBX90,0.006415033,0.004413292,308510
20140717,10:00:00.000,BBG000RGM5P1,0.006728289,0.0030975603,105618
20140717,10:00:00.000,BBG000BB5373,0.006668954,0.0051238127,443270
20140717,10:00:00.000,BBG000BFDLV8,0.00016149727,-0.0010300939,89167
20140717,10:00:00.000,BBG000BGRKT6,0.003633228,0.004986186,37406
20140717,10:00:00.000,BBG000BTVJ25,-0.004738429,-0.0070127207,130067
20140717,10:00:00.000,BBG000BVMPN3,-0.00079711346,-0.0014041299,83266
20140717,10:00:00.000,BBG000C2ZCH8,-7.891417e-05,-0.0014675427,27096
20140717,10:00:00.000,BBG0014GJCT9,-0.0030456218,-0.0029000957,145045
20140717,10:00:00.000,BBG000C11MQ5,-0.0008451354,-0.0026160365,64458
20140717,10:00:00.000,BBG003P9ZSL3,-0.0030972508,0.00096378213,76622
20140717,10:00:00.000,BBG000BX5ZF5,-0.0055657113,-0.007006521,439942
20140717,10:00:00.000,BBG000C2V3D6,-0.011513054,-0.013341353,945487
20140717,10:00:00.000,BBG000BQVTF5,-0.0031701392,-0.005067175,64793
20140717,10:00:00.000,BBG000D2M0Z7,-0.004864692,-0.0067032864,30737
20140717,10:00:00.000,BBG000CHPY97,-0.009095357,-0.0025027122,252912
20140717,10:00:00.000,BBG000N746D6,0.005801238,0.0052094315,389226
20140717,10:00:00.000,BBG000M1R011,0.0060686176,0.0109217,48503
20140717,10:00:00.000,BBG000BHLYP4,0.004533782,0.0034431277,39772
20140717,10:00:00.000,BBG000BB6G37,0.0011095305,-0.0060548703,68433
20140717,10:00:00.000,BBG000BR14K5,0.0023349829,0.002150472,81855
20140717,10:00:00.000,BBG000PX3XC0,0.0006500863,0.0067641945,360837
20140717,10:00:00.000,BBG000J1QLT0,-0.010704915,-0.006476876,112937
20140717,10:00:00.000,BBG0039320N9,-0.004199921,-0.0045991214,178323
20140717,10:00:00.000,BBG000BC4JJ4,-0.00019050068,-0.0031587502,54767
20140717,10:00:00.000,BBG000BM7HL0,-0.0036664426,0.00072165683,114413
20140717,10:00:00.000,BBG000BP1Q11,-0.0068146195,-0.0028439271,101878
20140717,10:00:00.000,BBG000BF6LY3,-0.0006740288,-0.00653288,161437
20140717,10:00:00.000,BBG000BF5RY1,0.0054696086,0.006292577,276366
20140717,10:00:00.000,BBG000BFTJ91,-0.004218317,0.00073124573,183095
20140717,10:00:00.000,BBG000BR54L0,0.0051400755,-0.010518408,624027
20140717,10:00:00.000,BBG000J5Q6L2,0.006138121,0.008596942,629793
20140717,10:00:00.000,BBG000BCWCG1,-0.020312272,-0.025093695,429813
20140717,10:00:00.000,BBG000TWC2V5,0.00029088854,-0.0010214373,33183
20140717,10:00:00.000,BBG000BCYP43,-0.0013373595,-0.002383786,29761
20140717,10:00:00.000,BBG000C221G9,-0.0022638396,-0.011469847,169477
20140717,10:00:00.000,BBG000BZTW70,-0.00011282377,0.00034423967,278619
20140717,10:00:00.000,BBG000BKZTP3,-0.0028059627,-0.00075015903,166504
20140717,10:00:00.000,BBG000R8ZVD1,0.012737652,0.009316262,646842
20140717,10:00:00.000,BBG000CKVSG8,-0.0046919673,-0.0010558029,116403
20140717,10:00:00.000,BBG000DNTSP4,-0.00092158566,-0.0030455068,229621
20140717,10:00:00.000,BBG000BP4MH0,-8.124643e-05,-0.00048049793,104236
20140717,10:00:00.000,BBG000BR3KL6,0.0013679392,-0.006139459,50301
20140717,10:00:00.000,BBG000BJQWD2,0.0025692706,0.003300358,82006
20140717,10:00:00.000,BBG000G0Z878,-0.003776654,-0.0037033176,145101
20140717,10:00:00.000,BBG000D7RKJ5,0.0044378876,0.0018487342,130482
20140717,10:00:00.000,BBG000G9CGL0,0.0038051174,0.0041974043,83127
20140717,10:00:00.000,BBG000DTMH63,0.0048055663,0.0016635006,305379
20140717,10:00:00.000,BBG0029BK2G7,-0.0046581845,-0.00065608,104323
20140717,10:00:00.000,BBG000G3QLY3,0.005624814,0.0051147523,47031
20140717,10:00:00.000,BBG000BP0KQ8,0.0064244387,0.011717234,429905
20140717,10:00:00.000,BBG001NVJ6W4,-0.028927421,-0.031244796,695764
20140717,10:00:00.000,BBG000BSBZH7,0.0012790827,-0.001367693,591613
20140717,10:00:00.000,BBG000BHGCD1,-0.0076725762,-0.008578503,51972
20140717,10:00:00.000,BBG000BL9JQ1,0.0029088391,0.0015844172,203069
20140717,10:00:00.000,BBG000BH5DV1,-0.0070485147,-0.00245276,63726
20140717,10:00:00.000,BBG000QW7VC1,0.012564957,0.017460393,743591
20140717,10:00:00.000,BBG000DQTXY6,-0.00542454,-0.02146176,712808
20140717,10:00:00.000,BBG000QY3XZ2,-0.00038867365,-0.0026457377,57338
20140717,10:00:00.000,BBG000BBBNC6,0.0103388885,0.010143592,201374
20140717,10:00:00.000,BBG000F15NW9,0.0019402652,0.0014776577,165654
20140717,10:00:00.000,BBG000BNNKG9,-0.001735577,-0.008897016,247940
20140717,10:00:00.000,BBG000BFXHL6,-0.0035624637,-0.004812146,202761
20140717,10:00:00.000,BBG000BRRG02,-0.00086613867,-0.0016315755,76507
20140717,10:00:00.000,BBG000BHLYS1,0.0008997679,-0.002912042,107215
20140717,10:00:00.000,BBG000CGQ6M4,-0.0044701025,-0.0069689867,47668
20140717,10:00:00.000,BBG000C1S2X2,-0.004670871,-0.008108479,97306
20140717,10:00:00.000,BBG000C7LMS8,0.00037410046,-0.0036690356,6126
20140717,10:00:00.000,BBG000MDCQC2,-0.003480221,-0.00061660993,158241
20140717,10:00:00.000,BBG000JG0547,-0.00061903556,-0.0034167124,78655
20140717,10:00:00.000,BBG000CJZ2W6,0.004555584,-0.00021388943,143059
20140717,10:00:00.000,BBG0020B4JG7,0.00455714,0.0076631643,503954
20140717,10:00:00.000,BBG000BNFLM9,-0.0052465904,-0.005199852,72491
20140717,10:00:00.000,BBG000BCBCM7,-0.0019887963,-0.007146185,612677
20140717,10:00:00.000,BBG000CS7CT9,0.0050760196,0.0033898363,210968
20140717,10:00:00.000,BBG000MZFMS2,-0.0003269518,0.00011314743,86364
20140717,10:00:00.000,BBG000BKQ3V3,0.0008185994,-0.0015471743,261056
20140717,10:00:00.000,BBG000BLCPY4,-0.0003199077,-0.00038737094,57959
20140717,10:00:00.000,BBG000BC15S7,0.0006178316,0.0016746054,78006
20140717,10:00:00.000,BBG000FKJRC5,0.0007024761,0.0011310616,92279
20140717,10:00:00.000,BBG000BRJ809,0.010057195,0.010357524,123407
20140717,10:00:00.000,BBG000C2PW58,0.0014873771,-0.00016894806,51732
20140717,10:00:00.000,BBG000BCVMH9,0.035860315,0.03962272,524053
20140717,10:00:00.000,BBG000BQ2C28,0.0033288873,0.0036903664,71918
20140717,10:00:00.000,BBG000BBJQV0,0.008501611,-0.00051659555,308776
20140717,10:00:00.000,BBG000G2R6M0,0.0034364618,0.00930828,370132
20140717,10:00:00.000,BBG000BTKGG8,-0.007092494,-0.012145207,345248
20140717,10:00:00.000,BBG000BMQPL1,-0.02491757,-0.027493939,4149030
20140717,10:00:00.000,BBG000BMF5J0,0.000996903,-0.0022999258,1206297
20140717,10:00:00.000,BBG000BB6WG8,0.0011732767,-0.0018840859,158210
20140717,10:00:00.000,BBG000BM6788,-0.00644677,-0.014478861,292376
20140717,10:00:00.000,BBG000FVXD63,-0.003354557,0.003587229,124427
20140717,10:00:00.000,BBG000C3HSR0,-0.0003439565,0.0038976292,123367
20140717,10:00:00.000,BBG000BN5HF7,-0.010574963,-0.01695547,304712
20140717,10:00:00.000,BBG001QD41M9,0.003662071,-0.0020274546,50402
20140717,10:00:00.000,BBG000CXYSZ6,0.0010226645,0.00013682076,37913
20140717,10:00:00.000,BBG000BVMGF2,0.004022821,0.0051579867,239431
20140717,10:00:00.000,BBG0019JZ882,0.0039134487,0.0020315042,1751396
20140717,10:00:00.000,BBG000BKPL53,-0.00033616828,-4.8814327e-05,39679
20140717,10:00:00.000,BBG000PYZSR8,-0.011796447,-0.0040861503,157102
20140717,10:00:00.000,BBG000F0KF42,-0.0034541374,-0.006361732,321491
20140717,10:00:00.000,BBG000FW00S1,-0.004355546,-0.0061634765,549290
20140717,10:00:00.000,BBG000BYYLS8,-0.0074330443,-0.009718131,295093
20140717,10:00:00.000,BBG000BB6M98,-0.0016185389,-0.003723934,148267
20140717,10:00:00.000,BBG000D8RG11,-0.0032448617,-0.0048657334,359472
20140717,10:00:00.000,BBG000CHWP52,0.020943355,0.025926333,319208
20140717,10:00:00.000,BBG000D6L294,0.00036989036,0.008357587,80565
20140717,10:00:00.000,BBG000C3Y7J6,-4.828318e-05,0.002126098,51383
20140717,10:00:00.000,BBG000BM5SR2,-0.0056578703,-0.013277506,470428
20140717,10:00:00.000,BBG000BS0ZF1,0.002035319,-0.00025300143,25163
20140717,10:00:00.000,BBG000C0F570,0.0055643003,-0.0020658493,168876
20140717,10:00:00.000,BBG000C90DH9,-0.010402975,-0.0025927054,368169
20140717,10:00:00.000,BBG000BVWLJ6,0.0013330033,-0.0022010314,277638
20140717,10:00:00.000,BBG000BRK7L6,0.00075564656,0.0020421646,298402
20140717,10:00:00.000,BBG000BZ2GG4,-0.0021190795,-0.0014368866,81454
20140717,10:00:00.000,BBG000BVL2G3,-0.0022135188,-0.00067898066,112169
20140717,10:00:00.000,BBG000C2YHG9,-0.005639772,-0.00030533146,71210
20140717,10:00:00.000,BBG001BPFT54,0.008240835,0.009252161,287269
20140717,10:00:00.000,BBG000BH2JM1,0.00297448,0.0061123315,301653
20140717,10:00:00.000,BBG000BPVCR1,0.011417583,0.013402308,67984
20140717,10:00:00.000,BBG002BHBHM1,0.0121671045,0.0154410545,91454
20140717,10:00:00.000,BBG000Q3JN03,-0.0049802368,-0.010352727,1508263
20140717,10:00:00.000,BBG000BPT0C6,-0.012015076,-0.0053193,289512
20140717,10:00:00.000,BBG000BQWPC5,-0.0012489998,-0.005793325,105305
20140717,10:00:00.000,BBG000BQ5DS5,-0.0051921094,-0.0030872042,130186
20140717,10:00:00.000,BBG000DY8ZS4,0.001833725,0.004369864,796637
20140717,10:00:00.000,BBG000R8L7J3,0.01307238,0.01313594,1161793
20140717,10:00:00.000,BBG000BS9489,-0.008209814,-0.0018911498,170709
20140717,10:00:00.000,BBG000D898T9,-0.0027103315,-0.002817336,78577
20140717,10:00:00.000,BBG000BFL116,-0.0024818585,-0.008115871,225128
20140717,10:00:00.000,BBG001YMS0B8,-0.005459295,-0.0068349605,146571
20140717,10:00:00.000,BBG000QBR5J5,0.00034073202,0.0017177864,212151
20140717,10:00:00.000,BBG000BHC2S1,-0.01084001,-0.0137092965,176794
20140717,10:00:00.000,BBG000BX3TD3,0.002447745,0.00055840414,428369
20140717,10:00:00.000,BBG000C1FQS9,-0.0076534417,-0.009750596,153305
20140717,10:00:00.000,BBG000BLKK03,0.0035995278,0.02126767,182804
20140717,10:00:00.000,BBG000BKCFC2,-4.1038136e-05,-0.0014131533,184702
20140717,10:00:00.000,BBG000C4DPX1,0.0026971751,-0.0032589505,147199
20140717,10:00:00.000,BBG000BHZ5J9,-0.008657035,-0.0033831007,82615
20140717,10:00:00.000,BBG000KLB4Q1,-0.004105855,-0.009103419,372851
20140717,10:00:00.000,BBG000BMBL90,-0.008002864,-0.011648875,333549
20140717,10:00:00.000,BBG000C2BXK4,0.0029900605,-0.0013696605,968436
20140717,10:00:00.000,BBG000H0QBS7,-0.0038490507,-0.0024737874,338598
20140717,10:00:00.000,BBG000BQZMH4,0.0052441335,0.00185949,214439
20140717,10:00:00.000,BBG000BLBXT4,0.004482723,-0.0015667127,61800
20140717,10:00:00.000,BBG000BJ2VQ6,0.005791053,0.0007295051,188997
20140717,10:00:00.000,BBG000BMY992,-0.00056405686,-0.0012159015,179235
20140717,10:00:00.000,BBG000BXM6V2,0.008168523,0.008632307,157391
20140717,10:00:00.000,BBG000BWSV34,-0.0026875779,-0.009246045,61222
20140717,10:00:00.000,BBG000BKFBD7,0.0003218141,-0.00086439913,128160
20140717,10:00:00.000,BBG000FP1N32,0.00058310246,-0.00543656,228300
20140717,10:00:00.000,BBG000BT4T69,0.0014101445,3.9335475e-08,171898
20140717,10:00:00.000,BBG000BFMBQ6,-0.001528854,0.01607129,335861
20140717,10:00:00.000,BBG000C0HQ54,-0.003736982,-0.0038944047,69266
20140717,10:00:00.000,BBG000C0LW92,-0.009585337,-0.010882288,506613
20140717,10:00:00.000,BBG000BVPPM1,0.0017125849,0.0007563692,250247
20140717,10:00:00.000,BBG000BMW2Z0,-0.004354745,-0.0054717413,123329
20140717,10:00:00.000,BBG000BPWXK1,-0.003392001,0.0015869329,598803
20140717,10:00:00.000,BBG000GC80B4,-0.004323406,-0.0050608176,1060103
20140717,10:00:00.000,BBG000BXWBN9,-0.0011597376,-0.000116427356,199296
20140717,10:00:00.000,BBG000BY33P5,0.0016544648,-0.00041977735,553716
20140717,10:00:00.000,BBG000R7RDB4,0.004155415,0.011855597,40553
20140717,10:00:00.000,BBG000MBDGM6,-0.002214341,-0.0005715562,8537
20140717,10:00:00.000,BBG000BGLRN3,-0.0011775733,-0.0035023964,107480
20140717,10:00:00.000,BBG000BWJFZ4,0.004500511,0.0039749825,26890
20140717,10:00:00.000,BBG000BGVW60,0.0012612856,-0.0028669138,68327
20140717,10:00:00.000,BBG000BNJHS8,-0.0018316127,-0.005350522,384706
20140717,10:00:00.000,BBG000DKCC19,0.0032956987,0.0019114802,155932
20140717,10:00:00.000,BBG000BXMFC3,0.054325286,0.055083513,709559
20140717,10:00:00.000,BBG000BSD7C2,0.00093950453,0.0023782006,103222
20140717,10:00:00.000,BBG000BSLZY7,-0.0077677886,-0.00816235,420808
20140717,10:00:00.000,BBG000BMDV41,-0.0021922265,-0.0057542915,342567
20140717,10:00:00.000,BBG001C7TST4,-0.0012598833,0.0022561545,196795
20140717,10:00:00.000,BBG000BRJL00,-0.0006398843,-0.0037144169,116024
20140717,10:00:00.000,BBG000BRD0D8,-0.0064158924,-0.011329257,459362
20140717,10:00:00.000,BBG000BND699,-0.006285134,-0.0113370875,206287
20140717,10:00:00.000,BBG000BB9KF2,0.0010056418,-0.0017525344,103012
20140717,10:00:00.000,BBG000C1BW00,0.0060398635,0.006654389,109509
20140717,10:00:00.000,BBG000BTZQC4,-0.002707772,-0.003626544,383666
20140717,10:00:00.000,BBG000BWNFZ9,-0.002164439,-0.0062731667,306333
20140717,10:00:00.000,BBG000BJ98Z0,0.001286401,0.0033306556,85958
20140717,10:00:00.000,BBG000CNFQW6,-0.003040077,-0.0044422164,62734
20140717,10:00:00.000,BBG000BGPTV6,-0.0001683179,-0.0033721323,90376
20140717,10:00:00.000,BBG000BB07P9,0.00062735274,0.0063511855,995912
20140717,10:00:00.000,BBG000C1FB75,0.006056261,0.006116035,60380
20140717,10:00:00.000,BBG001M8HHB7,0.012191094,0.012457532,86941
20140717,10:00:00.000,BBG000DHSPT0,0.007694292,0.015338027,437485
20140717,10:00:00.000,BBG000FQ6PY6,0.005087296,0.008199778,314149
20140717,10:00:00.000,BBG000BBDV81,0.0045795534,0.0038457592,317198
20140717,10:00:00.000,BBG000VC0T95,-0.0012242811,0.004101023,109622
20140717,10:00:00.000,BBG000BKFZM4,0.001574919,-0.00091668236,342593
20140717,10:00:00.000,BBG000D13GN8,0.00012012753,0.0030924818,79422
20140717,10:00:00.000,BBG000C0MF34,-0.0076799705,-0.0031625943,102387
20140717,10:00:00.000,BBG000BFNR17,0.02602966,0.026748756,249191
20140717,10:00:00.000,BBG000BK67C7,-0.0026770828,-0.0014895708,76453
20140717,10:00:00.000,BBG000FJLFX8,-0.0035078432,0.012721572,218412
20140717,10:00:00.000,BBG000BH5LT6,-0.003604186,-0.008772998,483570
20140717,10:00:00.000,BBG000BD8PN9,0.0019106652,0.0009183769,365340
20140717,10:00:00.000,BBG000BH3GZ2,-0.03875735,-0.047587477,2350355
20140717,10:00:00.000,BBG000BB5006,-0.00483728,-0.00062161614,99555
20140717,10:00:00.000,BBG000BTR593,-0.010827602,-0.004033478,515896
20140717,10:00:00.000,BBG000BRWGG9,0.0036157721,0.0056457254,1710185
20140717,10:00:00.000,BBG000BJ3PD2,-0.0017369302,-0.0047199763,125605
20140717,10:00:00.000,BBG000CSY9H9,0.0061508166,-0.00090390554,275032
20140717,10:00:00.000,BBG000FNRZ69,0.0010082239,0.0032540562,383841
20140717,10:00:00.000,BBG000C734W3,-0.0001804256,-0.0016008352,56074
20140717,10:00:00.000,BBG000BCGY17,0.00024034426,0.004829661,522020
20140717,10:00:00.000,BBG000BCVJ77,-0.0003300342,-0.002024029,247585
20140717,10:00:00.000,BBG000C46HM9,-0.00035759137,-0.0002627081,272565
20140717,10:00:00.000,BBG000BJPDZ1,-0.001187649,-0.0029455589,58238
20140717,10:00:00.000,BBG000BJL3N0,-0.036732003,-0.041309003,3250136
20140717,10:00:00.000,BBG000BGJRC8,-0.0019677093,-1.2835321e-07,597844
20140717,10:00:00.000,BBG000BBD070,0.0072434973,0.007912054,259328
20140717,10:00:00.000,BBG000BFQYY3,-0.00017621364,-0.00050401664,260820
20140717,10:00:00.000,BBG000BPQD31,-0.008002466,-0.008815404,371428
20140717,10:00:00.000,BBG000BJ81C1,-0.001969376,-0.001359832,113238
20140717,10:00:00.000,BBG000B9WH86,0.00029629556,-0.0030145983,2482840
20140717,10:00:00.000,BBG000D42FJ0,0.015282864,0.010595797,268539
20140717,10:00:00.000,BBG000BHX7N2,-0.004763041,-0.009343013,290810
20140717,10:00:00.000,BBG000BH3JF8,-0.027565073,-0.041231334,1558503
20140717,10:00:00.000,BBG000JWD753,-0.014869749,-0.02155669,2012425
20140717,10:00:00.000,BBG000BHGDH5,0.0059876493,0.002486012,203175
20140717,10:00:00.000,BBG0014GG205,0.010221909,0.00937811,452850
20140717,10:00:00.000,BBG000G30YX4,-0.0011243949,-0.0026452853,99720
20140717,10:00:00.000,BBG000BCG930,0.0027566494,0.020455623,291279
20140717,10:00:00.000,BBG000BWVCP8,0.005245232,0.00530969,418282
20140717,10:00:00.000,BBG000C3GN47,-0.018375708,-0.011099695,531802
20140717,10:00:00.000,BBG000BT9DW0,-0.0050766715,-0.0034615812,228602
20140717,10:00:00.000,BBG000BV8DN6,-0.0034031202,-0.006941022,597776
20140717,10:00:00.000,BBG0029SNR63,0.01794524,0.019850772,869438
20140717,10:00:00.000,BBG000HCJMF9,0.0032004411,0.0019265197,155194
20140717,10:00:00.000,BBG000D9D830,0.0015263797,0.0016922471,168460
20140717,10:00:00.000,BBG000F6H8W8,-0.0014751302,-0.004709942,114927
20140717,10:00:00.000,BBG000B9ZXB4,0.01937605,0.01681089,860877
20140717,10:00:00.000,BBG000BVDLH9,0.009735301,0.009269254,457993
20140717,10:00:00.000,BBG000BBVJZ8,0.00082762935,0.0071248775,216793
20140717,10:00:00.000,BBG000BWXBC2,-0.0010231879,-0.0042290557,368348
20140717,10:00:00.000,BBG000WCFV84,-0.0009663224,-0.0010056362,139784
20140717,10:00:00.000,BBG000BFDXW1,0.0021817458,-0.00390875,518735
20140717,10:00:00.000,BBG000DYGNW7,0.0053501236,0.007165268,66438
20140717,10:00:00.000,BBG000BNBDC2,-0.0011341461,-0.0033436453,267855
20140717,10:00:00.000,BBG000BJSBJ0,-0.00107687,-0.0034452286,87171
20140717,10:00:00.000,BBG000BJF1Z8,0.0026798972,0.0010040924,105675
20140717,10:00:00.000,BBG000BY29C7,0.009936844,0.0075499215,565786
20140717,10:00:00.000,BBG000BH13K9,-0.00017617855,-0.00030753014,519133
20140717,10:00:00.000,BBG000BH1NH9,-0.0061220936,-0.008664375,425365
20140717,10:00:00.000,BBG000BLZRJ2,0.018693069,0.019387627,4290340
20140717,10:00:00.000,BBG000BVV7G1,-0.0043187113,-0.011825632,507393
20140717,10:00:00.000,BBG000BL4504,-0.0020858685,0.0025147807,413305
20140717,10:00:00.000,BBG000BB6KF5,0.0038260694,0.002323291,413597
20140717,10:00:00.000,BBG000DSMS70,0.0074238093,0.009381598,113633
20140717,10:00:00.000,BBG000C8H633,-0.005842678,-0.0009936655,477566
20140717,10:00:00.000,BBG001DCCGR8,-0.0024213796,0.00025483684,236407
20140717,10:00:00.000,BBG000QX74T1,0.004746983,-0.0017101663,82648
20140717,10:00:00.000,BBG000M65M61,0.0055623204,-0.0015594981,275034
20140717,10:00:00.000,BBG000F80SZ5,0.018156134,0.018340755,1531409
20140717,10:00:00.000,BBG000C5HS04,-0.0012636466,-0.0047464967,519187
20140717,10:00:00.000,BBG000H556T9,-0.0012441962,-0.0024898057,316063
20140717,10:00:00.000,BBG000NV1KK7,-0.011129763,-0.010258411,460590
20140717,10:00:00.000,BBG000L9CV04,-0.0006258725,-0.004209349,224840
20140717,10:00:00.000,BBG000BXRPH1,0.006031203,0.014069112,155633
20140717,10:00:00.000,BBG000BNDN65,0.0011102019,-0.00304209,471302
20140717,10:00:00.000,BBG000BGKTF9,-0.0045537166,-0.0048600486,267090
20140717,10:00:00.000,BBG00286S4N9,-0.0057317363,-0.004698449,217052
20140717,10:00:00.000,BBG000H89QJ6,-0.006476892,0.00023454032,145829
20140717,10:00:00.000,BBG000BNWG87,-0.007786287,-0.00905851,790338
20140717,10:00:00.000,BBG000BJX8C8,0.0015530114,0.0009960376,348262
20140717,10:00:00.000,BBG000BD4VG8,-0.004696298,-0.003293319,737896
20140717,10:00:00.000,BBG000D4LWF6,-0.0031673156,-0.0034087598,715936
20140717,10:00:00.000,BBG000FL1TC8,-0.012117211,-0.0032819277,143976
20140717,10:00:00.000,BBG000FFDM15,-0.0054704156,-0.008935954,1398493
20140717,10:00:00.000,BBG000BBPFB9,0.00058491575,0.00087542774,937372
20140717,10:00:00.000,BBG000BN2DC2,-0.0024879933,0.0026879357,257261
20140717,10:00:00.000,BBG000BCQZS4,0.0007647589,0.0016939343,227149
20140717,10:00:00.000,BBG000CPQZ77,7.4191696e-05,-0.003840351,702500
20140717,10:00:00.000,BBG000BP52R2,0.00823936,-0.005713901,238407
20140717,10:00:00.000,BBG000J6XT05,-0.009626248,-0.011993196,468983
20140717,10:00:00.000,BBG000BJDB15,-0.007479608,-0.0016738442,1022204
20140717,10:00:00.000,BBG000LD9JQ8,-0.0073468387,-0.011702,304714
20140717,10:00:00.000,BBG000FG3C43,-0.109873876,-0.11176566,7458651
20140717,10:00:00.000,BBG000BC2C10,0.00975314,0.0153693715,472705
20140717,10:00:00.000,BBG000BGRY34,0.005378339,0.0027360893,215513
20140717,10:00:00.000,BBG000CTQBF3,0.0013113483,-0.0062878495,485425
20140717,10:00:00.000,BBG000H8TVT2,-0.0015628731,-0.0031589237,455658
20140717,10:00:00.000,BBG0025Y4RY4,-0.0021739604,-0.003728339,1065789
20140717,10:00:00.000,BBG000F1ZSQ2,-0.005046976,-0.0076635014,617000
20140717,10:00:00.000,BBG000CH5208,0.009764498,0.021735363,962716
20140717,10:00:00.000,BBG000KHWT55,-0.0066809854,-0.00832945,1185306
20140717,10:00:00.000,BBG000BFWKC0,0.0021349061,0.0020804456,175630
20140717,10:00:00.000,BBG000BP6LJ8,-0.0015556652,0.0019130922,498723
20140717,10:00:00.000,BBG000BW8S60,-0.0016920795,-0.004241802,518117
20140717,10:00:00.000,BBG000BWLMJ4,0.0025561783,-0.0007002296,333534
20140717,10:00:00.000,BBG000Q2HM09,-0.0015719115,-0.00051465014,330026
20140717,10:00:00.000,BBG000BW3299,-0.0062991134,-0.0036856628,267234
20140717,10:00:00.000,BBG000BC40Y8,-0.007883925,-0.0018661337,618895
20140717,10:00:00.000,BBG000BBS2Y0,-0.0074938023,-0.007900773,230915
20140717,10:00:00.000,BBG000DWG505,-0.0015970519,-0.0022646766,177426
20140717,10:00:00.000,BBG000BQQ2S6,-0.0004943759,0.00068788166,298578
20140717,10:00:00.000,BBG000BZ9223,0.0047226097,0.012681037,430849
20140717,10:00:00.000,BBG000DH7JK6,-0.0022970506,-0.0010501164,211679
20140717,10:00:00.000,BBG000BHVJJ3,0.004990291,-0.0007409996,857696
20140717,10:00:00.000,BBG000J2XL74,0.013313988,0.014646359,829651
20140717,10:00:00.000,BBG000C17X76,0.009365358,0.008642842,276914
20140717,10:00:00.000,BBG000BHBK84,-0.00087421,-0.0054750936,299018
20140717,10:00:00.000,BBG000Q9HH23,0.005105501,0.0033607932,217358
20140717,10:00:00.000,BBG000F0PF65,0.040747017,0.048497148,8660133
20140717,10:00:00.000,BBG000BF0K17,-0.0028130887,-0.004652596,538298
20140717,10:00:00.000,BBG000C15T95,0.0025542679,0.0036399944,675846
20140717,10:00:00.000,BBG000NDYB67,0.0030322673,-5.2879856e-09,969471
20140717,10:00:00.000,BBG000DWYF03,0.00021484467,0.0045460495,6851377
20140717,10:00:00.000,BBG000C6CFJ5,0.003394873,0.002933247,464810
20140717,10:00:00.000,BBG000BKTFN2,-0.003233681,-0.0013218347,939069
20140717,10:00:00.000,BBG000BBGGQ1,-0.0013855599,-0.001897662,843372
20140717,10:00:00.000,BBG000DLFM21,,,208264
20140717,10:00:00.000,BBG000BBDZG3,-0.00043266165,0.0042698793,938179
20140717,10:00:00.000,BBG000DQLV23,0.0038291053,0.00020477481,336522
20140717,10:00:00.000,BBG000BCSST7,0.0006632563,0.0016484506,377038
20140717,10:00:00.000,BBG000BQLTW7,0.0054594344,0.008943085,5428332
20140717,10:00:00.000,BBG000BQPC32,0.0037966166,0.0044984533,3343490
20140717,10:00:00.000,BBG000BFC8J2,-0.0005457435,-7.542739e-08,313192
20140717,10:00:00.000,BBG000BQQH30,-0.0035302597,0.0027337177,630289
20140717,10:00:00.000,BBG000BMX289,-0.004567028,-0.003800924,1093791
20140717,10:00:00.000,BBG000BNSZP1,0.006257956,-0.0024686148,437954
20140717,10:00:00.000,BBG005P7Q881,-0.0052912273,-0.00690148,825053
20140717,10:00:00.000,BBG000FH8PX5,,,144850
20140717,10:00:00.000,BBG000R7Z112,-0.0046193874,-0.008052828,989076
20140717,10:00:00.000,BBG000BH4R78,0.005965868,0.008025912,660834
20140717,10:00:00.000,BBG000BKZB36,0.0015409298,-0.0016947563,491517
20140717,10:00:00.000,BBG000BPD168,-0.0009975559,-0.0027523984,533398
20140717,10:00:00.000,BBG000BHQ1H0,0.0022065553,0.002864922,91248
20140717,10:00:00.000,BBG000C496P7,,,1495330
20140717,10:00:00.000,BBG000C43RR5,0.015033578,0.013018975,3815268
20140717,10:00:00.000,BBG000BT41Q8,-0.006600195,-0.005222841,729997
20140717,10:00:00.000,BBG000PSKYX7,-0.006561423,-0.008335121,278482
20140717,10:00:00.000,BBG000BR2TH3,0.0035792626,0.0012971975,591441
20140717,10:00:00.000,BBG000GFFQN9,-0.0005524159,-0.0029598728,3481618
20140717,10:00:00.000,BBG000CGC1X8,-0.01104108,-0.009923126,1289518
20140717,10:00:00.000,BBG000BMHYD1,-0.00022688962,-0.0020060746,852900
20140717,10:00:00.000,BBG000BFT2L4,-0.0056684436,-9.0948604e-05,1055120
20140717,10:00:00.000,BBG000HS77T5,0.00031688853,-0.0055930703,1297765
20140717,10:00:00.000,BBG000K4ND22,0.00070323196,0.0016430912,433478
20140717,10:00:00.000,BBG000C3J3C9,-0.001142276,-0.002694841,3182519
20140717,10:00:00.000,BBG000BK6MB5,0.0042045065,-0.0048156367,5040632
20140717,10:00:00.000,BBG000BWQFY7,8.228349e-05,-0.0042999033,2278852
20140717,10:00:00.000,BBG000BLNNH6,0.01007744,0.010397496,948956
20140717,10:00:00.000,BBG000H6HNW3,-0.016862055,-0.016298933,3231789
20140717,10:00:00.000,BBG000DMBXR2,0.0013164504,-0.0025551408,1556143
20140717,10:00:00.000,BBG000BSJK37,0.0034902627,-0.003292724,1718421
20140717,10:00:00.000,BBG000FY4S11,0.0035287468,-0.00060236704,2185627
20140717,10:00:00.000,BBG000C5Z1S3,-0.01694336,-0.022514233,6353560
20140717,10:00:00.000,BBG000BR2B91,0.0052802004,0.0016152359,5026045
20140717,10:00:00.000,BBG000N9MNX3,0.001152191,0.0044424753,607314
20140717,10:00:00.000,BBG000C0G1D1,-0.008592866,-0.014720389,14477327
20140717,10:00:00.000,BBG002W96FT9,-0.004716591,-0.006822975,267110
20140717,10:00:00.000,BBG000BLBVN4,0.006067275,0.0033269462,63904
20140717,10:00:00.000,BBG000CKGBP2,0.0065202625,0.0054028616,1328937
20140717,10:00:00.000,BBG000GZQ728,0.004286022,-0.0003854737,733273
20140717,10:00:00.000,BBG000BVPV84,0.004800837,0.0004633712,506658
20140717,10:00:00.000,BBG000BPH459,0.022738278,0.027459187,17653688
20140717,10:00:00.000,BBG000BCTLF6,-0.0025555633,-0.007094301,11608415
20140717,10:00:00.000,BBG000BHSKN9,-0.0032657473,-0.0048499973,237483
20140717,10:00:00.000,BBG000CL9VN6,-0.0002179293,0.002733359,309655
20140717,10:00:00.000,BBG000MM2P62,-0.0038168107,-0.0048784823,4398077
20140717,10:00:00.000,BBG000B9XRY4,0.0030441512,-0.0006330813,6297157
20140717,10:15:00.000,BBG000PCQQL6,-0.00010636503,0.0024380544,207756
20140717,10:15:00.000,BBG000BJP882,-0.0025841715,-0.001949629,51275
20140717,10:15:00.000,BBG000BMFFQ0,-0.0031669957,-0.0037712741,79540
20140717,10:15:00.000,BBG000K1J931,0.020556081,0.009183711,548999
20140717,10:15:00.000,BBG000BQ87N0,-0.0012448907,-0.0032984028,86801
20140717,10:15:00.000,BBG000BBCQD7,0.008338672,0.009450644,651759
20140717,10:15:00.000,BBG000BQHGR6,0.002513304,0.0013464785,79143
20140717,10:15:00.000,BBG000C75N77,-0.005833782,-0.010808735,187642
20140717,10:15:00.000,BBG000BJ8YN7,-0.0013708128,-0.0024165905,259312
20140717,10:15:00.000,BBG000BLXZN1,0.0047681686,0.0020505637,199685
20140717,10:15:00.000,BBG000BV4XJ1,0.006789033,0.0013231037,47389
20140717,10:15:00.000,BBG000QKPTS5,-0.003931923,-0.00809044,122846
20140717,10:15:00.000,BBG000BV75B7,-0.0015436575,-0.0044451742,63517
20140717,10:15:00.000,BBG000CB8Q50,-0.004062148,0.0009794205,135561
20140717,10:15:00.000,BBG000BNPSQ9,-0.011532342,-0.015514123,312742
20140717,10:15:00.000,BBG000H4YVR7,-0.0045043193,-0.0076938528,101920
20140717,10:15:00.000,BBG000JB27Y9,0.0016452675,0.00045089232,86372
20140717,10:15:00.000,BBG000BVHBM1,0.0026497608,-0.014890379,271106
20140717,10:15:00.000,BBG000BQSQ38,0.00080715533,-0.001188487,104518
20140717,10:15:00.000,BBG001XJRMF5,0.0066612195,0.014381014,223471
20140717,10:15:00.000,BBG000BNGTQ7,-0.002907123,-0.0042740973,291446
20140717,10:15:00.000,BBG000B9X8C0,0.0008488114,-0.0012586244,63783
20140717,10:15:00.000,BBG000GPXKX9,-0.0077135814,-0.007473293,48635
20140717,10:15:00.000,BBG000BV7LP7,-0.0020439485,-0.0031752256,75888
20140717,10:15:00.000,BBG001NY45K9,0.002983202,0.008209811,323487
20140717,10:15:00.000,BBG000L8CBX4,0.0005571591,0.0026675311,17000
20140717,10:15:00.000,BBG000BHCP19,0.0053920746,-0.0021542774,95273
20140717,10:15:00.000,BBG000JKCWS0,0.0020475397,0.0021139358,41453
20140717,10:15:00.000,BBG000CPHYL4,0.0038263383,0.0074925385,212858
20140717,10:15:00.000,BBG000F86GP6,0.0022076878,0.0018847648,52437
20140717,10:15:00.000,BBG000V31J96,0.0021913012,0.00044200715,392585
20140717,10:15:00.000,BBG000BWVSR1,-0.002896758,-0.0045913933,64645
20140717,10:15:00.000,BBG000DLVDK3,0.013154197,0.017828096,391988
20140717,10:15:00.000,BBG003641015,0.0020844277,-0.00014848569,81997
20140717,10:15:00.000,BBG000BQD1J2,0.0010395794,0.0027636823,6218664
20140717,10:15:00.000,BBG000BWXL85,-0.0033839964,-0.0016411247,96212
20140717,10:15:00.000,BBG001J1QN87,-0.0034387996,-0.004629083,72049
20140717,10:15:00.000,BBG000BFJ645,0.0017550667,-0.0009827208,603276
20140717,10:15:00.000,BBG000BPZBB6,-0.0011875934,-0.002842277,66798
20140717,10:15:00.000,BBG000RNTSX0,-0.0016058852,-0.002912448,223362
20140717,10:15:00.000,BBG000C23KJ3,0.0010382396,-0.0019680774,356250
20140717,10:15:00.000,BBG000CZWZ05,0.008392995,0.002217385,523439
20140717,10:15:00.000,BBG000CR90K4,0.00030257538,-0.012042007,7128962
20140717,10:15:00.000,BBG000BBL0Y1,0.0015837025,0.0016177107,163713
20140717,10:15:00.000,BBG000BKQG80,0.0031830664,0.0028122286,118900
20140717,10:15:00.000,BBG000K14Q84,-0.0046946583,-0.0051508085,404921
20140717,10:15:00.000,BBG000Q0BPZ4,0.0012889437,-0.004524561,59186
20140717,10:15:00.000,BBG000BHB3M6,-0.0061765076,-0.012019272,280479
20140717,10:15:00.000,BBG000BLMZK6,-0.0025637767,-0.009411502,159857
20140717,10:15:00.000,BBG000QFJ7H3,0.0024265223,0.009475481,192166
20140717,10:15:00.000,BBG000BLDV98,0.0038741895,-0.0012282733,124491
20140717,10:15:00.000,BBG000PLXQQ3,0.0021182094,0.0013340006,282266
20140717,10:15:00.000,BBG000BGYMH7,0.0027351654,-0.0032002272,50861
20140717,10:15:00.000,BBG000H9G7X2,4.747147e-05,-0.002983959,211466
20140717,10:15:00.000,BBG000BRZJR8,-0.006588156,-0.011782919,200422
20140717,10:15:00.000,BBG000BJDPC2,-0.009504696,-0.010091852,192284
20140717,10:15:00.000,BBG000BDY3Y7,0.011118729,0.014052702,276280
20140717,10:15:00.000,BBG000BPNP00,0.006241091,-0.0012048543,253322
20140717,10:15:00.000,BBG000BBB3K1,0.008532622,0.011266742,701915
20140717,10:15:00.000,BBG000BFV115,0.004241839,0.010668725,214181
20140717,10:15:00.000,BBG000CXD6X9,-0.009643066,-0.0077577513,283878
20140717,10:15:00.000,BBG000QN4GY3,-0.005626416,-0.010908579,284950
20140717,10:15:00.000,BBG000BWCKB6,-0.0010928817,-0.0021545058,261221
20140717,10:15:00.000,BBG000BKXFN7,0.0013759129,0.00042123607,215492
20140717,10:15:00.000,BBG000F9KJN4,0.010138101,0.009799421,76524
20140717,10:15:00.000,BBG000BQV1S2,0.0015662896,-0.0037992445,71225
20140717,10:15:00.000,BBG000BTQR96,0.0004679247,-0.0058549247,124232
20140717,10:15:00.000,BBG000F6ZWH2,0.0019710932,-0.0019293035,108604
20140717,10:15:00.000,BBG000BMZ7P7,0.0033026107,0.0048039695,152688
20140717,10:15:00.000,BBG000BB29X4,0.0016065657,-0.0004595006,79778
20140717,10:15:00.000,BBG000BBCDZ2,-0.0039700395,-0.006206827,68105
20140717,10:15:00.000,BBG000C6F3T8,0.013137709,0.005911954,5104432
20140717,10:15:00.000,BBG000BFVXX0,0.00083701353,-0.00033102097,123152
20140717,10:15:00.000,BBG000G6BN50,0.0011841503,-0.0078123603,41183
20140717,10:15:00.000,BBG000BRXP69,0.004518485,0.0032986586,49395
20140717,10:15:00.000,BBG000BPMH90,0.017745115,0.022660028,476698
20140717,10:15:00.000,BBG000D9DMK0,-0.0014690947,0.002866598,151952
20140717,10:15:00.000,BBG000D14WM3,0.005420903,0.010810712,1846211
20140717,10:15:00.000,BBG000PVRDL2,0.0033666482,0.009620986,927000
20140717,10:15:00.000,BBG000BSC0K9,0.0018891221,0.0010079786,158715
20140717,10:15:00.000,BBG000R0L5J4,0.0100442795,0.008021198,194638
20140717,10:15:00.000,BBG000JH6683,0.0069499607,-0.0006947182,198047
20140717,10:15:00.000,BBG000BG14P4,0.0118319215,0.00061299664,301538
20140717,10:15:00.000,BBG000D9KWL9,0.013535681,0.009856178,140632
20140717,10:15:00.000,BBG000BKWSR6,-0.008713544,-0.011428416,1571629
20140717,10:15:00.000,BBG000BC9938,0.010447368,0.0112198405,181361
20140717,10:15:00.000,BBG000BB1TH9,-0.00034189445,-0.0021874835,73892
20140717,10:15:00.000,BBG000BJ49H3,0.0011995678,0.00015350105,311964
20140717,10:15:00.000,BBG000BFS7D3,-1.43150555e-05,0.00032382275,77729
20140717,10:15:00.000,BBG000BN9WT5,0.0032254353,-0.0038178859,80348
20140717,10:15:00.000,BBG000BKR1D6,0.0074985386,0.005269164,328188
20140717,10:15:00.000,BBG000BFRF55,0.015409685,0.0069995895,1104137
20140717,10:15:00.000,BBG000BKTT89,-0.0017038172,-0.011380804,108653
20140717,10:15:00.000,BBG000BQ8KV2,0.0026723242,-0.0034649633,162414
20140717,10:15:00.000,BBG000BQVWZ6,0.0031480733,-0.0030349842,1535604
20140717,10:15:00.000,BBG000BHKYH4,-0.0057113175,-0.0048387684,88299
20140717,10:15:00.000,BBG000BS7KS3,-0.0040225256,-0.00048284468,45881
20140717,10:15:00.000,BBG000CGT2S4,-0.013409414,-0.0064090146,644667
20140717,10:15:00.000,BBG000F7RCJ1,-0.0038861262,-0.008912903,111390
20140717,10:15:00.000,BBG000BMTFR4,-0.0002919783,-0.00033737687,176839
20140717,10:15:00.000,BBG000TJM7F0,-0.003336224,8.40139e-05,87525
20140717,10:15:00.000,BBG000BMKDM3,-0.0010711728,-0.0018934646,90872
20140717,10:15:00.000,BBG000FLZN98,2.9792106e-06,-0.009597146,43595
20140717,10:15:00.000,BBG000BKLH74,0.004999416,0.005282279,719124
20140717,10:15:00.000,BBG000BCTQ65,-0.0013100731,-0.003783743,216257
20140717,10:15:00.000,BBG000D1QCF1,-0.0019729175,-0.0016292431,120614
20140717,10:15:00.000,BBG000BSXQV7,0.03463656,0.033570215,292149
20140717,10:15:00.000,BBG000BG09F5,-0.0035795122,0.0027122882,110045
20140717,10:15:00.000,BBG000FLPRH1,-0.0077735265,-0.0022460334,119427
20140717,10:15:00.000,BBG000PV2L86,0.0037231857,-0.0026826486,45585
20140717,10:15:00.000,BBG000BGYWY6,0.0050544613,0.00022726197,92345
20140717,10:15:00.000,BBG000C060M4,0.005324824,0.0050114165,53063
20140717,10:15:00.000,BBG000BDXGP9,-0.006571645,-0.0077734794,671701
20140717,10:15:00.000,BBG000BGD7W6,-0.0010019304,-0.0023950008,180008
20140717,10:15:00.000,BBG000BP8Z50,-0.0016367958,-0.0034267178,66641
20140717,10:15:00.000,BBG000HW5GX3,-0.0028200462,0.0015626624,223534
20140717,10:15:00.000,BBG000C4ZZ10,-0.0031715662,-0.004756114,31992
20140717,10:15:00.000,BBG000BNNYW1,-0.068226755,-0.07123599,3892896
20140717,10:15:00.000,BBG000BR37X2,0.0044476376,0.006548341,616099
20140717,10:15:00.000,BBG000BLW530,-0.00072779844,-0.0024874597,101750
20140717,10:15:00.000,BBG000BF1R66,0.0016396842,0.002078119,60732
20140717,10:15:00.000,BBG000BKNX95,-0.0010179004,-0.0021432668,283063
20140717,10:15:00.000,BBG000BWP7D9,0.0018129292,-0.0017710924,72241
20140717,10:15:00.000,BBG000BBMSJ6,0.004152387,-0.004294786,111279
20140717,10:15:00.000,BBG000DN7P92,0.0053641,0.0037678867,215317
20140717,10:15:00.000,BBG000BCZYD3,-0.002538894,-0.0035713844,44699
20140717,10:15:00.000,BBG000CVWGS6,-0.005803462,-0.003910933,483460
20140717,10:15:00.000,BBG000BLHRS2,0.00084852515,-0.0002704772,192395
20140717,10:15:00.000,BBG000BY2Y78,0.0036976736,0.0018316506,140012
20140717,10:15:00.000,BBG000BK6G19,0.029615814,0.037266817,1082938
20140717,10:15:00.000,BBG002S5ZRF9,0.016274286,0.009202378,62195
20140717,10:15:00.000,BBG000BNC3Y9,0.0033330054,0.0019031354,104271
20140717,10:15:00.000,BBG000BTCH57,-0.0011906219,-0.0033744618,92521
20140717,10:15:00.000,BBG000BB03M1,0.0065996405,0.0053010574,232323
20140717,10:15:00.000,BBG000BN84F3,-0.007186146,-0.0035769586,70629
20140717,10:15:00.000,BBG000BB5BF6,0.014172241,0.009149056,270202
20140717,10:15:00.000,BBG000FDBX90,0.0044811154,0.0028084395,433951
20140717,10:15:00.000,BBG000RGM5P1,0.005861839,0.0012709047,132235
20140717,10:15:00.000,BBG000BB5373,-0.0004259367,-0.001138594,613872
20140717,10:15:00.000,BBG000BFDLV8,0.00081134605,-0.001029954,150255
20140717,10:15:00.000,BBG000BGRKT6,0.0020359063,0.0025136045,58078
20140717,10:15:00.000,BBG000BTVJ25,-0.00543728,-0.008361463,224702
20140717,10:15:00.000,BBG000BVMPN3,-0.0015537953,-0.0026251266,161787
20140717,10:15:00.000,BBG000C2ZCH8,0.000583687,-0.00083162065,41339
20140717,10:15:00.000,BBG0014GJCT9,-0.003582624,-0.0045111133,188588
20140717,10:15:00.000,BBG000C11MQ5,-0.004610195,-0.010197797,162594
20140717,10:15:00.000,BBG003P9ZSL3,-0.0020607254,0.0011421307,117007
20140717,10:15:00.000,BBG000BX5ZF5,-0.0011081375,-0.0023353945,708466
20140717,10:15:00.000,BBG000C2V3D6,-0.012229029,-0.016237948,1380057
20140717,10:15:00.000,BBG000BQVTF5,-0.0010338733,-0.002727354,92692
20140717,10:15:00.000,BBG000D2M0Z7,-0.005252116,-0.0064158435,49525
20140717,10:15:00.000,BBG000CHPY97,-0.006097941,-0.0004549893,610577
20140717,10:15:00.000,BBG000N746D6,0.008438966,0.005683092,435569
20140717,10:15:00.000,BBG000M1R011,0.005809344,0.007902607,115029
20140717,10:15:00.000,BBG000BHLYP4,0.004705581,0.0025981225,56125
20140717,10:15:00.000,BBG000BB6G37,0.0029238006,-0.0047507025,112222
20140717,10:15:00.000,BBG000BR14K5,0.0015991449,0.0017682292,124457
20140717,10:15:00.000,BBG000PX3XC0,-0.000761154,0.0047748657,608792
20140717,10:15:00.000,BBG000J1QLT0,-0.0065222816,-0.0018915888,141899
20140717,10:15:00.000,BBG0039320N9,-0.00685447,-0.0070518637,343272
20140717,10:15:00.000,BBG000BC4JJ4,-0.0017235273,-0.0037750127,78795
20140717,10:15:00.000,BBG000BM7HL0,-0.0034247038,-0.0006318335,140997
20140717,10:15:00.000,BBG000BP1Q11,-0.00794528,-0.0048409016,157858
20140717,10:15:00.000,BBG000BF6LY3,-0.00021104715,-0.0070774793,238850
20140717,10:15:00.000,BBG000BF5RY1,0.0038489928,0.0057765325,371898
20140717,10:15:00.000,BBG000BFTJ91,-0.0038283712,0.00036553844,250024
20140717,10:15:00.000,BBG000BR54L0,0.0055535357,-0.011520219,838390
20140717,10:15:00.000,BBG000J5Q6L2,0.0058587785,0.006754876,992016
20140717,10:15:00.000,BBG000BCWCG1,-0.020679684,-0.025419556,555286
20140717,10:15:00.000,BBG000TWC2V5,-0.00082647445,-0.0020430493,49063
20140717,10:15:00.000,BBG000BCYP43,-0.003910435,-0.005006838,52202
20140717,10:15:00.000,BBG000C221G9,-0.002593498,-0.010582306,271352
20140717,10:15:00.000,BBG000BZTW70,0.00083948416,-4.307084e-08,449182
20140717,10:15:00.000,BBG000BKZTP3,-0.0042332285,-0.0028510056,207391
20140717,10:15:00.000,BBG000R8ZVD1,0.009643763,0.0049860887,818984
20140717,10:15:00.000,BBG000CKVSG8,-0.003724162,-0.0014078063,180058
20140717,10:15:00.000,BBG000DNTSP4,-0.0027613358,-0.0049197082,397674
20140717,10:15:00.000,BBG000BP4MH0,0.00021778805,-0.00048048218,138500
20140717,10:15:00.000,BBG000BR3KL6,-0.00032425465,-0.007102616,78641
20140717,10:15:00.000,BBG000BJQWD2,0.0015131366,0.0013539669,132481
20140717,10:15:00.000,BBG000G0Z878,-0.0034030534,-0.0035660632,210968
20140717,10:15:00.000,BBG000D7RKJ5,0.002143631,4.54226e-09,399487
20140717,10:15:00.000,BBG000G9CGL0,0.0003554942,-0.0016168071,105735
20140717,10:15:00.000,BBG000DTMH63,0.006044881,0.0027220184,507618
20140717,10:15:00.000,BBG0029BK2G7,-0.007977645,-0.006640138,122000
20140717,10:15:00.000,BBG000G3QLY3,0.006400619,0.0049511427,71918
20140717,10:15:00.000,BBG000BP0KQ8,0.009100209,0.012929256,652943
20140717,10:15:00.000,BBG001NVJ6W4,-0.030714476,-0.034228086,891070
20140717,10:15:00.000,BBG000BSBZH7,0.0018118923,0.0005634585,904392
20140717,10:15:00.000,BBG000BHGCD1,-0.00819058,-0.011259523,76982
20140717,10:15:00.000,BBG000BL9JQ1,-0.0005093895,-0.0020365505,247241
20140717,10:15:00.000,BBG000BH5DV1,-0.0071663754,-0.0034952313,96699
20140717,10:15:00.000,BBG000QW7VC1,0.013195849,0.01950971,1099427
20140717,10:15:00.000,BBG000DQTXY6,-0.0055072512,-0.022676462,969456
20140717,10:15:00.000,BBG000QY3XZ2,-8.4399086e-05,-0.0028976672,86846
20140717,10:15:00.000,BBG000BBBNC6,0.01269425,0.01355116,331821
20140717,10:15:00.000,BBG000F15NW9,0.0055774627,0.004507326,280725
20140717,10:15:00.000,BBG000BNNKG9,0.00019140811,-0.0074923392,318760
20140717,10:15:00.000,BBG000BFXHL6,-0.00016797114,-0.00073197816,267910
20140717,10:15:00.000,BBG000BRRG02,-0.0046691746,-0.006028005,165609
20140717,10:15:00.000,BBG000BHLYS1,0.0006656655,-0.002559117,135632
20140717,10:15:00.000,BBG000CGQ6M4,-0.0057558804,-0.0067442036,64175
20140717,10:15:00.000,BBG000C1S2X2,-0.0005931659,-0.008211623,149445
20140717,10:15:00.000,BBG000C7LMS8,-0.0007467488,-0.0039039382,7272
20140717,10:15:00.000,BBG000MDCQC2,-0.0033106802,0.0006169569,181266
20140717,10:15:00.000,BBG000JG0547,-5.951119e-05,-0.0031682674,92889
20140717,10:15:00.000,BBG000CJZ2W6,0.0134877665,0.0076979063,304207
20140717,10:15:00.000,BBG0020B4JG7,0.0049406528,0.0037591034,663785
20140717,10:15:00.000,BBG000BNFLM9,-0.0048466846,-0.0033025206,98584
20140717,10:15:00.000,BBG000BCBCM7,0.00080049376,-0.004466457,851351
20140717,10:15:00.000,BBG000CS7CT9,0.0049586846,0.0015495603,259788
20140717,10:15:00.000,BBG000MZFMS2,-0.0036899725,-0.005341212,114202
20140717,10:15:00.000,BBG000BKQ3V3,0.0011688222,-0.0015472359,321768
20140717,10:15:00.000,BBG000BLCPY4,-0.0039807307,-0.0043450976,74272
20140717,10:15:00.000,BBG000BC15S7,0.0006953398,0.00184187,102091
20140717,10:15:00.000,BBG000FKJRC5,0.00040956173,0.0013973351,159151
20140717,10:15:00.000,BBG000BRJ809,0.007406978,0.008120738,137894
20140717,10:15:00.000,BBG000C2PW58,0.0014884721,-0.00092248066,77752
20140717,10:15:00.000,BBG000BCVMH9,0.031517535,0.035298515,672814
20140717,10:15:00.000,BBG000BQ2C28,0.005506011,0.005070662,110402
20140717,10:15:00.000,BBG000BBJQV0,0.007982827,-0.0015498418,527867
20140717,10:15:00.000,BBG000G2R6M0,0.0040962403,0.006570543,474781
20140717,10:15:00.000,BBG000BTKGG8,-0.007393812,-0.012640827,495388
20140717,10:15:00.000,BBG000BMQPL1,-0.020263322,-0.023263969,5068423
20140717,10:15:00.000,BBG000BMF5J0,0.0008612596,-0.0069003603,1783978
20140717,10:15:00.000,BBG000BB6WG8,0.0018141719,-0.0014653808,241460
20140717,10:15:00.000,BBG000BM6788,-0.0053435694,-0.012718969,368096
20140717,10:15:00.000,BBG000FVXD63,-0.010410931,-0.004700278,220048
20140717,10:15:00.000,BBG000C3HSR0,-0.0031009612,-0.00070894626,640677
20140717,10:15:00.000,BBG000BN5HF7,-0.010751126,-0.017815623,381817
20140717,10:15:00.000,BBG001QD41M9,0.00242198,-0.002606698,61635
20140717,10:15:00.000,BBG000CXYSZ6,-0.0018567056,-0.0025071837,64545
20140717,10:15:00.000,BBG000BVMGF2,0.005886799,0.006877307,356502
20140717,10:15:00.000,BBG0019JZ882,0.00028179988,-0.0017608836,2784735
20140717,10:15:00.000,BBG000BKPL53,-0.00108539,-0.00150877,99563
20140717,10:15:00.000,BBG000PYZSR8,-0.013758991,-0.006586539,261174
20140717,10:15:00.000,BBG000F0KF42,-0.00054000405,-0.0044856966,389997
20140717,10:15:00.000,BBG000FW00S1,-0.008171191,-0.011710414,672645
20140717,10:15:00.000,BBG000BYYLS8,-0.0076102577,-0.010349255,395377
20140717,10:15:00.000,BBG000BB6M98,-0.0014297824,-0.0027928536,230084
20140717,10:15:00.000,BBG000D8RG11,-0.001471887,-0.004561503,506764
20140717,10:15:00.000,BBG000CHWP52,0.026222602,0.03137523,509931
20140717,10:15:00.000,BBG000D6L294,0.0002639478,0.0069939885,137628
20140717,10:15:00.000,BBG000C3Y7J6,-0.0011589034,-0.00042533127,73549
20140717,10:15:00.000,BBG000BM5SR2,-0.0048397533,-0.011180791,599417
20140717,10:15:00.000,BBG000BS0ZF1,0.0018039021,-3.1463765e-05,43087
20140717,10:15:00.000,BBG000C0F570,0.0062714824,-0.0014460759,209400
20140717,10:15:00.000,BBG000C90DH9,-0.009414683,-0.0020741946,474478
20140717,10:15:00.000,BBG000BVWLJ6,0.0004676415,-0.003081319,346168
20140717,10:15:00.000,BBG000BRK7L6,-0.002029736,-0.0012010745,591551
20140717,10:15:00.000,BBG000BZ2GG4,-0.0042473027,-0.004166782,115514
20140717,10:15:00.000,BBG000BVL2G3,-0.002587362,-0.0018107307,153778
20140717,10:15:00.000,BBG000C2YHG9,-0.006619868,-0.0019848587,112132
20140717,10:15:00.000,BBG001BPFT54,0.011022329,0.0075559868,419624
20140717,10:15:00.000,BBG000BH2JM1,0.005740697,0.008731989,408281
20140717,10:15:00.000,BBG000BPVCR1,0.009463738,0.0103421295,85863
20140717,10:15:00.000,BBG002BHBHM1,0.009202702,0.011314838,117829
20140717,10:15:00.000,BBG000Q3JN03,-0.004827396,-0.010352651,2045643
20140717,10:15:00.000,BBG000BPT0C6,-0.01310887,-0.0072892895,399055
20140717,10:15:00.000,BBG000BQWPC5,-0.0021149053,-0.006319753,188709
20140717,10:15:00.000,BBG000BQ5DS5,-0.0038483294,-0.0012824045,185210
20140717,10:15:00.000,BBG000DY8ZS4,0.0024749322,0.0030589062,1233879
20140717,10:15:00.000,BBG000R8L7J3,0.009639032,0.0074099624,1475409
20140717,10:15:00.000,BBG000BS9489,-0.007161064,-0.0010505897,201452
20140717,10:15:00.000,BBG000D898T9,-0.0022530307,-0.0023947735,123026
20140717,10:15:00.000,BBG000BFL116,-0.00270167,-0.010795031,305579
20140717,10:15:00.000,BBG001YMS0B8,-0.005465603,-0.0066682855,193180
20140717,10:15:00.000,BBG000QBR5J5,0.0024874248,0.0032793495,299296
20140717,10:15:00.000,BBG000BHC2S1,-0.011008681,-0.013209513,219722
20140717,10:15:00.000,BBG000BX3TD3,0.0007308775,-0.003351529,686150
20140717,10:15:00.000,BBG000C1FQS9,-0.008046283,-0.009622353,205773
20140717,10:15:00.000,BBG000BLKK03,0.0046433765,0.024877535,243676
20140717,10:15:00.000,BBG000BKCFC2,-0.00034966928,-0.0018841373,243436
20140717,10:15:00.000,BBG000C4DPX1,0.0013019904,-0.0057710055,221709
20140717,10:15:00.000,BBG000BHZ5J9,-0.009947966,-0.005412749,114693
20140717,10:15:00.000,BBG000KLB4Q1,-0.005093708,-0.01119586,534468
20140717,10:15:00.000,BBG000BMBL90,-0.008138885,-0.011533028,417264
20140717,10:15:00.000,BBG000C2BXK4,0.00022753862,-0.0058697793,1333211
20140717,10:15:00.000,BBG000H0QBS7,-0.0011232276,-0.00044960066,540556
20140717,10:15:00.000,BBG000BQZMH4,0.0035976768,0.00053130527,450034
20140717,10:15:00.000,BBG000BLBXT4,0.0035731618,-0.0031335705,106462
20140717,10:15:00.000,BBG000BJ2VQ6,0.005723599,0.0011856034,285817
20140717,10:15:00.000,BBG000BMY992,0.0007129756,-0.0006079723,246266
20140717,10:15:00.000,BBG000BXM6V2,0.008739373,0.006714169,215684
20140717,10:15:00.000,BBG000BWSV34,-0.002710071,-0.00906822,119257
20140717,10:15:00.000,BBG000BKFBD7,0.00070327235,-0.0010082974,168990
20140717,10:15:00.000,BBG000FP1N32,0.001632939,-0.004623008,316457
20140717,10:15:00.000,BBG000BT4T69,0.0027379543,3.9335475e-08,208091
20140717,10:15:00.000,BBG000BFMBQ6,-0.0035282928,0.016922904,548937
20140717,10:15:00.000,BBG000C0HQ54,-0.0025626202,-0.0041939397,109792
20140717,10:15:00.000,BBG000C0LW92,-0.0067493273,-0.008550397,833464
20140717,10:15:00.000,BBG000BVPPM1,-0.00036067548,-0.0013445687,325246
20140717,10:15:00.000,BBG000BMW2Z0,-0.0036865983,-0.003983192,154164
20140717,10:15:00.000,BBG000BPWXK1,-0.0036086398,-0.0011903044,846252
20140717,10:15:00.000,BBG000GC80B4,-0.0019625546,-0.003655174,1374641
20140717,10:15:00.000,BBG000BXWBN9,0.000888778,0.0011647017,293075
20140717,10:15:00.000,BBG000BY33P5,0.0017637938,0.00041931513,1056581
20140717,10:15:00.000,BBG000R7RDB4,0.0021491346,0.00855641,82706
20140717,10:15:00.000,BBG000MBDGM6,-0.0015522289,-0.00023842843,15989
20140717,10:15:00.000,BBG000BGLRN3,0.0003285589,-0.0013468269,180464
20140717,10:15:00.000,BBG000BWJFZ4,0.0063535986,0.0075423154,51740
20140717,10:15:00.000,BBG000BGVW60,0.0010735084,-0.0027235774,84877
20140717,10:15:00.000,BBG000BNJHS8,-0.001260278,-0.0010702647,557604
20140717,10:15:00.000,BBG000DKCC19,0.0027140945,0.0012745037,225697
20140717,10:15:00.000,BBG000BXMFC3,0.05254202,0.052036285,984707
20140717,10:15:00.000,BBG000BSD7C2,0.0028492822,0.00264243,138015
20140717,10:15:00.000,BBG000BSLZY7,-0.007902167,-0.00979489,564493
20140717,10:15:00.000,BBG000BMDV41,-0.0002694272,-0.0043653566,457782
20140717,10:15:00.000,BBG001C7TST4,-0.005841376,-0.0049420986,244152
20140717,10:15:00.000,BBG000BRJL00,-0.00073591725,-0.0035658777,167645
20140717,10:15:00.000,BBG000BRD0D8,-0.005383405,-0.010331416,652231
20140717,10:15:00.000,BBG000BND699,-0.0050740256,-0.011859136,319062
20140717,10:15:00.000,BBG000BB9KF2,-0.00017322118,-0.0023980252,158516
20140717,10:15:00.000,BBG000C1BW00,0.0077619012,0.0066853687,150674
20140717,10:15:00.000,BBG000BTZQC4,-0.00017204913,-0.00027871772,605551
20140717,10:15:00.000,BBG000BWNFZ9,-0.0015446768,-0.006520047,445598
20140717,10:15:00.000,BBG000BJ98Z0,0.0013846535,0.0012070427,112009
20140717,10:15:00.000,BBG000CNFQW6,-0.0055247652,-0.0076612434,99489
20140717,10:15:00.000,BBG000BGPTV6,0.0008038261,-0.0018805218,132541
20140717,10:15:00.000,BBG000BB07P9,-0.0025610062,3.9041223e-07,1263894
20140717,10:15:00.000,BBG000C1FB75,0.009111042,0.008604754,147057
20140717,10:15:00.000,BBG001M8HHB7,0.0123968255,0.0108880885,128217
20140717,10:15:00.000,BBG000DHSPT0,0.0093354955,0.016711637,704214
20140717,10:15:00.000,BBG000FQ6PY6,0.0048167533,0.0073325154,394991
20140717,10:15:00.000,BBG000BBDV81,0.005587042,0.0046554524,512836
20140717,10:15:00.000,BBG000VC0T95,-0.0043941867,-0.0023977994,132059
20140717,10:15:00.000,BBG000BKFZM4,0.003951454,-1.0647939e-08,462804
20140717,10:15:00.000,BBG000D13GN8,-0.0058658132,-0.005488629,105850
20140717,10:15:00.000,BBG000C0MF34,-0.0018675532,0.00042713282,136813
20140717,10:15:00.000,BBG000BFNR17,0.021656403,0.021606235,329162
20140717,10:15:00.000,BBG000BK67C7,-0.0013487545,-0.0011065382,96214
20140717,10:15:00.000,BBG000FJLFX8,-0.0008704648,0.017834472,325701
20140717,10:15:00.000,BBG000BH5LT6,-0.004216172,-0.009222901,575956
20140717,10:15:00.000,BBG000BD8PN9,0.0044896947,0.002361716,469508
20140717,10:15:00.000,BBG000BH3GZ2,-0.03929327,-0.048554845,3018258
20140717,10:15:00.000,BBG000BB5006,-0.004306839,-0.0019343266,167526
20140717,10:15:00.000,BBG000BTR593,-0.0129956035,-0.0064537856,702169
20140717,10:15:00.000,BBG000BRWGG9,0.0040820935,0.0042342204,2114567
20140717,10:15:00.000,BBG000BJ3PD2,4.234193e-05,-0.0030206705,193081
20140717,10:15:00.000,BBG000CSY9H9,0.008063427,0.002464662,546629
20140717,10:15:00.000,BBG000FNRZ69,-0.0029925148,-0.0010274779,506272
20140717,10:15:00.000,BBG000C734W3,-0.003914831,-0.009147297,84727
20140717,10:15:00.000,BBG000BCGY17,-0.00021885252,0.0043299375,700062
20140717,10:15:00.000,BBG000BCVJ77,-0.0005831178,-0.0019588312,341896
20140717,10:15:00.000,BBG000C46HM9,-0.0016330505,-0.003153561,332551
20140717,10:15:00.000,BBG000BJPDZ1,-0.0034077275,-0.0061934316,75366
20140717,10:15:00.000,BBG000BJL3N0,-0.03493298,-0.038988244,4348546
20140717,10:15:00.000,BBG000BGJRC8,-0.00030682873,0.0022453184,1198790
20140717,10:15:00.000,BBG000BBD070,0.008134351,0.008466512,352964
20140717,10:15:00.000,BBG000BFQYY3,-0.0013310708,-0.0010801248,333340
20140717,10:15:00.000,BBG000BPQD31,-0.004983395,-0.0063938503,550670
20140717,10:15:00.000,BBG000BJ81C1,-0.0013345485,-0.00047062067,148079
20140717,10:15:00.000,BBG000B9WH86,-0.0014118064,-0.0066324985,3263002
20140717,10:15:00.000,BBG000D42FJ0,0.016389031,0.00872572,359958
20140717,10:15:00.000,BBG000BHX7N2,-0.003753704,-0.008018619,439905
20140717,10:15:00.000,BBG000BH3JF8,-0.028403204,-0.043398075,2671367
20140717,10:15:00.000,BBG000JWD753,-0.017491514,-0.025720323,2695015
20140717,10:15:00.000,BBG000BHGDH5,0.005920058,0.0029004978,331410
20140717,10:15:00.000,BBG0014GG205,0.0038151732,0.0005744794,716569
20140717,10:15:00.000,BBG000G30YX4,-0.000673335,-0.0064244187,164060
20140717,10:15:00.000,BBG000BCG930,0.0017485927,0.022104744,714698
20140717,10:15:00.000,BBG000BWVCP8,0.004471997,0.003768137,546195
20140717,10:15:00.000,BBG000C3GN47,-0.020231074,-0.013550454,701761
20140717,10:15:00.000,BBG000BT9DW0,-0.0056316736,-0.0035734316,492781
20140717,10:15:00.000,BBG000BV8DN6,-0.00418446,-0.0064657843,784329
20140717,10:15:00.000,BBG0029SNR63,0.018893594,0.019357342,1345292
20140717,10:15:00.000,BBG000HCJMF9,0.004431113,0.002366692,222426
20140717,10:15:00.000,BBG000D9D830,0.00221816,0.002758348,228243
20140717,10:15:00.000,BBG000F6H8W8,-0.0026074715,-0.0062798066,158853
20140717,10:15:00.000,BBG000B9ZXB4,0.020919431,0.01802883,1147647
20140717,10:15:00.000,BBG000BVDLH9,0.010526277,0.007968961,540170
20140717,10:15:00.000,BBG000BBVJZ8,0.0020977145,0.0077668056,341429
20140717,10:15:00.000,BBG000BWXBC2,-0.000996521,-0.0037735598,454422
20140717,10:15:00.000,BBG000WCFV84,-0.0024011787,-0.0015085789,289331
20140717,10:15:00.000,BBG000BFDXW1,0.0040481137,-0.0028663327,747047
20140717,10:15:00.000,BBG000DYGNW7,0.004956082,0.0074572423,95076
20140717,10:15:00.000,BBG000BNBDC2,-0.00039457978,-0.0027066434,401620
20140717,10:15:00.000,BBG000BJSBJ0,-0.0009814377,-0.003242687,118003
20140717,10:15:00.000,BBG000BJF1Z8,0.003389063,0.0020729916,248251
20140717,10:15:00.000,BBG000BY29C7,0.012989176,0.010658984,774028
20140717,10:15:00.000,BBG000BH13K9,0.0013364106,0.001384456,680211
20140717,10:15:00.000,BBG000BH1NH9,-0.006306497,-0.007825793,586983
20140717,10:15:00.000,BBG000BLZRJ2,0.013210669,0.0123097235,5412555
20140717,10:15:00.000,BBG000BVV7G1,-0.002121418,-0.010194564,686523
20140717,10:15:00.000,BBG000BL4504,-0.0030877527,-1.1331204e-07,609943
20140717,10:15:00.000,BBG000BB6KF5,0.0041567036,0.0021445693,528500
20140717,10:15:00.000,BBG000DSMS70,0.003239181,0.0002043922,149610
20140717,10:15:00.000,BBG000C8H633,-0.003759835,0.0009936199,698205
20140717,10:15:00.000,BBG001DCCGR8,-0.005058368,-0.0029329068,359743
20140717,10:15:00.000,BBG000QX74T1,0.0028036572,-0.005494912,102376
20140717,10:15:00.000,BBG000M65M61,0.0065870616,0.0034522726,369042
20140717,10:15:00.000,BBG000F80SZ5,0.022492189,0.020473279,2452955
20140717,10:15:00.000,BBG000C5HS04,-0.0019403985,-0.0059165256,754895
20140717,10:15:00.000,BBG000H556T9,-0.0003870934,-0.0025416368,424198
20140717,10:15:00.000,BBG000NV1KK7,-0.011815024,-0.012597969,641584
20140717,10:15:00.000,BBG000L9CV04,-0.0020296734,-0.005118195,296293
20140717,10:15:00.000,BBG000BXRPH1,0.0032506767,0.009416171,196322
20140717,10:15:00.000,BBG000BNDN65,0.001989971,-0.0018880186,651634
20140717,10:15:00.000,BBG000BGKTF9,-0.0043444876,-0.0052154637,391664
20140717,10:15:00.000,BBG00286S4N9,-0.0023072867,-0.0014218923,308576
20140717,10:15:00.000,BBG000H89QJ6,-0.0063075395,-6.67218e-05,241210
20140717,10:15:00.000,BBG000BNWG87,-0.0059360256,-0.0076282453,1228118
20140717,10:15:00.000,BBG000BJX8C8,0.0019149962,0.0010545835,471137
20140717,10:15:00.000,BBG000BD4VG8,-0.006440731,-0.006519579,984756
20140717,10:15:00.000,BBG000D4LWF6,-0.0031756454,-0.0034085624,1091758
20140717,10:15:00.000,BBG000FL1TC8,-0.011238729,-0.0024182384,180802
20140717,10:15:00.000,BBG000FFDM15,-0.004761258,-0.008230485,2077278
20140717,10:15:00.000,BBG000BBPFB9,0.00048438806,0.0017507148,1715873
20140717,10:15:00.000,BBG000BN2DC2,-0.00014521547,0.0026878677,503402
20140717,10:15:00.000,BBG000BCQZS4,-0.00049785565,-0.000634884,314882
20140717,10:15:00.000,BBG000CPQZ77,0.0022015101,-0.002468955,925539
20140717,10:15:00.000,BBG000BP52R2,0.006921939,-0.009409116,381792
20140717,10:15:00.000,BBG000J6XT05,-0.008475767,-0.010930463,733481
20140717,10:15:00.000,BBG000BJDB15,-0.00709521,-0.0033475668,1199639
20140717,10:15:00.000,BBG000LD9JQ8,-0.009193818,-0.014719365,446479
20140717,10:15:00.000,BBG000FG3C43,-0.10374656,-0.10740627,9856585
20140717,10:15:00.000,BBG000BC2C10,0.009931997,0.015219285,679523
20140717,10:15:00.000,BBG000BGRY34,0.00568016,0.0020195332,272650
20140717,10:15:00.000,BBG000CTQBF3,0.0011304187,-0.0072404887,682134
20140717,10:15:00.000,BBG000H8TVT2,-0.0023919633,-0.004239592,631323
20140717,10:15:00.000,BBG0025Y4RY4,-0.0042415564,-0.006617627,1672835
20140717,10:15:00.000,BBG000F1ZSQ2,-0.0055484157,-0.007918889,814737
20140717,10:15:00.000,BBG000CH5208,0.009908631,0.024004422,1273454
20140717,10:15:00.000,BBG000KHWT55,-0.0070386645,-0.008904043,1491038
20140717,10:15:00.000,BBG000BFWKC0,0.0022386438,0.00091557176,315556
20140717,10:15:00.000,BBG000BP6LJ8,-0.002708918,0.001195664,718686
20140717,10:15:00.000,BBG000BW8S60,-0.002556214,-0.0057284874,685036
20140717,10:15:00.000,BBG000BWLMJ4,0.0017338629,-0.0032208315,599272
20140717,10:15:00.000,BBG000Q2HM09,0.004121121,0.0028677727,529677
20140717,10:15:00.000,BBG000BW3299,-0.004337381,-0.0014741856,318659
20140717,10:15:00.000,BBG000BC40Y8,-0.009757107,-0.00422115,826505
20140717,10:15:00.000,BBG000BBS2Y0,-0.0062428466,-0.00959981,300070
20140717,10:15:00.000,BBG000DWG505,-0.0011921561,-0.0024597435,266721
20140717,10:15:00.000,BBG000BQQ2S6,0.00026934393,0.001326742,374839
20140717,10:15:00.000,BBG000BZ9223,0.0035371552,0.010460873,540640
20140717,10:15:00.000,BBG000DH7JK6,-0.001562492,0.0006080551,295438
20140717,10:15:00.000,BBG000BHVJJ3,0.0042120647,-0.0022226293,1197829
20140717,10:15:00.000,BBG000J2XL74,0.013612188,0.016004926,1254778
20140717,10:15:00.000,BBG000C17X76,0.013575846,0.008774613,403108
20140717,10:15:00.000,BBG000BHBK84,0.0014125017,-0.0030738155,431840
20140717,10:15:00.000,BBG000Q9HH23,0.005267018,0.0026949027,272470
20140717,10:15:00.000,BBG000F0PF65,0.03015724,0.03723141,10331576
20140717,10:15:00.000,BBG000BF0K17,-0.0040798625,-0.004833246,640786
20140717,10:15:00.000,BBG000C15T95,-0.00034377736,0.0021990743,963858
20140717,10:15:00.000,BBG000NDYB67,0.0028773083,-3.7632056e-08,1453187
20140717,10:15:00.000,BBG000DWYF03,0.002469718,0.0057583065,11009578
20140717,10:15:00.000,BBG000C6CFJ5,0.0061155423,0.0051039276,849227
20140717,10:15:00.000,BBG000BKTFN2,-0.005708238,-0.0050094333,1234462
20140717,10:15:00.000,BBG000BBGGQ1,-0.00060769334,-0.0015979556,1040045
20140717,10:15:00.000,BBG000DLFM21,,,458202
20140717,10:15:00.000,BBG000BBDZG3,-0.004159316,0.00090850116,1274694
20140717,10:15:00.000,BBG000DQLV23,0.0012674272,-0.0028694822,534578
20140717,10:15:00.000,BBG000BCSST7,0.0012813127,0.00051020284,558813
20140717,10:15:00.000,BBG000BQLTW7,0.0033348908,0.0057138046,6204816
20140717,10:15:00.000,BBG000BQPC32,0.006542682,0.007871909,4631092
20140717,10:15:00.000,BBG000BFC8J2,-0.0008124606,-0.0037190835,426046
20140717,10:15:00.000,BBG000BQQH30,-0.0042600245,0.0018612061,866333
20140717,10:15:00.000,BBG000BMX289,-0.003979726,-0.0021381646,1340222
20140717,10:15:00.000,BBG000BNSZP1,0.0047526876,-0.004080725,707656
20140717,10:15:00.000,BBG005P7Q881,-0.0054818336,-0.003680866,1039583
20140717,10:15:00.000,BBG000FH8PX5,,,215742
20140717,10:15:00.000,BBG000R7Z112,-0.0014352148,-0.002112408,1335542
20140717,10:15:00.000,BBG000BH4R78,0.00620453,0.007264354,906358
20140717,10:15:00.000,BBG000BKZB36,0.00040039764,-0.0024476775,704422
20140717,10:15:00.000,BBG000BPD168,-0.0007823283,-0.0030965747,904579
20140717,10:15:00.000,BBG000BHQ1H0,0.0034728923,0.002925247,147955
20140717,10:15:00.000,BBG000C496P7,,,2748230
20140717,10:15:00.000,BBG000C43RR5,0.015629029,0.014202461,5042023
20140717,10:15:00.000,BBG000BT41Q8,-0.006242149,-0.0053090598,1039267
20140717,10:15:00.000,BBG000PSKYX7,-0.0076944646,-0.009705654,358607
20140717,10:15:00.000,BBG000BR2TH3,0.004257924,0.0027183606,909572
20140717,10:15:00.000,BBG000GFFQN9,-0.00068076793,-0.0038478111,4726706
20140717,10:15:00.000,BBG000CGC1X8,-0.011178954,-0.010048855,1613807
20140717,10:15:00.000,BBG000BMHYD1,-0.0015609689,-0.0033273583,1098485
20140717,10:15:00.000,BBG000BFT2L4,-0.0057235216,-0.0005451257,1708100
20140717,10:15:00.000,BBG000HS77T5,-0.00022879879,-0.0045137876,1775736
20140717,10:15:00.000,BBG000K4ND22,0.0014835827,0.0027895106,578150
20140717,10:15:00.000,BBG000C3J3C9,-0.0014421787,-0.0019247977,4770839
20140717,10:15:00.000,BBG000BK6MB5,0.0056070834,-0.005186083,7041228
20140717,10:15:00.000,BBG000BWQFY7,0.0014721645,-0.0029319257,3094155
20140717,10:15:00.000,BBG000BLNNH6,0.01152632,0.01252897,1632595
20140717,10:15:00.000,BBG000H6HNW3,-0.013750512,-0.014428535,4838538
20140717,10:15:00.000,BBG000DMBXR2,0.0037292696,-0.0003407949,2217603
20140717,10:15:00.000,BBG000BSJK37,0.003605278,-0.001646305,2600068
20140717,10:15:00.000,BBG000FY4S11,0.005197646,0.0010034568,3422824
20140717,10:15:00.000,BBG000C5Z1S3,-0.026102478,-0.03232797,8262656
20140717,10:15:00.000,BBG000BR2B91,0.0055456515,0.0019382013,6429788
20140717,10:15:00.000,BBG000N9MNX3,-0.00079222716,-0.00029941535,805319
20140717,10:15:00.000,BBG000C0G1D1,-0.011062346,-0.01731845,18065268
20140717,10:15:00.000,BBG002W96FT9,-0.0063230963,-0.00873695,400765
20140717,10:15:00.000,BBG000BLBVN4,0.0049771117,0.0022072683,87690
20140717,10:15:00.000,BBG000CKGBP2,0.010557508,0.0063798614,1711860
20140717,10:15:00.000,BBG000GZQ728,0.0032365224,-0.0008192743,922784
20140717,10:15:00.000,BBG000BVPV84,0.0046977284,-0.0002528828,675865
20140717,10:15:00.000,BBG000BPH459,0.022075884,0.025870709,23325420
20140717,10:15:00.000,BBG000BCTLF6,-0.0064683305,-0.012253927,20053452
20140717,10:15:00.000,BBG000BHSKN9,-0.005234598,-0.0067881327,353605
20140717,10:15:00.000,BBG000CL9VN6,-0.00141137,0.00016885994,385365
20140717,10:15:00.000,BBG000MM2P62,0.00045406498,-0.0011826694,6598908
20140717,10:15:00.000,BBG000B9XRY4,-0.0020549481,-0.0065418384,9242662
20140717,10:30:00.000,BBG000PCQQL6,0.0020046835,0.0059206374,299750
20140717,10:30:00.000,BBG000BJP882,-0.0029687686,0.00028912086,74461
20140717,10:30:00.000,BBG000BMFFQ0,-0.0014184527,-0.0011955189,107183
20140717,10:30:00.000,BBG000K1J931,0.022018613,0.012995964,700745
20140717,10:30:00.000,BBG000BQ87N0,-0.00056128413,-0.00021958699,108458
20140717,10:30:00.000,BBG000BBCQD7,0.0058793803,0.009450648,792315
20140717,10:30:00.000,BBG000BQHGR6,0.0039539738,0.005386229,101165
20140717,10:30:00.000,BBG000C75N77,-0.008426475,-0.013166976,287360
20140717,10:30:00.000,BBG000BJ8YN7,0.00038915116,0.0010987959,391997
20140717,10:30:00.000,BBG000BLXZN1,0.0064563514,0.006398081,265153
20140717,10:30:00.000,BBG000BV4XJ1,0.0044727195,0.0030876028,59582
20140717,10:30:00.000,BBG000QKPTS5,0.0034939214,0.0044539045,158125
20140717,10:30:00.000,BBG000BV75B7,-0.0027669934,-0.003695842,84494
20140717,10:30:00.000,BBG000CB8Q50,-0.005393915,0.005103788,198908
20140717,10:30:00.000,BBG000BNPSQ9,-0.0032126291,-0.0020193786,415272
20140717,10:30:00.000,BBG000H4YVR7,-0.0069327955,-0.0051519577,133112
20140717,10:30:00.000,BBG000JB27Y9,0.0020506848,0.003494635,103258
20140717,10:30:00.000,BBG000BVHBM1,0.0030057146,-0.01323573,383575
20140717,10:30:00.000,BBG000BQSQ38,0.00023243668,-0.00095124234,259345
20140717,10:30:00.000,BBG001XJRMF5,0.003931481,0.016286818,258682
20140717,10:30:00.000,BBG000BNGTQ7,-0.0027480973,-0.002529572,370000
20140717,10:30:00.000,BBG000B9X8C0,0.0015021903,0.0013845247,89557
20140717,10:30:00.000,BBG000GPXKX9,-0.007356961,-0.004516796,68751
20140717,10:30:00.000,BBG000BV7LP7,-0.0038694395,-0.0031751809,95638
20140717,10:30:00.000,BBG001NY45K9,0.005433404,0.012314832,439600
20140717,10:30:00.000,BBG000L8CBX4,-0.001754516,0.0012448496,23388
20140717,10:30:00.000,BBG000BHCP19,0.0071548093,0.00092315517,127595
20140717,10:30:00.000,BBG000JKCWS0,0.0015161291,0.0035031326,51184
20140717,10:30:00.000,BBG000CPHYL4,0.005885607,0.01580608,371837
20140717,10:30:00.000,BBG000F86GP6,0.0010031252,0.0021618626,68915
20140717,10:30:00.000,BBG000V31J96,-0.0014063214,-0.0013250975,498368
20140717,10:30:00.000,BBG000BWVSR1,-0.002596777,-0.0031355731,90761
20140717,10:30:00.000,BBG000DLVDK3,0.016814465,0.024186395,449692
20140717,10:30:00.000,BBG003641015,0.0010786111,1.7386904e-07,162169
20140717,10:30:00.000,BBG000BQD1J2,-0.0038569844,-0.0018424968,8724866
20140717,10:30:00.000,BBG000BWXL85,-0.003930626,-0.00018222751,124341
20140717,10:30:00.000,BBG001J1QN87,-0.0020541362,0.0005499667,83439
20140717,10:30:00.000,BBG000BFJ645,-0.00061808503,-0.001965438,697293
20140717,10:30:00.000,BBG000BPZBB6,0.00064136955,0.00051635876,91747
20140717,10:30:00.000,BBG000RNTSX0,-0.0025533547,-0.0016803888,266345
20140717,10:30:00.000,BBG000C23KJ3,0.004059877,0.0026235676,532955
20140717,10:30:00.000,BBG000CZWZ05,0.0030012913,0.0020402148,652542
20140717,10:30:00.000,BBG000CR90K4,0.0045570876,-0.00602093,7932002
20140717,10:30:00.000,BBG000BBL0Y1,-0.00056056044,0.0018200711,211769
20140717,10:30:00.000,BBG000BKQG80,0.0012562134,0.0034200978,150634
20140717,10:30:00.000,BBG000K14Q84,-0.002939028,-0.00015363641,589880
20140717,10:30:00.000,BBG000Q0BPZ4,0.0008387669,-0.0035064372,69265
20140717,10:30:00.000,BBG000BHB3M6,-0.0064556445,-0.009601125,344692
20140717,10:30:00.000,BBG000BLMZK6,-0.0045304266,-0.008651135,199197
20140717,10:30:00.000,BBG000QFJ7H3,0.004166966,0.01317563,258116
20140717,10:30:00.000,BBG000BLDV98,0.0036186115,0.0003069979,156399
20140717,10:30:00.000,BBG000PLXQQ3,0.051232528,0.05721076,619349
20140717,10:30:00.000,BBG000BGYMH7,0.0027981484,-0.0021208888,65211
20140717,10:30:00.000,BBG000H9G7X2,-0.005466279,-0.006340992,268172
20140717,10:30:00.000,BBG000BRZJR8,-0.010220708,-0.012744722,235219
20140717,10:30:00.000,BBG000BJDPC2,-0.008044774,-0.006999446,214209
20140717,10:30:00.000,BBG000BDY3Y7,0.010233655,0.019673795,404457
20140717,10:30:00.000,BBG000BPNP00,0.0064292885,0.0011696458,311522
20140717,10:30:00.000,BBG000BBB3K1,0.007579418,0.010492466,818105
20140717,10:30:00.000,BBG000BFV115,0.00029190758,0.007666037,278973
20140717,10:30:00.000,BBG000CXD6X9,-0.009391841,-0.0065642158,368270
20140717,10:30:00.000,BBG000QN4GY3,-0.004266332,-0.005055021,437815
20140717,10:30:00.000,BBG000BWCKB6,-0.0035790326,-0.00039896765,462481
20140717,10:30:00.000,BBG000BKXFN7,0.0020009836,0.0035072737,249832
20140717,10:30:00.000,BBG000F9KJN4,0.014282841,0.01675383,129092
20140717,10:30:00.000,BBG000BQV1S2,0.00017579555,-0.0035618166,121264
20140717,10:30:00.000,BBG000BTQR96,-0.0007502512,-0.004637608,223385
20140717,10:30:00.000,BBG000F6ZWH2,0.0020872515,0.0007945984,151184
20140717,10:30:00.000,BBG000BMZ7P7,0.0032025874,0.0072279843,185814
20140717,10:30:00.000,BBG000BB29X4,0.0013324186,0.0011158161,95687
20140717,10:30:00.000,BBG000BBCDZ2,-0.0035040448,-0.004178293,85610
20140717,10:30:00.000,BBG000C6F3T8,0.009484798,0.005320762,6140882
20140717,10:30:00.000,BBG000BFVXX0,0.0013122915,0.0023165194,182724
20140717,10:30:00.000,BBG000G6BN50,0.0006658232,-0.0053096004,49876
20140717,10:30:00.000,BBG000BRXP69,-0.00030881414,0.0005207682,63619
20140717,10:30:00.000,BBG000BPMH90,0.016888978,0.022053692,610117
20140717,10:30:00.000,BBG000D9DMK0,-0.0016839326,0.0066257315,188909
20140717,10:30:00.000,BBG000D14WM3,0.0059015965,0.013354174,2378332
20140717,10:30:00.000,BBG000PVRDL2,0.0064277556,0.016163088,1211870
20140717,10:30:00.000,BBG000BSC0K9,0.0015762224,0.0018325832,211030
20140717,10:30:00.000,BBG000R0L5J4,0.0062565096,0.0064650127,257850
20140717,10:30:00.000,BBG000JH6683,0.010489822,0.007990167,261090
20140717,10:30:00.000,BBG000BG14P4,0.0075203357,-0.0012262713,341388
20140717,10:30:00.000,BBG000D9KWL9,0.013494093,0.009365357,169253
20140717,10:30:00.000,BBG000BKWSR6,-0.009053553,-0.011428364,2011711
20140717,10:30:00.000,BBG000BC9938,0.012096231,0.013506451,228008
20140717,10:30:00.000,BBG000BB1TH9,-0.0014901195,-0.0023805476,98213
20140717,10:30:00.000,BBG000BJ49H3,0.00020177777,0.00652177,420691
20140717,10:30:00.000,BBG000BFS7D3,-0.0011133183,0.000107785476,88141
20140717,10:30:00.000,BBG000BN9WT5,0.0029388084,-0.002227114,113760
20140717,10:30:00.000,BBG000BKR1D6,0.0063443286,0.005555281,451228
20140717,10:30:00.000,BBG000BFRF55,0.018312529,0.013363014,1304806
20140717,10:30:00.000,BBG000BKTT89,0.0001837306,-0.006758491,134041
20140717,10:30:00.000,BBG000BQ8KV2,0.002026705,-0.0020790088,216365
20140717,10:30:00.000,BBG000BQVWZ6,0.0005236044,-0.0040463973,1763427
20140717,10:30:00.000,BBG000BHKYH4,-0.004554007,-0.0029393956,115696
20140717,10:30:00.000,BBG000BS7KS3,-0.005919083,-0.0018634285,62719
20140717,10:30:00.000,BBG000CGT2S4,-0.0158136,-0.009048085,785640
20140717,10:30:00.000,BBG000F7RCJ1,-0.00078322226,-0.003147984,137113
20140717,10:30:00.000,BBG000BMTFR4,-0.0025116403,-1.2916364e-07,272502
20140717,10:30:00.000,BBG000TJM7F0,-0.0034210875,0.00050548656,126285
20140717,10:30:00.000,BBG000BMKDM3,-0.0007920431,-0.0019692022,111577
20140717,10:30:00.000,BBG000FLZN98,0.0010129233,-0.00566764,52595
20140717,10:30:00.000,BBG000BKLH74,0.0043243305,0.0062883366,1017215
20140717,10:30:00.000,BBG000BCTQ65,-0.0016587084,-0.0015765604,268715
20140717,10:30:00.000,BBG000D1QCF1,-0.004424602,-0.0008147723,168607
20140717,10:30:00.000,BBG000BSXQV7,0.0328734,0.033793516,345832
20140717,10:30:00.000,BBG000BG09F5,-0.0029214486,0.004849106,146675
20140717,10:30:00.000,BBG000FLPRH1,-0.011004911,-0.0021628945,148807
20140717,10:30:00.000,BBG000PV2L86,0.0018182194,-0.0014393879,65732
20140717,10:30:00.000,BBG000BGYWY6,0.0050480086,0.0028258653,119451
20140717,10:30:00.000,BBG000C060M4,0.0045582103,0.006106134,75313
20140717,10:30:00.000,BBG000BDXGP9,-0.007232115,-0.009068883,805232
20140717,10:30:00.000,BBG000BGD7W6,0.00041761875,0.0011591306,240030
20140717,10:30:00.000,BBG000BP8Z50,-0.0041117393,-0.0035790266,113138
20140717,10:30:00.000,BBG000HW5GX3,-0.0011164752,0.00245567,294218
20140717,10:30:00.000,BBG000C4ZZ10,-0.0041951784,-0.0043973215,91175
20140717,10:30:00.000,BBG000BNNYW1,-0.06602767,-0.0648298,4677758
20140717,10:30:00.000,BBG000BR37X2,0.0023945535,0.005320642,734872
20140717,10:30:00.000,BBG000BLW530,-0.002940907,-0.0020825379,144954
20140717,10:30:00.000,BBG000BF1R66,0.0018474128,0.0028772284,70620
20140717,10:30:00.000,BBG000BKNX95,-0.0025029213,0.004643444,393064
20140717,10:30:00.000,BBG000BWP7D9,0.0034410292,0.0015500821,181441
20140717,10:30:00.000,BBG000BBMSJ6,0.004667316,-0.001718015,140618
20140717,10:30:00.000,BBG000DN7P92,0.0040695276,0.0041932007,245738
20140717,10:30:00.000,BBG000BCZYD3,-0.0030115542,-0.0017226683,60615
20140717,10:30:00.000,BBG000CVWGS6,-0.0053843046,-0.0017385166,747013
20140717,10:30:00.000,BBG000BLHRS2,0.0013387979,-0.0005953669,248633
20140717,10:30:00.000,BBG000BY2Y78,0.0034194111,0.003139843,171634
20140717,10:30:00.000,BBG000BK6G19,0.035183877,0.043946918,1257740
20140717,10:30:00.000,BBG002S5ZRF9,0.016653094,0.0123672625,100007
20140717,10:30:00.000,BBG000BNC3Y9,0.005366354,0.0053294646,130076
20140717,10:30:00.000,BBG000BTCH57,-0.0025624565,-0.0043714745,126637
20140717,10:30:00.000,BBG000BB03M1,0.0041062976,0.0046475,288426
20140717,10:30:00.000,BBG000BN84F3,-0.0061149667,0.00024398518,122807
20140717,10:30:00.000,BBG000BB5BF6,0.010258998,0.0072230627,340235
20140717,10:30:00.000,BBG000FDBX90,0.0058090705,0.0064192694,586628
20140717,10:30:00.000,BBG000RGM5P1,0.0068223155,0.003574071,166695
20140717,10:30:00.000,BBG000BB5373,-0.0008814403,-0.00056922826,668129
20140717,10:30:00.000,BBG000BFDLV8,0.0026856023,0.0031668672,209683
20140717,10:30:00.000,BBG000BGRKT6,0.0010331742,0.0030492302,78960
20140717,10:30:00.000,BBG000BTVJ25,-0.006376448,-0.008091631,268862
20140717,10:30:00.000,BBG000BVMPN3,-0.0029039439,-0.0030525594,225054
20140717,10:30:00.000,BBG000C2ZCH8,0.00033828968,0.0006848435,69117
20140717,10:30:00.000,BBG0014GJCT9,-0.007401375,-0.004446673,218366
20140717,10:30:00.000,BBG000C11MQ5,-0.0020281125,-0.0031499108,182240
20140717,10:30:00.000,BBG003P9ZSL3,-0.0029494145,0.0019989498,133377
20140717,10:30:00.000,BBG000BX5ZF5,-0.003056248,-0.0023354082,866004
20140717,10:30:00.000,BBG000C2V3D6,-0.01162804,-0.012376025,1562235
20140717,10:30:00.000,BBG000BQVTF5,-0.00086873345,0.0011974223,133150
20140717,10:30:00.000,BBG000D2M0Z7,-0.004668721,-0.0045008105,64904
20140717,10:30:00.000,BBG000CHPY97,-0.009273736,-0.003185398,829409
20140717,10:30:00.000,BBG000N746D6,0.0080501,0.0071038865,506097
20140717,10:30:00.000,BBG000M1R011,0.004361082,0.008968107,163128
20140717,10:30:00.000,BBG000BHLYP4,0.0064288313,0.0046400125,94472
20140717,10:30:00.000,BBG000BB6G37,0.0024951897,-0.0037260503,146577
20140717,10:30:00.000,BBG000BR14K5,0.0010001141,0.0014814938,145483
20140717,10:30:00.000,BBG000PX3XC0,-0.006494749,-0.00017029166,741025
20140717,10:30:00.000,BBG000J1QLT0,-0.007725429,-0.0026366704,188044
20140717,10:30:00.000,BBG0039320N9,-0.010709567,-0.007665181,520163
20140717,10:30:00.000,BBG000BC4JJ4,-0.0003285266,-0.00011524184,167268
20140717,10:30:00.000,BBG000BM7HL0,-0.0026484225,0.0018943574,189794
20140717,10:30:00.000,BBG000BP1Q11,-0.00770262,-0.0040543317,179465
20140717,10:30:00.000,BBG000BF6LY3,-0.0013219522,-0.00626081,285779
20140717,10:30:00.000,BBG000BF5RY1,0.0037308657,0.0075315554,437965
20140717,10:30:00.000,BBG000BFTJ91,-0.0035608686,-2.8066148e-07,334959
20140717,10:30:00.000,BBG000BR54L0,0.0050915154,-0.01101937,961920
20140717,10:30:00.000,BBG000J5Q6L2,0.0073287725,0.009825087,1189811
20140717,10:30:00.000,BBG000BCWCG1,-0.020191854,-0.022812473,682553
20140717,10:30:00.000,BBG000TWC2V5,-0.0015974435,-0.002634502,68721
20140717,10:30:00.000,BBG000BCYP43,-0.0031344937,-0.002245663,65479
20140717,10:30:00.000,BBG000C221G9,-0.0059165256,-0.011333488,342471
20140717,10:30:00.000,BBG000BZTW70,0.0005589809,0.0018921812,568747
20140717,10:30:00.000,BBG000BKZTP3,-0.0052036573,0.00067579345,271035
20140717,10:30:00.000,BBG000R8ZVD1,0.009902118,0.01062842,990901
20140717,10:30:00.000,BBG000CKVSG8,-0.00073890446,0.0026988508,258209
20140717,10:30:00.000,BBG000DNTSP4,-0.0038994644,-0.0046854247,532004
20140717,10:30:00.000,BBG000BP4MH0,0.0012114185,0.0017284031,172058
20140717,10:30:00.000,BBG000BR3KL6,-0.0015517512,-0.0055777095,109137
20140717,10:30:00.000,BBG000BJQWD2,0.0053252163,0.006939097,171442
20140717,10:30:00.000,BBG000G0Z878,-0.004925726,-0.003565954,332096
20140717,10:30:00.000,BBG000D7RKJ5,0.0033119402,0.0038734246,449241
20140717,10:30:00.000,BBG000G9CGL0,0.0052096657,0.007327767,142835
20140717,10:30:00.000,BBG000DTMH63,0.009917263,0.00877075,731029
20140717,10:30:00.000,BBG0029BK2G7,-0.011273198,-0.0073778094,141645
20140717,10:30:00.000,BBG000G3QLY3,0.0060115545,0.0056467485,108265
20140717,10:30:00.000,BBG000BP0KQ8,0.0075547667,0.013468203,819726
20140717,10:30:00.000,BBG001NVJ6W4,-0.027445247,-0.02888975,1071127
20140717,10:30:00.000,BBG000BSBZH7,0.00034390003,0.00016101662,1020754
20140717,10:30:00.000,BBG000BHGCD1,-0.012988384,-0.012829758,105233
20140717,10:30:00.000,BBG000BL9JQ1,3.8004917e-05,-0.0007919798,289306
20140717,10:30:00.000,BBG000BH5DV1,-0.0057310797,-0.0011649958,134649
20140717,10:30:00.000,BBG000QW7VC1,0.018818233,0.03016627,1593801
20140717,10:30:00.000,BBG000DQTXY6,-0.005232093,-0.021866363,1031412
20140717,10:30:00.000,BBG000QY3XZ2,0.0020564774,0.00025205378,112246
20140717,10:30:00.000,BBG000BBBNC6,0.013823741,0.016324844,449226
20140717,10:30:00.000,BBG000F15NW9,0.0037396508,0.004802927,358433
20140717,10:30:00.000,BBG000BNNKG9,0.00040187946,-0.0042143837,421773
20140717,10:30:00.000,BBG000BFXHL6,-0.0026456423,-0.0013594755,322107
20140717,10:30:00.000,BBG000BRRG02,-0.0012462325,0.0008161021,210620
20140717,10:30:00.000,BBG000BHLYS1,0.0010163797,-0.0007059355,175374
20140717,10:30:00.000,BBG000CGQ6M4,-0.0059307646,-0.004685165,87667
20140717,10:30:00.000,BBG000C1S2X2,-6.5534616e-05,-0.0036668505,184338
20140717,10:30:00.000,BBG000C7LMS8,-0.0018560711,-0.0024842003,9067
20140717,10:30:00.000,BBG000MDCQC2,-0.0011611943,0.006715917,226310
20140717,10:30:00.000,BBG000JG0547,0.00033999965,-0.001428836,123285
20140717,10:30:00.000,BBG000CJZ2W6,0.020342441,0.018603534,467115
20140717,10:30:00.000,BBG0020B4JG7,0.002401088,0.0040485132,766641
20140717,10:30:00.000,BBG000BNFLM9,-0.0058486783,-0.002107727,121892
20140717,10:30:00.000,BBG000BCBCM7,-0.00054465263,-0.005359631,1047450
20140717,10:30:00.000,BBG000CS7CT9,0.002805059,0.00058098923,361677
20140717,10:30:00.000,BBG000MZFMS2,0.0004097813,0.001956114,129383
20140717,10:30:00.000,BBG000BKQ3V3,0.0016229124,0.00064422726,388508
20140717,10:30:00.000,BBG000BLCPY4,-0.004009276,-0.003355777,89357
20140717,10:30:00.000,BBG000BC15S7,0.0007674418,0.0029024854,140584
20140717,10:30:00.000,BBG000FKJRC5,0.000118244774,0.0016635639,191779
20140717,10:30:00.000,BBG000BRJ809,0.007957361,0.010503393,155283
20140717,10:30:00.000,BBG000C2PW58,0.0021192946,0.00032324623,92010
20140717,10:30:00.000,BBG000BCVMH9,0.031644326,0.037528563,778441
20140717,10:30:00.000,BBG000BQ2C28,0.0055863573,0.0058826613,154045
20140717,10:30:00.000,BBG000BBJQV0,0.011107036,0.0025832886,796768
20140717,10:30:00.000,BBG000G2R6M0,0.0060292287,0.011680896,622704
20140717,10:30:00.000,BBG000BTKGG8,-0.009103283,-0.01412814,688583
20140717,10:30:00.000,BBG000BMQPL1,-0.026355678,-0.02890366,6292305
20140717,10:30:00.000,BBG000BMF5J0,-0.0018598102,-0.0069004255,1966682
20140717,10:30:00.000,BBG000BB6WG8,-0.00010354057,-0.0039777146,411493
20140717,10:30:00.000,BBG000BM6788,-0.0033529515,-0.0075993147,418043
20140717,10:30:00.000,BBG000FVXD63,-0.0115239,-0.005009415,499778
20140717,10:30:00.000,BBG000C3HSR0,-0.0017674702,0.0017006643,776903
20140717,10:30:00.000,BBG000BN5HF7,-0.011790694,-0.017201288,447373
20140717,10:30:00.000,BBG001QD41M9,0.003709664,0.0036201414,145489
20140717,10:30:00.000,BBG000CXYSZ6,0.00037019976,0.0020972036,100044
20140717,10:30:00.000,BBG000BVMGF2,0.0055325585,0.0072212447,432109
20140717,10:30:00.000,BBG0019JZ882,0.0008287783,4.291604e-08,3148591
20140717,10:30:00.000,BBG000BKPL53,-0.0039685266,-0.001995381,117450
20140717,10:30:00.000,BBG000PYZSR8,-0.014817173,-0.0071049174,303631
20140717,10:30:00.000,BBG000F0KF42,-0.0024334923,-0.0044038384,484766
20140717,10:30:00.000,BBG000FW00S1,-0.0068750037,-0.008012352,857483
20140717,10:30:00.000,BBG000BYYLS8,-0.009797732,-0.012621193,660600
20140717,10:30:00.000,BBG000BB6M98,-0.0021753965,-0.0015516224,323969
20140717,10:30:00.000,BBG000D8RG11,-0.0032781821,-0.0042574536,657798
20140717,10:30:00.000,BBG000CHWP52,0.030757401,0.0380216,936993
20140717,10:30:00.000,BBG000D6L294,0.0006199168,0.008148065,155339
20140717,10:30:00.000,BBG000C3Y7J6,-0.0026748371,-0.00015946531,91641
20140717,10:30:00.000,BBG000BM5SR2,-0.0023537385,-0.0077866,823354
20140717,10:30:00.000,BBG000BS0ZF1,-0.0012921623,-0.0002527703,68119
20140717,10:30:00.000,BBG000C0F570,0.004521384,-0.0014458082,293555
20140717,10:30:00.000,BBG000C90DH9,-0.009992416,-0.0020742095,570421
20140717,10:30:00.000,BBG000BVWLJ6,0.00023120118,-0.00088011887,391297
20140717,10:30:00.000,BBG000BRK7L6,0.00025485494,0.0012012731,706086
20140717,10:30:00.000,BBG000BZ2GG4,-0.005856519,-0.0030171447,147873
20140717,10:30:00.000,BBG000BVL2G3,0.0014903058,0.0037354915,199887
20140717,10:30:00.000,BBG000C2YHG9,-0.006211662,-0.00076343096,171987
20140717,10:30:00.000,BBG001BPFT54,0.0070969537,0.0050887642,531142
20140717,10:30:00.000,BBG000BH2JM1,0.004974221,0.008295421,520812
20140717,10:30:00.000,BBG000BPVCR1,0.009073796,0.0121888565,106351
20140717,10:30:00.000,BBG002BHBHM1,0.0070050447,0.012379538,151233
20140717,10:30:00.000,BBG000Q3JN03,-0.007248646,-0.012235031,3518707
20140717,10:30:00.000,BBG000BPT0C6,-0.012811172,-0.0058443854,484905
20140717,10:30:00.000,BBG000BQWPC5,-0.0017034791,-0.0048459526,261719
20140717,10:30:00.000,BBG000BQ5DS5,-0.0037457815,0.0007596262,222372
20140717,10:30:00.000,BBG000DY8ZS4,-9.4814706e-05,0.003058908,1580089
20140717,10:30:00.000,BBG000R8L7J3,0.007482713,0.008757183,1811052
20140717,10:30:00.000,BBG000BS9489,-0.008388532,-0.002031517,229162
20140717,10:30:00.000,BBG000D898T9,-0.0009467006,0.0014793276,186644
20140717,10:30:00.000,BBG000BFL116,-0.005128274,-0.011740655,461345
20140717,10:30:00.000,BBG001YMS0B8,-0.0055309627,-0.0065014735,232692
20140717,10:30:00.000,BBG000QBR5J5,0.0035540718,0.005387725,388140
20140717,10:30:00.000,BBG000BHC2S1,-0.006844485,-0.008068343,328577
20140717,10:30:00.000,BBG000BX3TD3,0.0045614536,0.0033512036,923635
20140717,10:30:00.000,BBG000C1FQS9,-0.007978972,-0.0071205553,257092
20140717,10:30:00.000,BBG000BLKK03,0.0038114807,0.030527972,298503
20140717,10:30:00.000,BBG000BKCFC2,-8.965171e-05,-0.002260949,315163
20140717,10:30:00.000,BBG000C4DPX1,0.002187544,-0.0035306327,302359
20140717,10:30:00.000,BBG000BHZ5J9,-0.008918447,-0.0034309025,136250
20140717,10:30:00.000,BBG000KLB4Q1,-0.006467809,-0.011091199,671200
20140717,10:30:00.000,BBG000BMBL90,-0.008663335,-0.010721801,516728
20140717,10:30:00.000,BBG000C2BXK4,0.0021290428,-0.0007827579,1459511
20140717,10:30:00.000,BBG000H0QBS7,-0.0024451634,0.00045004842,726864
20140717,10:30:00.000,BBG000BQZMH4,0.0050781625,0.003984684,641509
20140717,10:30:00.000,BBG000BLBXT4,0.004049383,-0.00018066545,131257
20140717,10:30:00.000,BBG000BJ2VQ6,0.004085455,0.00018222227,411452
20140717,10:30:00.000,BBG000BMY992,0.00046113928,0.00060786377,331283
20140717,10:30:00.000,BBG000BXM6V2,0.0066987704,0.008719667,269499
20140717,10:30:00.000,BBG000BWSV34,-0.002020366,-0.0068633026,134552
20140717,10:30:00.000,BBG000BKFBD7,0.00028516396,-0.000504089,198158
20140717,10:30:00.000,BBG000FP1N32,0.0013260581,-0.0027248436,414162
20140717,10:30:00.000,BBG000BT4T69,0.0017061009,3.9335475e-08,258451
20140717,10:30:00.000,BBG000BFMBQ6,-0.0078688525,0.01910501,844313
20140717,10:30:00.000,BBG000C0HQ54,-0.0009569781,0.0005990637,146308
20140717,10:30:00.000,BBG000C0LW92,-0.009193978,-0.008550394,1105957
20140717,10:30:00.000,BBG000BVPPM1,-0.0016105365,-0.0013446064,384995
20140717,10:30:00.000,BBG000BMW2Z0,-0.0037123666,-0.0035017582,180781
20140717,10:30:00.000,BBG000BPWXK1,-0.0032126792,0.0039673955,1049894
20140717,10:30:00.000,BBG000GC80B4,-0.00022964898,-0.00061885273,1762000
20140717,10:30:00.000,BBG000BXWBN9,0.00069261366,0.0032610896,388587
20140717,10:30:00.000,BBG000BY33P5,-0.00025205174,0.000419232,1330221
20140717,10:30:00.000,BBG000R7RDB4,-0.0031760696,0.0041234763,120610
20140717,10:30:00.000,BBG000MBDGM6,-0.0017993435,0.0013809709,27152
20140717,10:30:00.000,BBG000BGLRN3,0.0003006577,-0.00053872983,211685
20140717,10:30:00.000,BBG000BWJFZ4,0.0059266137,0.009152579,72653
20140717,10:30:00.000,BBG000BGVW60,0.0019954205,-7.170026e-05,106824
20140717,10:30:00.000,BBG000BNJHS8,-0.0024343398,-9.290014e-08,713240
20140717,10:30:00.000,BBG000DKCC19,0.00354666,0.0015293803,307367
20140717,10:30:00.000,BBG000BXMFC3,0.044637866,0.046633963,1144144
20140717,10:30:00.000,BBG000BSD7C2,0.0031848233,0.0031710858,169914
20140717,10:30:00.000,BBG000BSLZY7,-0.009208995,-0.010520297,726288
20140717,10:30:00.000,BBG000BMDV41,0.00050087663,0.00069481996,690121
20140717,10:30:00.000,BBG001C7TST4,-0.0055680503,-0.0019339999,352142
20140717,10:30:00.000,BBG000BRJL00,-0.0008834429,-0.0011889193,231609
20140717,10:30:00.000,BBG000BRD0D8,-0.0034803518,-0.00927479,828218
20140717,10:30:00.000,BBG000BND699,-0.0058047264,-0.010069073,439514
20140717,10:30:00.000,BBG000BB9KF2,-0.001062328,-0.00073767407,230877
20140717,10:30:00.000,BBG000C1BW00,0.007822,0.0074593397,191911
20140717,10:30:00.000,BBG000BTZQC4,0.0015388272,0.0025110187,714374
20140717,10:30:00.000,BBG000BWNFZ9,-0.00398665,-0.0070632705,562539
20140717,10:30:00.000,BBG000BJ98Z0,-0.00010560256,-0.00037496627,144655
20140717,10:30:00.000,BBG000CNFQW6,-0.0037506672,-0.0038305114,139512
20140717,10:30:00.000,BBG000BGPTV6,0.00068212254,0.001264668,166943
20140717,10:30:00.000,BBG000BB07P9,-0.0017304377,0.0047635925,1650373
20140717,10:30:00.000,BBG000C1FB75,0.00806831,0.008790039,234378
20140717,10:30:00.000,BBG001M8HHB7,0.013814971,0.014223573,169340
20140717,10:30:00.000,BBG000DHSPT0,0.006444251,0.0152807785,866856
20140717,10:30:00.000,BBG000FQ6PY6,0.0032364738,0.0065441956,475917
20140717,10:30:00.000,BBG000BBDV81,0.0028659003,0.0036431942,616418
20140717,10:30:00.000,BBG000VC0T95,-0.006753429,-0.003155099,166191
20140717,10:30:00.000,BBG000BKFZM4,0.003956324,0.001375328,590508
20140717,10:30:00.000,BBG000D13GN8,-0.0113437865,-0.00916063,151631
20140717,10:30:00.000,BBG000C0MF34,-0.0024946393,0.0013392942,144068
20140717,10:30:00.000,BBG000BFNR17,0.02173336,0.024059381,396771
20140717,10:30:00.000,BBG000BK67C7,-0.00039387352,4.2690823e-05,118272
20140717,10:30:00.000,BBG000FJLFX8,0.0007311044,0.025686674,483685
20140717,10:30:00.000,BBG000BH5LT6,-0.0040036105,-0.008098114,652071
20140717,10:30:00.000,BBG000BD8PN9,0.0047695055,0.0028866273,575314
20140717,10:30:00.000,BBG000BH3GZ2,-0.03623373,-0.043838494,3636650
20140717,10:30:00.000,BBG000BB5006,-0.0052927467,-0.0016580212,247382
20140717,10:30:00.000,BBG000BTR593,-0.013688956,-0.006569039,814745
20140717,10:30:00.000,BBG000BRWGG9,0.0026055682,0.0056456267,3449731
20140717,10:30:00.000,BBG000BJ3PD2,-0.00068593543,-0.0015733362,237395
20140717,10:30:00.000,BBG000CSY9H9,0.0060766935,0.0023003346,753490
20140717,10:30:00.000,BBG000FNRZ69,-0.0037014815,0.001027731,621757
20140717,10:30:00.000,BBG000C734W3,-0.0029249492,-0.00434473,102071
20140717,10:30:00.000,BBG000BCGY17,-0.00053776376,0.0045796754,835067
20140717,10:30:00.000,BBG000BCVJ77,0.0005355664,0.0004566831,428187
20140717,10:30:00.000,BBG000C46HM9,0.00014187991,0.00035053448,391399
20140717,10:30:00.000,BBG000BJPDZ1,-0.0021747947,-0.0026168397,113604
20140717,10:30:00.000,BBG000BJL3N0,-0.037335105,-0.041309018,5707542
20140717,10:30:00.000,BBG000BGJRC8,-0.0011783537,0.0032077313,1522749
20140717,10:30:00.000,BBG000BBD070,0.00758561,0.009423828,396055
20140717,10:30:00.000,BBG000BFQYY3,-0.0019215421,-0.0012960999,435748
20140717,10:30:00.000,BBG000BPQD31,1.3187948e-05,0.0012589822,915070
20140717,10:30:00.000,BBG000BJ81C1,-0.000769597,0.00026145202,167253
20140717,10:30:00.000,BBG000B9WH86,-6.2990104e-05,-0.0030147897,3954539
20140717,10:30:00.000,BBG000D42FJ0,0.019818561,0.0146913305,474476
20140717,10:30:00.000,BBG000BHX7N2,-0.0044041057,-0.007871223,564934
20140717,10:30:00.000,BBG000BH3JF8,-0.030435992,-0.044162832,3057953
20140717,10:30:00.000,BBG000JWD753,-0.01208231,-0.017392999,3206942
20140717,10:30:00.000,BBG000BHGDH5,0.0048097903,0.0040053385,407568
20140717,10:30:00.000,BBG0014GG205,0.0043015066,0.0026798134,929282
20140717,10:30:00.000,BBG000G30YX4,-0.00010868281,-0.0011339623,200988
20140717,10:30:00.000,BBG000BCG930,0.0007146681,0.027185034,1158769
20140717,10:30:00.000,BBG000BWVCP8,0.005996824,0.006508504,656257
20140717,10:30:00.000,BBG000C3GN47,-0.015705643,-0.008072658,940511
20140717,10:30:00.000,BBG000BT9DW0,-0.0028889782,-0.0006699085,616198
20140717,10:30:00.000,BBG000BV8DN6,-0.003907765,-0.004944529,932011
20140717,10:30:00.000,BBG0029SNR63,0.021934254,0.028542956,1778825
20140717,10:30:00.000,BBG000HCJMF9,0.0040748604,0.0035225367,262319
20140717,10:30:00.000,BBG000D9D830,0.0005464493,0.0023194521,304493
20140717,10:30:00.000,BBG000F6H8W8,-0.0034998783,-0.0056855814,215140
20140717,10:30:00.000,BBG000B9ZXB4,0.021393921,0.020952359,1393064
20140717,10:30:00.000,BBG000BVDLH9,0.011057613,0.011575988,609447
20140717,10:30:00.000,BBG000BBVJZ8,0.002040122,0.007766817,474307
20140717,10:30:00.000,BBG000BWXBC2,0.0017179357,-0.0011707321,643531
20140717,10:30:00.000,BBG000WCFV84,-0.0011601204,0.0019106823,439641
20140717,10:30:00.000,BBG000BFDXW1,0.0039104484,-0.0015633882,819281
20140717,10:30:00.000,BBG000DYGNW7,0.0040778965,0.0101904785,131252
20140717,10:30:00.000,BBG000BNBDC2,-0.00091722567,-0.0010347144,487211
20140717,10:30:00.000,BBG000BJSBJ0,0.00014586833,-0.00045641564,155062
20140717,10:30:00.000,BBG000BJF1Z8,0.0053977678,0.005506583,354500
20140717,10:30:00.000,BBG000BY29C7,0.019124314,0.021317795,1290920
20140717,10:30:00.000,BBG000BH13K9,0.0017661786,0.0032303403,802457
20140717,10:30:00.000,BBG000BH1NH9,-0.008137505,-0.0082728155,726999
20140717,10:30:00.000,BBG000BLZRJ2,0.012243286,0.012617461,5998405
20140717,10:30:00.000,BBG000BVV7G1,-0.0019122286,-0.008563494,849328
20140717,10:30:00.000,BBG000BL4504,-0.0044351737,-1.5487103e-07,719420
20140717,10:30:00.000,BBG000BB6KF5,0.0062276972,0.0048252256,631714
20140717,10:30:00.000,BBG000DSMS70,0.0037338855,0.004939321,188102
20140717,10:30:00.000,BBG000C8H633,-0.0030146139,0.0024840294,872746
20140717,10:30:00.000,BBG001DCCGR8,-0.0052485787,-0.0024226715,489515
20140717,10:30:00.000,BBG000QX74T1,0.0046598925,-0.0014649655,117637
20140717,10:30:00.000,BBG000M65M61,0.008235874,0.0075729107,509692
20140717,10:30:00.000,BBG000F80SZ5,0.027500557,0.028790584,3106601
20140717,10:30:00.000,BBG000C5HS04,-0.0034956061,-0.0031859798,947511
20140717,10:30:00.000,BBG000H556T9,-3.7800022e-05,-0.001141215,498883
20140717,10:30:00.000,BBG000NV1KK7,-0.013397026,-0.012868074,861990
20140717,10:30:00.000,BBG000L9CV04,-0.0022189924,-0.0050703567,382318
20140717,10:30:00.000,BBG000BXRPH1,0.002764969,0.0099256,211936
20140717,10:30:00.000,BBG000BNDN65,0.0015389186,-0.00062927784,813126
20140717,10:30:00.000,BBG000BGKTF9,-0.004255874,-0.0049784994,452859
20140717,10:30:00.000,BBG00286S4N9,-0.0013162973,0.00074204634,411032
20140717,10:30:00.000,BBG000H89QJ6,-0.0070209526,-0.0004015758,322820
20140717,10:30:00.000,BBG000BNWG87,-0.0035478377,-0.00397316,1568317
20140717,10:30:00.000,BBG000BJX8C8,0.003725062,0.0042178165,567697
20140717,10:30:00.000,BBG000BD4VG8,-0.010149081,-0.008065461,1140213
20140717,10:30:00.000,BBG000D4LWF6,-0.0005306933,-0.0005240941,1437252
20140717,10:30:00.000,BBG000FL1TC8,-0.011430474,-0.0023030506,251206
20140717,10:30:00.000,BBG000FFDM15,-0.0047687283,-0.008700839,2462305
20140717,10:30:00.000,BBG000BBPFB9,0.001796923,0.0052525518,2298439
20140717,10:30:00.000,BBG000BN2DC2,-0.0028397462,0.0016682735,586397
20140717,10:30:00.000,BBG000BCQZS4,-0.00072349067,5.3213735e-05,415596
20140717,10:30:00.000,BBG000CPQZ77,0.0015127787,-0.00082308706,1541679
20140717,10:30:00.000,BBG000BP52R2,0.006348462,-0.009477702,609662
20140717,10:30:00.000,BBG000J6XT05,-0.0077954386,-0.008197819,1014268
20140717,10:30:00.000,BBG000BJDB15,-0.0076489234,-0.0012878109,1439468
20140717,10:30:00.000,BBG000LD9JQ8,-0.009888252,-0.012388796,513759
20140717,10:30:00.000,BBG000FG3C43,-0.11155523,-0.11306424,11216565
20140717,10:30:00.000,BBG000BC2C10,0.009867628,0.014918821,792485
20140717,10:30:00.000,BBG000BGRY34,0.004337787,0.0018240927,361236
20140717,10:30:00.000,BBG000CTQBF3,0.0016003168,-0.0052082147,806301
20140717,10:30:00.000,BBG000H8TVT2,-0.0014277908,-0.0038239171,703962
20140717,10:30:00.000,BBG0025Y4RY4,-0.0074204486,-0.006897117,2035956
20140717,10:30:00.000,BBG000F1ZSQ2,-0.0064211474,-0.006960985,930504
20140717,10:30:00.000,BBG000CH5208,0.015367763,0.034275044,1645980
20140717,10:30:00.000,BBG000KHWT55,-0.0059530362,-0.006893259,2036290
20140717,10:30:00.000,BBG000BFWKC0,0.0021473116,0.0030790933,415377
20140717,10:30:00.000,BBG000BP6LJ8,-0.002362205,0.001195634,1010570
20140717,10:30:00.000,BBG000BW8S60,-0.003502715,-0.006078219,830578
20140717,10:30:00.000,BBG000BWLMJ4,0.0029142778,-0.00048999756,690454
20140717,10:30:00.000,BBG000Q2HM09,-0.001551073,-0.00036743958,674476
20140717,10:30:00.000,BBG000BW3299,-0.0048166043,-0.00024561715,381587
20140717,10:30:00.000,BBG000BC40Y8,-0.009682808,-0.0042213686,984817
20140717,10:30:00.000,BBG000BBS2Y0,-0.0062771887,-0.0061166305,379827
20140717,10:30:00.000,BBG000DWG505,-5.5376136e-06,-0.0013275284,327206
20140717,10:30:00.000,BBG000BQQ2S6,-0.0006393449,0.00088441157,457645
20140717,10:30:00.000,BBG000BZ9223,0.0032980968,0.0104182,614299
20140717,10:30:00.000,BBG000DH7JK6,-0.001002585,0.00093966565,366823
20140717,10:30:00.000,BBG000BHVJJ3,0.0031816526,-0.0014817253,1566774
20140717,10:30:00.000,BBG000J2XL74,0.015132738,0.017835578,1614269
20140717,10:30:00.000,BBG000C17X76,0.010990429,0.009778989,483510
20140717,10:30:00.000,BBG000BHBK84,0.0034051242,0.00076826627,594025
20140717,10:30:00.000,BBG000Q9HH23,0.0064785248,0.006245952,320240
20140717,10:30:00.000,BBG000F0PF65,0.030898556,0.038436376,12048829
20140717,10:30:00.000,BBG000BF0K17,-0.0022944713,-0.0016715025,779226
20140717,10:30:00.000,BBG000C15T95,-0.00013553102,0.0050806263,1384891
20140717,10:30:00.000,BBG000NDYB67,0.0016479068,0.004803028,2015520
20140717,10:30:00.000,BBG000DWYF03,-0.0033961064,0.00030288947,12854047
20140717,10:30:00.000,BBG000C6CFJ5,0.006140771,0.0063359225,1027705
20140717,10:30:00.000,BBG000BKTFN2,-0.0036770266,-0.00076529547,1433830
20140717,10:30:00.000,BBG000BBGGQ1,-0.0024098207,-0.0020975333,1174906
20140717,10:30:00.000,BBG000DLFM21,,,571155
20140717,10:30:00.000,BBG000BBDZG3,-0.0051841936,0.0029071956,1499780
20140717,10:30:00.000,BBG000DQLV23,0.0003645554,-0.0010250377,722686
20140717,10:30:00.000,BBG000BCSST7,0.0013092125,0.00043169156,674280
20140717,10:30:00.000,BBG000BQLTW7,0.0068799043,0.009440117,6715884
20140717,10:30:00.000,BBG000BQPC32,0.0054341042,0.011245666,7662882
20140717,10:30:00.000,BBG000BFC8J2,-0.0003517201,0.0005812165,562997
20140717,10:30:00.000,BBG000BQQH30,-0.004630545,0.00093049416,1002755
20140717,10:30:00.000,BBG000BMX289,-0.0032972586,-0.0016630461,1530047
20140717,10:30:00.000,BBG000BNSZP1,0.00069757586,-0.0068012355,978060
20140717,10:30:00.000,BBG005P7Q881,-0.0049809422,-0.0013803496,1319061
20140717,10:30:00.000,BBG000FH8PX5,,,256859
20140717,10:30:00.000,BBG000R7Z112,-0.0013806494,0.00013179974,1697042
20140717,10:30:00.000,BBG000BH4R78,0.006658528,0.0074987235,1171318
20140717,10:30:00.000,BBG000BKZB36,7.171371e-05,-0.0016944394,855653
20140717,10:30:00.000,BBG000BPD168,1.899591e-05,-3.3118351e-07,1063350
20140717,10:30:00.000,BBG000BHQ1H0,0.0021846707,0.0043427637,188990
20140717,10:30:00.000,BBG000C496P7,,,3625356
20140717,10:30:00.000,BBG000C43RR5,0.016323604,0.016569527,6114218
20140717,10:30:00.000,BBG000BT41Q8,-0.0049634106,-0.003798418,1189100
20140717,10:30:00.000,BBG000PSKYX7,-0.008223668,-0.009256287,430069
20140717,10:30:00.000,BBG000BR2TH3,0.003337433,0.0017298309,1085777
20140717,10:30:00.000,BBG000GFFQN9,-0.001862668,-0.003847822,5857092
20140717,10:30:00.000,BBG000CGC1X8,-0.0121487165,-0.010174377,1985987
20140717,10:30:00.000,BBG000BMHYD1,-0.002746552,-0.0035229148,1513880
20140717,10:30:00.000,BBG000BFT2L4,-0.0061439043,-0.0010902025,2360316
20140717,10:30:00.000,BBG000HS77T5,0.00030823614,-0.0029436077,2156691
20140717,10:30:00.000,BBG000K4ND22,0.0026920864,0.0041266317,722708
20140717,10:30:00.000,BBG000C3J3C9,-0.001758044,-0.0011546989,5615186
20140717,10:30:00.000,BBG000BK6MB5,0.0067118285,-0.0037041283,8648251
20140717,10:30:00.000,BBG000BWQFY7,0.0015000991,-0.0031273619,3488612
20140717,10:30:00.000,BBG000BLNNH6,0.011969018,0.013646997,1955402
20140717,10:30:00.000,BBG000H6HNW3,-0.014592371,-0.01416132,6076829
20140717,10:30:00.000,BBG000DMBXR2,0.0057848603,0.0018735538,2846676
20140717,10:30:00.000,BBG000BSJK37,0.0045014345,-0.0002743212,3416813
20140717,10:30:00.000,BBG000FY4S11,0.0060729194,0.0028103814,4221675
20140717,10:30:00.000,BBG000C5Z1S3,-0.028314486,-0.033193864,10553151
20140717,10:30:00.000,BBG000BR2B91,0.012077422,0.011306471,8748636
20140717,10:30:00.000,BBG000N9MNX3,0.00022368018,0.007458125,986605
20140717,10:30:00.000,BBG000C0G1D1,-0.011722042,-0.017607002,21895448
20140717,10:30:00.000,BBG002W96FT9,-0.007631331,-0.009432053,482864
20140717,10:30:00.000,BBG000BLBVN4,0.0040009217,0.0030081298,108725
20140717,10:30:00.000,BBG000CKGBP2,0.014971401,0.013277126,2223460
20140717,10:30:00.000,BBG000GZQ728,0.0021443432,-0.00067460415,1051476
20140717,10:30:00.000,BBG000BVPV84,0.0029342817,-0.0013487547,794713
20140717,10:30:00.000,BBG000BPH459,0.01975909,0.023601145,27623854
20140717,10:30:00.000,BBG000BCTLF6,-0.0024082817,-0.0077393646,24914264
20140717,10:30:00.000,BBG000BHSKN9,-0.006984711,-0.007634637,416263
20140717,10:30:00.000,BBG000CL9VN6,0.00084934133,0.0031268306,448037
20140717,10:30:00.000,BBG000MM2P62,0.003215713,0.0025133104,8237462
20140717,10:30:00.000,BBG000B9XRY4,0.0002094333,-0.003587417,11567498
20140717,10:45:00.000,BBG000PCQQL6,0.0019154401,0.0048759626,391151
20140717,10:45:00.000,BBG000BJP882,-0.0037035758,-0.0014440324,94412
20140717,10:45:00.000,BBG000BMFFQ0,-0.0009002143,-0.0011036335,145829
20140717,10:45:00.000,BBG000K1J931,0.029710492,0.017847667,788390
20140717,10:45:00.000,BBG000BQ87N0,-0.00054789364,0.00022027515,128670
20140717,10:45:00.000,BBG000BBCQD7,0.005973947,0.005906699,927430
20140717,10:45:00.000,BBG000BQHGR6,0.0051496336,0.006508481,120511
20140717,10:45:00.000,BBG000C75N77,-0.008073124,-0.014444359,343474
20140717,10:45:00.000,BBG000BJ8YN7,0.0016380175,0.001098886,471179
20140717,10:45:00.000,BBG000BLXZN1,0.009222418,0.008284612,432639
20140717,10:45:00.000,BBG000BV4XJ1,0.006351034,0.0025362421,83852
20140717,10:45:00.000,BBG000QKPTS5,0.0019056331,-0.00063642836,193114
20140717,10:45:00.000,BBG000BV75B7,-0.0026568267,-0.003795661,93111
20140717,10:45:00.000,BBG000CB8Q50,-0.006890274,0.0012371645,223612
20140717,10:45:00.000,BBG000BNPSQ9,-0.0019787655,-0.0025507454,451973
20140717,10:45:00.000,BBG000H4YVR7,-0.0076471204,-0.008174575,149804
20140717,10:45:00.000,BBG000JB27Y9,0.0022455447,0.0015779901,123028
20140717,10:45:00.000,BBG000BVHBM1,0.0027983063,-0.014614383,504869
20140717,10:45:00.000,BBG000BQSQ38,-0.00032538935,-0.0015440477,406544
20140717,10:45:00.000,BBG001XJRMF5,0.0038396819,0.01290826,306465
20140717,10:45:00.000,BBG000BNGTQ7,-0.0008225545,-0.00061072723,425695
20140717,10:45:00.000,BBG000B9X8C0,0.0018659625,0.002013774,119319
20140717,10:45:00.000,BBG000GPXKX9,-0.009578759,-0.008117685,83596
20140717,10:45:00.000,BBG000BV7LP7,-0.0032996198,-0.0025978417,138457
20140717,10:45:00.000,BBG001NY45K9,-0.0025006048,-0.0036486564,604633
20140717,10:45:00.000,BBG000L8CBX4,-0.001165698,0.0020453169,29498
20140717,10:45:00.000,BBG000BHCP19,0.0073211556,0.0013334398,156134
20140717,10:45:00.000,BBG000JKCWS0,0.0040926943,0.0031409482,55641
20140717,10:45:00.000,BBG000CPHYL4,0.0053379918,0.013240144,436945
20140717,10:45:00.000,BBG000F86GP6,0.0017071774,0.0018294121,76343
20140717,10:45:00.000,BBG000V31J96,0.00035734705,-0.0004414881,662944
20140717,10:45:00.000,BBG000BWVSR1,-0.0023227236,-0.0027994823,96886
20140717,10:45:00.000,BBG000DLVDK3,0.017333489,0.022565832,517558
20140717,10:45:00.000,BBG003641015,0.0015487395,-0.00029724083,247851
20140717,10:45:00.000,BBG000BQD1J2,-0.0028368854,2.413502e-07,9647698
20140717,10:45:00.000,BBG000BWXL85,-0.0045599714,-0.002553044,146412
20140717,10:45:00.000,BBG001J1QN87,-0.0030791601,-0.002658442,87221
20140717,10:45:00.000,BBG000BFJ645,0.0009991635,-0.0009825856,752662
20140717,10:45:00.000,BBG000BPZBB6,0.002493945,0.0015498645,121095
20140717,10:45:00.000,BBG000RNTSX0,-0.0021365534,-0.0016243635,305884
20140717,10:45:00.000,BBG000C23KJ3,0.0059547783,0.0032794701,658980
20140717,10:45:00.000,BBG000CZWZ05,0.008965442,0.0068302536,754542
20140717,10:45:00.000,BBG000CR90K4,0.021476185,0.011038976,10120692
20140717,10:45:00.000,BBG000BBL0Y1,-0.001599203,-0.00091010774,236170
20140717,10:45:00.000,BBG000BKQG80,-0.0024085816,-0.0012921011,218546
20140717,10:45:00.000,BBG000K14Q84,-0.0025738457,-0.001460606,803178
20140717,10:45:00.000,BBG000Q0BPZ4,0.0012272116,-0.0057686223,80318
20140717,10:45:00.000,BBG000BHB3M6,-0.0019526039,-0.0064518508,386976
20140717,10:45:00.000,BBG000BLMZK6,-0.0034268487,-0.008650957,234007
20140717,10:45:00.000,BBG000QFJ7H3,0.0031958518,0.0037900805,320822
20140717,10:45:00.000,BBG000BLDV98,0.0039845644,0.001228253,224539
20140717,10:45:00.000,BBG000PLXQQ3,0.021769313,0.024307318,1558932
20140717,10:45:00.000,BBG000BGYMH7,0.0037220374,-0.0014652684,90115
20140717,10:45:00.000,BBG000H9G7X2,-0.007117174,-0.008703483,322235
20140717,10:45:00.000,BBG000BRZJR8,-0.009836085,-0.013706696,291744
20140717,10:45:00.000,BBG000BJDPC2,-0.0070489794,-0.007080759,239637
20140717,10:45:00.000,BBG000BDY3Y7,0.009437775,0.01599849,476020
20140717,10:45:00.000,BBG000BPNP00,0.006201575,0.0011695584,393567
20140717,10:45:00.000,BBG000BBB3K1,0.008186277,0.011352508,891417
20140717,10:45:00.000,BBG000BFV115,-0.0018822225,-0.0020446351,312893
20140717,10:45:00.000,BBG000CXD6X9,-0.012094788,-0.009696708,483865
20140717,10:45:00.000,BBG000QN4GY3,-0.0085510425,-0.011573598,519748
20140717,10:45:00.000,BBG000BWCKB6,-0.0059923395,-0.0034309176,511710
20140717,10:45:00.000,BBG000BKXFN7,0.0039091003,-0.00084123027,301169
20140717,10:45:00.000,BBG000F9KJN4,0.012208888,0.012644494,177816
20140717,10:45:00.000,BBG000BQV1S2,4.9448186e-05,-0.0055801924,173316
20140717,10:45:00.000,BBG000BTQR96,-0.0001790521,-0.004927378,256885
20140717,10:45:00.000,BBG000F6ZWH2,0.00048769265,-0.0018157425,189007
20140717,10:45:00.000,BBG000BMZ7P7,0.0014840655,0.004671793,211562
20140717,10:45:00.000,BBG000BB29X4,0.0017996223,0.0016406872,110529
20140717,10:45:00.000,BBG000BBCDZ2,-0.002765228,-0.0049897423,110288
20140717,10:45:00.000,BBG000C6F3T8,0.009719624,0.005320588,7501379
20140717,10:45:00.000,BBG000BFVXX0,0.0012589432,0.002647549,228024
20140717,10:45:00.000,BBG000G6BN50,0.0010608487,-0.0061889533,56562
20140717,10:45:00.000,BBG000BRXP69,-0.00025496437,-0.0005209502,80720
20140717,10:45:00.000,BBG000BPMH90,0.020730855,0.018946584,713199
20140717,10:45:00.000,BBG000D9DMK0,-0.0007860023,0.005967812,414806
20140717,10:45:00.000,BBG000D14WM3,-0.0022730909,-0.0031799923,3214584
20140717,10:45:00.000,BBG000PVRDL2,0.006882139,0.014623846,1416802
20140717,10:45:00.000,BBG000BSC0K9,0.0016713595,0.0010078915,244458
20140717,10:45:00.000,BBG000R0L5J4,0.010801209,0.009697319,398406
20140717,10:45:00.000,BBG000JH6683,0.003714515,-0.0010422867,293371
20140717,10:45:00.000,BBG000BG14P4,0.008953169,-0.00061307574,401131
20140717,10:45:00.000,BBG000D9KWL9,0.011157011,0.0057666507,204027
20140717,10:45:00.000,BBG000BKWSR6,-0.0085786255,-0.012467361,2163758
20140717,10:45:00.000,BBG000BC9938,0.012967767,0.01308119,270969
20140717,10:45:00.000,BBG000BB1TH9,-0.0030754616,-0.00431039,135116
20140717,10:45:00.000,BBG000BJ49H3,-0.0034245977,7.654978e-05,500447
20140717,10:45:00.000,BBG000BFS7D3,-0.0012006006,-0.0005940821,101949
20140717,10:45:00.000,BBG000BN9WT5,0.0030163825,-0.0021211442,138296
20140717,10:45:00.000,BBG000BKR1D6,0.005452343,0.0038600708,483262
20140717,10:45:00.000,BBG000BFRF55,0.011336933,0.0019089177,1510418
20140717,10:45:00.000,BBG000BKTT89,0.0013062456,-0.006714861,149640
20140717,10:45:00.000,BBG000BQ8KV2,0.0023826177,-0.004554161,273963
20140717,10:45:00.000,BBG000BQVWZ6,-0.0013782223,-0.008092913,1889961
20140717,10:45:00.000,BBG000BHKYH4,-0.003198278,-0.0014922993,134639
20140717,10:45:00.000,BBG000BS7KS3,-0.0053423773,-0.0015874557,76985
20140717,10:45:00.000,BBG000CGT2S4,-0.020414634,-0.02148915,1779843
20140717,10:45:00.000,BBG000F7RCJ1,-0.0030916613,-0.0064855553,148239
20140717,10:45:00.000,BBG000BMTFR4,-0.0030072515,-0.00060738384,313578
20140717,10:45:00.000,BBG000TJM7F0,-2.2793214e-05,0.0038767753,216470
20140717,10:45:00.000,BBG000BMKDM3,0.00089304155,-0.0001514195,190392
20140717,10:45:00.000,BBG000FLZN98,-0.00016320976,-0.008237089,76784
20140717,10:45:00.000,BBG000BKLH74,0.006079198,0.0070429742,1196552
20140717,10:45:00.000,BBG000BCTQ65,-0.0023229455,-0.0018919306,359532
20140717,10:45:00.000,BBG000D1QCF1,-0.007739351,-0.006598956,198365
20140717,10:45:00.000,BBG000BSXQV7,0.04360245,0.044404875,516857
20140717,10:45:00.000,BBG000BG09F5,-0.0045061107,-0.004109565,163936
20140717,10:45:00.000,BBG000FLPRH1,-0.010945747,-0.0037435377,162780
20140717,10:45:00.000,BBG000PV2L86,0.00030152447,-0.0017664479,82541
20140717,10:45:00.000,BBG000BGYWY6,0.004155776,0.0013966487,134519
20140717,10:45:00.000,BBG000C060M4,0.0041655805,0.0034301833,88629
20140717,10:45:00.000,BBG000BDXGP9,-0.0052156737,-0.006801652,870515
20140717,10:45:00.000,BBG000BGD7W6,-5.7082016e-05,0.00131358,291361
20140717,10:45:00.000,BBG000BP8Z50,-0.002039663,-0.0011423931,141743
20140717,10:45:00.000,BBG000HW5GX3,0.00074669824,-0.0020091182,400271
20140717,10:45:00.000,BBG000C4ZZ10,-0.004586149,-0.0051597604,98193
20140717,10:45:00.000,BBG000BNNYW1,-0.06730767,-0.066239186,5327051
20140717,10:45:00.000,BBG000BR37X2,0.002154362,0.0045021838,802324
20140717,10:45:00.000,BBG000BLW530,-0.0017822677,-0.0018510777,175330
20140717,10:45:00.000,BBG000BF1R66,0.000620803,0.001971626,83767
20140717,10:45:00.000,BBG000BKNX95,-0.0013873007,0.0017859015,507884
20140717,10:45:00.000,BBG000BWP7D9,0.0042741178,0.0027677943,240127
20140717,10:45:00.000,BBG000BBMSJ6,0.003966813,-0.0022905471,161920
20140717,10:45:00.000,BBG000DN7P92,0.004591982,0.003889445,276621
20140717,10:45:00.000,BBG000BCZYD3,-0.002881539,-0.0024791146,67808
20140717,10:45:00.000,BBG000CVWGS6,-0.0077755977,-0.00564907,949999
20140717,10:45:00.000,BBG000BLHRS2,0.000103492304,-0.0010826399,303304
20140717,10:45:00.000,BBG000BY2Y78,0.0030680867,0.0015701276,192229
20140717,10:45:00.000,BBG000BK6G19,0.04273505,0.042892054,1598935
20140717,10:45:00.000,BBG002S5ZRF9,0.019461215,0.014217507,144918
20140717,10:45:00.000,BBG000BNC3Y9,0.0060625146,0.0039017939,149578
20140717,10:45:00.000,BBG000BTCH57,-0.0014492879,-0.004678294,160375
20140717,10:45:00.000,BBG000BB03M1,0.0042187353,0.0040665762,324251
20140717,10:45:00.000,BBG000BN84F3,-0.004440122,0.0011381588,168697
20140717,10:45:00.000,BBG000BB5BF6,0.0066498104,0.002889439,375643
20140717,10:45:00.000,BBG000FDBX90,0.006457604,0.0072217826,672830
20140717,10:45:00.000,BBG000RGM5P1,0.0071692,0.003812272,194802
20140717,10:45:00.000,BBG000BB5373,0.00014962898,4.5618723e-08,817083
20140717,10:45:00.000,BBG000BFDLV8,0.00064883556,-0.0013095659,262556
20140717,10:45:00.000,BBG000BGRKT6,0.0012419203,0.002431119,90322
20140717,10:45:00.000,BBG000BTVJ25,-0.0066052442,-0.008361211,354197
20140717,10:45:00.000,BBG000BVMPN3,-0.0019490373,-0.0034187874,281016
20140717,10:45:00.000,BBG000C2ZCH8,0.001749405,0.002592583,90062
20140717,10:45:00.000,BBG0014GJCT9,-0.010762058,-0.0095381215,238463
20140717,10:45:00.000,BBG000C11MQ5,-0.004245777,-0.008062178,196467
20140717,10:45:00.000,BBG003P9ZSL3,-0.0012086543,0.0033198146,182357
20140717,10:45:00.000,BBG000BX5ZF5,-0.004124988,-0.004671018,1035346
20140717,10:45:00.000,BBG000C2V3D6,-0.01193327,-0.013341542,1716548
20140717,10:45:00.000,BBG000BQVTF5,-0.0005798219,0.00014091707,160106
20140717,10:45:00.000,BBG000D2M0Z7,-0.004545734,-0.0052669276,74094
20140717,10:45:00.000,BBG000CHPY97,-0.012111419,-0.01319669,1163530
20140717,10:45:00.000,BBG000N746D6,0.0070925644,0.0028415513,544025
20140717,10:45:00.000,BBG000M1R011,0.004264046,0.0055050794,185599
20140717,10:45:00.000,BBG000BHLYP4,0.006576727,0.00379519,134524
20140717,10:45:00.000,BBG000BB6G37,0.0019468024,-0.0038192358,173012
20140717,10:45:00.000,BBG000BR14K5,4.3003278e-05,0.0010037121,159656
20140717,10:45:00.000,BBG000PX3XC0,-0.008785801,-0.010685888,867208
20140717,10:45:00.000,BBG000J1QLT0,-0.009488452,-0.005101379,212606
20140717,10:45:00.000,BBG0039320N9,-0.012959776,-0.01287738,688488
20140717,10:45:00.000,BBG000BC4JJ4,-0.0011237218,-0.00080856343,182159
20140717,10:45:00.000,BBG000BM7HL0,0.0010640352,0.0037890673,373392
20140717,10:45:00.000,BBG000BP1Q11,-0.006938235,-0.004054339,213413
20140717,10:45:00.000,BBG000BF6LY3,-0.002016919,-0.00653291,448550
20140717,10:45:00.000,BBG000BF5RY1,0.002903784,0.0068088155,478905
20140717,10:45:00.000,BBG000BFTJ91,-0.0042969068,-0.00018327287,375404
20140717,10:45:00.000,BBG000BR54L0,0.006413112,-0.010518343,1173739
20140717,10:45:00.000,BBG000J5Q6L2,0.0060420865,0.0067548146,1314703
20140717,10:45:00.000,BBG000BCWCG1,-0.019734478,-0.02411608,775866
20140717,10:45:00.000,BBG000TWC2V5,-0.0018786008,-0.0032260069,107205
20140717,10:45:00.000,BBG000BCYP43,-0.0032889787,-0.0040750583,79160
20140717,10:45:00.000,BBG000C221G9,-0.005613598,-0.012357591,374206
20140717,10:45:00.000,BBG000BZTW70,0.0024144503,-0.0020642634,705121
20140717,10:45:00.000,BBG000BKZTP3,-0.003800372,-0.0005998172,403854
20140717,10:45:00.000,BBG000R8ZVD1,0.0101094805,0.009578642,1050071
20140717,10:45:00.000,BBG000CKVSG8,-0.004424057,-0.006452921,321158
20140717,10:45:00.000,BBG000DNTSP4,-0.00156642,-0.0032797523,640601
20140717,10:45:00.000,BBG000BP4MH0,0.001040277,0.0016322677,208955
20140717,10:45:00.000,BBG000BR3KL6,-0.0016452257,-0.0070624817,119861
20140717,10:45:00.000,BBG000BJQWD2,0.0053563295,0.0055005504,192759
20140717,10:45:00.000,BBG000G0Z878,-0.004075098,-0.0038403347,383978
20140717,10:45:00.000,BBG000D7RKJ5,0.0025406952,0.0031694518,497052
20140717,10:45:00.000,BBG000G9CGL0,0.010071411,0.0084286705,178960
20140717,10:45:00.000,BBG000DTMH63,0.010628795,0.0045367912,915185
20140717,10:45:00.000,BBG0029BK2G7,-0.0058456613,-0.005574434,161746
20140717,10:45:00.000,BBG000G3QLY3,0.005495958,0.0038463043,149247
20140717,10:45:00.000,BBG000BP0KQ8,0.0072471406,0.010774678,925699
20140717,10:45:00.000,BBG001NVJ6W4,-0.02339375,-0.026691727,1223662
20140717,10:45:00.000,BBG000BSBZH7,0.0009666068,0.00048280915,1178882
20140717,10:45:00.000,BBG000BHGCD1,-0.01011113,-0.0132510085,126364
20140717,10:45:00.000,BBG000BL9JQ1,-0.0025957103,-0.005092175,341918
20140717,10:45:00.000,BBG000BH5DV1,-0.0053020115,-0.0019621258,167946
20140717,10:45:00.000,BBG000QW7VC1,0.01149857,0.020575495,2137859
20140717,10:45:00.000,BBG000DQTXY6,-0.0018905018,-0.019841515,1214682
20140717,10:45:00.000,BBG000QY3XZ2,0.0014026418,-0.0006928776,132814
20140717,10:45:00.000,BBG000BBBNC6,0.0141633535,0.015690755,524185
20140717,10:45:00.000,BBG000F15NW9,0.003983418,0.0036944887,391973
20140717,10:45:00.000,BBG000BNNKG9,0.00016413895,-0.0056192563,522456
20140717,10:45:00.000,BBG000BFXHL6,-0.0031396137,-0.0018825994,374737
20140717,10:45:00.000,BBG000BRRG02,-0.002683444,-0.0013595694,236506
20140717,10:45:00.000,BBG000BHLYS1,0.0017597887,0.00052944216,214478
20140717,10:45:00.000,BBG000CGQ6M4,-0.0060259895,-0.004722533,108240
20140717,10:45:00.000,BBG000C1S2X2,-0.0026452532,-0.0074886247,219999
20140717,10:45:00.000,BBG000C7LMS8,-0.0014852128,-0.0025594714,10428
20140717,10:45:00.000,BBG000MDCQC2,-0.0018886019,0.0051398263,300815
20140717,10:45:00.000,BBG000JG0547,0.0004609198,-0.0009317207,138296
20140717,10:45:00.000,BBG000CJZ2W6,0.01853145,0.0141130425,521147
20140717,10:45:00.000,BBG0020B4JG7,-0.0021071676,-0.003036563,870468
20140717,10:45:00.000,BBG000BNFLM9,-0.0035017566,-0.0006321673,159807
20140717,10:45:00.000,BBG000BCBCM7,0.0003784889,-0.004466328,1340339
20140717,10:45:00.000,BBG000CS7CT9,0.0019224657,-0.00077486294,431846
20140717,10:45:00.000,BBG000MZFMS2,-0.0017760254,-0.0037613744,165889
20140717,10:45:00.000,BBG000BKQ3V3,0.003851936,-0.0010314757,436239
20140717,10:45:00.000,BBG000BLCPY4,-0.004083153,-0.008604104,109980
20140717,10:45:00.000,BBG000BC15S7,0.000527839,0.0025674314,172078
20140717,10:45:00.000,BBG000FKJRC5,0.0007301194,0.0008650139,246305
20140717,10:45:00.000,BBG000BRJ809,0.004420062,0.0069049797,172232
20140717,10:45:00.000,BBG000C2PW58,0.0003972621,-0.0023064474,106594
20140717,10:45:00.000,BBG000BCVMH9,0.031495888,0.036766905,832558
20140717,10:45:00.000,BBG000BQ2C28,0.005571505,0.0055172113,169898
20140717,10:45:00.000,BBG000BBJQV0,0.01242545,0.0036166667,986267
20140717,10:45:00.000,BBG000G2R6M0,0.004908213,0.0094906865,783935
20140717,10:45:00.000,BBG000BTKGG8,-0.006804029,-0.01363247,783311
20140717,10:45:00.000,BBG000BMQPL1,-0.026253339,-0.030313557,6945430
20140717,10:45:00.000,BBG000BMF5J0,0.000574609,-0.006900395,2090416
20140717,10:45:00.000,BBG000BB6WG8,0.004308891,0.00062816683,713870
20140717,10:45:00.000,BBG000BM6788,-0.0031873637,-0.008959099,453752
20140717,10:45:00.000,BBG000FVXD63,-0.012159543,-0.012492823,696156
20140717,10:45:00.000,BBG000C3HSR0,0.0028491465,0.0015589504,817614
20140717,10:45:00.000,BBG000BN5HF7,-0.013063086,-0.01941286,535455
20140717,10:45:00.000,BBG001QD41M9,0.0021364419,0.0007961335,231736
20140717,10:45:00.000,BBG000CXYSZ6,-0.00029056706,0.0018237899,118046
20140717,10:45:00.000,BBG000BVMGF2,0.0046415864,0.006017745,485788
20140717,10:45:00.000,BBG0019JZ882,0.0049405936,0.0021672114,3413140
20140717,10:45:00.000,BBG000BKPL53,-0.005350406,-0.0049152737,136579
20140717,10:45:00.000,BBG000PYZSR8,-0.010036635,-0.0030493848,368497
20140717,10:45:00.000,BBG000F0KF42,-0.006001004,-0.0079924585,601466
20140717,10:45:00.000,BBG000FW00S1,-0.012474691,-0.01602472,1048164
20140717,10:45:00.000,BBG000BYYLS8,-0.007992553,-0.011863793,781890
20140717,10:45:00.000,BBG000BB6M98,-0.0031045014,-0.0023274724,536576
20140717,10:45:00.000,BBG000D8RG11,-0.005741177,-0.007602415,810283
20140717,10:45:00.000,BBG000CHWP52,0.030259551,0.036464836,1056570
20140717,10:45:00.000,BBG000D6L294,-0.0011536541,-0.0014685843,210767
20140717,10:45:00.000,BBG000C3Y7J6,-0.0025205074,-0.00079734495,104323
20140717,10:45:00.000,BBG000BM5SR2,-0.0032592085,-0.009583508,1005100
20140717,10:45:00.000,BBG000BS0ZF1,-0.0025906363,-0.0022780087,94392
20140717,10:45:00.000,BBG000C0F570,0.0039742487,-0.0016521516,382819
20140717,10:45:00.000,BBG000C90DH9,-0.009575038,-0.0025927147,680403
20140717,10:45:00.000,BBG000BVWLJ6,0.0001431527,-0.0013202269,429344
20140717,10:45:00.000,BBG000BRK7L6,0.001803949,-0.0012010129,830830
20140717,10:45:00.000,BBG000BZ2GG4,-0.004539116,-0.006322021,172454
20140717,10:45:00.000,BBG000BVL2G3,-0.0011749506,-0.00045248866,242710
20140717,10:45:00.000,BBG000C2YHG9,-0.006586752,-0.0015267233,203014
20140717,10:45:00.000,BBG001BPFT54,0.005829932,0.0011568499,641439
20140717,10:45:00.000,BBG000BH2JM1,0.006283359,0.009168805,715750
20140717,10:45:00.000,BBG000BPVCR1,0.009080243,0.008864725,141986
20140717,10:45:00.000,BBG002BHBHM1,0.0065275854,0.009118234,226560
20140717,10:45:00.000,BBG000Q3JN03,-0.0088871345,-0.015999684,4118649
20140717,10:45:00.000,BBG000BPT0C6,-0.01142358,-0.010835752,529150
20140717,10:45:00.000,BBG000BQWPC5,-0.0008254064,-0.0036880448,329999
20140717,10:45:00.000,BBG000BQ5DS5,-0.0045025023,-0.00028523835,248458
20140717,10:45:00.000,BBG000DY8ZS4,0.0013326848,-0.0013109313,1865535
20140717,10:45:00.000,BBG000R8L7J3,0.008678661,0.0067362203,2083793
20140717,10:45:00.000,BBG000BS9489,-0.00754862,-0.0011208744,288017
20140717,10:45:00.000,BBG000D898T9,-0.00039281338,0.0010567082,236198
20140717,10:45:00.000,BBG000BFL116,-0.0041121976,-0.012371009,587507
20140717,10:45:00.000,BBG001YMS0B8,-0.0060511716,-0.006834917,289523
20140717,10:45:00.000,BBG000QBR5J5,0.0027836554,0.0031233705,449766
20140717,10:45:00.000,BBG000BHC2S1,-0.0054661175,-0.0074259145,429789
20140717,10:45:00.000,BBG000BX3TD3,0.008132214,0.000744504,1166001
20140717,10:45:00.000,BBG000C1FQS9,-0.007202216,-0.006222517,285339
20140717,10:45:00.000,BBG000BLKK03,0.0093553895,0.037512545,423944
20140717,10:45:00.000,BBG000BKCFC2,0.00015768452,-0.0013183734,390167
20140717,10:45:00.000,BBG000C4DPX1,0.0024365485,-0.0038021787,335195
20140717,10:45:00.000,BBG000BHZ5J9,-0.013850573,-0.013773639,213622
20140717,10:45:00.000,BBG000KLB4Q1,-0.0043740543,-0.010044726,760174
20140717,10:45:00.000,BBG000BMBL90,-0.00823782,-0.010316031,584973
20140717,10:45:00.000,BBG000C2BXK4,0.0044023595,0.0015651594,1596017
20140717,10:45:00.000,BBG000H0QBS7,-0.0022736313,0.00089983526,850711
20140717,10:45:00.000,BBG000BQZMH4,0.0036624041,0.0026566503,953072
20140717,10:45:00.000,BBG000BLBXT4,0.00372553,0.0007234583,155585
20140717,10:45:00.000,BBG000BJ2VQ6,0.0031845483,-0.0041049467,497969
20140717,10:45:00.000,BBG000BMY992,0.002250079,0.001823796,394361
20140717,10:45:00.000,BBG000BXM6V2,0.008572463,0.008894072,310564
20140717,10:45:00.000,BBG000BWSV34,-0.0020256368,-0.008036595,164590
20140717,10:45:00.000,BBG000BKFBD7,0.0016944847,-0.00028827495,229829
20140717,10:45:00.000,BBG000FP1N32,7.028246e-05,-0.0043520834,515747
20140717,10:45:00.000,BBG000BT4T69,0.0023882878,3.9335475e-08,278132
20140717,10:45:00.000,BBG000BFMBQ6,-0.009965908,0.018147323,1132052
20140717,10:45:00.000,BBG000C0HQ54,-0.0009851849,-0.002995486,172411
20140717,10:45:00.000,BBG000C0LW92,-0.010025654,-0.011659579,1247891
20140717,10:45:00.000,BBG000BVPPM1,8.134567e-06,-0.0016807666,425022
20140717,10:45:00.000,BBG000BMW2Z0,-0.0026041938,-0.002845086,210544
20140717,10:45:00.000,BBG000BPWXK1,-0.0034601095,0.0023802584,1252949
20140717,10:45:00.000,BBG000GC80B4,-0.0005449897,-0.0020807555,2034142
20140717,10:45:00.000,BBG000BXWBN9,0.00033436276,0.003144669,486930
20140717,10:45:00.000,BBG000BY33P5,-0.00038223376,0.00041901166,1716210
20140717,10:45:00.000,BBG000R7RDB4,-0.0017600191,-0.0019245718,185191
20140717,10:45:00.000,BBG000MBDGM6,-0.004172311,-0.0018337948,35661
20140717,10:45:00.000,BBG000BGLRN3,0.0034059705,0.002155611,258462
20140717,10:45:00.000,BBG000BWJFZ4,0.008458409,0.010375871,84638
20140717,10:45:00.000,BBG000BGVW60,0.001586803,0.00028680262,132406
20140717,10:45:00.000,BBG000BNJHS8,-0.0035524534,-0.0032103872,845333
20140717,10:45:00.000,BBG000DKCC19,0.0041684806,0.0015293128,383839
20140717,10:45:00.000,BBG000BXMFC3,0.039899874,0.04007765,1366691
20140717,10:45:00.000,BBG000BSD7C2,0.0019749587,0.0019554207,193019
20140717,10:45:00.000,BBG000BSLZY7,-0.007983171,-0.011245873,1006294
20140717,10:45:00.000,BBG000BMDV41,0.0016025266,0.00079377356,816787
20140717,10:45:00.000,BBG001C7TST4,-0.0015169656,-0.0017192423,401996
20140717,10:45:00.000,BBG000BRJL00,-0.001291838,-0.0011888428,295135
20140717,10:45:00.000,BBG000BRD0D8,-0.0032556416,-0.010037769,974055
20140717,10:45:00.000,BBG000BND699,-0.0064578694,-0.01156082,593248
20140717,10:45:00.000,BBG000BB9KF2,-0.00060407975,0.00018493956,303928
20140717,10:45:00.000,BBG000C1BW00,0.008719858,0.00857359,231473
20140717,10:45:00.000,BBG000BTZQC4,0.0009881458,0.0030692557,800492
20140717,10:45:00.000,BBG000BWNFZ9,-0.005601708,-0.008841413,673808
20140717,10:45:00.000,BBG000BJ98Z0,-0.002498126,-0.0039557624,183566
20140717,10:45:00.000,BBG000CNFQW6,-0.0018337175,-0.0044420115,181739
20140717,10:45:00.000,BBG000BGPTV6,0.0021461726,0.0016861456,189985
20140717,10:45:00.000,BBG000BB07P9,-0.0038027705,0.0010589026,2116639
20140717,10:45:00.000,BBG000C1FB75,0.008574562,0.007889868,278740
20140717,10:45:00.000,BBG001M8HHB7,0.014202427,0.013438798,190202
20140717,10:45:00.000,BBG000DHSPT0,0.0059251036,0.014079069,947863
20140717,10:45:00.000,BBG000FQ6PY6,0.003584222,0.005440393,537622
20140717,10:45:00.000,BBG000BBDV81,0.0018824434,0.0014168447,651600
20140717,10:45:00.000,BBG000VC0T95,-0.009371663,-0.008455261,240391
20140717,10:45:00.000,BBG000BKFZM4,0.005439917,0.0022921676,737789
20140717,10:45:00.000,BBG000D13GN8,-0.012499645,-0.013451226,193394
20140717,10:45:00.000,BBG000C0MF34,-0.0025841722,0.00036906765,154279
20140717,10:45:00.000,BBG000BFNR17,0.023007832,0.023913981,434117
20140717,10:45:00.000,BBG000BK67C7,-0.0008711367,-0.00055332127,144322
20140717,10:45:00.000,BBG000FJLFX8,0.002180122,0.028303945,683989
20140717,10:45:00.000,BBG000BH5LT6,-0.005596655,-0.01383414,995600
20140717,10:45:00.000,BBG000BD8PN9,0.0047054333,0.0020993673,692507
20140717,10:45:00.000,BBG000BH3GZ2,-0.03882633,-0.0461969,3980763
20140717,10:45:00.000,BBG000BB5006,-0.0035315196,-0.0017270342,284135
20140717,10:45:00.000,BBG000BTR593,-0.016510991,-0.015673542,1274045
20140717,10:45:00.000,BBG000BRWGG9,0.003255092,0.0042341324,3641423
20140717,10:45:00.000,BBG000BJ3PD2,-0.000673119,-0.0030838533,283281
20140717,10:45:00.000,BBG000CSY9H9,0.009420645,0.0048471647,943480
20140717,10:45:00.000,BBG000FNRZ69,-0.004482477,-0.00034236035,752021
20140717,10:45:00.000,BBG000C734W3,-0.0029804334,-0.006223041,134702
20140717,10:45:00.000,BBG000BCGY17,0.0005747209,0.0051625087,973589
20140717,10:45:00.000,BBG000BCVJ77,-0.0002127516,-0.000783677,499781
20140717,10:45:00.000,BBG000C46HM9,0.00022566537,-0.00017509153,445175
20140717,10:45:00.000,BBG000BJPDZ1,-0.0027314883,-0.004418328,125787
20140717,10:45:00.000,BBG000BJL3N0,-0.03819299,-0.043629717,6329793
20140717,10:45:00.000,BBG000BGJRC8,-0.0028731695,0.001283067,1671429
20140717,10:45:00.000,BBG000BBD070,0.0070074564,0.005241214,477909
20140717,10:45:00.000,BBG000BFQYY3,-0.0005350825,-0.0009359656,519233
20140717,10:45:00.000,BBG000BPQD31,-0.0021475223,-0.0037784704,979937
20140717,10:45:00.000,BBG000BJ81C1,-0.0016774694,-0.00041841748,189754
20140717,10:45:00.000,BBG000B9WH86,9.338167e-05,-0.0072355024,4455085
20140717,10:45:00.000,BBG000D42FJ0,0.020918114,0.015492524,530889
20140717,10:45:00.000,BBG000BHX7N2,-0.0040756003,-0.0083859805,626063
20140717,10:45:00.000,BBG000BH3JF8,-0.03207002,-0.04664805,3382746
20140717,10:45:00.000,BBG000JWD753,-0.0063306903,-0.009737522,3927293
20140717,10:45:00.000,BBG000BHGDH5,0.004959443,0.0048342333,477441
20140717,10:45:00.000,BBG0014GG205,0.005273087,0.0015316182,1250483
20140717,10:45:00.000,BBG000G30YX4,-0.00018258505,-0.0025197226,229790
20140717,10:45:00.000,BBG000BCG930,-0.0007515824,0.027274422,1322710
20140717,10:45:00.000,BBG000BWVCP8,0.0060649095,0.0053095683,742732
20140717,10:45:00.000,BBG000C3GN47,-0.018290058,-0.017586987,1381728
20140717,10:45:00.000,BBG000BT9DW0,-2.4521334e-05,0.0002235303,732715
20140717,10:45:00.000,BBG000BV8DN6,-0.00471407,-0.0058952584,1159742
20140717,10:45:00.000,BBG0029SNR63,0.02547531,0.029344348,2040413
20140717,10:45:00.000,BBG000HCJMF9,0.0043607308,0.0025318468,302808
20140717,10:45:00.000,BBG000D9D830,0.0018409085,0.0037618177,340648
20140717,10:45:00.000,BBG000F6H8W8,-0.0034530014,-0.0053460235,255613
20140717,10:45:00.000,BBG000B9ZXB4,0.021557925,0.019977657,1588394
20140717,10:45:00.000,BBG000BVDLH9,0.010849072,0.010653157,769953
20140717,10:45:00.000,BBG000BBVJZ8,0.0001635985,-0.0011555722,603942
20140717,10:45:00.000,BBG000BWXBC2,0.0006826523,-0.0011706526,732610
20140717,10:45:00.000,BBG000WCFV84,0.0006000061,0.0038718448,490815
20140717,10:45:00.000,BBG000BFDXW1,0.0036616812,-0.0020846506,905095
20140717,10:45:00.000,BBG000DYGNW7,0.004777513,0.010004649,151321
20140717,10:45:00.000,BBG000BNBDC2,0.00021068544,-0.0016717742,539757
20140717,10:45:00.000,BBG000BJSBJ0,-0.00027546973,-0.00040570158,186566
20140717,10:45:00.000,BBG000BJF1Z8,0.0051828707,0.0038868997,510067
20140717,10:45:00.000,BBG000BY29C7,0.011877902,0.01332354,1539149
20140717,10:45:00.000,BBG000BH13K9,0.001392851,0.0030764358,960371
20140717,10:45:00.000,BBG000BH1NH9,-0.007819164,-0.008440618,841617
20140717,10:45:00.000,BBG000BLZRJ2,0.009382921,0.0076938947,6537862
20140717,10:45:00.000,BBG000BVV7G1,-0.00283552,-0.0089711,964873
20140717,10:45:00.000,BBG000BL4504,-0.010167367,-0.012214915,1359586
20140717,10:45:00.000,BBG000BB6KF5,0.0065586274,0.00428923,729164
20140717,10:45:00.000,BBG000DSMS70,0.006060807,0.0057869945,201482
20140717,10:45:00.000,BBG000C8H633,-0.0011038512,-0.0017390325,1028265
20140717,10:45:00.000,BBG001DCCGR8,-0.0024195234,-0.0038253174,649096
20140717,10:45:00.000,BBG000QX74T1,0.0045452374,-0.0023538736,124311
20140717,10:45:00.000,BBG000M65M61,0.006856363,0.0044544428,684833
20140717,10:45:00.000,BBG000F80SZ5,0.025851386,0.02537823,3585528
20140717,10:45:00.000,BBG000C5HS04,-0.0022789002,-0.0020808175,1109231
20140717,10:45:00.000,BBG000H556T9,-0.0011645417,-0.0020229586,776281
20140717,10:45:00.000,BBG000NV1KK7,-0.013161358,-0.013318081,1022299
20140717,10:45:00.000,BBG000L9CV04,-0.003809571,-0.006887898,477814
20140717,10:45:00.000,BBG000BXRPH1,0.0015522469,0.001329047,237565
20140717,10:45:00.000,BBG000BNDN65,0.0006383517,-0.002097832,959095
20140717,10:45:00.000,BBG000BGKTF9,-0.004881841,-0.0067565315,536636
20140717,10:45:00.000,BBG00286S4N9,-0.0020865658,-0.0018544826,456703
20140717,10:45:00.000,BBG000H89QJ6,-0.006820629,2.1454649e-07,377132
20140717,10:45:00.000,BBG000BNWG87,-0.0050437017,-0.006039212,1717396
20140717,10:45:00.000,BBG000BJX8C8,0.003100161,-0.00023414305,693295
20140717,10:45:00.000,BBG000BD4VG8,-0.013079444,-0.015929025,1292015
20140717,10:45:00.000,BBG000D4LWF6,-0.0011490693,-0.0007864012,1689739
20140717,10:45:00.000,BBG000FL1TC8,-0.010674661,-0.0020728374,289474
20140717,10:45:00.000,BBG000FFDM15,-0.005142515,-0.009406139,2685196
20140717,10:45:00.000,BBG000BBPFB9,0.0014754678,0.004377,2587639
20140717,10:45:00.000,BBG000BN2DC2,-0.003761765,-0.0012051533,660125
20140717,10:45:00.000,BBG000BCQZS4,-0.0019447148,-0.001958217,498776
20140717,10:45:00.000,BBG000CPQZ77,0.0013978683,-0.0010972293,1815200
20140717,10:45:00.000,BBG000BP52R2,0.0070104254,-0.009717285,786678
20140717,10:45:00.000,BBG000J6XT05,-0.00525106,-0.0054652374,1364465
20140717,10:45:00.000,BBG000BJDB15,-0.008592602,-0.003347718,1591861
20140717,10:45:00.000,BBG000LD9JQ8,-0.006371434,-0.007825937,591034
20140717,10:45:00.000,BBG000FG3C43,-0.11367051,-0.115707494,12683755
20140717,10:45:00.000,BBG000BC2C10,0.010890286,0.009061765,912285
20140717,10:45:00.000,BBG000BGRY34,0.0030002645,0.0008468954,455980
20140717,10:45:00.000,BBG000CTQBF3,0.0011261844,-0.0055893734,904660
20140717,10:45:00.000,BBG000H8TVT2,-0.0015832015,-0.0034913598,806455
20140717,10:45:00.000,BBG0025Y4RY4,-0.008720338,-0.010345825,2562283
20140717,10:45:00.000,BBG000F1ZSQ2,-0.006451283,-0.0074080215,1061865
20140717,10:45:00.000,BBG000CH5208,0.015924418,0.036305256,1930541
20140717,10:45:00.000,BBG000KHWT55,-0.0057039144,-0.0067496756,2409976
20140717,10:45:00.000,BBG000BFWKC0,0.0012866413,0.0015399145,558426
20140717,10:45:00.000,BBG000BP6LJ8,-0.0013168883,0.002869782,1171255
20140717,10:45:00.000,BBG000BW8S60,-0.002415184,-0.0046354197,1086403
20140717,10:45:00.000,BBG000BWLMJ4,0.0048798616,0.0013308534,815459
20140717,10:45:00.000,BBG000Q2HM09,0.00015672622,-0.0021321964,823043
20140717,10:45:00.000,BBG000BW3299,-0.0057944674,-0.0012286088,432007
20140717,10:45:00.000,BBG000BC40Y8,-0.0074684587,-0.008176013,1237781
20140717,10:45:00.000,BBG000BBS2Y0,-0.0057786684,-0.006116575,438146
20140717,10:45:00.000,BBG000DWG505,0.0007482067,-0.0004295598,362413
20140717,10:45:00.000,BBG000BQQ2S6,0.0018376119,-0.0002952252,565119
20140717,10:45:00.000,BBG000BZ9223,0.003643478,0.0033733738,676958
20140717,10:45:00.000,BBG000DH7JK6,-0.0014430791,0.0010502151,440277
20140717,10:45:00.000,BBG000BHVJJ3,0.0006445064,-0.0037044373,2526632
20140717,10:45:00.000,BBG000J2XL74,0.015513833,0.019784411,1768717
20140717,10:45:00.000,BBG000C17X76,0.012829805,0.011046636,516097
20140717,10:45:00.000,BBG000BHBK84,0.0031724197,0.00019204982,734903
20140717,10:45:00.000,BBG000Q9HH23,0.004512532,0.0028217286,359036
20140717,10:45:00.000,BBG000F0PF65,0.026629047,0.03355652,13406964
20140717,10:45:00.000,BBG000BF0K17,-0.0020811958,-0.0010841314,845441
20140717,10:45:00.000,BBG000C15T95,-0.0021688326,0.0024264224,1706203
20140717,10:45:00.000,BBG000NDYB67,0.002001355,0.00293503,2796673
20140717,10:45:00.000,BBG000DWYF03,-0.0024130754,0.0021215754,13720875
20140717,10:45:00.000,BBG000C6CFJ5,0.0046668802,0.0034025577,1179593
20140717,10:45:00.000,BBG000BKTFN2,-0.0037915772,-0.0056355875,1568230
20140717,10:45:00.000,BBG000BBGGQ1,-0.00012078932,-0.0020976926,1339842
20140717,10:45:00.000,BBG000DLFM21,,,652400
20140717,10:45:00.000,BBG000BBDZG3,-0.0068434123,0.001090119,1665639
20140717,10:45:00.000,BBG000DQLV23,-0.0013464787,-0.004304181,810029
20140717,10:45:00.000,BBG000BCSST7,0.0019540845,0.001845065,780213
20140717,10:45:00.000,BBG000BQLTW7,0.0073021506,0.009688514,7545271
20140717,10:45:00.000,BBG000BQPC32,0.011964769,0.016305983,11997829
20140717,10:45:00.000,BBG000BFC8J2,-0.0009450775,-0.0010458229,630933
20140717,10:45:00.000,BBG000BQQH30,-0.0018888029,-0.0017453535,1158521
20140717,10:45:00.000,BBG000BMX289,-0.0031260864,-0.0004752696,1715882
20140717,10:45:00.000,BBG000BNSZP1,0.0003067853,-0.0056927353,1090897
20140717,10:45:00.000,BBG005P7Q881,-0.0061990097,-0.0043709218,1490407
20140717,10:45:00.000,BBG000FH8PX5,,,300527
20140717,10:45:00.000,BBG000R7Z112,-0.0018658674,-0.002112231,1979470
20140717,10:45:00.000,BBG000BH4R78,0.0062213168,0.0074985893,1359237
20140717,10:45:00.000,BBG000BKZB36,-0.00010410726,-0.0016317104,1009886
20140717,10:45:00.000,BBG000BPD168,0.0027677708,0.0012038618,1228271
20140717,10:45:00.000,BBG000BHQ1H0,0.0032929424,0.0028046987,239525
20140717,10:45:00.000,BBG000C496P7,,,6001292
20140717,10:45:00.000,BBG000C43RR5,0.019451557,0.019331174,7481476
20140717,10:45:00.000,BBG000BT41Q8,-0.0015388803,-0.004791292,1368525
20140717,10:45:00.000,BBG000PSKYX7,-0.008900102,-0.009863013,502134
20140717,10:45:00.000,BBG000BR2TH3,0.0025942395,0.0009885503,1297401
20140717,10:45:00.000,BBG000GFFQN9,0.0002689218,-0.0023676413,6815109
20140717,10:45:00.000,BBG000CGC1X8,-0.01134884,-0.008792748,2398607
20140717,10:45:00.000,BBG000BMHYD1,-0.0045544356,-0.00596958,1893800
20140717,10:45:00.000,BBG000BFT2L4,-0.0066910014,-0.0012720164,2925724
20140717,10:45:00.000,BBG000HS77T5,-0.00044527926,-0.0025509608,2492375
20140717,10:45:00.000,BBG000K4ND22,0.004525767,0.0031330953,836865
20140717,10:45:00.000,BBG000C3J3C9,-0.0046918136,-0.0026947113,6526292
20140717,10:45:00.000,BBG000BK6MB5,0.0059977975,-0.0048153982,9327981
20140717,10:45:00.000,BBG000BWQFY7,0.0025250937,-0.0031272774,3855923
20140717,10:45:00.000,BBG000BLNNH6,0.013637274,0.015258507,2339635
20140717,10:45:00.000,BBG000H6HNW3,-0.015813211,-0.016833408,6960972
20140717,10:45:00.000,BBG000DMBXR2,0.006274336,0.0013625842,3309966
20140717,10:45:00.000,BBG000BSJK37,0.003259048,-0.00027418963,3718770
20140717,10:45:00.000,BBG000FY4S11,0.005807236,0.001204427,4825356
20140717,10:45:00.000,BBG000C5Z1S3,-0.020753752,-0.027132295,12135177
20140717,10:45:00.000,BBG000BR2B91,0.008258468,0.00581457,10196471
20140717,10:45:00.000,BBG000N9MNX3,0.0050879424,0.009368706,1096187
20140717,10:45:00.000,BBG000C0G1D1,-0.013947466,-0.019627525,26151790
20140717,10:45:00.000,BBG002W96FT9,-0.008956859,-0.011002715,577252
20140717,10:45:00.000,BBG000BLBVN4,0.003572036,0.0024934274,121129
20140717,10:45:00.000,BBG000CKGBP2,0.012479409,0.010173197,2571524
20140717,10:45:00.000,BBG000GZQ728,9.452011e-06,-0.0028912697,1221419
20140717,10:45:00.000,BBG000BVPV84,0.0050295535,0.00091297075,900836
20140717,10:45:00.000,BBG000BPH459,0.013626744,0.016792985,32773040
20140717,10:45:00.000,BBG000BCTLF6,-0.0032951056,-0.009674222,27281290
20140717,10:45:00.000,BBG000BHSKN9,-0.008910479,-0.00985234,562855
20140717,10:45:00.000,BBG000CL9VN6,0.00074526534,0.002092149,486219
20140717,10:45:00.000,BBG000MM2P62,0.002421577,2.2775005e-07,9353357
20140717,10:45:00.000,BBG000B9XRY4,-0.0006661597,-0.0033763968,12998786
20140717,11:00:00.000,BBG000PCQQL6,0.0036233314,0.0066174236,438529
20140717,11:00:00.000,BBG000BJP882,-0.0039317952,-0.0012273666,113422
20140717,11:00:00.000,BBG000BMFFQ0,0.0003239115,0.00018412025,179089
20140717,11:00:00.000,BBG000K1J931,0.026725985,0.015941732,842570
20140717,11:00:00.000,BBG000BQ87N0,-0.0008012341,-0.0026385125,147309
20140717,11:00:00.000,BBG000BBCQD7,0.0057947,0.0047253123,1027353
20140717,11:00:00.000,BBG000BQHGR6,0.0044416008,0.003515849,142859
20140717,11:00:00.000,BBG000C75N77,-0.00768356,-0.014346209,408962
20140717,11:00:00.000,BBG000BJ8YN7,0.0009252478,-0.00065883505,531513
20140717,11:00:00.000,BBG000BLXZN1,0.013191566,0.013616371,572396
20140717,11:00:00.000,BBG000BV4XJ1,0.008968545,0.0053481436,99758
20140717,11:00:00.000,BBG000QKPTS5,0.0010264851,-1.0978699e-07,205757
20140717,11:00:00.000,BBG000BV75B7,-0.0023602585,-0.0019975163,102662
20140717,11:00:00.000,BBG000CB8Q50,-0.006021761,-5.181633e-05,247699
20140717,11:00:00.000,BBG000BNPSQ9,-0.009141593,-0.009882506,490078
20140717,11:00:00.000,BBG000H4YVR7,-0.009600323,-0.0105101885,177466
20140717,11:00:00.000,BBG000JB27Y9,0.0037645833,0.00270521,142247
20140717,11:00:00.000,BBG000BVHBM1,0.0030642748,-0.01764761,561373
20140717,11:00:00.000,BBG000BQSQ38,-0.00094354764,-0.0021369036,433132
20140717,11:00:00.000,BBG001XJRMF5,0.0027960613,0.008749894,340652
20140717,11:00:00.000,BBG000BNGTQ7,0.004701662,0.0075011216,641014
20140717,11:00:00.000,BBG000B9X8C0,0.00085107295,-0.0012586977,155230
20140717,11:00:00.000,BBG000GPXKX9,-0.010527206,-0.008951519,101733
20140717,11:00:00.000,BBG000BV7LP7,-0.0026029528,-0.0025978417,154076
20140717,11:00:00.000,BBG001NY45K9,-0.012659299,-0.01915605,843167
20140717,11:00:00.000,BBG000L8CBX4,-0.0026516486,-0.00020735565,33602
20140717,11:00:00.000,BBG000BHCP19,0.007102305,0.0006154916,175906
20140717,11:00:00.000,BBG000JKCWS0,0.002537588,-0.00024181877,59593
20140717,11:00:00.000,BBG000CPHYL4,0.0033623455,0.009134632,545517
20140717,11:00:00.000,BBG000F86GP6,0.0013728334,0.00022177181,87510
20140717,11:00:00.000,BBG000V31J96,0.00047174373,-0.0030922985,793284
20140717,11:00:00.000,BBG000BWVSR1,-0.0025057164,-0.0041434164,109220
20140717,11:00:00.000,BBG000DLVDK3,0.014975379,0.017828166,547507
20140717,11:00:00.000,BBG003641015,-0.0008124694,-0.003568725,311132
20140717,11:00:00.000,BBG000BQD1J2,-0.0038215017,0.0006144712,10393050
20140717,11:00:00.000,BBG000BWXL85,-0.0045172973,-0.002188354,166271
20140717,11:00:00.000,BBG001J1QN87,0.0007756033,0.0017187708,97899
20140717,11:00:00.000,BBG000BFJ645,0.001531469,-0.0009825393,877788
20140717,11:00:00.000,BBG000BPZBB6,0.00080346287,-0.0018088439,138683
20140717,11:00:00.000,BBG000RNTSX0,-0.0023084232,0.00016804504,348349
20140717,11:00:00.000,BBG000C23KJ3,0.005579943,0.00065566076,748294
20140717,11:00:00.000,BBG000CZWZ05,0.016743476,0.015168696,853617
20140717,11:00:00.000,BBG000CR90K4,0.022396859,0.0130458735,12335545
20140717,11:00:00.000,BBG000BBL0Y1,-0.0013925174,0.00020223274,269587
20140717,11:00:00.000,BBG000BKQG80,-0.0007366808,0.00038011454,242940
20140717,11:00:00.000,BBG000K14Q84,-0.0064659803,-0.006995671,926829
20140717,11:00:00.000,BBG000Q0BPZ4,0.0025486972,-0.005316154,101417
20140717,11:00:00.000,BBG000BHB3M6,-0.0042131753,-0.010500819,442043
20140717,11:00:00.000,BBG000BLMZK6,-0.00228947,-0.006464435,272839
20140717,11:00:00.000,BBG000QFJ7H3,0.002497287,-0.0021658628,348138
20140717,11:00:00.000,BBG000BLDV98,0.0019735536,-0.0012282257,268246
20140717,11:00:00.000,BBG000PLXQQ3,0.023388768,0.026480775,2059969
20140717,11:00:00.000,BBG000BGYMH7,0.005829561,-0.0018123649,103822
20140717,11:00:00.000,BBG000H9G7X2,-0.0075778337,-0.0068382863,374668
20140717,11:00:00.000,BBG000BRZJR8,-0.013947667,-0.017313814,339006
20140717,11:00:00.000,BBG000BJDPC2,-0.0058587496,-0.0047205323,261291
20140717,11:00:00.000,BBG000BDY3Y7,0.003457718,0.0075668925,617704
20140717,11:00:00.000,BBG000BPNP00,0.00552774,0.00057602854,421860
20140717,11:00:00.000,BBG000BBB3K1,0.008670413,0.012470594,956106
20140717,11:00:00.000,BBG000BFV115,-0.002827827,-0.0076025804,367506
20140717,11:00:00.000,BBG000CXD6X9,-0.009799563,-0.006862402,554808
20140717,11:00:00.000,BBG000QN4GY3,-0.0058330325,-0.0090460405,598988
20140717,11:00:00.000,BBG000BWCKB6,-0.0065754605,-0.0038299295,575710
20140717,11:00:00.000,BBG000BKXFN7,0.001284417,-0.005750411,354551
20140717,11:00:00.000,BBG000F9KJN4,0.020134527,0.021179423,319620
20140717,11:00:00.000,BBG000BQV1S2,-0.0007600608,-0.005995746,197267
20140717,11:00:00.000,BBG000BTQR96,0.000642607,-0.0050434107,275276
20140717,11:00:00.000,BBG000F6ZWH2,0.001650847,0.0014757183,242623
20140717,11:00:00.000,BBG000BMZ7P7,0.0010726154,0.004099044,287678
20140717,11:00:00.000,BBG000BB29X4,0.001605646,-0.0011157393,141928
20140717,11:00:00.000,BBG000BBCDZ2,-0.0033494607,-0.0060446924,126579
20140717,11:00:00.000,BBG000C6F3T8,0.0106630055,0.005911562,9010287
20140717,11:00:00.000,BBG000BFVXX0,0.0016756807,0.0006617901,272137
20140717,11:00:00.000,BBG000G6BN50,0.00013073234,-0.0068314914,62216
20140717,11:00:00.000,BBG000BRXP69,0.0015237096,0.00057863316,114044
20140717,11:00:00.000,BBG000BPMH90,0.01973715,0.013186818,761338
20140717,11:00:00.000,BBG000D9DMK0,0.0026875285,0.008035388,491320
20140717,11:00:00.000,BBG000D14WM3,0.004087989,-0.0019082547,3841544
20140717,11:00:00.000,BBG000PVRDL2,0.004227318,0.009620876,1590560
20140717,11:00:00.000,BBG000BSC0K9,0.0022142488,0.002565612,261374
20140717,11:00:00.000,BBG000R0L5J4,0.009980252,0.008979088,451723
20140717,11:00:00.000,BBG000JH6683,0.003777817,-0.00052122056,331824
20140717,11:00:00.000,BBG000BG14P4,0.007579911,-0.0017368698,426784
20140717,11:00:00.000,BBG000D9KWL9,0.014352308,0.008097857,235876
20140717,11:00:00.000,BBG000BKWSR6,-0.007303237,-0.011428311,2791269
20140717,11:00:00.000,BBG000BC9938,0.014381966,0.014942255,317760
20140717,11:00:00.000,BBG000BB1TH9,-0.000881868,-0.002187591,179975
20140717,11:00:00.000,BBG000BJ49H3,-0.0033555294,7.657829e-05,535962
20140717,11:00:00.000,BBG000BFS7D3,2.394106e-05,-0.0009719173,119319
20140717,11:00:00.000,BBG000BN9WT5,0.0033359888,-0.00212115,170472
20140717,11:00:00.000,BBG000BKR1D6,0.004811175,0.002757375,500373
20140717,11:00:00.000,BBG000BFRF55,0.0061741346,-0.003818024,1676222
20140717,11:00:00.000,BBG000BKTT89,0.0023043456,-0.0047526658,166328
20140717,11:00:00.000,BBG000BQ8KV2,0.0034026282,-0.0048508607,309645
20140717,11:00:00.000,BBG000BQVWZ6,-0.0025625736,-0.009104521,2100735
20140717,11:00:00.000,BBG000BHKYH4,-0.002581905,-0.0021707262,151043
20140717,11:00:00.000,BBG000BS7KS3,-0.005368823,-0.001242522,95306
20140717,11:00:00.000,BBG000CGT2S4,-0.029026257,-0.035249718,2465140
20140717,11:00:00.000,BBG000F7RCJ1,-0.0020863523,-0.004475604,160590
20140717,11:00:00.000,BBG000BMTFR4,-0.0054852283,-0.00047256792,363243
20140717,11:00:00.000,BBG000TJM7F0,-0.0024160482,0.0013485487,314455
20140717,11:00:00.000,BBG000BMKDM3,0.0013250548,-0.00053029816,225034
20140717,11:00:00.000,BBG000FLZN98,0.0012085616,-0.0074057668,110300
20140717,11:00:00.000,BBG000BKLH74,0.0043530804,0.0067913053,1353569
20140717,11:00:00.000,BBG000BCTQ65,-0.0020268199,-0.004414256,401054
20140717,11:00:00.000,BBG000D1QCF1,-0.009681077,-0.010264944,235243
20140717,11:00:00.000,BBG000BSXQV7,0.038973667,0.03942137,585981
20140717,11:00:00.000,BBG000BG09F5,-0.007667674,-0.01125994,189142
20140717,11:00:00.000,BBG000FLPRH1,-0.011762314,-0.00565692,210504
20140717,11:00:00.000,BBG000PV2L86,0.0005844076,-0.0020281489,102836
20140717,11:00:00.000,BBG000BGYWY6,0.0019535373,-0.0001627174,150068
20140717,11:00:00.000,BBG000C060M4,0.0049028406,0.0034789196,107523
20140717,11:00:00.000,BBG000BDXGP9,-0.0029606612,-0.0051823007,945048
20140717,11:00:00.000,BBG000BGD7W6,-0.0008428468,-0.0010043493,345195
20140717,11:00:00.000,BBG000BP8Z50,-0.004037586,-0.0027414025,176926
20140717,11:00:00.000,BBG000HW5GX3,0.00056977366,-0.006920298,510867
20140717,11:00:00.000,BBG000C4ZZ10,-0.0058692168,-0.0048009767,106215
20140717,11:00:00.000,BBG000BNNYW1,-0.069028355,-0.06764854,5967973
20140717,11:00:00.000,BBG000BR37X2,0.002346388,0.0040929643,827537
20140717,11:00:00.000,BBG000BLW530,-0.0016170287,-0.0019090242,232077
20140717,11:00:00.000,BBG000BF1R66,-6.8183654e-05,0.0011193077,94824
20140717,11:00:00.000,BBG000BKNX95,-0.00081903103,0.0021431209,569742
20140717,11:00:00.000,BBG000BWP7D9,0.0035983475,-0.00022115906,283035
20140717,11:00:00.000,BBG000BBMSJ6,0.0059186188,-0.00028635847,199998
20140717,11:00:00.000,BBG000DN7P92,0.0044250977,0.0030387044,329580
20140717,11:00:00.000,BBG000BCZYD3,-0.0029378727,-0.0032354833,72390
20140717,11:00:00.000,BBG000CVWGS6,-0.0075077973,-0.005214463,1128848
20140717,11:00:00.000,BBG000BLHRS2,0.00056942384,-0.0012450357,355146
20140717,11:00:00.000,BBG000BY2Y78,0.0022515326,0.00026219783,205894
20140717,11:00:00.000,BBG000BK6G19,0.042280026,0.03679793,1994238
20140717,11:00:00.000,BBG002S5ZRF9,0.021060776,0.016749322,195951
20140717,11:00:00.000,BBG000BNC3Y9,0.00729315,0.0049486617,168810
20140717,11:00:00.000,BBG000BTCH57,-0.0025760455,-0.0069025164,206797
20140717,11:00:00.000,BBG000BB03M1,0.0039808475,0.0045748972,367415
20140717,11:00:00.000,BBG000BN84F3,-0.001825295,0.0021948128,199446
20140717,11:00:00.000,BBG000BB5BF6,0.0048034936,0.0022875257,437433
20140717,11:00:00.000,BBG000FDBX90,0.005486161,0.004012248,771123
20140717,11:00:00.000,BBG000RGM5P1,0.00835118,0.00516226,236477
20140717,11:00:00.000,BBG000BB5373,0.00085513433,1.1947591e-07,1044875
20140717,11:00:00.000,BBG000BFDLV8,0.0022277576,-0.00065658503,300888
20140717,11:00:00.000,BBG000BGRKT6,0.001526137,0.0025546588,97772
20140717,11:00:00.000,BBG000BTVJ25,-0.0066827694,-0.00863088,415231
20140717,11:00:00.000,BBG000BVMPN3,-0.0005943676,-0.0029302777,325335
20140717,11:00:00.000,BBG000C2ZCH8,0.0031641868,0.0012719567,114631
20140717,11:00:00.000,BBG0014GJCT9,-0.010547421,-0.0074757216,260924
20140717,11:00:00.000,BBG000C11MQ5,-0.004742122,-0.008168811,214821
20140717,11:00:00.000,BBG003P9ZSL3,0.0006450287,0.0060685724,207905
20140717,11:00:00.000,BBG000BX5ZF5,-0.0024637417,-0.0031140384,1195113
20140717,11:00:00.000,BBG000C2V3D6,-0.014068198,-0.0153603805,1845315
20140717,11:00:00.000,BBG000BQVTF5,0.0006105506,0.0006692406,176755
20140717,11:00:00.000,BBG000D2M0Z7,-0.00280471,-0.004788158,85923
20140717,11:00:00.000,BBG000CHPY97,-0.012479732,-0.019112527,1362562
20140717,11:00:00.000,BBG000N746D6,0.0067857257,0.0018943244,602226
20140717,11:00:00.000,BBG000M1R011,0.0045529697,0.0066593443,242204
20140717,11:00:00.000,BBG000BHLYP4,0.0052517513,0.0019645705,155481
20140717,11:00:00.000,BBG000BB6G37,0.0018693442,-0.0038193632,191712
20140717,11:00:00.000,BBG000BR14K5,-0.0014347124,-0.00042982705,177759
20140717,11:00:00.000,BBG000PX3XC0,-0.008436883,-0.015062636,1110381
20140717,11:00:00.000,BBG000J1QLT0,-0.007936402,-0.0034391335,239762
20140717,11:00:00.000,BBG0039320N9,-0.009225603,-0.010117969,744282
20140717,11:00:00.000,BBG000BC4JJ4,-0.0020945033,-0.00069297623,194502
20140717,11:00:00.000,BBG000BM7HL0,0.0016886304,0.004871847,438620
20140717,11:00:00.000,BBG000BP1Q11,-0.0068174656,-0.003872875,235464
20140717,11:00:00.000,BBG000BF6LY3,-0.00015989502,-0.0051717036,486395
20140717,11:00:00.000,BBG000BF5RY1,0.0036543945,0.007634628,562875
20140717,11:00:00.000,BBG000BFTJ91,-0.0041702073,0.00036523488,413915
20140717,11:00:00.000,BBG000BR54L0,0.0065595815,-0.013022835,1299015
20140717,11:00:00.000,BBG000J5Q6L2,0.004125813,0.004298567,1415352
20140717,11:00:00.000,BBG000BCWCG1,-0.019888083,-0.023464317,971104
20140717,11:00:00.000,BBG000TWC2V5,-0.0010030912,-0.003225816,137996
20140717,11:00:00.000,BBG000BCYP43,-0.0032749982,-0.004696383,88461
20140717,11:00:00.000,BBG000C221G9,-0.0033036375,-0.011333418,405921
20140717,11:00:00.000,BBG000BZTW70,0.0035078516,-0.003784473,1010995
20140717,11:00:00.000,BBG000BKZTP3,-0.0045483066,-0.0021006034,465198
20140717,11:00:00.000,BBG000R8ZVD1,0.0027504854,0.0027552631,1205712
20140717,11:00:00.000,BBG000CKVSG8,-0.006687847,-0.01161525,402664
20140717,11:00:00.000,BBG000DNTSP4,-0.0008021525,-0.0042169713,742065
20140717,11:00:00.000,BBG000BP4MH0,0.00054643734,0.0005756858,230272
20140717,11:00:00.000,BBG000BR3KL6,-0.0023281465,-0.00902883,131265
20140717,11:00:00.000,BBG000BJQWD2,0.0063094604,0.0064313826,308678
20140717,11:00:00.000,BBG000G0Z878,-0.0038200617,-0.003840362,421570
20140717,11:00:00.000,BBG000D7RKJ5,0.0031104,0.00088056654,527495
20140717,11:00:00.000,BBG000G9CGL0,0.004729009,0.003543383,195108
20140717,11:00:00.000,BBG000DTMH63,0.010712202,0.0024195777,1075743
20140717,11:00:00.000,BBG0029BK2G7,-0.00876281,-0.0075416905,186848
20140717,11:00:00.000,BBG000G3QLY3,0.005419834,0.0031098255,160169
20140717,11:00:00.000,BBG000BP0KQ8,0.0064975177,0.009966468,1016719
20140717,11:00:00.000,BBG001NVJ6W4,-0.023335744,-0.026220694,1347504
20140717,11:00:00.000,BBG000BSBZH7,-0.0011735671,0.0009655677,1587363
20140717,11:00:00.000,BBG000BHGCD1,-0.008383639,-0.011987282,141675
20140717,11:00:00.000,BBG000BL9JQ1,-0.0025271901,-0.0055448147,395464
20140717,11:00:00.000,BBG000BH5DV1,-0.0044581722,-0.0013488622,188409
20140717,11:00:00.000,BBG000QW7VC1,0.009573474,0.015903028,2406438
20140717,11:00:00.000,BBG000DQTXY6,-0.0037364743,-0.024295699,1337231
20140717,11:00:00.000,BBG000QY3XZ2,0.0024312518,0.0005039346,166111
20140717,11:00:00.000,BBG000BBBNC6,0.014192589,0.015532154,608457
20140717,11:00:00.000,BBG000F15NW9,0.0049740095,0.0042117625,431611
20140717,11:00:00.000,BBG000BNNKG9,-0.0018776444,-0.008897228,597926
20140717,11:00:00.000,BBG000BFXHL6,-0.002508654,-0.0006272528,412105
20140717,11:00:00.000,BBG000BRRG02,0.00018531759,0.0025836853,263441
20140717,11:00:00.000,BBG000BHLYS1,0.002171898,-0.0014117843,258590
20140717,11:00:00.000,BBG000CGQ6M4,-0.005150413,-0.0035994027,135212
20140717,11:00:00.000,BBG000C1S2X2,0.0012745827,-0.003511938,260655
20140717,11:00:00.000,BBG000C7LMS8,-0.0019026961,-0.002709891,12468
20140717,11:00:00.000,BBG000MDCQC2,-0.0013604762,0.0044547045,333540
20140717,11:00:00.000,BBG000JG0547,0.0010909487,-0.0005590248,167572
20140717,11:00:00.000,BBG000CJZ2W6,0.021182338,0.01753434,567983
20140717,11:00:00.000,BBG0020B4JG7,-0.0037116078,-0.004048623,976591
20140717,11:00:00.000,BBG000BNFLM9,-0.0047696107,0.00070292817,182807
20140717,11:00:00.000,BBG000BCBCM7,-0.002285816,-0.0062528583,1459176
20140717,11:00:00.000,BBG000CS7CT9,0.0032541142,0.00154962,520892
20140717,11:00:00.000,BBG000MZFMS2,0.0006621603,-0.0022567655,235121
20140717,11:00:00.000,BBG000BKQ3V3,0.005046307,-0.001805081,498280
20140717,11:00:00.000,BBG000BLCPY4,-0.004326356,-0.0110133635,124269
20140717,11:00:00.000,BBG000BC15S7,0.0010154195,0.0024557805,200514
20140717,11:00:00.000,BBG000FKJRC5,0.0010519909,-0.00013327732,279859
20140717,11:00:00.000,BBG000BRJ809,0.005135299,0.0073183123,189771
20140717,11:00:00.000,BBG000C2PW58,-0.0008119267,-0.003982619,152040
20140717,11:00:00.000,BBG000BCVMH9,0.031334717,0.03608701,893192
20140717,11:00:00.000,BBG000BQ2C28,0.005620943,0.005233015,184645
20140717,11:00:00.000,BBG000BBJQV0,0.013568907,0.0046499977,1143519
20140717,11:00:00.000,BBG000G2R6M0,0.0042284816,0.006205407,926200
20140717,11:00:00.000,BBG000BTKGG8,-0.007136662,-0.014376149,889049
20140717,11:00:00.000,BBG000BMQPL1,-0.020975897,-0.025378732,7775400
20140717,11:00:00.000,BBG000BMF5J0,-0.005647239,-0.012650913,2343203
20140717,11:00:00.000,BBG000BB6WG8,0.0050233146,0.00083738286,754217
20140717,11:00:00.000,BBG000BM6788,-0.00304199,-0.010398992,484226
20140717,11:00:00.000,BBG000FVXD63,-0.012728757,-0.018120771,861801
20140717,11:00:00.000,BBG000C3HSR0,0.0043361676,-0.00028371866,860398
20140717,11:00:00.000,BBG000BN5HF7,-0.013508669,-0.02199288,592305
20140717,11:00:00.000,BBG001QD41M9,0.0022689719,0.00028937767,258985
20140717,11:00:00.000,BBG000CXYSZ6,0.0026127226,0.0064283414,138375
20140717,11:00:00.000,BBG000BVMGF2,0.0043132813,0.005330056,522420
20140717,11:00:00.000,BBG0019JZ882,0.0076426505,0.0024378465,3695130
20140717,11:00:00.000,BBG000BKPL53,-0.0069264956,-0.0072999992,160621
20140717,11:00:00.000,BBG000PYZSR8,-0.012830881,-0.0053362027,454564
20140717,11:00:00.000,BBG000F0KF42,-0.004641385,-0.0070136646,654591
20140717,11:00:00.000,BBG000FW00S1,-0.014858082,-0.020955345,1386009
20140717,11:00:00.000,BBG000BYYLS8,-0.009310012,-0.013883097,1425130
20140717,11:00:00.000,BBG000BB6M98,-0.0032738463,-0.0043446934,640764
20140717,11:00:00.000,BBG000D8RG11,-0.009349658,-0.013684188,1212837
20140717,11:00:00.000,BBG000CHWP52,0.02384369,0.030237602,1213999
20140717,11:00:00.000,BBG000D6L294,-4.644597e-05,-0.0052451706,242105
20140717,11:00:00.000,BBG000C3Y7J6,-0.0014612142,-0.00026601856,130766
20140717,11:00:00.000,BBG000BM5SR2,-0.0021358149,-0.007986548,1127716
20140717,11:00:00.000,BBG000BS0ZF1,-0.0035309384,-0.0017718117,105372
20140717,11:00:00.000,BBG000C0F570,0.0050087315,-0.0006192278,482243
20140717,11:00:00.000,BBG000C90DH9,-0.009496497,-0.0015556674,854586
20140717,11:00:00.000,BBG000BVWLJ6,0.00070396357,-0.0017602738,461636
20140717,11:00:00.000,BBG000BRK7L6,0.0012743229,-0.0048046843,924110
20140717,11:00:00.000,BBG000BZ2GG4,-0.004133235,-0.008908323,207319
20140717,11:00:00.000,BBG000BVL2G3,0.0012168713,0.0007926717,264352
20140717,11:00:00.000,BBG000C2YHG9,-0.0077898637,-0.0017556159,247323
20140717,11:00:00.000,BBG001BPFT54,0.0050906236,0.00015446235,757445
20140717,11:00:00.000,BBG000BH2JM1,0.005838465,0.009605323,844444
20140717,11:00:00.000,BBG000BPVCR1,0.008813118,0.008336943,166160
20140717,11:00:00.000,BBG002BHBHM1,0.006741163,0.00798693,260483
20140717,11:00:00.000,BBG000Q3JN03,-0.009735156,-0.016940856,4586078
20140717,11:00:00.000,BBG000BPT0C6,-0.01018717,-0.014513487,637330
20140717,11:00:00.000,BBG000BQWPC5,-0.0011653042,-0.005898742,417468
20140717,11:00:00.000,BBG000BQ5DS5,-0.0038979773,-0.00014290004,282936
20140717,11:00:00.000,BBG000DY8ZS4,0.004162974,-0.0021849354,2173245
20140717,11:00:00.000,BBG000R8L7J3,0.008136526,0.009430766,2298842
20140717,11:00:00.000,BBG000BS9489,-0.00856871,-0.0009806672,359974
20140717,11:00:00.000,BBG000D898T9,0.0015695945,0.0023245045,271856
20140717,11:00:00.000,BBG000BFL116,0.0013313172,-0.0070915995,663746
20140717,11:00:00.000,BBG001YMS0B8,-0.007327621,-0.008502087,356149
20140717,11:00:00.000,BBG000QBR5J5,0.003598155,0.0032014973,533101
20140717,11:00:00.000,BBG000BHC2S1,-0.0026109356,-0.003570054,454403
20140717,11:00:00.000,BBG000BX3TD3,0.007093456,-0.0024205022,1348101
20140717,11:00:00.000,BBG000C1FQS9,-0.008193424,-0.010199712,318049
20140717,11:00:00.000,BBG000BLKK03,0.009835951,0.035707537,493096
20140717,11:00:00.000,BBG000BKCFC2,0.00038716156,-0.001883452,436617
20140717,11:00:00.000,BBG000C4DPX1,0.003787823,-0.0025123237,390800
20140717,11:00:00.000,BBG000BHZ5J9,-0.017237607,-0.020926407,308600
20140717,11:00:00.000,BBG000KLB4Q1,-0.00561774,-0.01098647,921890
20140717,11:00:00.000,BBG000BMBL90,-0.007874802,-0.010779596,648092
20140717,11:00:00.000,BBG000C2BXK4,0.004808309,0.0007826066,1770577
20140717,11:00:00.000,BBG000H0QBS7,-0.0019935116,0.00089991896,1382877
20140717,11:00:00.000,BBG000BQZMH4,0.003586936,0.00026576777,1059780
20140717,11:00:00.000,BBG000BLBXT4,0.0026101307,-0.00096398726,174735
20140717,11:00:00.000,BBG000BJ2VQ6,0.0040569813,-0.004743386,568756
20140717,11:00:00.000,BBG000BMY992,0.0024691278,0.0016212043,488653
20140717,11:00:00.000,BBG000BXM6V2,0.009143617,0.009329995,351636
20140717,11:00:00.000,BBG000BWSV34,-0.0040110764,-0.009316857,193437
20140717,11:00:00.000,BBG000BKFBD7,0.0015808446,-0.0010807218,275560
20140717,11:00:00.000,BBG000FP1N32,0.0017124233,-0.0021826024,585298
20140717,11:00:00.000,BBG000BT4T69,0.0030047386,-0.0001592154,334635
20140717,11:00:00.000,BBG000BFMBQ6,-0.011530379,0.013996381,1218462
20140717,11:00:00.000,BBG000C0HQ54,0.0010199536,-0.0014977988,191143
20140717,11:00:00.000,BBG000C0LW92,-0.011724493,-0.013991567,1441529
20140717,11:00:00.000,BBG000BVPPM1,-0.0043420778,-0.006387104,481350
20140717,11:00:00.000,BBG000BMW2Z0,-0.0019787892,-0.0032828155,232072
20140717,11:00:00.000,BBG000BPWXK1,-0.0024788512,0.00039645896,1363225
20140717,11:00:00.000,BBG000GC80B4,-0.0023355049,-0.0037676168,2438523
20140717,11:00:00.000,BBG000BXWBN9,-0.00015834866,0.002562204,668145
20140717,11:00:00.000,BBG000BY33P5,-0.0018755695,0.00083844643,1938981
20140717,11:00:00.000,BBG000R7RDB4,-0.0018711728,-0.007113551,225737
20140717,11:00:00.000,BBG000MBDGM6,-0.004257741,-0.0028338763,42731
20140717,11:00:00.000,BBG000BGLRN3,0.002041965,0.00053901476,303981
20140717,11:00:00.000,BBG000BWJFZ4,0.011876113,0.014717909,125613
20140717,11:00:00.000,BBG000BGVW60,0.0014323809,-0.0021500012,172889
20140717,11:00:00.000,BBG000BNJHS8,-0.0034561795,-0.0028536455,954958
20140717,11:00:00.000,BBG000DKCC19,0.0023802633,-0.0007644911,406865
20140717,11:00:00.000,BBG000BXMFC3,0.03124265,0.031489443,1430962
20140717,11:00:00.000,BBG000BSD7C2,0.0037415118,0.0033824216,219127
20140717,11:00:00.000,BBG000BSLZY7,-0.00877573,-0.012696971,1369122
20140717,11:00:00.000,BBG000BMDV41,0.00039650645,-0.00039693047,900655
20140717,11:00:00.000,BBG001C7TST4,0.0037732152,0.004726862,446579
20140717,11:00:00.000,BBG000BRJL00,-0.001491332,-0.0041599935,340311
20140717,11:00:00.000,BBG000BRD0D8,-0.0034444965,-0.01033124,1113295
20140717,11:00:00.000,BBG000BND699,-0.00544367,-0.0116352085,686587
20140717,11:00:00.000,BBG000BB9KF2,-0.0015490747,-0.0035047606,347498
20140717,11:00:00.000,BBG000C1BW00,0.008578916,0.008449699,292633
20140717,11:00:00.000,BBG000BTZQC4,9.116337e-05,0.0027903593,874822
20140717,11:00:00.000,BBG000BWNFZ9,-0.0062881834,-0.009236434,776375
20140717,11:00:00.000,BBG000BJ98Z0,3.9198636e-05,-0.001415834,223206
20140717,11:00:00.000,BBG000CNFQW6,-0.004948648,-0.008143791,232960
20140717,11:00:00.000,BBG000BGPTV6,0.00086492434,0.00025960794,214074
20140717,11:00:00.000,BBG000BB07P9,-0.0059568966,-0.004233728,2734513
20140717,11:00:00.000,BBG000C1FB75,0.009023053,0.007678029,343222
20140717,11:00:00.000,BBG001M8HHB7,0.017046362,0.015596911,217510
20140717,11:00:00.000,BBG000DHSPT0,0.008404857,0.016769057,1108049
20140717,11:00:00.000,BBG000FQ6PY6,0.002701876,0.0048095603,647910
20140717,11:00:00.000,BBG000BBDV81,0.006162532,0.0056676026,733578
20140717,11:00:00.000,BBG000VC0T95,-0.011922856,-0.010663592,307920
20140717,11:00:00.000,BBG000BKFZM4,0.0046087345,0.0013753414,950891
20140717,11:00:00.000,BBG000D13GN8,-0.0118944235,-0.013141784,219236
20140717,11:00:00.000,BBG000C0MF34,-0.00092311355,0.0007961937,175611
20140717,11:00:00.000,BBG000BFNR17,0.017041855,0.017390406,465655
20140717,11:00:00.000,BBG000BK67C7,-0.0005493344,-0.00059556955,160308
20140717,11:00:00.000,BBG000FJLFX8,0.0040116524,0.027269421,824318
20140717,11:00:00.000,BBG000BH5LT6,-0.0041891728,-0.014171532,1553561
20140717,11:00:00.000,BBG000BD8PN9,0.005678171,0.0023619658,847834
20140717,11:00:00.000,BBG000BH3GZ2,-0.040434953,-0.047224727,4224071
20140717,11:00:00.000,BBG000BB5006,-0.0027296105,-0.00075996644,333160
20140717,11:00:00.000,BBG000BTR593,-0.022213614,-0.02604589,1787592
20140717,11:00:00.000,BBG000BRWGG9,0.0038484272,0.0042340667,4074148
20140717,11:00:00.000,BBG000BJ3PD2,-0.0022946915,-0.00484605,322083
20140717,11:00:00.000,BBG000CSY9H9,0.012771002,0.009365945,1120266
20140717,11:00:00.000,BBG000FNRZ69,-0.007042534,-0.0037675158,925882
20140717,11:00:00.000,BBG000C734W3,-0.0033244542,-0.00617406,147905
20140717,11:00:00.000,BBG000BCGY17,-0.00018594222,0.004163086,1088733
20140717,11:00:00.000,BBG000BCVJ77,-0.00016742593,-0.0010445239,568468
20140717,11:00:00.000,BBG000C46HM9,0.00086735043,0.001752152,503969
20140717,11:00:00.000,BBG000BJPDZ1,-0.0015783457,-0.0032347846,135968
20140717,11:00:00.000,BBG000BJL3N0,-0.03672748,-0.042237367,7052121
20140717,11:00:00.000,BBG000BGJRC8,-0.004619642,-0.0009623738,1852029
20140717,11:00:00.000,BBG000BBD070,0.007369342,0.0030240621,603876
20140717,11:00:00.000,BBG000BFQYY3,0.0001906394,-0.001728069,571653
20140717,11:00:00.000,BBG000BPQD31,-0.0026516009,-0.004650234,1084729
20140717,11:00:00.000,BBG000BJ81C1,-0.002334465,-0.0015169265,216507
20140717,11:00:00.000,BBG000B9WH86,5.4302498e-05,-0.009044351,5299683
20140717,11:00:00.000,BBG000D42FJ0,0.019507188,0.01504723,627329
20140717,11:00:00.000,BBG000BHX7N2,-0.0029765116,-0.007944697,718989
20140717,11:00:00.000,BBG000BH3JF8,-0.030150753,-0.044736296,3838059
20140717,11:00:00.000,BBG000JWD753,-0.009015322,-0.012423608,4374469
20140717,11:00:00.000,BBG000BHGDH5,0.006115764,0.003245941,585049
20140717,11:00:00.000,BBG0014GG205,0.0073336,0.003828325,1401860
20140717,11:00:00.000,BBG000G30YX4,-0.0007125029,-0.0023937162,260880
20140717,11:00:00.000,BBG000BCG930,-0.0016298187,0.02304055,1384928
20140717,11:00:00.000,BBG000BWVCP8,0.0066712857,0.004453145,910914
20140717,11:00:00.000,BBG000C3GN47,-0.021361858,-0.025371348,1635141
20140717,11:00:00.000,BBG000BT9DW0,0.001559278,-0.0020100686,897113
20140717,11:00:00.000,BBG000BV8DN6,-0.004894656,-0.0036131756,1283087
20140717,11:00:00.000,BBG0029SNR63,0.026454538,0.030084107,2381609
20140717,11:00:00.000,BBG000HCJMF9,0.0034288913,0.0012659575,347828
20140717,11:00:00.000,BBG000D9D830,0.0018550367,0.0033228388,417298
20140717,11:00:00.000,BBG000F6H8W8,-0.0035910679,-0.0055157,294209
20140717,11:00:00.000,BBG000B9ZXB4,0.022567656,0.020708602,1808750
20140717,11:00:00.000,BBG000BVDLH9,0.013278515,0.012498667,899372
20140717,11:00:00.000,BBG000BBVJZ8,-0.00249953,-0.008858254,767377
20140717,11:00:00.000,BBG000BWXBC2,0.00039188523,-0.0019515867,796674
20140717,11:00:00.000,BBG000WCFV84,-0.00034329016,0.003972379,560792
20140717,11:00:00.000,BBG000BFDXW1,0.0027032073,-0.0033874754,965891
20140717,11:00:00.000,BBG000DYGNW7,0.005776532,0.009924925,172733
20140717,11:00:00.000,BBG000BNBDC2,-0.000803738,-0.0028658484,596576
20140717,11:00:00.000,BBG000BJSBJ0,-3.585557e-05,-0.0027360301,217538
20140717,11:00:00.000,BBG000BJF1Z8,0.0048771794,0.0026883136,561525
20140717,11:00:00.000,BBG000BY29C7,0.012517746,0.014360023,1711594
20140717,11:00:00.000,BBG000BH13K9,0.002174296,0.0039993874,1112790
20140717,11:00:00.000,BBG000BH1NH9,-0.008217114,-0.009838144,902520
20140717,11:00:00.000,BBG000BLZRJ2,0.010165937,0.0067706048,6943962
20140717,11:00:00.000,BBG000BVV7G1,-0.0021357795,-0.008563245,1078248
20140717,11:00:00.000,BBG000BL4504,-0.017496355,-0.024070391,2014497
20140717,11:00:00.000,BBG000BB6KF5,0.0061840746,0.004110369,817320
20140717,11:00:00.000,BBG000DSMS70,0.0025296218,0.002309115,228991
20140717,11:00:00.000,BBG000C8H633,0.00028759651,-0.0052168695,1141451
20140717,11:00:00.000,BBG001DCCGR8,-0.0014268953,-0.005227916,736673
20140717,11:00:00.000,BBG000QX74T1,0.0036025168,-0.0026333397,139190
20140717,11:00:00.000,BBG000M65M61,0.005753396,0.004677132,769456
20140717,11:00:00.000,BBG000F80SZ5,0.027407628,0.029216828,4204158
20140717,11:00:00.000,BBG000C5HS04,-0.0013106894,-0.0008454022,1281035
20140717,11:00:00.000,BBG000H556T9,-0.0013950968,-0.0022823184,845336
20140717,11:00:00.000,BBG000NV1KK7,-0.012863039,-0.0118783945,1251779
20140717,11:00:00.000,BBG000L9CV04,-0.003559817,-0.0077010603,535070
20140717,11:00:00.000,BBG000BXRPH1,0.0047107586,-0.00046551615,277041
20140717,11:00:00.000,BBG000BNDN65,0.0030072764,0.001049071,1242570
20140717,11:00:00.000,BBG000BGKTF9,-0.00438011,-0.006519271,600553
20140717,11:00:00.000,BBG00286S4N9,-0.00041124618,-0.0019164047,504906
20140717,11:00:00.000,BBG000H89QJ6,-0.005979267,0.0014404774,406887
20140717,11:00:00.000,BBG000BNWG87,-0.0073498925,-0.008899783,2087699
20140717,11:00:00.000,BBG000BJX8C8,0.002163438,-0.003631665,795358
20140717,11:00:00.000,BBG000BD4VG8,-0.010655992,-0.016668353,1388781
20140717,11:00:00.000,BBG000D4LWF6,-0.0025716682,-0.0023598836,1799901
20140717,11:00:00.000,BBG000FL1TC8,-0.0102980565,-0.0017849131,356683
20140717,11:00:00.000,BBG000FFDM15,-0.0046820166,-0.0091708945,3015113
20140717,11:00:00.000,BBG000BBPFB9,0.0037827627,0.009191967,3404777
20140717,11:00:00.000,BBG000BN2DC2,-0.0030796577,-0.00037094756,715484
20140717,11:00:00.000,BBG000BCQZS4,-0.0023003034,-0.003652007,581589
20140717,11:00:00.000,BBG000CPQZ77,0.0036616721,0.0019204194,2252651
20140717,11:00:00.000,BBG000BP52R2,0.0061284015,-0.010162183,833998
20140717,11:00:00.000,BBG000J6XT05,-0.008977686,-0.012144983,1665327
20140717,11:00:00.000,BBG000BJDB15,-0.008745758,-0.0056652585,1796199
20140717,11:00:00.000,BBG000LD9JQ8,-0.005245916,-0.007065552,739541
20140717,11:00:00.000,BBG000FG3C43,-0.11176265,-0.113991685,13509748
20140717,11:00:00.000,BBG000BC2C10,0.014839033,0.008010538,1036931
20140717,11:00:00.000,BBG000BGRY34,0.002845895,0.0012377365,497526
20140717,11:00:00.000,BBG000CTQBF3,0.002511836,-0.0037472597,982079
20140717,11:00:00.000,BBG000H8TVT2,-0.0027563993,-0.0043226406,917291
20140717,11:00:00.000,BBG0025Y4RY4,-0.008904558,-0.010998451,2964046
20140717,11:00:00.000,BBG000F1ZSQ2,-0.008081827,-0.009132191,1188905
20140717,11:00:00.000,BBG000CH5208,0.0118035,0.03015484,2172423
20140717,11:00:00.000,BBG000KHWT55,-0.0056519215,-0.006606206,2611393
20140717,11:00:00.000,BBG000BFWKC0,0.0005377765,0.0007910446,669101
20140717,11:00:00.000,BBG000BP6LJ8,-0.0023108732,0.0019131869,1349318
20140717,11:00:00.000,BBG000BW8S60,-0.0022160786,-0.0051165046,1176819
20140717,11:00:00.000,BBG000BWLMJ4,0.0043505155,0.0011208459,982458
20140717,11:00:00.000,BBG000Q2HM09,-0.0010032878,-0.0023526584,909278
20140717,11:00:00.000,BBG000BW3299,-0.005300058,-0.0011795055,466782
20140717,11:00:00.000,BBG000BC40Y8,-0.008669874,-0.014174706,1396999
20140717,11:00:00.000,BBG000BBS2Y0,-0.00752975,-0.0077732233,521515
20140717,11:00:00.000,BBG000DWG505,0.0003789666,-0.0009372341,411110
20140717,11:00:00.000,BBG000BQQ2S6,0.00025581164,-0.004817163,684155
20140717,11:00:00.000,BBG000BZ9223,0.004665587,-0.0006826901,751488
20140717,11:00:00.000,BBG000DH7JK6,-0.0007338316,0.0016582761,498516
20140717,11:00:00.000,BBG000BHVJJ3,0.0010909621,-0.0029635995,2989829
20140717,11:00:00.000,BBG000J2XL74,0.015388518,0.019843481,1927822
20140717,11:00:00.000,BBG000C17X76,0.010983556,0.009861205,603653
20140717,11:00:00.000,BBG000BHBK84,0.0023645998,-0.0009606353,854419
20140717,11:00:00.000,BBG000Q9HH23,0.006548812,0.0053266324,393007
20140717,11:00:00.000,BBG000F0PF65,0.02953157,0.03711088,14426794
20140717,11:00:00.000,BBG000BF0K17,-0.0023119345,-0.0020324248,916828
20140717,11:00:00.000,BBG000C15T95,-0.003309641,0.0007581694,1924702
20140717,11:00:00.000,BBG000NDYB67,-0.0012417304,-3.330883e-07,3373483
20140717,11:00:00.000,BBG000DWYF03,-0.003797836,0.0021214872,14731442
20140717,11:00:00.000,BBG000C6CFJ5,0.005745586,0.0029331762,1357044
20140717,11:00:00.000,BBG000BKTFN2,-0.002412615,-0.0073053376,1741303
20140717,11:00:00.000,BBG000BBGGQ1,-0.0029773745,-0.0059925285,1486935
20140717,11:00:00.000,BBG000DLFM21,,,739889
20140717,11:00:00.000,BBG000BBDZG3,-0.0051568537,0.001816882,1810663
20140717,11:00:00.000,BBG000DQLV23,-0.0005256094,-0.0036891631,932831
20140717,11:00:00.000,BBG000BCSST7,0.0016918123,0.00153098,877126
20140717,11:00:00.000,BBG000BQLTW7,0.007822469,0.010433735,8340893
20140717,11:00:00.000,BBG000BQPC32,0.0120110875,0.015743563,13715887
20140717,11:00:00.000,BBG000BFC8J2,-0.004818363,-0.0048228414,828871
20140717,11:00:00.000,BBG000BQQH30,-0.00034972932,-0.004886508,1287084
20140717,11:00:00.000,BBG000BMX289,-0.0026980268,-1.2960837e-07,1893767
20140717,11:00:00.000,BBG000BNSZP1,0.00014244378,-0.005037957,1180558
20140717,11:00:00.000,BBG005P7Q881,-0.0078076567,-0.0054061282,1665931
20140717,11:00:00.000,BBG000FH8PX5,,,335810
20140717,11:00:00.000,BBG000R7Z112,-0.0017986437,-0.0013198884,2179587
20140717,11:00:00.000,BBG000BH4R78,0.005487973,0.0072055487,1585790
20140717,11:00:00.000,BBG000BKZB36,0.0018147271,0.0010040841,1153303
20140717,11:00:00.000,BBG000BPD168,0.0021584858,0.00017179137,1358543
20140717,11:00:00.000,BBG000BHQ1H0,0.005147327,0.0038301018,260838
20140717,11:00:00.000,BBG000C496P7,,,9521977
20140717,11:00:00.000,BBG000C43RR5,0.020344255,0.020317428,8452027
20140717,11:00:00.000,BBG000BT41Q8,-0.0005044807,-0.0069494033,1554884
20140717,11:00:00.000,BBG000PSKYX7,-0.009106435,-0.010739149,552556
20140717,11:00:00.000,BBG000BR2TH3,0.0027208624,0.00012339685,1446797
20140717,11:00:00.000,BBG000GFFQN9,-0.0069454936,-0.009175448,9770888
20140717,11:00:00.000,BBG000CGC1X8,-0.012324137,-0.008667164,2668007
20140717,11:00:00.000,BBG000BMHYD1,-0.0037760693,-0.005676163,2111999
20140717,11:00:00.000,BBG000BFT2L4,-0.0066788467,-0.000727148,3349534
20140717,11:00:00.000,BBG000HS77T5,-0.002422773,-0.0045134993,2803056
20140717,11:00:00.000,BBG000K4ND22,0.006142766,0.0019869874,1008341
20140717,11:00:00.000,BBG000C3J3C9,-0.0034224,0.00038534595,7947053
20140717,11:00:00.000,BBG000BK6MB5,0.006178168,-0.005185915,10815092
20140717,11:00:00.000,BBG000BWQFY7,0.0032804722,-0.0029316647,4244803
20140717,11:00:00.000,BBG000BLNNH6,0.014732602,0.015960218,2619647
20140717,11:00:00.000,BBG000H6HNW3,-0.014453006,-0.015230275,7870028
20140717,11:00:00.000,BBG000DMBXR2,0.0065472247,0.0008515113,3686333
20140717,11:00:00.000,BBG000BSJK37,0.0020363864,-0.0013715994,4232513
20140717,11:00:00.000,BBG000FY4S11,0.006997773,0.001405189,5321107
20140717,11:00:00.000,BBG000C5Z1S3,-0.021414053,-0.027998297,13033513
20140717,11:00:00.000,BBG000BR2B91,0.009289143,0.006460757,11106638
20140717,11:00:00.000,BBG000N9MNX3,0.008085722,0.011877753,1361003
20140717,11:00:00.000,BBG000C0G1D1,-0.017579691,-0.023957096,28592752
20140717,11:00:00.000,BBG002W96FT9,-0.008031092,-0.010127325,620452
20140717,11:00:00.000,BBG000BLBVN4,0.0030609975,0.0018232741,130645
20140717,11:00:00.000,BBG000CKGBP2,0.013434765,0.011322714,2803764
20140717,11:00:00.000,BBG000GZQ728,-0.00015133424,-0.0035661038,1413250
20140717,11:00:00.000,BBG000BVPV84,0.004635673,-0.00012646576,1005215
20140717,11:00:00.000,BBG000BPH459,0.009446474,0.012481003,36301512
20140717,11:00:00.000,BBG000BCTLF6,-0.001051609,-0.008384223,29220730
20140717,11:00:00.000,BBG000BHSKN9,-0.00860109,-0.00961539,642875
20140717,11:00:00.000,BBG000CL9VN6,0.0063349283,0.00691729,615495
20140717,11:00:00.000,BBG000MM2P62,9.805082e-05,-0.0023651675,10334437
20140717,11:00:00.000,BBG000B9XRY4,0.0006539246,-0.0013714988,14361832
20140717,11:15:00.000,BBG000PCQQL6,0.0013148919,0.0020902462,492029
20140717,11:15:00.000,BBG000BJP882,-0.0077627976,-0.0064270664,151903
20140717,11:15:00.000,BBG000BMFFQ0,-0.0022815543,-0.0035874697,207812
20140717,11:15:00.000,BBG000K1J931,0.021628719,0.0041587288,900908
20140717,11:15:00.000,BBG000BQ87N0,-3.9820545e-05,-0.000659419,178550
20140717,11:15:00.000,BBG000BBCQD7,0.0066441232,0.0035439353,1225825
20140717,11:15:00.000,BBG000BQHGR6,0.004100939,0.0011217745,169778
20140717,11:15:00.000,BBG000C75N77,-0.009301253,-0.01866973,457930
20140717,11:15:00.000,BBG000BJ8YN7,0.00081818,-0.0030756872,588270
20140717,11:15:00.000,BBG000BLXZN1,0.016153533,0.014682838,786750
20140717,11:15:00.000,BBG000BV4XJ1,0.0063151726,-0.0041357805,112337
20140717,11:15:00.000,BBG000QKPTS5,0.005807104,-0.00063628424,222801
20140717,11:15:00.000,BBG000BV75B7,-0.0030018715,-0.0051941667,109416
20140717,11:15:00.000,BBG000CB8Q50,-0.00433454,-0.0006188072,274122
20140717,11:15:00.000,BBG000BNPSQ9,-0.014280338,-0.024652591,557364
20140717,11:15:00.000,BBG000H4YVR7,-0.010943721,-0.018547587,212390
20140717,11:15:00.000,BBG000JB27Y9,0.0023126672,0.00067628676,167501
20140717,11:15:00.000,BBG000BVHBM1,0.0037127861,-0.019853586,612942
20140717,11:15:00.000,BBG000BQSQ38,-0.00015558513,-0.003915043,463782
20140717,11:15:00.000,BBG001XJRMF5,-0.0028019454,-0.0010396183,380960
20140717,11:15:00.000,BBG000BNGTQ7,0.0011399457,0.0013084065,689081
20140717,11:15:00.000,BBG000B9X8C0,0.0016636944,0.00075497874,195351
20140717,11:15:00.000,BBG000GPXKX9,-0.010983365,-0.013651435,116420
20140717,11:15:00.000,BBG000BV7LP7,-0.0024370358,-0.0037524032,172139
20140717,11:15:00.000,BBG001NY45K9,-0.015268158,-0.024629246,1074602
20140717,11:15:00.000,BBG000L8CBX4,-0.0017618015,-0.00094833126,53900
20140717,11:15:00.000,BBG000BHCP19,0.007381217,-0.0021538737,198087
20140717,11:15:00.000,BBG000JKCWS0,0.00076156476,-0.0048330086,72685
20140717,11:15:00.000,BBG000CPHYL4,0.0036943378,0.0063635274,609614
20140717,11:15:00.000,BBG000F86GP6,0.0013677084,-0.0026055004,98824
20140717,11:15:00.000,BBG000V31J96,-0.001286962,-0.003975829,858524
20140717,11:15:00.000,BBG000BWVSR1,-0.0022282666,-0.005151274,128513
20140717,11:15:00.000,BBG000DLVDK3,0.012490628,0.014337331,577397
20140717,11:15:00.000,BBG003641015,0.0015995783,-0.004014772,347335
20140717,11:15:00.000,BBG000BQD1J2,-0.003047063,-0.0018423294,11518265
20140717,11:15:00.000,BBG000BWXL85,-0.005033406,-0.0068386374,208252
20140717,11:15:00.000,BBG001J1QN87,0.0016894711,-0.0057059736,109892
20140717,11:15:00.000,BBG000BFJ645,0.0014976345,-0.0039308737,1003234
20140717,11:15:00.000,BBG000BPZBB6,0.0015159528,-0.0015505179,148190
20140717,11:15:00.000,BBG000RNTSX0,-0.0011003332,-0.0011201717,371005
20140717,11:15:00.000,BBG000C23KJ3,0.0048869154,0.00065563625,812753
20140717,11:15:00.000,BBG000CZWZ05,0.01815692,0.008959156,909796
20140717,11:15:00.000,BBG000CR90K4,0.025391795,0.011038691,13847007
20140717,11:15:00.000,BBG000BBL0Y1,-0.0014145343,-0.0033369204,288323
20140717,11:15:00.000,BBG000BKQG80,-0.00093296176,-0.004408293,265923
20140717,11:15:00.000,BBG000K14Q84,-0.008986546,-0.01260765,1139367
20140717,11:15:00.000,BBG000Q0BPZ4,0.0023984252,-0.008370045,112468
20140717,11:15:00.000,BBG000BHB3M6,-0.0050390363,-0.013762603,494316
20140717,11:15:00.000,BBG000BLMZK6,-0.0039808135,-0.011122662,323214
20140717,11:15:00.000,BBG000QFJ7H3,0.0016589441,-0.007309722,386075
20140717,11:15:00.000,BBG000BLDV98,-0.0011985716,-0.006448605,316169
20140717,11:15:00.000,BBG000PLXQQ3,0.026366746,0.027518295,2382870
20140717,11:15:00.000,BBG000BGYMH7,0.0050389306,-0.0062465854,117848
20140717,11:15:00.000,BBG000H9G7X2,-0.011748943,-0.01579019,472024
20140717,11:15:00.000,BBG000BRZJR8,-0.01245214,-0.022964789,432791
20140717,11:15:00.000,BBG000BJDPC2,-0.006554012,-0.0074062757,311744
20140717,11:15:00.000,BBG000BDY3Y7,0.0048278873,0.0059454585,868522
20140717,11:15:00.000,BBG000BPNP00,0.0046961806,-0.002985235,470915
20140717,11:15:00.000,BBG000BBB3K1,0.0095176175,0.011438449,1032750
20140717,11:15:00.000,BBG000BFV115,-0.0029029185,-0.011754952,395374
20140717,11:15:00.000,BBG000CXD6X9,-0.010568917,-0.009472986,624720
20140717,11:15:00.000,BBG000QN4GY3,-0.0061527095,-0.011839842,799595
20140717,11:15:00.000,BBG000BWCKB6,-0.0059117256,-0.0057449704,643910
20140717,11:15:00.000,BBG000BKXFN7,-0.00068241666,-0.012623777,468645
20140717,11:15:00.000,BBG000F9KJN4,0.00963018,0.0045839036,537966
20140717,11:15:00.000,BBG000BQV1S2,-0.00084689056,-0.011991575,224021
20140717,11:15:00.000,BBG000BTQR96,0.0011903485,-0.007246132,297728
20140717,11:15:00.000,BBG000F6ZWH2,0.003397674,0.0009082832,287507
20140717,11:15:00.000,BBG000BMZ7P7,0.0010710019,0.0020276927,338262
20140717,11:15:00.000,BBG000BB29X4,0.0016797747,-0.00019696754,168113
20140717,11:15:00.000,BBG000BBCDZ2,-0.0033836998,-0.007992049,145278
20140717,11:15:00.000,BBG000C6F3T8,0.014986905,0.005911467,9537442
20140717,11:15:00.000,BBG000BFVXX0,0.0018818285,0.0019855236,318907
20140717,11:15:00.000,BBG000G6BN50,0.0015112954,-0.007643142,76441
20140717,11:15:00.000,BBG000BRXP69,0.002129593,-0.00040525358,157532
20140717,11:15:00.000,BBG000BPMH90,0.018426476,0.0097004045,886799
20140717,11:15:00.000,BBG000D9DMK0,0.0022497107,0.0064376276,516495
20140717,11:15:00.000,BBG000D14WM3,0.006904386,-0.0038161394,4184225
20140717,11:15:00.000,BBG000PVRDL2,0.004266199,0.0076967236,1663512
20140717,11:15:00.000,BBG000BSC0K9,0.0013706654,0.0010078014,286839
20140717,11:15:00.000,BBG000R0L5J4,0.009575627,0.0047890507,499594
20140717,11:15:00.000,BBG000JH6683,-0.0007884006,-0.015285836,392312
20140717,11:15:00.000,BBG000BG14P4,0.0141079435,-0.0005108198,475381
20140717,11:15:00.000,BBG000D9KWL9,0.014723836,0.0061757253,269348
20140717,11:15:00.000,BBG000BKWSR6,-0.010015915,-0.01662309,3223473
20140717,11:15:00.000,BBG000BC9938,0.013666622,0.008454895,388454
20140717,11:15:00.000,BBG000BB1TH9,-0.0018864747,-0.0057259295,202504
20140717,11:15:00.000,BBG000BJ49H3,-0.001806272,-0.0016114912,575167
20140717,11:15:00.000,BBG000BFS7D3,0.0008559551,-0.00097183225,144704
20140717,11:15:00.000,BBG000BN9WT5,0.0030578722,-0.0044543757,193232
20140717,11:15:00.000,BBG000BKR1D6,0.0045395573,0.0009396794,539881
20140717,11:15:00.000,BBG000BFRF55,0.007270701,-0.00827253,1821278
20140717,11:15:00.000,BBG000BKTT89,0.00047012864,-0.009985368,195301
20140717,11:15:00.000,BBG000BQ8KV2,0.0018494718,-0.00930583,377070
20140717,11:15:00.000,BBG000BQVWZ6,-0.0048801266,-0.015174346,2274580
20140717,11:15:00.000,BBG000BHKYH4,-0.00065797556,-0.001899415,174495
20140717,11:15:00.000,BBG000BS7KS3,-0.0041019344,-0.0013115462,110424
20140717,11:15:00.000,BBG000CGT2S4,-0.031795464,-0.040716194,3120052
20140717,11:15:00.000,BBG000F7RCJ1,-0.0028155344,-0.008192419,176655
20140717,11:15:00.000,BBG000BMTFR4,-0.004840559,-0.0018893944,402041
20140717,11:15:00.000,BBG000TJM7F0,-0.0026968585,0.0007585471,356224
20140717,11:15:00.000,BBG000BMKDM3,0.0025209107,-0.00015137938,288396
20140717,11:15:00.000,BBG000FLZN98,0.0028610572,-0.007783551,174002
20140717,11:15:00.000,BBG000BKLH74,0.0044889827,0.0050306716,1445410
20140717,11:15:00.000,BBG000BCTQ65,-0.0020890045,-0.0034683214,452559
20140717,11:15:00.000,BBG000D1QCF1,-0.010903239,-0.014093849,264870
20140717,11:15:00.000,BBG000BSXQV7,0.037394423,0.0354794,630121
20140717,11:15:00.000,BBG000BG09F5,-0.0104183685,-0.019150337,225426
20140717,11:15:00.000,BBG000FLPRH1,-0.012090536,-0.009982516,235615
20140717,11:15:00.000,BBG000PV2L86,-0.00015673459,-0.0051686927,110384
20140717,11:15:00.000,BBG000BGYWY6,0.0017518826,-0.002728882,183611
20140717,11:15:00.000,BBG000C060M4,0.004534047,-0.0005352521,120395
20140717,11:15:00.000,BBG000BDXGP9,-0.0032853247,-0.0061541013,1044698
20140717,11:15:00.000,BBG000BGD7W6,-0.0020554475,-0.0048674564,437633
20140717,11:15:00.000,BBG000BP8Z50,-0.0028960148,-0.003578996,196996
20140717,11:15:00.000,BBG000HW5GX3,0.0015078608,-0.008259865,566505
20140717,11:15:00.000,BBG000C4ZZ10,-0.0061017005,-0.0072230315,146137
20140717,11:15:00.000,BBG000BNNYW1,-0.06545892,-0.06662346,6367363
20140717,11:15:00.000,BBG000BR37X2,0.0023237346,0.0028652647,882938
20140717,11:15:00.000,BBG000BLW530,-0.0026127766,-0.0047435877,267113
20140717,11:15:00.000,BBG000BF1R66,0.00019204957,0.0002137008,104983
20140717,11:15:00.000,BBG000BKNX95,-0.0005737998,-0.0017861603,609622
20140717,11:15:00.000,BBG000BWP7D9,0.0044203433,0.0013285566,316143
20140717,11:15:00.000,BBG000BBMSJ6,0.0054557254,-0.003149684,272963
20140717,11:15:00.000,BBG000DN7P92,0.0048587415,0.0023093708,373551
20140717,11:15:00.000,BBG000BCZYD3,-0.0036739742,-0.00500018,81647
20140717,11:15:00.000,BBG000CVWGS6,-0.0070152935,-0.008690587,1260293
20140717,11:15:00.000,BBG000BLHRS2,0.00021900059,-0.0024902837,391792
20140717,11:15:00.000,BBG000BY2Y78,0.0009188863,-0.004708464,247490
20140717,11:15:00.000,BBG000BK6G19,0.04679731,0.03750102,2148578
20140717,11:15:00.000,BBG002S5ZRF9,0.017734097,0.0071571376,206962
20140717,11:15:00.000,BBG000BNC3Y9,0.0070145535,0.0006658037,197992
20140717,11:15:00.000,BBG000BTCH57,-0.003450414,-0.009433191,260901
20140717,11:15:00.000,BBG000BB03M1,0.007447591,0.004792725,425923
20140717,11:15:00.000,BBG000BN84F3,-0.0014417937,0.0014630308,332496
20140717,11:15:00.000,BBG000BB5BF6,0.0042762468,-0.0019255588,521824
20140717,11:15:00.000,BBG000FDBX90,0.006444087,0.005215947,846680
20140717,11:15:00.000,BBG000RGM5P1,0.0085550565,0.0024619238,274664
20140717,11:15:00.000,BBG000BB5373,0.0032178538,-0.00056907145,1258515
20140717,11:15:00.000,BBG000BFDLV8,0.00087908236,-0.002894794,350691
20140717,11:15:00.000,BBG000BGRKT6,0.0016753934,0.0018953213,108367
20140717,11:15:00.000,BBG000BTVJ25,-0.0065724147,-0.009709629,513899
20140717,11:15:00.000,BBG000BVMPN3,-0.0011153241,-0.0065323063,370998
20140717,11:15:00.000,BBG000C2ZCH8,0.0032848448,0.0021522567,146790
20140717,11:15:00.000,BBG0014GJCT9,-0.008060914,-0.011600464,292687
20140717,11:15:00.000,BBG000C11MQ5,-0.0018884116,-0.011372488,262360
20140717,11:15:00.000,BBG003P9ZSL3,0.00026291463,0.003998147,230783
20140717,11:15:00.000,BBG000BX5ZF5,-0.0004214409,-0.004671128,1356491
20140717,11:15:00.000,BBG000C2V3D6,-0.014422708,-0.020012401,1920079
20140717,11:15:00.000,BBG000BQVTF5,-0.00014834125,-0.0028781453,229691
20140717,11:15:00.000,BBG000D2M0Z7,-0.0027814335,-0.00464444,112148
20140717,11:15:00.000,BBG000CHPY97,-0.010445436,-0.019112516,1526877
20140717,11:15:00.000,BBG000N746D6,0.0072929426,-0.0033151866,657800
20140717,11:15:00.000,BBG000M1R011,0.007528491,0.0020419275,270984
20140717,11:15:00.000,BBG000BHLYP4,0.0051131775,-0.0012039015,170228
20140717,11:15:00.000,BBG000BB6G37,0.0021727534,-0.005682438,221146
20140717,11:15:00.000,BBG000BR14K5,-0.0019544836,-0.0022456325,200536
20140717,11:15:00.000,BBG000PX3XC0,-0.010524888,-0.020633142,1226573
20140717,11:15:00.000,BBG000J1QLT0,-0.008109063,-0.0045854202,255760
20140717,11:15:00.000,BBG0039320N9,-0.009142926,-0.011957679,791173
20140717,11:15:00.000,BBG000BC4JJ4,-0.00022681078,-0.0013093585,218730
20140717,11:15:00.000,BBG000BM7HL0,0.002196442,0.0003603643,494168
20140717,11:15:00.000,BBG000BP1Q11,-0.006823798,-0.006475108,245891
20140717,11:15:00.000,BBG000BF6LY3,-0.0017907906,-0.009254911,533163
20140717,11:15:00.000,BBG000BF5RY1,0.0034302424,0.006705616,710312
20140717,11:15:00.000,BBG000BFTJ91,-0.0046946984,-0.0023772363,466409
20140717,11:15:00.000,BBG000BR54L0,0.0078901425,-0.014525374,1504206
20140717,11:15:00.000,BBG000J5Q6L2,0.003652013,2.1007658e-07,1480025
20140717,11:15:00.000,BBG000BCWCG1,-0.022421442,-0.02933037,1088028
20140717,11:15:00.000,BBG000TWC2V5,-0.0011393599,-0.0050002304,154551
20140717,11:15:00.000,BBG000BCYP43,-0.0053800554,-0.0071816053,106351
20140717,11:15:00.000,BBG000C221G9,-0.0020825572,-0.012630527,442226
20140717,11:15:00.000,BBG000BZTW70,0.0044397046,-0.0086012725,1355217
20140717,11:15:00.000,BBG000BKZTP3,-0.004443244,-0.0049519353,610122
20140717,11:15:00.000,BBG000R8ZVD1,0.008222664,0.0028864946,1273698
20140717,11:15:00.000,BBG000CKVSG8,-0.006473057,-0.015017887,481904
20140717,11:15:00.000,BBG000DNTSP4,0.00070110156,-0.0049197483,912259
20140717,11:15:00.000,BBG000BP4MH0,0.00063720293,-0.0013451808,269980
20140717,11:15:00.000,BBG000BR3KL6,0.000709366,-0.008627545,178317
20140717,11:15:00.000,BBG000BJQWD2,0.0038772789,-0.0008462672,342444
20140717,11:15:00.000,BBG000G0Z878,-0.0042179404,-0.0068578,454317
20140717,11:15:00.000,BBG000D7RKJ5,0.002000474,0.0010567432,565200
20140717,11:15:00.000,BBG000G9CGL0,0.003558893,-0.004197487,214378
20140717,11:15:00.000,BBG000DTMH63,0.011863333,-0.00030234578,1222272
20140717,11:15:00.000,BBG0029BK2G7,-0.006213868,-0.0121322265,218127
20140717,11:15:00.000,BBG000G3QLY3,0.004877404,-0.00094086444,172753
20140717,11:15:00.000,BBG000BP0KQ8,0.007421059,0.0056565367,1123183
20140717,11:15:00.000,BBG001NVJ6W4,-0.024135832,-0.03407112,1418946
20140717,11:15:00.000,BBG000BSBZH7,0.0021889936,0.0031376672,1710463
20140717,11:15:00.000,BBG000BHGCD1,-0.002479183,-0.011144705,167790
20140717,11:15:00.000,BBG000BL9JQ1,-0.0021568066,-0.0078079468,419499
20140717,11:15:00.000,BBG000BH5DV1,-0.004662774,-0.0044763787,212335
20140717,11:15:00.000,BBG000QW7VC1,0.012042647,0.016558716,2594065
20140717,11:15:00.000,BBG000DQTXY6,-0.0036079912,-0.026725288,1597842
20140717,11:15:00.000,BBG000QY3XZ2,0.0016602197,-0.004850833,198384
20140717,11:15:00.000,BBG000BBBNC6,0.013547891,0.012837824,675186
20140717,11:15:00.000,BBG000F15NW9,0.0049435725,0.0028078472,476992
20140717,11:15:00.000,BBG000BNNKG9,-0.0035459502,-0.013580078,665515
20140717,11:15:00.000,BBG000BFXHL6,-0.005145584,-0.0050210706,497620
20140717,11:15:00.000,BBG000BRRG02,0.0006039917,0.0009066061,338722
20140717,11:15:00.000,BBG000BHLYS1,0.002412414,-0.00017658122,302263
20140717,11:15:00.000,BBG000CGQ6M4,-0.005276884,-0.0048346524,149375
20140717,11:15:00.000,BBG000C1S2X2,0.0025952999,-0.0083667375,295961
20140717,11:15:00.000,BBG000C7LMS8,-0.0028278565,-0.005323573,15672
20140717,11:15:00.000,BBG000MDCQC2,-0.0019463946,0.0020564776,365653
20140717,11:15:00.000,BBG000JG0547,0.0016346971,-0.0022985516,198316
20140717,11:15:00.000,BBG000CJZ2W6,0.011974697,0.0027797376,628523
20140717,11:15:00.000,BBG0020B4JG7,-0.004091678,-0.012724207,1100456
20140717,11:15:00.000,BBG000BNFLM9,-0.0051011154,-0.0018969984,226376
20140717,11:15:00.000,BBG000BCBCM7,-0.0013555719,-0.008039438,1560438
20140717,11:15:00.000,BBG000CS7CT9,0.0035384714,-0.0002905702,553941
20140717,11:15:00.000,BBG000MZFMS2,0.0010560831,-0.006732918,266287
20140717,11:15:00.000,BBG000BKQ3V3,0.0050362726,-0.006574847,559329
20140717,11:15:00.000,BBG000BLCPY4,-0.003195889,-0.014669831,140423
20140717,11:15:00.000,BBG000BC15S7,0.0015454413,0.00072554074,219666
20140717,11:15:00.000,BBG000FKJRC5,0.0017390243,-0.0009316739,300987
20140717,11:15:00.000,BBG000BRJ809,0.0049346243,0.005300393,204193
20140717,11:15:00.000,BBG000C2PW58,0.00046105732,-0.005766483,179611
20140717,11:15:00.000,BBG000BCVMH9,0.032138925,0.034999385,928805
20140717,11:15:00.000,BBG000BQ2C28,0.007172435,0.005232991,213744
20140717,11:15:00.000,BBG000BBJQV0,0.011827848,-5.881173e-08,1303618
20140717,11:15:00.000,BBG000G2R6M0,0.0048909863,0.0054753534,987704
20140717,11:15:00.000,BBG000BTKGG8,-0.0097724255,-0.019829199,1072624
20140717,11:15:00.000,BBG000BMQPL1,-0.025750577,-0.033133302,8452781
20140717,11:15:00.000,BBG000BMF5J0,-0.002982673,-0.013801079,2619121
20140717,11:15:00.000,BBG000BB6WG8,0.0035009538,-0.0018842391,789357
20140717,11:15:00.000,BBG000BM6788,-0.002248044,-0.012638863,504488
20140717,11:15:00.000,BBG000FVXD63,-0.008670951,-0.017440556,1126876
20140717,11:15:00.000,BBG000C3HSR0,0.007507444,-0.0006381855,943108
20140717,11:15:00.000,BBG000BN5HF7,-0.013171798,-0.024327287,686214
20140717,11:15:00.000,BBG001QD41M9,0.0023375333,-0.002534352,296152
20140717,11:15:00.000,BBG000CXYSZ6,0.0031620753,0.002735518,168724
20140717,11:15:00.000,BBG000BVMGF2,0.0035235253,0.0027511916,558041
20140717,11:15:00.000,BBG0019JZ882,0.0077146715,2.2877114e-07,4023835
20140717,11:15:00.000,BBG000BKPL53,-0.007939672,-0.009197984,183190
20140717,11:15:00.000,BBG000PYZSR8,-0.011349337,-0.005671631,570651
20140717,11:15:00.000,BBG000F0KF42,-0.006881636,-0.012804353,734336
20140717,11:15:00.000,BBG000FW00S1,-0.013447274,-0.022804497,1697729
20140717,11:15:00.000,BBG000BYYLS8,-0.011252837,-0.017922051,1739092
20140717,11:15:00.000,BBG000BB6M98,-0.002787809,-0.0037239923,683864
20140717,11:15:00.000,BBG000D8RG11,-0.010352011,-0.014900538,1821896
20140717,11:15:00.000,BBG000CHWP52,0.01790275,0.022214241,1494825
20140717,11:15:00.000,BBG000D6L294,-0.0022922708,-0.011644721,277551
20140717,11:15:00.000,BBG000C3Y7J6,-0.0013459558,-0.0022326894,164304
20140717,11:15:00.000,BBG000BM5SR2,-0.0027412695,-0.009683617,1282108
20140717,11:15:00.000,BBG000BS0ZF1,-0.0047218916,-0.004746357,117045
20140717,11:15:00.000,BBG000C0F570,0.0037654615,-0.0039245943,536917
20140717,11:15:00.000,BBG000C90DH9,-0.009775157,-0.0046669557,1084278
20140717,11:15:00.000,BBG000BVWLJ6,0.0010013586,-0.0036310784,507485
20140717,11:15:00.000,BBG000BRK7L6,-0.00015732613,-0.008648537,1063932
20140717,11:15:00.000,BBG000BZ2GG4,-0.003930256,-0.012428606,237200
20140717,11:15:00.000,BBG000BVL2G3,0.0022615201,-0.0024896206,294293
20140717,11:15:00.000,BBG000C2YHG9,-0.008507497,-0.005190969,261102
20140717,11:15:00.000,BBG001BPFT54,0.013531835,0.0016193754,844960
20140717,11:15:00.000,BBG000BH2JM1,0.005964412,0.006549151,1047587
20140717,11:15:00.000,BBG000BPVCR1,0.007615921,0.0015302537,196068
20140717,11:15:00.000,BBG002BHBHM1,0.0030165005,-0.00026621265,292439
20140717,11:15:00.000,BBG000Q3JN03,-0.012422457,-0.022587907,8088669
20140717,11:15:00.000,BBG000BPT0C6,-0.008272818,-0.015695611,721556
20140717,11:15:00.000,BBG000BQWPC5,-0.0020092176,-0.005687978,473475
20140717,11:15:00.000,BBG000BQ5DS5,-0.0029280263,-0.0007604093,321641
20140717,11:15:00.000,BBG000DY8ZS4,0.006632054,-0.004806615,2592612
20140717,11:15:00.000,BBG000R8L7J3,0.0058228625,-0.0006735901,2493650
20140717,11:15:00.000,BBG000BS9489,-0.0074154986,-0.0018912202,415613
20140717,11:15:00.000,BBG000D898T9,-0.00063455437,-0.0018313432,307376
20140717,11:15:00.000,BBG000BFL116,0.0053096986,-0.0085098045,715526
20140717,11:15:00.000,BBG001YMS0B8,-0.0087128375,-0.010669135,445598
20140717,11:15:00.000,BBG000QBR5J5,0.0042970367,0.0014055329,624219
20140717,11:15:00.000,BBG000BHC2S1,-0.0038560776,-0.0057836333,490656
20140717,11:15:00.000,BBG000BX3TD3,0.009479207,-0.0044686613,1574071
20140717,11:15:00.000,BBG000C1FQS9,-0.007900025,-0.009044841,361301
20140717,11:15:00.000,BBG000BLKK03,0.010502371,0.033156868,541880
20140717,11:15:00.000,BBG000BKCFC2,0.0010199514,-0.002071705,526078
20140717,11:15:00.000,BBG000C4DPX1,0.003902259,-0.005771052,452922
20140717,11:15:00.000,BBG000BHZ5J9,-0.02081026,-0.02725763,417803
20140717,11:15:00.000,BBG000KLB4Q1,-0.0042670122,-0.013497888,1073721
20140717,11:15:00.000,BBG000BMBL90,-0.007119785,-0.011533283,704978
20140717,11:15:00.000,BBG000C2BXK4,0.0034958213,-0.0043043727,2034977
20140717,11:15:00.000,BBG000H0QBS7,-0.0032534713,-0.002698298,1562614
20140717,11:15:00.000,BBG000BQZMH4,0.0034307318,0.00079701876,1165393
20140717,11:15:00.000,BBG000BLBXT4,0.001972633,-0.004097859,211922
20140717,11:15:00.000,BBG000BJ2VQ6,0.004749678,-0.008300844,615094
20140717,11:15:00.000,BBG000BMY992,0.0019545474,-0.00040521342,539300
20140717,11:15:00.000,BBG000BXM6V2,0.007718012,0.0015697852,415630
20140717,11:15:00.000,BBG000BWSV34,-0.0040811677,-0.010241452,245552
20140717,11:15:00.000,BBG000BKFBD7,0.0014549143,-0.0037457636,322782
20140717,11:15:00.000,BBG000FP1N32,0.0009980971,-0.005979195,656167
20140717,11:15:00.000,BBG000BT4T69,0.004768893,-0.00063705817,381619
20140717,11:15:00.000,BBG000BFMBQ6,-0.011713741,0.011495252,1339901
20140717,11:15:00.000,BBG000C0HQ54,-0.0020028,-0.008687338,208718
20140717,11:15:00.000,BBG000C0LW92,-0.011440573,-0.014768859,1604222
20140717,11:15:00.000,BBG000BVPPM1,-0.0035276706,-0.008571957,553036
20140717,11:15:00.000,BBG000BMW2Z0,-0.0030197923,-0.0052089393,261873
20140717,11:15:00.000,BBG000BPWXK1,-0.0028091953,-0.00079374627,1473254
20140717,11:15:00.000,BBG000GC80B4,-0.0019592314,-0.005904309,2679378
20140717,11:15:00.000,BBG000BXWBN9,-0.0006511522,0.00023313347,799068
20140717,11:15:00.000,BBG000BY33P5,0.0006662028,0.0004189551,2180194
20140717,11:15:00.000,BBG000R7RDB4,-0.0024797777,-0.011890228,266846
20140717,11:15:00.000,BBG000MBDGM6,-0.004542764,-0.006477181,54344
20140717,11:15:00.000,BBG000BGLRN3,0.0010746113,-0.0029636247,345581
20140717,11:15:00.000,BBG000BWJFZ4,0.013437496,0.014677158,246362
20140717,11:15:00.000,BBG000BGVW60,0.0023424046,-0.00042981302,225211
20140717,11:15:00.000,BBG000BNJHS8,-0.0016556155,-0.0053506005,1101557
20140717,11:15:00.000,BBG000DKCC19,0.0027008436,-0.0017840448,444677
20140717,11:15:00.000,BBG000BXMFC3,0.031769358,0.027564714,1587742
20140717,11:15:00.000,BBG000BSD7C2,0.0035258662,0.0023254794,238535
20140717,11:15:00.000,BBG000BSLZY7,-0.0111726085,-0.019227032,1556278
20140717,11:15:00.000,BBG000BMDV41,0.0016731219,-0.0024805893,987226
20140717,11:15:00.000,BBG001C7TST4,0.0004959366,-0.005694243,506507
20140717,11:15:00.000,BBG000BRJL00,-0.000863805,-0.0029713393,395686
20140717,11:15:00.000,BBG000BRD0D8,-0.0035961168,-0.013090115,1269566
20140717,11:15:00.000,BBG000BND699,-0.0032249163,-0.013798293,809330
20140717,11:15:00.000,BBG000BB9KF2,-0.0008686202,-0.0020288168,409771
20140717,11:15:00.000,BBG000C1BW00,0.011300788,0.008449707,329901
20140717,11:15:00.000,BBG000BTZQC4,0.00028484236,0.0011165896,967279
20140717,11:15:00.000,BBG000BWNFZ9,-0.011817658,-0.01812755,900551
20140717,11:15:00.000,BBG000BJ98Z0,0.00068183144,-0.00662054,279314
20140717,11:15:00.000,BBG000CNFQW6,-0.0075919065,-0.013455173,250137
20140717,11:15:00.000,BBG000BGPTV6,0.0027164544,-0.0010374447,235350
20140717,11:15:00.000,BBG000BB07P9,-0.0032959364,-0.0026460201,2980947
20140717,11:15:00.000,BBG000C1FB75,0.00831121,0.0042096036,385652
20140717,11:15:00.000,BBG001M8HHB7,0.01652854,0.009073645,249670
20140717,11:15:00.000,BBG000DHSPT0,0.006436185,0.012648551,1231063
20140717,11:15:00.000,BBG000FQ6PY6,0.0027740567,0.0011038093,719176
20140717,11:15:00.000,BBG000BBDV81,0.002688936,-0.0018213561,860557
20140717,11:15:00.000,BBG000VC0T95,-0.011624487,-0.017604027,391884
20140717,11:15:00.000,BBG000BKFZM4,0.0045412397,-0.0013750969,1167042
20140717,11:15:00.000,BBG000D13GN8,-0.017275114,-0.02682499,325478
20140717,11:15:00.000,BBG000C0MF34,-0.001673361,-0.0012218553,181527
20140717,11:15:00.000,BBG000BFNR17,0.022691876,0.018099293,513484
20140717,11:15:00.000,BBG000BK67C7,0.0004813247,-0.0015317964,180019
20140717,11:15:00.000,BBG000FJLFX8,0.0033984773,0.023982568,932561
20140717,11:15:00.000,BBG000BH5LT6,-0.0050848164,-0.019120378,1727604
20140717,11:15:00.000,BBG000BD8PN9,0.0051619676,-0.0007871733,1002379
20140717,11:15:00.000,BBG000BH3GZ2,-0.04963935,-0.058652915,5121635
20140717,11:15:00.000,BBG000BB5006,-0.0039143423,-0.0063558063,378802
20140717,11:15:00.000,BBG000BTR593,-0.024065454,-0.029618599,2258531
20140717,11:15:00.000,BBG000BRWGG9,-0.001745886,-0.005645965,5205123
20140717,11:15:00.000,BBG000BJ3PD2,-0.0021441064,-0.0067339963,370414
20140717,11:15:00.000,BBG000CSY9H9,0.014148047,0.009201563,1430676
20140717,11:15:00.000,BBG000FNRZ69,-0.007488998,-0.00753526,1098057
20140717,11:15:00.000,BBG000C734W3,-0.0027350136,-0.01259368,179241
20140717,11:15:00.000,BBG000BCGY17,0.0014911941,0.0035802592,1182260
20140717,11:15:00.000,BBG000BCVJ77,0.00018004962,-0.00071813865,645556
20140717,11:15:00.000,BBG000C46HM9,0.0026343497,0.0012265136,642409
20140717,11:15:00.000,BBG000BJPDZ1,0.001401227,-0.0027482207,152898
20140717,11:15:00.000,BBG000BJL3N0,-0.039158422,-0.046878833,7905322
20140717,11:15:00.000,BBG000BGJRC8,-0.0051860884,-0.0032077131,2086996
20140717,11:15:00.000,BBG000BBD070,0.0063370285,-0.00075575145,660787
20140717,11:15:00.000,BBG000BFQYY3,0.00036446934,-0.002520147,609531
20140717,11:15:00.000,BBG000BPQD31,-0.0047477884,-0.010171897,1157744
20140717,11:15:00.000,BBG000BJ81C1,-0.0020849234,-0.002510445,238226
20140717,11:15:00.000,BBG000B9WH86,0.003558621,-0.010250305,6262260
20140717,11:15:00.000,BBG000D42FJ0,0.019801402,0.008013148,707126
20140717,11:15:00.000,BBG000BHX7N2,-0.0025887971,-0.008974716,774592
20140717,11:15:00.000,BBG000BH3JF8,-0.029630685,-0.045182392,4204052
20140717,11:15:00.000,BBG000JWD753,-0.0050272783,-0.013229541,4608625
20140717,11:15:00.000,BBG000BHGDH5,0.0049539427,0.0031769525,653911
20140717,11:15:00.000,BBG0014GG205,0.006757152,-0.0047841356,1598877
20140717,11:15:00.000,BBG000G30YX4,-0.0010124788,-0.010550243,299659
20140717,11:15:00.000,BBG000BCG930,5.924464e-05,0.02241671,1574299
20140717,11:15:00.000,BBG000BWVCP8,0.0063875793,0.00025687032,1008461
20140717,11:15:00.000,BBG000C3GN47,-0.02153192,-0.028254418,1928417
20140717,11:15:00.000,BBG000BT9DW0,0.0024959007,-0.0011169141,1060760
20140717,11:15:00.000,BBG000BV8DN6,-0.0040974156,-0.0043739737,1417463
20140717,11:15:00.000,BBG0029SNR63,0.01879134,0.017322827,2650702
20140717,11:15:00.000,BBG000HCJMF9,0.002661738,-0.0030819906,423846
20140717,11:15:00.000,BBG000D9D830,0.003644818,0.0023821043,655115
20140717,11:15:00.000,BBG000F6H8W8,-0.0035749585,-0.006279352,336791
20140717,11:15:00.000,BBG000B9ZXB4,0.02368974,0.020465117,2241600
20140717,11:15:00.000,BBG000BVDLH9,0.014278258,0.009898265,988243
20140717,11:15:00.000,BBG000BBVJZ8,-0.0027300892,-0.0116826,953675
20140717,11:15:00.000,BBG000BWXBC2,0.0013411392,-0.001430897,863861
20140717,11:15:00.000,BBG000WCFV84,0.00047484317,0.0028158177,650013
20140717,11:15:00.000,BBG000BFDXW1,0.0020556767,-0.006775139,1104127
20140717,11:15:00.000,BBG000DYGNW7,0.0043789027,0.00610343,197134
20140717,11:15:00.000,BBG000BNBDC2,-0.00012750598,-0.0042989524,645837
20140717,11:15:00.000,BBG000BJSBJ0,0.0012177082,-0.00081094436,251310
20140717,11:15:00.000,BBG000BJF1Z8,0.0036799111,-0.0001946766,599925
20140717,11:15:00.000,BBG000BY29C7,0.012120676,0.010955013,1857019
20140717,11:15:00.000,BBG000BH13K9,0.0013394475,0.0012308009,1183712
20140717,11:15:00.000,BBG000BH1NH9,-0.008501966,-0.0111241015,1016499
20140717,11:15:00.000,BBG000BLZRJ2,0.010544532,0.003692981,7268304
20140717,11:15:00.000,BBG000BVV7G1,-0.0030722022,-0.011825383,1194249
20140717,11:15:00.000,BBG000BL4504,-0.014866622,-0.026225992,2534473
20140717,11:15:00.000,BBG000BB6KF5,0.0049858866,-0.0005362709,964639
20140717,11:15:00.000,BBG000DSMS70,0.00482251,-0.0040331227,244456
20140717,11:15:00.000,BBG000C8H633,-0.00097347813,-0.008197794,1282960
20140717,11:15:00.000,BBG001DCCGR8,0.0015833449,-0.0054191463,845099
20140717,11:15:00.000,BBG000QX74T1,0.004920526,-0.00539354,152980
20140717,11:15:00.000,BBG000M65M61,0.0026768974,-0.003341563,897369
20140717,11:15:00.000,BBG000F80SZ5,0.02491435,0.01983304,4757279
20140717,11:15:00.000,BBG000C5HS04,-0.0015956529,-0.0042260955,1466112
20140717,11:15:00.000,BBG000H556T9,-0.0018027503,-0.0043051746,912884
20140717,11:15:00.000,BBG000NV1KK7,-0.012285179,-0.013228082,1424105
20140717,11:15:00.000,BBG000L9CV04,-0.0037394066,-0.009184014,603026
20140717,11:15:00.000,BBG000BXRPH1,0.005923043,-0.003412379,310415
20140717,11:15:00.000,BBG000BNDN65,0.0023327577,-0.0016784724,1430060
20140717,11:15:00.000,BBG000BGKTF9,-0.0074235694,-0.012031027,748792
20140717,11:15:00.000,BBG00286S4N9,2.8630346e-05,-0.0043893782,548429
20140717,11:15:00.000,BBG000H89QJ6,-0.008686586,-0.0036501924,470094
20140717,11:15:00.000,BBG000BNWG87,-0.010225452,-0.012554936,2332361
20140717,11:15:00.000,BBG000BJX8C8,0.0033703833,-0.0057990756,893344
20140717,11:15:00.000,BBG000BD4VG8,-0.009866816,-0.020297488,1572388
20140717,11:15:00.000,BBG000D4LWF6,-0.0025833675,-0.0034089377,1937164
20140717,11:15:00.000,BBG000FL1TC8,-0.009994187,-0.003512106,491399
20140717,11:15:00.000,BBG000FFDM15,-0.0030389084,-0.009876369,3580989
20140717,11:15:00.000,BBG000BBPFB9,0.0042220866,0.0070034736,3892982
20140717,11:15:00.000,BBG000BN2DC2,-0.001952431,-0.0054685804,792153
20140717,11:15:00.000,BBG000BCQZS4,-0.0014371228,-0.005663442,678011
20140717,11:15:00.000,BBG000CPQZ77,0.0037912687,-0.0010970895,2400406
20140717,11:15:00.000,BBG000BP52R2,0.0058357087,-0.010846343,887056
20140717,11:15:00.000,BBG000J6XT05,-0.010225736,-0.013359493,2152653
20140717,11:15:00.000,BBG000BJDB15,-0.010296505,-0.008755276,2027005
20140717,11:15:00.000,BBG000LD9JQ8,-0.007451097,-0.013640126,773806
20140717,11:15:00.000,BBG000FG3C43,-0.1160016,-0.12252487,14318105
20140717,11:15:00.000,BBG000BC2C10,0.014800018,0.0057076067,1130490
20140717,11:15:00.000,BBG000BGRY34,0.0015829474,-0.0015634617,546226
20140717,11:15:00.000,BBG000CTQBF3,0.0023375428,-0.0064784354,1070635
20140717,11:15:00.000,BBG000H8TVT2,-0.0036314863,-0.0063178125,1048333
20140717,11:15:00.000,BBG0025Y4RY4,-0.0062674987,-0.011930548,3322003
20140717,11:15:00.000,BBG000F1ZSQ2,-0.0076550613,-0.012580679,1326785
20140717,11:15:00.000,BBG000CH5208,0.008845195,0.024900207,2448216
20140717,11:15:00.000,BBG000KHWT55,-0.0044595203,-0.008904057,2923356
20140717,11:15:00.000,BBG000BFWKC0,0.002706297,3.357543e-07,775466
20140717,11:15:00.000,BBG000BP6LJ8,-0.0022142415,0.0014350318,1534279
20140717,11:15:00.000,BBG000BW8S60,-0.0023484263,-0.0066907043,1294531
20140717,11:15:00.000,BBG000BWLMJ4,0.005791413,-0.0009799711,1152019
20140717,11:15:00.000,BBG000Q2HM09,-0.00068249425,-0.011029032,998665
20140717,11:15:00.000,BBG000BW3299,-0.0047361297,-0.0021623543,511079
20140717,11:15:00.000,BBG000BC40Y8,-0.008797732,-0.017285094,1516769
20140717,11:15:00.000,BBG000BBS2Y0,-0.007028705,-0.012190846,583056
20140717,11:15:00.000,BBG000DWG505,0.00049755804,-0.0019914268,474606
20140717,11:15:00.000,BBG000BQQ2S6,0.00028139126,-0.007127268,786068
20140717,11:15:00.000,BBG000BZ9223,0.0047752187,-0.003927658,807498
20140717,11:15:00.000,BBG000DH7JK6,-0.0015238773,0.00066323386,576391
20140717,11:15:00.000,BBG000BHVJJ3,0.0027453145,-0.004445339,3453118
20140717,11:15:00.000,BBG000J2XL74,0.016698346,0.020434186,2142308
20140717,11:15:00.000,BBG000C17X76,0.012222068,0.004148797,680237
20140717,11:15:00.000,BBG000BHBK84,0.0021880053,-0.003842203,923410
20140717,11:15:00.000,BBG000Q9HH23,0.008853422,0.001299747,435725
20140717,11:15:00.000,BBG000F0PF65,0.033792224,0.038737584,15185539
20140717,11:15:00.000,BBG000BF0K17,-0.0019212385,-0.0043360954,991899
20140717,11:15:00.000,BBG000C15T95,-0.003947154,-0.0018201023,2105217
20140717,11:15:00.000,BBG000NDYB67,-0.0021824122,-0.003469234,3776412
20140717,11:15:00.000,BBG000DWYF03,-0.0023736611,-0.00030315184,15743291
20140717,11:15:00.000,BBG000C6CFJ5,0.006327119,0.001232154,1515371
20140717,11:15:00.000,BBG000BKTFN2,-0.0038925323,-0.013497322,1943113
20140717,11:15:00.000,BBG000BBGGQ1,-0.0024806217,-0.0089887995,1652426
20140717,11:15:00.000,BBG000DLFM21,,,977777
20140717,11:15:00.000,BBG000BBDZG3,-0.0029172879,0.0010898507,2005758
20140717,11:15:00.000,BBG000DQLV23,-0.00018866383,-0.005943356,1046585
20140717,11:15:00.000,BBG000BCSST7,0.0007977618,-0.001020287,1070970
20140717,11:15:00.000,BBG000BQLTW7,0.005707492,0.0047201705,9230325
20140717,11:15:00.000,BBG000BQPC32,0.01088226,0.012932137,17438124
20140717,11:15:00.000,BBG000BFC8J2,-0.0023150896,-0.008483737,942873
20140717,11:15:00.000,BBG000BQQH30,-0.0019449745,-0.008318483,1465348
20140717,11:15:00.000,BBG000BMX289,-0.0031921242,-0.0007128528,2161034
20140717,11:15:00.000,BBG000BNSZP1,0.0013910863,-0.0055418173,1319706
20140717,11:15:00.000,BBG005P7Q881,-0.0064273654,-0.008856823,1870722
20140717,11:15:00.000,BBG000FH8PX5,,,366317
20140717,11:15:00.000,BBG000R7Z112,-0.0007716713,-0.005280281,2666964
20140717,11:15:00.000,BBG000BH4R78,0.006920348,0.0058580954,1874723
20140717,11:15:00.000,BBG000BKZB36,0.0031448049,0.000501999,1352040
20140717,11:15:00.000,BBG000BPD168,0.0027755522,-0.001720445,1552334
20140717,11:15:00.000,BBG000BHQ1H0,0.006454868,0.00096520653,387371
20140717,11:15:00.000,BBG000C496P7,,,11969115
20140717,11:15:00.000,BBG000C43RR5,0.017912742,0.014794046,9122112
20140717,11:15:00.000,BBG000BT41Q8,-0.0013880008,-0.01174087,1744486
20140717,11:15:00.000,BBG000PSKYX7,-0.008308228,-0.0135926725,685995
20140717,11:15:00.000,BBG000BR2TH3,0.0021188138,-0.0013591876,1615021
20140717,11:15:00.000,BBG000GFFQN9,-0.006961752,-0.013911146,13348108
20140717,11:15:00.000,BBG000CGC1X8,-0.013660287,-0.013063433,3043156
20140717,11:15:00.000,BBG000BMHYD1,-0.0027226359,-0.006361307,2321828
20140717,11:15:00.000,BBG000BFT2L4,-0.0072617223,-0.0038153888,3768987
20140717,11:15:00.000,BBG000HS77T5,-0.0029785074,-0.0060835294,3053350
20140717,11:15:00.000,BBG000K4ND22,0.005840443,-0.00022896378,1214931
20140717,11:15:00.000,BBG000C3J3C9,-0.003868843,-0.0023095943,8706570
20140717,11:15:00.000,BBG000BK6MB5,0.0056078224,-0.007037994,11763682
20140717,11:15:00.000,BBG000BWQFY7,0.0052451515,-0.0037133978,5048506
20140717,11:15:00.000,BBG000BLNNH6,0.013054782,0.0122430455,2837857
20140717,11:15:00.000,BBG000H6HNW3,-0.011463213,-0.018436613,8656178
20140717,11:15:00.000,BBG000DMBXR2,0.006487758,-0.0015333296,4017572
20140717,11:15:00.000,BBG000BSJK37,0.0025419162,-0.0021949399,4808705
20140717,11:15:00.000,BBG000FY4S11,0.006878765,-0.001003745,6202272
20140717,11:15:00.000,BBG000C5Z1S3,-0.022270944,-0.03261656,14041963
20140717,11:15:00.000,BBG000BR2B91,0.00953828,0.0045223814,11953822
20140717,11:15:00.000,BBG000N9MNX3,0.0042358334,0.0007824748,1528829
20140717,11:15:00.000,BBG000C0G1D1,-0.015784092,-0.023957027,30595166
20140717,11:15:00.000,BBG002W96FT9,-0.007142341,-0.012616102,710194
20140717,11:15:00.000,BBG000BLBVN4,0.0037877345,-0.0016422305,147185
20140717,11:15:00.000,BBG000CKGBP2,0.013422615,0.00580474,3046118
20140717,11:15:00.000,BBG000GZQ728,-0.00084958476,-0.0057828124,1591037
20140717,11:15:00.000,BBG000BVPV84,0.0058277897,-0.0030764283,1141841
20140717,11:15:00.000,BBG000BPH459,0.008587166,0.008623151,39572612
20140717,11:15:00.000,BBG000BCTLF6,-0.0019117465,-0.012898929,32136792
20140717,11:15:00.000,BBG000BHSKN9,-0.0066275643,-0.011519774,717709
20140717,11:15:00.000,BBG000CL9VN6,0.005347183,0.00091094046,698470
20140717,11:15:00.000,BBG000MM2P62,0.0026067335,-0.0066522886,11806404
20140717,11:15:00.000,BBG000B9XRY4,-0.00015903867,-0.0062251217,15407352
20140717,11:30:00.000,BBG000PCQQL6,0.0018731739,-0.000695809,552157
20140717,11:30:00.000,BBG000BJP882,-0.008751873,-0.008810261,209464
20140717,11:30:00.000,BBG000BMFFQ0,-0.002371847,-0.004507308,228292
20140717,11:30:00.000,BBG000K1J931,0.02258988,-0.0013861618,991556
20140717,11:30:00.000,BBG000BQ87N0,-0.00068434665,-0.0032981946,203507
20140717,11:30:00.000,BBG000BBCQD7,0.0033018342,3.3081307e-08,1395681
20140717,11:30:00.000,BBG000BQHGR6,0.00331558,-0.0023943512,213161
20140717,11:30:00.000,BBG000C75N77,-0.008906046,-0.01994692,521145
20140717,11:30:00.000,BBG000BJ8YN7,0.0022885217,-0.0035150913,677051
20140717,11:30:00.000,BBG000BLXZN1,0.012288965,0.007792413,907340
20140717,11:30:00.000,BBG000BV4XJ1,0.008199162,-0.003474086,129189
20140717,11:30:00.000,BBG000QKPTS5,0.0068176603,-0.001817924,256676
20140717,11:30:00.000,BBG000BV75B7,-0.002828103,-0.008790468,138817
20140717,11:30:00.000,BBG000CB8Q50,-0.0053794533,-0.0034027414,300789
20140717,11:30:00.000,BBG000BNPSQ9,-0.0065310397,-0.01976474,607204
20140717,11:30:00.000,BBG000H4YVR7,-0.0097992,-0.019234642,242894
20140717,11:30:00.000,BBG000JB27Y9,0.0017244581,-0.00045096132,193966
20140717,11:30:00.000,BBG000BVHBM1,0.0037801056,-0.0206809,677464
20140717,11:30:00.000,BBG000BQSQ38,-0.0016459494,-0.0072344244,539009
20140717,11:30:00.000,BBG001XJRMF5,-0.009753831,-0.00363864,418250
20140717,11:30:00.000,BBG000BNGTQ7,0.0023423557,0.0006977243,728954
20140717,11:30:00.000,BBG000B9X8C0,0.0008870136,-0.0020140628,225335
20140717,11:30:00.000,BBG000GPXKX9,-0.0102478955,-0.016115133,136973
20140717,11:30:00.000,BBG000BV7LP7,-0.0020895184,-0.0054842224,216600
20140717,11:30:00.000,BBG001NY45K9,-0.016928969,-0.026909754,1228229
20140717,11:30:00.000,BBG000L8CBX4,-0.0015156398,-0.0025191817,58016
20140717,11:30:00.000,BBG000BHCP19,0.007367839,-0.0060517546,225265
20140717,11:30:00.000,BBG000JKCWS0,-0.0031355477,-0.009967775,91206
20140717,11:30:00.000,BBG000CPHYL4,-0.0013982438,-0.00010270613,667398
20140717,11:30:00.000,BBG000F86GP6,0.0010067358,-0.0056544407,113625
20140717,11:30:00.000,BBG000V31J96,-0.0036413071,-0.008393731,910285
20140717,11:30:00.000,BBG000BWVSR1,-0.0023039232,-0.007503285,151001
20140717,11:30:00.000,BBG000DLVDK3,0.019815518,0.029921196,678945
20140717,11:30:00.000,BBG003641015,0.0021295445,-0.0062451856,371621
20140717,11:30:00.000,BBG000BQD1J2,-0.0018909512,-0.0033777198,13120167
20140717,11:30:00.000,BBG000BWXL85,-0.0056554186,-0.009391753,245206
20140717,11:30:00.000,BBG001J1QN87,0.0016172049,-0.0082497755,125869
20140717,11:30:00.000,BBG000BFJ645,0.0031226063,-0.003930842,1163960
20140717,11:30:00.000,BBG000BPZBB6,0.0030135275,-0.0020672935,215918
20140717,11:30:00.000,BBG000RNTSX0,0.0023233406,-0.0003921182,400019
20140717,11:30:00.000,BBG000C23KJ3,0.0069791153,-3.1799388e-07,971016
20140717,11:30:00.000,BBG000CZWZ05,0.019751664,0.008604376,959823
20140717,11:30:00.000,BBG000CR90K4,0.030091519,0.015052732,14762610
20140717,11:30:00.000,BBG000BBL0Y1,-0.00066945073,-0.0150671005,344278
20140717,11:30:00.000,BBG000BKQG80,0.0012963568,-0.0048641465,299226
20140717,11:30:00.000,BBG000K14Q84,-0.0056396057,-0.014298825,1288811
20140717,11:30:00.000,BBG000Q0BPZ4,0.0018274875,-0.010066693,128430
20140717,11:30:00.000,BBG000BHB3M6,-0.00886325,-0.020173805,535814
20140717,11:30:00.000,BBG000BLMZK6,-0.0031425832,-0.012643764,390654
20140717,11:30:00.000,BBG000QFJ7H3,0.0025288423,-0.008302549,446400
20140717,11:30:00.000,BBG000BLDV98,-0.0011011977,-0.00951944,419876
20140717,11:30:00.000,BBG000PLXQQ3,0.025741056,0.02420807,2541181
20140717,11:30:00.000,BBG000BGYMH7,0.004200015,-0.010140908,138088
20140717,11:30:00.000,BBG000H9G7X2,-0.011773284,-0.017530773,580951
20140717,11:30:00.000,BBG000BRZJR8,-0.012450832,-0.025369547,503666
20140717,11:30:00.000,BBG000BJDPC2,-0.007106383,-0.009847984,343455
20140717,11:30:00.000,BBG000BDY3Y7,0.0026123363,0.0016217531,931000
20140717,11:30:00.000,BBG000BPNP00,0.00605985,-0.005656224,532081
20140717,11:30:00.000,BBG000BBB3K1,0.008248622,0.006622054,1133728
20140717,11:30:00.000,BBG000BFV115,-0.0025843666,-0.012713254,421337
20140717,11:30:00.000,BBG000CXD6X9,-0.008817356,-0.009994821,659409
20140717,11:30:00.000,BBG000QN4GY3,-0.010995414,-0.017693274,859006
20140717,11:30:00.000,BBG000BWCKB6,-0.0059990925,-0.007659934,887002
20140717,11:30:00.000,BBG000BKXFN7,-0.0044413325,-0.018515335,593083
20140717,11:30:00.000,BBG000F9KJN4,0.004462943,-0.002686561,622363
20140717,11:30:00.000,BBG000BQV1S2,0.00042965842,-0.015434633,235906
20140717,11:30:00.000,BBG000BTQR96,0.000804679,-0.010144536,340367
20140717,11:30:00.000,BBG000F6ZWH2,0.0013508971,-0.004085475,338788
20140717,11:30:00.000,BBG000BMZ7P7,0.0028852522,0.0010579915,389508
20140717,11:30:00.000,BBG000BB29X4,0.001352376,-0.0024284224,190214
20140717,11:30:00.000,BBG000BBCDZ2,-0.004770806,-0.011480948,164687
20140717,11:30:00.000,BBG000C6F3T8,0.019416522,0.0059112823,10399784
20140717,11:30:00.000,BBG000BFVXX0,0.001274047,-0.0006622356,352703
20140717,11:30:00.000,BBG000G6BN50,0.0028647035,-0.0078122155,93871
20140717,11:30:00.000,BBG000BRXP69,0.0035697517,0.0002313847,186116
20140717,11:30:00.000,BBG000BPMH90,0.015587321,0.0059112147,957997
20140717,11:30:00.000,BBG000D9DMK0,0.0010300016,0.003571321,567351
20140717,11:30:00.000,BBG000D14WM3,0.009978277,-0.0025443882,4680779
20140717,11:30:00.000,BBG000PVRDL2,0.0078602,0.018664531,1895811
20140717,11:30:00.000,BBG000BSC0K9,0.00091819523,-0.0010079318,338941
20140717,11:30:00.000,BBG000R0L5J4,0.012083869,0.004788971,660805
20140717,11:30:00.000,BBG000JH6683,0.0013877676,-0.016849251,445952
20140717,11:30:00.000,BBG000BG14P4,0.011664303,-0.00735656,533953
20140717,11:30:00.000,BBG000D9KWL9,0.014345885,0.0045398837,326471
20140717,11:30:00.000,BBG000BKWSR6,-0.010482209,-0.018701065,3455751
20140717,11:30:00.000,BBG000BC9938,0.012225277,0.0049453494,450545
20140717,11:30:00.000,BBG000BB1TH9,-0.0014842012,-0.0075272936,224202
20140717,11:30:00.000,BBG000BJ49H3,-0.0028804864,-0.005984823,608704
20140717,11:30:00.000,BBG000BFS7D3,0.0010871536,-0.0020515355,202782
20140717,11:30:00.000,BBG000BN9WT5,0.0018854366,-0.009120804,242458
20140717,11:30:00.000,BBG000BKR1D6,0.0057418835,0.00022487057,575849
20140717,11:30:00.000,BBG000BFRF55,0.008445582,-0.008908852,1945755
20140717,11:30:00.000,BBG000BKTT89,0.0020456582,-0.012383646,208928
20140717,11:30:00.000,BBG000BQ8KV2,0.0013688656,-0.011879996,427929
20140717,11:30:00.000,BBG000BQVWZ6,-0.0020777844,-0.016186045,2527894
20140717,11:30:00.000,BBG000BHKYH4,-0.0008294919,-0.0035273386,209397
20140717,11:30:00.000,BBG000BS7KS3,-0.003957998,-0.004279636,127969
20140717,11:30:00.000,BBG000CGT2S4,-0.031612013,-0.04109293,3341119
20140717,11:30:00.000,BBG000F7RCJ1,-0.0024676316,-0.01012679,185106
20140717,11:30:00.000,BBG000BMTFR4,-0.0032930777,-0.0041831415,473142
20140717,11:30:00.000,BBG000TJM7F0,-0.0027264212,-0.0014328151,380612
20140717,11:30:00.000,BBG000BMKDM3,0.0033785002,-0.00075741357,369586
20140717,11:30:00.000,BBG000FLZN98,0.0050861957,-0.008274982,250382
20140717,11:30:00.000,BBG000BKLH74,0.0034287737,0.00201202,1567688
20140717,11:30:00.000,BBG000BCTQ65,-0.0016476583,-0.005360194,484677
20140717,11:30:00.000,BBG000D1QCF1,-0.010094799,-0.01613065,300821
20140717,11:30:00.000,BBG000BSXQV7,0.03660166,0.03275209,680127
20140717,11:30:00.000,BBG000BG09F5,-0.013158944,-0.023259724,285150
20140717,11:30:00.000,BBG000FLPRH1,-0.013654488,-0.015639352,262359
20140717,11:30:00.000,BBG000PV2L86,-0.0014710011,-0.0090292925,125568
20140717,11:30:00.000,BBG000BGYWY6,0.00086513726,-0.005554967,201657
20140717,11:30:00.000,BBG000C060M4,0.0034347638,-0.0033088883,139371
20140717,11:30:00.000,BBG000BDXGP9,-0.003737058,-0.008097492,1115317
20140717,11:30:00.000,BBG000BGD7W6,-0.004397312,-0.0095032705,531090
20140717,11:30:00.000,BBG000BP8Z50,-0.0041304384,-0.0065485453,223384
20140717,11:30:00.000,BBG000HW5GX3,0.0020851751,-0.008259737,629476
20140717,11:30:00.000,BBG000C4ZZ10,-0.0036210392,-0.008209787,161449
20140717,11:30:00.000,BBG000BNNYW1,-0.061042316,-0.06406102,6770661
20140717,11:30:00.000,BBG000BR37X2,0.0016548632,0.0012280392,1097636
20140717,11:30:00.000,BBG000BLW530,-0.0015531629,-0.0059583797,306981
20140717,11:30:00.000,BBG000BF1R66,0.00010396643,-0.0010115952,116657
20140717,11:30:00.000,BBG000BKNX95,-0.002829477,-0.0075015505,653265
20140717,11:30:00.000,BBG000BWP7D9,0.002867669,-0.0019924657,352927
20140717,11:30:00.000,BBG000BBMSJ6,0.0052381353,-0.007158371,320519
20140717,11:30:00.000,BBG000DN7P92,0.0044609704,0.00036466602,401300
20140717,11:30:00.000,BBG000BCZYD3,-0.003284225,-0.0054623564,92266
20140717,11:30:00.000,BBG000CVWGS6,-0.0038235288,-0.007386927,1434878
20140717,11:30:00.000,BBG000BLHRS2,0.00014935015,-0.0031942362,423446
20140717,11:30:00.000,BBG000BY2Y78,0.0007776274,-0.0070627877,288563
20140717,11:30:00.000,BBG000BK6G19,0.043737225,0.032930374,2424494
20140717,11:30:00.000,BBG002S5ZRF9,0.014234911,0.0013628466,244470
20140717,11:30:00.000,BBG000BNC3Y9,0.005930495,-0.0031411366,252711
20140717,11:30:00.000,BBG000BTCH57,-0.001512639,-0.010430264,315423
20140717,11:30:00.000,BBG000BB03M1,0.008631865,0.0029770995,495599
20140717,11:30:00.000,BBG000BN84F3,-0.0020308113,-0.0004880666,368363
20140717,11:30:00.000,BBG000BB5BF6,0.0044912184,-0.0042128447,655017
20140717,11:30:00.000,BBG000FDBX90,0.0051174266,0.0016051015,905795
20140717,11:30:00.000,BBG000RGM5P1,0.008369699,-0.00047670148,309564
20140717,11:30:00.000,BBG000BB5373,0.0017212873,-0.005693014,1432936
20140717,11:30:00.000,BBG000BFDLV8,0.0021302188,-0.002521544,435172
20140717,11:30:00.000,BBG000BGRKT6,0.0024718482,0.0010298894,129195
20140717,11:30:00.000,BBG000BTVJ25,-0.006925129,-0.012137134,594866
20140717,11:30:00.000,BBG000BVMPN3,-0.0019291852,-0.008363735,423737
20140717,11:30:00.000,BBG000C2ZCH8,0.0031758368,-9.7781936e-05,174208
20140717,11:30:00.000,BBG0014GJCT9,-0.002498305,-0.009538079,348278
20140717,11:30:00.000,BBG000C11MQ5,-0.0040874705,-0.0148430215,298073
20140717,11:30:00.000,BBG003P9ZSL3,0.00055665016,0.0021061122,246686
20140717,11:30:00.000,BBG000BX5ZF5,-0.0011024191,-0.008563655,1686370
20140717,11:30:00.000,BBG000C2V3D6,-0.013126129,-0.02080235,2049274
20140717,11:30:00.000,BBG000BQVTF5,-0.0004433727,-0.0067274002,281783
20140717,11:30:00.000,BBG000D2M0Z7,-0.0047286535,-0.008379141,129368
20140717,11:30:00.000,BBG000CHPY97,-0.012600194,-0.021843014,1766022
20140717,11:30:00.000,BBG000N746D6,0.010174461,-0.0028416396,785459
20140717,11:30:00.000,BBG000M1R011,0.011330649,0.0018644319,353450
20140717,11:30:00.000,BBG000BHLYP4,0.004548935,-0.002964159,200323
20140717,11:30:00.000,BBG000BB6G37,0.0024855295,-0.009035886,250715
20140717,11:30:00.000,BBG000BR14K5,-0.0015707775,-0.0033923832,227491
20140717,11:30:00.000,BBG000PX3XC0,-0.005314548,-0.017108653,1323872
20140717,11:30:00.000,BBG000J1QLT0,-0.007876605,-0.007164471,285557
20140717,11:30:00.000,BBG0039320N9,-0.00914028,-0.0122642815,887147
20140717,11:30:00.000,BBG000BC4JJ4,-0.0012238527,-0.0046607587,237546
20140717,11:30:00.000,BBG000BM7HL0,0.0019419072,-0.0024367694,534351
20140717,11:30:00.000,BBG000BP1Q11,-0.0064724553,-0.008653595,261870
20140717,11:30:00.000,BBG000BF6LY3,-0.0011072459,-0.011704928,584400
20140717,11:30:00.000,BBG000BF5RY1,0.0043966444,0.004950553,846191
20140717,11:30:00.000,BBG000BFTJ91,-0.005771311,-0.0060340823,525518
20140717,11:30:00.000,BBG000BR54L0,0.010743447,-0.013523497,2132097
20140717,11:30:00.000,BBG000J5Q6L2,0.0062074615,-0.0006140687,1636959
20140717,11:30:00.000,BBG000BCWCG1,-0.019480977,-0.029656237,1195656
20140717,11:30:00.000,BBG000TWC2V5,-0.002433753,-0.007849874,213494
20140717,11:30:00.000,BBG000BCYP43,-0.005669285,-0.008078933,122421
20140717,11:30:00.000,BBG000C221G9,-0.0004738459,-0.013859487,499968
20140717,11:30:00.000,BBG000BZTW70,0.002533879,-0.012729821,1432860
20140717,11:30:00.000,BBG000BKZTP3,-0.0032025892,-0.0058523216,777327
20140717,11:30:00.000,BBG000R8ZVD1,0.011391766,0.0044611883,1341042
20140717,11:30:00.000,BBG000CKVSG8,-0.006918118,-0.017833823,534875
20140717,11:30:00.000,BBG000DNTSP4,0.0012963074,-0.006091068,1059529
20140717,11:30:00.000,BBG000BP4MH0,0.001849771,-0.0023057454,333661
20140717,11:30:00.000,BBG000BR3KL6,0.001185752,-0.01111534,197609
20140717,11:30:00.000,BBG000BJQWD2,0.00461812,-0.0034697473,378446
20140717,11:30:00.000,BBG000G0Z878,-0.0035551141,-0.008503547,541254
20140717,11:30:00.000,BBG000D7RKJ5,0.0018558323,-0.0013203082,593940
20140717,11:30:00.000,BBG000G9CGL0,0.0021060503,-0.008326053,235619
20140717,11:30:00.000,BBG000DTMH63,0.012511849,-0.0015120431,1401618
20140717,11:30:00.000,BBG0029BK2G7,-0.0046589095,-0.013443696,274862
20140717,11:30:00.000,BBG000G3QLY3,0.0044255904,-0.0031503881,190998
20140717,11:30:00.000,BBG000BP0KQ8,0.005310464,0.0010774885,1241641
20140717,11:30:00.000,BBG001NVJ6W4,-0.02553946,-0.039409455,1701064
20140717,11:30:00.000,BBG000BSBZH7,0.0030853231,0.0033790383,1904877
20140717,11:30:00.000,BBG000BHGCD1,0.0011900713,-0.009536166,197547
20140717,11:30:00.000,BBG000BL9JQ1,-0.0019894906,-0.009958173,458106
20140717,11:30:00.000,BBG000BH5DV1,-0.0046441043,-0.0057640895,239856
20140717,11:30:00.000,BBG000QW7VC1,0.009995939,0.012296464,2828083
20140717,11:30:00.000,BBG000DQTXY6,-0.0028040584,-0.027535152,1747855
20140717,11:30:00.000,BBG000QY3XZ2,0.0010306612,-0.010583514,248040
20140717,11:30:00.000,BBG000BBBNC6,0.013609117,0.010698047,733971
20140717,11:30:00.000,BBG000F15NW9,0.0010970028,-0.0022168728,585251
20140717,11:30:00.000,BBG000BNNKG9,-0.0026082522,-0.015921364,776578
20140717,11:30:00.000,BBG000BFXHL6,-0.005271311,-0.0071132462,550482
20140717,11:30:00.000,BBG000BRRG02,0.0036569093,0.0020850208,367508
20140717,11:30:00.000,BBG000BHLYS1,0.001873403,-0.0028237381,359242
20140717,11:30:00.000,BBG000CGQ6M4,-0.005088,-0.0058080307,171262
20140717,11:30:00.000,BBG000C1S2X2,0.0013674292,-0.0102776,355908
20140717,11:30:00.000,BBG000C7LMS8,-0.0030831061,-0.0070909685,19017
20140717,11:30:00.000,BBG000MDCQC2,-0.0024101394,-0.0005475778,406704
20140717,11:30:00.000,BBG000JG0547,0.0013944539,-0.0049699023,238949
20140717,11:30:00.000,BBG000CJZ2W6,0.014429408,0.002779776,686333
20140717,11:30:00.000,BBG0020B4JG7,-0.003537628,-0.014893153,1275583
20140717,11:30:00.000,BBG000BNFLM9,-0.0043844646,-0.005551214,286599
20140717,11:30:00.000,BBG000BCBCM7,0.0016678435,-0.008932682,1807655
20140717,11:30:00.000,BBG000CS7CT9,0.005982325,-0.0004842904,647532
20140717,11:30:00.000,BBG000MZFMS2,0.0019062321,-0.007974235,314582
20140717,11:30:00.000,BBG000BKQ3V3,0.0060696863,-0.008121757,651529
20140717,11:30:00.000,BBG000BLCPY4,-0.003910895,-0.016993029,161359
20140717,11:30:00.000,BBG000BC15S7,0.0014063547,-0.001004449,247697
20140717,11:30:00.000,BBG000FKJRC5,0.0013442851,-0.0033934673,328842
20140717,11:30:00.000,BBG000BRJ809,0.005371036,0.0037444183,229534
20140717,11:30:00.000,BBG000C2PW58,-0.0015715754,-0.009565063,217774
20140717,11:30:00.000,BBG000BCVMH9,0.030716363,0.031599864,979154
20140717,11:30:00.000,BBG000BQ2C28,0.007907747,0.0034468365,241971
20140717,11:30:00.000,BBG000BBJQV0,0.014904307,-0.00051669363,1851554
20140717,11:30:00.000,BBG000G2R6M0,0.0098096235,0.018251315,1286383
20140717,11:30:00.000,BBG000BTKGG8,-0.010771936,-0.022803407,1276849
20140717,11:30:00.000,BBG000BMQPL1,-0.028917635,-0.03806816,9608391
20140717,11:30:00.000,BBG000BMF5J0,-0.0012461384,-0.013801129,2805598
20140717,11:30:00.000,BBG000BB6WG8,0.0031457602,-0.00397776,847191
20140717,11:30:00.000,BBG000BM6788,-0.0014834526,-0.015118845,590100
20140717,11:30:00.000,BBG000FVXD63,-0.008983664,-0.018244676,1283315
20140717,11:30:00.000,BBG000C3HSR0,0.009947987,-0.00070910604,1032892
20140717,11:30:00.000,BBG000BN5HF7,-0.012230316,-0.024818776,773913
20140717,11:30:00.000,BBG001QD41M9,0.00050705165,-0.007312974,358732
20140717,11:30:00.000,BBG000CXYSZ6,0.0036415607,0.0006385142,202559
20140717,11:30:00.000,BBG000BVMGF2,0.0043104943,0.0018914742,612852
20140717,11:30:00.000,BBG0019JZ882,0.008191436,-0.0013543633,4324604
20140717,11:30:00.000,BBG000BKPL53,-0.008070178,-0.010268563,205045
20140717,11:30:00.000,BBG000PYZSR8,-0.013528595,-0.010154176,592980
20140717,11:30:00.000,BBG000F0KF42,-0.0057835304,-0.014516948,812532
20140717,11:30:00.000,BBG000FW00S1,-0.017971946,-0.028351441,2086767
20140717,11:30:00.000,BBG000BYYLS8,-0.0133720795,-0.021456102,1988006
20140717,11:30:00.000,BBG000BB6M98,-0.0005730154,-0.003103405,780115
20140717,11:30:00.000,BBG000D8RG11,-0.011370611,-0.018549556,2147101
20140717,11:30:00.000,BBG000CHWP52,0.02261339,0.02424991,1613710
20140717,11:30:00.000,BBG000D6L294,-0.0026357314,-0.0139179,318737
20140717,11:30:00.000,BBG000C3Y7J6,0.0009537871,-0.0023921493,191145
20140717,11:30:00.000,BBG000BM5SR2,-0.0032663892,-0.011979839,1502336
20140717,11:30:00.000,BBG000BS0ZF1,-0.0048650815,-0.006233697,143530
20140717,11:30:00.000,BBG000C0F570,0.0031425627,-0.008262918,624221
20140717,11:30:00.000,BBG000C90DH9,-0.010008797,-0.008296651,1346243
20140717,11:30:00.000,BBG000BVWLJ6,-0.00019198506,-0.007592657,587346
20140717,11:30:00.000,BBG000BRK7L6,0.0007283696,-0.008888737,1160704
20140717,11:30:00.000,BBG000BZ2GG4,-0.0015437264,-0.012356874,349343
20140717,11:30:00.000,BBG000BVL2G3,0.00025173245,-0.008714892,336952
20140717,11:30:00.000,BBG000C2YHG9,-0.007369608,-0.0067178877,273720
20140717,11:30:00.000,BBG001BPFT54,0.011880064,-0.0055509876,964941
20140717,11:30:00.000,BBG000BH2JM1,0.005805386,0.004802958,1277612
20140717,11:30:00.000,BBG000BPVCR1,0.007425226,0.00021108946,245986
20140717,11:30:00.000,BBG002BHBHM1,0.0017418453,-0.0033276847,403881
20140717,11:30:00.000,BBG000Q3JN03,-0.011964816,-0.024470318,8994661
20140717,11:30:00.000,BBG000BPT0C6,-0.009585071,-0.018519528,768329
20140717,11:30:00.000,BBG000BQWPC5,-0.0022713204,-0.0080040265,520692
20140717,11:30:00.000,BBG000BQ5DS5,-0.0024526815,-0.0026603648,384087
20140717,11:30:00.000,BBG000DY8ZS4,0.003931125,-0.010050374,2934439
20140717,11:30:00.000,BBG000R8L7J3,-0.0013294984,-0.012798856,3104726
20140717,11:30:00.000,BBG000BS9489,-0.0044279676,-0.0023117282,548589
20140717,11:30:00.000,BBG000D898T9,0.0014673328,-0.001972044,357009
20140717,11:30:00.000,BBG000BFL116,0.007337347,-0.011504112,813712
20140717,11:30:00.000,BBG001YMS0B8,-0.009020261,-0.012919709,547957
20140717,11:30:00.000,BBG000QBR5J5,0.004579411,7.826933e-05,799533
20140717,11:30:00.000,BBG000BHC2S1,-0.0036024365,-0.00749727,541741
20140717,11:30:00.000,BBG000BX3TD3,0.008756229,-0.0067029963,1960090
20140717,11:30:00.000,BBG000C1FQS9,-0.006387598,-0.009943142,417310
20140717,11:30:00.000,BBG000BLKK03,0.01154766,0.034177206,618725
20140717,11:30:00.000,BBG000BKCFC2,0.0014823879,-0.003013993,672629
20140717,11:30:00.000,BBG000C4DPX1,0.0040536094,-0.010455799,515736
20140717,11:30:00.000,BBG000BHZ5J9,-0.017614005,-0.025034467,623348
20140717,11:30:00.000,BBG000KLB4Q1,-0.009183232,-0.02281036,1272404
20140717,11:30:00.000,BBG000BMBL90,-0.006854477,-0.013503591,766179
20140717,11:30:00.000,BBG000C2BXK4,0.0010587584,-0.010565346,2328400
20140717,11:30:00.000,BBG000H0QBS7,-0.0017686062,-0.0040477146,1743236
20140717,11:30:00.000,BBG000BQZMH4,0.0016728649,-0.0031874469,1283229
20140717,11:30:00.000,BBG000BLBXT4,0.00071111246,-0.0077739647,300038
20140717,11:30:00.000,BBG000BJ2VQ6,0.0054299636,-0.008756994,666081
20140717,11:30:00.000,BBG000BMY992,0.0025027061,-0.0023304068,592808
20140717,11:30:00.000,BBG000BXM6V2,0.005481793,-0.0036614721,509074
20140717,11:30:00.000,BBG000BWSV34,-0.0034688879,-0.012873165,347907
20140717,11:30:00.000,BBG000BKFBD7,0.0014760572,-0.005186301,395081
20140717,11:30:00.000,BBG000FP1N32,0.0003943925,-0.008148639,788918
20140717,11:30:00.000,BBG000BT4T69,0.0074989162,-0.000318436,504530
20140717,11:30:00.000,BBG000BFMBQ6,-0.0127889495,0.010590555,1416696
20140717,11:30:00.000,BBG000C0HQ54,-0.003431565,-0.011383307,251830
20140717,11:30:00.000,BBG000C0LW92,-0.012804495,-0.01710081,1956107
20140717,11:30:00.000,BBG000BVPPM1,-0.0027665044,-0.0102528725,628077
20140717,11:30:00.000,BBG000BMW2Z0,-0.004129831,-0.00796673,307429
20140717,11:30:00.000,BBG000BPWXK1,-0.002869932,0.0067443755,1942146
20140717,11:30:00.000,BBG000GC80B4,-0.0003466045,-0.0053420323,2840711
20140717,11:30:00.000,BBG000BXWBN9,0.0013342618,-0.00034927446,1005365
20140717,11:30:00.000,BBG000BY33P5,0.0020306176,-8.1203046e-07,2415371
20140717,11:30:00.000,BBG000R7RDB4,-0.0025011464,-0.01305849,325151
20140717,11:30:00.000,BBG000MBDGM6,-0.004176449,-0.008406009,65120
20140717,11:30:00.000,BBG000BGLRN3,0.0008328998,-0.004310827,391980
20140717,11:30:00.000,BBG000BWJFZ4,0.012976076,0.01219023,303406
20140717,11:30:00.000,BBG000BGVW60,0.0021296246,-0.0025084026,267892
20140717,11:30:00.000,BBG000BNJHS8,9.429408e-05,-0.016051482,1368541
20140717,11:30:00.000,BBG000DKCC19,0.001872682,-0.004077972,566193
20140717,11:30:00.000,BBG000BXMFC3,0.027621932,0.018191734,1722800
20140717,11:30:00.000,BBG000BSD7C2,0.004662055,0.0015855031,275590
20140717,11:30:00.000,BBG000BSLZY7,-0.0071020774,-0.017413259,1871346
20140717,11:30:00.000,BBG000BMDV41,0.0010758279,-0.0068460344,1126086
20140717,11:30:00.000,BBG001C7TST4,-0.00090251485,-0.010421387,611850
20140717,11:30:00.000,BBG000BRJL00,0.0006595822,-0.004159883,449903
20140717,11:30:00.000,BBG000BRD0D8,-0.0034403154,-0.014909944,1409303
20140717,11:30:00.000,BBG000BND699,-0.0037092678,-0.019541541,989036
20140717,11:30:00.000,BBG000BB9KF2,-0.000978979,-0.004519389,483271
20140717,11:30:00.000,BBG000C1BW00,0.013559327,0.0085117,421787
20140717,11:30:00.000,BBG000BTZQC4,-0.0009296771,-0.0016732966,1083787
20140717,11:30:00.000,BBG000BWNFZ9,-0.01405038,-0.02291896,1042637
20140717,11:30:00.000,BBG000BJ98Z0,0.00026824808,-0.01007612,357898
20140717,11:30:00.000,BBG000CNFQW6,-0.007908099,-0.015644144,297628
20140717,11:30:00.000,BBG000BGPTV6,0.002880935,-0.004895896,253962
20140717,11:30:00.000,BBG000BB07P9,-0.0002668061,0.007938798,3661832
20140717,11:30:00.000,BBG000C1FB75,0.0075653014,0.0022501221,415144
20140717,11:30:00.000,BBG001M8HHB7,0.020156777,0.0062291096,304945
20140717,11:30:00.000,BBG000DHSPT0,0.0057678088,0.008642368,1335513
20140717,11:30:00.000,BBG000FQ6PY6,0.0016356637,-0.0014980166,765864
20140717,11:30:00.000,BBG000BBDV81,0.0028972696,-0.00425037,1111586
20140717,11:30:00.000,BBG000VC0T95,-0.018106675,-0.027510125,529460
20140717,11:30:00.000,BBG000BKFZM4,0.0032278812,-0.005042111,1345898
20140717,11:30:00.000,BBG000D13GN8,-0.01624804,-0.03041965,396139
20140717,11:30:00.000,BBG000C0MF34,-0.0066023706,-0.0042875474,212076
20140717,11:30:00.000,BBG000BFNR17,0.020246714,0.012284189,570817
20140717,11:30:00.000,BBG000BK67C7,0.0009025324,-0.0037449044,198143
20140717,11:30:00.000,BBG000FJLFX8,0.0037329765,0.02434774,1025037
20140717,11:30:00.000,BBG000BH5LT6,-0.0057428028,-0.020919954,1929913
20140717,11:30:00.000,BBG000BD8PN9,0.0051539126,-0.0020992965,1157292
20140717,11:30:00.000,BBG000BH3GZ2,-0.055688635,-0.0672391,6074226
20140717,11:30:00.000,BBG000BB5006,-0.0030570987,-0.008359151,484601
20140717,11:30:00.000,BBG000BTR593,-0.031116148,-0.03710939,2724000
20140717,11:30:00.000,BBG000BRWGG9,-0.0012809645,-0.008468893,6087425
20140717,11:30:00.000,BBG000BJ3PD2,-0.0024000828,-0.010006748,432067
20140717,11:30:00.000,BBG000CSY9H9,0.014547488,0.008133207,1589212
20140717,11:30:00.000,BBG000FNRZ69,-0.007975208,-0.0116456235,1455893
20140717,11:30:00.000,BBG000C734W3,-0.0037345758,-0.015811441,220411
20140717,11:30:00.000,BBG000BCGY17,0.0028069306,0.0013319297,1346586
20140717,11:30:00.000,BBG000BCVJ77,0.0015490878,0.00013056664,758742
20140717,11:30:00.000,BBG000C46HM9,0.0030602622,-0.0010511817,769766
20140717,11:30:00.000,BBG000BJPDZ1,0.0030217133,-0.0017358693,161810
20140717,11:30:00.000,BBG000BJL3N0,-0.039886717,-0.049199637,9579644
20140717,11:30:00.000,BBG000BGJRC8,-0.0042435913,-0.0044908295,2346587
20140717,11:30:00.000,BBG000BBD070,0.008992623,-0.0005539629,756711
20140717,11:30:00.000,BBG000BFQYY3,0.0006527805,-0.003888323,674938
20140717,11:30:00.000,BBG000BPQD31,0.00021820627,-0.006684657,1282281
20140717,11:30:00.000,BBG000BJ81C1,-0.0011218297,-0.0028766003,279460
20140717,11:30:00.000,BBG000B9WH86,0.005077632,-0.010853299,8031854
20140717,11:30:00.000,BBG000D42FJ0,0.01763996,0.002759919,795357
20140717,11:30:00.000,BBG000BHX7N2,-0.0018427946,-0.010593306,986315
20140717,11:30:00.000,BBG000BH3JF8,-0.03058466,-0.048368696,4548382
20140717,11:30:00.000,BBG000JWD753,-0.0055957455,-0.017795822,4983866
20140717,11:30:00.000,BBG000BHGDH5,0.0045307036,0.00055278844,748416
20140717,11:30:00.000,BBG0014GG205,0.0024700381,-0.013779358,1770670
20140717,11:30:00.000,BBG000G30YX4,0.0011316106,-0.011526581,363362
20140717,11:30:00.000,BBG000BCG930,0.0005589063,0.023307947,1671279
20140717,11:30:00.000,BBG000BWVCP8,0.0037238959,-0.0049672048,1210276
20140717,11:30:00.000,BBG000C3GN47,-0.020589497,-0.02796619,2207522
20140717,11:30:00.000,BBG000BT9DW0,0.0018020814,-0.0029036358,1163079
20140717,11:30:00.000,BBG000BV8DN6,-0.002932364,-0.004469142,1630931
20140717,11:30:00.000,BBG0029SNR63,0.021422962,0.01775451,2855452
20140717,11:30:00.000,BBG000HCJMF9,0.0031374565,-0.005393662,493670
20140717,11:30:00.000,BBG000D9D830,0.003191735,-0.00037739935,721937
20140717,11:30:00.000,BBG000F6H8W8,-0.0036442692,-0.007849387,407195
20140717,11:30:00.000,BBG000B9ZXB4,0.022832848,0.018516064,2553299
20140717,11:30:00.000,BBG000BVDLH9,0.014938701,0.00784324,1087069
20140717,11:30:00.000,BBG000BBVJZ8,-0.004318968,-0.014249948,1087793
20140717,11:30:00.000,BBG000BWXBC2,0.0028391625,-0.0017562954,980933
20140717,11:30:00.000,BBG000WCFV84,0.0016697554,0.0010056897,716391
20140717,11:30:00.000,BBG000BFDXW1,0.0039554075,-0.00938093,1215725
20140717,11:30:00.000,BBG000DYGNW7,0.005597784,0.00512159,230442
20140717,11:30:00.000,BBG000BNBDC2,-0.0014842636,-0.0065280874,716199
20140717,11:30:00.000,BBG000BJSBJ0,0.00064818905,-0.003597377,290239
20140717,11:30:00.000,BBG000BJF1Z8,0.003742031,-0.0031424866,668145
20140717,11:30:00.000,BBG000BY29C7,0.011851121,0.009474618,2212351
20140717,11:30:00.000,BBG000BH13K9,0.002171748,1.4717375e-07,1330960
20140717,11:30:00.000,BBG000BH1NH9,-0.0064368583,-0.012298072,1104062
20140717,11:30:00.000,BBG000BLZRJ2,0.012125945,0.0033852083,8192719
20140717,11:30:00.000,BBG000BVV7G1,-0.0028977387,-0.015495403,1356586
20140717,11:30:00.000,BBG000BL4504,-0.015460978,-0.028381433,2900589
20140717,11:30:00.000,BBG000BB6KF5,0.004905357,-0.0034849504,1145916
20140717,11:30:00.000,BBG000DSMS70,0.007843696,-0.0047051692,275166
20140717,11:30:00.000,BBG000C8H633,-0.0013772368,-0.0099367425,1420220
20140717,11:30:00.000,BBG001DCCGR8,0.0020634616,-0.007204282,951709
20140717,11:30:00.000,BBG000QX74T1,0.0032351248,-0.010609244,170627
20140717,11:30:00.000,BBG000M65M61,-0.004083709,-0.022608817,1461805
20140717,11:30:00.000,BBG000F80SZ5,0.025512328,0.013648377,5583162
20140717,11:30:00.000,BBG000C5HS04,-0.0020341864,-0.0065015666,1637472
20140717,11:30:00.000,BBG000H556T9,-0.0023849441,-0.0071060294,1043147
20140717,11:30:00.000,BBG000NV1KK7,-0.013393275,-0.016377572,1560400
20140717,11:30:00.000,BBG000L9CV04,-0.004481243,-0.012628089,715280
20140717,11:30:00.000,BBG000BXRPH1,0.0055807177,-0.005805303,359865
20140717,11:30:00.000,BBG000BNDN65,0.0022260447,-0.0041959714,1611296
20140717,11:30:00.000,BBG000BGKTF9,-0.0077409265,-0.013571771,913423
20140717,11:30:00.000,BBG00286S4N9,-0.003401733,-0.010695653,737365
20140717,11:30:00.000,BBG000H89QJ6,-0.009469855,-0.0074010896,514395
20140717,11:30:00.000,BBG000BNWG87,-0.008676722,-0.011760382,2663357
20140717,11:30:00.000,BBG000BJX8C8,0.003970195,-0.0073808935,997222
20140717,11:30:00.000,BBG000BD4VG8,-0.010417934,-0.023926677,1775886
20140717,11:30:00.000,BBG000D4LWF6,-0.0002920078,-0.0034088267,2372981
20140717,11:30:00.000,BBG000FL1TC8,-0.007825249,-0.0037424313,576147
20140717,11:30:00.000,BBG000FFDM15,-0.003504321,-0.011287334,3885355
20140717,11:30:00.000,BBG000BBPFB9,0.004335424,0.0026259725,4367161
20140717,11:30:00.000,BBG000BN2DC2,-0.001720366,-0.008063968,895758
20140717,11:30:00.000,BBG000BCQZS4,-0.002038377,-0.007569006,793975
20140717,11:30:00.000,BBG000CPQZ77,0.005322428,-0.00178298,2654299
20140717,11:30:00.000,BBG000BP52R2,0.006758868,-0.011599097,934817
20140717,11:30:00.000,BBG000J6XT05,-0.010586357,-0.016092185,2495218
20140717,11:30:00.000,BBG000BJDB15,-0.017166872,-0.010042792,2525507
20140717,11:30:00.000,BBG000LD9JQ8,-0.00810489,-0.018374808,864642
20140717,11:30:00.000,BBG000FG3C43,-0.113556206,-0.12308135,15100852
20140717,11:30:00.000,BBG000BC2C10,0.0137762,0.004205757,1262210
20140717,11:30:00.000,BBG000BGRY34,0.0031232121,-0.0027360886,617270
20140717,11:30:00.000,BBG000CTQBF3,0.003729123,-0.0077484036,1268008
20140717,11:30:00.000,BBG000H8TVT2,-0.0025228693,-0.0077311066,1251302
20140717,11:30:00.000,BBG0025Y4RY4,-0.004713972,-0.012210176,4037858
20140717,11:30:00.000,BBG000F1ZSQ2,-0.007488488,-0.015199142,1537080
20140717,11:30:00.000,BBG000CH5208,0.0111162355,0.026870746,2650430
20140717,11:30:00.000,BBG000KHWT55,-0.0038209294,-0.010914777,3258177
20140717,11:30:00.000,BBG000BFWKC0,0.0018384223,-0.0021630162,920615
20140717,11:30:00.000,BBG000BP6LJ8,-0.0024221835,-0.0016737732,1794397
20140717,11:30:00.000,BBG000BW8S60,-0.0019780854,-0.008352357,1434221
20140717,11:30:00.000,BBG000BWLMJ4,0.0043649087,-0.005531608,1316669
20140717,11:30:00.000,BBG000Q2HM09,-0.0014849043,-0.01676441,1136146
20140717,11:30:00.000,BBG000BW3299,-0.0045155147,-0.0043246043,632441
20140717,11:30:00.000,BBG000BC40Y8,-0.010271681,-0.01972905,1693132
20140717,11:30:00.000,BBG000BBS2Y0,-0.006390493,-0.013252644,691858
20140717,11:30:00.000,BBG000DWG505,0.00034005218,-0.0033578796,565433
20140717,11:30:00.000,BBG000BQQ2S6,-2.9224661e-06,-0.009093366,868495
20140717,11:30:00.000,BBG000BZ9223,0.00305608,-0.007172547,892630
20140717,11:30:00.000,BBG000DH7JK6,-0.00051474926,-0.00071871385,656392
20140717,11:30:00.000,BBG000BHVJJ3,0.0030120164,-0.005927125,3836756
20140717,11:30:00.000,BBG000J2XL74,0.012439797,0.013229215,2396932
20140717,11:30:00.000,BBG000C17X76,0.011690291,0.001037355,741963
20140717,11:30:00.000,BBG000BHBK84,0.0027479348,-0.00614749,1095681
20140717,11:30:00.000,BBG000Q9HH23,0.005052984,-0.005739191,538110
20140717,11:30:00.000,BBG000F0PF65,0.028105306,0.029339412,16049457
20140717,11:30:00.000,BBG000BF0K17,-0.0016120563,-0.0070461873,1092772
20140717,11:30:00.000,BBG000C15T95,-0.0019489966,-0.0011376176,2269649
20140717,11:30:00.000,BBG000NDYB67,-0.0011190057,-0.005604065,4148105
20140717,11:30:00.000,BBG000DWYF03,-0.003444673,-0.004546201,17368212
20140717,11:30:00.000,BBG000C6CFJ5,0.006803624,0.0001467857,1741000
20140717,11:30:00.000,BBG000BKTFN2,-0.0024752333,-0.01551495,2224703
20140717,11:30:00.000,BBG000BBGGQ1,-0.0018043695,-0.011884968,1941037
20140717,11:30:00.000,BBG000DLFM21,,,1059963
20140717,11:30:00.000,BBG000BBDZG3,-0.003947744,-0.0014538784,2301031
20140717,11:30:00.000,BBG000DQLV23,-0.000237003,-0.007172884,1606977
20140717,11:30:00.000,BBG000BCSST7,0.00035643578,-0.0035716074,1433965
20140717,11:30:00.000,BBG000BQLTW7,0.008116774,0.004968643,10179756
20140717,11:30:00.000,BBG000BQPC32,0.012685882,0.011807353,20611508
20140717,11:30:00.000,BBG000BFC8J2,-0.00439779,-0.012667654,1126026
20140717,11:30:00.000,BBG000BQQH30,-0.002258173,-0.009947378,1602013
20140717,11:30:00.000,BBG000BMX289,-0.0024966053,-0.0021383713,2403806
20140717,11:30:00.000,BBG000BNSZP1,0.002653654,-0.006851809,1501685
20140717,11:30:00.000,BBG005P7Q881,-0.009415648,-0.025189873,2641797
20140717,11:30:00.000,BBG000FH8PX5,,,418045
20140717,11:30:00.000,BBG000R7Z112,-0.0038734183,-0.020593768,4232361
20140717,11:30:00.000,BBG000BH4R78,0.006533645,0.0020500617,2189304
20140717,11:30:00.000,BBG000BKZB36,0.0028887596,-0.002008186,1550596
20140717,11:30:00.000,BBG000BPD168,0.0023165976,-0.0034407103,1722352
20140717,11:30:00.000,BBG000BHQ1H0,0.007649293,0.00078417413,442663
20140717,11:30:00.000,BBG000C496P7,,,13137511
20140717,11:30:00.000,BBG000C43RR5,0.021107577,0.015977617,9731214
20140717,11:30:00.000,BBG000BT41Q8,-0.0016976533,-0.013855943,1934664
20140717,11:30:00.000,BBG000PSKYX7,-0.007538469,-0.015502113,801013
20140717,11:30:00.000,BBG000BR2TH3,0.0026641486,-0.0027184829,1927710
20140717,11:30:00.000,BBG000GFFQN9,-0.011750123,-0.02219892,16350854
20140717,11:30:00.000,BBG000CGC1X8,-0.016282875,-0.017585244,3667744
20140717,11:30:00.000,BBG000BMHYD1,-0.0014232177,-0.0064590913,2582451
20140717,11:30:00.000,BBG000BFT2L4,-0.00811581,-0.007812085,4205167
20140717,11:30:00.000,BBG000HS77T5,-0.0012370314,-0.006476158,3482895
20140717,11:30:00.000,BBG000K4ND22,0.0069899736,-0.0009167442,1379688
20140717,11:30:00.000,BBG000C3J3C9,-0.007314345,-0.008084399,10686663
20140717,11:30:00.000,BBG000BK6MB5,0.006156622,-0.008519694,13080899
20140717,11:30:00.000,BBG000BWQFY7,0.0062984894,-0.0048860055,6120279
20140717,11:30:00.000,BBG000BLNNH6,0.015588221,0.012346966,3064780
20140717,11:30:00.000,BBG000H6HNW3,-0.012054107,-0.022311008,9526542
20140717,11:30:00.000,BBG000DMBXR2,0.0065264176,-0.003577494,4554766
20140717,11:30:00.000,BBG000BSJK37,0.0032189211,-0.003292455,5455096
20140717,11:30:00.000,BBG000FY4S11,0.0042449525,-0.005420021,7861395
20140717,11:30:00.000,BBG000C5Z1S3,-0.02561325,-0.041564286,15547495
20140717,11:30:00.000,BBG000BR2B91,0.0061032274,-0.00032339495,13416702
20140717,11:30:00.000,BBG000N9MNX3,0.005423185,-0.0029696678,1768200
20140717,11:30:00.000,BBG000C0G1D1,-0.014166501,-0.026266115,33062292
20140717,11:30:00.000,BBG002W96FT9,-0.0046756747,-0.012701877,814257
20140717,11:30:00.000,BBG000BLBVN4,0.005998006,-0.004229336,183486
20140717,11:30:00.000,BBG000CKGBP2,0.011433805,0.0016664197,3521702
20140717,11:30:00.000,BBG000GZQ728,0.0007580175,-0.0064574373,1799170
20140717,11:30:00.000,BBG000BVPV84,0.0052007856,-0.008583058,1375293
20140717,11:30:00.000,BBG000BPH459,0.009454198,0.0070345523,42243200
20140717,11:30:00.000,BBG000BCTLF6,-0.0019353072,-0.014833807,37471068
20140717,11:30:00.000,BBG000BHSKN9,-0.0044430424,-0.012467824,809929
20140717,11:30:00.000,BBG000CL9VN6,0.0064363913,-0.0038019866,857566
20140717,11:30:00.000,BBG000MM2P62,0.0017769136,-0.012269662,14048121
20140717,11:30:00.000,BBG000B9XRY4,8.98512e-05,-0.008124273,17447396
20140717,11:45:00.000,BBG000PCQQL6,0.0017186458,8.247038e-07,608436
20140717,11:45:00.000,BBG000BJP882,-0.008470323,-0.00873796,240571
20140717,11:45:00.000,BBG000BMFFQ0,-0.002694338,-0.005059153,246104
20140717,11:45:00.000,BBG000K1J931,0.01733108,-0.0041586435,1099716
20140717,11:45:00.000,BBG000BQ87N0,-0.00024994422,-0.003737948,231727
20140717,11:45:00.000,BBG000BBCQD7,0.0024735094,-0.0011813022,1549148
20140717,11:45:00.000,BBG000BQHGR6,0.0015000936,-0.0037409118,230088
20140717,11:45:00.000,BBG000C75N77,-0.009580828,-0.020438341,585950
20140717,11:45:00.000,BBG000BJ8YN7,0.0015429202,-0.0037346263,771510
20140717,11:45:00.000,BBG000BLXZN1,0.01128519,0.0059877364,963910
20140717,11:45:00.000,BBG000BV4XJ1,0.0087484885,-0.00093787734,136098
20140717,11:45:00.000,BBG000QKPTS5,0.007877411,0.00018180787,331527
20140717,11:45:00.000,BBG000BV75B7,-0.0042053,-0.010538524,172929
20140717,11:45:00.000,BBG000CB8Q50,-0.006354168,-0.002835547,312192
20140717,11:45:00.000,BBG000BNPSQ9,-0.004676059,-0.014770581,644506
20140717,11:45:00.000,BBG000H4YVR7,-0.0047388887,-0.012365172,272563
20140717,11:45:00.000,BBG000JB27Y9,0.0021091497,0.00078901416,211798
20140717,11:45:00.000,BBG000BVHBM1,0.0033726862,-0.019301957,734427
20140717,11:45:00.000,BBG000BQSQ38,-0.0014129833,-0.006404628,564819
20140717,11:45:00.000,BBG001XJRMF5,-0.014072808,-0.003552011,457287
20140717,11:45:00.000,BBG000BNGTQ7,0.002292759,0.0017443764,764245
20140717,11:45:00.000,BBG000B9X8C0,0.0006281829,-0.003524341,257991
20140717,11:45:00.000,BBG000GPXKX9,-0.011149102,-0.015622441,153530
20140717,11:45:00.000,BBG000BV7LP7,0.0010410391,-0.0034637684,271954
20140717,11:45:00.000,BBG001NY45K9,-0.015800491,-0.023717081,1331440
20140717,11:45:00.000,BBG000L8CBX4,-0.0014560927,-0.0023709445,63843
20140717,11:45:00.000,BBG000BHCP19,0.00776549,-0.0040001045,259447
20140717,11:45:00.000,BBG000JKCWS0,-0.0021110093,-0.008789906,94515
20140717,11:45:00.000,BBG000CPHYL4,-0.0017880647,0.0009238367,727619
20140717,11:45:00.000,BBG000F86GP6,0.0016144916,-0.004545674,132310
20140717,11:45:00.000,BBG000V31J96,-0.003802383,-0.010381805,950608
20140717,11:45:00.000,BBG000BWVSR1,-0.0028691415,-0.0076151276,190117
20140717,11:45:00.000,BBG000DLVDK3,0.021474637,0.034783427,810902
20140717,11:45:00.000,BBG003641015,0.0025393872,-0.0046094484,388159
20140717,11:45:00.000,BBG000BQD1J2,-0.0015941936,-0.0018425976,14176244
20140717,11:45:00.000,BBG000BWXL85,-0.006355091,-0.008388832,274349
20140717,11:45:00.000,BBG001J1QN87,0.00069476705,-0.0067602736,141314
20140717,11:45:00.000,BBG000BFJ645,0.004389382,-0.0019653295,1295994
20140717,11:45:00.000,BBG000BPZBB6,0.0029187528,-0.0028423,243158
20140717,11:45:00.000,BBG000RNTSX0,0.003938182,0.00055990025,427219
20140717,11:45:00.000,BBG000C23KJ3,0.0035193062,-0.005247888,1257993
20140717,11:45:00.000,BBG000CZWZ05,0.018402627,0.009935002,995198
20140717,11:45:00.000,BBG000CR90K4,0.030027054,0.01605624,15510691
20140717,11:45:00.000,BBG000BBL0Y1,0.0017155882,-0.010820136,455289
20140717,11:45:00.000,BBG000BKQG80,-0.0019600394,-0.006840149,314265
20140717,11:45:00.000,BBG000K14Q84,-0.0032271722,-0.01276104,1452988
20140717,11:45:00.000,BBG000Q0BPZ4,0.002227885,-0.009501258,213629
20140717,11:45:00.000,BBG000BHB3M6,-0.012288038,-0.023435537,597326
20140717,11:45:00.000,BBG000BLMZK6,-0.002536742,-0.012358658,427932
20140717,11:45:00.000,BBG000QFJ7H3,0.0023055766,-0.006046568,485108
20140717,11:45:00.000,BBG000BLDV98,-0.0033169193,-0.011208256,483060
20140717,11:45:00.000,BBG000PLXQQ3,0.025128135,0.023071941,2826435
20140717,11:45:00.000,BBG000BGYMH7,0.0057652066,-0.008714135,149252
20140717,11:45:00.000,BBG000H9G7X2,-0.013266294,-0.01666046,687588
20140717,11:45:00.000,BBG000BRZJR8,-0.007132775,-0.018155323,606792
20140717,11:45:00.000,BBG000BJDPC2,-0.007793491,-0.010336309,371230
20140717,11:45:00.000,BBG000BDY3Y7,0.0035279253,0.003999806,1029492
20140717,11:45:00.000,BBG000BPNP00,0.004935944,-0.005359302,593019
20140717,11:45:00.000,BBG000BBB3K1,0.007277227,0.006966233,1239774
20140717,11:45:00.000,BBG000BFV115,-0.00021492386,-0.007985916,437482
20140717,11:45:00.000,BBG000CXD6X9,-0.008006983,-0.0079061035,714565
20140717,11:45:00.000,BBG000QN4GY3,-0.014977512,-0.02234919,952878
20140717,11:45:00.000,BBG000BWCKB6,-0.0058615515,-0.0063033514,938316
20140717,11:45:00.000,BBG000BKXFN7,-0.0043763267,-0.017393118,641252
20140717,11:45:00.000,BBG000F9KJN4,0.005411313,0.00047445804,666662
20140717,11:45:00.000,BBG000BQV1S2,0.001621078,-0.0118134655,253605
20140717,11:45:00.000,BBG000BTQR96,0.0010692804,-0.009390879,368212
20140717,11:45:00.000,BBG000F6ZWH2,0.0007247366,-0.0054474487,377892
20140717,11:45:00.000,BBG000BMZ7P7,0.0064469036,0.004098923,458650
20140717,11:45:00.000,BBG000BB29X4,0.0015853131,-0.003084771,227481
20140717,11:45:00.000,BBG000BBCDZ2,-0.0060691936,-0.012089357,189794
20140717,11:45:00.000,BBG000C6F3T8,0.018096408,0.005911338,11804553
20140717,11:45:00.000,BBG000BFVXX0,0.0013581109,-0.0019862505,394493
20140717,11:45:00.000,BBG000G6BN50,0.002660772,-0.009300403,110854
20140717,11:45:00.000,BBG000BRXP69,0.0033008119,0.0012152643,204324
20140717,11:45:00.000,BBG000BPMH90,0.015935976,0.0078059323,1001595
20140717,11:45:00.000,BBG000D9DMK0,0.00091782457,0.0041821287,613296
20140717,11:45:00.000,BBG000D14WM3,0.0078075565,-0.0019085238,4879535
20140717,11:45:00.000,BBG000PVRDL2,0.008231146,0.02289767,2195297
20140717,11:45:00.000,BBG000BSC0K9,0.0001487355,-0.002290764,417370
20140717,11:45:00.000,BBG000R0L5J4,0.011126329,0.0047889543,712213
20140717,11:45:00.000,BBG000JH6683,0.0017629855,-0.013027733,481542
20140717,11:45:00.000,BBG000BG14P4,0.007560128,-0.008889175,575063
20140717,11:45:00.000,BBG000D9KWL9,0.011912138,0.0023723382,396719
20140717,11:45:00.000,BBG000BKWSR6,-0.011519775,-0.019740036,3795696
20140717,11:45:00.000,BBG000BC9938,0.0106152985,0.005955839,491196
20140717,11:45:00.000,BBG000BB1TH9,-0.0025593392,-0.007977554,241878
20140717,11:45:00.000,BBG000BJ49H3,-0.0017784024,-0.00429687,678231
20140717,11:45:00.000,BBG000BFS7D3,0.0009821235,-0.002375398,225577
20140717,11:45:00.000,BBG000BN9WT5,0.0009704042,-0.009120552,294729
20140717,11:45:00.000,BBG000BKR1D6,0.0040686177,-0.0014903918,623879
20140717,11:45:00.000,BBG000BFRF55,0.011559302,-0.0044544376,2183813
20140717,11:45:00.000,BBG000BKTT89,-0.0007652122,-0.012950557,233258
20140717,11:45:00.000,BBG000BQ8KV2,0.0015893397,-0.011285985,453907
20140717,11:45:00.000,BBG000BQVWZ6,-0.0046528643,-0.017197572,2791036
20140717,11:45:00.000,BBG000BHKYH4,-0.00029637315,-0.0025777405,227897
20140717,11:45:00.000,BBG000BS7KS3,-0.0050256187,-0.0040032873,141196
20140717,11:45:00.000,BBG000CGT2S4,-0.033324752,-0.041846946,3503042
20140717,11:45:00.000,BBG000F7RCJ1,-0.001343054,-0.00929243,197860
20140717,11:45:00.000,BBG000BMTFR4,-0.0029535827,-0.0012821079,546817
20140717,11:45:00.000,BBG000TJM7F0,-0.0025859168,-0.00084286585,408136
20140717,11:45:00.000,BBG000BMKDM3,0.0025857883,-0.0016661288,423701
20140717,11:45:00.000,BBG000FLZN98,0.0038747948,-0.008123875,273407
20140717,11:45:00.000,BBG000BKLH74,0.0026484178,0.0021378882,1633441
20140717,11:45:00.000,BBG000BCTQ65,-0.0016676858,-0.0063062073,540036
20140717,11:45:00.000,BBG000D1QCF1,-0.0068293433,-0.012953643,340957
20140717,11:45:00.000,BBG000BSXQV7,0.04038703,0.03647098,723374
20140717,11:45:00.000,BBG000BG09F5,-0.01304807,-0.020054283,340763
20140717,11:45:00.000,BBG000FLPRH1,-0.012385397,-0.014225135,285163
20140717,11:45:00.000,BBG000PV2L86,-0.0022092827,-0.0088982405,140459
20140717,11:45:00.000,BBG000BGYWY6,0.0008462312,-0.0060096835,215576
20140717,11:45:00.000,BBG000C060M4,0.0045439242,-0.0014599023,156187
20140717,11:45:00.000,BBG000BDXGP9,-0.004644153,-0.0093930485,1174507
20140717,11:45:00.000,BBG000BGD7W6,-0.0023996818,-0.00618107,648484
20140717,11:45:00.000,BBG000BP8Z50,-0.0027544089,-0.004797349,277543
20140717,11:45:00.000,BBG000HW5GX3,0.0014507635,-0.006920256,693319
20140717,11:45:00.000,BBG000C4ZZ10,-0.0044708545,-0.009869306,170973
20140717,11:45:00.000,BBG000BNNYW1,-0.056527916,-0.05868017,7303846
20140717,11:45:00.000,BBG000BR37X2,0.001484727,0.0008186248,1160913
20140717,11:45:00.000,BBG000BLW530,-0.0022143908,-0.006710417,340250
20140717,11:45:00.000,BBG000BF1R66,-0.00035617664,-0.0016508296,129828
20140717,11:45:00.000,BBG000BKNX95,-0.0027453382,-0.0071444293,724926
20140717,11:45:00.000,BBG000BWP7D9,0.0029948156,-0.0030994408,371602
20140717,11:45:00.000,BBG000BBMSJ6,0.004627646,-0.0065855775,356641
20140717,11:45:00.000,BBG000DN7P92,0.005444517,0.0024916197,448240
20140717,11:45:00.000,BBG000BCZYD3,-0.0044901855,-0.0056721345,116748
20140717,11:45:00.000,BBG000CVWGS6,-0.003488495,-0.005648962,1777796
20140717,11:45:00.000,BBG000BLHRS2,0.0016662857,-0.0016241985,471969
20140717,11:45:00.000,BBG000BY2Y78,0.0022418455,-0.0047084205,343359
20140717,11:45:00.000,BBG000BK6G19,0.046403766,0.037735328,2623953
20140717,11:45:00.000,BBG002S5ZRF9,0.018795311,0.00871524,269185
20140717,11:45:00.000,BBG000BNC3Y9,0.0043143765,-0.00456869,300696
20140717,11:45:00.000,BBG000BTCH57,-0.00036394186,-0.011350496,355489
20140717,11:45:00.000,BBG000BB03M1,0.006718068,0.0018152272,543937
20140717,11:45:00.000,BBG000BN84F3,0.00040868347,0.0027637032,400883
20140717,11:45:00.000,BBG000BB5BF6,0.008277225,-0.0006011766,690068
20140717,11:45:00.000,BBG000FDBX90,0.0072867316,0.0028087834,1000552
20140717,11:45:00.000,BBG000RGM5P1,0.010660187,0.0027795604,367848
20140717,11:45:00.000,BBG000BB5373,0.00026318766,-0.0062622325,1607126
20140717,11:45:00.000,BBG000BFDLV8,0.003761545,0.00046257066,541995
20140717,11:45:00.000,BBG000BGRKT6,0.002841869,0.001771565,145043
20140717,11:45:00.000,BBG000BTVJ25,-0.0058298004,-0.011867502,634221
20140717,11:45:00.000,BBG000BVMPN3,-0.0028924982,-0.008730207,464445
20140717,11:45:00.000,BBG000C2ZCH8,0.0039824257,-0.00019578569,199264
20140717,11:45:00.000,BBG0014GJCT9,0.0011223557,-0.0021268884,389022
20140717,11:45:00.000,BBG000C11MQ5,-0.006125654,-0.015056564,324810
20140717,11:45:00.000,BBG003P9ZSL3,0.0011131162,0.002962735,261626
20140717,11:45:00.000,BBG000BX5ZF5,-0.0013711923,-0.007785165,2009589
20140717,11:45:00.000,BBG000C2V3D6,-0.010544881,-0.016764807,2120392
20140717,11:45:00.000,BBG000BQVTF5,-0.0012323741,-0.0076330486,325784
20140717,11:45:00.000,BBG000D2M0Z7,-0.0019253419,-0.006990716,147302
20140717,11:45:00.000,BBG000CHPY97,-0.014694939,-0.022753175,2040297
20140717,11:45:00.000,BBG000N746D6,0.0099322405,-0.0014209031,841824
20140717,11:45:00.000,BBG000M1R011,0.012408063,0.0064816885,426881
20140717,11:45:00.000,BBG000BHLYP4,0.004035122,-0.0028232853,236747
20140717,11:45:00.000,BBG000BB6G37,0.00278876,-0.0075454707,299232
20140717,11:45:00.000,BBG000BR14K5,-0.0015682551,-0.0033445533,243857
20140717,11:45:00.000,BBG000PX3XC0,-0.0015747908,-0.011310979,1412047
20140717,11:45:00.000,BBG000J1QLT0,-0.007218893,-0.0056740213,314680
20140717,11:45:00.000,BBG0039320N9,-0.008953089,-0.0110379215,978121
20140717,11:45:00.000,BBG000BC4JJ4,-0.001239859,-0.0038516142,255999
20140717,11:45:00.000,BBG000BM7HL0,0.0015521613,-0.0009028196,567161
20140717,11:45:00.000,BBG000BP1Q11,-0.0059387935,-0.0077460115,277976
20140717,11:45:00.000,BBG000BF6LY3,-0.002183666,-0.0125214765,638125
20140717,11:45:00.000,BBG000BF5RY1,0.0045034103,0.0056732665,960745
20140717,11:45:00.000,BBG000BFTJ91,-0.005847501,-0.005120057,575083
20140717,11:45:00.000,BBG000BR54L0,0.010946632,-0.01202097,2437521
20140717,11:45:00.000,BBG000J5Q6L2,0.008076946,0.0012280556,1748755
20140717,11:45:00.000,BBG000BCWCG1,-0.026064081,-0.036500115,1383687
20140717,11:45:00.000,BBG000TWC2V5,-0.002502697,-0.007581162,229934
20140717,11:45:00.000,BBG000BCYP43,-0.0059046745,-0.0075957053,135292
20140717,11:45:00.000,BBG000C221G9,-0.0021615927,-0.015088472,524866
20140717,11:45:00.000,BBG000BZTW70,0.0015838016,-0.012041839,1515038
20140717,11:45:00.000,BBG000BKZTP3,-0.0020522662,-0.004501646,800754
20140717,11:45:00.000,BBG000R8ZVD1,0.007959009,0.0032804583,1371356
20140717,11:45:00.000,BBG000CKVSG8,-0.007149157,-0.016425762,608360
20140717,11:45:00.000,BBG000DNTSP4,0.0018146833,-0.0051539517,1154738
20140717,11:45:00.000,BBG000BP4MH0,0.0007086682,-0.0028819707,404633
20140717,11:45:00.000,BBG000BR3KL6,0.00025211798,-0.011677241,231671
20140717,11:45:00.000,BBG000BJQWD2,0.0044935867,-0.0021157188,412433
20140717,11:45:00.000,BBG000G0Z878,-0.0031037545,-0.008229264,601990
20140717,11:45:00.000,BBG000D7RKJ5,0.0038686052,-0.0006160542,647955
20140717,11:45:00.000,BBG000G9CGL0,0.0017337783,-0.005470762,270411
20140717,11:45:00.000,BBG000DTMH63,0.009275462,-0.004233952,1541478
20140717,11:45:00.000,BBG0029BK2G7,-0.007943355,-0.013361673,316082
20140717,11:45:00.000,BBG000G3QLY3,0.005477291,-0.0016366487,207828
20140717,11:45:00.000,BBG000BP0KQ8,0.009422911,0.007272946,1395333
20140717,11:45:00.000,BBG001NVJ6W4,-0.023232233,-0.03438499,1860718
20140717,11:45:00.000,BBG000BSBZH7,0.003232664,0.0041836095,2014285
20140717,11:45:00.000,BBG000BHGCD1,0.0012045433,-0.0063574365,226085
20140717,11:45:00.000,BBG000BL9JQ1,-0.0033886142,-0.011089685,504958
20140717,11:45:00.000,BBG000BH5DV1,-0.004441893,-0.0047829514,267550
20140717,11:45:00.000,BBG000QW7VC1,0.012238347,0.015165759,3019544
20140717,11:45:00.000,BBG000DQTXY6,-0.004442208,-0.027940022,1966012
20140717,11:45:00.000,BBG000QY3XZ2,0.00052862166,-0.009260441,349626
20140717,11:45:00.000,BBG000BBBNC6,0.014967358,0.010777392,787683
20140717,11:45:00.000,BBG000F15NW9,0.0002910108,-0.0017736431,650512
20140717,11:45:00.000,BBG000BNNKG9,-0.0014220001,-0.014048292,905827
20140717,11:45:00.000,BBG000BFXHL6,-0.005882107,-0.0076364437,586949
20140717,11:45:00.000,BBG000BRRG02,0.002826318,0.0014503849,420948
20140717,11:45:00.000,BBG000BHLYS1,0.0007571609,-0.0051178117,422848
20140717,11:45:00.000,BBG000CGQ6M4,-0.0038633326,-0.004610025,236076
20140717,11:45:00.000,BBG000C1S2X2,0.0017417744,-0.00810858,407185
20140717,11:45:00.000,BBG000C7LMS8,-0.0032219554,-0.00827543,23759
20140717,11:45:00.000,BBG000MDCQC2,-0.0014806237,0.0017824364,432868
20140717,11:45:00.000,BBG000JG0547,0.0006167352,-0.004783511,262187
20140717,11:45:00.000,BBG000CJZ2W6,0.01769551,0.007591251,736895
20140717,11:45:00.000,BBG0020B4JG7,-0.0016153416,-0.009398847,1405354
20140717,11:45:00.000,BBG000BNFLM9,-0.0059818053,-0.0044972524,320161
20140717,11:45:00.000,BBG000BCBCM7,0.002367441,-0.008039389,2026483
20140717,11:45:00.000,BBG000CS7CT9,0.0062229685,-1.2032567e-07,737192
20140717,11:45:00.000,BBG000MZFMS2,0.00264227,-0.0051905494,341272
20140717,11:45:00.000,BBG000BKQ3V3,0.004059478,-0.0091531165,771910
20140717,11:45:00.000,BBG000BLCPY4,-0.004147089,-0.016261637,189760
20140717,11:45:00.000,BBG000BC15S7,0.0012256415,-0.00078109646,268560
20140717,11:45:00.000,BBG000FKJRC5,0.0018913425,-0.002794801,364818
20140717,11:45:00.000,BBG000BRJ809,0.0067389435,0.0053731957,259400
20140717,11:45:00.000,BBG000C2PW58,-0.0035350707,-0.010780071,232444
20140717,11:45:00.000,BBG000BCVMH9,0.028634384,0.029097898,1027283
20140717,11:45:00.000,BBG000BQ2C28,0.007480101,0.0030001875,271264
20140717,11:45:00.000,BBG000BBJQV0,0.013953769,-1.9229022e-07,2259717
20140717,11:45:00.000,BBG000G2R6M0,0.008939258,0.021171456,1631587
20140717,11:45:00.000,BBG000BTKGG8,-0.012729766,-0.02429065,1449528
20140717,11:45:00.000,BBG000BMQPL1,-0.029896636,-0.038773336,10084639
20140717,11:45:00.000,BBG000BMF5J0,-0.00085495395,-0.012651092,3008327
20140717,11:45:00.000,BBG000BB6WG8,0.0027666814,-0.003977918,915268
20140717,11:45:00.000,BBG000BM6788,0.0008152102,-0.012479033,700559
20140717,11:45:00.000,BBG000FVXD63,-0.010982963,-0.01799731,1349977
20140717,11:45:00.000,BBG000C3HSR0,0.008986652,-0.00021303102,1098120
20140717,11:45:00.000,BBG000BN5HF7,-0.012565717,-0.024450382,862990
20140717,11:45:00.000,BBG001QD41M9,-0.00026177298,-0.0076751253,434266
20140717,11:45:00.000,BBG000CXYSZ6,0.0051544616,0.0042854287,236268
20140717,11:45:00.000,BBG000BVMGF2,0.0040729,0.0013755687,663577
20140717,11:45:00.000,BBG0019JZ882,0.0051386952,-0.003521445,4685711
20140717,11:45:00.000,BBG000BKPL53,-0.008778721,-0.009928097,220421
20140717,11:45:00.000,BBG000PYZSR8,-0.016116533,-0.012837581,635283
20140717,11:45:00.000,BBG000F0KF42,-0.0072668763,-0.015088009,955692
20140717,11:45:00.000,BBG000FW00S1,-0.017467145,-0.02711861,2604996
20140717,11:45:00.000,BBG000BYYLS8,-0.014177268,-0.022465764,2210956
20140717,11:45:00.000,BBG000BB6M98,-0.0007587261,-0.004034285,884015
20140717,11:45:00.000,BBG000D8RG11,-0.011332424,-0.019461723,2385957
20140717,11:45:00.000,BBG000CHWP52,0.021041015,0.023291994,1780698
20140717,11:45:00.000,BBG000D6L294,4.7415026e-05,-0.008637472,379378
20140717,11:45:00.000,BBG000C3Y7J6,0.00044611286,-0.0021795267,211031
20140717,11:45:00.000,BBG000BM5SR2,-0.0040278113,-0.012379117,1629329
20140717,11:45:00.000,BBG000BS0ZF1,-0.0024865423,-0.0031957105,167017
20140717,11:45:00.000,BBG000C0F570,0.002439508,-0.008056217,704130
20140717,11:45:00.000,BBG000C90DH9,-0.00928254,-0.0067411303,1613835
20140717,11:45:00.000,BBG000BVWLJ6,0.0010305872,-0.005941934,673764
20140717,11:45:00.000,BBG000BRK7L6,0.0009927927,-0.0072068665,1249519
20140717,11:45:00.000,BBG000BZ2GG4,0.00096841133,-0.008908268,401793
20140717,11:45:00.000,BBG000BVL2G3,-0.0005417379,-0.008715059,379178
20140717,11:45:00.000,BBG000C2YHG9,-0.009466844,-0.008321257,305944
20140717,11:45:00.000,BBG001BPFT54,0.010638865,-0.005396989,1067007
20140717,11:45:00.000,BBG000BH2JM1,0.0063845604,0.0061126878,1420569
20140717,11:45:00.000,BBG000BPVCR1,0.0050516617,0.0003692942,282498
20140717,11:45:00.000,BBG002BHBHM1,3.9170727e-06,-0.0026620608,460343
20140717,11:45:00.000,BBG000Q3JN03,-0.015252968,-0.027293932,9563242
20140717,11:45:00.000,BBG000BPT0C6,-0.010395438,-0.016943578,835387
20140717,11:45:00.000,BBG000BQWPC5,-0.0013096104,-0.008425048,566964
20140717,11:45:00.000,BBG000BQ5DS5,-0.002036334,-0.0027553954,424042
20140717,11:45:00.000,BBG000DY8ZS4,0.0049696187,-0.0074283658,3292409
20140717,11:45:00.000,BBG000R8L7J3,-0.0029022207,-0.009430644,3761285
20140717,11:45:00.000,BBG000BS9489,-0.0046579554,-0.001891163,624585
20140717,11:45:00.000,BBG000D898T9,0.002765366,0.00056342024,396505
20140717,11:45:00.000,BBG000BFL116,0.0055456525,-0.011110062,949725
20140717,11:45:00.000,BBG001YMS0B8,-0.0077951946,-0.01200258,655001
20140717,11:45:00.000,BBG000QBR5J5,0.005976638,0.0014057109,957499
20140717,11:45:00.000,BBG000BHC2S1,-0.004585266,-0.010067966,600664
20140717,11:45:00.000,BBG000BX3TD3,0.0069987364,-0.0074477564,2266040
20140717,11:45:00.000,BBG000C1FQS9,-0.0065038917,-0.01109787,519960
20140717,11:45:00.000,BBG000BLKK03,0.013836725,0.04061252,702401
20140717,11:45:00.000,BBG000BKCFC2,0.0014384774,-0.0030140418,797885
20140717,11:45:00.000,BBG000C4DPX1,0.0029904642,-0.009844658,584232
20140717,11:45:00.000,BBG000BHZ5J9,-0.016437802,-0.022327883,677077
20140717,11:45:00.000,BBG000KLB4Q1,-0.009922507,-0.021868814,1512778
20140717,11:45:00.000,BBG000BMBL90,-0.008012713,-0.014372752,815502
20140717,11:45:00.000,BBG000C2BXK4,0.0015558286,-0.008217357,3032734
20140717,11:45:00.000,BBG000H0QBS7,-0.0017529329,-0.0035978795,1907072
20140717,11:45:00.000,BBG000BQZMH4,0.00024678645,-0.0055782055,1459543
20140717,11:45:00.000,BBG000BLBXT4,-0.0018477583,-0.00903961,472404
20140717,11:45:00.000,BBG000BJ2VQ6,0.004917361,-0.008483345,726935
20140717,11:45:00.000,BBG000BMY992,0.0025321466,-0.0032425716,655500
20140717,11:45:00.000,BBG000BXM6V2,0.006787255,0.0005236876,579663
20140717,11:45:00.000,BBG000BWSV34,-0.0039952993,-0.012802176,430194
20140717,11:45:00.000,BBG000BKFBD7,0.0025929112,-0.003817608,467249
20140717,11:45:00.000,BBG000FP1N32,-0.00022694936,-0.007877496,901388
20140717,11:45:00.000,BBG000BT4T69,0.008370953,-0.000318436,536624
20140717,11:45:00.000,BBG000BFMBQ6,-0.013728847,0.013145049,1480696
20140717,11:45:00.000,BBG000C0HQ54,-0.0018607317,-0.0078636585,275474
20140717,11:45:00.000,BBG000C0LW92,-0.013931039,-0.01710081,2152346
20140717,11:45:00.000,BBG000BVPPM1,-0.0029898419,-0.010421047,669495
20140717,11:45:00.000,BBG000BMW2Z0,-0.004823382,-0.008842219,351442
20140717,11:45:00.000,BBG000BPWXK1,-0.0024368146,0.010315232,2411700
20140717,11:45:00.000,BBG000GC80B4,-0.0028351876,-0.00612906,3064655
20140717,11:45:00.000,BBG000BXWBN9,0.0012299924,-0.00023302557,1173769
20140717,11:45:00.000,BBG000BY33P5,0.0012333217,0.00083816954,2683337
20140717,11:45:00.000,BBG000R7RDB4,0.0013845564,-0.006494974,365923
20140717,11:45:00.000,BBG000MBDGM6,-0.003454755,-0.0068584117,75688
20140717,11:45:00.000,BBG000BGLRN3,-0.00061411166,-0.004310857,433120
20140717,11:45:00.000,BBG000BWJFZ4,0.011858506,0.010804081,359373
20140717,11:45:00.000,BBG000BGVW60,0.0025878584,-0.003225118,314946
20140717,11:45:00.000,BBG000BNJHS8,-0.00049749756,-0.013911298,1943263
20140717,11:45:00.000,BBG000DKCC19,0.0001617264,-0.005862095,631198
20140717,11:45:00.000,BBG000BXMFC3,0.039164297,0.030150263,1826871
20140717,11:45:00.000,BBG000BSD7C2,0.004435431,0.0012681857,322913
20140717,11:45:00.000,BBG000BSLZY7,-0.007842233,-0.017050495,1982711
20140717,11:45:00.000,BBG000BMDV41,-0.00022966706,-0.006945365,1277647
20140717,11:45:00.000,BBG001C7TST4,0.0020545102,-0.004297875,663617
20140717,11:45:00.000,BBG000BRJL00,0.0012805788,-0.00445717,567692
20140717,11:45:00.000,BBG000BRD0D8,-0.0043352256,-0.015614399,1567172
20140717,11:45:00.000,BBG000BND699,-0.005159767,-0.019168552,1070497
20140717,11:45:00.000,BBG000BB9KF2,-0.0009634726,-0.005349498,526325
20140717,11:45:00.000,BBG000C1BW00,0.012698904,0.008171134,511671
20140717,11:45:00.000,BBG000BTZQC4,-0.001659603,-0.0022314105,1149594
20140717,11:45:00.000,BBG000BWNFZ9,-0.013581517,-0.021338305,1167647
20140717,11:45:00.000,BBG000BJ98Z0,-0.0010656537,-0.009118678,411232
20140717,11:45:00.000,BBG000CNFQW6,-0.007969014,-0.01483954,335598
20140717,11:45:00.000,BBG000BGPTV6,0.0015234787,-0.0062253787,275893
20140717,11:45:00.000,BBG000BB07P9,-0.001985576,0.008997317,4403570
20140717,11:45:00.000,BBG000C1FB75,0.009672598,0.004924347,468960
20140717,11:45:00.000,BBG001M8HHB7,0.01946521,0.008534452,353649
20140717,11:45:00.000,BBG000DHSPT0,0.007399652,0.010817248,1454330
20140717,11:45:00.000,BBG000FQ6PY6,0.0042200703,0.0024443557,824620
20140717,11:45:00.000,BBG000BBDV81,0.0023451631,-0.0034407165,1251424
20140717,11:45:00.000,BBG000VC0T95,-0.012345418,-0.018361334,709029
20140717,11:45:00.000,BBG000BKFZM4,0.0027741757,-0.004125375,1542047
20140717,11:45:00.000,BBG000D13GN8,-0.016131246,-0.026708819,473921
20140717,11:45:00.000,BBG000C0MF34,-0.006792055,-0.0026578577,243215
20140717,11:45:00.000,BBG000BFNR17,0.018952236,0.012429534,604350
20140717,11:45:00.000,BBG000BK67C7,0.00096293195,-0.0034469485,224743
20140717,11:45:00.000,BBG000FJLFX8,0.003983676,0.028060595,1303843
20140717,11:45:00.000,BBG000BH5LT6,-0.0040785368,-0.018895445,2088627
20140717,11:45:00.000,BBG000BD8PN9,0.0056150113,-0.0013119862,1312923
20140717,11:45:00.000,BBG000BH3GZ2,-0.057135057,-0.06977878,6534533
20140717,11:45:00.000,BBG000BB5006,-0.0048082904,-0.008290063,578592
20140717,11:45:00.000,BBG000BTR593,-0.028250834,-0.033191085,2984832
20140717,11:45:00.000,BBG000BRWGG9,-0.0012310747,-0.00846887,9010923
20140717,11:45:00.000,BBG000BJ3PD2,-0.0020775255,-0.009566224,544743
20140717,11:45:00.000,BBG000CSY9H9,0.014756909,0.007311493,1723380
20140717,11:45:00.000,BBG000FNRZ69,-0.009919003,-0.013700828,1747656
20140717,11:45:00.000,BBG000C734W3,-0.004796734,-0.014308822,253649
20140717,11:45:00.000,BBG000BCGY17,0.0034644434,0.0031640427,1584226
20140717,11:45:00.000,BBG000BCVJ77,0.0038911714,0.0031991825,900766
20140717,11:45:00.000,BBG000C46HM9,0.0027203083,-0.0010510881,854871
20140717,11:45:00.000,BBG000BJPDZ1,0.0055287634,0.0024717657,204486
20140717,11:45:00.000,BBG000BJL3N0,-0.037975453,-0.04734316,10047257
20140717,11:45:00.000,BBG000BGJRC8,-0.0024354723,-0.0032078363,2611769
20140717,11:45:00.000,BBG000BBD070,0.0075076623,-0.0011083974,863713
20140717,11:45:00.000,BBG000BFQYY3,-6.460984e-05,-0.004896591,737712
20140717,11:45:00.000,BBG000BPQD31,0.0029373595,-0.0024222028,1379482
20140717,11:45:00.000,BBG000BJ81C1,-0.0007823173,-0.00287657,311708
20140717,11:45:00.000,BBG000B9WH86,0.0044296477,-0.010250188,9264107
20140717,11:45:00.000,BBG000D42FJ0,0.016777342,0.004807776,874258
20140717,11:45:00.000,BBG000BHX7N2,-0.0021206613,-0.011034583,1125518
20140717,11:45:00.000,BBG000BH3JF8,-0.028030796,-0.046138335,4786081
20140717,11:45:00.000,BBG000JWD753,-0.0008021441,-0.01054323,5366987
20140717,11:45:00.000,BBG000BHGDH5,0.0046310103,-0.00013760975,843335
20140717,11:45:00.000,BBG0014GG205,0.0014691311,-0.0116739655,2004146
20140717,11:45:00.000,BBG000G30YX4,0.0039468063,-0.005637498,406819
20140717,11:45:00.000,BBG000BCG930,-0.0021321236,0.024110056,1846763
20140717,11:45:00.000,BBG000BWVCP8,0.0010760494,-0.0065086395,1341236
20140717,11:45:00.000,BBG000C3GN47,-0.022078564,-0.02767799,2531500
20140717,11:45:00.000,BBG000BT9DW0,-0.00011909613,-0.004690305,1285428
20140717,11:45:00.000,BBG000BV8DN6,-0.0026598054,-0.0034231066,2040852
20140717,11:45:00.000,BBG0029SNR63,0.02123039,0.020158885,3042538
20140717,11:45:00.000,BBG000HCJMF9,0.0030839392,-0.005228638,528604
20140717,11:45:00.000,BBG000D9D830,0.0025259815,-0.00018933116,761827
20140717,11:45:00.000,BBG000F6H8W8,-0.0038713813,-0.008867696,453205
20140717,11:45:00.000,BBG000B9ZXB4,0.02435011,0.021439694,2850327
20140717,11:45:00.000,BBG000BVDLH9,0.014076806,0.008388339,1224355
20140717,11:45:00.000,BBG000BBVJZ8,-0.005951471,-0.013993323,1285905
20140717,11:45:00.000,BBG000BWXBC2,0.0014545404,-0.0034480756,1083958
20140717,11:45:00.000,BBG000WCFV84,0.0018231834,0.0014583652,822693
20140717,11:45:00.000,BBG000BFDXW1,0.0045499355,-0.007556774,1341554
20140717,11:45:00.000,BBG000DYGNW7,0.0066519673,0.007987881,260561
20140717,11:45:00.000,BBG000BNBDC2,-0.0010586209,-0.0047767046,781486
20140717,11:45:00.000,BBG000BJSBJ0,0.0005624808,-0.004711872,341457
20140717,11:45:00.000,BBG000BJF1Z8,0.0018900858,-0.006155084,831522
20140717,11:45:00.000,BBG000BY29C7,0.009420726,0.007994433,2302136
20140717,11:45:00.000,BBG000BH13K9,0.0022106075,0.00030790598,1415218
20140717,11:45:00.000,BBG000BH1NH9,-0.007700204,-0.014422348,1226141
20140717,11:45:00.000,BBG000BLZRJ2,0.008215378,1.5267396e-07,8797128
20140717,11:45:00.000,BBG000BVV7G1,-0.0028676677,-0.014272048,1505954
20140717,11:45:00.000,BBG000BL4504,-0.017455151,-0.028381342,3414247
20140717,11:45:00.000,BBG000BB6KF5,0.004366766,-0.0034849974,1274862
20140717,11:45:00.000,BBG000DSMS70,0.008333498,-0.0009933816,301779
20140717,11:45:00.000,BBG000C8H633,-0.0017977122,-0.008943072,1506830
20140717,11:45:00.000,BBG001DCCGR8,-0.0009094329,-0.009180672,1052898
20140717,11:45:00.000,BBG000QX74T1,0.003968224,-0.010329914,194423
20140717,11:45:00.000,BBG000M65M61,-0.00024896525,-0.016706249,2550445
20140717,11:45:00.000,BBG000F80SZ5,0.019993188,0.011942227,6003329
20140717,11:45:00.000,BBG000C5HS04,-0.0034002282,-0.0063066753,1832623
20140717,11:45:00.000,BBG000H556T9,-0.0010500315,-0.0052905623,1195591
20140717,11:45:00.000,BBG000NV1KK7,-0.011727919,-0.014578001,1763064
20140717,11:45:00.000,BBG000L9CV04,-0.0038698902,-0.013680736,842695
20140717,11:45:00.000,BBG000BXRPH1,0.009008982,0.00031009628,402058
20140717,11:45:00.000,BBG000BNDN65,0.0024399462,-0.0046156896,1739903
20140717,11:45:00.000,BBG000BGKTF9,-0.0065722167,-0.01214933,1020025
20140717,11:45:00.000,BBG00286S4N9,-0.0031258436,-0.0095211305,817949
20140717,11:45:00.000,BBG000H89QJ6,-0.008632033,-0.0060615195,592773
20140717,11:45:00.000,BBG000BNWG87,-0.008876382,-0.010806945,3006346
20140717,11:45:00.000,BBG000BJX8C8,0.0022424683,-0.008083849,1102366
20140717,11:45:00.000,BBG000BD4VG8,-0.012420566,-0.024330081,1956058
20140717,11:45:00.000,BBG000D4LWF6,-0.0010492756,-0.0034087223,2497123
20140717,11:45:00.000,BBG000FL1TC8,-0.01080726,-0.0066785957,790097
20140717,11:45:00.000,BBG000FFDM15,-0.004630422,-0.012228044,4343959
20140717,11:45:00.000,BBG000BBPFB9,0.0038576978,0.0048145666,4780522
20140717,11:45:00.000,BBG000BN2DC2,-0.0014876222,-0.004912524,992902
20140717,11:45:00.000,BBG000BCQZS4,-0.0022818486,-0.0076218587,869523
20140717,11:45:00.000,BBG000CPQZ77,0.007738683,0.00068602496,2976594
20140717,11:45:00.000,BBG000BP52R2,0.0048497263,-0.014096582,1064352
20140717,11:45:00.000,BBG000J6XT05,-0.012643697,-0.018521117,2888240
20140717,11:45:00.000,BBG000BJDB15,-0.016494354,-0.0059227813,2745777
20140717,11:45:00.000,BBG000LD9JQ8,-0.0073398724,-0.015676362,921197
20140717,11:45:00.000,BBG000FG3C43,-0.11453714,-0.122478284,15852194
20140717,11:45:00.000,BBG000BC2C10,0.011666925,0.004105812,1453228
20140717,11:45:00.000,BBG000BGRY34,0.004223973,-0.002280086,667831
20140717,11:45:00.000,BBG000CTQBF3,0.003107292,-0.008891621,1439573
20140717,11:45:00.000,BBG000H8TVT2,-0.0042512636,-0.009310479,1517802
20140717,11:45:00.000,BBG0025Y4RY4,-0.0044126906,-0.009879968,4423703
20140717,11:45:00.000,BBG000F1ZSQ2,-0.008109169,-0.0143688675,1684187
20140717,11:45:00.000,BBG000CH5208,0.015785359,0.034513645,2845339
20140717,11:45:00.000,BBG000KHWT55,-0.0033002584,-0.009478508,3631233
20140717,11:45:00.000,BBG000BFWKC0,0.0017957117,-0.0014973016,987273
20140717,11:45:00.000,BBG000BP6LJ8,-0.0021575373,-0.00071735267,1955756
20140717,11:45:00.000,BBG000BW8S60,-0.0012833868,-0.0073029604,1605054
20140717,11:45:00.000,BBG000BWLMJ4,0.0038538922,-0.005671566,1397201
20140717,11:45:00.000,BBG000Q2HM09,0.0031286143,-0.008455634,1238302
20140717,11:45:00.000,BBG000BW3299,-0.0034711815,-0.0036858844,687229
20140717,11:45:00.000,BBG000BC40Y8,-0.015027861,-0.02230612,2089454
20140717,11:45:00.000,BBG000BBS2Y0,-0.0049232063,-0.010364121,825258
20140717,11:45:00.000,BBG000DWG505,-0.00021568217,-0.0040997397,638022
20140717,11:45:00.000,BBG000BQQ2S6,8.3590516e-05,-0.0076188804,962449
20140717,11:45:00.000,BBG000BZ9223,0.0036556702,-0.004183637,945547
20140717,11:45:00.000,BBG000DH7JK6,-0.0011287187,-0.0006633574,754555
20140717,11:45:00.000,BBG000BHVJJ3,0.0032599852,-0.0044453056,4155031
20140717,11:45:00.000,BBG000J2XL74,0.012444809,0.014173954,2535282
20140717,11:45:00.000,BBG000C17X76,0.012180466,0.004066512,779339
20140717,11:45:00.000,BBG000BHBK84,0.0028790305,-0.005187046,1401553
20140717,11:45:00.000,BBG000Q9HH23,0.0073580337,-0.00076096517,619228
20140717,11:45:00.000,BBG000F0PF65,0.02981581,0.031990156,17101384
20140717,11:45:00.000,BBG000BF0K17,-0.002888271,-0.008220596,1193110
20140717,11:45:00.000,BBG000C15T95,-0.00343109,-0.00091015483,2425418
20140717,11:45:00.000,BBG000NDYB67,-0.0004912073,-0.005070549,4703993
20140717,11:45:00.000,BBG000DWYF03,-0.0027875865,-0.002424701,18431584
20140717,11:45:00.000,BBG000C6CFJ5,0.007665143,0.00076269615,1877602
20140717,11:45:00.000,BBG000BKTFN2,-0.0008620524,-0.012384084,2387877
20140717,11:45:00.000,BBG000BBGGQ1,-0.0063796686,-0.015780002,2373160
20140717,11:45:00.000,BBG000DLFM21,,,1141824
20140717,11:45:00.000,BBG000BBDZG3,-0.005417018,-0.0016357135,2477334
20140717,11:45:00.000,BBG000DQLV23,1.950249e-05,-0.005328434,1727158
20140717,11:45:00.000,BBG000BCSST7,-0.00015832,-0.0035716651,1607775
20140717,11:45:00.000,BBG000BQLTW7,0.007983195,0.0062104007,10652773
20140717,11:45:00.000,BBG000BQPC32,0.009574797,0.00787143,22647880
20140717,11:45:00.000,BBG000BFC8J2,-0.004070271,-0.010343168,1239011
20140717,11:45:00.000,BBG000BQQH30,-0.0030879006,-0.00913309,1844066
20140717,11:45:00.000,BBG000BMX289,-0.0031169588,-0.0019008451,2607452
20140717,11:45:00.000,BBG000BNSZP1,0.0037823552,-0.007003129,1617213
20140717,11:45:00.000,BBG005P7Q881,-0.012751763,-0.026225077,4031379
20140717,11:45:00.000,BBG000FH8PX5,,,464088
20140717,11:45:00.000,BBG000R7Z112,-0.007233777,-0.021913985,6712659
20140717,11:45:00.000,BBG000BH4R78,0.005701811,0.0018157702,2502542
20140717,11:45:00.000,BBG000BKZB36,0.0035351976,-0.0020081962,1655882
20140717,11:45:00.000,BBG000BPD168,0.0023665566,-0.0017206765,1898843
20140717,11:45:00.000,BBG000BHQ1H0,0.0074952845,0.0028348519,468599
20140717,11:45:00.000,BBG000C496P7,,,14040839
20140717,11:45:00.000,BBG000C43RR5,0.020278424,0.01617492,10329291
20140717,11:45:00.000,BBG000BT41Q8,-0.0004644077,-0.010877695,2055027
20140717,11:45:00.000,BBG000PSKYX7,-0.008301245,-0.01487316,863935
20140717,11:45:00.000,BBG000BR2TH3,0.0032202,-0.0021623115,2141282
20140717,11:45:00.000,BBG000GFFQN9,-0.004304311,-0.013615148,19155972
20140717,11:45:00.000,BBG000CGC1X8,-0.01683816,-0.016454611,4100131
20140717,11:45:00.000,BBG000BMHYD1,-0.0016269182,-0.0054801865,2834377
20140717,11:45:00.000,BBG000BFT2L4,-0.008004603,-0.0067222416,4573815
20140717,11:45:00.000,BBG000HS77T5,-0.00088095403,-0.006476285,3768222
20140717,11:45:00.000,BBG000K4ND22,0.0056791184,-0.0009165242,1483443
20140717,11:45:00.000,BBG000C3J3C9,-0.009786649,-0.0092392275,11775687
20140717,11:45:00.000,BBG000BK6MB5,0.0058314074,-0.009631056,14573024
20140717,11:45:00.000,BBG000BWQFY7,0.0064364546,-0.0042995038,7000842
20140717,11:45:00.000,BBG000BLNNH6,0.0146033205,0.0118010575,3230115
20140717,11:45:00.000,BBG000H6HNW3,-0.010506384,-0.018302947,10259724
20140717,11:45:00.000,BBG000DMBXR2,0.008538082,-0.0016187432,4956568
20140717,11:45:00.000,BBG000BSJK37,0.0028231142,-0.0035667187,5986861
20140717,11:45:00.000,BBG000FY4S11,0.004719489,-0.004817912,9352243
20140717,11:45:00.000,BBG000C5Z1S3,-0.022028165,-0.036657322,17212782
20140717,11:45:00.000,BBG000BR2B91,0.0036695355,-0.0012924265,14704257
20140717,11:45:00.000,BBG000N9MNX3,0.0065502045,0.00027575175,1980255
20140717,11:45:00.000,BBG000C0G1D1,-0.010205228,-0.021359494,36499812
20140717,11:45:00.000,BBG002W96FT9,-0.0042349854,-0.010890992,895156
20140717,11:45:00.000,BBG000BLBVN4,0.0042807134,-0.0035794606,211974
20140717,11:45:00.000,BBG000CKGBP2,0.007974934,-0.00023037606,4410134
20140717,11:45:00.000,BBG000GZQ728,0.0017316551,-0.0053971712,2085364
20140717,11:45:00.000,BBG000BVPV84,0.005006745,-0.006602309,1547710
20140717,11:45:00.000,BBG000BPH459,0.010115792,0.00884999,45124656
20140717,11:45:00.000,BBG000BCTLF6,-0.001295591,-0.013543816,41496920
20140717,11:45:00.000,BBG000BHSKN9,-0.004227251,-0.01071566,891149
20140717,11:45:00.000,BBG000CL9VN6,0.0074972,-0.0004276271,936716
20140717,11:45:00.000,BBG000MM2P62,0.002518307,-0.008573978,15978366
20140717,11:45:00.000,BBG000B9XRY4,-0.0014053613,-0.008018833,19452716
20140717,12:00:00.000,BBG000PCQQL6,0.0004070149,-0.002088685,659382
20140717,12:00:00.000,BBG000BJP882,-0.008646633,-0.009026859,269873
20140717,12:00:00.000,BBG000BMFFQ0,-0.002129423,-0.0043232036,282991
20140717,12:00:00.000,BBG000K1J931,0.014531792,-0.011783178,1192531
20140717,12:00:00.000,BBG000BQ87N0,-0.00016964058,-0.0019785147,249116
20140717,12:00:00.000,BBG000BBCQD7,0.004460422,0.0011813111,1933954
20140717,12:00:00.000,BBG000BQHGR6,0.0010927736,-0.004414321,251648
20140717,12:00:00.000,BBG000C75N77,-0.008526085,-0.020045377,635515
20140717,12:00:00.000,BBG000BJ8YN7,0.0021805663,-0.0037346545,824446
20140717,12:00:00.000,BBG000BLXZN1,0.013524929,0.008448547,1058174
20140717,12:00:00.000,BBG000BV4XJ1,0.008304608,-0.0036396955,150910
20140717,12:00:00.000,BBG000QKPTS5,0.012313097,0.003454252,377335
20140717,12:00:00.000,BBG000BV75B7,-0.0034837676,-0.009839477,188567
20140717,12:00:00.000,BBG000CB8Q50,-0.008509059,-0.007526991,325285
20140717,12:00:00.000,BBG000BNPSQ9,-0.0028840774,-0.01657686,666289
20140717,12:00:00.000,BBG000H4YVR7,-0.009027815,-0.019028759,293951
20140717,12:00:00.000,BBG000JB27Y9,0.0011655499,-0.00022541214,232999
20140717,12:00:00.000,BBG000BVHBM1,0.003657768,-0.020404926,779939
20140717,12:00:00.000,BBG000BQSQ38,-0.00010154599,-0.0071157804,591449
20140717,12:00:00.000,BBG001XJRMF5,-0.018186059,-0.0068441625,492865
20140717,12:00:00.000,BBG000BNGTQ7,0.0038855982,0.003314269,796574
20140717,12:00:00.000,BBG000B9X8C0,0.000960248,-0.0018879183,279523
20140717,12:00:00.000,BBG000GPXKX9,-0.0065271384,-0.013537687,175688
20140717,12:00:00.000,BBG000BV7LP7,0.0006959159,-0.0034637926,295053
20140717,12:00:00.000,BBG001NY45K9,-0.017560745,-0.027821988,1453834
20140717,12:00:00.000,BBG000L8CBX4,-0.0028548029,-0.003526826,68674
20140717,12:00:00.000,BBG000BHCP19,0.007841697,-0.005231049,275584
20140717,12:00:00.000,BBG000JKCWS0,-0.0010690676,-0.008427596,103649
20140717,12:00:00.000,BBG000CPHYL4,-0.0023480004,-0.0030791576,759406
20140717,12:00:00.000,BBG000F86GP6,0.001425799,-0.0060978225,146138
20140717,12:00:00.000,BBG000V31J96,-0.0033405006,-0.009277235,1006196
20140717,12:00:00.000,BBG000BWVSR1,-0.0024713005,-0.007727093,213739
20140717,12:00:00.000,BBG000DLVDK3,0.016885621,0.033661388,965540
20140717,12:00:00.000,BBG003641015,0.0020376793,-0.006393801,411168
20140717,12:00:00.000,BBG000BQD1J2,-0.0007755015,-0.0018426745,14646550
20140717,12:00:00.000,BBG000BWXL85,-0.006274244,-0.009665511,300763
20140717,12:00:00.000,BBG001J1QN87,0.0017634954,-0.008845582,169903
20140717,12:00:00.000,BBG000BFJ645,0.00595658,-0.0019653295,1353773
20140717,12:00:00.000,BBG000BPZBB6,0.003272566,-0.0018090038,258636
20140717,12:00:00.000,BBG000RNTSX0,0.0041429326,0.0011758881,447366
20140717,12:00:00.000,BBG000C23KJ3,0.0047202716,-0.003935953,1400920
20140717,12:00:00.000,BBG000CZWZ05,0.02202211,0.010910809,1029907
20140717,12:00:00.000,BBG000CR90K4,0.029627595,0.014049237,16208289
20140717,12:00:00.000,BBG000BBL0Y1,0.00094836473,-0.019112073,502496
20140717,12:00:00.000,BBG000BKQG80,-0.002219411,-0.009728335,334466
20140717,12:00:00.000,BBG000K14Q84,-0.001882696,-0.013222125,1549497
20140717,12:00:00.000,BBG000Q0BPZ4,0.005224557,-0.0070128515,245072
20140717,12:00:00.000,BBG000BHB3M6,-0.011100142,-0.02309816,663204
20140717,12:00:00.000,BBG000BLMZK6,-0.0041438164,-0.014450117,459719
20140717,12:00:00.000,BBG000QFJ7H3,0.0023127082,-0.009746675,502047
20140717,12:00:00.000,BBG000BLDV98,-0.0023266734,-0.011668996,534872
20140717,12:00:00.000,BBG000PLXQQ3,0.026391698,0.022380285,2972833
20140717,12:00:00.000,BBG000BGYMH7,0.004850535,-0.010102185,165106
20140717,12:00:00.000,BBG000H9G7X2,-0.01169975,-0.015790228,742859
20140717,12:00:00.000,BBG000BRZJR8,-0.007694499,-0.022243392,668283
20140717,12:00:00.000,BBG000BJDPC2,-0.0064085023,-0.00870859,392982
20140717,12:00:00.000,BBG000BDY3Y7,0.0010404019,-0.001729384,1114304
20140717,12:00:00.000,BBG000BPNP00,0.0063060136,-0.005062518,679070
20140717,12:00:00.000,BBG000BBB3K1,0.007697055,0.006880224,1314680
20140717,12:00:00.000,BBG000BFV115,-0.002499601,-0.013352241,459465
20140717,12:00:00.000,BBG000CXD6X9,-0.008671439,-0.008726715,745159
20140717,12:00:00.000,BBG000QN4GY3,-0.018578926,-0.025675112,1009084
20140717,12:00:00.000,BBG000BWCKB6,-0.006095771,-0.0060638827,966143
20140717,12:00:00.000,BBG000BKXFN7,-0.005118962,-0.02075985,671845
20140717,12:00:00.000,BBG000F9KJN4,0.005798784,-0.0018961553,689785
20140717,12:00:00.000,BBG000BQV1S2,0.0027492268,-0.013416245,276394
20140717,12:00:00.000,BBG000BTQR96,0.0025149903,-0.008637441,398105
20140717,12:00:00.000,BBG000F6ZWH2,-0.0018281157,-0.007831002,461936
20140717,12:00:00.000,BBG000BMZ7P7,0.005043762,0.0009698266,527285
20140717,12:00:00.000,BBG000BB29X4,0.0019035737,-0.0016408452,249307
20140717,12:00:00.000,BBG000BBCDZ2,-0.005759521,-0.012981884,213755
20140717,12:00:00.000,BBG000C6F3T8,0.022018017,0.006502634,12675285
20140717,12:00:00.000,BBG000BFVXX0,0.001893637,-0.00033139074,426250
20140717,12:00:00.000,BBG000G6BN50,0.0007918526,-0.010551843,125149
20140717,12:00:00.000,BBG000BRXP69,0.0033845867,0.00046288458,274920
20140717,12:00:00.000,BBG000BPMH90,0.019096494,0.008488105,1049733
20140717,12:00:00.000,BBG000D9DMK0,-0.0011927164,-0.0005167885,651207
20140717,12:00:00.000,BBG000D14WM3,0.007737419,-0.006360005,5096344
20140717,12:00:00.000,BBG000PVRDL2,0.010284358,0.028092867,2413650
20140717,12:00:00.000,BBG000BSC0K9,-0.00015229064,-0.0019243947,442948
20140717,12:00:00.000,BBG000R0L5J4,0.011830543,0.0027536962,748325
20140717,12:00:00.000,BBG000JH6683,-0.00020885492,-0.019975908,530191
20140717,12:00:00.000,BBG000BG14P4,0.009689491,-0.008991478,611987
20140717,12:00:00.000,BBG000D9KWL9,0.011268785,0.0012273095,427347
20140717,12:00:00.000,BBG000BKWSR6,-0.014875785,-0.023895757,4253443
20140717,12:00:00.000,BBG000BC9938,0.009828402,0.0036162203,530379
20140717,12:00:00.000,BBG000BB1TH9,-0.0036893438,-0.009842898,257969
20140717,12:00:00.000,BBG000BJ49H3,-0.004013291,-0.008977255,716457
20140717,12:00:00.000,BBG000BFS7D3,0.001075242,-0.0025915585,244097
20140717,12:00:00.000,BBG000BN9WT5,0.0011933061,-0.009756991,340522
20140717,12:00:00.000,BBG000BKR1D6,0.0053194477,-0.0007550076,667903
20140717,12:00:00.000,BBG000BFRF55,0.011451988,-0.00636358,2274517
20140717,12:00:00.000,BBG000BKTT89,-0.0017470708,-0.015130971,250498
20140717,12:00:00.000,BBG000BQ8KV2,0.002035618,-0.01178079,483520
20140717,12:00:00.000,BBG000BQVWZ6,-0.006772449,-0.021244,2993876
20140717,12:00:00.000,BBG000BHKYH4,0.00032611226,-0.0027586888,256563
20140717,12:00:00.000,BBG000BS7KS3,-0.004428377,-0.0034512118,154699
20140717,12:00:00.000,BBG000CGT2S4,-0.02929309,-0.041092906,3650325
20140717,12:00:00.000,BBG000F7RCJ1,-0.0021434166,-0.010012889,206169
20140717,12:00:00.000,BBG000BMTFR4,-0.0016141998,-0.0022267003,576724
20140717,12:00:00.000,BBG000TJM7F0,-0.0036764655,-0.0016857691,429069
20140717,12:00:00.000,BBG000BMKDM3,0.0038330816,-0.0007573741,462065
20140717,12:00:00.000,BBG000FLZN98,0.0040023616,-0.0082374085,287208
20140717,12:00:00.000,BBG000BKLH74,0.0025493482,0.0022638054,1699408
20140717,12:00:00.000,BBG000BCTQ65,-0.0011460952,-0.0040992657,676874
20140717,12:00:00.000,BBG000D1QCF1,-0.0071289544,-0.0138498135,373214
20140717,12:00:00.000,BBG000BSXQV7,0.040687732,0.036718905,747920
20140717,12:00:00.000,BBG000BG09F5,-0.01583371,-0.026218453,373698
20140717,12:00:00.000,BBG000FLPRH1,-0.010977797,-0.015389875,300501
20140717,12:00:00.000,BBG000PV2L86,-0.0024941035,-0.01020681,154215
20140717,12:00:00.000,BBG000BGYWY6,0.0018715563,-0.004645341,228347
20140717,12:00:00.000,BBG000C060M4,0.0051421076,-0.0020681666,182914
20140717,12:00:00.000,BBG000BDXGP9,-0.004739573,-0.00971709,1210388
20140717,12:00:00.000,BBG000BGD7W6,-0.0014161278,-0.0069538234,700123
20140717,12:00:00.000,BBG000BP8Z50,-0.0033795116,-0.0054825884,300982
20140717,12:00:00.000,BBG000HW5GX3,0.0040944363,-0.007143653,754749
20140717,12:00:00.000,BBG000C4ZZ10,-0.0058486136,-0.011259647,175264
20140717,12:00:00.000,BBG000BNNYW1,-0.05625217,-0.058167767,7640683
20140717,12:00:00.000,BBG000BR37X2,0.0006983107,-0.0004093062,1320979
20140717,12:00:00.000,BBG000BLW530,-0.00213265,-0.006941697,367450
20140717,12:00:00.000,BBG000BF1R66,-0.0008168972,-0.002556417,144886
20140717,12:00:00.000,BBG000BKNX95,-0.0016601343,-0.0092877755,800403
20140717,12:00:00.000,BBG000BWP7D9,0.003454871,-0.0015497582,500806
20140717,12:00:00.000,BBG000BBMSJ6,0.0049186307,-0.0074445456,387564
20140717,12:00:00.000,BBG000DN7P92,0.0045728846,0.0009723474,474568
20140717,12:00:00.000,BBG000BCZYD3,-0.0047164713,-0.0061760936,134095
20140717,12:00:00.000,BBG000CVWGS6,-0.004676546,-0.007821331,1880232
20140717,12:00:00.000,BBG000BLHRS2,0.001091108,-0.0020570988,517080
20140717,12:00:00.000,BBG000BY2Y78,0.0010462457,-0.007062816,362358
20140717,12:00:00.000,BBG000BK6G19,0.045241952,0.03328195,2741498
20140717,12:00:00.000,BBG002S5ZRF9,0.021221813,0.009542889,306764
20140717,12:00:00.000,BBG000BNC3Y9,0.0044851876,-0.005234983,341312
20140717,12:00:00.000,BBG000BTCH57,0.0014456557,-0.010890283,389697
20140717,12:00:00.000,BBG000BB03M1,0.007168132,0.00094392546,588432
20140717,12:00:00.000,BBG000BN84F3,0.00013532283,-3.7074796e-07,429443
20140717,12:00:00.000,BBG000BB5BF6,0.0066786306,-0.002045857,715864
20140717,12:00:00.000,BBG000FDBX90,0.0071650995,0.0036110994,1091634
20140717,12:00:00.000,BBG000RGM5P1,0.010413,0.0014293165,412252
20140717,12:00:00.000,BBG000BB5373,0.0013969772,-0.007400846,1730552
20140717,12:00:00.000,BBG000BFDLV8,0.0054382416,0.0011154505,595209
20140717,12:00:00.000,BBG000BGRKT6,0.003158413,0.002389582,158114
20140717,12:00:00.000,BBG000BTVJ25,-0.005365473,-0.011328193,691364
20140717,12:00:00.000,BBG000BVMPN3,-0.0024704505,-0.009157507,502804
20140717,12:00:00.000,BBG000C2ZCH8,0.004415656,0.0009782489,239097
20140717,12:00:00.000,BBG0014GJCT9,0.007096955,0.0019977705,431575
20140717,12:00:00.000,BBG000C11MQ5,-0.005062495,-0.016231257,355648
20140717,12:00:00.000,BBG003P9ZSL3,-0.0008720068,0.0009281273,289419
20140717,12:00:00.000,BBG000BX5ZF5,0.001759958,-0.0070065972,2221938
20140717,12:00:00.000,BBG000C2V3D6,-0.0115538845,-0.01887145,2191583
20140717,12:00:00.000,BBG000BQVTF5,0.000917652,-0.0074820183,371904
20140717,12:00:00.000,BBG000D2M0Z7,-0.0011915255,-0.006990598,164033
20140717,12:00:00.000,BBG000CHPY97,-0.018645728,-0.029123956,2249859
20140717,12:00:00.000,BBG000N746D6,0.008235763,-0.005209625,937160
20140717,12:00:00.000,BBG000M1R011,0.017454334,0.008790508,538674
20140717,12:00:00.000,BBG000BHLYP4,0.005078847,-0.0024713413,273023
20140717,12:00:00.000,BBG000BB6G37,0.003728208,-0.007452135,326791
20140717,12:00:00.000,BBG000BR14K5,-0.00179746,-0.0042046173,261901
20140717,12:00:00.000,BBG000PX3XC0,-0.0032036405,-0.016256055,1463950
20140717,12:00:00.000,BBG000J1QLT0,-0.0069727423,-0.005502252,343872
20140717,12:00:00.000,BBG0039320N9,-0.010610595,-0.012570736,1009722
20140717,12:00:00.000,BBG000BC4JJ4,-0.0017130019,-0.0047763083,284503
20140717,12:00:00.000,BBG000BM7HL0,0.0016527836,-0.0022560356,590828
20140717,12:00:00.000,BBG000BP1Q11,-0.005178046,-0.0076854723,289436
20140717,12:00:00.000,BBG000BF6LY3,-0.0016788781,-0.012793912,712013
20140717,12:00:00.000,BBG000BF5RY1,0.0052187606,0.0063958126,1008260
20140717,12:00:00.000,BBG000BFTJ91,-0.00556385,-0.0051202844,609170
20140717,12:00:00.000,BBG000BR54L0,0.011202933,-0.013022769,2622419
20140717,12:00:00.000,BBG000J5Q6L2,0.007815802,-1.8442421e-07,1842702
20140717,12:00:00.000,BBG000BCWCG1,-0.024135703,-0.03519654,1515875
20140717,12:00:00.000,BBG000TWC2V5,-0.0031664078,-0.008817664,250884
20140717,12:00:00.000,BBG000BCYP43,-0.0068160896,-0.008976457,155428
20140717,12:00:00.000,BBG000C221G9,-0.0010549485,-0.015430012,565733
20140717,12:00:00.000,BBG000BZTW70,0.00061149703,-0.015482349,1579216
20140717,12:00:00.000,BBG000BKZTP3,-0.0028004774,-0.006827593,830650
20140717,12:00:00.000,BBG000R8ZVD1,0.0083403615,0.0031491679,1422566
20140717,12:00:00.000,BBG000CKVSG8,-0.009669552,-0.0210017,659492
20140717,12:00:00.000,BBG000DNTSP4,0.0009924863,-0.0060908855,1245036
20140717,12:00:00.000,BBG000BP4MH0,0.0018950908,-0.0026899392,458104
20140717,12:00:00.000,BBG000BR3KL6,-0.0010669336,-0.013884074,247310
20140717,12:00:00.000,BBG000BJQWD2,0.0048991456,-0.004739074,442597
20140717,12:00:00.000,BBG000G0Z878,-0.0030674136,-0.008503785,680952
20140717,12:00:00.000,BBG000D7RKJ5,0.0043177847,0.0015849286,699702
20140717,12:00:00.000,BBG000G9CGL0,0.0025749223,-0.0065028965,287291
20140717,12:00:00.000,BBG000DTMH63,0.008702305,-0.0063509024,1608449
20140717,12:00:00.000,BBG0029BK2G7,-0.005672671,-0.013771513,349675
20140717,12:00:00.000,BBG000G3QLY3,0.0049811853,-0.0033551976,217412
20140717,12:00:00.000,BBG000BP0KQ8,0.0070082173,0.0035017696,1515533
20140717,12:00:00.000,BBG001NVJ6W4,-0.037829556,-0.05306936,2261680
20140717,12:00:00.000,BBG000BSBZH7,0.0016909997,0.0034594978,2099667
20140717,12:00:00.000,BBG000BHGCD1,0.0021799998,-0.008157476,249791
20140717,12:00:00.000,BBG000BL9JQ1,-0.0024266965,-0.010071281,527096
20140717,12:00:00.000,BBG000BH5DV1,-0.0044266996,-0.0053348364,289481
20140717,12:00:00.000,BBG000QW7VC1,0.0048660897,0.004427358,3475321
20140717,12:00:00.000,BBG000DQTXY6,-0.0050429148,-0.029964786,2468030
20140717,12:00:00.000,BBG000QY3XZ2,0.00088385673,-0.011276178,463837
20140717,12:00:00.000,BBG000BBBNC6,0.015013005,0.011094199,826054
20140717,12:00:00.000,BBG000F15NW9,0.0015313808,-0.001182497,689241
20140717,12:00:00.000,BBG000BNNKG9,1.2500221e-05,-0.014048324,1157997
20140717,12:00:00.000,BBG000BFXHL6,-0.006208987,-0.008159338,627536
20140717,12:00:00.000,BBG000BRRG02,0.0038229544,0.0031728235,439872
20140717,12:00:00.000,BBG000BHLYS1,0.0010500799,-0.0033533252,481506
20140717,12:00:00.000,BBG000CGQ6M4,-0.0040809605,-0.0046849856,270713
20140717,12:00:00.000,BBG000C1S2X2,0.0037915146,-0.00862494,436011
20140717,12:00:00.000,BBG000C7LMS8,-0.0042053456,-0.008660834,27193
20140717,12:00:00.000,BBG000MDCQC2,2.2780232e-07,0.00068593194,455517
20140717,12:00:00.000,BBG000JG0547,0.0025513775,-0.0045349924,286984
20140717,12:00:00.000,BBG000CJZ2W6,0.014872109,0.0008553762,778126
20140717,12:00:00.000,BBG0020B4JG7,7.865793e-05,-0.011278476,1475420
20140717,12:00:00.000,BBG000BNFLM9,-0.0041859774,-0.0051297536,343030
20140717,12:00:00.000,BBG000BCBCM7,0.0024756158,-0.00893264,2129176
20140717,12:00:00.000,BBG000CS7CT9,0.007006729,0.00058113405,774384
20140717,12:00:00.000,BBG000MZFMS2,0.00043708773,-0.009290423,409101
20140717,12:00:00.000,BBG000BKQ3V3,0.004635516,-0.010700049,813981
20140717,12:00:00.000,BBG000BLCPY4,-0.003183893,-0.01793957,202548
20140717,12:00:00.000,BBG000BC15S7,0.0021182497,-0.0010601898,288939
20140717,12:00:00.000,BBG000FKJRC5,0.00061786996,-0.004391733,389951
20140717,12:00:00.000,BBG000BRJ809,0.0067597926,0.005227597,276538
20140717,12:00:00.000,BBG000C2PW58,-0.004832586,-0.013179171,267501
20140717,12:00:00.000,BBG000BCVMH9,0.02777786,0.027003972,1058553
20140717,12:00:00.000,BBG000BQ2C28,0.009603421,0.0044210833,304167
20140717,12:00:00.000,BBG000BBJQV0,0.01399855,-0.0015502021,2401937
20140717,12:00:00.000,BBG000G2R6M0,0.0102101,0.025916785,2027992
20140717,12:00:00.000,BBG000BTKGG8,-0.014064461,-0.026273336,1630160
20140717,12:00:00.000,BBG000BMQPL1,-0.026963789,-0.036658566,10375002
20140717,12:00:00.000,BBG000BMF5J0,0.0019262737,-0.011501062,3304373
20140717,12:00:00.000,BBG000BB6WG8,0.002839184,-0.0043966705,987363
20140717,12:00:00.000,BBG000BM6788,-0.0002018073,-0.014718867,748173
20140717,12:00:00.000,BBG000FVXD63,-0.016454848,-0.026161185,1446006
20140717,12:00:00.000,BBG000C3HSR0,0.0110845445,-0.0006383789,1147229
20140717,12:00:00.000,BBG000BN5HF7,-0.012878315,-0.025433067,919207
20140717,12:00:00.000,BBG001QD41M9,-0.0012132559,-0.01006453,474375
20140717,12:00:00.000,BBG000CXYSZ6,0.0046771863,0.0033278374,259324
20140717,12:00:00.000,BBG000BVMGF2,0.004014352,0.00085979723,716035
20140717,12:00:00.000,BBG0019JZ882,0.0052851564,-0.0046048923,4957513
20140717,12:00:00.000,BBG000BKPL53,-0.007941652,-0.009441438,270832
20140717,12:00:00.000,BBG000PYZSR8,-0.015987972,-0.012715291,660881
20140717,12:00:00.000,BBG000F0KF42,-0.007766846,-0.016800944,1032530
20140717,12:00:00.000,BBG000FW00S1,-0.01992612,-0.030200288,2967632
20140717,12:00:00.000,BBG000BYYLS8,-0.014288435,-0.023222934,2355258
20140717,12:00:00.000,BBG000BB6M98,-0.0025910197,-0.0043447088,935829
20140717,12:00:00.000,BBG000D8RG11,-0.0133444,-0.020678058,2594739
20140717,12:00:00.000,BBG000CHWP52,0.018992268,0.021016657,1893763
20140717,12:00:00.000,BBG000D6L294,-0.0015287943,-0.013672997,488431
20140717,12:00:00.000,BBG000C3Y7J6,0.00071618205,-0.0021264348,230963
20140717,12:00:00.000,BBG000BM5SR2,-0.0044850237,-0.0135770235,1917355
20140717,12:00:00.000,BBG000BS0ZF1,-0.0037734318,-0.0037334664,183445
20140717,12:00:00.000,BBG000C0F570,0.0021716552,-0.009192494,754747
20140717,12:00:00.000,BBG000C90DH9,-0.009998945,-0.007778137,1796419
20140717,12:00:00.000,BBG000BVWLJ6,0.00052818115,-0.0070424094,727586
20140717,12:00:00.000,BBG000BRK7L6,0.00014454659,-0.009369189,1290396
20140717,12:00:00.000,BBG000BZ2GG4,0.0016132201,-0.009051997,438771
20140717,12:00:00.000,BBG000BVL2G3,-0.0009981361,-0.010865658,425587
20140717,12:00:00.000,BBG000C2YHG9,-0.009853341,-0.009389966,327046
20140717,12:00:00.000,BBG001BPFT54,0.010455651,-0.009868911,1130612
20140717,12:00:00.000,BBG000BH2JM1,0.008062887,0.0074226786,1536574
20140717,12:00:00.000,BBG000BPVCR1,0.0059291143,0.0005802489,332918
20140717,12:00:00.000,BBG002BHBHM1,-0.00037897803,-0.0052579246,521554
20140717,12:00:00.000,BBG000Q3JN03,-0.01555488,-0.028235124,10221499
20140717,12:00:00.000,BBG000BPT0C6,-0.011271986,-0.020621188,875788
20140717,12:00:00.000,BBG000BQWPC5,-0.0021011352,-0.0080037555,704861
20140717,12:00:00.000,BBG000BQ5DS5,-0.00073517853,-0.0027555004,476778
20140717,12:00:00.000,BBG000DY8ZS4,0.0025360705,-0.011361068,3452997
20140717,12:00:00.000,BBG000R8L7J3,-0.002962999,-0.014482854,4043556
20140717,12:00:00.000,BBG000BS9489,-0.0042173048,-0.0018214111,672133
20140717,12:00:00.000,BBG000D898T9,0.0041452213,4.8168616e-08,435753
20140717,12:00:00.000,BBG000BFL116,0.0031172743,-0.01599538,1015384
20140717,12:00:00.000,BBG001YMS0B8,-0.00703799,-0.0115024075,708527
20140717,12:00:00.000,BBG000QBR5J5,0.00700967,0.001561891,1098587
20140717,12:00:00.000,BBG000BHC2S1,-0.005755713,-0.010567765,625440
20140717,12:00:00.000,BBG000BX3TD3,0.0060532587,-0.009123218,2467120
20140717,12:00:00.000,BBG000C1FQS9,-0.00725486,-0.010007533,567427
20140717,12:00:00.000,BBG000BLKK03,0.013044446,0.03896446,770017
20140717,12:00:00.000,BBG000BKCFC2,0.0018001673,-0.0030140285,868777
20140717,12:00:00.000,BBG000C4DPX1,0.002775327,-0.011745588,633109
20140717,12:00:00.000,BBG000BHZ5J9,-0.019997595,-0.027499393,732212
20140717,12:00:00.000,BBG000KLB4Q1,-0.008922717,-0.022496559,1625911
20140717,12:00:00.000,BBG000BMBL90,-0.008923902,-0.01564777,866026
20140717,12:00:00.000,BBG000C2BXK4,-0.000511338,-0.012130598,3163368
20140717,12:00:00.000,BBG000H0QBS7,-0.00064977433,-0.003148039,2082283
20140717,12:00:00.000,BBG000BQZMH4,-5.7055433e-05,-0.004515559,1614118
20140717,12:00:00.000,BBG000BLBXT4,-0.004571928,-0.012715708,572237
20140717,12:00:00.000,BBG000BJ2VQ6,0.0029801356,-0.012588055,772978
20140717,12:00:00.000,BBG000BMY992,0.0035169313,-0.0022292505,714128
20140717,12:00:00.000,BBG000BXM6V2,0.007574048,5.353345e-07,634357
20140717,12:00:00.000,BBG000BWSV34,-0.0040935264,-0.012944255,453751
20140717,12:00:00.000,BBG000BKFBD7,0.0011147831,-0.006122641,532285
20140717,12:00:00.000,BBG000FP1N32,0.0007020231,-0.0073350677,988949
20140717,12:00:00.000,BBG000BT4T69,0.0086958995,-0.00031846136,626791
20140717,12:00:00.000,BBG000BFMBQ6,-0.0130467005,0.013198229,1608775
20140717,12:00:00.000,BBG000C0HQ54,-0.003208847,-0.010409982,320805
20140717,12:00:00.000,BBG000C0LW92,-0.014222483,-0.017878205,2309203
20140717,12:00:00.000,BBG000BVPPM1,-0.003748638,-0.011177407,707562
20140717,12:00:00.000,BBG000BMW2Z0,-0.0040008645,-0.008229268,383782
20140717,12:00:00.000,BBG000BPWXK1,-0.002021609,0.014282815,2735138
20140717,12:00:00.000,BBG000GC80B4,-0.0028170545,-0.0069162967,3252304
20140717,12:00:00.000,BBG000BXWBN9,0.004030695,0.0018629747,1296377
20140717,12:00:00.000,BBG000BY33P5,0.001360289,0.0012576103,2888091
20140717,12:00:00.000,BBG000R7RDB4,-0.0011206832,-0.012233705,393076
20140717,12:00:00.000,BBG000MBDGM6,-0.0032363061,-0.00864444,89469
20140717,12:00:00.000,BBG000BGLRN3,-0.0005002008,-0.004310937,472630
20140717,12:00:00.000,BBG000BWJFZ4,0.012603455,0.011354607,381338
20140717,12:00:00.000,BBG000BGVW60,0.0029490415,-0.0017916156,348856
20140717,12:00:00.000,BBG000BNJHS8,0.0036429784,-0.017478367,2129260
20140717,12:00:00.000,BBG000DKCC19,0.0015302812,-0.0048426297,670490
20140717,12:00:00.000,BBG000BXMFC3,0.03791327,0.027010614,1927403
20140717,12:00:00.000,BBG000BSD7C2,0.004428896,0.0018495559,335695
20140717,12:00:00.000,BBG000BSLZY7,-0.008399461,-0.019590078,2093970
20140717,12:00:00.000,BBG000BMDV41,-0.00014152979,-0.009128179,1354428
20140717,12:00:00.000,BBG001C7TST4,0.0031341405,-0.0056944266,697436
20140717,12:00:00.000,BBG000BRJL00,0.0012055987,-0.0032687003,629422
20140717,12:00:00.000,BBG000BRD0D8,-0.005068665,-0.016964544,1656995
20140717,12:00:00.000,BBG000BND699,-0.00581082,-0.02259962,1123310
20140717,12:00:00.000,BBG000BB9KF2,-0.00070137397,-0.003320228,620506
20140717,12:00:00.000,BBG000C1BW00,0.013439628,0.00804748,562268
20140717,12:00:00.000,BBG000BTZQC4,-0.0024959077,-0.0033472364,1204693
20140717,12:00:00.000,BBG000BWNFZ9,-0.014306847,-0.023067126,1243081
20140717,12:00:00.000,BBG000BJ98Z0,-0.0015256745,-0.011200592,444886
20140717,12:00:00.000,BBG000CNFQW6,-0.0075086853,-0.015258124,388241
20140717,12:00:00.000,BBG000BGPTV6,0.0010171023,-0.00794383,302131
20140717,12:00:00.000,BBG000BB07P9,-0.0012782068,0.012702166,5021914
20140717,12:00:00.000,BBG000C1FB75,0.012206651,0.0067246836,509251
20140717,12:00:00.000,BBG001M8HHB7,0.020592462,0.0063273674,385170
20140717,12:00:00.000,BBG000DHSPT0,0.007572416,0.010702956,1586181
20140717,12:00:00.000,BBG000FQ6PY6,0.0070753456,0.0044942177,898162
20140717,12:00:00.000,BBG000BBDV81,0.0018862828,-0.006375731,1343736
20140717,12:00:00.000,BBG000VC0T95,-0.013594693,-0.022273041,798633
20140717,12:00:00.000,BBG000BKFZM4,0.0038243236,-0.0041252933,1642426
20140717,12:00:00.000,BBG000D13GN8,-0.018006623,-0.033047993,530139
20140717,12:00:00.000,BBG000C0MF34,-0.0071682497,-0.0016102633,252497
20140717,12:00:00.000,BBG000BFNR17,0.015250459,0.0057421536,642090
20140717,12:00:00.000,BBG000BK67C7,0.0018489426,-0.0034896347,238590
20140717,12:00:00.000,BBG000FJLFX8,0.0030232773,0.02641716,1485291
20140717,12:00:00.000,BBG000BH5LT6,-0.0052642166,-0.022494555,2184903
20140717,12:00:00.000,BBG000BD8PN9,0.0054997434,-0.0023617996,1446512
20140717,12:00:00.000,BBG000BH3GZ2,-0.053950634,-0.06621116,6936339
20140717,12:00:00.000,BBG000BB5006,-0.0025161754,-0.0074609653,743793
20140717,12:00:00.000,BBG000BTR593,-0.031231115,-0.037800856,3383198
20140717,12:00:00.000,BBG000BRWGG9,0.0015693455,-0.007057548,9427383
20140717,12:00:00.000,BBG000BJ3PD2,-0.0019519008,-0.011139757,577413
20140717,12:00:00.000,BBG000CSY9H9,0.013060548,0.0064076534,1849493
20140717,12:00:00.000,BBG000FNRZ69,-0.0064480393,-0.012673101,1883560
20140717,12:00:00.000,BBG000C734W3,-0.0053192987,-0.01693862,270906
20140717,12:00:00.000,BBG000BCGY17,0.0046115783,0.0034971489,1682946
20140717,12:00:00.000,BBG000BCVJ77,0.0017542558,0.0009796068,955611
20140717,12:00:00.000,BBG000C46HM9,0.0025620388,-0.0010511858,912769
20140717,12:00:00.000,BBG000BJPDZ1,0.006851641,0.0028794308,211691
20140717,12:00:00.000,BBG000BJL3N0,-0.03712638,-0.046879184,10477911
20140717,12:00:00.000,BBG000BGJRC8,-0.002859906,-0.004811733,2786754
20140717,12:00:00.000,BBG000BBD070,0.006296538,-0.0027714204,917988
20140717,12:00:00.000,BBG000BFQYY3,0.0011846217,-0.0038885258,803319
20140717,12:00:00.000,BBG000BPQD31,0.0031750915,-0.0028096156,1448367
20140717,12:00:00.000,BBG000BJ81C1,-0.001710158,-0.0041317847,341810
20140717,12:00:00.000,BBG000B9WH86,0.006018968,-0.009647213,9978830
20140717,12:00:00.000,BBG000D42FJ0,0.019942643,0.0054307743,938251
20140717,12:00:00.000,BBG000BHX7N2,-0.000511281,-0.010593231,1237023
20140717,12:00:00.000,BBG000BH3JF8,-0.027661014,-0.046265885,4977980
20140717,12:00:00.000,BBG000JWD753,-0.0023439357,-0.013968068,5739590
20140717,12:00:00.000,BBG000BHGDH5,0.0054197744,0.0026245052,926511
20140717,12:00:00.000,BBG0014GG205,0.0014660296,-0.01684123,2135568
20140717,12:00:00.000,BBG000G30YX4,0.003933913,-0.008345853,430835
20140717,12:00:00.000,BBG000BCG930,-0.0036669152,0.022193803,1938973
20140717,12:00:00.000,BBG000BWVCP8,0.00016238383,-0.008050089,1423463
20140717,12:00:00.000,BBG000C3GN47,-0.02153781,-0.029407768,2684158
20140717,12:00:00.000,BBG000BT9DW0,0.0035879032,-0.00089361245,1522392
20140717,12:00:00.000,BBG000BV8DN6,-0.0020156049,-0.002281957,2189062
20140717,12:00:00.000,BBG0029SNR63,0.019160757,0.018000994,3163525
20140717,12:00:00.000,BBG000HCJMF9,0.002216851,-0.0069348477,573985
20140717,12:00:00.000,BBG000D9D830,0.0030113675,-0.0015063925,799281
20140717,12:00:00.000,BBG000F6H8W8,-0.004780791,-0.009376986,493366
20140717,12:00:00.000,BBG000B9ZXB4,0.024648666,0.02168346,3070404
20140717,12:00:00.000,BBG000BVDLH9,0.014325164,0.0076334104,1305732
20140717,12:00:00.000,BBG000BBVJZ8,-0.0060296813,-0.016496586,1434944
20140717,12:00:00.000,BBG000BWXBC2,0.0023366027,-0.0024721592,1178810
20140717,12:00:00.000,BBG000WCFV84,0.0018471759,0.0012573098,888216
20140717,12:00:00.000,BBG000BFDXW1,0.0051515703,-0.008338442,1438026
20140717,12:00:00.000,BBG000DYGNW7,0.0071400236,0.005838091,296097
20140717,12:00:00.000,BBG000BNBDC2,-0.001123002,-0.0046174065,829347
20140717,12:00:00.000,BBG000BJSBJ0,0.0021642158,-0.0018748768,403799
20140717,12:00:00.000,BBG000BJF1Z8,0.00017029315,-0.008746655,919826
20140717,12:00:00.000,BBG000BY29C7,0.009297176,0.008290649,2368383
20140717,12:00:00.000,BBG000BH13K9,0.0029609245,0.0009229845,1513607
20140717,12:00:00.000,BBG000BH1NH9,-0.0075109517,-0.014478315,1355115
20140717,12:00:00.000,BBG000BLZRJ2,0.007455192,-0.001846427,9332770
20140717,12:00:00.000,BBG000BVV7G1,-0.0031149576,-0.01549544,1592447
20140717,12:00:00.000,BBG000BL4504,-0.015494953,-0.028381262,3656393
20140717,12:00:00.000,BBG000BB6KF5,0.0035186068,-0.005450894,1427464
20140717,12:00:00.000,BBG000DSMS70,0.0076724757,-0.0046174475,314489
20140717,12:00:00.000,BBG000C8H633,-0.0015207306,-0.0109303035,1577510
20140717,12:00:00.000,BBG001DCCGR8,-0.00049455074,-0.010073361,1104991
20140717,12:00:00.000,BBG000QX74T1,0.004858197,-0.009567825,206845
20140717,12:00:00.000,BBG000M65M61,-0.010083127,-0.034859605,3375624
20140717,12:00:00.000,BBG000F80SZ5,0.020541053,0.0066108694,6359358
20140717,12:00:00.000,BBG000C5HS04,-0.0032089597,-0.00578678,2009552
20140717,12:00:00.000,BBG000H556T9,-0.0017004025,-0.0061205165,1279543
20140717,12:00:00.000,BBG000NV1KK7,-0.01240431,-0.014937948,1864523
20140717,12:00:00.000,BBG000L9CV04,-0.00440564,-0.015020116,952122
20140717,12:00:00.000,BBG000BXRPH1,0.008059945,-0.0040104315,431171
20140717,12:00:00.000,BBG000BNDN65,0.0025933043,-0.0039863293,1896323
20140717,12:00:00.000,BBG000BGKTF9,-0.007987005,-0.013927215,1142206
20140717,12:00:00.000,BBG00286S4N9,-0.0019197334,-0.008655605,867959
20140717,12:00:00.000,BBG000H89QJ6,-0.009033863,-0.006630954,639989
20140717,12:00:00.000,BBG000BNWG87,-0.010801756,-0.0130318515,3175963
20140717,12:00:00.000,BBG000BJX8C8,0.0020890422,-0.008728164,1177032
20140717,12:00:00.000,BBG000BD4VG8,-0.011762358,-0.02493488,2046726
20140717,12:00:00.000,BBG000D4LWF6,-0.001308491,-0.003670795,2713275
20140717,12:00:00.000,BBG000FL1TC8,-0.0083477255,-0.0042029726,896492
20140717,12:00:00.000,BBG000FFDM15,-0.005662863,-0.01363891,4597593
20140717,12:00:00.000,BBG000BBPFB9,0.0030841336,0.0017503164,4951957
20140717,12:00:00.000,BBG000BN2DC2,-0.0011430967,-0.0063955593,1082863
20140717,12:00:00.000,BBG000BCQZS4,-0.0022655907,-0.008521583,929646
20140717,12:00:00.000,BBG000CPQZ77,0.006457486,-0.00054861495,3171228
20140717,12:00:00.000,BBG000BP52R2,0.004754959,-0.0145072015,1137640
20140717,12:00:00.000,BBG000J6XT05,-0.014476507,-0.018824557,3259898
20140717,12:00:00.000,BBG000BJDB15,-0.017837748,-0.0046354076,3010004
20140717,12:00:00.000,BBG000LD9JQ8,-0.0076688007,-0.01785964,1001953
20140717,12:00:00.000,BBG000FG3C43,-0.11428978,-0.12335952,16424251
20140717,12:00:00.000,BBG000BC2C10,0.009739916,0.00010070311,1527511
20140717,12:00:00.000,BBG000BGRY34,0.0036165235,-0.002605653,709511
20140717,12:00:00.000,BBG000CTQBF3,0.0031374227,-0.008637702,1513197
20140717,12:00:00.000,BBG000H8TVT2,-0.0021141765,-0.007315113,1683939
20140717,12:00:00.000,BBG0025Y4RY4,-0.0032011392,-0.009507228,4847251
20140717,12:00:00.000,BBG000F1ZSQ2,-0.006720858,-0.015390746,1787457
20140717,12:00:00.000,BBG000CH5208,0.017494252,0.03546903,3216012
20140717,12:00:00.000,BBG000KHWT55,-0.002153969,-0.009765804,4103730
20140717,12:00:00.000,BBG000BFWKC0,0.0018498095,-0.001996496,1047585
20140717,12:00:00.000,BBG000BP6LJ8,-0.0019824735,-0.00047832966,2104906
20140717,12:00:00.000,BBG000BW8S60,-0.0006353517,-0.0065157143,1706874
20140717,12:00:00.000,BBG000BWLMJ4,0.004293031,-0.006161905,1515219
20140717,12:00:00.000,BBG000Q2HM09,7.894161e-05,-0.015955681,1329598
20140717,12:00:00.000,BBG000BW3299,-0.0021526387,-0.0034401158,773580
20140717,12:00:00.000,BBG000BC40Y8,-0.016306682,-0.026216079,2263966
20140717,12:00:00.000,BBG000BBS2Y0,-0.00311281,-0.0098546,898970
20140717,12:00:00.000,BBG000DWG505,-0.0012501301,-0.0053099752,868070
20140717,12:00:00.000,BBG000BQQ2S6,0.00032124168,-0.008700315,1017230
20140717,12:00:00.000,BBG000BZ9223,0.004711984,-0.0060195546,995165
20140717,12:00:00.000,BBG000DH7JK6,-0.0012504591,-0.00038702413,847063
20140717,12:00:00.000,BBG000BHVJJ3,0.0032501468,-0.004815915,4878461
20140717,12:00:00.000,BBG000J2XL74,0.011946288,0.013583344,2665896
20140717,12:00:00.000,BBG000C17X76,0.014671796,0.004428748,823728
20140717,12:00:00.000,BBG000BHBK84,0.002712495,-0.006147427,1464519
20140717,12:00:00.000,BBG000Q9HH23,0.0075885374,-0.004026976,670347
20140717,12:00:00.000,BBG000F0PF65,0.02810698,0.029821347,17864416
20140717,12:00:00.000,BBG000BF0K17,-0.0032121076,-0.0095307,1250607
20140717,12:00:00.000,BBG000C15T95,-0.0024097727,-0.0021235507,2557540
20140717,12:00:00.000,BBG000NDYB67,0.0005024315,-0.00640466,5232167
20140717,12:00:00.000,BBG000DWYF03,-0.0022381374,-0.0024247025,18982510
20140717,12:00:00.000,BBG000C6CFJ5,0.008257047,0.0008801022,2019757
20140717,12:00:00.000,BBG000BKTFN2,-0.0017988612,-0.014610581,2530405
20140717,12:00:00.000,BBG000BBGGQ1,-0.00453776,-0.014381748,2656972
20140717,12:00:00.000,BBG000DLFM21,,,1250272
20140717,12:00:00.000,BBG000BBDZG3,-0.0053906078,-0.0018174945,2635882
20140717,12:00:00.000,BBG000DQLV23,-0.0010421199,-0.006763035,1877322
20140717,12:00:00.000,BBG000BCSST7,5.970766e-05,-0.003061321,1786757
20140717,12:00:00.000,BBG000BQLTW7,0.009509451,0.006955756,11118702
20140717,12:00:00.000,BBG000BQPC32,0.00401947,0.00056189887,25425216
20140717,12:00:00.000,BBG000BFC8J2,-0.002988023,-0.0108081205,1391641
20140717,12:00:00.000,BBG000BQQH30,-0.0028794059,-0.0109946355,1951840
20140717,12:00:00.000,BBG000BMX289,-0.003507481,-0.0019009755,2765122
20140717,12:00:00.000,BBG000BNSZP1,0.003844318,-0.0057943403,1759007
20140717,12:00:00.000,BBG005P7Q881,-0.010901253,-0.032896336,4734237
20140717,12:00:00.000,BBG000FH8PX5,,,483028
20140717,12:00:00.000,BBG000R7Z112,-0.0069047017,-0.02877861,7620352
20140717,12:00:00.000,BBG000BH4R78,0.007216061,0.002460035,2755704
20140717,12:00:00.000,BBG000BKZB36,0.0029447535,-0.0018826602,1779654
20140717,12:00:00.000,BBG000BPD168,0.0017367688,-0.0022367015,2010502
20140717,12:00:00.000,BBG000BHQ1H0,0.00827347,0.00286486,502328
20140717,12:00:00.000,BBG000C496P7,,,15062777
20140717,12:00:00.000,BBG000C43RR5,0.020918088,0.014991377,10688705
20140717,12:00:00.000,BBG000BT41Q8,-0.00053832115,-0.012992704,2206205
20140717,12:00:00.000,BBG000PSKYX7,-0.006445316,-0.015367291,927254
20140717,12:00:00.000,BBG000BR2TH3,0.0029867846,-0.0024713688,2255745
20140717,12:00:00.000,BBG000GFFQN9,-0.0056780265,-0.018054884,20602760
20140717,12:00:00.000,BBG000CGC1X8,-0.016052682,-0.015575282,4493809
20140717,12:00:00.000,BBG000BMHYD1,-0.0028486445,-0.006605859,3034323
20140717,12:00:00.000,BBG000BFT2L4,-0.00814358,-0.0069040577,4868526
20140717,12:00:00.000,BBG000HS77T5,-0.00048745787,-0.006672664,4042429
20140717,12:00:00.000,BBG000K4ND22,0.0051545557,-0.0021773612,1581715
20140717,12:00:00.000,BBG000C3J3C9,-0.011096103,-0.010009216,12421310
20140717,12:00:00.000,BBG000BK6MB5,0.005405036,-0.010742328,15149570
20140717,12:00:00.000,BBG000BWQFY7,0.0047544693,-0.006449279,7602565
20140717,12:00:00.000,BBG000BLNNH6,0.013523912,0.009617458,3350687
20140717,12:00:00.000,BBG000H6HNW3,-0.012500097,-0.023379706,11127551
20140717,12:00:00.000,BBG000DMBXR2,0.007632652,-0.003066607,5345520
20140717,12:00:00.000,BBG000BSJK37,0.0029344843,-0.003841242,6366713
20140717,12:00:00.000,BBG000FY4S11,0.004626726,-0.005420311,10150901
20140717,12:00:00.000,BBG000C5Z1S3,-0.021596147,-0.03810059,17997328
20140717,12:00:00.000,BBG000BR2B91,0.0025487458,-0.0022618263,15338430
20140717,12:00:00.000,BBG000N9MNX3,0.008843552,-0.0014506296,2093011
20140717,12:00:00.000,BBG000C0G1D1,-0.009423721,-0.021359652,38611184
20140717,12:00:00.000,BBG002W96FT9,-0.0031580795,-0.012461608,956427
20140717,12:00:00.000,BBG000BLBVN4,0.005115387,-0.004699362,238751
20140717,12:00:00.000,BBG000CKGBP2,0.008180486,-0.0014374326,4839560
20140717,12:00:00.000,BBG000GZQ728,0.0008843646,-0.006071714,2245759
20140717,12:00:00.000,BBG000BVPV84,0.0050158477,-0.009439894,1641760
20140717,12:00:00.000,BBG000BPH459,0.009588566,0.007261247,46616988
20140717,12:00:00.000,BBG000BCTLF6,-0.0026147906,-0.015478609,44267276
20140717,12:00:00.000,BBG000BHSKN9,-0.0029312149,-0.012002334,941706
20140717,12:00:00.000,BBG000CL9VN6,0.004935262,-0.0053316727,991541
20140717,12:00:00.000,BBG000MM2P62,0.0026468013,-0.012343694,17170592
20140717,12:00:00.000,BBG000B9XRY4,-0.0051236213,-0.011922592,21329928
20140717,12:15:00.000,BBG000PCQQL6,-0.0012018839,-0.0031334634,740024
20140717,12:15:00.000,BBG000BJP882,-0.0083426945,-0.008665789,351033
20140717,12:15:00.000,BBG000BMFFQ0,-0.0022600377,-0.003495452,314174
20140717,12:15:00.000,BBG000K1J931,0.008088971,-0.01732803,1279221
20140717,12:15:00.000,BBG000BQ87N0,-0.00034032416,-0.0030780968,276322
20140717,12:15:00.000,BBG000BBCQD7,0.0028631892,-2.9311192e-08,2028436
20140717,12:15:00.000,BBG000BQHGR6,0.00082531373,-0.0045638783,279450
20140717,12:15:00.000,BBG000C75N77,-0.008176811,-0.0193573,686975
20140717,12:15:00.000,BBG000BJ8YN7,0.0036189866,-0.00043896967,952669
20140717,12:15:00.000,BBG000BLXZN1,0.01283106,0.0075462046,1117198
20140717,12:15:00.000,BBG000BV4XJ1,0.009741718,-0.0027572254,168304
20140717,12:15:00.000,BBG000QKPTS5,0.015625952,0.007726503,403228
20140717,12:15:00.000,BBG000BV75B7,-0.0031224135,-0.009989195,196649
20140717,12:15:00.000,BBG000CB8Q50,-0.008984878,-0.007372293,343838
20140717,12:15:00.000,BBG000BNPSQ9,-0.007246244,-0.02167724,706767
20140717,12:15:00.000,BBG000H4YVR7,-0.009358995,-0.020127606,322943
20140717,12:15:00.000,BBG000JB27Y9,0.00231306,0.0006763084,262761
20140717,12:15:00.000,BBG000BVHBM1,0.0033403824,-0.019026026,847912
20140717,12:15:00.000,BBG000BQSQ38,-0.00035821283,-0.0068784864,619374
20140717,12:15:00.000,BBG001XJRMF5,-0.012851533,-0.003292349,549468
20140717,12:15:00.000,BBG000BNGTQ7,0.0046391804,0.003663354,845893
20140717,12:15:00.000,BBG000B9X8C0,0.0009014457,-0.0025172227,311353
20140717,12:15:00.000,BBG000GPXKX9,-0.006066637,-0.012855522,204029
20140717,12:15:00.000,BBG000BV7LP7,0.00038623848,-0.0037524328,337006
20140717,12:15:00.000,BBG001NY45K9,-0.020585734,-0.031014701,1696393
20140717,12:15:00.000,BBG000L8CBX4,-0.0036658961,-0.0040008747,76862
20140717,12:15:00.000,BBG000BHCP19,0.007774637,-0.004410582,289511
20140717,12:15:00.000,BBG000JKCWS0,0.00017580877,-0.0062225973,110878
20140717,12:15:00.000,BBG000CPHYL4,-0.0032467023,-0.0033870302,810638
20140717,12:15:00.000,BBG000F86GP6,0.0016028328,-0.0057653543,157099
20140717,12:15:00.000,BBG000V31J96,-0.0027597067,-0.009718845,1056996
20140717,12:15:00.000,BBG000BWVSR1,-0.0022765337,-0.006943277,252893
20140717,12:15:00.000,BBG000DLVDK3,0.012945004,0.026804334,1032542
20140717,12:15:00.000,BBG003641015,0.0013593154,-0.00609644,442842
20140717,12:15:00.000,BBG000BQD1J2,-0.0007007536,-0.0015355136,15320962
20140717,12:15:00.000,BBG000BWXL85,-0.0067941262,-0.009027173,330800
20140717,12:15:00.000,BBG001J1QN87,0.008902959,-0.0027955743,205738
20140717,12:15:00.000,BBG000BFJ645,0.0029879913,-0.005896569,1908980
20140717,12:15:00.000,BBG000BPZBB6,0.0031207523,-0.0023256983,282674
20140717,12:15:00.000,BBG000RNTSX0,0.0038005433,0.00078382407,479895
20140717,12:15:00.000,BBG000C23KJ3,0.0035869353,-0.0059037567,1464818
20140717,12:15:00.000,BBG000CZWZ05,0.02446072,0.012862447,1076273
20140717,12:15:00.000,BBG000CR90K4,0.02884004,0.013045722,17078456
20140717,12:15:00.000,BBG000BBL0Y1,-0.0020264836,-0.019617477,564145
20140717,12:15:00.000,BBG000BKQG80,0.0004866328,-0.0065362887,364442
20140717,12:15:00.000,BBG000K14Q84,0.001397623,-0.00899398,1697581
20140717,12:15:00.000,BBG000Q0BPZ4,0.004381947,-0.007578453,282184
20140717,12:15:00.000,BBG000BHB3M6,-0.011077465,-0.0222545,727163
20140717,12:15:00.000,BBG000BLMZK6,-0.0020927442,-0.012738986,490590
20140717,12:15:00.000,BBG000QFJ7H3,0.0032394046,-0.007851389,531769
20140717,12:15:00.000,BBG000BLDV98,-0.0045456258,-0.013204223,613525
20140717,12:15:00.000,BBG000PLXQQ3,0.02264515,0.019366482,3257909
20140717,12:15:00.000,BBG000BGYMH7,0.004916705,-0.010217836,176924
20140717,12:15:00.000,BBG000H9G7X2,-0.011679742,-0.015790321,796408
20140717,12:15:00.000,BBG000BRZJR8,-0.009267934,-0.025129104,723209
20140717,12:15:00.000,BBG000BJDPC2,-0.0076796585,-0.009278412,410104
20140717,12:15:00.000,BBG000BDY3Y7,-0.0001480082,-0.0028103269,1164551
20140717,12:15:00.000,BBG000BPNP00,0.005090338,-0.0053591956,763574
20140717,12:15:00.000,BBG000BBB3K1,0.0073088333,0.005504158,1545062
20140717,12:15:00.000,BBG000BFV115,-0.0010328937,-0.011052385,476833
20140717,12:15:00.000,BBG000CXD6X9,-0.0072804927,-0.008055264,778286
20140717,12:15:00.000,BBG000QN4GY3,-0.024768533,-0.031262532,1102839
20140717,12:15:00.000,BBG000BWCKB6,-0.00602838,-0.0052660783,1024260
20140717,12:15:00.000,BBG000BKXFN7,-0.0041459454,-0.018375311,696368
20140717,12:15:00.000,BBG000F9KJN4,0.0050421916,-0.0020542277,712113
20140717,12:15:00.000,BBG000BQV1S2,0.0014292711,-0.013831848,304460
20140717,12:15:00.000,BBG000BTQR96,0.0031911011,-0.007188265,438818
20140717,12:15:00.000,BBG000F6ZWH2,-0.0025188474,-0.008398438,527281
20140717,12:15:00.000,BBG000BMZ7P7,0.0056402087,0.0015867902,572333
20140717,12:15:00.000,BBG000BB29X4,0.0014283628,-0.0028221316,280424
20140717,12:15:00.000,BBG000BBCDZ2,-0.0048772455,-0.0116432365,235143
20140717,12:15:00.000,BBG000C6F3T8,0.020591082,0.0059112906,13322024
20140717,12:15:00.000,BBG000BFVXX0,0.0016090046,-0.0009932523,469339
20140717,12:15:00.000,BBG000G6BN50,-9.0706766e-05,-0.010179928,143116
20140717,12:15:00.000,BBG000BRXP69,0.0023386572,-0.0006367194,308683
20140717,12:15:00.000,BBG000BPMH90,0.018803062,0.008715411,1077241
20140717,12:15:00.000,BBG000D9DMK0,0.0013406067,0.002772392,697088
20140717,12:15:00.000,BBG000D14WM3,0.006127949,-0.006995987,5397427
20140717,12:15:00.000,BBG000PVRDL2,0.0075940117,0.02347483,2544488
20140717,12:15:00.000,BBG000BSC0K9,-0.00079011294,-0.0021990677,463114
20140717,12:15:00.000,BBG000R0L5J4,0.007040677,-0.0013167191,825822
20140717,12:15:00.000,BBG000JH6683,0.002454904,-0.017891472,578308
20140717,12:15:00.000,BBG000BG14P4,0.011675124,-0.0065392866,640420
20140717,12:15:00.000,BBG000D9KWL9,0.010643947,0.0014318314,441674
20140717,12:15:00.000,BBG000BKWSR6,-0.014342403,-0.022856833,4706922
20140717,12:15:00.000,BBG000BC9938,0.009007681,0.0034036422,578997
20140717,12:15:00.000,BBG000BB1TH9,-0.003992331,-0.009199501,291291
20140717,12:15:00.000,BBG000BJ49H3,-0.0036348633,-0.007442659,775853
20140717,12:15:00.000,BBG000BFS7D3,-0.00020839868,-0.0031854548,258929
20140717,12:15:00.000,BBG000BN9WT5,0.0023883213,-0.007741963,387396
20140717,12:15:00.000,BBG000BKR1D6,0.003888212,-0.0005302606,697436
20140717,12:15:00.000,BBG000BFRF55,0.011170719,-0.006999973,2393191
20140717,12:15:00.000,BBG000BKTT89,-0.002078819,-0.014389773,264343
20140717,12:15:00.000,BBG000BQ8KV2,0.0016838256,-0.011978862,518200
20140717,12:15:00.000,BBG000BQVWZ6,-0.0053714663,-0.019220743,3203079
20140717,12:15:00.000,BBG000BHKYH4,3.7165817e-05,-0.0025323918,314727
20140717,12:15:00.000,BBG000BS7KS3,-0.004988575,-0.0050386386,190493
20140717,12:15:00.000,BBG000CGT2S4,-0.028654855,-0.039585117,3791820
20140717,12:15:00.000,BBG000F7RCJ1,-0.0012610311,-0.0091025755,210953
20140717,12:15:00.000,BBG000BMTFR4,-0.0009578621,-0.0006750641,640105
20140717,12:15:00.000,BBG000TJM7F0,-0.00502814,-0.0038770183,459495
20140717,12:15:00.000,BBG000BMKDM3,0.003501917,-0.0008330525,498211
20140717,12:15:00.000,BBG000FLZN98,0.0018988871,-0.008464148,324256
20140717,12:15:00.000,BBG000BKLH74,0.000643688,0.00050283386,1816475
20140717,12:15:00.000,BBG000BCTQ65,-0.0008644276,-0.0050452533,737865
20140717,12:15:00.000,BBG000D1QCF1,-0.0057772337,-0.011487224,409616
20140717,12:15:00.000,BBG000BSXQV7,0.04040611,0.036669232,773089
20140717,12:15:00.000,BBG000BG09F5,-0.016549755,-0.026053956,402016
20140717,12:15:00.000,BBG000FLPRH1,-0.010762008,-0.015473119,335770
20140717,12:15:00.000,BBG000PV2L86,-0.0030273546,-0.010010681,168867
20140717,12:15:00.000,BBG000BGYWY6,0.0016677075,-0.004840082,239767
20140717,12:15:00.000,BBG000C060M4,0.003144431,-0.003576483,201073
20140717,12:15:00.000,BBG000BDXGP9,-0.0046019033,-0.009717158,1252711
20140717,12:15:00.000,BBG000BGD7W6,-0.0032219521,-0.008112816,801690
20140717,12:15:00.000,BBG000BP8Z50,-0.0027613272,-0.0038833993,359431
20140717,12:15:00.000,BBG000HW5GX3,0.003273748,-0.007590125,791543
20140717,12:15:00.000,BBG000C4ZZ10,-0.004000544,-0.009958798,180277
20140717,12:15:00.000,BBG000BNNYW1,-0.058665555,-0.059705142,7848025
20140717,12:15:00.000,BBG000BR37X2,0.0011561268,-0.00040933082,1387749
20140717,12:15:00.000,BBG000BLW530,-0.0033201582,-0.007404309,405473
20140717,12:15:00.000,BBG000BF1R66,-0.00073781935,-0.003142467,161739
20140717,12:15:00.000,BBG000BKNX95,0.00077297684,-0.0057158316,903185
20140717,12:15:00.000,BBG000BWP7D9,0.003137899,-0.0024354984,525112
20140717,12:15:00.000,BBG000BBMSJ6,0.004856162,-0.006585425,427671
20140717,12:15:00.000,BBG000DN7P92,0.00371548,0.00042529654,502749
20140717,12:15:00.000,BBG000BCZYD3,-0.004615305,-0.006260084,146439
20140717,12:15:00.000,BBG000CVWGS6,-0.0016045154,-0.0043453,2202423
20140717,12:15:00.000,BBG000BLHRS2,0.0012937739,-0.001623926,575777
20140717,12:15:00.000,BBG000BY2Y78,0.0007618947,-0.0070626205,404903
20140717,12:15:00.000,BBG000BK6G19,0.04347264,0.031992923,2830277
20140717,12:15:00.000,BBG002S5ZRF9,0.020084647,0.00929945,328081
20140717,12:15:00.000,BBG000BNC3Y9,0.0051088077,-0.004663775,374010
20140717,12:15:00.000,BBG000BTCH57,-0.00017975854,-0.01165723,413007
20140717,12:15:00.000,BBG000BB03M1,0.007222049,0.0022508698,633635
20140717,12:15:00.000,BBG000BN84F3,0.0024086877,0.0028449616,530220
20140717,12:15:00.000,BBG000BB5BF6,0.008038975,-0.0010829829,745081
20140717,12:15:00.000,BBG000FDBX90,0.0069101057,0.0028085688,1188175
20140717,12:15:00.000,BBG000RGM5P1,0.0102812,0.001985105,437857
20140717,12:15:00.000,BBG000BB5373,-9.719202e-05,-0.007970273,2041277
20140717,12:15:00.000,BBG000BFDLV8,0.003126998,-0.0013092551,674031
20140717,12:15:00.000,BBG000BGRKT6,0.0034051833,0.0031314865,176824
20140717,12:15:00.000,BBG000BTVJ25,-0.0061957557,-0.012137281,740660
20140717,12:15:00.000,BBG000BVMPN3,-0.0024326886,-0.008608276,556148
20140717,12:15:00.000,BBG000C2ZCH8,0.004667731,0.00092920376,274017
20140717,12:15:00.000,BBG0014GJCT9,0.01076083,0.008119894,495605
20140717,12:15:00.000,BBG000C11MQ5,-0.0026029216,-0.014629603,372206
20140717,12:15:00.000,BBG003P9ZSL3,-0.0006874415,0.0017131214,316035
20140717,12:15:00.000,BBG000BX5ZF5,0.00024448373,-0.0085635,2516930
20140717,12:15:00.000,BBG000C2V3D6,-0.014132617,-0.021241255,2270939
20140717,12:15:00.000,BBG000BQVTF5,0.0016607194,-0.006047814,426044
20140717,12:15:00.000,BBG000D2M0Z7,-0.0029162706,-0.007948174,198702
20140717,12:15:00.000,BBG000CHPY97,-0.014251394,-0.024573013,2396095
20140717,12:15:00.000,BBG000N746D6,0.009397043,-0.0042622667,985159
20140717,12:15:00.000,BBG000M1R011,0.011544944,0.003551733,662810
20140717,12:15:00.000,BBG000BHLYP4,0.006109155,-0.0015562084,329817
20140717,12:15:00.000,BBG000BB6G37,0.0022137705,-0.008197273,355090
20140717,12:15:00.000,BBG000BR14K5,-0.0014913713,-0.004538962,280677
20140717,12:15:00.000,BBG000PX3XC0,-0.008307958,-0.021030637,1523802
20140717,12:15:00.000,BBG000J1QLT0,-0.0055185724,-0.0048715095,369429
20140717,12:15:00.000,BBG0039320N9,-0.008688825,-0.010424331,1072876
20140717,12:15:00.000,BBG000BC4JJ4,-0.003491262,-0.0063558333,308960
20140717,12:15:00.000,BBG000BM7HL0,0.0009660905,-0.0022560654,625446
20140717,12:15:00.000,BBG000BP1Q11,-0.0048348703,-0.007140833,302286
20140717,12:15:00.000,BBG000BF6LY3,-0.0013926922,-0.012249514,766026
20140717,12:15:00.000,BBG000BF5RY1,0.0052783457,0.0055697826,1069293
20140717,12:15:00.000,BBG000BFTJ91,-0.005401057,-0.004937482,663564
20140717,12:15:00.000,BBG000BR54L0,0.011220697,-0.011520055,3000892
20140717,12:15:00.000,BBG000J5Q6L2,0.008397551,-3.327695e-07,1949131
20140717,12:15:00.000,BBG000BCWCG1,-0.025341466,-0.036826003,1669056
20140717,12:15:00.000,BBG000TWC2V5,-0.002190478,-0.007742602,280431
20140717,12:15:00.000,BBG000BCYP43,-0.0056822705,-0.0077683115,173975
20140717,12:15:00.000,BBG000C221G9,-0.0031303652,-0.016522335,624139
20140717,12:15:00.000,BBG000BZTW70,0.004481805,-0.0106655015,1705207
20140717,12:15:00.000,BBG000BKZTP3,-0.003146685,-0.006452301,862600
20140717,12:15:00.000,BBG000R8ZVD1,0.009530103,0.005642233,1463316
20140717,12:15:00.000,BBG000CKVSG8,-0.013401357,-0.024169596,754099
20140717,12:15:00.000,BBG000DNTSP4,-3.857347e-05,-0.0067935283,1315985
20140717,12:15:00.000,BBG000BP4MH0,0.0018107693,-0.0026899655,503960
20140717,12:15:00.000,BBG000BR3KL6,-0.00046882677,-0.01247952,277653
20140717,12:15:00.000,BBG000BJQWD2,0.006461822,-0.0029617369,489642
20140717,12:15:00.000,BBG000G0Z878,-0.0027642376,-0.008777922,717498
20140717,12:15:00.000,BBG000D7RKJ5,0.0052165627,0.0011446902,744647
20140717,12:15:00.000,BBG000G9CGL0,0.0035291216,-0.0056773406,316443
20140717,12:15:00.000,BBG000DTMH63,0.008362965,-0.005746061,1697693
20140717,12:15:00.000,BBG0029BK2G7,-0.0061322777,-0.013115822,376761
20140717,12:15:00.000,BBG000G3QLY3,0.005008279,-0.0033143004,238124
20140717,12:15:00.000,BBG000BP0KQ8,0.0059876447,0.0029632489,1709238
20140717,12:15:00.000,BBG001NVJ6W4,-0.044062033,-0.05872156,2672518
20140717,12:15:00.000,BBG000BSBZH7,0.0028435395,0.0047466285,2176006
20140717,12:15:00.000,BBG000BHGCD1,0.00046456596,-0.010072465,261172
20140717,12:15:00.000,BBG000BL9JQ1,-0.0029080207,-0.010523894,554856
20140717,12:15:00.000,BBG000BH5DV1,-0.0042953873,-0.004476289,314473
20140717,12:15:00.000,BBG000QW7VC1,0.008850697,0.008853961,3697855
20140717,12:15:00.000,BBG000DQTXY6,-0.0054675774,-0.029154902,2727449
20140717,12:15:00.000,BBG000QY3XZ2,-0.001194237,-0.012725098,513085
20140717,12:15:00.000,BBG000BBBNC6,0.014154562,0.010856644,868760
20140717,12:15:00.000,BBG000F15NW9,0.00068860885,-0.002217033,755263
20140717,12:15:00.000,BBG000BNNKG9,0.00026127533,-0.012643503,1261054
20140717,12:15:00.000,BBG000BFXHL6,-0.005761924,-0.007950024,693431
20140717,12:15:00.000,BBG000BRRG02,0.0052289,0.004985661,471923
20140717,12:15:00.000,BBG000BHLYS1,0.0015403511,-0.003706396,515542
20140717,12:15:00.000,BBG000CGQ6M4,-0.0055737626,-0.0063324175,323687
20140717,12:15:00.000,BBG000C1S2X2,0.0028809623,-0.010845552,519334
20140717,12:15:00.000,BBG000C7LMS8,-0.0052841506,-0.009516247,30409
20140717,12:15:00.000,BBG000MDCQC2,-0.0009258604,0.0005488123,475604
20140717,12:15:00.000,BBG000JG0547,0.0024039187,-0.0037895972,319543
20140717,12:15:00.000,BBG000CJZ2W6,0.016656669,0.0034212654,833615
20140717,12:15:00.000,BBG0020B4JG7,-0.0036483675,-0.014025589,1545729
20140717,12:15:00.000,BBG000BNFLM9,-0.0038386197,-0.0040755537,373230
20140717,12:15:00.000,BBG000BCBCM7,0.0025915606,-0.00893254,2190819
20140717,12:15:00.000,BBG000CS7CT9,0.007918045,0.0017433536,841703
20140717,12:15:00.000,BBG000MZFMS2,-0.004914968,-0.015007908,450868
20140717,12:15:00.000,BBG000BKQ3V3,0.0051941024,-0.00902416,870404
20140717,12:15:00.000,BBG000BLCPY4,-0.0030756404,-0.01613275,215671
20140717,12:15:00.000,BBG000BC15S7,0.0024334867,-0.0012837537,306357
20140717,12:15:00.000,BBG000FKJRC5,0.0010763372,-0.0036597326,411533
20140717,12:15:00.000,BBG000BRJ809,0.006833774,0.0055437204,300764
20140717,12:15:00.000,BBG000C2PW58,-0.004746447,-0.01299469,313549
20140717,12:15:00.000,BBG000BCVMH9,0.027538328,0.026677463,1102276
20140717,12:15:00.000,BBG000BQ2C28,0.00966253,0.0045429133,336590
20140717,12:15:00.000,BBG000BBJQV0,0.014525493,-0.00051692966,2572783
20140717,12:15:00.000,BBG000G2R6M0,0.008952388,0.02190144,2217520
20140717,12:15:00.000,BBG000BTKGG8,-0.012534169,-0.024538321,1815918
20140717,12:15:00.000,BBG000BMQPL1,-0.021485012,-0.031018855,10954728
20140717,12:15:00.000,BBG000BMF5J0,-0.0009145296,-0.0149513595,3815148
20140717,12:15:00.000,BBG000BB6WG8,0.0022826819,-0.00523407,1040020
20140717,12:15:00.000,BBG000BM6788,0.00085067574,-0.0130389305,906970
20140717,12:15:00.000,BBG000FVXD63,-0.016233085,-0.025233332,1544075
20140717,12:15:00.000,BBG000C3HSR0,0.011854865,-5.1501377e-07,1232114
20140717,12:15:00.000,BBG000BN5HF7,-0.0135169355,-0.025064263,996360
20140717,12:15:00.000,BBG001QD41M9,-0.0019361787,-0.00970256,512627
20140717,12:15:00.000,BBG000CXYSZ6,0.006506176,0.0075221253,279957
20140717,12:15:00.000,BBG000BVMGF2,0.0048652394,0.0010316501,763802
20140717,12:15:00.000,BBG0019JZ882,0.006636627,-0.002979752,5222041
20140717,12:15:00.000,BBG000BKPL53,-0.008637631,-0.010268718,286311
20140717,12:15:00.000,BBG000PYZSR8,-0.011421316,-0.008354593,690943
20140717,12:15:00.000,BBG000F0KF42,-0.0070856963,-0.0155775435,1121963
20140717,12:15:00.000,BBG000FW00S1,-0.021644272,-0.032049183,3123949
20140717,12:15:00.000,BBG000BYYLS8,-0.013812756,-0.022718051,2505702
20140717,12:15:00.000,BBG000BB6M98,-0.003349969,-0.0058962586,1012305
20140717,12:15:00.000,BBG000D8RG11,-0.013620291,-0.02219863,2796463
20140717,12:15:00.000,BBG000CHWP52,0.020697419,0.023352072,1986030
20140717,12:15:00.000,BBG000D6L294,-0.0027600725,-0.014302402,520924
20140717,12:15:00.000,BBG000C3Y7J6,0.0016434873,-0.00047841022,274962
20140717,12:15:00.000,BBG000BM5SR2,-0.0021590688,-0.010981406,2191483
20140717,12:15:00.000,BBG000BS0ZF1,-0.003985641,-0.0034804058,198516
20140717,12:15:00.000,BBG000C0F570,0.001961682,-0.008675932,810957
20140717,12:15:00.000,BBG000C90DH9,-0.010448406,-0.007778156,2035391
20140717,12:15:00.000,BBG000BVWLJ6,0.0006108628,-0.0063822735,784899
20140717,12:15:00.000,BBG000BRK7L6,0.0020508543,-0.0072070262,1383614
20140717,12:15:00.000,BBG000BZ2GG4,0.002831416,-0.00675291,493057
20140717,12:15:00.000,BBG000BVL2G3,0.0007060187,-0.008941455,461924
20140717,12:15:00.000,BBG000C2YHG9,-0.0128519,-0.011909418,389587
20140717,12:15:00.000,BBG001BPFT54,0.009069338,-0.011179518,1274458
20140717,12:15:00.000,BBG000BH2JM1,0.007619863,0.0074226917,1651473
20140717,12:15:00.000,BBG000BPVCR1,0.0021262649,-0.003693835,380701
20140717,12:15:00.000,BBG002BHBHM1,-0.003279238,-0.0082528,648763
20140717,12:15:00.000,BBG000Q3JN03,-0.01493598,-0.02729378,10741793
20140717,12:15:00.000,BBG000BPT0C6,-0.0098312255,-0.018585447,948764
20140717,12:15:00.000,BBG000BQWPC5,-0.0011118302,-0.008003661,760644
20140717,12:15:00.000,BBG000BQ5DS5,-0.0014067191,-0.0033253895,556425
20140717,12:15:00.000,BBG000DY8ZS4,0.0042767455,-0.009176279,3589460
20140717,12:15:00.000,BBG000R8L7J3,-0.0114088,-0.022229604,4756162
20140717,12:15:00.000,BBG000BS9489,-0.005464172,-0.0023116653,759125
20140717,12:15:00.000,BBG000D898T9,0.0045616264,0.0003525563,474406
20140717,12:15:00.000,BBG000BFL116,0.003455474,-0.015207464,1105602
20140717,12:15:00.000,BBG001YMS0B8,-0.0066600717,-0.011085738,744588
20140717,12:15:00.000,BBG000QBR5J5,0.005438694,0.00015654559,1251275
20140717,12:15:00.000,BBG000BHC2S1,-0.005187178,-0.010567828,659481
20140717,12:15:00.000,BBG000BX3TD3,0.0050334116,-0.011171191,2680637
20140717,12:15:00.000,BBG000C1FQS9,-0.006969096,-0.011162193,594412
20140717,12:15:00.000,BBG000BLKK03,0.013605038,0.039317824,801455
20140717,12:15:00.000,BBG000BKCFC2,0.0021201342,-0.0024487467,1034581
20140717,12:15:00.000,BBG000C4DPX1,0.0017457678,-0.012288642,689932
20140717,12:15:00.000,BBG000BHZ5J9,-0.021929467,-0.028900972,763281
20140717,12:15:00.000,BBG000KLB4Q1,-0.010316179,-0.023438118,1745591
20140717,12:15:00.000,BBG000BMBL90,-0.008429451,-0.014546683,923858
20140717,12:15:00.000,BBG000C2BXK4,0.0017363648,-0.009782637,3336101
20140717,12:15:00.000,BBG000H0QBS7,-0.0010578898,-0.0035978283,2242044
20140717,12:15:00.000,BBG000BQZMH4,-0.00026386543,-0.0055781375,1725807
20140717,12:15:00.000,BBG000BLBXT4,-0.0040882095,-0.011450028,711751
20140717,12:15:00.000,BBG000BJ2VQ6,0.0012181005,-0.012770594,833249
20140717,12:15:00.000,BBG000BMY992,0.0035401562,-0.0024319484,765838
20140717,12:15:00.000,BBG000BXM6V2,0.008855871,0.0018317482,662694
20140717,12:15:00.000,BBG000BWSV34,-0.003725099,-0.011415296,483310
20140717,12:15:00.000,BBG000BKFBD7,0.00096941285,-0.006194746,579246
20140717,12:15:00.000,BBG000FP1N32,0.0013750852,-0.0057081105,1067234
20140717,12:15:00.000,BBG000BT4T69,0.008655483,-0.00031846136,719423
20140717,12:15:00.000,BBG000BFMBQ6,-0.012251792,0.013943225,1676782
20140717,12:15:00.000,BBG000C0HQ54,-0.0014170762,-0.00876254,362763
20140717,12:15:00.000,BBG000C0LW92,-0.0153010925,-0.01943286,2489287
20140717,12:15:00.000,BBG000BVPPM1,-0.0024519835,-0.010000882,744502
20140717,12:15:00.000,BBG000BMW2Z0,-0.004134122,-0.007922781,429702
20140717,12:15:00.000,BBG000BPWXK1,-0.0027052194,0.011108992,2920037
20140717,12:15:00.000,BBG000GC80B4,-0.003057085,-0.007647224,3494352
20140717,12:15:00.000,BBG000BXWBN9,0.0036524413,0.0013972498,1432647
20140717,12:15:00.000,BBG000BY33P5,0.002627037,0.004613851,3235466
20140717,12:15:00.000,BBG000R7RDB4,-0.0004914769,-0.011065362,426871
20140717,12:15:00.000,BBG000MBDGM6,-0.0012338593,-0.00652506,100434
20140717,12:15:00.000,BBG000BGLRN3,0.0010329074,-0.004041648,568058
20140717,12:15:00.000,BBG000BWJFZ4,0.014666295,0.013169025,416038
20140717,12:15:00.000,BBG000BGVW60,0.0024103106,-0.003296637,432503
20140717,12:15:00.000,BBG000BNJHS8,0.0036273976,-0.01533817,2334169
20140717,12:15:00.000,BBG000DKCC19,-0.00084785116,-0.007391295,751446
20140717,12:15:00.000,BBG000BXMFC3,0.03754533,0.026964623,1993422
20140717,12:15:00.000,BBG000BSD7C2,0.003973699,0.0016910612,356801
20140717,12:15:00.000,BBG000BSLZY7,-0.006378043,-0.017413484,2277971
20140717,12:15:00.000,BBG000BMDV41,-0.00047029345,-0.008433376,1489259
20140717,12:15:00.000,BBG001C7TST4,0.0025684605,-0.005371886,727986
20140717,12:15:00.000,BBG000BRJL00,0.0014899161,-0.0041600834,681187
20140717,12:15:00.000,BBG000BRD0D8,-0.0062315213,-0.0178449,1768941
20140717,12:15:00.000,BBG000BND699,-0.006500576,-0.022599768,1208041
20140717,12:15:00.000,BBG000BB9KF2,-0.0010424997,-0.004980761,672349
20140717,12:15:00.000,BBG000C1BW00,0.012702744,0.0071808505,588951
20140717,12:15:00.000,BBG000BTZQC4,0.00013557651,-0.0008363632,1277556
20140717,12:15:00.000,BBG000BWNFZ9,-0.015188543,-0.023412926,1350222
20140717,12:15:00.000,BBG000BJ98Z0,-0.00025127735,-0.010534591,502354
20140717,12:15:00.000,BBG000CNFQW6,-0.004598187,-0.012554025,416760
20140717,12:15:00.000,BBG000BGPTV6,0.001392836,-0.006776494,330156
20140717,12:15:00.000,BBG000BB07P9,-0.0012068049,0.01005592,5516657
20140717,12:15:00.000,BBG000C1FB75,0.010326549,0.005215462,553835
20140717,12:15:00.000,BBG001M8HHB7,0.02091169,0.007602444,437185
20140717,12:15:00.000,BBG000DHSPT0,0.0074070925,0.01121787,1648568
20140717,12:15:00.000,BBG000FQ6PY6,0.0076010907,0.0057557467,938578
20140717,12:15:00.000,BBG000BBDV81,0.0017451261,-0.0061734044,1459179
20140717,12:15:00.000,BBG000VC0T95,-0.011793897,-0.019749176,877238
20140717,12:15:00.000,BBG000BKFZM4,0.0019287589,-0.0059587327,1918633
20140717,12:15:00.000,BBG000D13GN8,-0.019635709,-0.034671616,615624
20140717,12:15:00.000,BBG000C0MF34,-0.005427455,-0.0005820714,270567
20140717,12:15:00.000,BBG000BFNR17,0.01593358,0.006668848,694354
20140717,12:15:00.000,BBG000BK67C7,0.0029495636,-0.0021277883,259946
20140717,12:15:00.000,BBG000FJLFX8,0.004125736,0.027330158,1703877
20140717,12:15:00.000,BBG000BH5LT6,-0.0048553115,-0.02091993,2287960
20140717,12:15:00.000,BBG000BD8PN9,0.0064797136,-0.0015745916,1649970
20140717,12:15:00.000,BBG000BH3GZ2,-0.054555606,-0.06651342,7250628
20140717,12:15:00.000,BBG000BB5006,-0.0026998103,-0.007253897,787183
20140717,12:15:00.000,BBG000BTR593,-0.033072133,-0.03872287,3542962
20140717,12:15:00.000,BBG000BRWGG9,-0.0009551587,-0.00988039,11356244
20140717,12:15:00.000,BBG000BJ3PD2,-0.0028917573,-0.011328534,669085
20140717,12:15:00.000,BBG000CSY9H9,0.010715677,0.004106892,2076308
20140717,12:15:00.000,BBG000FNRZ69,-0.0057134754,-0.011988087,1989957
20140717,12:15:00.000,BBG000C734W3,-0.0033441358,-0.016138086,312251
20140717,12:15:00.000,BBG000BCGY17,0.0052383896,0.00324727,1791642
20140717,12:15:00.000,BBG000BCVJ77,0.0026056557,0.001632575,1025057
20140717,12:15:00.000,BBG000C46HM9,0.0028416654,-0.000525519,970520
20140717,12:15:00.000,BBG000BJPDZ1,0.0074191447,0.0034319109,217823
20140717,12:15:00.000,BBG000BJL3N0,-0.036613084,-0.04595095,11457020
20140717,12:15:00.000,BBG000BGJRC8,-0.003882508,-0.0057741776,2985758
20140717,12:15:00.000,BBG000BBD070,0.0063316408,-0.0021666833,963330
20140717,12:15:00.000,BBG000BFQYY3,0.0012035229,-0.0036726734,902494
20140717,12:15:00.000,BBG000BPQD31,0.0025729754,-0.0037783685,1591997
20140717,12:15:00.000,BBG000BJ81C1,-0.00034340052,-0.0036089078,375672
20140717,12:15:00.000,BBG000B9WH86,0.007261434,-0.009647198,10579721
20140717,12:15:00.000,BBG000D42FJ0,0.023361722,0.009615831,985041
20140717,12:15:00.000,BBG000BHX7N2,-0.0007648336,-0.010004558,1408484
20140717,12:15:00.000,BBG000BH3JF8,-0.026154825,-0.043525763,5141200
20140717,12:15:00.000,BBG000JWD753,0.00046103483,-0.010677492,5995204
20140717,12:15:00.000,BBG000BHGDH5,0.0063466504,0.0020028611,1026992
20140717,12:15:00.000,BBG0014GG205,-0.0012291835,-0.019137925,2335381
20140717,12:15:00.000,BBG000G30YX4,0.002821468,-0.010203952,485290
20140717,12:15:00.000,BBG000BCG930,-0.0036982268,0.021436239,2001972
20140717,12:15:00.000,BBG000BWVCP8,-0.00064342364,-0.00890646,1557288
20140717,12:15:00.000,BBG000C3GN47,-0.020928295,-0.028254481,2828423
20140717,12:15:00.000,BBG000BT9DW0,0.003021935,-0.0020103436,1697468
20140717,12:15:00.000,BBG000BV8DN6,-0.0012573741,-0.0017112168,2289652
20140717,12:15:00.000,BBG0029SNR63,0.02045763,0.020528268,3339543
20140717,12:15:00.000,BBG000HCJMF9,0.0030095186,-0.0062743113,643286
20140717,12:15:00.000,BBG000D9D830,0.0018339849,-0.0021960181,863473
20140717,12:15:00.000,BBG000F6H8W8,-0.0040640426,-0.008485851,528892
20140717,12:15:00.000,BBG000B9ZXB4,0.025100144,0.021927226,3422933
20140717,12:15:00.000,BBG000BVDLH9,0.013433106,0.006794457,1375315
20140717,12:15:00.000,BBG000BBVJZ8,-0.0073274025,-0.01745924,1540207
20140717,12:15:00.000,BBG000BWXBC2,0.002242236,-0.0023417904,1270453
20140717,12:15:00.000,BBG000WCFV84,0.0021044598,0.0012069937,931511
20140717,12:15:00.000,BBG000BFDXW1,0.0055873734,-0.0072962134,1528381
20140717,12:15:00.000,BBG000DYGNW7,0.0073014186,0.0064220084,334463
20140717,12:15:00.000,BBG000BNBDC2,-0.00018116686,-0.0039805276,971606
20140717,12:15:00.000,BBG000BJSBJ0,0.00208396,-0.003039811,445648
20140717,12:15:00.000,BBG000BJF1Z8,-0.0002889423,-0.008843836,1003974
20140717,12:15:00.000,BBG000BY29C7,0.0094835935,0.009771103,2468664
20140717,12:15:00.000,BBG000BH13K9,0.0027138272,0.0006154764,1651031
20140717,12:15:00.000,BBG000BH1NH9,-0.008906013,-0.015093025,1517550
20140717,12:15:00.000,BBG000BLZRJ2,0.007548395,-0.0024618495,9895192
20140717,12:15:00.000,BBG000BVV7G1,-0.0023284536,-0.014271945,1726165
20140717,12:15:00.000,BBG000BL4504,-0.012744884,-0.025507119,3917890
20140717,12:15:00.000,BBG000BB6KF5,0.0036493621,-0.0057190554,1553320
20140717,12:15:00.000,BBG000DSMS70,0.009527841,-0.003682155,350209
20140717,12:15:00.000,BBG000C8H633,-0.0007221135,-0.009688345,1650744
20140717,12:15:00.000,BBG001DCCGR8,0.00071282184,-0.008798408,1161915
20140717,12:15:00.000,BBG000QX74T1,0.0051300274,-0.008907181,218028
20140717,12:15:00.000,BBG000M65M61,-0.008828811,-0.031963993,3891687
20140717,12:15:00.000,BBG000F80SZ5,0.021721661,0.0074636936,6823566
20140717,12:15:00.000,BBG000C5HS04,-0.0028913163,-0.004746742,2123334
20140717,12:15:00.000,BBG000H556T9,-0.0015526501,-0.005549893,1381697
20140717,12:15:00.000,BBG000NV1KK7,-0.0123536065,-0.014398191,1987047
20140717,12:15:00.000,BBG000L9CV04,-0.00484233,-0.014924545,1103494
20140717,12:15:00.000,BBG000BXRPH1,0.007394822,-0.004342547,451531
20140717,12:15:00.000,BBG000BNDN65,0.00095068343,-0.0060844533,2021117
20140717,12:15:00.000,BBG000BGKTF9,-0.007695237,-0.0137495315,1273625
20140717,12:15:00.000,BBG00286S4N9,-0.00255306,-0.0092738485,908661
20140717,12:15:00.000,BBG000H89QJ6,-0.0092392955,-0.0065637124,696322
20140717,12:15:00.000,BBG000BNWG87,-0.010558604,-0.013111325,3427839
20140717,12:15:00.000,BBG000BJX8C8,0.0017811892,-0.008259588,1239875
20140717,12:15:00.000,BBG000BD4VG8,-0.012377771,-0.024666065,2279933
20140717,12:15:00.000,BBG000D4LWF6,0.0006453353,-0.0023597735,3027527
20140717,12:15:00.000,BBG000FL1TC8,-0.009050092,-0.0044332906,984804
20140717,12:15:00.000,BBG000FFDM15,-0.007322993,-0.014814783,4948270
20140717,12:15:00.000,BBG000BBPFB9,0.0031880669,0.0021881175,5396045
20140717,12:15:00.000,BBG000BN2DC2,-0.0021012316,-0.006673617,1176277
20140717,12:15:00.000,BBG000BCQZS4,-0.001600383,-0.007886476,1033977
20140717,12:15:00.000,BBG000CPQZ77,0.006853126,1.4327483e-07,3332606
20140717,12:15:00.000,BBG000BP52R2,0.005670386,-0.0130702,1220117
20140717,12:15:00.000,BBG000J6XT05,-0.0180885,-0.023682682,3693924
20140717,12:15:00.000,BBG000BJDB15,-0.015469317,-0.004635324,3367522
20140717,12:15:00.000,BBG000LD9JQ8,-0.00862106,-0.018374898,1071084
20140717,12:15:00.000,BBG000FG3C43,-0.117529154,-0.12614214,17338156
20140717,12:15:00.000,BBG000BC2C10,0.008351292,-0.0009508078,1601322
20140717,12:15:00.000,BBG000BGRY34,0.0037157952,-0.002931458,775474
20140717,12:15:00.000,BBG000CTQBF3,0.0030196335,-0.008320207,1627190
20140717,12:15:00.000,BBG000H8TVT2,-0.001209724,-0.0061512296,1806553
20140717,12:15:00.000,BBG0025Y4RY4,-0.0037646908,-0.010252937,5105667
20140717,12:15:00.000,BBG000F1ZSQ2,-0.008628945,-0.017242633,1975729
20140717,12:15:00.000,BBG000CH5208,0.016674422,0.03439427,3398175
20140717,12:15:00.000,BBG000KHWT55,-0.0013145191,-0.008616686,4407841
20140717,12:15:00.000,BBG000BFWKC0,0.0020180852,-0.002287877,1128486
20140717,12:15:00.000,BBG000BP6LJ8,-0.0028361054,-0.0023913847,2314322
20140717,12:15:00.000,BBG000BW8S60,-0.0007176907,-0.006034576,1817583
20140717,12:15:00.000,BBG000BWLMJ4,0.0033534681,-0.00728219,1616728
20140717,12:15:00.000,BBG000Q2HM09,0.0015024702,-0.014558755,1407541
20140717,12:15:00.000,BBG000BW3299,-0.0034998832,-0.004767152,923285
20140717,12:15:00.000,BBG000BC40Y8,-0.016988348,-0.026838148,2462704
20140717,12:15:00.000,BBG000BBS2Y0,-0.0032078712,-0.010704114,1001753
20140717,12:15:00.000,BBG000DWG505,-0.0022361977,-0.0064812982,954308
20140717,12:15:00.000,BBG000BQQ2S6,-0.0005860171,-0.009044328,1075070
20140717,12:15:00.000,BBG000BZ9223,0.004447162,-0.0059340782,1043766
20140717,12:15:00.000,BBG000DH7JK6,-0.0009431164,-0.0011608878,934497
20140717,12:15:00.000,BBG000BHVJJ3,0.0012821995,-0.005927287,5144929
20140717,12:15:00.000,BBG000J2XL74,0.010135745,0.010925865,2789857
20140717,12:15:00.000,BBG000C17X76,0.013019509,0.0019757776,878427
20140717,12:15:00.000,BBG000BHBK84,0.0022121689,-0.006339483,1596190
20140717,12:15:00.000,BBG000Q9HH23,0.008271661,-0.00285396,707795
20140717,12:15:00.000,BBG000F0PF65,0.030522231,0.032411788,18591604
20140717,12:15:00.000,BBG000BF0K17,-0.0023081012,-0.008085125,1350283
20140717,12:15:00.000,BBG000C15T95,-0.001760596,-0.0007588134,2706482
20140717,12:15:00.000,BBG000NDYB67,0.00033597354,-0.005871208,5580492
20140717,12:15:00.000,BBG000DWYF03,-0.001049993,-0.00090912275,19595376
20140717,12:15:00.000,BBG000C6CFJ5,0.0065372367,-0.0014372026,2213348
20140717,12:15:00.000,BBG000BKTFN2,-0.0032846094,-0.015306538,2711687
20140717,12:15:00.000,BBG000BBGGQ1,-0.0023384967,-0.012284637,2810504
20140717,12:15:00.000,BBG000DLFM21,,,1428331
20140717,12:15:00.000,BBG000BBDZG3,-0.0047301347,-0.0018175666,2854486
20140717,12:15:00.000,BBG000DQLV23,-0.0015866737,-0.0075829346,2146055
20140717,12:15:00.000,BBG000BCSST7,0.00056201284,-0.0021585303,1938367
20140717,12:15:00.000,BBG000BQLTW7,0.008507201,0.0064587076,11609381
20140717,12:15:00.000,BBG000BQPC32,0.005527452,0.0022486746,26903572
20140717,12:15:00.000,BBG000BFC8J2,-0.0038949563,-0.01260935,1547006
20140717,12:15:00.000,BBG000BQQH30,-0.0037939118,-0.011576203,2134858
20140717,12:15:00.000,BBG000BMX289,-0.0035060714,-0.0028511672,2982681
20140717,12:15:00.000,BBG000BNSZP1,0.004012096,-0.0050888523,1892222
20140717,12:15:00.000,BBG005P7Q881,-0.012661512,-0.03255121,5653363
20140717,12:15:00.000,BBG000FH8PX5,,,515317
20140717,12:15:00.000,BBG000R7Z112,-0.0055836192,-0.02561029,8236438
20140717,12:15:00.000,BBG000BH4R78,0.0072343796,0.0029285585,2930026
20140717,12:15:00.000,BBG000BKZB36,0.003117966,-0.0020709098,1913255
20140717,12:15:00.000,BBG000BPD168,0.0018286312,-0.0025807414,2181897
20140717,12:15:00.000,BBG000BHQ1H0,0.009294636,0.003679179,522570
20140717,12:15:00.000,BBG000C496P7,,,15697631
20140717,12:15:00.000,BBG000C43RR5,0.021808904,0.016175034,11210750
20140717,12:15:00.000,BBG000BT41Q8,-0.0011794099,-0.012733716,2328418
20140717,12:15:00.000,BBG000PSKYX7,-0.0067422483,-0.01563686,1002041
20140717,12:15:00.000,BBG000BR2TH3,0.0029732357,-0.0022243806,2463074
20140717,12:15:00.000,BBG000GFFQN9,-0.004011681,-0.016574996,21477832
20140717,12:15:00.000,BBG000CGC1X8,-0.014047472,-0.012184008,4823116
20140717,12:15:00.000,BBG000BMHYD1,-0.002840298,-0.006556996,3400170
20140717,12:15:00.000,BBG000BFT2L4,-0.007952053,-0.0065407744,5355251
20140717,12:15:00.000,BBG000HS77T5,-0.00020894673,-0.006672595,4344916
20140717,12:15:00.000,BBG000K4ND22,0.004550577,-0.002444817,1695541
20140717,12:15:00.000,BBG000C3J3C9,-0.010388765,-0.007699074,13244567
20140717,12:15:00.000,BBG000BK6MB5,0.0039059964,-0.012224093,16935148
20140717,12:15:00.000,BBG000BWQFY7,0.006949252,-0.003908486,8997070
20140717,12:15:00.000,BBG000BLNNH6,0.014664963,0.011176937,3485930
20140717,12:15:00.000,BBG000H6HNW3,-0.01196156,-0.022845542,11948401
20140717,12:15:00.000,BBG000DMBXR2,0.00817207,-0.0030666075,5783459
20140717,12:15:00.000,BBG000BSJK37,0.003026928,-0.004115629,7034115
20140717,12:15:00.000,BBG000FY4S11,0.007474221,-0.0034128714,11194599
20140717,12:15:00.000,BBG000C5Z1S3,-0.021840513,-0.038389243,18824944
20140717,12:15:00.000,BBG000BR2B91,0.0039323494,-0.0012924835,16078631
20140717,12:15:00.000,BBG000N9MNX3,0.012722659,0.0026928543,2288493
20140717,12:15:00.000,BBG000C0G1D1,-0.009507478,-0.02135953,40743672
20140717,12:15:00.000,BBG002W96FT9,-0.0034207136,-0.012779023,1019413
20140717,12:15:00.000,BBG000BLBVN4,0.002827961,-0.0059335786,293990
20140717,12:15:00.000,BBG000CKGBP2,0.007865098,-0.0031616485,5746731
20140717,12:15:00.000,BBG000GZQ728,-0.0004262767,-0.007180121,2467031
20140717,12:15:00.000,BBG000BVPV84,0.0047670132,-0.009144849,1798297
20140717,12:15:00.000,BBG000BPH459,0.0079730665,0.006126503,48270320
20140717,12:15:00.000,BBG000BCTLF6,-0.0018235832,-0.015478752,49270048
20140717,12:15:00.000,BBG000BHSKN9,-0.00342908,-0.012298503,988873
20140717,12:15:00.000,BBG000CL9VN6,0.0045220847,-0.005252925,1072834
20140717,12:15:00.000,BBG000MM2P62,0.0052699074,-0.009904538,18472868
20140717,12:15:00.000,BBG000B9XRY4,-0.0041979994,-0.010498313,25212640
20140717,12:30:00.000,BBG000PCQQL6,-0.0019293509,-0.004526642,799417
20140717,12:30:00.000,BBG000BJP882,-0.008613957,-0.008160381,414277
20140717,12:30:00.000,BBG000BMFFQ0,-0.0019992846,-0.0040472886,329211
20140717,12:30:00.000,BBG000K1J931,0.008897542,-0.017674591,1340485
20140717,12:30:00.000,BBG000BQ87N0,-0.0003762107,-0.0037377581,286414
20140717,12:30:00.000,BBG000BBCQD7,0.0029635371,-2.9311192e-08,2139435
20140717,12:30:00.000,BBG000BQHGR6,-0.00045238461,-0.0056858477,290646
20140717,12:30:00.000,BBG000C75N77,-0.009231185,-0.020438178,718268
20140717,12:30:00.000,BBG000BJ8YN7,0.0050961864,0.000659549,1046076
20140717,12:30:00.000,BBG000BLXZN1,0.012994054,0.0070540896,1164054
20140717,12:30:00.000,BBG000BV4XJ1,0.011949507,-0.0027570946,176845
20140717,12:30:00.000,BBG000QKPTS5,0.016202733,0.008271856,432359
20140717,12:30:00.000,BBG000BV75B7,-0.0034225269,-0.011138053,205332
20140717,12:30:00.000,BBG000CB8Q50,-0.008849176,-0.0069598993,352969
20140717,12:30:00.000,BBG000BNPSQ9,-0.00418198,-0.02082703,736831
20140717,12:30:00.000,BBG000H4YVR7,-0.008608331,-0.021364255,339720
20140717,12:30:00.000,BBG000JB27Y9,0.0012411826,-0.000563716,276750
20140717,12:30:00.000,BBG000BVHBM1,0.0031100325,-0.01985342,865657
20140717,12:30:00.000,BBG000BQSQ38,7.5844335e-05,-0.0064044534,635624
20140717,12:30:00.000,BBG001XJRMF5,-0.009214253,0.0022521007,578041
20140717,12:30:00.000,BBG000BNGTQ7,0.0043888194,0.0034016792,878941
20140717,12:30:00.000,BBG000B9X8C0,0.00096746656,-0.0030206372,334100
20140717,12:30:00.000,BBG000GPXKX9,-0.0069961688,-0.013803047,228592
20140717,12:30:00.000,BBG000BV7LP7,-0.0014766676,-0.0051957504,365786
20140717,12:30:00.000,BBG001NY45K9,-0.02225927,-0.032839056,1812070
20140717,12:30:00.000,BBG000L8CBX4,-0.0044333693,-0.0041195718,86358
20140717,12:30:00.000,BBG000BHCP19,0.008106659,-0.0046157893,307515
20140717,12:30:00.000,BBG000JKCWS0,0.002197133,-0.0020244073,119988
20140717,12:30:00.000,BBG000CPHYL4,-0.0024270704,-0.0023606156,858364
20140717,12:30:00.000,BBG000F86GP6,0.0025456203,-0.0048229555,166844
20140717,12:30:00.000,BBG000V31J96,-0.0017984861,-0.009718826,1097212
20140717,12:30:00.000,BBG000BWVSR1,-0.002408689,-0.006831273,283732
20140717,12:30:00.000,BBG000DLVDK3,0.0154005,0.030918658,1080933
20140717,12:30:00.000,BBG003641015,0.00080161326,-0.0069886018,452460
20140717,12:30:00.000,BBG000BQD1J2,-0.00095704314,-0.0024566632,15671820
20140717,12:30:00.000,BBG000BWXL85,-0.006764169,-0.008935708,348349
20140717,12:30:00.000,BBG001J1QN87,-0.0027582545,-0.017072406,223559
20140717,12:30:00.000,BBG000BFJ645,0.0048779114,-0.004913796,2162112
20140717,12:30:00.000,BBG000BPZBB6,0.0042328825,-0.0012922107,327034
20140717,12:30:00.000,BBG000RNTSX0,0.006383616,0.0022401314,506111
20140717,12:30:00.000,BBG000C23KJ3,0.0025789083,-0.007871604,1493733
20140717,12:30:00.000,BBG000CZWZ05,0.024825443,0.011265847,1106515
20140717,12:30:00.000,BBG000CR90K4,0.023433262,0.007024501,17662512
20140717,12:30:00.000,BBG000BBL0Y1,-0.0041662697,-0.019314,608376
20140717,12:30:00.000,BBG000BKQG80,-0.0020218312,-0.009196475,390717
20140717,12:30:00.000,BBG000K14Q84,0.0012119086,-0.007917578,1781599
20140717,12:30:00.000,BBG000Q0BPZ4,0.0060723647,-0.0063343407,307170
20140717,12:30:00.000,BBG000BHB3M6,-0.012365699,-0.023210444,786149
20140717,12:30:00.000,BBG000BLMZK6,-0.0024837148,-0.012929175,515549
20140717,12:30:00.000,BBG000QFJ7H3,0.0037411582,-0.006948804,548611
20140717,12:30:00.000,BBG000BLDV98,-0.004275295,-0.0128971925,646828
20140717,12:30:00.000,BBG000PLXQQ3,0.021270433,0.018279653,3316571
20140717,12:30:00.000,BBG000BGYMH7,0.0043828194,-0.012569958,185906
20140717,12:30:00.000,BBG000H9G7X2,-0.01051481,-0.015417357,841561
20140717,12:30:00.000,BBG000BRZJR8,-0.0068777674,-0.025369639,755673
20140717,12:30:00.000,BBG000BJDPC2,-0.009001356,-0.009359693,428807
20140717,12:30:00.000,BBG000BDY3Y7,-0.0010510769,-0.003566898,1214456
20140717,12:30:00.000,BBG000BPNP00,0.0047432026,-0.005952766,781055
20140717,12:30:00.000,BBG000BBB3K1,0.0056229406,0.0032679432,1603043
20140717,12:30:00.000,BBG000BFV115,-0.0018834488,-0.012394097,501019
20140717,12:30:00.000,BBG000CXD6X9,-0.005782902,-0.0073842695,812200
20140717,12:30:00.000,BBG000QN4GY3,-0.020535735,-0.027005598,1148615
20140717,12:30:00.000,BBG000BWCKB6,-0.007000272,-0.006462747,1062665
20140717,12:30:00.000,BBG000BKXFN7,-0.0022974454,-0.013606031,788908
20140717,12:30:00.000,BBG000F9KJN4,0.0032356253,-0.004425085,731002
20140717,12:30:00.000,BBG000BQV1S2,0.0014762377,-0.014781697,322248
20140717,12:30:00.000,BBG000BTQR96,0.0031217202,-0.0071882717,455394
20140717,12:30:00.000,BBG000F6ZWH2,-0.0016091499,-0.008398491,568238
20140717,12:30:00.000,BBG000BMZ7P7,0.00503453,0.0014985342,608335
20140717,12:30:00.000,BBG000BB29X4,0.001652373,-0.0029535855,291449
20140717,12:30:00.000,BBG000BBCDZ2,-0.004680747,-0.011359118,248223
20140717,12:30:00.000,BBG000C6F3T8,0.021179222,0.0065024346,14658286
20140717,12:30:00.000,BBG000BFVXX0,0.000994723,-0.0019861318,490903
20140717,12:30:00.000,BBG000G6BN50,-0.0020307477,-0.011803217,156130
20140717,12:30:00.000,BBG000BRXP69,0.00024501415,-0.0030095521,328561
20140717,12:30:00.000,BBG000BPMH90,0.02004314,0.009700472,1106799
20140717,12:30:00.000,BBG000D9DMK0,0.0017327941,0.0030541392,716789
20140717,12:30:00.000,BBG000D14WM3,0.00050311285,-0.012083428,5724884
20140717,12:30:00.000,BBG000PVRDL2,0.007517858,0.024629088,2704427
20140717,12:30:00.000,BBG000BSC0K9,-0.000546395,-0.00073285704,515634
20140717,12:30:00.000,BBG000R0L5J4,0.008216276,-0.00095753773,873815
20140717,12:30:00.000,BBG000JH6683,0.001404997,-0.021191806,605092
20140717,12:30:00.000,BBG000BG14P4,0.012013579,-0.0074589327,662203
20140717,12:30:00.000,BBG000D9KWL9,0.009917912,0.0006140208,452442
20140717,12:30:00.000,BBG000BKWSR6,-0.01527791,-0.0238957,4993857
20140717,12:30:00.000,BBG000BC9938,0.0076067313,0.0017551264,635138
20140717,12:30:00.000,BBG000BB1TH9,-0.0055380664,-0.0113223735,331053
20140717,12:30:00.000,BBG000BJ49H3,-0.0040073814,-0.0073661297,820525
20140717,12:30:00.000,BBG000BFS7D3,-0.00011037831,-0.0027533593,267026
20140717,12:30:00.000,BBG000BN9WT5,0.0029594104,-0.007529676,418565
20140717,12:30:00.000,BBG000BKR1D6,0.005319584,0.00067450065,733536
20140717,12:30:00.000,BBG000BFRF55,0.01201791,-0.005091062,2489845
20140717,12:30:00.000,BBG000BKTT89,-0.00051133,-0.011947931,274705
20140717,12:30:00.000,BBG000BQ8KV2,-0.0006852144,-0.013067892,581883
20140717,12:30:00.000,BBG000BQVWZ6,-0.005697846,-0.020232309,3337774
20140717,12:30:00.000,BBG000BHKYH4,-6.7363915e-05,-0.0021253903,325116
20140717,12:30:00.000,BBG000BS7KS3,-0.0044522854,-0.005314774,204184
20140717,12:30:00.000,BBG000CGT2S4,-0.033597592,-0.045240022,3892585
20140717,12:30:00.000,BBG000F7RCJ1,-0.0016881698,-0.009140587,215286
20140717,12:30:00.000,BBG000BMTFR4,-0.0010528094,-0.00027049537,791072
20140717,12:30:00.000,BBG000TJM7F0,-0.0051837848,-0.004466968,488765
20140717,12:30:00.000,BBG000BMKDM3,0.0033305464,-0.0001512195,532942
20140717,12:30:00.000,BBG000FLZN98,0.0002990814,-0.0096352,337167
20140717,12:30:00.000,BBG000BKLH74,8.357e-05,-0.000251884,1904112
20140717,12:30:00.000,BBG000BCTQ65,-0.00093722943,-0.0056760316,769515
20140717,12:30:00.000,BBG000D1QCF1,-0.0050063273,-0.008635816,441256
20140717,12:30:00.000,BBG000BSXQV7,0.03980933,0.03642133,797492
20140717,12:30:00.000,BBG000BG09F5,-0.016995722,-0.026547156,418638
20140717,12:30:00.000,BBG000FLPRH1,-0.009424136,-0.013642963,354440
20140717,12:30:00.000,BBG000PV2L86,-0.0035975606,-0.010206994,184367
20140717,12:30:00.000,BBG000BGYWY6,0.00083265244,-0.0051649217,248854
20140717,12:30:00.000,BBG000C060M4,0.0028346262,-0.003990035,209700
20140717,12:30:00.000,BBG000BDXGP9,-0.004762853,-0.009069479,1316777
20140717,12:30:00.000,BBG000BGD7W6,-0.002182038,-0.006953907,842998
20140717,12:30:00.000,BBG000BP8Z50,-0.0018852083,-0.0032742387,386486
20140717,12:30:00.000,BBG000HW5GX3,0.0040096063,-0.007143874,809213
20140717,12:30:00.000,BBG000C4ZZ10,-0.003843552,-0.010766026,186865
20140717,12:30:00.000,BBG000BNNYW1,-0.060473777,-0.061755195,8079197
20140717,12:30:00.000,BBG000BR37X2,0.0018399069,-5.204284e-08,1424237
20140717,12:30:00.000,BBG000BLW530,-0.0029198853,-0.006710365,433951
20140717,12:30:00.000,BBG000BF1R66,-0.0007643158,-0.0034621765,168525
20140717,12:30:00.000,BBG000BKNX95,0.0005388323,-0.0053586583,960259
20140717,12:30:00.000,BBG000BWP7D9,0.0025429847,-0.003542544,552531
20140717,12:30:00.000,BBG000BBMSJ6,0.0065862606,-0.0054400824,479949
20140717,12:30:00.000,BBG000DN7P92,0.0037469747,0.0005467776,522719
20140717,12:30:00.000,BBG000BCZYD3,-0.0038841798,-0.0057560084,151044
20140717,12:30:00.000,BBG000CVWGS6,-0.002827096,-0.005214371,2372507
20140717,12:30:00.000,BBG000BLHRS2,0.002586382,0.00037932268,609864
20140717,12:30:00.000,BBG000BY2Y78,0.00029353413,-0.007454853,422388
20140717,12:30:00.000,BBG000BK6G19,0.04322723,0.031524174,2924885
20140717,12:30:00.000,BBG002S5ZRF9,0.020294586,0.009299512,335253
20140717,12:30:00.000,BBG000BNC3Y9,0.0051871305,-0.004854253,384912
20140717,12:30:00.000,BBG000BTCH57,-0.0010063049,-0.012424154,440019
20140717,12:30:00.000,BBG000BB03M1,0.0081375055,0.0026863676,661000
20140717,12:30:00.000,BBG000BN84F3,0.00038775738,0.0008125664,562641
20140717,12:30:00.000,BBG000BB5BF6,0.007527539,-0.0018051293,781762
20140717,12:30:00.000,BBG000FDBX90,0.0051150727,0.0008027455,1282021
20140717,12:30:00.000,BBG000RGM5P1,0.010605199,0.0022233704,458765
20140717,12:30:00.000,BBG000BB5373,-0.0014708311,-0.009678201,2161254
20140717,12:30:00.000,BBG000BFDLV8,0.0035284245,-0.0006563339,733371
20140717,12:30:00.000,BBG000BGRKT6,0.0024498592,0.002266225,186804
20140717,12:30:00.000,BBG000BTVJ25,-0.005203544,-0.01051902,804597
20140717,12:30:00.000,BBG000BVMPN3,-0.0045865993,-0.010744814,605901
20140717,12:30:00.000,BBG000C2ZCH8,0.0051424387,0.00088033016,320185
20140717,12:30:00.000,BBG0014GJCT9,0.012832592,0.010890862,546877
20140717,12:30:00.000,BBG000C11MQ5,-0.0033722923,-0.017299311,381170
20140717,12:30:00.000,BBG003P9ZSL3,0.0015582858,0.0034264317,336703
20140717,12:30:00.000,BBG000BX5ZF5,0.0013514645,-0.0077848416,2725248
20140717,12:30:00.000,BBG000C2V3D6,-0.012946461,-0.021065678,2487942
20140717,12:30:00.000,BBG000BQVTF5,0.00074393395,-0.006123186,448989
20140717,12:30:00.000,BBG000D2M0Z7,-0.004109204,-0.008570702,207170
20140717,12:30:00.000,BBG000CHPY97,-0.015228223,-0.025938295,2437806
20140717,12:30:00.000,BBG000N746D6,0.010345623,-0.0037886898,1042510
20140717,12:30:00.000,BBG000M1R011,0.011997144,0.00417293,743734
20140717,12:30:00.000,BBG000BHLYP4,0.005947994,-0.0016968816,361346
20140717,12:30:00.000,BBG000BB6G37,0.0028680675,-0.007917764,378064
20140717,12:30:00.000,BBG000BR14K5,-0.0016376958,-0.005017003,295151
20140717,12:30:00.000,BBG000PX3XC0,-0.00853803,-0.021144425,1582425
20140717,12:30:00.000,BBG000J1QLT0,-0.0069311536,-0.007221551,411783
20140717,12:30:00.000,BBG0039320N9,-0.0075937994,-0.009811202,1116983
20140717,12:30:00.000,BBG000BC4JJ4,-0.0031677207,-0.0051229885,323228
20140717,12:30:00.000,BBG000BM7HL0,0.0036250611,0.00036041797,665972
20140717,12:30:00.000,BBG000BP1Q11,-0.004153465,-0.0067171943,312986
20140717,12:30:00.000,BBG000BF6LY3,-0.0021575803,-0.0130662145,802275
20140717,12:30:00.000,BBG000BF5RY1,0.0059307935,0.0057762014,1100040
20140717,12:30:00.000,BBG000BFTJ91,-0.0064346907,-0.0064002327,689349
20140717,12:30:00.000,BBG000BR54L0,0.01307489,-0.010518309,3136248
20140717,12:30:00.000,BBG000J5Q6L2,0.008904591,-3.3641598e-07,2010011
20140717,12:30:00.000,BBG000BCWCG1,-0.022923654,-0.034544848,1805954
20140717,12:30:00.000,BBG000TWC2V5,-0.002494161,-0.007258721,298843
20140717,12:30:00.000,BBG000BCYP43,-0.006638525,-0.00863127,183917
20140717,12:30:00.000,BBG000C221G9,-0.0039292634,-0.0168638,700654
20140717,12:30:00.000,BBG000BZTW70,0.0047386345,-0.007568896,1799932
20140717,12:30:00.000,BBG000BKZTP3,-0.003231778,-0.006377133,876155
20140717,12:30:00.000,BBG000R8ZVD1,0.00917974,0.004330014,1489276
20140717,12:30:00.000,BBG000CKVSG8,-0.012243977,-0.02323091,849268
20140717,12:30:00.000,BBG000DNTSP4,0.0010026394,-0.005153468,1374476
20140717,12:30:00.000,BBG000BP4MH0,0.001843955,-0.0026899963,525644
20140717,12:30:00.000,BBG000BR3KL6,-0.0014228746,-0.013121687,288311
20140717,12:30:00.000,BBG000BJQWD2,0.006944509,-0.002877208,506900
20140717,12:30:00.000,BBG000G0Z878,-0.0019261113,-0.008092346,741873
20140717,12:30:00.000,BBG000D7RKJ5,0.0047572777,1.6444461e-07,778152
20140717,12:30:00.000,BBG000G9CGL0,-0.0001498918,-0.01028731,327298
20140717,12:30:00.000,BBG000DTMH63,0.006765891,-0.004536465,1744162
20140717,12:30:00.000,BBG0029BK2G7,-0.008898703,-0.015493159,423757
20140717,12:30:00.000,BBG000G3QLY3,0.0050528795,-0.0034370155,245882
20140717,12:30:00.000,BBG000BP0KQ8,0.0053493455,0.002693929,1772886
20140717,12:30:00.000,BBG001NVJ6W4,-0.05785287,-0.072852515,3198052
20140717,12:30:00.000,BBG000BSBZH7,0.0032426447,0.004988014,2231654
20140717,12:30:00.000,BBG000BHGCD1,-0.0023459855,-0.012983127,291114
20140717,12:30:00.000,BBG000BL9JQ1,-0.0034403338,-0.011089781,576877
20140717,12:30:00.000,BBG000BH5DV1,-0.0034209534,-0.0036790944,329938
20140717,12:30:00.000,BBG000QW7VC1,0.009328643,0.0096738655,3924129
20140717,12:30:00.000,BBG000DQTXY6,-0.004639968,-0.029154923,2794680
20140717,12:30:00.000,BBG000QY3XZ2,-0.0007309585,-0.013040135,560226
20140717,12:30:00.000,BBG000BBBNC6,0.012728375,0.009984997,896705
20140717,12:30:00.000,BBG000F15NW9,0.0008368515,-0.0020694057,780599
20140717,12:30:00.000,BBG000BNNKG9,-0.00013206615,-0.01264361,1309197
20140717,12:30:00.000,BBG000BFXHL6,-0.0062773856,-0.0081592295,729973
20140717,12:30:00.000,BBG000BRRG02,0.0047198865,0.0038980043,498098
20140717,12:30:00.000,BBG000BHLYS1,0.0018016214,-0.0040594134,534155
20140717,12:30:00.000,BBG000CGQ6M4,-0.0065196655,-0.006257439,337985
20140717,12:30:00.000,BBG000C1S2X2,0.0041158716,-0.011206908,565426
20140717,12:30:00.000,BBG000C7LMS8,-0.0052840323,-0.009055559,33086
20140717,12:30:00.000,BBG000MDCQC2,-0.001434589,0.0002748303,497232
20140717,12:30:00.000,BBG000JG0547,0.0019451531,-0.0040382063,334140
20140717,12:30:00.000,BBG000CJZ2W6,0.015194491,0.0019242865,863708
20140717,12:30:00.000,BBG0020B4JG7,0.00042933464,-0.010121504,1636614
20140717,12:30:00.000,BBG000BNFLM9,-0.003477888,-0.003302595,401643
20140717,12:30:00.000,BBG000BCBCM7,0.0029086568,-0.009825673,2298885
20140717,12:30:00.000,BBG000CS7CT9,0.008005452,0.002905425,877911
20140717,12:30:00.000,BBG000MZFMS2,-0.005781864,-0.01639957,513642
20140717,12:30:00.000,BBG000BKQ3V3,0.005033469,-0.006188047,906164
20140717,12:30:00.000,BBG000BLCPY4,-0.0037211461,-0.013981822,240027
20140717,12:30:00.000,BBG000BC15S7,0.0027244196,-0.001283789,344947
20140717,12:30:00.000,BBG000FKJRC5,0.0010622008,-0.0035931221,430484
20140717,12:30:00.000,BBG000BRJ809,0.0070600165,0.0063460693,337884
20140717,12:30:00.000,BBG000C2PW58,-0.003124948,-0.0115029905,324988
20140717,12:30:00.000,BBG000BCVMH9,0.026621679,0.026460117,1127759
20140717,12:30:00.000,BBG000BQ2C28,0.009305967,0.0040963744,352968
20140717,12:30:00.000,BBG000BBJQV0,0.015054393,-0.00051689416,2683165
20140717,12:30:00.000,BBG000G2R6M0,0.010390699,0.02482173,2443897
20140717,12:30:00.000,BBG000BTKGG8,-0.0124733085,-0.024538249,1881005
20140717,12:30:00.000,BBG000BMQPL1,-0.023310402,-0.03313367,11415829
20140717,12:30:00.000,BBG000BMF5J0,-0.00021834523,-0.013801398,3930187
20140717,12:30:00.000,BBG000BB6WG8,0.0026523648,-0.0041871844,1085654
20140717,12:30:00.000,BBG000BM6788,-0.00013090628,-0.013599012,928426
20140717,12:30:00.000,BBG000FVXD63,-0.015787452,-0.024676688,1600191
20140717,12:30:00.000,BBG000C3HSR0,0.012314641,0.0008497791,1270662
20140717,12:30:00.000,BBG000BN5HF7,-0.013096892,-0.025309982,1016905
20140717,12:30:00.000,BBG001QD41M9,-0.0036122096,-0.010788474,587095
20140717,12:30:00.000,BBG000CXYSZ6,0.007843169,0.008844256,296737
20140717,12:30:00.000,BBG000BVMGF2,0.004845845,0.00068791036,798373
20140717,12:30:00.000,BBG0019JZ882,0.007175312,-0.0016253148,5426237
20140717,12:30:00.000,BBG000BKPL53,-0.008356448,-0.009928193,295253
20140717,12:30:00.000,BBG000PYZSR8,-0.011341819,-0.008568048,702782
20140717,12:30:00.000,BBG000F0KF42,-0.0087935515,-0.017045552,1161302
20140717,12:30:00.000,BBG000FW00S1,-0.022500237,-0.032665588,3285731
20140717,12:30:00.000,BBG000BYYLS8,-0.013574014,-0.022718128,2651893
20140717,12:30:00.000,BBG000BB6M98,-0.0029803857,-0.006206546,1046970
20140717,12:30:00.000,BBG000D8RG11,-0.014211427,-0.024023104,2965943
20140717,12:30:00.000,BBG000CHWP52,0.02083902,0.023531696,2066906
20140717,12:30:00.000,BBG000D6L294,-0.0026611858,-0.014057497,545870
20140717,12:30:00.000,BBG000C3Y7J6,0.002073325,0.00010627609,305205
20140717,12:30:00.000,BBG000BM5SR2,-0.0033254328,-0.011979711,2372907
20140717,12:30:00.000,BBG000BS0ZF1,-0.0029232958,-0.0024676928,208498
20140717,12:30:00.000,BBG000C0F570,0.0022150513,-0.008779327,845169
20140717,12:30:00.000,BBG000C90DH9,-0.011764466,-0.009333745,2237851
20140717,12:30:00.000,BBG000BVWLJ6,1.1084761e-05,-0.006602536,814809
20140717,12:30:00.000,BBG000BRK7L6,0.0007538752,-0.008648478,1422175
20140717,12:30:00.000,BBG000BZ2GG4,0.0015834523,-0.0051723765,534887
20140717,12:30:00.000,BBG000BVL2G3,0.00047789703,-0.008941393,488165
20140717,12:30:00.000,BBG000C2YHG9,-0.014004861,-0.013207275,419072
20140717,12:30:00.000,BBG001BPFT54,0.0067561474,-0.014186406,1326974
20140717,12:30:00.000,BBG000BH2JM1,0.008259652,0.007859388,1750715
20140717,12:30:00.000,BBG000BPVCR1,0.0038185923,-0.00295496,452937
20140717,12:30:00.000,BBG002BHBHM1,-0.005625822,-0.0111813815,736346
20140717,12:30:00.000,BBG000Q3JN03,-0.014758856,-0.02729378,11371274
20140717,12:30:00.000,BBG000BPT0C6,-0.010508773,-0.019045016,976833
20140717,12:30:00.000,BBG000BQWPC5,-0.0012590612,-0.008635218,782546
20140717,12:30:00.000,BBG000BQ5DS5,-0.0015126996,-0.0026130697,580856
20140717,12:30:00.000,BBG000DY8ZS4,0.0029335527,-0.0074283327,3712030
20140717,12:30:00.000,BBG000R8L7J3,-0.0112280045,-0.02222976,5200955
20140717,12:30:00.000,BBG000BS9489,-0.0048972433,-0.0018910887,777015
20140717,12:30:00.000,BBG000D898T9,0.005088849,0.000986463,520102
20140717,12:30:00.000,BBG000BFL116,0.0046523,-0.015601453,1133678
20140717,12:30:00.000,BBG001YMS0B8,-0.007177541,-0.01108573,776197
20140717,12:30:00.000,BBG000QBR5J5,0.00690319,0.0015620146,1375178
20140717,12:30:00.000,BBG000BHC2S1,-0.0064630383,-0.012567136,685692
20140717,12:30:00.000,BBG000BX3TD3,0.0058629485,-0.008937027,2778204
20140717,12:30:00.000,BBG000C1FQS9,-0.008041923,-0.012958213,630728
20140717,12:30:00.000,BBG000BLKK03,0.013874038,0.041123018,844485
20140717,12:30:00.000,BBG000BKCFC2,0.0017822228,-0.0018833147,1083623
20140717,12:30:00.000,BBG000C4DPX1,0.0031813518,-0.011270405,714299
20140717,12:30:00.000,BBG000BHZ5J9,-0.02361598,-0.030447539,802801
20140717,12:30:00.000,BBG000KLB4Q1,-0.011738336,-0.025321612,1972905
20140717,12:30:00.000,BBG000BMBL90,-0.008490073,-0.014141117,952794
20140717,12:30:00.000,BBG000C2BXK4,0.0009105727,-0.0105653135,3459766
20140717,12:30:00.000,BBG000H0QBS7,-0.00021059268,-0.0025857703,2285315
20140717,12:30:00.000,BBG000BQZMH4,-0.0004178501,-0.0063750637,1795336
20140717,12:30:00.000,BBG000BLBXT4,-0.003234581,-0.010244688,777884
20140717,12:30:00.000,BBG000BJ2VQ6,0.0033178509,-0.0080275005,935978
20140717,12:30:00.000,BBG000BMY992,0.0046450337,-0.0008107461,809621
20140717,12:30:00.000,BBG000BXM6V2,0.009578713,0.0019189104,698050
20140717,12:30:00.000,BBG000BWSV34,-0.0035471667,-0.010811017,498298
20140717,12:30:00.000,BBG000BKFBD7,0.0022771657,-0.00497038,613590
20140717,12:30:00.000,BBG000FP1N32,0.002013095,-0.00489454,1186555
20140717,12:30:00.000,BBG000BT4T69,0.0080371415,-0.00031846136,758467
20140717,12:30:00.000,BBG000BFMBQ6,-0.0112735955,0.01628477,1728808
20140717,12:30:00.000,BBG000C0HQ54,-0.0029353106,-0.01100919,385138
20140717,12:30:00.000,BBG000C0LW92,-0.013574803,-0.017878186,2674317
20140717,12:30:00.000,BBG000BVPPM1,-0.0033809247,-0.010925312,772829
20140717,12:30:00.000,BBG000BMW2Z0,-0.0044063884,-0.007835386,455765
20140717,12:30:00.000,BBG000BPWXK1,-0.0024704451,0.012696023,3098818
20140717,12:30:00.000,BBG000GC80B4,-0.0025714356,-0.0074785934,3574452
20140717,12:30:00.000,BBG000BXWBN9,0.0039038523,0.00186303,1510189
20140717,12:30:00.000,BBG000BY33P5,0.0025208567,0.00461386,3380996
20140717,12:30:00.000,BBG000R7RDB4,-0.0006308293,-0.010893405,448393
20140717,12:30:00.000,BBG000MBDGM6,-0.0017561116,-0.0072156913,106736
20140717,12:30:00.000,BBG000BGLRN3,0.0019765163,-0.0037723177,607671
20140717,12:30:00.000,BBG000BWJFZ4,0.016351972,0.015452412,435022
20140717,12:30:00.000,BBG000BGVW60,0.0017026762,-0.004443241,455048
20140717,12:30:00.000,BBG000BNJHS8,0.0030112946,-0.0131979985,2428679
20140717,12:30:00.000,BBG000DKCC19,-0.0014110088,-0.007391499,818797
20140717,12:30:00.000,BBG000BXMFC3,0.03806772,0.026641661,2050515
20140717,12:30:00.000,BBG000BSD7C2,0.0037511734,0.001691226,376999
20140717,12:30:00.000,BBG000BSLZY7,-0.007674689,-0.01886462,2377336
20140717,12:30:00.000,BBG000BMDV41,-0.00073092984,-0.008334158,1634792
20140717,12:30:00.000,BBG001C7TST4,0.0008182126,-0.0068759145,766821
20140717,12:30:00.000,BBG000BRJL00,0.0011598751,-0.005051473,748697
20140717,12:30:00.000,BBG000BRD0D8,-0.0060251025,-0.017962273,1853025
20140717,12:30:00.000,BBG000BND699,-0.008220895,-0.024613818,1262973
20140717,12:30:00.000,BBG000BB9KF2,-0.0010298662,-0.0055342396,702651
20140717,12:30:00.000,BBG000C1BW00,0.012335015,0.0062523764,605712
20140717,12:30:00.000,BBG000BTZQC4,0.00044453706,4.821337e-07,1327532
20140717,12:30:00.000,BBG000BWNFZ9,-0.015199702,-0.023314042,1384021
20140717,12:30:00.000,BBG000BJ98Z0,0.002456477,-0.0070787976,529963
20140717,12:30:00.000,BBG000CNFQW6,-0.005230364,-0.013294559,426448
20140717,12:30:00.000,BBG000BGPTV6,0.0007542596,-0.006646772,356420
20140717,12:30:00.000,BBG000BB07P9,-0.0012467774,0.011114486,6042378
20140717,12:30:00.000,BBG000C1FB75,0.011105527,0.0060892473,568871
20140717,12:30:00.000,BBG001M8HHB7,0.023264632,0.009711465,465271
20140717,12:30:00.000,BBG000DHSPT0,0.0067280713,0.010302303,1705239
20140717,12:30:00.000,BBG000FQ6PY6,0.0074285246,0.005203899,986822
20140717,12:30:00.000,BBG000BBDV81,0.0016881607,-0.0065782233,1522598
20140717,12:30:00.000,BBG000VC0T95,-0.008088857,-0.015963564,969142
20140717,12:30:00.000,BBG000BKFZM4,0.0021078456,-0.005958666,2046225
20140717,12:30:00.000,BBG000D13GN8,-0.024726784,-0.03992845,673709
20140717,12:30:00.000,BBG000C0MF34,-0.00658914,-0.0012223676,285734
20140717,12:30:00.000,BBG000BFNR17,0.020565638,0.010957421,722559
20140717,12:30:00.000,BBG000BK67C7,0.0031775045,-0.0019575858,274822
20140717,12:30:00.000,BBG000FJLFX8,0.0036694957,0.028243098,1748533
20140717,12:30:00.000,BBG000BH5LT6,-0.0052432073,-0.018670512,2441190
20140717,12:30:00.000,BBG000BD8PN9,0.006674008,-0.0015745816,1765961
20140717,12:30:00.000,BBG000BH3GZ2,-0.051338974,-0.06300656,7531921
20140717,12:30:00.000,BBG000BB5006,-0.0030039775,-0.0074613504,818005
20140717,12:30:00.000,BBG000BTR593,-0.030614294,-0.036187526,3731740
20140717,12:30:00.000,BBG000BRWGG9,-0.001742313,-0.0098803975,12980329
20140717,12:30:00.000,BBG000BJ3PD2,-0.002967089,-0.011202617,693366
20140717,12:30:00.000,BBG000CSY9H9,0.0092013655,0.0025458564,2160014
20140717,12:30:00.000,BBG000FNRZ69,-0.011303723,-0.0171261,2302145
20140717,12:30:00.000,BBG000C734W3,-0.0035987434,-0.018163666,330147
20140717,12:30:00.000,BBG000BCGY17,0.0049844864,0.0026643085,1858612
20140717,12:30:00.000,BBG000BCVJ77,0.0019183288,0.0011754639,1068235
20140717,12:30:00.000,BBG000C46HM9,0.0025316318,0.0003506989,1017549
20140717,12:30:00.000,BBG000BJPDZ1,0.00883511,0.0043655266,223436
20140717,12:30:00.000,BBG000BJL3N0,-0.036516763,-0.04595105,11800102
20140717,12:30:00.000,BBG000BGJRC8,-0.0042780163,-0.0054532965,3112519
20140717,12:30:00.000,BBG000BBD070,0.004792816,-0.0026707177,1012409
20140717,12:30:00.000,BBG000BFQYY3,0.0010753722,-0.0035286502,937176
20140717,12:30:00.000,BBG000BPQD31,0.0020738598,-0.005134502,1703565
20140717,12:30:00.000,BBG000BJ81C1,-0.00087220577,-0.0045502703,387814
20140717,12:30:00.000,BBG000B9WH86,0.0069240807,-0.007838152,11251918
20140717,12:30:00.000,BBG000D42FJ0,0.024748353,0.010773393,1027930
20140717,12:30:00.000,BBG000BHX7N2,-0.0005479891,-0.009563168,1481834
20140717,12:30:00.000,BBG000BH3JF8,-0.02431639,-0.04116795,5527271
20140717,12:30:00.000,BBG000JWD753,-0.0020389478,-0.01282654,6166778
20140717,12:30:00.000,BBG000BHGDH5,0.005889488,0.00096699985,1076979
20140717,12:30:00.000,BBG0014GG205,3.6415026e-05,-0.018372407,2519660
20140717,12:30:00.000,BBG000G30YX4,0.0028236103,-0.012061968,521394
20140717,12:30:00.000,BBG000BCG930,-0.0044312603,0.022149479,2039836
20140717,12:30:00.000,BBG000BWVCP8,0.0041177305,-0.0034257334,1669534
20140717,12:30:00.000,BBG000C3GN47,-0.021488529,-0.028542772,2926281
20140717,12:30:00.000,BBG000BT9DW0,0.003185646,-0.0020103555,1785874
20140717,12:30:00.000,BBG000BV8DN6,-0.0012331998,-0.0017111129,2382401
20140717,12:30:00.000,BBG0029SNR63,0.018528683,0.018432157,3427346
20140717,12:30:00.000,BBG000HCJMF9,0.0021280188,-0.0070448653,683266
20140717,12:30:00.000,BBG000D9D830,0.002397578,-0.0018825554,893707
20140717,12:30:00.000,BBG000F6H8W8,-0.0040411027,-0.0076794364,558100
20140717,12:30:00.000,BBG000B9ZXB4,0.026056167,0.022658063,3606502
20140717,12:30:00.000,BBG000BVDLH9,0.01396188,0.0065008337,1415023
20140717,12:30:00.000,BBG000BBVJZ8,-0.0077843387,-0.018101377,1731330
20140717,12:30:00.000,BBG000BWXBC2,0.0034470751,-0.0010404987,1458108
20140717,12:30:00.000,BBG000WCFV84,0.002523636,0.00251455,974444
20140717,12:30:00.000,BBG000BFDXW1,0.006073081,-0.0075567556,1575118
20140717,12:30:00.000,BBG000DYGNW7,0.00724872,0.006475205,361538
20140717,12:30:00.000,BBG000BNBDC2,0.000419782,-0.00398059,1009487
20140717,12:30:00.000,BBG000BJSBJ0,0.002282029,-0.0034451375,490320
20140717,12:30:00.000,BBG000BJF1Z8,-0.00035211377,-0.008811373,1051898
20140717,12:30:00.000,BBG000BY29C7,0.008497126,0.00858699,2594489
20140717,12:30:00.000,BBG000BH13K9,0.0024829018,0.00076940836,1717961
20140717,12:30:00.000,BBG000BH1NH9,-0.008095552,-0.013751138,1609928
20140717,12:30:00.000,BBG000BLZRJ2,0.0076956926,-0.0027697925,10152449
20140717,12:30:00.000,BBG000BVV7G1,-0.002720154,-0.015087563,1878747
20140717,12:30:00.000,BBG000BL4504,-0.013455229,-0.025147997,4063055
20140717,12:30:00.000,BBG000BB6KF5,0.0041914685,-0.0053618355,1615374
20140717,12:30:00.000,BBG000DSMS70,0.011631017,-0.0035652914,361486
20140717,12:30:00.000,BBG000C8H633,-0.0011505516,-0.010185148,1726924
20140717,12:30:00.000,BBG001DCCGR8,-0.00061343145,-0.010328648,1229154
20140717,12:30:00.000,BBG000QX74T1,0.005650348,-0.008035063,225140
20140717,12:30:00.000,BBG000M65M61,-0.0048070806,-0.025615802,4289395
20140717,12:30:00.000,BBG000F80SZ5,0.022867398,0.008530083,7077204
20140717,12:30:00.000,BBG000C5HS04,-0.0026946124,-0.0047467398,2184357
20140717,12:30:00.000,BBG000H556T9,-0.0018185829,-0.005549946,1432034
20140717,12:30:00.000,BBG000NV1KK7,-0.013111524,-0.014128321,2067110
20140717,12:30:00.000,BBG000L9CV04,-0.004708041,-0.01458938,1165151
20140717,12:30:00.000,BBG000BXRPH1,0.008757692,-0.0028137895,461783
20140717,12:30:00.000,BBG000BNDN65,0.0010956646,-0.0056649595,2077242
20140717,12:30:00.000,BBG000BGKTF9,-0.009303996,-0.01576474,1396166
20140717,12:30:00.000,BBG00286S4N9,-0.0037626426,-0.01044865,950430
20140717,12:30:00.000,BBG000H89QJ6,-0.010623213,-0.008037236,732201
20140717,12:30:00.000,BBG000BNWG87,-0.010434829,-0.01303175,3608636
20140717,12:30:00.000,BBG000BJX8C8,0.0017556626,-0.005506471,1363626
20140717,12:30:00.000,BBG000BD4VG8,-0.0075553274,-0.016802607,2476389
20140717,12:30:00.000,BBG000D4LWF6,0.00043221182,-0.0026219287,3100711
20140717,12:30:00.000,BBG000FL1TC8,-0.009246916,-0.004893898,1041453
20140717,12:30:00.000,BBG000FFDM15,-0.0057541947,-0.013403907,5162596
20140717,12:30:00.000,BBG000BBPFB9,0.0015339693,0.0008749835,5641887
20140717,12:30:00.000,BBG000BN2DC2,-0.0021446482,-0.006673468,1218492
20140717,12:30:00.000,BBG000BCQZS4,-0.003281448,-0.009739094,1111014
20140717,12:30:00.000,BBG000CPQZ77,0.00718804,0.00054866524,3436215
20140717,12:30:00.000,BBG000BP52R2,0.005024984,-0.013104365,1369622
20140717,12:30:00.000,BBG000J6XT05,-0.017937517,-0.024593603,3972566
20140717,12:30:00.000,BBG000BJDB15,-0.016745098,-0.004635478,3556479
20140717,12:30:00.000,BBG000LD9JQ8,-0.008624228,-0.017933397,1161030
20140717,12:30:00.000,BBG000FG3C43,-0.118147746,-0.12674502,18011170
20140717,12:30:00.000,BBG000BC2C10,0.008158295,-0.0013512841,1651470
20140717,12:30:00.000,BBG000BGRY34,0.0031730977,-0.0034526216,820617
20140717,12:30:00.000,BBG000CTQBF3,0.0024179372,-0.008383518,1701552
20140717,12:30:00.000,BBG000H8TVT2,-0.0009542578,-0.0054861186,1882537
20140717,12:30:00.000,BBG0025Y4RY4,-0.0025064102,-0.009693632,5375557
20140717,12:30:00.000,BBG000F1ZSQ2,-0.009390163,-0.01800892,2115174
20140717,12:30:00.000,BBG000CH5208,0.016378602,0.0351705,3493156
20140717,12:30:00.000,BBG000KHWT55,-0.0022542928,-0.01005287,4564792
20140717,12:30:00.000,BBG000BFWKC0,0.003874278,-0.0012059204,1177852
20140717,12:30:00.000,BBG000BP6LJ8,-0.00186944,-0.0019131183,2595679
20140717,12:30:00.000,BBG000BW8S60,-0.00064341526,-0.00577223,1855353
20140717,12:30:00.000,BBG000BWLMJ4,0.0015031192,-0.008542385,1695659
20140717,12:30:00.000,BBG000Q2HM09,-0.001375474,-0.017867483,1523666
20140717,12:30:00.000,BBG000BW3299,-0.0032521477,-0.0036367583,954633
20140717,12:30:00.000,BBG000BC40Y8,-0.01699869,-0.026615938,2563803
20140717,12:30:00.000,BBG000BBS2Y0,-0.0022317693,-0.011766029,1047313
20140717,12:30:00.000,BBG000DWG505,-0.0025441775,-0.0071841567,1023750
20140717,12:30:00.000,BBG000BQQ2S6,-0.001193109,-0.0092902575,1120083
20140717,12:30:00.000,BBG000BZ9223,0.0049310788,-0.0053364276,1077865
20140717,12:30:00.000,BBG000DH7JK6,-0.0006392847,-0.0012163089,985431
20140717,12:30:00.000,BBG000BHVJJ3,0.001218521,-0.0059272074,5656295
20140717,12:30:00.000,BBG000J2XL74,0.008654035,0.009035917,2884259
20140717,12:30:00.000,BBG000C17X76,0.012399335,-0.0008065227,893381
20140717,12:30:00.000,BBG000BHBK84,0.002634128,-0.005763167,1672536
20140717,12:30:00.000,BBG000Q9HH23,0.007869102,-0.0032977848,725928
20140717,12:30:00.000,BBG000F0PF65,0.03252179,0.03421901,18963152
20140717,12:30:00.000,BBG000BF0K17,-0.0025228488,-0.007769003,1409542
20140717,12:30:00.000,BBG000C15T95,-0.00084825093,-3.1960317e-07,2835516
20140717,12:30:00.000,BBG000NDYB67,-0.00061023916,-0.0064047338,5741141
20140717,12:30:00.000,BBG000DWYF03,-0.00079909444,-0.0012122296,20113228
20140717,12:30:00.000,BBG000C6CFJ5,0.006558292,-0.001965182,2255009
20140717,12:30:00.000,BBG000BKTFN2,-0.0020119832,-0.010923084,2833711
20140717,12:30:00.000,BBG000BBGGQ1,-0.005281424,-0.01538051,2942354
20140717,12:30:00.000,BBG000DLFM21,,,1478204
20140717,12:30:00.000,BBG000BBDZG3,-0.004172212,-0.0012723628,2944006
20140717,12:30:00.000,BBG000DQLV23,-0.000708654,-0.007172855,2274373
20140717,12:30:00.000,BBG000BCSST7,0.0013527251,-0.001177094,2050751
20140717,12:30:00.000,BBG000BQLTW7,0.008624828,0.006210082,11942701
20140717,12:30:00.000,BBG000BQPC32,0.0073190094,0.0044977176,27872368
20140717,12:30:00.000,BBG000BFC8J2,-0.004707389,-0.01539846,1647884
20140717,12:30:00.000,BBG000BQQH30,-0.0033402552,-0.0111108525,2320081
20140717,12:30:00.000,BBG000BMX289,-0.002786418,-0.00261357,3118454
20140717,12:30:00.000,BBG000BNSZP1,0.003412624,-0.0052400553,1956205
20140717,12:30:00.000,BBG005P7Q881,-0.00902089,-0.026455227,6131663
20140717,12:30:00.000,BBG000FH8PX5,,,540983
20140717,12:30:00.000,BBG000R7Z112,-0.004557556,-0.022706114,8682085
20140717,12:30:00.000,BBG000BH4R78,0.008355061,0.0037486441,3075164
20140717,12:30:00.000,BBG000BKZB36,0.0019588931,-0.0028867922,1975037
20140717,12:30:00.000,BBG000BPD168,0.0020199618,-0.002924872,2293607
20140717,12:30:00.000,BBG000BHQ1H0,0.008647066,0.0020809937,540653
20140717,12:30:00.000,BBG000C496P7,,,16310873
20140717,12:30:00.000,BBG000C43RR5,0.022652106,0.016766863,11598154
20140717,12:30:00.000,BBG000BT41Q8,-0.0022107707,-0.0118274875,2420149
20140717,12:30:00.000,BBG000PSKYX7,-0.007079294,-0.016108708,1037283
20140717,12:30:00.000,BBG000BR2TH3,0.0021719525,-0.0027186174,2575833
20140717,12:30:00.000,BBG000GFFQN9,-0.0035427266,-0.016574956,22131362
20140717,12:30:00.000,BBG000CGC1X8,-0.014543393,-0.0124354465,5072854
20140717,12:30:00.000,BBG000BMHYD1,-0.0029674699,-0.007046376,3621630
20140717,12:30:00.000,BBG000BFT2L4,-0.009345537,-0.00817577,5681020
20140717,12:30:00.000,BBG000HS77T5,-0.0005029619,-0.0064763566,4574345
20140717,12:30:00.000,BBG000K4ND22,0.0056574084,-0.0011840304,1809719
20140717,12:30:00.000,BBG000C3J3C9,-0.010360529,-0.007313958,13681658
20140717,12:30:00.000,BBG000BK6MB5,0.003176354,-0.012594571,17520252
20140717,12:30:00.000,BBG000BWQFY7,0.006815382,-0.004103847,9401634
20140717,12:30:00.000,BBG000BLNNH6,0.016438294,0.012840454,3594123
20140717,12:30:00.000,BBG000H6HNW3,-0.00778249,-0.01897117,12546371
20140717,12:30:00.000,BBG000DMBXR2,0.0051374934,-0.006303182,6865577
20140717,12:30:00.000,BBG000BSJK37,0.0015599225,-0.005487305,7504587
20140717,12:30:00.000,BBG000FY4S11,0.008017213,-0.0034128749,11807564
20140717,12:30:00.000,BBG000C5Z1S3,-0.023383874,-0.040698465,19504320
20140717,12:30:00.000,BBG000BR2B91,0.003791739,-0.0019386893,16535844
20140717,12:30:00.000,BBG000N9MNX3,0.0139350025,0.004166357,2369841
20140717,12:30:00.000,BBG000C0G1D1,-0.008332559,-0.020493543,41729880
20140717,12:30:00.000,BBG002W96FT9,-0.0045740725,-0.01439258,1071216
20140717,12:30:00.000,BBG000BLBVN4,0.0025089777,-0.006378842,326967
20140717,12:30:00.000,BBG000CKGBP2,0.0055418364,-0.0077597834,6102567
20140717,12:30:00.000,BBG000GZQ728,-0.00045841833,-0.0068427003,2630549
20140717,12:30:00.000,BBG000BVPV84,0.005063919,-0.008849926,1881018
20140717,12:30:00.000,BBG000BPH459,0.010365692,0.008622827,49334028
20140717,12:30:00.000,BBG000BCTLF6,-0.0019125346,-0.016123693,50804740
20140717,12:30:00.000,BBG000BHSKN9,-0.005211287,-0.01437238,1081671
20140717,12:30:00.000,BBG000CL9VN6,0.0054423558,-0.004240583,1120846
20140717,12:30:00.000,BBG000MM2P62,0.006625001,-0.008574294,19321222
20140717,12:30:00.000,BBG000B9XRY4,-0.004665958,-0.010973041,26711624
20140717,12:45:00.000,BBG000PCQQL6,1.3262212e-05,-0.002437107,877906
20140717,12:45:00.000,BBG000BJP882,-0.008903447,-0.007727086,437614
20140717,12:45:00.000,BBG000BMFFQ0,-0.0024492405,-0.0041394643,341446
20140717,12:45:00.000,BBG000K1J931,0.0076021748,-0.01802121,1380589
20140717,12:45:00.000,BBG000BQ87N0,-0.0005241139,-0.0037376832,297600
20140717,12:45:00.000,BBG000BBCQD7,0.003889261,0.0011813153,2219367
20140717,12:45:00.000,BBG000BQHGR6,-0.00017048963,-0.005610954,302968
20140717,12:45:00.000,BBG000C75N77,-0.009338599,-0.020634755,749155
20140717,12:45:00.000,BBG000BJ8YN7,0.0046608914,4.2280652e-07,1085527
20140717,12:45:00.000,BBG000BLXZN1,0.013566386,0.008366726,1227204
20140717,12:45:00.000,BBG000BV4XJ1,0.0102886,-0.0040804828,184562
20140717,12:45:00.000,BBG000QKPTS5,0.015071927,0.0065448233,454120
20140717,12:45:00.000,BBG000BV75B7,-0.003377422,-0.010189222,212939
20140717,12:45:00.000,BBG000CB8Q50,-0.0076420824,-0.004949263,361429
20140717,12:45:00.000,BBG000BNPSQ9,-0.0019252329,-0.017958097,763689
20140717,12:45:00.000,BBG000H4YVR7,-0.0070486143,-0.019647026,360044
20140717,12:45:00.000,BBG000JB27Y9,0.0016125329,0.00090176595,294754
20140717,12:45:00.000,BBG000BVHBM1,0.0030797888,-0.019715322,907880
20140717,12:45:00.000,BBG000BQSQ38,9.1388516e-05,-0.006167392,654798
20140717,12:45:00.000,BBG001XJRMF5,-0.006833205,0.003551377,605638
20140717,12:45:00.000,BBG000BNGTQ7,0.0026593925,0.0025294062,926278
20140717,12:45:00.000,BBG000B9X8C0,0.0010019663,-0.0035240394,355980
20140717,12:45:00.000,BBG000GPXKX9,-0.008244263,-0.014181911,244792
20140717,12:45:00.000,BBG000BV7LP7,-0.0023040108,-0.0051957294,397163
20140717,12:45:00.000,BBG001NY45K9,-0.02051899,-0.030558573,1976052
20140717,12:45:00.000,BBG000L8CBX4,-0.004884203,-0.0038525895,90180
20140717,12:45:00.000,BBG000BHCP19,0.008646012,-0.0041027074,319874
20140717,12:45:00.000,BBG000JKCWS0,0.0020639962,-0.0015713446,125271
20140717,12:45:00.000,BBG000CPHYL4,-0.0013687804,-0.00082100515,879330
20140717,12:45:00.000,BBG000F86GP6,0.0025099958,-0.0039360705,172754
20140717,12:45:00.000,BBG000V31J96,-0.0029147728,-0.010602337,1158047
20140717,12:45:00.000,BBG000BWVSR1,-0.0030941812,-0.007167196,297391
20140717,12:45:00.000,BBG000DLVDK3,0.014016742,0.02742792,1127680
20140717,12:45:00.000,BBG003641015,0.0015736189,-0.005650375,469771
20140717,12:45:00.000,BBG000BQD1J2,0.00058181054,-0.0012282812,16143536
20140717,12:45:00.000,BBG000BWXL85,-0.0064463625,-0.0074770483,364912
20140717,12:45:00.000,BBG001J1QN87,-0.00626703,-0.019547306,242846
20140717,12:45:00.000,BBG000BFJ645,0.004591297,-0.004913796,2251899
20140717,12:45:00.000,BBG000BPZBB6,0.0033736487,-0.0018088862,348620
20140717,12:45:00.000,BBG000RNTSX0,0.008211866,0.00453657,527206
20140717,12:45:00.000,BBG000C23KJ3,0.003738257,-0.005903831,1566958
20140717,12:45:00.000,BBG000CZWZ05,0.020400891,0.00691911,1121595
20140717,12:45:00.000,BBG000CR90K4,0.024659408,0.007024558,18186100
20140717,12:45:00.000,BBG000BBL0Y1,-0.008430549,-0.019415159,700496
20140717,12:45:00.000,BBG000BKQG80,-0.0012369108,-0.00805629,404823
20140717,12:45:00.000,BBG000K14Q84,0.0016417125,-0.0069950996,1833613
20140717,12:45:00.000,BBG000Q0BPZ4,0.0068962597,-0.0055425856,344108
20140717,12:45:00.000,BBG000BHB3M6,-0.007483201,-0.017192924,840581
20140717,12:45:00.000,BBG000BLMZK6,-0.0042651305,-0.014830372,574773
20140717,12:45:00.000,BBG000QFJ7H3,0.005343997,-0.0032488054,567039
20140717,12:45:00.000,BBG000BLDV98,-0.0028262644,-0.0107477205,666485
20140717,12:45:00.000,BBG000PLXQQ3,0.02049371,0.017983144,3372670
20140717,12:45:00.000,BBG000BGYMH7,0.005083745,-0.011605914,201485
20140717,12:45:00.000,BBG000H9G7X2,-0.010081495,-0.0147956675,887882
20140717,12:45:00.000,BBG000BRZJR8,0.011915412,-0.006612973,1113804
20140717,12:45:00.000,BBG000BJDPC2,-0.01000394,-0.01001085,454083
20140717,12:45:00.000,BBG000BDY3Y7,-0.0014792654,-0.0034587318,1249295
20140717,12:45:00.000,BBG000BPNP00,0.0054059746,-0.0053593754,813206
20140717,12:45:00.000,BBG000BBB3K1,0.004744213,0.0030098206,1658303
20140717,12:45:00.000,BBG000BFV115,-0.0009104409,-0.0098387115,516142
20140717,12:45:00.000,BBG000CXD6X9,-0.0068140076,-0.0082047125,847471
20140717,12:45:00.000,BBG000QN4GY3,-0.020867752,-0.027138518,1176163
20140717,12:45:00.000,BBG000BWCKB6,-0.0051944433,-0.0046276925,1088601
20140717,12:45:00.000,BBG000BKXFN7,-0.0014505062,-0.011782455,824707
20140717,12:45:00.000,BBG000F9KJN4,6.5990665e-05,-0.007269989,758679
20140717,12:45:00.000,BBG000BQV1S2,0.0011497637,-0.014425404,364852
20140717,12:45:00.000,BBG000BTQR96,0.0021865475,-0.0072460603,474960
20140717,12:45:00.000,BBG000F6ZWH2,-0.002810565,-0.008965855,625738
20140717,12:45:00.000,BBG000BMZ7P7,0.0030774083,0.00070545974,629228
20140717,12:45:00.000,BBG000BB29X4,0.0020660753,-0.0025596474,304128
20140717,12:45:00.000,BBG000BBCDZ2,-0.0059161484,-0.011196979,260505
20140717,12:45:00.000,BBG000C6F3T8,0.019498445,0.005911044,15072720
20140717,12:45:00.000,BBG000BFVXX0,0.0014547535,-0.0019861446,520816
20140717,12:45:00.000,BBG000G6BN50,-0.0011949205,-0.011262192,162305
20140717,12:45:00.000,BBG000BRXP69,-0.0026287455,-0.0048035854,354295
20140717,12:45:00.000,BBG000BPMH90,0.02111283,0.012504671,1137443
20140717,12:45:00.000,BBG000D9DMK0,0.0008621865,0.0029601308,736462
20140717,12:45:00.000,BBG000D14WM3,0.0015226835,-0.008903875,6012810
20140717,12:45:00.000,BBG000PVRDL2,0.005962933,0.021550389,2770830
20140717,12:45:00.000,BBG000BSC0K9,0.00031687546,0.000549795,540793
20140717,12:45:00.000,BBG000R0L5J4,0.012478383,0.0039510583,931517
20140717,12:45:00.000,BBG000JH6683,0.002201444,-0.020149574,634667
20140717,12:45:00.000,BBG000BG14P4,0.011334134,-0.008071923,685975
20140717,12:45:00.000,BBG000D9KWL9,0.00865848,-0.00057195977,462038
20140717,12:45:00.000,BBG000BKWSR6,-0.0144755235,-0.022856714,5184750
20140717,12:45:00.000,BBG000BC9938,0.005379614,0.0011172879,677517
20140717,12:45:00.000,BBG000BB1TH9,-0.0043818015,-0.009456806,349130
20140717,12:45:00.000,BBG000BJ49H3,-0.0045096213,-0.0077497726,857858
20140717,12:45:00.000,BBG000BFS7D3,0.0011758625,-0.0018356733,277006
20140717,12:45:00.000,BBG000BN9WT5,0.0035790938,-0.0069995266,444725
20140717,12:45:00.000,BBG000BKR1D6,0.004427633,-0.00034651582,764147
20140717,12:45:00.000,BBG000BFRF55,0.009862047,-0.006363799,2554883
20140717,12:45:00.000,BBG000BKTT89,0.00033549216,-0.011075707,280684
20140717,12:45:00.000,BBG000BQ8KV2,-0.0007315337,-0.011780892,618717
20140717,12:45:00.000,BBG000BQVWZ6,-0.004127238,-0.018208995,3573332
20140717,12:45:00.000,BBG000BHKYH4,-0.00037157643,-0.0014471834,333133
20140717,12:45:00.000,BBG000BS7KS3,-0.0044462727,-0.0047626486,216928
20140717,12:45:00.000,BBG000CGT2S4,-0.036061708,-0.045994125,4034076
20140717,12:45:00.000,BBG000F7RCJ1,-0.0011369311,-0.00914091,224935
20140717,12:45:00.000,BBG000BMTFR4,-5.8133828e-05,0.0024955962,823896
20140717,12:45:00.000,BBG000TJM7F0,-0.004020628,-0.0032026942,502127
20140717,12:45:00.000,BBG000BMKDM3,0.0022569366,0.00015165797,558037
20140717,12:45:00.000,BBG000FLZN98,0.00061075354,-0.009106139,349153
20140717,12:45:00.000,BBG000BKLH74,-0.00046456698,-4.3097253e-07,1958515
20140717,12:45:00.000,BBG000BCTQ65,-0.0015971927,-0.005991354,795340
20140717,12:45:00.000,BBG000D1QCF1,-0.0033560111,-0.0063547962,473546
20140717,12:45:00.000,BBG000BSXQV7,0.041978177,0.03870211,822650
20140717,12:45:00.000,BBG000BG09F5,-0.01740949,-0.02523221,440517
20140717,12:45:00.000,BBG000FLPRH1,-0.009956805,-0.012561495,369479
20140717,12:45:00.000,BBG000PV2L86,-0.001428918,-0.0077206227,190151
20140717,12:45:00.000,BBG000BGYWY6,0.0022964012,-0.004352803,255540
20140717,12:45:00.000,BBG000C060M4,0.002857589,-0.0030896936,216080
20140717,12:45:00.000,BBG000BDXGP9,-0.0035582306,-0.0068022273,1426546
20140717,12:45:00.000,BBG000BGD7W6,-0.0012628711,-0.00540866,863780
20140717,12:45:00.000,BBG000BP8Z50,-0.00085351296,-0.0022843895,412070
20140717,12:45:00.000,BBG000HW5GX3,0.003208307,-0.0058043078,823481
20140717,12:45:00.000,BBG000C4ZZ10,-0.0055325464,-0.011438921,190212
20140717,12:45:00.000,BBG000BNNYW1,-0.06373028,-0.06534261,8429703
20140717,12:45:00.000,BBG000BR37X2,0.0024068851,0.00081822404,1454403
20140717,12:45:00.000,BBG000BLW530,-0.0036835251,-0.006478988,489658
20140717,12:45:00.000,BBG000BF1R66,-0.00064304314,-0.0030890836,182587
20140717,12:45:00.000,BBG000BKNX95,0.0021628405,-0.0032154499,1021145
20140717,12:45:00.000,BBG000BWP7D9,0.0024138254,-0.0037637665,572527
20140717,12:45:00.000,BBG000BBMSJ6,0.0062578404,-0.005726561,509049
20140717,12:45:00.000,BBG000DN7P92,0.005491982,0.003403177,544094
20140717,12:45:00.000,BBG000BCZYD3,-0.0034010333,-0.0042854925,163186
20140717,12:45:00.000,BBG000CVWGS6,-0.003607274,-0.0047800555,2440454
20140717,12:45:00.000,BBG000BLHRS2,0.0019011773,0.0005959649,643095
20140717,12:45:00.000,BBG000BY2Y78,0.0003476308,-0.006800813,440741
20140717,12:45:00.000,BBG000BK6G19,0.04233,0.032578684,3056161
20140717,12:45:00.000,BBG002S5ZRF9,0.019190034,0.0076927184,342330
20140717,12:45:00.000,BBG000BNC3Y9,0.0061596376,-0.0031409871,396736
20140717,12:45:00.000,BBG000BTCH57,0.00038532066,-0.010659999,463986
20140717,12:45:00.000,BBG000BB03M1,0.006658452,0.00217815,715442
20140717,12:45:00.000,BBG000BN84F3,-0.0009563449,-8.17644e-05,584369
20140717,12:45:00.000,BBG000BB5BF6,0.00827774,-0.0018051009,805745
20140717,12:45:00.000,BBG000FDBX90,0.004985945,0.00040157724,1322935
20140717,12:45:00.000,BBG000RGM5P1,0.011571008,0.0038118954,483043
20140717,12:45:00.000,BBG000BB5373,-0.0032292875,-0.010816879,2350674
20140717,12:45:00.000,BBG000BFDLV8,0.0010963657,-0.0014956252,767093
20140717,12:45:00.000,BBG000BGRKT6,0.0016572013,0.0022662384,193004
20140717,12:45:00.000,BBG000BTVJ25,-0.0060457923,-0.010249358,842856
20140717,12:45:00.000,BBG000BVMPN3,-0.00536745,-0.010989177,655088
20140717,12:45:00.000,BBG000C2ZCH8,0.0043437253,-0.00029360977,348292
20140717,12:45:00.000,BBG0014GJCT9,0.009610577,0.008377695,591208
20140717,12:45:00.000,BBG000C11MQ5,-0.0011972291,-0.01473659,396714
20140717,12:45:00.000,BBG003P9ZSL3,0.000596514,0.0021771835,363282
20140717,12:45:00.000,BBG000BX5ZF5,0.0019121183,-0.0062278076,2961155
20140717,12:45:00.000,BBG000C2V3D6,-0.012889963,-0.020802435,2564825
20140717,12:45:00.000,BBG000BQVTF5,0.001264722,-0.00506653,475906
20140717,12:45:00.000,BBG000D2M0Z7,-0.0052969074,-0.009719823,222202
20140717,12:45:00.000,BBG000CHPY97,-0.015758587,-0.025028141,2532023
20140717,12:45:00.000,BBG000N746D6,0.011505025,-0.0018943013,1123862
20140717,12:45:00.000,BBG000M1R011,0.014491519,0.008346346,773328
20140717,12:45:00.000,BBG000BHLYP4,0.007914187,0.0006264584,389241
20140717,12:45:00.000,BBG000BB6G37,0.0008724483,-0.009873887,479299
20140717,12:45:00.000,BBG000BR14K5,-0.0019666965,-0.0048256987,302851
20140717,12:45:00.000,BBG000PX3XC0,-0.0043244716,-0.0146644525,1637631
20140717,12:45:00.000,BBG000J1QLT0,-0.0058369334,-0.0053301165,440615
20140717,12:45:00.000,BBG0039320N9,-0.0075479452,-0.008584697,1156844
20140717,12:45:00.000,BBG000BC4JJ4,-0.0018280024,-0.0029272859,342371
20140717,12:45:00.000,BBG000BM7HL0,0.005561099,0.0037891844,727362
20140717,12:45:00.000,BBG000BP1Q11,-0.0039468133,-0.006293755,326626
20140717,12:45:00.000,BBG000BF6LY3,-0.001722663,-0.012521659,862073
20140717,12:45:00.000,BBG000BF5RY1,0.0062267636,0.006189147,1185200
20140717,12:45:00.000,BBG000BFTJ91,-0.008744162,-0.0087771,755984
20140717,12:45:00.000,BBG000BR54L0,0.012087224,-0.011019293,3215695
20140717,12:45:00.000,BBG000J5Q6L2,0.008614805,-4.689579e-07,2050437
20140717,12:45:00.000,BBG000BCWCG1,-0.022935368,-0.034544956,1850356
20140717,12:45:00.000,BBG000TWC2V5,-0.002571525,-0.0059143766,310619
20140717,12:45:00.000,BBG000BCYP43,-0.006083226,-0.0069397604,191652
20140717,12:45:00.000,BBG000C221G9,-0.0054203537,-0.01693221,771939
20140717,12:45:00.000,BBG000BZTW70,0.0058899615,-0.005504494,1912623
20140717,12:45:00.000,BBG000BKZTP3,-0.002938157,-0.0057016155,894771
20140717,12:45:00.000,BBG000R8ZVD1,0.009454694,0.0040676626,1507854
20140717,12:45:00.000,BBG000CKVSG8,-0.011881807,-0.021470994,923091
20140717,12:45:00.000,BBG000DNTSP4,0.0021840401,-0.0035136673,1403421
20140717,12:45:00.000,BBG000BP4MH0,0.0018194913,-0.0021135884,540648
20140717,12:45:00.000,BBG000BR3KL6,-0.0022406066,-0.01268032,298497
20140717,12:45:00.000,BBG000BJQWD2,0.006113975,-0.0028772096,552286
20140717,12:45:00.000,BBG000G0Z878,-0.0014607994,-0.007406743,767885
20140717,12:45:00.000,BBG000D7RKJ5,0.0034949146,-0.00079209666,808206
20140717,12:45:00.000,BBG000G9CGL0,-0.00018809235,-0.008257535,333160
20140717,12:45:00.000,BBG000DTMH63,0.0065050786,-0.0039318516,1806128
20140717,12:45:00.000,BBG0029BK2G7,-0.011257125,-0.01664066,530104
20140717,12:45:00.000,BBG000G3QLY3,0.0051550413,-0.0024548755,253942
20140717,12:45:00.000,BBG000BP0KQ8,0.0050565754,0.0037713351,1816761
20140717,12:45:00.000,BBG001NVJ6W4,-0.04569195,-0.059663698,3501962
20140717,12:45:00.000,BBG000BSBZH7,0.0033132695,0.0054707434,2309609
20140717,12:45:00.000,BBG000BHGCD1,-0.0032306635,-0.01210247,298560
20140717,12:45:00.000,BBG000BL9JQ1,-0.0011908172,-0.008260573,604178
20140717,12:45:00.000,BBG000BH5DV1,-0.0035973077,-0.0026365886,343359
20140717,12:45:00.000,BBG000QW7VC1,0.010174471,0.012050997,4014731
20140717,12:45:00.000,BBG000DQTXY6,-0.004591022,-0.028344935,2892127
20140717,12:45:00.000,BBG000QY3XZ2,0.001535739,-0.010079456,593097
20140717,12:45:00.000,BBG000BBBNC6,0.012673829,0.010143458,949658
20140717,12:45:00.000,BBG000F15NW9,0.0014356831,-7.4176896e-05,805486
20140717,12:45:00.000,BBG000BNNKG9,0.0015645291,-0.010302137,1390536
20140717,12:45:00.000,BBG000BFXHL6,-0.0067322375,-0.0077408636,794198
20140717,12:45:00.000,BBG000BRRG02,0.0045360224,0.0038526044,521962
20140717,12:45:00.000,BBG000BHLYS1,0.0021594325,-0.0038828533,554365
20140717,12:45:00.000,BBG000CGQ6M4,-0.005810642,-0.0047600004,350447
20140717,12:45:00.000,BBG000C1S2X2,0.0066010947,-0.008521283,608843
20140717,12:45:00.000,BBG000C7LMS8,-0.003973483,-0.008303188,34957
20140717,12:45:00.000,BBG000MDCQC2,-0.0010193547,0.0013028549,528374
20140717,12:45:00.000,BBG000JG0547,0.0025505526,-0.0029198404,358467
20140717,12:45:00.000,BBG000CJZ2W6,0.015601898,0.0026725316,882982
20140717,12:45:00.000,BBG0020B4JG7,0.004208363,-0.005060715,1710796
20140717,12:45:00.000,BBG000BNFLM9,-0.0029617252,-0.00063226005,436980
20140717,12:45:00.000,BBG000BCBCM7,0.0024232322,-0.0098256515,2425380
20140717,12:45:00.000,BBG000CS7CT9,0.0094972085,0.004842439,976786
20140717,12:45:00.000,BBG000MZFMS2,-0.006094895,-0.015233368,534101
20140717,12:45:00.000,BBG000BKQ3V3,0.0031477092,-0.006832532,951374
20140717,12:45:00.000,BBG000BLCPY4,-0.003991295,-0.01320728,254613
20140717,12:45:00.000,BBG000BC15S7,0.002112387,-0.0012838182,356931
20140717,12:45:00.000,BBG000FKJRC5,0.0012876309,-0.0031938145,443590
20140717,12:45:00.000,BBG000BRJ809,0.004534537,0.004863018,364151
20140717,12:45:00.000,BBG000C2PW58,-0.0043126573,-0.011656807,336236
20140717,12:45:00.000,BBG000BCVMH9,0.03132268,0.03255167,1157367
20140717,12:45:00.000,BBG000BQ2C28,0.008519121,0.00425886,365370
20140717,12:45:00.000,BBG000BBJQV0,0.014271174,-0.0010336618,2878237
20140717,12:45:00.000,BBG000G2R6M0,0.010427307,0.022631517,2621494
20140717,12:45:00.000,BBG000BTKGG8,-0.012536766,-0.024290364,1967193
20140717,12:45:00.000,BBG000BMQPL1,-0.026538031,-0.03595355,11735504
20140717,12:45:00.000,BBG000BMF5J0,-0.0023834715,-0.016101541,4227151
20140717,12:45:00.000,BBG000BB6WG8,0.0016557395,-0.0037685,1128621
20140717,12:45:00.000,BBG000BM6788,-0.00034251768,-0.012559057,982197
20140717,12:45:00.000,BBG000FVXD63,-0.015782367,-0.023377683,1664897
20140717,12:45:00.000,BBG000C3HSR0,0.01249342,0.0025506746,1342090
20140717,12:45:00.000,BBG000BN5HF7,-0.012513807,-0.024450015,1054567
20140717,12:45:00.000,BBG001QD41M9,-0.0015060027,-0.008036935,763277
20140717,12:45:00.000,BBG000CXYSZ6,0.008254771,0.009345813,315393
20140717,12:45:00.000,BBG000BVMGF2,0.004272164,0.00051581673,834044
20140717,12:45:00.000,BBG0019JZ882,0.0067868833,-0.0010836677,5609515
20140717,12:45:00.000,BBG000BKPL53,-0.008172621,-0.008565604,303942
20140717,12:45:00.000,BBG000PYZSR8,-0.011021631,-0.008751014,748297
20140717,12:45:00.000,BBG000F0KF42,-0.011644381,-0.019737024,1340994
20140717,12:45:00.000,BBG000FW00S1,-0.017794898,-0.028351009,3508751
20140717,12:45:00.000,BBG000BYYLS8,-0.014827832,-0.023475587,2735478
20140717,12:45:00.000,BBG000BB6M98,-0.0037775973,-0.006827395,1115765
20140717,12:45:00.000,BBG000D8RG11,-0.011940742,-0.021590412,3131557
20140717,12:45:00.000,BBG000CHWP52,0.018308548,0.020477815,2140604
20140717,12:45:00.000,BBG000D6L294,0.000107174914,-0.009091844,568069
20140717,12:45:00.000,BBG000C3Y7J6,0.00097107736,-0.000106407315,332734
20140717,12:45:00.000,BBG000BM5SR2,-0.0040846216,-0.012578509,2476077
20140717,12:45:00.000,BBG000BS0ZF1,-0.0028053327,-0.0021195032,216285
20140717,12:45:00.000,BBG000C0F570,0.0029977916,-0.008056301,888236
20140717,12:45:00.000,BBG000C90DH9,-0.010101378,-0.00829663,2554254
20140717,12:45:00.000,BBG000BVWLJ6,0.0002578236,-0.0057221274,850677
20140717,12:45:00.000,BBG000BRK7L6,0.0016076668,-0.006246164,1465577
20140717,12:45:00.000,BBG000BZ2GG4,0.0017401114,-0.0038073524,559772
20140717,12:45:00.000,BBG000BVL2G3,0.00032175746,-0.008262332,512743
20140717,12:45:00.000,BBG000C2YHG9,-0.014827478,-0.013970659,473821
20140717,12:45:00.000,BBG001BPFT54,0.010398636,-0.00855814,1376332
20140717,12:45:00.000,BBG000BH2JM1,0.008886428,0.009605749,1829904
20140717,12:45:00.000,BBG000BPVCR1,0.0030849583,-0.0021107139,466403
20140717,12:45:00.000,BBG002BHBHM1,-0.0062046386,-0.011181262,778323
20140717,12:45:00.000,BBG000Q3JN03,-0.014098189,-0.026352555,11736143
20140717,12:45:00.000,BBG000BPT0C6,-0.011617097,-0.018256934,1021499
20140717,12:45:00.000,BBG000BQWPC5,-0.00088285014,-0.008003478,810080
20140717,12:45:00.000,BBG000BQ5DS5,-0.001011746,-0.0009033128,621558
20140717,12:45:00.000,BBG000DY8ZS4,0.0010011183,-0.0078652175,3800864
20140717,12:45:00.000,BBG000R8L7J3,-0.016298275,-0.025597816,5523820
20140717,12:45:00.000,BBG000BS9489,-0.0043034237,-0.001891151,794600
20140717,12:45:00.000,BBG000D898T9,0.005622166,0.0025361183,550668
20140717,12:45:00.000,BBG000BFL116,0.0037281872,-0.015837822,1178941
20140717,12:45:00.000,BBG001YMS0B8,-0.0068957573,-0.009835494,812675
20140717,12:45:00.000,BBG000QBR5J5,0.006623245,0.0024991452,1460212
20140717,12:45:00.000,BBG000BHC2S1,-0.0068621426,-0.012424382,742290
20140717,12:45:00.000,BBG000BX3TD3,0.0050900374,-0.008936948,2888395
20140717,12:45:00.000,BBG000C1FQS9,-0.006958103,-0.01154702,645645
20140717,12:45:00.000,BBG000BLKK03,0.014735859,0.043398935,911275
20140717,12:45:00.000,BBG000BKCFC2,0.0022544735,-0.0001871467,1188121
20140717,12:45:00.000,BBG000C4DPX1,0.004749611,-0.0090979505,738961
20140717,12:45:00.000,BBG000BHZ5J9,-0.026364319,-0.031994,877294
20140717,12:45:00.000,BBG000KLB4Q1,-0.011263901,-0.02417066,2241742
20140717,12:45:00.000,BBG000BMBL90,-0.0077731116,-0.012518434,983204
20140717,12:45:00.000,BBG000C2BXK4,0.00065404887,-0.01017393,3625287
20140717,12:45:00.000,BBG000H0QBS7,0.00032836822,-0.0024732212,2325761
20140717,12:45:00.000,BBG000BQZMH4,-0.00049502985,-0.0061095105,1844244
20140717,12:45:00.000,BBG000BLBXT4,-0.00031259545,-0.006930083,871903
20140717,12:45:00.000,BBG000BJ2VQ6,0.0039379653,-0.006841566,1003417
20140717,12:45:00.000,BBG000BMY992,0.0039730836,-7.7329005e-08,863256
20140717,12:45:00.000,BBG000BXM6V2,0.0069378894,-0.0003479348,762503
20140717,12:45:00.000,BBG000BWSV34,-0.0025840409,-0.009815242,515029
20140717,12:45:00.000,BBG000BKFBD7,0.002647692,-0.0038175618,648529
20140717,12:45:00.000,BBG000FP1N32,0.003662356,-0.0038099107,1276532
20140717,12:45:00.000,BBG000BT4T69,0.0075251623,-0.00015924846,805367
20140717,12:45:00.000,BBG000BFMBQ6,-0.010106233,0.018999051,1853762
20140717,12:45:00.000,BBG000C0HQ54,-0.005231454,-0.011758246,404225
20140717,12:45:00.000,BBG000C0LW92,-0.0148635525,-0.017878244,2858513
20140717,12:45:00.000,BBG000BVPPM1,-0.0013066583,-0.008320038,806484
20140717,12:45:00.000,BBG000BMW2Z0,-0.0042460863,-0.007572791,482202
20140717,12:45:00.000,BBG000BPWXK1,-0.002908115,0.009918941,3229600
20140717,12:45:00.000,BBG000GC80B4,-0.003308546,-0.006522592,3698851
20140717,12:45:00.000,BBG000BXWBN9,0.0046921787,0.0023289216,1561448
20140717,12:45:00.000,BBG000BY33P5,0.0021704333,0.0041944077,3529343
20140717,12:45:00.000,BBG000R7RDB4,-0.00032348416,-0.008625352,464791
20140717,12:45:00.000,BBG000MBDGM6,-0.0014651011,-0.006739566,116047
20140717,12:45:00.000,BBG000BGLRN3,0.0016152757,-0.0037723258,629205
20140717,12:45:00.000,BBG000BWJFZ4,0.020720014,0.021364186,476860
20140717,12:45:00.000,BBG000BGVW60,0.002089861,-0.0035833437,468622
20140717,12:45:00.000,BBG000BNJHS8,0.0028570055,-0.008917488,2538110
20140717,12:45:00.000,BBG000DKCC19,-0.00015909142,-0.0048427247,838972
20140717,12:45:00.000,BBG000BXMFC3,0.038124353,0.028211497,2084743
20140717,12:45:00.000,BBG000BSD7C2,0.0026669516,0.0016911634,401493
20140717,12:45:00.000,BBG000BSLZY7,-0.006419136,-0.016325101,2478887
20140717,12:45:00.000,BBG000BMDV41,-0.0001256123,-0.0071434667,1764860
20140717,12:45:00.000,BBG001C7TST4,0.0020986719,-0.004404925,820549
20140717,12:45:00.000,BBG000BRJL00,0.0012539289,-0.0044573406,801511
20140717,12:45:00.000,BBG000BRD0D8,-0.0065655275,-0.017962215,1929801
20140717,12:45:00.000,BBG000BND699,-0.0064451206,-0.022003412,1298546
20140717,12:45:00.000,BBG000BB9KF2,-0.0016935559,-0.0057187504,737663
20140717,12:45:00.000,BBG000C1BW00,0.011098377,0.006035752,625566
20140717,12:45:00.000,BBG000BTZQC4,0.0008151819,0.0011163778,1395694
20140717,12:45:00.000,BBG000BWNFZ9,-0.014674619,-0.022474285,1444819
20140717,12:45:00.000,BBG000BJ98Z0,0.002658628,-0.0048719333,566303
20140717,12:45:00.000,BBG000CNFQW6,-0.0010705673,-0.008240689,492202
20140717,12:45:00.000,BBG000BGPTV6,-0.0004433178,-0.0070358226,394669
20140717,12:45:00.000,BBG000BB07P9,-0.0027622497,0.007939004,6285245
20140717,12:45:00.000,BBG000C1FB75,0.011474383,0.007148403,584163
20140717,12:45:00.000,BBG001M8HHB7,0.022373473,0.009858613,497191
20140717,12:45:00.000,BBG000DHSPT0,0.00617414,0.009558254,1764166
20140717,12:45:00.000,BBG000FQ6PY6,0.0071907346,0.005992177,1020988
20140717,12:45:00.000,BBG000BBDV81,0.0008665655,-0.006375988,1585298
20140717,12:45:00.000,BBG000VC0T95,-0.0043857996,-0.010726598,1020479
20140717,12:45:00.000,BBG000BKFZM4,0.0013314044,-0.0059587206,2192574
20140717,12:45:00.000,BBG000D13GN8,-0.014844607,-0.029144065,773073
20140717,12:45:00.000,BBG000C0MF34,-0.005358033,0.00027153833,298483
20140717,12:45:00.000,BBG000BFNR17,0.018094305,0.0094672,746254
20140717,12:45:00.000,BBG000BK67C7,0.0027156714,-0.0012764847,297918
20140717,12:45:00.000,BBG000FJLFX8,0.002659023,0.028486624,1795733
20140717,12:45:00.000,BBG000BH5LT6,-0.0073774513,-0.020020153,2547922
20140717,12:45:00.000,BBG000BD8PN9,0.0061283475,-0.0013122112,1860225
20140717,12:45:00.000,BBG000BH3GZ2,-0.05175387,-0.062945895,7765509
20140717,12:45:00.000,BBG000BB5006,-0.003050621,-0.0058723204,845531
20140717,12:45:00.000,BBG000BTR593,-0.02972013,-0.03399807,3853429
20140717,12:45:00.000,BBG000BRWGG9,0.0036586015,-0.0028234182,14269592
20140717,12:45:00.000,BBG000BJ3PD2,-0.0031289735,-0.009943872,742776
20140717,12:45:00.000,BBG000CSY9H9,0.009863907,0.0027101685,2304322
20140717,12:45:00.000,BBG000FNRZ69,-0.0123009365,-0.016783876,2555022
20140717,12:45:00.000,BBG000C734W3,-0.0009332293,-0.014717086,351118
20140717,12:45:00.000,BBG000BCGY17,0.0033801105,0.0018315103,1945702
20140717,12:45:00.000,BBG000BCVJ77,0.0045853937,0.0052233124,1137951
20140717,12:45:00.000,BBG000C46HM9,0.0010114536,-0.0003500101,1086232
20140717,12:45:00.000,BBG000BJPDZ1,0.009105022,0.005851298,242381
20140717,12:45:00.000,BBG000BJL3N0,-0.04155527,-0.05059253,12243402
20140717,12:45:00.000,BBG000BGJRC8,-0.0047887927,-0.0048117824,3264784
20140717,12:45:00.000,BBG000BBD070,0.0043256953,-0.0018139904,1081727
20140717,12:45:00.000,BBG000BFQYY3,0.00022194227,-0.0040326444,962313
20140717,12:45:00.000,BBG000BPQD31,0.0026336631,-0.0029064324,1797006
20140717,12:45:00.000,BBG000BJ81C1,-0.0011843247,-0.004550251,404011
20140717,12:45:00.000,BBG000B9WH86,0.006828786,-0.0066323024,11602472
20140717,12:45:00.000,BBG000D42FJ0,0.024145903,0.009883018,1103546
20140717,12:45:00.000,BBG000BHX7N2,-0.0014164629,-0.0090482235,1531663
20140717,12:45:00.000,BBG000BH3JF8,-0.022991985,-0.039001048,5774167
20140717,12:45:00.000,BBG000JWD753,-0.0037987567,-0.013632572,6316596
20140717,12:45:00.000,BBG000BHGDH5,0.0062705856,0.0019339614,1125142
20140717,12:45:00.000,BBG0014GG205,-0.00042281926,-0.017989606,2664289
20140717,12:45:00.000,BBG000G30YX4,0.0012854062,-0.012597169,551055
20140717,12:45:00.000,BBG000BCG930,-0.002772474,0.024957066,2084680
20140717,12:45:00.000,BBG000BWVCP8,0.0012360738,-0.005395438,1764498
20140717,12:45:00.000,BBG000C3GN47,-0.021785198,-0.027389422,3060493
20140717,12:45:00.000,BBG000BT9DW0,0.0027390674,-0.0015635072,1866005
20140717,12:45:00.000,BBG000BV8DN6,-0.000120953206,0.0001905695,2622838
20140717,12:45:00.000,BBG0029SNR63,0.022140373,0.022316078,3550219
20140717,12:45:00.000,BBG000HCJMF9,0.0017448253,-0.0066596502,727024
20140717,12:45:00.000,BBG000D9D830,0.004084392,0.0005008132,917963
20140717,12:45:00.000,BBG000F6H8W8,-0.004715613,-0.0072127306,598873
20140717,12:45:00.000,BBG000B9ZXB4,0.043030016,0.040930513,5940594
20140717,12:45:00.000,BBG000BVDLH9,0.013872014,0.0071298643,1483790
20140717,12:45:00.000,BBG000BBVJZ8,-0.0050114137,-0.0134155145,1938040
20140717,12:45:00.000,BBG000BWXBC2,0.003667772,0.00026098403,1539686
20140717,12:45:00.000,BBG000WCFV84,0.0025263065,0.0040231356,1016481
20140717,12:45:00.000,BBG000BFDXW1,0.0070273746,-0.005993231,1677789
20140717,12:45:00.000,BBG000DYGNW7,0.006004291,0.0063955723,437384
20140717,12:45:00.000,BBG000BNBDC2,0.0008303106,-0.0020701303,1048754
20140717,12:45:00.000,BBG000BJSBJ0,0.0023408132,-0.0027866224,523057
20140717,12:45:00.000,BBG000BJF1Z8,-0.00022992234,-0.0076127676,1093136
20140717,12:45:00.000,BBG000BY29C7,0.008404803,0.007994669,2718873
20140717,12:45:00.000,BBG000BH13K9,0.0023431256,0.0018459187,1764894
20140717,12:45:00.000,BBG000BH1NH9,-0.007426021,-0.012632874,1685658
20140717,12:45:00.000,BBG000BLZRJ2,0.010438092,0.0012309501,10490897
20140717,12:45:00.000,BBG000BVV7G1,-0.001668916,-0.013660334,1973373
20140717,12:45:00.000,BBG000BL4504,-0.013457192,-0.023710713,4144757
20140717,12:45:00.000,BBG000BB6KF5,0.0037761426,-0.00464692,1695385
20140717,12:45:00.000,BBG000DSMS70,0.011230182,-0.0028639447,375948
20140717,12:45:00.000,BBG000C8H633,-0.0006204383,-0.007949631,1792552
20140717,12:45:00.000,BBG001DCCGR8,-0.0014268529,-0.009690874,1280477
20140717,12:45:00.000,BBG000QX74T1,0.0053110393,-0.0078318985,231224
20140717,12:45:00.000,BBG000M65M61,-0.00038260617,-0.016483631,4499685
20140717,12:45:00.000,BBG000F80SZ5,0.02178557,0.010236316,7360094
20140717,12:45:00.000,BBG000C5HS04,-0.0027353703,-0.004811607,2246150
20140717,12:45:00.000,BBG000H556T9,-0.0011415811,-0.0039938325,1515740
20140717,12:45:00.000,BBG000NV1KK7,-0.011882451,-0.012328521,2169109
20140717,12:45:00.000,BBG000L9CV04,-0.0050774342,-0.014158701,1259776
20140717,12:45:00.000,BBG000BXRPH1,0.007940238,-0.0014623592,478540
20140717,12:45:00.000,BBG000BNDN65,0.0012809008,-0.005664851,2200876
20140717,12:45:00.000,BBG000BGKTF9,-0.008052572,-0.013394033,1486366
20140717,12:45:00.000,BBG00286S4N9,-0.0032082112,-0.00871759,984964
20140717,12:45:00.000,BBG000H89QJ6,-0.011253539,-0.009142398,766736
20140717,12:45:00.000,BBG000BNWG87,-0.01062014,-0.011760332,3739046
20140717,12:45:00.000,BBG000BJX8C8,0.0006284151,-0.0053893053,1406311
20140717,12:45:00.000,BBG000BD4VG8,-0.0067671263,-0.014517524,2598513
20140717,12:45:00.000,BBG000D4LWF6,0.00038285714,-0.001573072,3186089
20140717,12:45:00.000,BBG000FL1TC8,-0.009950533,-0.005757487,1094885
20140717,12:45:00.000,BBG000FFDM15,-0.005845608,-0.01293377,5384852
20140717,12:45:00.000,BBG000BBPFB9,0.0015944168,0.0030634953,5941804
20140717,12:45:00.000,BBG000BN2DC2,-0.0036133123,-0.0064879293,1290015
20140717,12:45:00.000,BBG000BCQZS4,-0.0037718124,-0.009104014,1181372
20140717,12:45:00.000,BBG000CPQZ77,0.008559165,0.0027433578,3631831
20140717,12:45:00.000,BBG000BP52R2,0.004073408,-0.0125571545,1406975
20140717,12:45:00.000,BBG000J6XT05,-0.016073138,-0.022164412,4282514
20140717,12:45:00.000,BBG000BJDB15,-0.015650589,-0.0043779095,3728890
20140717,12:45:00.000,BBG000LD9JQ8,-0.007925104,-0.016289562,1221547
20140717,12:45:00.000,BBG000FG3C43,-0.121003665,-0.12934212,18362944
20140717,12:45:00.000,BBG000BC2C10,0.008665527,0.0011017574,1686605
20140717,12:45:00.000,BBG000BGRY34,0.0027178002,-0.00254068,867357
20140717,12:45:00.000,BBG000CTQBF3,0.0022594363,-0.007748245,1758315
20140717,12:45:00.000,BBG000H8TVT2,-0.0005661156,-0.0046549253,1928478
20140717,12:45:00.000,BBG0025Y4RY4,-0.0008539467,-0.006151905,5589152
20140717,12:45:00.000,BBG000F1ZSQ2,-0.009626246,-0.017050939,2206527
20140717,12:45:00.000,BBG000CH5208,0.01606675,0.03612583,3612971
20140717,12:45:00.000,BBG000KHWT55,-0.0022297376,-0.008904083,4666089
20140717,12:45:00.000,BBG000BFWKC0,0.0028563512,-0.0012889968,1261896
20140717,12:45:00.000,BBG000BP6LJ8,-0.002621191,-0.0019131936,2715832
20140717,12:45:00.000,BBG000BW8S60,-0.0013435665,-0.0050724875,2029852
20140717,12:45:00.000,BBG000BWLMJ4,0.0018892539,-0.0063715363,1746814
20140717,12:45:00.000,BBG000Q2HM09,0.0019146057,-0.013382215,1611481
20140717,12:45:00.000,BBG000BW3299,-0.003829868,-0.002801279,985180
20140717,12:45:00.000,BBG000BC40Y8,-0.018483037,-0.026082803,2705188
20140717,12:45:00.000,BBG000BBS2Y0,-0.0016950597,-0.01023681,1137321
20140717,12:45:00.000,BBG000DWG505,-0.0025362198,-0.0060912217,1091532
20140717,12:45:00.000,BBG000BQQ2S6,-0.0014109575,-0.008012166,1183507
20140717,12:45:00.000,BBG000BZ9223,0.006018786,-0.0018351844,1115600
20140717,12:45:00.000,BBG000DH7JK6,-0.00033986015,-1.1154202e-07,1064537
20140717,12:45:00.000,BBG000BHVJJ3,0.0035867055,-0.0037045367,5857760
20140717,12:45:00.000,BBG000J2XL74,0.00837852,0.009567747,2976755
20140717,12:45:00.000,BBG000C17X76,0.012825258,0.0005928748,912122
20140717,12:45:00.000,BBG000BHBK84,0.0021344973,-0.0049946546,1706348
20140717,12:45:00.000,BBG000Q9HH23,0.009217853,-0.0011101001,742274
20140717,12:45:00.000,BBG000F0PF65,0.03211936,0.033857554,19408636
20140717,12:45:00.000,BBG000BF0K17,-0.002191394,-0.006684928,1487132
20140717,12:45:00.000,BBG000C15T95,-0.0011892677,0.0007581291,2946485
20140717,12:45:00.000,BBG000NDYB67,-0.00055037293,-0.0058711753,5912831
20140717,12:45:00.000,BBG000DWYF03,-3.1771524e-05,-0.0009091235,20612314
20140717,12:45:00.000,BBG000C6CFJ5,0.0063206065,-0.0010853005,2296480
20140717,12:45:00.000,BBG000BKTFN2,-0.0030925693,-0.010088332,3055681
20140717,12:45:00.000,BBG000BBGGQ1,-0.0051033474,-0.013982326,3094025
20140717,12:45:00.000,BBG000DLFM21,,,1532624
20140717,12:45:00.000,BBG000BBDZG3,-0.0038878452,-3.1782338e-07,3028092
20140717,12:45:00.000,BBG000DQLV23,0.0009746322,-0.004098833,2383701
20140717,12:45:00.000,BBG000BCSST7,0.0030204547,0.0017668284,2465985
20140717,12:45:00.000,BBG000BQLTW7,0.0064567793,0.005961773,12269014
20140717,12:45:00.000,BBG000BQPC32,0.0044451575,0.0028107734,29097770
20140717,12:45:00.000,BBG000BFC8J2,-0.0046167886,-0.01429445,1733266
20140717,12:45:00.000,BBG000BQQH30,-0.0016530565,-0.00732992,2438471
20140717,12:45:00.000,BBG000BMX289,-0.0025598672,-0.0016635113,3218800
20140717,12:45:00.000,BBG000BNSZP1,0.00338998,-0.0048874915,2042228
20140717,12:45:00.000,BBG005P7Q881,-0.005869274,-0.01817358,6627006
20140717,12:45:00.000,BBG000FH8PX5,,,567145
20140717,12:45:00.000,BBG000R7Z112,-0.0031777096,-0.01689724,9047200
20140717,12:45:00.000,BBG000BH4R78,0.0072585028,0.0032798517,3236161
20140717,12:45:00.000,BBG000BKZB36,0.0013907845,-0.0035142638,2059753
20140717,12:45:00.000,BBG000BPD168,0.0022858244,-0.0010327606,2422493
20140717,12:45:00.000,BBG000BHQ1H0,0.008581648,0.0038298632,586174
20140717,12:45:00.000,BBG000C496P7,,,16918150
20140717,12:45:00.000,BBG000C43RR5,0.026021883,0.02090933,12250852
20140717,12:45:00.000,BBG000BT41Q8,-0.0022008053,-0.00992812,2518093
20140717,12:45:00.000,BBG000PSKYX7,-0.0072905323,-0.015344882,1134714
20140717,12:45:00.000,BBG000BR2TH3,0.002139378,-0.002471564,2689741
20140717,12:45:00.000,BBG000GFFQN9,-0.005330919,-0.017462868,22639720
20140717,12:45:00.000,BBG000CGC1X8,-0.015968055,-0.012812117,5373992
20140717,12:45:00.000,BBG000BMHYD1,-0.0037181303,-0.0066548446,3825545
20140717,12:45:00.000,BBG000BFT2L4,-0.011384116,-0.010355864,6285070
20140717,12:45:00.000,BBG000HS77T5,-0.0018961295,-0.006868913,4684484
20140717,12:45:00.000,BBG000K4ND22,0.005185382,5.1773463e-07,1918609
20140717,12:45:00.000,BBG000C3J3C9,-0.009940871,-0.0061591314,14147490
20140717,12:45:00.000,BBG000BK6MB5,0.003661658,-0.0107422685,18336212
20140717,12:45:00.000,BBG000BWQFY7,0.0068934187,-0.0031265218,9821553
20140717,12:45:00.000,BBG000BLNNH6,0.014803408,0.012814667,3689850
20140717,12:45:00.000,BBG000H6HNW3,-0.0086134905,-0.019104881,13005468
20140717,12:45:00.000,BBG000DMBXR2,0.0054928437,-0.0047699884,7184828
20140717,12:45:00.000,BBG000BSJK37,0.0012275696,-0.0049386746,7974187
20140717,12:45:00.000,BBG000FY4S11,0.008078157,-0.0022082794,12245262
20140717,12:45:00.000,BBG000C5Z1S3,-0.024258234,-0.040121235,20384456
20140717,12:45:00.000,BBG000BR2B91,0.0027508433,-0.0012925854,17120676
20140717,12:45:00.000,BBG000N9MNX3,0.015359887,0.0061001247,2495632
20140717,12:45:00.000,BBG000C0G1D1,-0.0070082108,-0.018184364,43582300
20140717,12:45:00.000,BBG002W96FT9,-0.006843822,-0.015096432,1123149
20140717,12:45:00.000,BBG000BLBVN4,0.00030343607,-0.0075558005,351239
20140717,12:45:00.000,BBG000CKGBP2,0.004548824,-0.007645025,6711310
20140717,12:45:00.000,BBG000GZQ728,0.0009211192,-0.004626013,2789319
20140717,12:45:00.000,BBG000BVPV84,0.005613794,-0.007023806,1941324
20140717,12:45:00.000,BBG000BPH459,0.014266671,0.014750042,51189040
20140717,12:45:00.000,BBG000BCTLF6,-0.0007368342,-0.014188748,52782852
20140717,12:45:00.000,BBG000BHSKN9,-0.006613112,-0.014279054,1135300
20140717,12:45:00.000,BBG000CL9VN6,0.005217598,-0.0036331443,1160203
20140717,12:45:00.000,BBG000MM2P62,0.004532352,-0.008574278,20048796
20140717,12:45:00.000,BBG000B9XRY4,-0.0054049077,-0.011395063,28043792
20140717,13:00:00.000,BBG000PCQQL6,0.0019355541,-0.0006959992,966779
20140717,13:00:00.000,BBG000BJP882,-0.009137133,-0.006138223,452329
20140717,13:00:00.000,BBG000BMFFQ0,-0.0020571316,-0.002575433,371694
20140717,13:00:00.000,BBG000K1J931,0.0056832894,-0.017674418,1413635
20140717,13:00:00.000,BBG000BQ87N0,-0.0005085241,-0.0031878646,312170
20140717,13:00:00.000,BBG000BBCQD7,0.004369155,0.0023625232,2282628
20140717,13:00:00.000,BBG000BQHGR6,8.3501945e-05,-0.005087357,320081
20140717,13:00:00.000,BBG000C75N77,-0.010065173,-0.020831134,811379
20140717,13:00:00.000,BBG000BJ8YN7,0.0053971945,4.4699388e-07,1141554
20140717,13:00:00.000,BBG000BLXZN1,0.011944848,0.0073824,1272827
20140717,13:00:00.000,BBG000BV4XJ1,0.008243694,-0.0053485627,192490
20140717,13:00:00.000,BBG000QKPTS5,0.016373154,0.00699919,487039
20140717,13:00:00.000,BBG000BV75B7,-0.0034142358,-0.009290204,224477
20140717,13:00:00.000,BBG000CB8Q50,-0.0057721073,-0.0028870928,389136
20140717,13:00:00.000,BBG000BNPSQ9,-0.005107164,-0.02242089,785982
20140717,13:00:00.000,BBG000H4YVR7,-0.008139373,-0.02239485,385345
20140717,13:00:00.000,BBG000JB27Y9,0.0019080625,0.0011272611,305569
20140717,13:00:00.000,BBG000BVHBM1,0.003962822,-0.019853486,925924
20140717,13:00:00.000,BBG000BQSQ38,0.0012792734,-0.0058117514,677619
20140717,13:00:00.000,BBG001XJRMF5,-0.0054733506,0.005370903,635783
20140717,13:00:00.000,BBG000BNGTQ7,0.001910097,0.0019188668,939740
20140717,13:00:00.000,BBG000B9X8C0,0.00091759465,-0.0025172054,381551
20140717,13:00:00.000,BBG000GPXKX9,-0.005831617,-0.012931144,263938
20140717,13:00:00.000,BBG000BV7LP7,-0.0027055163,-0.0051957294,403667
20140717,13:00:00.000,BBG001NY45K9,-0.021062369,-0.03238298,2079272
20140717,13:00:00.000,BBG000L8CBX4,-0.00675309,-0.004593643,99677
20140717,13:00:00.000,BBG000BHCP19,0.009589105,-0.002769055,328727
20140717,13:00:00.000,BBG000JKCWS0,0.0021422608,0.00015039385,133097
20140717,13:00:00.000,BBG000CPHYL4,-0.0012029087,-0.000512905,899133
20140717,13:00:00.000,BBG000F86GP6,0.0027807595,-0.0038804482,178233
20140717,13:00:00.000,BBG000V31J96,-0.0014708401,-0.008393372,1245846
20140717,13:00:00.000,BBG000BWVSR1,-0.0036264523,-0.007839324,307027
20140717,13:00:00.000,BBG000DLVDK3,0.013013126,0.029297983,1149988
20140717,13:00:00.000,BBG003641015,0.0028519325,-0.00431194,482208
20140717,13:00:00.000,BBG000BQD1J2,0.001287838,0.0003070836,16675103
20140717,13:00:00.000,BBG000BWXL85,-0.0059033684,-0.00729485,398645
20140717,13:00:00.000,BBG001J1QN87,-0.0048441812,-0.020968175,255138
20140717,13:00:00.000,BBG000BFJ645,0.0045907646,-0.004913796,2347581
20140717,13:00:00.000,BBG000BPZBB6,0.0039247903,-0.0005171066,372131
20140717,13:00:00.000,BBG000RNTSX0,0.009753353,0.006328848,536015
20140717,13:00:00.000,BBG000C23KJ3,0.0042134956,-0.0039359354,1607445
20140717,13:00:00.000,BBG000CZWZ05,0.021610362,0.006386962,1160609
20140717,13:00:00.000,BBG000CR90K4,0.01541935,5.962181e-08,18955466
20140717,13:00:00.000,BBG000BBL0Y1,-0.0055249217,-0.017594915,730130
20140717,13:00:00.000,BBG000BKQG80,-0.0006277975,-0.0077524325,412674
20140717,13:00:00.000,BBG000K14Q84,0.0019994047,-0.006841281,1896579
20140717,13:00:00.000,BBG000Q0BPZ4,0.0057493956,-0.0045245653,361720
20140717,13:00:00.000,BBG000BHB3M6,-0.0057722586,-0.014943317,886653
20140717,13:00:00.000,BBG000BLMZK6,-0.005665051,-0.015020669,636469
20140717,13:00:00.000,BBG000QFJ7H3,0.005743216,-0.0029780804,584081
20140717,13:00:00.000,BBG000BLDV98,-9.62743e-05,-0.008291095,695572
20140717,13:00:00.000,BBG000PLXQQ3,0.02006325,0.018921819,3463008
20140717,13:00:00.000,BBG000BGYMH7,0.0045671323,-0.010526213,212709
20140717,13:00:00.000,BBG000H9G7X2,-0.00631879,-0.011190145,944821
20140717,13:00:00.000,BBG000BRZJR8,0.01687922,-0.002524938,1342288
20140717,13:00:00.000,BBG000BJDPC2,-0.009815067,-0.009685127,491668
20140717,13:00:00.000,BBG000BDY3Y7,-0.0028959943,-0.00399914,1271659
20140717,13:00:00.000,BBG000BPNP00,0.00720842,-0.0026884922,853070
20140717,13:00:00.000,BBG000BBB3K1,0.004494099,0.003181692,1713854
20140717,13:00:00.000,BBG000BFV115,-0.00539941,-0.014630113,542114
20140717,13:00:00.000,BBG000CXD6X9,-0.008691381,-0.009249223,876863
20140717,13:00:00.000,BBG000QN4GY3,-0.017202627,-0.02367967,1198790
20140717,13:00:00.000,BBG000BWCKB6,-0.005289462,-0.0046277894,1113798
20140717,13:00:00.000,BBG000BKXFN7,-0.001581734,-0.011782408,871177
20140717,13:00:00.000,BBG000F9KJN4,-0.0034460218,-0.011379303,802560
20140717,13:00:00.000,BBG000BQV1S2,0.00064901053,-0.014069262,391601
20140717,13:00:00.000,BBG000BTQR96,0.00043039082,-0.008289475,503244
20140717,13:00:00.000,BBG000F6ZWH2,-0.0030892773,-0.007944272,657964
20140717,13:00:00.000,BBG000BMZ7P7,0.0028595608,0.00017664254,659818
20140717,13:00:00.000,BBG000BB29X4,0.0025836646,-0.0013128702,320448
20140717,13:00:00.000,BBG000BBCDZ2,-0.00529511,-0.010912889,292629
20140717,13:00:00.000,BBG000C6F3T8,0.018615266,0.005910949,15507496
20140717,13:00:00.000,BBG000BFVXX0,0.0011054436,-0.0013241629,537857
20140717,13:00:00.000,BBG000G6BN50,-0.002610085,-0.012378333,168393
20140717,13:00:00.000,BBG000BRXP69,-0.0023829732,-0.0047457707,370713
20140717,13:00:00.000,BBG000BPMH90,0.019932589,0.011974222,1160700
20140717,13:00:00.000,BBG000D9DMK0,0.0013915836,0.004181674,749675
20140717,13:00:00.000,BBG000D14WM3,0.002335898,-0.0076318514,6144286
20140717,13:00:00.000,BBG000PVRDL2,0.006049387,0.02328224,2844395
20140717,13:00:00.000,BBG000BSC0K9,0.0015075839,0.0023823373,558686
20140717,13:00:00.000,BBG000R0L5J4,0.013499736,0.0043103457,970952
20140717,13:00:00.000,BBG000JH6683,-0.00051849155,-0.025186995,671183
20140717,13:00:00.000,BBG000BG14P4,0.014611169,-0.004393515,714963
20140717,13:00:00.000,BBG000D9KWL9,0.0108573055,0.0012275442,480512
20140717,13:00:00.000,BBG000BKWSR6,-0.013798065,-0.021817671,5348752
20140717,13:00:00.000,BBG000BC9938,0.0045220787,0.0005322292,710901
20140717,13:00:00.000,BBG000BB1TH9,-0.005147142,-0.009585457,369303
20140717,13:00:00.000,BBG000BJ49H3,-0.0021905587,-0.005754921,915010
20140717,13:00:00.000,BBG000BFS7D3,0.0012136973,-0.0022136474,290892
20140717,13:00:00.000,BBG000BN9WT5,0.0048465384,-0.005090357,464242
20140717,13:00:00.000,BBG000BKR1D6,0.004589319,0.00024588653,775566
20140717,13:00:00.000,BBG000BFRF55,0.010321283,-0.0025459055,2656389
20140717,13:00:00.000,BBG000BKTT89,-0.00014361717,-0.01077048,289995
20140717,13:00:00.000,BBG000BQ8KV2,-0.0018062756,-0.011384795,643292
20140717,13:00:00.000,BBG000BQVWZ6,-0.0067394455,-0.019220535,3686500
20140717,13:00:00.000,BBG000BHKYH4,-0.0013675905,-0.0012660768,342557
20140717,13:00:00.000,BBG000BS7KS3,-0.0045773666,-0.0035201416,230994
20140717,13:00:00.000,BBG000CGT2S4,-0.039547235,-0.048633184,4135016
20140717,13:00:00.000,BBG000F7RCJ1,-0.002059174,-0.009406441,231306
20140717,13:00:00.000,BBG000BMTFR4,-0.001390655,0.0024279354,879507
20140717,13:00:00.000,BBG000TJM7F0,-0.00553518,-0.0036240378,523216
20140717,13:00:00.000,BBG000BMKDM3,0.002351534,0.0010604947,580845
20140717,13:00:00.000,BBG000FLZN98,0.00019675793,-0.009332771,355486
20140717,13:00:00.000,BBG000BKLH74,-0.00042243296,-0.00025196242,2066253
20140717,13:00:00.000,BBG000BCTQ65,-0.0006219946,-0.0044150036,825622
20140717,13:00:00.000,BBG000D1QCF1,-0.0042351624,-0.006517651,497984
20140717,13:00:00.000,BBG000BSXQV7,0.044701044,0.04170217,851294
20140717,13:00:00.000,BBG000BG09F5,-0.01470917,-0.023424024,514898
20140717,13:00:00.000,BBG000FLPRH1,-0.01218871,-0.014557834,385993
20140717,13:00:00.000,BBG000PV2L86,-0.0013684222,-0.0074588,197125
20140717,13:00:00.000,BBG000BGYWY6,0.0019856167,-0.004547673,265436
20140717,13:00:00.000,BBG000C060M4,0.0020436419,-0.004281966,223526
20140717,13:00:00.000,BBG000BDXGP9,-0.00391309,-0.0058306633,1454776
20140717,13:00:00.000,BBG000BGD7W6,-0.00031968084,-0.0046359724,886676
20140717,13:00:00.000,BBG000BP8Z50,-0.0012557417,-0.0028933506,436363
20140717,13:00:00.000,BBG000HW5GX3,0.0025231498,-0.006027555,844149
20140717,13:00:00.000,BBG000C4ZZ10,-0.0059792986,-0.010810968,196224
20140717,13:00:00.000,BBG000BNNYW1,-0.06441231,-0.065855,8669210
20140717,13:00:00.000,BBG000BR37X2,0.0034324967,0.001636513,1525317
20140717,13:00:00.000,BBG000BLW530,-0.0046798983,-0.00578483,529435
20140717,13:00:00.000,BBG000BF1R66,-0.0011601248,-0.0033553436,192355
20140717,13:00:00.000,BBG000BKNX95,-0.00239498,-0.0057159183,1072454
20140717,13:00:00.000,BBG000BWP7D9,0.0026154714,-0.0029889336,597546
20140717,13:00:00.000,BBG000BBMSJ6,0.0075234836,-0.003722171,541094
20140717,13:00:00.000,BBG000DN7P92,0.005302338,0.0025523815,564219
20140717,13:00:00.000,BBG000BCZYD3,-0.002749836,-0.004201321,168802
20140717,13:00:00.000,BBG000CVWGS6,-0.0053947116,-0.00521448,2499480
20140717,13:00:00.000,BBG000BLHRS2,0.0013175983,0.00027122317,659790
20140717,13:00:00.000,BBG000BY2Y78,0.0003963415,-0.0070622764,452472
20140717,13:00:00.000,BBG000BK6G19,0.044149574,0.03468816,3178042
20140717,13:00:00.000,BBG002S5ZRF9,0.0207775,0.008861356,348320
20140717,13:00:00.000,BBG000BNC3Y9,0.0064990777,-0.0028554134,408511
20140717,13:00:00.000,BBG000BTCH57,-0.00067195017,-0.011350166,483687
20140717,13:00:00.000,BBG000BB03M1,0.005896562,0.0020329806,754504
20140717,13:00:00.000,BBG000BN84F3,-0.0012844485,0.0008123912,606426
20140717,13:00:00.000,BBG000BB5BF6,0.0073396456,-0.0015642607,853679
20140717,13:00:00.000,BBG000FDBX90,0.005384067,0.0016053,1348353
20140717,13:00:00.000,BBG000RGM5P1,0.012406865,0.0050030514,512914
20140717,13:00:00.000,BBG000BB5373,-0.0032047518,-0.010816853,2414961
20140717,13:00:00.000,BBG000BFDLV8,0.00084835506,-0.0023349843,809317
20140717,13:00:00.000,BBG000BGRKT6,0.0019579781,0.0031727417,198088
20140717,13:00:00.000,BBG000BTVJ25,-0.0054448876,-0.00970983,859721
20140717,13:00:00.000,BBG000BVMPN3,-0.00439954,-0.01062296,687398
20140717,13:00:00.000,BBG000C2ZCH8,0.004749333,0.0005868309,362507
20140717,13:00:00.000,BBG0014GJCT9,0.010909546,0.009860016,623615
20140717,13:00:00.000,BBG000C11MQ5,-0.0016166279,-0.01644524,413247
20140717,13:00:00.000,BBG003P9ZSL3,0.0018031069,0.003498157,383777
20140717,13:00:00.000,BBG000BX5ZF5,0.0055914777,-0.0023353153,3160901
20140717,13:00:00.000,BBG000C2V3D6,-0.013055451,-0.02132887,2649996
20140717,13:00:00.000,BBG000BQVTF5,0.0020426712,-0.004160808,493124
20140717,13:00:00.000,BBG000D2M0Z7,-0.0066506597,-0.011012642,240622
20140717,13:00:00.000,BBG000CHPY97,-0.015157357,-0.024572862,2593293
20140717,13:00:00.000,BBG000N746D6,0.00740316,-0.0052093733,1206694
20140717,13:00:00.000,BBG000M1R011,0.016607074,0.009767119,1154059
20140717,13:00:00.000,BBG000BHLYP4,0.0074470546,0.00020394476,405224
20140717,13:00:00.000,BBG000BB6G37,0.0029803806,-0.0071723303,516428
20140717,13:00:00.000,BBG000BR14K5,-0.003016939,-0.0055903527,320627
20140717,13:00:00.000,BBG000PX3XC0,-0.0046027424,-0.014039319,1682376
20140717,13:00:00.000,BBG000J1QLT0,-0.0058580036,-0.004527751,453294
20140717,13:00:00.000,BBG0039320N9,-0.008127098,-0.00827803,1195136
20140717,13:00:00.000,BBG000BC4JJ4,-0.0040281895,-0.0031200824,392881
20140717,13:00:00.000,BBG000BM7HL0,0.006016821,0.0046012485,773052
20140717,13:00:00.000,BBG000BP1Q11,-0.003845794,-0.006414581,338310
20140717,13:00:00.000,BBG000BF6LY3,-0.0015607777,-0.011977285,883826
20140717,13:00:00.000,BBG000BF5RY1,0.005166802,0.0066021346,1230712
20140717,13:00:00.000,BBG000BFTJ91,-0.010662368,-0.010422603,824594
20140717,13:00:00.000,BBG000BR54L0,0.012753165,-0.011019289,3294837
20140717,13:00:00.000,BBG000J5Q6L2,0.010385153,0.0012274261,2102006
20140717,13:00:00.000,BBG000BCWCG1,-0.022275398,-0.03291556,1909642
20140717,13:00:00.000,BBG000TWC2V5,-0.0028847032,-0.0054843803,322792
20140717,13:00:00.000,BBG000BCYP43,-0.007240888,-0.00794071,205900
20140717,13:00:00.000,BBG000C221G9,-0.0062722447,-0.016863726,793488
20140717,13:00:00.000,BBG000BZTW70,0.005613136,-0.004816363,1968654
20140717,13:00:00.000,BBG000BKZTP3,-0.0017689678,-0.0051015047,909720
20140717,13:00:00.000,BBG000R8ZVD1,0.010609307,0.0049861935,1537531
20140717,13:00:00.000,BBG000CKVSG8,-0.013865941,-0.022996182,989300
20140717,13:00:00.000,BBG000DNTSP4,0.0017978174,-0.0035139427,1441327
20140717,13:00:00.000,BBG000BP4MH0,0.001632481,-0.0026901138,557496
20140717,13:00:00.000,BBG000BR3KL6,-0.0034380083,-0.013282192,319547
20140717,13:00:00.000,BBG000BJQWD2,0.0065611196,-0.003300491,577552
20140717,13:00:00.000,BBG000G0Z878,-0.0018312172,-0.007955428,830184
20140717,13:00:00.000,BBG000D7RKJ5,0.004001212,0.00035234864,834763
20140717,13:00:00.000,BBG000G9CGL0,-0.0053063035,-0.0127986865,342126
20140717,13:00:00.000,BBG000DTMH63,0.0057254736,-0.0025706352,1847283
20140717,13:00:00.000,BBG0029BK2G7,-0.01219475,-0.017788354,623472
20140717,13:00:00.000,BBG000G3QLY3,0.0046390835,-0.0031096467,260624
20140717,13:00:00.000,BBG000BP0KQ8,0.004807717,0.004040781,1891789
20140717,13:00:00.000,BBG001NVJ6W4,-0.039060026,-0.053069342,3854513
20140717,13:00:00.000,BBG000BSBZH7,0.0019992557,0.004022681,2401480
20140717,13:00:00.000,BBG000BHGCD1,-0.0015871952,-0.011030196,305906
20140717,13:00:00.000,BBG000BL9JQ1,-0.00016262563,-0.005884036,626053
20140717,13:00:00.000,BBG000BH5DV1,-0.003936714,-0.003249835,359021
20140717,13:00:00.000,BBG000QW7VC1,0.010541726,0.0131166,4119127
20140717,13:00:00.000,BBG000DQTXY6,-0.0065888464,-0.030774485,3011305
20140717,13:00:00.000,BBG000QY3XZ2,-0.0006791577,-0.012599371,731147
20140717,13:00:00.000,BBG000BBBNC6,0.012908651,0.009350813,975090
20140717,13:00:00.000,BBG000F15NW9,0.0024999457,0.0011820323,825464
20140717,13:00:00.000,BBG000BNNKG9,9.9362056e-05,-0.011238558,1446285
20140717,13:00:00.000,BBG000BFXHL6,-0.0047472673,-0.0041839345,826715
20140717,13:00:00.000,BBG000BRRG02,0.0070284293,0.0069801337,535272
20140717,13:00:00.000,BBG000BHLYS1,0.0013546903,-0.0037063775,583677
20140717,13:00:00.000,BBG000CGQ6M4,-0.0073699327,-0.004273197,360388
20140717,13:00:00.000,BBG000C1S2X2,0.0061489413,-0.008727771,658071
20140717,13:00:00.000,BBG000C7LMS8,-0.0043588234,-0.008340857,35801
20140717,13:00:00.000,BBG000MDCQC2,0.00037911607,0.0022623565,548962
20140717,13:00:00.000,BBG000JG0547,0.003834704,-0.0027957892,372185
20140717,13:00:00.000,BBG000CJZ2W6,0.01284526,0.00053423987,903023
20140717,13:00:00.000,BBG0020B4JG7,0.0034282948,-0.006506568,1770964
20140717,13:00:00.000,BBG000BNFLM9,-0.0040126494,-0.00014013023,467870
20140717,13:00:00.000,BBG000BCBCM7,0.0008348675,-0.009825573,2550724
20140717,13:00:00.000,BBG000CS7CT9,0.009757628,0.006004593,1034921
20140717,13:00:00.000,BBG000MZFMS2,-0.0059986725,-0.01406739,570806
20140717,13:00:00.000,BBG000BKQ3V3,0.0048610657,-0.0033518875,1040727
20140717,13:00:00.000,BBG000BLCPY4,-0.0027002632,-0.01269098,269790
20140717,13:00:00.000,BBG000BC15S7,0.0033287092,-0.00033503657,370363
20140717,13:00:00.000,BBG000FKJRC5,0.0010007054,-0.0040588384,462912
20140717,13:00:00.000,BBG000BRJ809,0.0035960253,0.005519616,379797
20140717,13:00:00.000,BBG000C2PW58,-0.0033650163,-0.0112418225,347084
20140717,13:00:00.000,BBG000BCVMH9,0.03359509,0.035080746,1211428
20140717,13:00:00.000,BBG000BQ2C28,0.008233624,0.0042993557,376652
20140717,13:00:00.000,BBG000BBJQV0,0.015463238,0.0020663466,2950278
20140717,13:00:00.000,BBG000G2R6M0,0.010035228,0.02372677,2695683
20140717,13:00:00.000,BBG000BTKGG8,-0.0142095685,-0.025281616,2025710
20140717,13:00:00.000,BBG000BMQPL1,-0.026178766,-0.035248604,11940261
20140717,13:00:00.000,BBG000BMF5J0,0.0016207085,-0.011501229,4415784
20140717,13:00:00.000,BBG000BB6WG8,0.001147465,-0.0027215576,1160612
20140717,13:00:00.000,BBG000BM6788,-0.0011363032,-0.012719197,1005820
20140717,13:00:00.000,BBG000FVXD63,-0.01634948,-0.024367299,1766679
20140717,13:00:00.000,BBG000C3HSR0,0.0141915195,0.0029758238,1377287
20140717,13:00:00.000,BBG000BN5HF7,-0.012528857,-0.025309913,1075157
20140717,13:00:00.000,BBG001QD41M9,-0.00082721515,-0.0070232586,800348
20140717,13:00:00.000,BBG000CXYSZ6,0.007977434,0.009209191,326247
20140717,13:00:00.000,BBG000BVMGF2,0.004604797,0.00077368075,860463
20140717,13:00:00.000,BBG0019JZ882,0.0060705584,-0.0010837096,5767951
20140717,13:00:00.000,BBG000BKPL53,-0.0079098595,-0.008662801,313996
20140717,13:00:00.000,BBG000PYZSR8,-0.0100115,-0.007287362,755285
20140717,13:00:00.000,BBG000F0KF42,-0.011038227,-0.018595135,1418659
20140717,13:00:00.000,BBG000FW00S1,-0.017674405,-0.02711832,3615356
20140717,13:00:00.000,BBG000BYYLS8,-0.016259,-0.02448519,2831996
20140717,13:00:00.000,BBG000BB6M98,-0.0041579665,-0.0062065506,1145181
20140717,13:00:00.000,BBG000D8RG11,-0.011295241,-0.020677892,3267052
20140717,13:00:00.000,BBG000CHWP52,0.018463647,0.021076456,2188936
20140717,13:00:00.000,BBG000D6L294,-0.0008258819,-0.010245756,582492
20140717,13:00:00.000,BBG000C3Y7J6,0.0005885025,-1.221242e-07,343486
20140717,13:00:00.000,BBG000BM5SR2,-0.0043884753,-0.012179333,2549502
20140717,13:00:00.000,BBG000BS0ZF1,-0.0030417447,-0.0020562974,226003
20140717,13:00:00.000,BBG000C0F570,0.0034866969,-0.006610095,916824
20140717,13:00:00.000,BBG000C90DH9,-0.010082525,-0.0077781854,2646906
20140717,13:00:00.000,BBG000BVWLJ6,-5.6665398e-05,-0.0059422427,871724
20140717,13:00:00.000,BBG000BRK7L6,0.0022466267,-0.0045644348,1535070
20140717,13:00:00.000,BBG000BZ2GG4,0.0020635726,-0.0021550506,586088
20140717,13:00:00.000,BBG000BVL2G3,-0.0003163772,-0.008488504,540554
20140717,13:00:00.000,BBG000C2YHG9,-0.015672125,-0.014352326,537210
20140717,13:00:00.000,BBG001BPFT54,0.012048352,-0.009252047,1397741
20140717,13:00:00.000,BBG000BH2JM1,0.009009715,0.010915539,1907622
20140717,13:00:00.000,BBG000BPVCR1,5.622667e-05,-0.0036935546,476819
20140717,13:00:00.000,BBG002BHBHM1,-0.008261137,-0.012379276,814414
20140717,13:00:00.000,BBG000Q3JN03,-0.014591543,-0.026352614,12009126
20140717,13:00:00.000,BBG000BPT0C6,-0.012937172,-0.019964302,1085544
20140717,13:00:00.000,BBG000BQWPC5,-0.0014415334,-0.007371606,855379
20140717,13:00:00.000,BBG000BQ5DS5,-0.0014380415,-0.00085581903,645633
20140717,13:00:00.000,BBG000DY8ZS4,0.0010105278,-0.0056802663,3941658
20140717,13:00:00.000,BBG000R8L7J3,-0.015409868,-0.023577154,5870508
20140717,13:00:00.000,BBG000BS9489,-0.004385026,-0.001821218,812407
20140717,13:00:00.000,BBG000D898T9,0.006840621,0.0034518302,577904
20140717,13:00:00.000,BBG000BFL116,0.0024801865,-0.016231734,1217919
20140717,13:00:00.000,BBG001YMS0B8,-0.006616104,-0.009335374,839275
20140717,13:00:00.000,BBG000QBR5J5,0.008434656,0.0039048737,1552176
20140717,13:00:00.000,BBG000BHC2S1,-0.00698689,-0.010353533,768551
20140717,13:00:00.000,BBG000BX3TD3,0.0050075706,-0.007075017,2991638
20140717,13:00:00.000,BBG000C1FQS9,-0.0069684093,-0.010648791,661062
20140717,13:00:00.000,BBG000BLKK03,0.016995495,0.048264768,978606
20140717,13:00:00.000,BBG000BKCFC2,0.0023419035,0.00018984589,1307716
20140717,13:00:00.000,BBG000C4DPX1,0.0051475377,-0.008147547,766845
20140717,13:00:00.000,BBG000BHZ5J9,-0.02841737,-0.03441069,999387
20140717,13:00:00.000,BBG000KLB4Q1,-0.015847297,-0.02720509,2412941
20140717,13:00:00.000,BBG000BMBL90,-0.007841819,-0.012112722,1010812
20140717,13:00:00.000,BBG000C2BXK4,0.00025305335,-0.010565134,3765531
20140717,13:00:00.000,BBG000H0QBS7,0.0013136553,-0.0015734953,2358405
20140717,13:00:00.000,BBG000BQZMH4,-1.244887e-05,-0.005046878,1896988
20140717,13:00:00.000,BBG000BLBXT4,-0.0023953365,-0.009099566,924048
20140717,13:00:00.000,BBG000BJ2VQ6,0.0050807414,-0.004560968,1057954
20140717,13:00:00.000,BBG000BMY992,0.0046064337,0.001013228,908243
20140717,13:00:00.000,BBG000BXM6V2,0.0059364466,-0.0016559742,804167
20140717,13:00:00.000,BBG000BWSV34,-0.0025769225,-0.00977966,523983
20140717,13:00:00.000,BBG000BKFBD7,0.003009366,-0.0033855909,688162
20140717,13:00:00.000,BBG000FP1N32,0.0051166415,-0.0010980546,1348544
20140717,13:00:00.000,BBG000BT4T69,0.007490797,2.4029099e-08,843964
20140717,13:00:00.000,BBG000BFMBQ6,-0.011264408,0.02006331,1951549
20140717,13:00:00.000,BBG000C0HQ54,-0.004905624,-0.010634796,446168
20140717,13:00:00.000,BBG000C0LW92,-0.014259201,-0.017100964,2904079
20140717,13:00:00.000,BBG000BVPPM1,-0.00085726206,-0.0059669227,831684
20140717,13:00:00.000,BBG000BMW2Z0,-0.003634627,-0.0075728055,507897
20140717,13:00:00.000,BBG000BPWXK1,-0.0034249853,0.011109263,3308676
20140717,13:00:00.000,BBG000GC80B4,-0.0040396126,-0.0064662592,3837835
20140717,13:00:00.000,BBG000BXWBN9,0.00487004,0.0027945957,1606999
20140717,13:00:00.000,BBG000BY33P5,0.0023727417,0.0058724196,3676544
20140717,13:00:00.000,BBG000R7RDB4,-0.00092138274,-0.009140865,479803
20140717,13:00:00.000,BBG000MBDGM6,0.00040694015,-0.005953757,121899
20140717,13:00:00.000,BBG000BGLRN3,0.0018878706,-0.0032333029,661787
20140717,13:00:00.000,BBG000BWJFZ4,0.024031898,0.0280707,541234
20140717,13:00:00.000,BBG000BGVW60,0.0015416836,-0.0035114926,485087
20140717,13:00:00.000,BBG000BNJHS8,0.0031097338,-0.009274159,2603583
20140717,13:00:00.000,BBG000DKCC19,-0.00088759535,-0.004078091,872315
20140717,13:00:00.000,BBG000BXMFC3,0.04105933,0.031397417,2114606
20140717,13:00:00.000,BBG000BSD7C2,0.001942758,0.0022725805,428579
20140717,13:00:00.000,BBG000BSLZY7,-0.004758843,-0.015236836,2606987
20140717,13:00:00.000,BBG000BMDV41,0.000675708,-0.00625039,1915561
20140717,13:00:00.000,BBG001C7TST4,-0.0006783794,-0.007735265,855706
20140717,13:00:00.000,BBG000BRJL00,0.0010336426,-0.003863001,839116
20140717,13:00:00.000,BBG000BRD0D8,-0.00747564,-0.018197156,1997223
20140717,13:00:00.000,BBG000BND699,-0.0062926067,-0.020959048,1349926
20140717,13:00:00.000,BBG000BB9KF2,-0.0018851195,-0.0053497334,776758
20140717,13:00:00.000,BBG000C1BW00,0.010988343,0.0058499686,650096
20140717,13:00:00.000,BBG000BTZQC4,0.0030931924,0.005301016,1469568
20140717,13:00:00.000,BBG000BWNFZ9,-0.013967415,-0.020943094,1537052
20140717,13:00:00.000,BBG000BJ98Z0,0.0021789887,-0.004455414,594789
20140717,13:00:00.000,BBG000CNFQW6,-0.004779111,-0.011717157,539569
20140717,13:00:00.000,BBG000BGPTV6,-0.00053290726,-0.0075868494,418562
20140717,13:00:00.000,BBG000BB07P9,-0.0041415007,0.008468394,6479168
20140717,13:00:00.000,BBG000C1FB75,0.011663125,0.006963208,598543
20140717,13:00:00.000,BBG001M8HHB7,0.019759687,0.0055916063,534602
20140717,13:00:00.000,BBG000DHSPT0,0.008279024,0.011218029,1830949
20140717,13:00:00.000,BBG000FQ6PY6,0.0045419163,0.0036267268,1076098
20140717,13:00:00.000,BBG000BBDV81,0.0009087136,-0.006983244,1634420
20140717,13:00:00.000,BBG000VC0T95,-0.0066945255,-0.01407067,1053279
20140717,13:00:00.000,BBG000BKFZM4,0.0012389699,-0.0055003585,2355285
20140717,13:00:00.000,BBG000D13GN8,-0.017810374,-0.033705156,806504
20140717,13:00:00.000,BBG000C0MF34,-0.005648818,0.0008150851,306596
20140717,13:00:00.000,BBG000BFNR17,0.018408872,0.008504006,763761
20140717,13:00:00.000,BBG000BK67C7,0.0032224192,-0.000850964,311112
20140717,13:00:00.000,BBG000FJLFX8,0.0032542406,0.03128668,1858302
20140717,13:00:00.000,BBG000BH5LT6,-0.009634622,-0.020695046,2684375
20140717,13:00:00.000,BBG000BD8PN9,0.005243857,-0.0018370938,2006241
20140717,13:00:00.000,BBG000BH3GZ2,-0.051803414,-0.06222031,7998347
20140717,13:00:00.000,BBG000BB5006,-0.00445576,-0.007530162,892166
20140717,13:00:00.000,BBG000BTR593,-0.03180743,-0.036418278,3970489
20140717,13:00:00.000,BBG000BRWGG9,0.0029759798,-0.0028233572,15361964
20140717,13:00:00.000,BBG000BJ3PD2,-0.0031042094,-0.009943909,771198
20140717,13:00:00.000,BBG000CSY9H9,0.009094803,0.00312103,2354641
20140717,13:00:00.000,BBG000FNRZ69,-0.014408093,-0.01781151,2777607
20140717,13:00:00.000,BBG000C734W3,-0.00035537453,-0.015043981,369667
20140717,13:00:00.000,BBG000BCGY17,0.0032163516,0.0023309584,2018894
20140717,13:00:00.000,BBG000BCVJ77,0.0042569484,0.0051577874,1175637
20140717,13:00:00.000,BBG000C46HM9,0.001099151,5.100578e-07,1141313
20140717,13:00:00.000,BBG000BJPDZ1,0.009618801,0.0059564007,249103
20140717,13:00:00.000,BBG000BJL3N0,-0.04452036,-0.052913357,12678672
20140717,13:00:00.000,BBG000BGJRC8,-0.0043954304,-0.0038495127,3333234
20140717,13:00:00.000,BBG000BBD070,0.0030374534,-0.0021162857,1146991
20140717,13:00:00.000,BBG000BFQYY3,-0.00015422117,-0.0050405157,986983
20140717,13:00:00.000,BBG000BPQD31,0.001728719,-0.0022281639,1882333
20140717,13:00:00.000,BBG000BJ81C1,-0.0012269001,-0.0043410235,417690
20140717,13:00:00.000,BBG000B9WH86,0.0058979397,-0.0054263454,12052538
20140717,13:00:00.000,BBG000D42FJ0,0.024497166,0.009794159,1133814
20140717,13:00:00.000,BBG000BHX7N2,-0.0020760428,-0.009710239,1579373
20140717,13:00:00.000,BBG000BH3JF8,-0.02545175,-0.04148636,5968115
20140717,13:00:00.000,BBG000JWD753,-0.0037388513,-0.013632627,6495953
20140717,13:00:00.000,BBG000BHGDH5,0.006761615,0.0029697793,1179237
20140717,13:00:00.000,BBG0014GG205,-0.002997077,-0.02181707,2794130
20140717,13:00:00.000,BBG000G30YX4,0.0043003876,-0.010802124,632296
20140717,13:00:00.000,BBG000BCG930,-0.0056476635,0.024912773,2141142
20140717,13:00:00.000,BBG000BWVCP8,6.493764e-05,-0.0061660944,1826033
20140717,13:00:00.000,BBG000C3GN47,-0.023427056,-0.0296959,3142924
20140717,13:00:00.000,BBG000BT9DW0,0.0029494462,-0.0011169256,1953582
20140717,13:00:00.000,BBG000BV8DN6,-0.001441425,-0.001140587,2762395
20140717,13:00:00.000,BBG0029SNR63,0.022287259,0.02176136,3637212
20140717,13:00:00.000,BBG000HCJMF9,0.0018760024,-0.0070450893,750538
20140717,13:00:00.000,BBG000D9D830,0.0055387137,0.00031259906,943712
20140717,13:00:00.000,BBG000F6H8W8,-0.0048035444,-0.007594854,616049
20140717,13:00:00.000,BBG000B9ZXB4,0.04215051,0.040077996,6691851
20140717,13:00:00.000,BBG000BVDLH9,0.014050581,0.0062910584,1520907
20140717,13:00:00.000,BBG000BBVJZ8,-0.008682363,-0.01675336,2025848
20140717,13:00:00.000,BBG000BWXBC2,0.0039463113,0.0007815544,1626792
20140717,13:00:00.000,BBG000WCFV84,0.0028594271,0.0058834413,1073158
20140717,13:00:00.000,BBG000BFDXW1,0.008098608,-0.0044296556,1727615
20140717,13:00:00.000,BBG000DYGNW7,0.008104784,0.008518443,454646
20140717,13:00:00.000,BBG000BNBDC2,0.00027334926,-0.0019109263,1077133
20140717,13:00:00.000,BBG000BJSBJ0,0.0021732636,-0.0025838136,561354
20140717,13:00:00.000,BBG000BJF1Z8,-0.00076554145,-0.007936538,1123571
20140717,13:00:00.000,BBG000BY29C7,0.0071417326,0.0076986533,2793758
20140717,13:00:00.000,BBG000BH13K9,0.0019871548,0.0030766046,1884759
20140717,13:00:00.000,BBG000BH1NH9,-0.008478987,-0.013415493,1736346
20140717,13:00:00.000,BBG000BLZRJ2,0.008995256,0.0003074297,10743682
20140717,13:00:00.000,BBG000BVV7G1,-0.00038853873,-0.011825297,2042553
20140717,13:00:00.000,BBG000BL4504,-0.015064867,-0.024069758,4242343
20140717,13:00:00.000,BBG000BB6KF5,0.003117146,-0.005540582,1769487
20140717,13:00:00.000,BBG000DSMS70,0.01265768,-0.0031562378,386945
20140717,13:00:00.000,BBG000C8H633,-0.00089897244,-0.0081979865,1837700
20140717,13:00:00.000,BBG001DCCGR8,-0.0017568462,-0.009053442,1315069
20140717,13:00:00.000,BBG000QX74T1,0.004674881,-0.008611067,238829
20140717,13:00:00.000,BBG000M65M61,-0.0005427396,-0.0155925285,4621689
20140717,13:00:00.000,BBG000F80SZ5,0.02056082,0.010236274,7632249
20140717,13:00:00.000,BBG000C5HS04,-0.0014094209,-0.0033163428,2306660
20140717,13:00:00.000,BBG000H556T9,-0.0023662222,-0.004719951,1584384
20140717,13:00:00.000,BBG000NV1KK7,-0.011557256,-0.011878691,2236916
20140717,13:00:00.000,BBG000L9CV04,-0.0056172675,-0.014493688,1312011
20140717,13:00:00.000,BBG000BXRPH1,0.0079812,-0.0030132115,485054
20140717,13:00:00.000,BBG000BNDN65,0.0005885696,-0.0058747143,2305946
20140717,13:00:00.000,BBG000BGKTF9,-0.0077536055,-0.012919829,1561042
20140717,13:00:00.000,BBG00286S4N9,-0.0029542807,-0.007851986,1017021
20140717,13:00:00.000,BBG000H89QJ6,-0.012450976,-0.0100800535,809115
20140717,13:00:00.000,BBG000BNWG87,-0.010160087,-0.011442415,3895609
20140717,13:00:00.000,BBG000BJX8C8,0.00093492534,-0.0031048784,1440170
20140717,13:00:00.000,BBG000BD4VG8,-0.007254651,-0.013778471,2702587
20140717,13:00:00.000,BBG000D4LWF6,0.0002884481,-0.0010487186,3225733
20140717,13:00:00.000,BBG000FL1TC8,-0.009149816,-0.004490639,1188985
20140717,13:00:00.000,BBG000FFDM15,-0.0050226687,-0.012228471,5542402
20140717,13:00:00.000,BBG000BBPFB9,0.0013928853,0.0039388654,6116554
20140717,13:00:00.000,BBG000BN2DC2,-0.0053096535,-0.009175855,1364582
20140717,13:00:00.000,BBG000BCQZS4,-0.0027721624,-0.008892245,1223413
20140717,13:00:00.000,BBG000CPQZ77,0.007783752,0.0013717654,3766664
20140717,13:00:00.000,BBG000BP52R2,0.00509144,-0.011565014,1448223
20140717,13:00:00.000,BBG000J6XT05,-0.016727513,-0.022467911,4644928
20140717,13:00:00.000,BBG000BJDB15,-0.017650755,-0.004120364,3804544
20140717,13:00:00.000,BBG000LD9JQ8,-0.009370444,-0.017466996,1248519
20140717,13:00:00.000,BBG000FG3C43,-0.12139455,-0.12999132,18831508
20140717,13:00:00.000,BBG000BC2C10,0.008528033,0.0013019623,1711667
20140717,13:00:00.000,BBG000BGRY34,0.0029018654,-0.0020847681,906803
20140717,13:00:00.000,BBG000CTQBF3,0.0021037918,-0.008002316,1811774
20140717,13:00:00.000,BBG000H8TVT2,-0.0021476692,-0.0056525585,1991715
20140717,13:00:00.000,BBG0025Y4RY4,0.004167913,-0.00083924824,7098184
20140717,13:00:00.000,BBG000F1ZSQ2,-0.008642189,-0.016859228,2275272
20140717,13:00:00.000,BBG000CH5208,0.019749874,0.041559536,3813870
20140717,13:00:00.000,BBG000KHWT55,-0.0027758179,-0.00890404,4750958
20140717,13:00:00.000,BBG000BFWKC0,0.0033846197,-0.0006232199,1365316
20140717,13:00:00.000,BBG000BP6LJ8,-0.0024636376,-0.0014350568,2809221
20140717,13:00:00.000,BBG000BW8S60,-0.0021591291,-0.005203651,2125687
20140717,13:00:00.000,BBG000BWLMJ4,0.0012753414,-0.0069316025,1815863
20140717,13:00:00.000,BBG000Q2HM09,0.0011824347,-0.015220581,1662855
20140717,13:00:00.000,BBG000BW3299,-0.0037820146,-0.002948677,1010569
20140717,13:00:00.000,BBG000BC40Y8,-0.018639931,-0.025638571,2844194
20140717,13:00:00.000,BBG000BBS2Y0,-0.0017618526,-0.011341159,1205840
20140717,13:00:00.000,BBG000DWG505,-0.0024575402,-0.006091223,1127532
20140717,13:00:00.000,BBG000BQQ2S6,-0.0018043808,-0.008405557,1228635
20140717,13:00:00.000,BBG000BZ9223,0.0054535805,-0.003030548,1142417
20140717,13:00:00.000,BBG000DH7JK6,-0.0008984706,0.00016583689,1113038
20140717,13:00:00.000,BBG000BHVJJ3,0.0042400556,-0.0025933087,6033415
20140717,13:00:00.000,BBG000J2XL74,0.008352032,0.010394516,3045955
20140717,13:00:00.000,BBG000C17X76,0.013448841,-0.00032910192,927181
20140717,13:00:00.000,BBG000BHBK84,0.0015370524,-0.0046104244,1789802
20140717,13:00:00.000,BBG000Q9HH23,0.009721089,-0.0016173534,763430
20140717,13:00:00.000,BBG000F0PF65,0.034175552,0.036026325,20060528
20140717,13:00:00.000,BBG000BF0K17,-0.0027190477,-0.006865615,1522315
20140717,13:00:00.000,BBG000C15T95,-0.0023968227,0.00030328898,3046643
20140717,13:00:00.000,BBG000NDYB67,-0.0009032316,-0.0053373547,6014188
20140717,13:00:00.000,BBG000DWYF03,3.7814207e-05,-0.0006061515,21052588
20140717,13:00:00.000,BBG000C6CFJ5,0.004874361,-0.0017892291,2356705
20140717,13:00:00.000,BBG000BKTFN2,-0.003630221,-0.009462199,3128691
20140717,13:00:00.000,BBG000BBGGQ1,-0.0047676614,-0.012184473,3223463
20140717,13:00:00.000,BBG000DLFM21,,,1642635
20140717,13:00:00.000,BBG000BBDZG3,-0.0043837354,-2.9646793e-07,3081953
20140717,13:00:00.000,BBG000DQLV23,0.00071749825,-0.003996204,2468792
20140717,13:00:00.000,BBG000BCSST7,0.0020265195,0.0014135427,2623859
20140717,13:00:00.000,BBG000BQLTW7,0.00674659,0.0062099346,12555661
20140717,13:00:00.000,BBG000BQPC32,0.0051507903,0.0044976524,29962504
20140717,13:00:00.000,BBG000BFC8J2,-0.004636636,-0.015340323,1849687
20140717,13:00:00.000,BBG000BQQH30,-0.00023747707,-0.0063990415,2573386
20140717,13:00:00.000,BBG000BMX289,-0.002558014,-0.0009509808,3305034
20140717,13:00:00.000,BBG000BNSZP1,0.0030965924,-0.004786644,2116337
20140717,13:00:00.000,BBG005P7Q881,-0.006232387,-0.019553749,6921727
20140717,13:00:00.000,BBG000FH8PX5,,,600396
20140717,13:00:00.000,BBG000R7Z112,-0.0042691473,-0.018217579,9360016
20140717,13:00:00.000,BBG000BH4R78,0.0080000805,0.003396916,3341479
20140717,13:00:00.000,BBG000BKZB36,0.0012279935,-0.0038281947,2144253
20140717,13:00:00.000,BBG000BPD168,0.0021416747,-0.0008608569,2561765
20140717,13:00:00.000,BBG000BHQ1H0,0.009345416,0.0046440917,674025
20140717,13:00:00.000,BBG000C496P7,,,17772144
20140717,13:00:00.000,BBG000C43RR5,0.023873452,0.017950585,12670041
20140717,13:00:00.000,BBG000BT41Q8,-0.0010457126,-0.0084172115,2596201
20140717,13:00:00.000,BBG000PSKYX7,-0.0060904073,-0.015704393,1195846
20140717,13:00:00.000,BBG000BR2TH3,0.0027617344,-0.0025953422,2758986
20140717,13:00:00.000,BBG000GFFQN9,-0.004760727,-0.017166693,23111620
20140717,13:00:00.000,BBG000CGC1X8,-0.013508186,-0.010300044,5527402
20140717,13:00:00.000,BBG000BMHYD1,-0.0032974128,-0.006654693,4000796
20140717,13:00:00.000,BBG000BFT2L4,-0.012987843,-0.011990783,6759811
20140717,13:00:00.000,BBG000HS77T5,-0.0013541336,-0.0058877356,4852268
20140717,13:00:00.000,BBG000K4ND22,0.0044530868,-0.0005725684,1963909
20140717,13:00:00.000,BBG000C3J3C9,-0.010354426,-0.0057741487,14729020
20140717,13:00:00.000,BBG000BK6MB5,0.0044111707,-0.009260432,18947646
20140717,13:00:00.000,BBG000BWQFY7,0.0070690047,-0.0033218109,10183290
20140717,13:00:00.000,BBG000BLNNH6,0.013473567,0.011514951,3809127
20140717,13:00:00.000,BBG000H6HNW3,-0.010463874,-0.022177694,13455436
20140717,13:00:00.000,BBG000DMBXR2,0.0037610596,-0.005792078,7425604
20140717,13:00:00.000,BBG000BSJK37,0.0010395253,-0.0046641603,8312968
20140717,13:00:00.000,BBG000FY4S11,0.006544332,-0.0026099153,12610583
20140717,13:00:00.000,BBG000C5Z1S3,-0.023610856,-0.038100686,21118842
20140717,13:00:00.000,BBG000BR2B91,0.0017336608,-0.0016157194,17589204
20140717,13:00:00.000,BBG000N9MNX3,0.014192345,0.0031306173,2567969
20140717,13:00:00.000,BBG000C0G1D1,-0.008473062,-0.0187616,44595244
20140717,13:00:00.000,BBG002W96FT9,-0.007906956,-0.016710138,1159756
20140717,13:00:00.000,BBG000BLBVN4,-0.00022393414,-0.008859486,378286
20140717,13:00:00.000,BBG000CKGBP2,0.0073133153,-0.0054606735,6922696
20140717,13:00:00.000,BBG000GZQ728,0.00043198658,-0.004626063,2892336
20140717,13:00:00.000,BBG000BVPV84,0.0064278264,-0.006770875,1984193
20140717,13:00:00.000,BBG000BPH459,0.015660474,0.015884709,52670704
20140717,13:00:00.000,BBG000BCTLF6,-0.002246531,-0.014833756,53731668
20140717,13:00:00.000,BBG000BHSKN9,-0.007659847,-0.01634443,1191853
20140717,13:00:00.000,BBG000CL9VN6,0.00784948,-0.0027107464,1193408
20140717,13:00:00.000,BBG000MM2P62,0.004557226,-0.009017825,20582740
20140717,13:00:00.000,BBG000B9XRY4,-0.007268984,-0.012872313,28958868
20140717,13:15:00.000,BBG000PCQQL6,0.0017894593,0.0010450695,1036759
20140717,13:15:00.000,BBG000BJP882,-0.010665362,-0.0046215197,478914
20140717,13:15:00.000,BBG000BMFFQ0,-0.0008445112,-0.0002755278,388860
20140717,13:15:00.000,BBG000K1J931,0.0075574997,-0.011436396,1467269
20140717,13:15:00.000,BBG000BQ87N0,-0.00075670815,-0.001758363,329625
20140717,13:15:00.000,BBG000BBCQD7,0.0037202972,0.0035439301,2336813
20140717,13:15:00.000,BBG000BQHGR6,-1.0573171e-05,-0.003067315,338027
20140717,13:15:00.000,BBG000C75N77,-0.009584588,-0.018865779,843396
20140717,13:15:00.000,BBG000BJ8YN7,0.004603893,0.00022017778,1194735
20140717,13:15:00.000,BBG000BLXZN1,0.012415213,0.009105035,1373652
20140717,13:15:00.000,BBG000BV4XJ1,0.0062099057,-0.005789582,202797
20140717,13:15:00.000,BBG000QKPTS5,0.018383168,0.011544137,533737
20140717,13:15:00.000,BBG000BV75B7,-0.0025491002,-0.006842821,234069
20140717,13:15:00.000,BBG000CB8Q50,-0.0048512174,-0.0011858167,400992
20140717,13:15:00.000,BBG000BNPSQ9,-0.003290823,-0.018808354,852897
20140717,13:15:00.000,BBG000H4YVR7,-0.009489252,-0.021845158,418503
20140717,13:15:00.000,BBG000JB27Y9,0.0015594995,0.0022547406,320046
20140717,13:15:00.000,BBG000BVHBM1,0.0040404974,-0.01847449,949461
20140717,13:15:00.000,BBG000BQSQ38,0.0024907072,-0.0022552651,708403
20140717,13:15:00.000,BBG001XJRMF5,-0.0060591823,0.006150699,653108
20140717,13:15:00.000,BBG000BNGTQ7,0.0017646413,0.004099546,968410
20140717,13:15:00.000,BBG000B9X8C0,0.0011534787,-0.0005032866,391903
20140717,13:15:00.000,BBG000GPXKX9,-0.006935363,-0.010998027,292078
20140717,13:15:00.000,BBG000BV7LP7,-0.0029455232,-0.0037524973,436155
20140717,13:15:00.000,BBG001NY45K9,-0.024367025,-0.03283923,2308217
20140717,13:15:00.000,BBG000L8CBX4,-0.006417274,-0.0029337867,104542
20140717,13:15:00.000,BBG000BHCP19,0.009590039,-0.00010228971,337994
20140717,13:15:00.000,BBG000JKCWS0,-0.00010614428,-5.5402677e-07,140404
20140717,13:15:00.000,BBG000CPHYL4,-0.0012708337,2.339192e-07,923075
20140717,13:15:00.000,BBG000F86GP6,0.0035480757,-0.0010533059,184126
20140717,13:15:00.000,BBG000V31J96,-2.3292114e-05,-0.005300835,1295277
20140717,13:15:00.000,BBG000BWVSR1,-0.0041181105,-0.0062714834,332365
20140717,13:15:00.000,BBG000DLVDK3,0.011115991,0.027178498,1186148
20140717,13:15:00.000,BBG003641015,0.0028570816,-0.0013378706,491660
20140717,13:15:00.000,BBG000BQD1J2,-0.0012258155,8.243727e-08,17640292
20140717,13:15:00.000,BBG000BWXL85,-0.00573732,-0.0046505644,421869
20140717,13:15:00.000,BBG001J1QN87,-0.008248676,-0.022274261,282789
20140717,13:15:00.000,BBG000BFJ645,0.0030922834,-0.004913807,2611263
20140717,13:15:00.000,BBG000BPZBB6,0.0033486327,0.0010331881,384885
20140717,13:15:00.000,BBG000RNTSX0,0.008467324,0.0065529686,546371
20140717,13:15:00.000,BBG000C23KJ3,0.0037086646,-0.0019680674,1668247
20140717,13:15:00.000,BBG000CZWZ05,0.02207908,0.0081613045,1189167
20140717,13:15:00.000,BBG000CR90K4,0.01671905,0.0030105547,19419752
20140717,13:15:00.000,BBG000BBL0Y1,-0.002116252,-0.008696207,764681
20140717,13:15:00.000,BBG000BKQG80,-0.0011365851,-0.005472232,421020
20140717,13:15:00.000,BBG000K14Q84,-9.593516e-06,-0.006918052,1991734
20140717,13:15:00.000,BBG000Q0BPZ4,0.0041490328,-0.0049768984,381260
20140717,13:15:00.000,BBG000BHB3M6,-0.0041654124,-0.011400416,918523
20140717,13:15:00.000,BBG000BLMZK6,-0.006507413,-0.013689734,702923
20140717,13:15:00.000,BBG000QFJ7H3,0.0056163725,0.00036113345,605271
20140717,13:15:00.000,BBG000BLDV98,-0.0005881167,-0.007062628,718414
20140717,13:15:00.000,BBG000PLXQQ3,0.021303974,0.0228743,3534575
20140717,13:15:00.000,BBG000BGYMH7,0.0024142014,-0.00813553,220723
20140717,13:15:00.000,BBG000H9G7X2,-0.0040537743,-0.00634124,1035621
20140717,13:15:00.000,BBG000BRZJR8,0.016014151,-0.00096197706,1418053
20140717,13:15:00.000,BBG000BJDPC2,-0.009870304,-0.009278253,526974
20140717,13:15:00.000,BBG000BDY3Y7,-0.0028136931,-0.0033505168,1341344
20140717,13:15:00.000,BBG000BPNP00,0.0073490203,-1.7464812e-05,880704
20140717,13:15:00.000,BBG000BBB3K1,0.0026751433,0.0030096222,1758106
20140717,13:15:00.000,BBG000BFV115,-0.0049488028,-0.010349615,564561
20140717,13:15:00.000,BBG000CXD6X9,-0.008658711,-0.008055634,918791
20140717,13:15:00.000,BBG000QN4GY3,-0.017490964,-0.022881486,1223261
20140717,13:15:00.000,BBG000BWCKB6,-0.0070819496,-0.00526599,1191248
20140717,13:15:00.000,BBG000BKXFN7,-0.0048073027,-0.011782327,956136
20140717,13:15:00.000,BBG000F9KJN4,-0.0030880575,-0.0077442015,829153
20140717,13:15:00.000,BBG000BQV1S2,0.0015002282,-0.009557726,424126
20140717,13:15:00.000,BBG000BTQR96,-0.0010364642,-0.007535975,537543
20140717,13:15:00.000,BBG000F6ZWH2,-0.0043019354,-0.00771726,687408
20140717,13:15:00.000,BBG000BMZ7P7,0.0032504795,0.0033499226,677756
20140717,13:15:00.000,BBG000BB29X4,0.002562751,0.00052492926,328250
20140717,13:15:00.000,BBG000BBCDZ2,-0.0062466594,-0.009777053,307213
20140717,13:15:00.000,BBG000C6F3T8,0.015753,0.005910901,16008645
20140717,13:15:00.000,BBG000BFVXX0,0.001552955,0.0009924758,559163
20140717,13:15:00.000,BBG000G6BN50,-0.0021605447,-0.009368459,174988
20140717,13:15:00.000,BBG000BRXP69,-0.0013495829,-0.0021995017,385841
20140717,13:15:00.000,BBG000BPMH90,0.019163212,0.014020491,1187840
20140717,13:15:00.000,BBG000D9DMK0,-0.0004149396,0.002819132,767059
20140717,13:15:00.000,BBG000D14WM3,0.003502198,-0.0025442778,6256726
20140717,13:15:00.000,BBG000PVRDL2,0.0060056783,0.02347466,2934452
20140717,13:15:00.000,BBG000BSC0K9,0.0031514857,0.0041235117,581433
20140717,13:15:00.000,BBG000R0L5J4,0.015092284,0.008979378,1040993
20140717,13:15:00.000,BBG000JH6683,-0.0011026362,-0.023971254,704661
20140717,13:15:00.000,BBG000BG14P4,0.01465383,-0.0009194028,737432
20140717,13:15:00.000,BBG000D9KWL9,0.01043601,0.0021684177,496437
20140717,13:15:00.000,BBG000BKWSR6,-0.01581235,-0.02181761,5667895
20140717,13:15:00.000,BBG000BC9938,0.005835671,0.004573642,778129
20140717,13:15:00.000,BBG000BB1TH9,-0.005359942,-0.0077841952,390685
20140717,13:15:00.000,BBG000BJ49H3,-0.0029255305,-0.004220443,949173
20140717,13:15:00.000,BBG000BFS7D3,0.000850011,-0.001619795,304902
20140717,13:15:00.000,BBG000BN9WT5,0.005257092,-0.0023330587,489731
20140717,13:15:00.000,BBG000BKR1D6,0.0045727924,0.0014099827,785446
20140717,13:15:00.000,BBG000BFRF55,0.0095677525,-5.2224675e-07,2721610
20140717,13:15:00.000,BBG000BKTT89,-0.0032650116,-0.010770438,345880
20140717,13:15:00.000,BBG000BQ8KV2,-0.0007481268,-0.007919859,686503
20140717,13:15:00.000,BBG000BQVWZ6,-0.005197076,-0.014162325,3770773
20140717,13:15:00.000,BBG000BHKYH4,-0.0014261153,0.00067852053,354009
20140717,13:15:00.000,BBG000BS7KS3,-0.004079644,-0.0014492137,245105
20140717,13:15:00.000,BBG000CGT2S4,-0.04105068,-0.047124993,4259016
20140717,13:15:00.000,BBG000F7RCJ1,-0.0010492438,-0.0063343644,237004
20140717,13:15:00.000,BBG000BMTFR4,-0.0021292348,0.0041146157,946433
20140717,13:15:00.000,BBG000TJM7F0,-0.0044718278,-0.0012641633,544826
20140717,13:15:00.000,BBG000BMKDM3,0.0010311493,0.00075757835,606893
20140717,13:15:00.000,BBG000FLZN98,0.00015804674,-0.007292243,361338
20140717,13:15:00.000,BBG000BKLH74,0.00013482939,0.002011878,2175453
20140717,13:15:00.000,BBG000BCTQ65,-0.00056646706,-0.0025232057,861174
20140717,13:15:00.000,BBG000D1QCF1,-0.0050215595,-0.00545846,523787
20140717,13:15:00.000,BBG000BSXQV7,0.042830348,0.041875914,878156
20140717,13:15:00.000,BBG000BG09F5,-0.014888217,-0.020054266,542090
20140717,13:15:00.000,BBG000FLPRH1,-0.013233451,-0.011978895,413816
20140717,13:15:00.000,BBG000PV2L86,-0.0010229206,-0.0052996334,207363
20140717,13:15:00.000,BBG000BGYWY6,0.001719325,-0.0032808227,275322
20140717,13:15:00.000,BBG000C060M4,0.0011302739,-0.0027005104,228492
20140717,13:15:00.000,BBG000BDXGP9,-0.0052480153,-0.0061545963,1491887
20140717,13:15:00.000,BBG000BGD7W6,0.0009183277,-0.0020092172,909381
20140717,13:15:00.000,BBG000BP8Z50,0.00026205796,-0.00038101475,461362
20140717,13:15:00.000,BBG000HW5GX3,0.0007733418,-0.005134723,867160
20140717,13:15:00.000,BBG000C4ZZ10,-0.0049208063,-0.008209572,205760
20140717,13:15:00.000,BBG000BNNYW1,-0.06389212,-0.06406125,8863667
20140717,13:15:00.000,BBG000BR37X2,0.0028969613,0.0028642288,1592078
20140717,13:15:00.000,BBG000BLW530,-0.001971434,-0.00028953384,630448
20140717,13:15:00.000,BBG000BF1R66,-0.0010925551,-0.0015972219,200811
20140717,13:15:00.000,BBG000BKNX95,-0.0047514616,-0.005001578,1135738
20140717,13:15:00.000,BBG000BWP7D9,0.0030262456,-0.00088548963,612482
20140717,13:15:00.000,BBG000BBMSJ6,0.007412288,-0.0014315357,565697
20140717,13:15:00.000,BBG000DN7P92,0.0041800784,0.002856203,654427
20140717,13:15:00.000,BBG000BCZYD3,-0.0025457186,-0.0029408636,175763
20140717,13:15:00.000,BBG000CVWGS6,-0.0076986863,-0.0052145156,2572827
20140717,13:15:00.000,BBG000BLHRS2,0.0010020686,0.0005960886,685205
20140717,13:15:00.000,BBG000BY2Y78,0.00085580145,-0.0044463445,469055
20140717,13:15:00.000,BBG000BK6G19,0.040717717,0.034922622,3267424
20140717,13:15:00.000,BBG002S5ZRF9,0.023017166,0.01373024,371203
20140717,13:15:00.000,BBG000BNC3Y9,0.0052151084,-0.0007616283,437599
20140717,13:15:00.000,BBG000BTCH57,-0.0008132171,-0.009202752,501890
20140717,13:15:00.000,BBG000BB03M1,0.0037487037,0.001815296,785919
20140717,13:15:00.000,BBG000BN84F3,-0.0020215113,0.00056841265,635539
20140717,13:15:00.000,BBG000BB5BF6,0.0052219154,-0.00096240855,878721
20140717,13:15:00.000,BBG000FDBX90,0.0042991918,0.0024079897,1378253
20140717,13:15:00.000,BBG000RGM5P1,0.012057448,0.0069887796,559091
20140717,13:15:00.000,BBG000BB5373,-0.004032759,-0.0096782455,2543654
20140717,13:15:00.000,BBG000BFDLV8,0.0011101927,-0.00046975206,851241
20140717,13:15:00.000,BBG000BGRKT6,0.00080641126,0.0034199413,206630
20140717,13:15:00.000,BBG000BTVJ25,-0.006744135,-0.009440227,900390
20140717,13:15:00.000,BBG000BVMPN3,-0.0055673285,-0.009707175,731701
20140717,13:15:00.000,BBG000C2ZCH8,0.0043332065,0.0017607511,381491
20140717,13:15:00.000,BBG0014GJCT9,0.013074226,0.014693455,662286
20140717,13:15:00.000,BBG000C11MQ5,-0.0023397796,-0.015644435,446223
20140717,13:15:00.000,BBG003P9ZSL3,-0.00073853997,0.0025345015,418367
20140717,13:15:00.000,BBG000BX5ZF5,0.0054133134,0.00077858154,3327976
20140717,13:15:00.000,BBG000C2V3D6,-0.014060364,-0.02062671,2725187
20140717,13:15:00.000,BBG000BQVTF5,0.002279098,-0.002047464,523553
20140717,13:15:00.000,BBG000D2M0Z7,-0.003364269,-0.007373653,261110
20140717,13:15:00.000,BBG000CHPY97,-0.013578957,-0.02047726,2681705
20140717,13:15:00.000,BBG000N746D6,0.011592416,0.0023680443,1289363
20140717,13:15:00.000,BBG000M1R011,0.011503965,0.008790479,1251348
20140717,13:15:00.000,BBG000BHLYP4,0.0071188156,0.0019642066,417860
20140717,13:15:00.000,BBG000BB6G37,0.004423455,-0.0034462544,535942
20140717,13:15:00.000,BBG000BR14K5,-0.0016819582,-0.002484476,331005
20140717,13:15:00.000,BBG000PX3XC0,-0.0037283595,-0.0093216,1753435
20140717,13:15:00.000,BBG000J1QLT0,-0.004758,-0.0015471797,471380
20140717,13:15:00.000,BBG0039320N9,-0.008410477,-0.006438522,1217465
20140717,13:15:00.000,BBG000BC4JJ4,-0.00699981,-0.0030046606,469862
20140717,13:15:00.000,BBG000BM7HL0,0.0072250986,0.008661498,813878
20140717,13:15:00.000,BBG000BP1Q11,-0.0036300262,-0.004235971,356712
20140717,13:15:00.000,BBG000BF6LY3,-0.0030493902,-0.011705055,968760
20140717,13:15:00.000,BBG000BF5RY1,0.0028357252,0.00536346,1355391
20140717,13:15:00.000,BBG000BFTJ91,-0.0075176763,-0.0051204623,891287
20140717,13:15:00.000,BBG000BR54L0,0.011274621,-0.011019343,3383755
20140717,13:15:00.000,BBG000J5Q6L2,0.008517418,0.0024556003,2179595
20140717,13:15:00.000,BBG000BCWCG1,-0.023778185,-0.031612013,1970389
20140717,13:15:00.000,BBG000TWC2V5,-0.0022244724,-0.0034950022,334833
20140717,13:15:00.000,BBG000BCYP43,-0.008889428,-0.008216812,237515
20140717,13:15:00.000,BBG000C221G9,-0.0077585867,-0.016181018,826743
20140717,13:15:00.000,BBG000BZTW70,0.006090854,-0.0010318409,2022953
20140717,13:15:00.000,BBG000BKZTP3,-0.0006296049,-0.0017248366,931185
20140717,13:15:00.000,BBG000R8ZVD1,0.008776121,0.004986277,1560496
20140717,13:15:00.000,BBG000CKVSG8,-0.01500015,-0.021119012,1093603
20140717,13:15:00.000,BBG000DNTSP4,0.0022038287,-0.0011713298,1480562
20140717,13:15:00.000,BBG000BP4MH0,0.0019412406,-0.0005771244,574939
20140717,13:15:00.000,BBG000BR3KL6,-0.002686371,-0.010553485,335660
20140717,13:15:00.000,BBG000BJQWD2,0.005618622,-0.0010156421,618514
20140717,13:15:00.000,BBG000G0Z878,-0.0014620278,-0.004663663,849824
20140717,13:15:00.000,BBG000D7RKJ5,0.0054489574,0.003345523,866604
20140717,13:15:00.000,BBG000G9CGL0,0.0016435753,-0.0019273908,358015
20140717,13:15:00.000,BBG000DTMH63,0.0046735564,-0.0007560174,1907752
20140717,13:15:00.000,BBG0029BK2G7,-0.015367227,-0.017788487,654600
20140717,13:15:00.000,BBG000G3QLY3,0.0046326127,-0.00049091247,270600
20140717,13:15:00.000,BBG000BP0KQ8,0.0047091316,0.0068689454,1928423
20140717,13:15:00.000,BBG001NVJ6W4,-0.04550064,-0.05558144,4042626
20140717,13:15:00.000,BBG000BSBZH7,0.0019089767,0.005229652,2454705
20140717,13:15:00.000,BBG000BHGCD1,-0.00064323016,-0.0066642617,315916
20140717,13:15:00.000,BBG000BL9JQ1,-0.0004493217,-0.0039603347,653279
20140717,13:15:00.000,BBG000BH5DV1,-0.002023105,0.0009202153,427682
20140717,13:15:00.000,BBG000QW7VC1,0.010986614,0.014100385,4245251
20140717,13:15:00.000,BBG000DQTXY6,-0.0047367476,-0.027129862,3080098
20140717,13:15:00.000,BBG000QY3XZ2,-0.0012036123,-0.011087501,776098
20140717,13:15:00.000,BBG000BBBNC6,0.013750847,0.012758335,1024320
20140717,13:15:00.000,BBG000F15NW9,0.0027830186,0.0031033107,854908
20140717,13:15:00.000,BBG000BNNKG9,0.0009806548,-0.007960616,1516160
20140717,13:15:00.000,BBG000BFXHL6,-0.001834883,0.002301903,978208
20140717,13:15:00.000,BBG000BRRG02,0.0074256742,0.008476002,553436
20140717,13:15:00.000,BBG000BHLYS1,0.0014100719,-0.0019415941,614109
20140717,13:15:00.000,BBG000CGQ6M4,-0.008703183,-0.0026260035,375113
20140717,13:15:00.000,BBG000C1S2X2,0.0060362276,-0.0080565205,698284
20140717,13:15:00.000,BBG000C7LMS8,-0.0048044524,-0.007353754,37237
20140717,13:15:00.000,BBG000MDCQC2,0.0012343022,0.003564341,578117
20140717,13:15:00.000,BBG000JG0547,0.005106975,0.00037238616,397567
20140717,13:15:00.000,BBG000CJZ2W6,0.014912596,0.005131645,937541
20140717,13:15:00.000,BBG0020B4JG7,0.005879351,-0.0015903868,1820882
20140717,13:15:00.000,BBG000BNFLM9,-0.0041719037,0.0024597922,515590
20140717,13:15:00.000,BBG000BCBCM7,-0.0010329622,-0.00982553,2813909
20140717,13:15:00.000,BBG000CS7CT9,0.009972829,0.006973331,1098632
20140717,13:15:00.000,BBG000MZFMS2,-0.0045665316,-0.009553556,579943
20140717,13:15:00.000,BBG000BKQ3V3,0.0045312676,-0.0007735711,1099896
20140717,13:15:00.000,BBG000BLCPY4,-0.0020062784,-0.009249203,283498
20140717,13:15:00.000,BBG000BC15S7,0.0033733372,0.0018418032,387731
20140717,13:15:00.000,BBG000FKJRC5,0.0018233227,-0.0020627477,487050
20140717,13:15:00.000,BBG000BRJ809,0.0022865,0.0069782804,392268
20140717,13:15:00.000,BBG000C2PW58,-0.0038178617,-0.009580976,370782
20140717,13:15:00.000,BBG000BCVMH9,0.033823974,0.037664276,1247245
20140717,13:15:00.000,BBG000BQ2C28,0.007665082,0.005719906,387577
20140717,13:15:00.000,BBG000BBJQV0,0.01610583,0.0056829583,3062567
20140717,13:15:00.000,BBG000G2R6M0,0.01042824,0.02336163,2835979
20140717,13:15:00.000,BBG000BTKGG8,-0.013077053,-0.02255521,2086590
20140717,13:15:00.000,BBG000BMQPL1,-0.025648208,-0.032428645,12240968
20140717,13:15:00.000,BBG000BMF5J0,-0.0012834463,-0.013801487,4630363
20140717,13:15:00.000,BBG000BB6WG8,0.0027325284,8.681734e-08,1205536
20140717,13:15:00.000,BBG000BM6788,-0.0018944315,-0.011279306,1035688
20140717,13:15:00.000,BBG000FVXD63,-0.019316822,-0.024614777,1858777
20140717,13:15:00.000,BBG000C3HSR0,0.010912472,0.0029049513,1455605
20140717,13:15:00.000,BBG000BN5HF7,-0.011382341,-0.022729814,1110361
20140717,13:15:00.000,BBG001QD41M9,-0.0008095477,-0.0049234717,833231
20140717,13:15:00.000,BBG000CXYSZ6,0.007964008,0.011169562,347649
20140717,13:15:00.000,BBG000BVMGF2,0.0045087924,0.002750907,885669
20140717,13:15:00.000,BBG0019JZ882,0.0074541797,0.002437946,5988691
20140717,13:15:00.000,BBG000BKPL53,-0.009236099,-0.008662876,405216
20140717,13:15:00.000,BBG000PYZSR8,-0.007353257,-0.0018288452,802353
20140717,13:15:00.000,BBG000F0KF42,-0.010904882,-0.015985148,1490474
20140717,13:15:00.000,BBG000FW00S1,-0.01800573,-0.025885675,3756659
20140717,13:15:00.000,BBG000BYYLS8,-0.017530246,-0.024232913,3020943
20140717,13:15:00.000,BBG000BB6M98,-0.0042052725,-0.004655003,1191832
20140717,13:15:00.000,BBG000D8RG11,-0.008976055,-0.016116606,3479017
20140717,13:15:00.000,BBG000CHWP52,0.01807587,0.022872753,2250438
20140717,13:15:00.000,BBG000D6L294,-0.0013772546,-0.006888721,604531
20140717,13:15:00.000,BBG000C3Y7J6,-0.00025294232,0.00079702,351250
20140717,13:15:00.000,BBG000BM5SR2,-0.0030524756,-0.008185839,2633566
20140717,13:15:00.000,BBG000BS0ZF1,-0.0029077202,-0.00066382287,238322
20140717,13:15:00.000,BBG000C0F570,0.0042261886,-0.0035115436,937344
20140717,13:15:00.000,BBG000C90DH9,-0.010441732,-0.0051853135,2953583
20140717,13:15:00.000,BBG000BVWLJ6,-0.0021162776,-0.006162398,974486
20140717,13:15:00.000,BBG000BRK7L6,0.001942694,-0.0026424956,1586717
20140717,13:15:00.000,BBG000BZ2GG4,0.0013881915,0.00028787233,623196
20140717,13:15:00.000,BBG000BVL2G3,0.00073200266,-0.0045272284,568795
20140717,13:15:00.000,BBG000C2YHG9,-0.016669387,-0.012978169,600993
20140717,13:15:00.000,BBG001BPFT54,0.009922938,-0.0077101197,1445703
20140717,13:15:00.000,BBG000BH2JM1,0.010788849,0.01528171,2066286
20140717,13:15:00.000,BBG000BPVCR1,-1.37114985e-05,-0.00010566814,485694
20140717,13:15:00.000,BBG002BHBHM1,-0.0067716707,-0.008851705,841622
20140717,13:15:00.000,BBG000Q3JN03,-0.016278878,-0.026352651,12219484
20140717,13:15:00.000,BBG000BPT0C6,-0.011600736,-0.016221045,1128668
20140717,13:15:00.000,BBG000BQWPC5,-0.0015420452,-0.0056872433,880440
20140717,13:15:00.000,BBG000BQ5DS5,-0.0010534463,0.001946543,673989
20140717,13:15:00.000,BBG000DY8ZS4,0.0032054847,3.540993e-07,4148180
20140717,13:15:00.000,BBG000R8L7J3,-0.013862557,-0.018188355,6073817
20140717,13:15:00.000,BBG000BS9489,-0.0061825966,-0.0011207071,835354
20140717,13:15:00.000,BBG000D898T9,0.0067842947,0.00493103,618809
20140717,13:15:00.000,BBG000BFL116,0.0020309684,-0.012685779,1262379
20140717,13:15:00.000,BBG001YMS0B8,-0.0067756963,-0.008168431,871219
20140717,13:15:00.000,BBG000QBR5J5,0.007290958,0.0050762054,1617908
20140717,13:15:00.000,BBG000BHC2S1,-0.0057598767,-0.00785442,794581
20140717,13:15:00.000,BBG000BX3TD3,0.002666352,-0.0055854153,3069618
20140717,13:15:00.000,BBG000C1FQS9,-0.0068488987,-0.00846768,676152
20140717,13:15:00.000,BBG000BLKK03,0.017904451,0.04799042,1023136
20140717,13:15:00.000,BBG000BKCFC2,0.002574521,0.0013204459,1408586
20140717,13:15:00.000,BBG000C4DPX1,0.0024451031,-0.007808091,837202
20140717,13:15:00.000,BBG000BHZ5J9,-0.028922679,-0.032332677,1177430
20140717,13:15:00.000,BBG000KLB4Q1,-0.014554191,-0.02270567,2584240
20140717,13:15:00.000,BBG000BMBL90,-0.008309901,-0.010837602,1049616
20140717,13:15:00.000,BBG000C2BXK4,-0.0002849065,-0.008608751,3935671
20140717,13:15:00.000,BBG000H0QBS7,0.002318418,0.0005630997,2393658
20140717,13:15:00.000,BBG000BQZMH4,0.00078506826,-0.0023904832,1936923
20140717,13:15:00.000,BBG000BLBXT4,-0.002056779,-0.007050375,959343
20140717,13:15:00.000,BBG000BJ2VQ6,0.003760156,-0.0039225663,1086509
20140717,13:15:00.000,BBG000BMY992,0.0042415448,0.0026343337,972312
20140717,13:15:00.000,BBG000BXM6V2,0.008247196,0.0033140508,872549
20140717,13:15:00.000,BBG000BWSV34,-0.002400792,-0.006685785,532445
20140717,13:15:00.000,BBG000BKFBD7,0.0033275913,-0.0012246607,743020
20140717,13:15:00.000,BBG000FP1N32,0.005538534,0.001342715,1494570
20140717,13:15:00.000,BBG000BT4T69,0.005042551,2.4029099e-08,916367
20140717,13:15:00.000,BBG000BFMBQ6,-0.012949567,0.01676393,2066806
20140717,13:15:00.000,BBG000C0HQ54,-0.0031148961,-0.0056919674,474398
20140717,13:15:00.000,BBG000C0LW92,-0.013791522,-0.014769058,3100982
20140717,13:15:00.000,BBG000BVPPM1,-0.00046693662,-0.002941423,867318
20140717,13:15:00.000,BBG000BMW2Z0,-0.003526941,-0.0065221973,544481
20140717,13:15:00.000,BBG000BPWXK1,-0.0035835456,0.009918903,3408907
20140717,13:15:00.000,BBG000GC80B4,-0.0054756626,-0.0055665825,4023292
20140717,13:15:00.000,BBG000BXWBN9,0.00632058,0.0051236884,1663351
20140717,13:15:00.000,BBG000BY33P5,0.0017941932,0.0067115496,4024762
20140717,13:15:00.000,BBG000R7RDB4,0.0019559695,-0.0028866301,523685
20140717,13:15:00.000,BBG000MBDGM6,0.00202037,-0.0019294778,129744
20140717,13:15:00.000,BBG000BGLRN3,0.0005787251,-0.0026945558,708687
20140717,13:15:00.000,BBG000BWJFZ4,0.02827766,0.036551185,665372
20140717,13:15:00.000,BBG000BGVW60,0.0016765576,-0.0016481059,503467
20140717,13:15:00.000,BBG000BNJHS8,0.0019963477,-0.004637102,2698142
20140717,13:15:00.000,BBG000DKCC19,-0.0012413847,-0.0030586529,924197
20140717,13:15:00.000,BBG000BXMFC3,0.039496716,0.03310592,2165462
20140717,13:15:00.000,BBG000BSD7C2,0.0023503392,0.003805349,455250
20140717,13:15:00.000,BBG000BSLZY7,-0.004147012,-0.011971766,2657969
20140717,13:15:00.000,BBG000BMDV41,0.0004954628,-0.0039683906,2115240
20140717,13:15:00.000,BBG001C7TST4,0.0002072878,-0.0035451776,893008
20140717,13:15:00.000,BBG000BRJL00,0.0014012215,-0.0017831838,872732
20140717,13:15:00.000,BBG000BRD0D8,-0.0074869264,-0.016612371,2086507
20140717,13:15:00.000,BBG000BND699,-0.005642715,-0.017080598,1385499
20140717,13:15:00.000,BBG000BB9KF2,-0.0018034274,-0.0033204174,815278
20140717,13:15:00.000,BBG000C1BW00,0.011567809,0.008047161,665637
20140717,13:15:00.000,BBG000BTZQC4,0.005141791,0.010880579,1701555
20140717,13:15:00.000,BBG000BWNFZ9,-0.012858933,-0.017287822,1613521
20140717,13:15:00.000,BBG000BJ98Z0,0.0007729438,-0.003122816,615295
20140717,13:15:00.000,BBG000CNFQW6,-0.0063678073,-0.011491709,560073
20140717,13:15:00.000,BBG000BGPTV6,-0.00081400934,-0.005576549,442100
20140717,13:15:00.000,BBG000BB07P9,-0.0032112014,0.008468578,6700942
20140717,13:15:00.000,BBG000C1FB75,0.011178452,0.0080753965,609517
20140717,13:15:00.000,BBG001M8HHB7,0.0177144,0.005542743,604405
20140717,13:15:00.000,BBG000DHSPT0,0.006840832,0.01247709,1894978
20140717,13:15:00.000,BBG000FQ6PY6,0.0035261218,0.0052035917,1138508
20140717,13:15:00.000,BBG000BBDV81,0.00048553004,-0.004655455,1716341
20140717,13:15:00.000,BBG000VC0T95,-0.0071359337,-0.011294419,1114710
20140717,13:15:00.000,BBG000BKFZM4,0.0018679386,-0.002749794,2455963
20140717,13:15:00.000,BBG000D13GN8,-0.016732732,-0.027907085,836844
20140717,13:15:00.000,BBG000C0MF34,-0.0039552916,0.0032016588,329277
20140717,13:15:00.000,BBG000BFNR17,0.019028999,0.012520073,781804
20140717,13:15:00.000,BBG000BK67C7,0.0015085789,-0.0006379565,342472
20140717,13:15:00.000,BBG000FJLFX8,0.0031228366,0.029947406,1963297
20140717,13:15:00.000,BBG000BH5LT6,-0.008241708,-0.017320994,2800692
20140717,13:15:00.000,BBG000BD8PN9,0.0052374834,-0.00026245095,2123018
20140717,13:15:00.000,BBG000BH3GZ2,-0.04694774,-0.05472233,8353678
20140717,13:15:00.000,BBG000BB5006,-0.0038089133,-0.004283363,944167
20140717,13:15:00.000,BBG000BTR593,-0.03102233,-0.033421975,4093735
20140717,13:15:00.000,BBG000BRWGG9,0.0014198667,-0.001412015,15798899
20140717,13:15:00.000,BBG000BJ3PD2,-0.003418473,-0.007615581,801635
20140717,13:15:00.000,BBG000CSY9H9,0.008950365,0.0046820813,2421651
20140717,13:15:00.000,BBG000FNRZ69,-0.01775107,-0.018154068,3033458
20140717,13:15:00.000,BBG000C734W3,0.00012926322,-0.012463271,380855
20140717,13:15:00.000,BBG000BCGY17,0.000376204,0.0015816404,2129378
20140717,13:15:00.000,BBG000BCVJ77,0.004891834,0.007116452,1251247
20140717,13:15:00.000,BBG000C46HM9,0.0015014804,0.0014899889,1212296
20140717,13:15:00.000,BBG000BJPDZ1,0.010549578,0.008717758,259765
20140717,13:15:00.000,BBG000BJL3N0,-0.04636501,-0.052913483,13163819
20140717,13:15:00.000,BBG000BGJRC8,-0.0035950786,-0.0006419914,3417746
20140717,13:15:00.000,BBG000BBD070,0.0009037006,-0.001612318,1288010
20140717,13:15:00.000,BBG000BFQYY3,-0.0008490804,-0.0048966594,1048651
20140717,13:15:00.000,BBG000BPQD31,0.0011754885,-1.8728021e-07,1944870
20140717,13:15:00.000,BBG000BJ81C1,-0.0009940333,-0.0022491137,430498
20140717,13:15:00.000,BBG000B9WH86,0.0029275035,-0.004823198,12662976
20140717,13:15:00.000,BBG000D42FJ0,0.025750147,0.013978955,1171878
20140717,13:15:00.000,BBG000BHX7N2,-0.0025204208,-0.008165289,1621903
20140717,13:15:00.000,BBG000BH3JF8,-0.027952433,-0.042888418,6190628
20140717,13:15:00.000,BBG000JWD753,-0.004367973,-0.01208836,6637025
20140717,13:15:00.000,BBG000BHGDH5,0.0059738723,0.003867568,1241251
20140717,13:15:00.000,BBG0014GG205,-0.0042632967,-0.018754784,2921490
20140717,13:15:00.000,BBG000G30YX4,0.0025104769,-0.0105185965,769449
20140717,13:15:00.000,BBG000BCG930,-0.0046841414,0.024333436,2186682
20140717,13:15:00.000,BBG000BWVCP8,0.0010206505,-0.0025692042,1881849
20140717,13:15:00.000,BBG000C3GN47,-0.022309748,-0.02594793,3255031
20140717,13:15:00.000,BBG000BT9DW0,0.002578892,0.0006697588,2023516
20140717,13:15:00.000,BBG000BV8DN6,-0.002262363,-0.000569951,2919185
20140717,13:15:00.000,BBG0029SNR63,0.02164232,0.02299448,3720847
20140717,13:15:00.000,BBG000HCJMF9,0.0015875188,-0.0045684655,782090
20140717,13:15:00.000,BBG000D9D830,0.005832929,0.0028211507,971821
20140717,13:15:00.000,BBG000F6H8W8,-0.003674936,-0.0054309317,640186
20140717,13:15:00.000,BBG000B9ZXB4,0.037300944,0.0367889,7290488
20140717,13:15:00.000,BBG000BVDLH9,0.0148199545,0.008933294,1606379
20140717,13:15:00.000,BBG000BBVJZ8,-0.0068065147,-0.01174655,2144952
20140717,13:15:00.000,BBG000BWXBC2,0.005026121,0.002473311,1768993
20140717,13:15:00.000,BBG000WCFV84,0.0030594005,0.009755293,1143918
20140717,13:15:00.000,BBG000BFDXW1,0.006368199,-0.0033873555,1779777
20140717,13:15:00.000,BBG000DYGNW7,0.008391699,0.009818809,477393
20140717,13:15:00.000,BBG000BNBDC2,0.000310057,0.00023859693,1128926
20140717,13:15:00.000,BBG000BJSBJ0,0.0023671098,-0.0007095594,602270
20140717,13:15:00.000,BBG000BJF1Z8,-0.00066165306,-0.0055395183,1182904
20140717,13:15:00.000,BBG000BY29C7,0.0076170308,0.00917915,2863990
20140717,13:15:00.000,BBG000BH13K9,0.0008040729,0.0046147713,2022685
20140717,13:15:00.000,BBG000BH1NH9,-0.007583897,-0.010732195,1887851
20140717,13:15:00.000,BBG000BLZRJ2,0.009374844,0.0030770998,11149284
20140717,13:15:00.000,BBG000BVV7G1,0.00025255582,-0.008766797,2248416
20140717,13:15:00.000,BBG000BL4504,-0.0155814,-0.021195663,4415080
20140717,13:15:00.000,BBG000BB6KF5,0.0025738524,-0.0030386688,1905529
20140717,13:15:00.000,BBG000DSMS70,0.01164192,-0.0016072211,412017
20140717,13:15:00.000,BBG000C8H633,-0.00041868654,-0.005216868,1946868
20140717,13:15:00.000,BBG001DCCGR8,-0.0014613268,-0.0060569597,1357340
20140717,13:15:00.000,BBG000QX74T1,0.0034594075,-0.0066890935,247041
20140717,13:15:00.000,BBG000M65M61,-0.002354431,-0.011472062,4838005
20140717,13:15:00.000,BBG000F80SZ5,0.023344398,0.0170608,8078254
20140717,13:15:00.000,BBG000C5HS04,-0.0003785105,-0.0013008282,2374540
20140717,13:15:00.000,BBG000H556T9,-0.003013686,-0.0035270748,1693073
20140717,13:15:00.000,BBG000NV1KK7,-0.0115504665,-0.01133857,2403360
20140717,13:15:00.000,BBG000L9CV04,-0.005583861,-0.012437002,1370018
20140717,13:15:00.000,BBG000BXRPH1,0.01051009,0.0030355758,500684
20140717,13:15:00.000,BBG000BNDN65,0.001577442,-0.0029374862,2383609
20140717,13:15:00.000,BBG000BGKTF9,-0.0081695365,-0.011141743,1669947
20140717,13:15:00.000,BBG00286S4N9,-0.0017367408,-0.0043279575,1059321
20140717,13:15:00.000,BBG000H89QJ6,-0.010741089,-0.005759855,853336
20140717,13:15:00.000,BBG000BNWG87,-0.01041634,-0.010329712,4082782
20140717,13:15:00.000,BBG000BJX8C8,-0.00021112354,-0.0012303715,1492465
20140717,13:15:00.000,BBG000BD4VG8,-0.009824127,-0.013039066,2772317
20140717,13:15:00.000,BBG000D4LWF6,0.0009656495,0.00052465545,3305003
20140717,13:15:00.000,BBG000FL1TC8,-0.00978138,-0.0025332067,1234425
20140717,13:15:00.000,BBG000FFDM15,-0.004425506,-0.01011187,5951849
20140717,13:15:00.000,BBG000BBPFB9,0.0027470756,0.007878404,6333283
20140717,13:15:00.000,BBG000BN2DC2,-0.005645525,-0.0063023046,1451873
20140717,13:15:00.000,BBG000BCQZS4,-0.002264238,-0.0065633124,1271183
20140717,13:15:00.000,BBG000CPQZ77,0.007182955,0.0027432202,4191815
20140717,13:15:00.000,BBG000BP52R2,0.006505183,-0.009306844,1483743
20140717,13:15:00.000,BBG000J6XT05,-0.01716254,-0.020949768,4923520
20140717,13:15:00.000,BBG000BJDB15,-0.017470708,-0.0033478725,3959758
20140717,13:15:00.000,BBG000LD9JQ8,-0.00968538,-0.015259064,1295278
20140717,13:15:00.000,BBG000FG3C43,-0.120488755,-0.12651311,19362334
20140717,13:15:00.000,BBG000BC2C10,0.008990102,0.004756145,1755050
20140717,13:15:00.000,BBG000BGRY34,0.003722726,-6.511207e-05,958467
20140717,13:15:00.000,BBG000CTQBF3,0.0010556498,-0.0063508837,1879796
20140717,13:15:00.000,BBG000H8TVT2,-0.00014165655,-0.0029922747,2098784
20140717,13:15:00.000,BBG0025Y4RY4,0.016593477,0.014353392,8912225
20140717,13:15:00.000,BBG000F1ZSQ2,-0.008773542,-0.014432585,2353153
20140717,13:15:00.000,BBG000CH5208,0.01651694,0.037379924,3980396
20140717,13:15:00.000,BBG000KHWT55,-0.0033753957,-0.0066059856,5156011
20140717,13:15:00.000,BBG000BFWKC0,0.0041286433,0.0022893723,1411805
20140717,13:15:00.000,BBG000BP6LJ8,-0.0035716519,-0.001195893,3102767
20140717,13:15:00.000,BBG000BW8S60,-0.0030722339,-0.004941369,2230865
20140717,13:15:00.000,BBG000BWLMJ4,0.002166905,-0.003780573,1878299
20140717,13:15:00.000,BBG000Q2HM09,0.001805146,-0.009485431,1731947
20140717,13:15:00.000,BBG000BW3299,-0.0034995454,-0.0006391375,1040126
20140717,13:15:00.000,BBG000BC40Y8,-0.016132725,-0.020306252,3026620
20140717,13:15:00.000,BBG000BBS2Y0,-0.00089769275,-0.008919994,1257561
20140717,13:15:00.000,BBG000DWG505,-0.0026043346,-0.004295288,1165919
20140717,13:15:00.000,BBG000BQQ2S6,-0.0031768964,-0.0071767555,1333519
20140717,13:15:00.000,BBG000BZ9223,0.007208429,0.002093159,1188185
20140717,13:15:00.000,BBG000DH7JK6,-0.00097538665,0.000939496,1174629
20140717,13:15:00.000,BBG000BHVJJ3,0.0015058231,-0.0033341423,6518016
20140717,13:15:00.000,BBG000J2XL74,0.008422555,0.011339443,3156439
20140717,13:15:00.000,BBG000C17X76,0.013866528,0.0019756395,945565
20140717,13:15:00.000,BBG000BHBK84,0.0019173307,-0.001536981,1882247
20140717,13:15:00.000,BBG000Q9HH23,0.009967679,0.002028845,809512
20140717,13:15:00.000,BBG000F0PF65,0.033205364,0.03825533,20340756
20140717,13:15:00.000,BBG000BF0K17,-0.0032766191,-0.0054655415,1575197
20140717,13:15:00.000,BBG000C15T95,-0.0034802856,-0.0003792033,3138590
20140717,13:15:00.000,BBG000NDYB67,0.0011623184,-0.0008010171,6194130
20140717,13:15:00.000,BBG000DWYF03,-0.0029068883,-0.00090927863,22191892
20140717,13:15:00.000,BBG000C6CFJ5,0.0046560005,-8.057479e-08,2417899
20140717,13:15:00.000,BBG000BKTFN2,-0.0040142913,-0.006261673,3223732
20140717,13:15:00.000,BBG000BBGGQ1,-0.0065898024,-0.0113854,3484183
20140717,13:15:00.000,BBG000DLFM21,,,1684837
20140717,13:15:00.000,BBG000BBDZG3,-0.004051888,0.0021800473,3251338
20140717,13:15:00.000,BBG000DQLV23,0.001162972,-0.0014344103,2609383
20140717,13:15:00.000,BBG000BCSST7,0.0012414806,0.0018060065,2713553
20140717,13:15:00.000,BBG000BQLTW7,0.008960932,0.010681632,12994684
20140717,13:15:00.000,BBG000BQPC32,0.0042031906,0.0061843856,30403892
20140717,13:15:00.000,BBG000BFC8J2,-0.0030972648,-0.012260833,1936180
20140717,13:15:00.000,BBG000BQQH30,-0.0016805627,-0.0050031077,2710084
20140717,13:15:00.000,BBG000BMX289,-0.0024094752,-6.578489e-07,3494754
20140717,13:15:00.000,BBG000BNSZP1,0.0019352046,-0.003728672,2187535
20140717,13:15:00.000,BBG005P7Q881,-0.0061867773,-0.0132275615,7369314
20140717,13:15:00.000,BBG000FH8PX5,,,702770
20140717,13:15:00.000,BBG000R7Z112,-0.0042357855,-0.012672881,9774745
20140717,13:15:00.000,BBG000BH4R78,0.008166163,0.0059160828,3525138
20140717,13:15:00.000,BBG000BKZB36,0.00232157,-0.00087877596,2283414
20140717,13:15:00.000,BBG000BPD168,0.0021138436,0.0012031625,2743405
20140717,13:15:00.000,BBG000BHQ1H0,0.0116129285,0.010072249,712140
20140717,13:15:00.000,BBG000C496P7,,,18462340
20140717,13:15:00.000,BBG000C43RR5,0.021271529,0.017753515,13019270
20140717,13:15:00.000,BBG000BT41Q8,0.00064435875,-0.00392802,2781279
20140717,13:15:00.000,BBG000PSKYX7,-0.005179312,-0.012536552,1266407
20140717,13:15:00.000,BBG000BR2TH3,0.0030352776,-0.0017302454,2859549
20140717,13:15:00.000,BBG000GFFQN9,-0.004689162,-0.014206899,23793156
20140717,13:15:00.000,BBG000CGC1X8,-0.013576627,-0.008792903,5890091
20140717,13:15:00.000,BBG000BMHYD1,-0.004169166,-0.006018591,4264481
20140717,13:15:00.000,BBG000BFT2L4,-0.009825925,-0.0063590654,7171670
20140717,13:15:00.000,BBG000HS77T5,-0.00013156561,-0.0041213837,5015962
20140717,13:15:00.000,BBG000K4ND22,0.0042600073,0.0013758293,2026815
20140717,13:15:00.000,BBG000C3J3C9,-0.010224167,-0.004234145,15166764
20140717,13:15:00.000,BBG000BK6MB5,0.0036015296,-0.00851944,19465912
20140717,13:15:00.000,BBG000BWQFY7,0.006136268,-0.002931005,10706408
20140717,13:15:00.000,BBG000BLNNH6,0.012688355,0.013152269,3976679
20140717,13:15:00.000,BBG000H6HNW3,-0.007247221,-0.015764927,14072921
20140717,13:15:00.000,BBG000DMBXR2,0.0039081383,-0.0039181407,7618659
20140717,13:15:00.000,BBG000BSJK37,0.001296039,-0.00356679,8769084
20140717,13:15:00.000,BBG000FY4S11,0.007029233,-0.0004018827,12974499
20140717,13:15:00.000,BBG000C5Z1S3,-0.024317956,-0.03492573,22078968
20140717,13:15:00.000,BBG000BR2B91,0.00021397631,-0.00096954854,18034440
20140717,13:15:00.000,BBG000N9MNX3,0.013990598,0.006675622,2632909
20140717,13:15:00.000,BBG000C0G1D1,-0.0087370705,-0.016452683,45558288
20140717,13:15:00.000,BBG002W96FT9,-0.008185315,-0.014658881,1208434
20140717,13:15:00.000,BBG000BLBVN4,-0.0016026937,-0.008965675,427554
20140717,13:15:00.000,BBG000CKGBP2,0.00521621,-0.00592048,7232582
20140717,13:15:00.000,BBG000GZQ728,0.00078242726,-0.0028912504,3024632
20140717,13:15:00.000,BBG000BVPV84,0.0062350063,-0.0056190984,2073259
20140717,13:15:00.000,BBG000BPH459,0.017207194,0.019969752,54445832
20140717,13:15:00.000,BBG000BCTLF6,-0.0031983617,-0.014188741,55052816
20140717,13:15:00.000,BBG000BHSKN9,-0.0083110845,-0.014194485,1311029
20140717,13:15:00.000,BBG000CL9VN6,0.009034811,0.0006299864,1244591
20140717,13:15:00.000,BBG000MM2P62,0.004616093,-0.0045828307,22366130
20140717,13:15:00.000,BBG000B9XRY4,-0.005589957,-0.008968329,30319028
20140717,13:30:00.000,BBG000PCQQL6,-0.000814674,-0.002089299,1076369
20140717,13:30:00.000,BBG000BJP882,-0.009681401,-0.005126881,511836
20140717,13:30:00.000,BBG000BMFFQ0,-0.00055958703,-0.0012873852,402130
20140717,13:30:00.000,BBG000K1J931,0.007379664,-0.012995873,1492714
20140717,13:30:00.000,BBG000BQ87N0,-0.0012511794,-0.002857799,337460
20140717,13:30:00.000,BBG000BBCQD7,0.0037916903,0.002362643,2527942
20140717,13:30:00.000,BBG000BQHGR6,-7.6926946e-05,-0.004713011,351987
20140717,13:30:00.000,BBG000C75N77,-0.010570951,-0.021223994,870862
20140717,13:30:00.000,BBG000BJ8YN7,0.0024757984,-0.0024163716,1228575
20140717,13:30:00.000,BBG000BLXZN1,0.012459769,0.008612844,1425490
20140717,13:30:00.000,BBG000BV4XJ1,0.005250045,-0.006561544,212193
20140717,13:30:00.000,BBG000QKPTS5,0.021257382,0.013907467,555406
20140717,13:30:00.000,BBG000BV75B7,-0.0026340443,-0.0073921755,243622
20140717,13:30:00.000,BBG000CB8Q50,-0.0033403866,-0.00061869726,413492
20140717,13:30:00.000,BBG000BNPSQ9,0.00181496,-0.013814243,898134
20140717,13:30:00.000,BBG000H4YVR7,-0.009206055,-0.021089626,434487
20140717,13:30:00.000,BBG000JB27Y9,0.0011686934,0.00090195274,328014
20140717,13:30:00.000,BBG000BVHBM1,0.003475858,-0.02040466,970067
20140717,13:30:00.000,BBG000BQSQ38,0.0019345675,-0.00332213,730862
20140717,13:30:00.000,BBG001XJRMF5,-0.005994069,0.005111127,676946
20140717,13:30:00.000,BBG000BNGTQ7,0.00016534816,0.0016572089,1000375
20140717,13:30:00.000,BBG000B9X8C0,0.0012246255,-0.0015101781,408555
20140717,13:30:00.000,BBG000GPXKX9,-0.0072384346,-0.011869599,299053
20140717,13:30:00.000,BBG000BV7LP7,0.00013197576,-0.0017318734,469877
20140717,13:30:00.000,BBG001NY45K9,-0.02514689,-0.035575826,2530564
20140717,13:30:00.000,BBG000L8CBX4,-0.005653025,-0.0035860313,108663
20140717,13:30:00.000,BBG000BHCP19,0.010154611,2.1966073e-07,372129
20140717,13:30:00.000,BBG000JKCWS0,-0.00069552095,-0.0032929662,144343
20140717,13:30:00.000,BBG000CPHYL4,-0.0011310305,-0.0008209858,945431
20140717,13:30:00.000,BBG000F86GP6,0.0038196768,-0.0022175051,190647
20140717,13:30:00.000,BBG000V31J96,0.00039179978,-0.0057424726,1415512
20140717,13:30:00.000,BBG000BWVSR1,-0.0034802577,-0.0067194444,356491
20140717,13:30:00.000,BBG000DLVDK3,0.010019991,0.025806906,1235009
20140717,13:30:00.000,BBG003641015,0.0020255584,-0.0032710275,509214
20140717,13:30:00.000,BBG000BQD1J2,0.0014920651,0.0021496261,18117332
20140717,13:30:00.000,BBG000BWXL85,-0.006391886,-0.006565413,443768
20140717,13:30:00.000,BBG001J1QN87,-0.006173955,-0.020486947,290798
20140717,13:30:00.000,BBG000BFJ645,0.0015204289,-0.007862202,3001678
20140717,13:30:00.000,BBG000BPZBB6,0.0032680987,-0.00025871285,397923
20140717,13:30:00.000,BBG000RNTSX0,0.009166391,0.0069448715,553733
20140717,13:30:00.000,BBG000C23KJ3,0.0030974315,-0.003935982,1703827
20140717,13:30:00.000,BBG000CZWZ05,0.022708653,0.009137048,1218625
20140717,13:30:00.000,BBG000CR90K4,0.01815386,0.0030104269,19741124
20140717,13:30:00.000,BBG000BBL0Y1,-0.0017244305,-0.010920804,785623
20140717,13:30:00.000,BBG000BKQG80,0.0008597313,-0.0039522485,464452
20140717,13:30:00.000,BBG000K14Q84,-0.00069074094,-0.0084554525,2131599
20140717,13:30:00.000,BBG000Q0BPZ4,0.003166127,-0.0070128613,402354
20140717,13:30:00.000,BBG000BHB3M6,-0.0061886576,-0.014662264,971774
20140717,13:30:00.000,BBG000BLMZK6,-0.00742787,-0.015876189,772896
20140717,13:30:00.000,BBG000QFJ7H3,0.006907675,-0.0012633033,629113
20140717,13:30:00.000,BBG000BLDV98,-0.00037948543,-0.008137253,733514
20140717,13:30:00.000,BBG000PLXQQ3,0.020575952,0.020502802,3598994
20140717,13:30:00.000,BBG000BGYMH7,0.0052985065,-0.0088294335,239830
20140717,13:30:00.000,BBG000H9G7X2,-0.004152478,-0.006714098,1126921
20140717,13:30:00.000,BBG000BRZJR8,0.021339962,0.0046889046,1540317
20140717,13:30:00.000,BBG000BJDPC2,-0.008630527,-0.008057357,551148
20140717,13:30:00.000,BBG000BDY3Y7,-0.0024421194,-0.003999186,1370213
20140717,13:30:00.000,BBG000BPNP00,0.006448109,-0.0015012753,955521
20140717,13:30:00.000,BBG000BBB3K1,0.0028571896,0.0016336021,1800153
20140717,13:30:00.000,BBG000BFV115,-0.003651259,-0.011627238,579628
20140717,13:30:00.000,BBG000CXD6X9,-0.0070299283,-0.007831904,947669
20140717,13:30:00.000,BBG000QN4GY3,-0.018411735,-0.025143076,1250606
20140717,13:30:00.000,BBG000BWCKB6,-0.008387062,-0.007500171,1258569
20140717,13:30:00.000,BBG000BKXFN7,-0.0030997733,-0.013184954,1005144
20140717,13:30:00.000,BBG000F9KJN4,-0.0058189905,-0.010431145,856754
20140717,13:30:00.000,BBG000BQV1S2,0.0026797506,-0.009320385,433275
20140717,13:30:00.000,BBG000BTQR96,-0.0009552388,-0.008637439,562908
20140717,13:30:00.000,BBG000F6ZWH2,-0.004518906,-0.008398155,705541
20140717,13:30:00.000,BBG000BMZ7P7,0.001868743,-0.00013173139,694045
20140717,13:30:00.000,BBG000BB29X4,0.0023805494,-0.000656655,334486
20140717,13:30:00.000,BBG000BBCDZ2,-0.0063765594,-0.010832096,320111
20140717,13:30:00.000,BBG000C6F3T8,0.017582241,0.005910901,16367625
20140717,13:30:00.000,BBG000BFVXX0,0.0014002533,-0.00033138413,574194
20140717,13:30:00.000,BBG000G6BN50,-0.0032499114,-0.011194563,187272
20140717,13:30:00.000,BBG000BRXP69,-0.002622809,-0.0045144833,404557
20140717,13:30:00.000,BBG000BPMH90,0.019687902,0.011822612,1223347
20140717,13:30:00.000,BBG000D9DMK0,-0.00088550954,0.0013155155,789645
20140717,13:30:00.000,BBG000D14WM3,0.0034483452,-0.00572398,6411850
20140717,13:30:00.000,BBG000PVRDL2,0.0050797206,0.02232011,3014385
20140717,13:30:00.000,BBG000BSC0K9,0.0026018298,0.0032988146,599565
20140717,13:30:00.000,BBG000R0L5J4,0.013986764,0.0074232155,1097646
20140717,13:30:00.000,BBG000JH6683,-0.0010714228,-0.023624053,734662
20140717,13:30:00.000,BBG000BG14P4,0.013354153,-0.002860822,758853
20140717,13:30:00.000,BBG000D9KWL9,0.01198456,0.0027817506,517273
20140717,13:30:00.000,BBG000BKWSR6,-0.015571744,-0.022856586,5813161
20140717,13:30:00.000,BBG000BC9938,0.0052745794,0.002712658,799647
20140717,13:30:00.000,BBG000BB1TH9,-0.005279456,-0.009135114,407522
20140717,13:30:00.000,BBG000BJ49H3,-0.0028227216,-0.0052945428,961225
20140717,13:30:00.000,BBG000BFS7D3,0.0010509603,-0.0022676177,316282
20140717,13:30:00.000,BBG000BN9WT5,0.0050099823,-0.003181357,521568
20140717,13:30:00.000,BBG000BKR1D6,0.007538752,0.003431677,812443
20140717,13:30:00.000,BBG000BFRF55,0.006900925,-0.0057275076,2792265
20140717,13:30:00.000,BBG000BKTT89,-0.0027291407,-0.011686207,355394
20140717,13:30:00.000,BBG000BQ8KV2,0.0004980541,-0.009305879,716961
20140717,13:30:00.000,BBG000BQVWZ6,-0.006259957,-0.016185654,3974258
20140717,13:30:00.000,BBG000BHKYH4,-0.0012864289,-0.00031633765,367205
20140717,13:30:00.000,BBG000BS7KS3,-0.0052338857,-0.0037270165,259611
20140717,13:30:00.000,BBG000CGT2S4,-0.03977517,-0.048256125,4410924
20140717,13:30:00.000,BBG000F7RCJ1,-0.0013398153,-0.007699537,243609
20140717,13:30:00.000,BBG000BMTFR4,-0.00028823878,0.0045869043,996832
20140717,13:30:00.000,BBG000TJM7F0,-0.0043411157,-0.0025283792,569565
20140717,13:30:00.000,BBG000BMKDM3,0.0017273768,0.00015148468,627993
20140717,13:30:00.000,BBG000FLZN98,0.0005792628,-0.0084257405,379878
20140717,13:30:00.000,BBG000BKLH74,0.00010072818,0.0015088257,2260578
20140717,13:30:00.000,BBG000BCTQ65,-0.00046666572,-0.0031536412,894313
20140717,13:30:00.000,BBG000D1QCF1,-0.005401668,-0.0075768107,545907
20140717,13:30:00.000,BBG000BSXQV7,0.04356319,0.04145422,911966
20140717,13:30:00.000,BBG000BG09F5,-0.017084654,-0.024985526,571212
20140717,13:30:00.000,BBG000FLPRH1,-0.011526158,-0.012394876,434664
20140717,13:30:00.000,BBG000PV2L86,-0.002052206,-0.007720557,224172
20140717,13:30:00.000,BBG000BGYWY6,0.0015766188,-0.004417927,282275
20140717,13:30:00.000,BBG000C060M4,0.00031887842,-0.004865749,234128
20140717,13:30:00.000,BBG000BDXGP9,-0.0041153827,-0.0064786808,1536367
20140717,13:30:00.000,BBG000BGD7W6,-0.000991892,-0.005099868,929181
20140717,13:30:00.000,BBG000BP8Z50,-0.0003770002,-0.0018277398,480567
20140717,13:30:00.000,BBG000HW5GX3,0.000642057,-0.007813712,883432
20140717,13:30:00.000,BBG000C4ZZ10,-0.0054763923,-0.009330963,214577
20140717,13:30:00.000,BBG000BNNYW1,-0.06516885,-0.0663677,9102435
20140717,13:30:00.000,BBG000BR37X2,0.0034307009,0.0016363466,1640505
20140717,13:30:00.000,BBG000BLW530,-0.0001705506,0.00017317865,660283
20140717,13:30:00.000,BBG000BF1R66,-0.0007960071,-0.0030888228,209086
20140717,13:30:00.000,BBG000BKNX95,-0.003984381,-0.0060731536,1219894
20140717,13:30:00.000,BBG000BWP7D9,0.0034762397,-0.0012174918,630594
20140717,13:30:00.000,BBG000BBMSJ6,0.0072119576,-0.002290576,583192
20140717,13:30:00.000,BBG000DN7P92,0.004933757,0.0026738618,683724
20140717,13:30:00.000,BBG000BCZYD3,-0.002729494,-0.0038231818,182632
20140717,13:30:00.000,BBG000CVWGS6,-0.007634099,-0.0065179723,2626944
20140717,13:30:00.000,BBG000BLHRS2,0.00066290307,-0.00075733266,711237
20140717,13:30:00.000,BBG000BY2Y78,-0.0002923672,-0.006800775,485095
20140717,13:30:00.000,BBG000BK6G19,0.040894523,0.03211007,3379534
20140717,13:30:00.000,BBG002S5ZRF9,0.026003314,0.016018638,386563
20140717,13:30:00.000,BBG000BNC3Y9,0.004801088,-0.003426661,459441
20140717,13:30:00.000,BBG000BTCH57,-0.002148681,-0.011043235,526088
20140717,13:30:00.000,BBG000BB03M1,0.004520679,0.0009441092,829544
20140717,13:30:00.000,BBG000BN84F3,-0.002743578,-0.00097627885,660423
20140717,13:30:00.000,BBG000BB5BF6,0.006705821,-0.00023995501,905934
20140717,13:30:00.000,BBG000FDBX90,0.0039164433,0.0008032218,1411540
20140717,13:30:00.000,BBG000RGM5P1,0.011889465,0.005956385,575853
20140717,13:30:00.000,BBG000BB5373,-0.005078567,-0.01138615,2608013
20140717,13:30:00.000,BBG000BFDLV8,0.00058045593,-0.0020551481,885625
20140717,13:30:00.000,BBG000BGRKT6,0.0001358323,0.0016480079,213279
20140717,13:30:00.000,BBG000BTVJ25,-0.006383266,-0.009979605,924786
20140717,13:30:00.000,BBG000BVMPN3,-0.006217963,-0.0115385,772184
20140717,13:30:00.000,BBG000C2ZCH8,0.0050309286,0.0012227027,394262
20140717,13:30:00.000,BBG0014GJCT9,0.0126301795,0.013275665,709173
20140717,13:30:00.000,BBG000C11MQ5,0.00023761661,-0.01260106,466370
20140717,13:30:00.000,BBG003P9ZSL3,-0.00031560505,0.002248795,431914
20140717,13:30:00.000,BBG000BX5ZF5,0.00544495,1.7571327e-07,3479240
20140717,13:30:00.000,BBG000C2V3D6,-0.013626831,-0.020538745,2852700
20140717,13:30:00.000,BBG000BQVTF5,0.0028826883,-0.0027268531,548858
20140717,13:30:00.000,BBG000D2M0Z7,-0.0050359145,-0.009911262,277883
20140717,13:30:00.000,BBG000CHPY97,-0.010534091,-0.019567305,2762776
20140717,13:30:00.000,BBG000N746D6,0.012961008,0.002368045,1343866
20140717,13:30:00.000,BBG000M1R011,0.0135191325,0.009500787,1265961
20140717,13:30:00.000,BBG000BHLYP4,0.0087872995,0.0023865968,467053
20140717,13:30:00.000,BBG000BB6G37,0.005131417,-0.0033530907,553910
20140717,13:30:00.000,BBG000BR14K5,-0.0016025595,-0.004204783,345045
20140717,13:30:00.000,BBG000PX3XC0,-0.001143554,-0.010060613,1826279
20140717,13:30:00.000,BBG000J1QLT0,-0.0045388727,-0.0026935951,487069
20140717,13:30:00.000,BBG0039320N9,-0.007871486,-0.0064385575,1240866
20140717,13:30:00.000,BBG000BC4JJ4,-0.0062036645,-0.0040064338,481337
20140717,13:30:00.000,BBG000BM7HL0,0.006320437,0.006225487,845509
20140717,13:30:00.000,BBG000BP1Q11,-0.0041836128,-0.0058697998,416859
20140717,13:30:00.000,BBG000BF6LY3,-0.00234666,-0.011432711,1011379
20140717,13:30:00.000,BBG000BF5RY1,0.0038403606,0.0051568714,1426161
20140717,13:30:00.000,BBG000BFTJ91,-0.0077671055,-0.006217492,907873
20140717,13:30:00.000,BBG000BR54L0,0.012716264,-0.011520134,3555459
20140717,13:30:00.000,BBG000J5Q6L2,0.008393582,-7.5116077e-07,2216017
20140717,13:30:00.000,BBG000BCWCG1,-0.02011296,-0.029004764,2156792
20140717,13:30:00.000,BBG000TWC2V5,-0.002655478,-0.0052692713,343956
20140717,13:30:00.000,BBG000BCYP43,-0.009078151,-0.00935569,264419
20140717,13:30:00.000,BBG000C221G9,-0.007651936,-0.017273298,845588
20140717,13:30:00.000,BBG000BZTW70,0.0058768867,-0.004128422,2082092
20140717,13:30:00.000,BBG000BKZTP3,-0.0017551279,-0.0039010048,960079
20140717,13:30:00.000,BBG000R8ZVD1,0.00823712,0.00367417,1583743
20140717,13:30:00.000,BBG000CKVSG8,-0.018223519,-0.026047023,1170243
20140717,13:30:00.000,BBG000DNTSP4,0.0021766939,-0.0025769619,1542106
20140717,13:30:00.000,BBG000BP4MH0,0.0019277593,-0.0019218649,596343
20140717,13:30:00.000,BBG000BR3KL6,-0.0031606443,-0.012319126,348483
20140717,13:30:00.000,BBG000BJQWD2,0.006400803,-0.0007618926,652342
20140717,13:30:00.000,BBG000G0Z878,-0.00036059212,-0.005760792,902000
20140717,13:30:00.000,BBG000D7RKJ5,0.005847483,0.002905269,897018
20140717,13:30:00.000,BBG000G9CGL0,-3.526425e-05,-0.0046107494,374087
20140717,13:30:00.000,BBG000DTMH63,0.004598556,-0.003931751,1964344
20140717,13:30:00.000,BBG0029BK2G7,-0.017743299,-0.021231458,708171
20140717,13:30:00.000,BBG000G3QLY3,0.004134224,-0.0024958292,279815
20140717,13:30:00.000,BBG000BP0KQ8,0.0021633094,0.0029632729,1969699
20140717,13:30:00.000,BBG001NVJ6W4,-0.041150153,-0.051970154,4151589
20140717,13:30:00.000,BBG000BSBZH7,0.0020029766,0.0049884375,2659950
20140717,13:30:00.000,BBG000BHGCD1,0.00024027092,-0.007123893,327455
20140717,13:30:00.000,BBG000BL9JQ1,-0.0011975829,-0.0058840723,684948
20140717,13:30:00.000,BBG000BH5DV1,-0.0020088404,-0.0004901922,450615
20140717,13:30:00.000,BBG000QW7VC1,0.010836367,0.0124609545,4332949
20140717,13:30:00.000,BBG000DQTXY6,-0.00523071,-0.029559568,3167556
20140717,13:30:00.000,BBG000QY3XZ2,-0.001439599,-0.012662388,860425
20140717,13:30:00.000,BBG000BBBNC6,0.014008549,0.010460077,1054455
20140717,13:30:00.000,BBG000F15NW9,0.00041733962,-0.0003698723,885443
20140717,13:30:00.000,BBG000BNNKG9,-0.00035985064,-0.010770233,1605400
20140717,13:30:00.000,BBG000BFXHL6,-0.0030619032,-0.0006272868,1076314
20140717,13:30:00.000,BBG000BRRG02,0.008018395,0.008838389,571773
20140717,13:30:00.000,BBG000BHLYS1,0.002150002,-0.002294508,642744
20140717,13:30:00.000,BBG000CGQ6M4,-0.009300161,-0.0050969413,403373
20140717,13:30:00.000,BBG000C1S2X2,0.0071047354,-0.006610575,720275
20140717,13:30:00.000,BBG000C7LMS8,-0.00455918,-0.008143381,39541
20140717,13:30:00.000,BBG000MDCQC2,0.00043149543,0.0019195691,597555
20140717,13:30:00.000,BBG000JG0547,0.004502366,-0.00093200186,412174
20140717,13:30:00.000,BBG000CJZ2W6,0.017197624,0.0069493987,962946
20140717,13:30:00.000,BBG0020B4JG7,0.007354013,-0.0014459263,1891629
20140717,13:30:00.000,BBG000BNFLM9,-0.0034521706,0.0016866234,542172
20140717,13:30:00.000,BBG000BCBCM7,-0.0020120798,-0.011611996,2959620
20140717,13:30:00.000,BBG000CS7CT9,0.0137277115,0.010460088,1268663
20140717,13:30:00.000,BBG000MZFMS2,-0.0022824062,-0.008161821,597761
20140717,13:30:00.000,BBG000BKQ3V3,0.005123517,-0.0033517918,1159951
20140717,13:30:00.000,BBG000BLCPY4,-0.0044042044,-0.0144975595,302620
20140717,13:30:00.000,BBG000BC15S7,0.0033100958,-5.5853616e-05,425291
20140717,13:30:00.000,BBG000FKJRC5,0.0014311224,-0.0031273025,503436
20140717,13:30:00.000,BBG000BRJ809,0.0018846096,0.0050331857,407383
20140717,13:30:00.000,BBG000C2PW58,-0.0037289835,-0.010872772,386135
20140717,13:30:00.000,BBG000BCVMH9,0.033186104,0.0352712,1273994
20140717,13:30:00.000,BBG000BQ2C28,0.0072794566,0.004217742,400919
20140717,13:30:00.000,BBG000BBJQV0,0.017340722,0.0061995597,3178968
20140717,13:30:00.000,BBG000G2R6M0,0.011106173,0.024091888,2933187
20140717,13:30:00.000,BBG000BTKGG8,-0.013742818,-0.024538102,2161139
20140717,13:30:00.000,BBG000BMQPL1,-0.026512008,-0.034543592,12456130
20140717,13:30:00.000,BBG000BMF5J0,-0.0013226215,-0.013801487,4859886
20140717,13:30:00.000,BBG000BB6WG8,0.0030767757,-0.00083725527,1232290
20140717,13:30:00.000,BBG000BM6788,-0.0016892952,-0.012399217,1059073
20140717,13:30:00.000,BBG000FVXD63,-0.018910045,-0.026593877,1940718
20140717,13:30:00.000,BBG000C3HSR0,0.010276423,7.027102e-05,1487714
20140717,13:30:00.000,BBG000BN5HF7,-0.012578214,-0.02506417,1133837
20140717,13:30:00.000,BBG001QD41M9,-0.0009504485,-0.006661079,862887
20140717,13:30:00.000,BBG000CXYSZ6,0.009828023,0.0121272085,385731
20140717,13:30:00.000,BBG000BVMGF2,0.0046858564,0.00085973006,911473
20140717,13:30:00.000,BBG0019JZ882,0.006994829,-7.2296466e-08,6214117
20140717,13:30:00.000,BBG000BKPL53,-0.00809817,-0.008419566,415935
20140717,13:30:00.000,BBG000PYZSR8,-0.008124684,-0.0037195226,827780
20140717,13:30:00.000,BBG000F0KF42,-0.009712342,-0.016229931,1526721
20140717,13:30:00.000,BBG000FW00S1,-0.016080337,-0.024653038,4015607
20140717,13:30:00.000,BBG000BYYLS8,-0.01714178,-0.025242733,3109154
20140717,13:30:00.000,BBG000BB6M98,-0.004853035,-0.006206524,1211657
20140717,13:30:00.000,BBG000D8RG11,-0.00993085,-0.017636994,3593831
20140717,13:30:00.000,BBG000CHWP52,0.016554162,0.020657446,2306514
20140717,13:30:00.000,BBG000D6L294,-0.0022612035,-0.010735235,616082
20140717,13:30:00.000,BBG000C3Y7J6,-0.00013984936,-0.00015970353,386094
20140717,13:30:00.000,BBG000BM5SR2,-0.0037647195,-0.009383786,2703758
20140717,13:30:00.000,BBG000BS0ZF1,-0.0031154265,-0.0013915184,246779
20140717,13:30:00.000,BBG000C0F570,0.0039068507,-0.0045446404,968643
20140717,13:30:00.000,BBG000C90DH9,-0.011890306,-0.0072594658,3195437
20140717,13:30:00.000,BBG000BVWLJ6,-0.002961974,-0.008143145,1029898
20140717,13:30:00.000,BBG000BRK7L6,0.0017707816,-0.004564386,1636374
20140717,13:30:00.000,BBG000BZ2GG4,0.0021555196,-0.0019392933,647711
20140717,13:30:00.000,BBG000BVL2G3,0.00033400618,-0.0064513437,593479
20140717,13:30:00.000,BBG000C2YHG9,-0.012904595,-0.010458966,670487
20140717,13:30:00.000,BBG001BPFT54,0.013119913,-0.006013958,1524962
20140717,13:30:00.000,BBG000BH2JM1,0.010590876,0.013535411,2159438
20140717,13:30:00.000,BBG000BPVCR1,0.0017110738,0.0005802235,500217
20140717,13:30:00.000,BBG002BHBHM1,-0.0054291356,-0.0077203065,904480
20140717,13:30:00.000,BBG000Q3JN03,-0.017778812,-0.029176136,12844878
20140717,13:30:00.000,BBG000BPT0C6,-0.012449342,-0.019636098,1175880
20140717,13:30:00.000,BBG000BQWPC5,-0.0015576029,-0.0069505195,902303
20140717,13:30:00.000,BBG000BQ5DS5,-0.001951022,-0.00071297406,698798
20140717,13:30:00.000,BBG000DY8ZS4,0.005028697,-0.0013105423,4281890
20140717,13:30:00.000,BBG000R8L7J3,-0.015606326,-0.020882783,6317922
20140717,13:30:00.000,BBG000BS9489,-0.0063505694,-0.0017510182,870077
20140717,13:30:00.000,BBG000D898T9,0.006020341,0.0028884094,643596
20140717,13:30:00.000,BBG000BFL116,0.0009707014,-0.014577091,1320631
20140717,13:30:00.000,BBG001YMS0B8,-0.006475466,-0.009168783,903324
20140717,13:30:00.000,BBG000QBR5J5,0.0066601383,0.0028117902,1693374
20140717,13:30:00.000,BBG000BHC2S1,-0.008402011,-0.010996266,814098
20140717,13:30:00.000,BBG000BX3TD3,0.0055856262,-0.005585489,3158025
20140717,13:30:00.000,BBG000C1FQS9,-0.005818253,-0.008147274,693373
20140717,13:30:00.000,BBG000BLKK03,0.01817464,0.046891488,1057108
20140717,13:30:00.000,BBG000BKCFC2,0.0024619405,1.3704529e-06,1460761
20140717,13:30:00.000,BBG000C4DPX1,0.0040009697,-0.0071971426,877619
20140717,13:30:00.000,BBG000BHZ5J9,-0.026351266,-0.03170435,1262010
20140717,13:30:00.000,BBG000KLB4Q1,-0.015142334,-0.024379682,2790541
20140717,13:30:00.000,BBG000BMBL90,-0.007774506,-0.011475038,1097160
20140717,13:30:00.000,BBG000C2BXK4,0.00054245756,-0.00860868,4091983
20140717,13:30:00.000,BBG000H0QBS7,0.0030213539,0.00067579246,2454638
20140717,13:30:00.000,BBG000BQZMH4,0.0007136364,-0.003187368,1984726
20140717,13:30:00.000,BBG000BLBXT4,-0.0031449655,-0.009400897,1001723
20140717,13:30:00.000,BBG000BJ2VQ6,0.003941482,-0.0063853455,1109288
20140717,13:30:00.000,BBG000BMY992,0.005248354,0.0024317347,1008339
20140717,13:30:00.000,BBG000BXM6V2,0.008148022,0.002093559,905335
20140717,13:30:00.000,BBG000BWSV34,-0.002027363,-0.0075395205,543869
20140717,13:30:00.000,BBG000BKFBD7,0.0046401173,-0.0012967474,854528
20140717,13:30:00.000,BBG000FP1N32,0.0071742283,0.0018851121,1660765
20140717,13:30:00.000,BBG000BT4T69,0.006398437,-1.3357992e-09,1200045
20140717,13:30:00.000,BBG000BFMBQ6,-0.011896689,0.016604412,2180933
20140717,13:30:00.000,BBG000C0HQ54,-0.0015243543,-0.004943299,495879
20140717,13:30:00.000,BBG000C0LW92,-0.013738113,-0.015546361,3263144
20140717,13:30:00.000,BBG000BVPPM1,-0.0029614898,-0.006807331,891389
20140717,13:30:00.000,BBG000BMW2Z0,-0.0034299945,-0.007353749,572175
20140717,13:30:00.000,BBG000BPWXK1,-0.0048946054,0.008728555,3481533
20140717,13:30:00.000,BBG000GC80B4,-0.005052643,-0.006241335,4135839
20140717,13:30:00.000,BBG000BXWBN9,0.007442144,0.005589547,1710018
20140717,13:30:00.000,BBG000BY33P5,0.0019545725,0.0062920623,4231278
20140717,13:30:00.000,BBG000R7RDB4,0.0025224076,-0.005223495,551098
20140717,13:30:00.000,BBG000MBDGM6,0.001116659,-0.0030724497,135792
20140717,13:30:00.000,BBG000BGLRN3,0.00030968603,-0.0043111085,737722
20140717,13:30:00.000,BBG000BWJFZ4,0.028987078,0.035185214,730561
20140717,13:30:00.000,BBG000BGVW60,0.0012892996,-0.0030814274,515256
20140717,13:30:00.000,BBG000BNJHS8,0.0021231992,-0.0071339956,2787920
20140717,13:30:00.000,BBG000DKCC19,-0.0010892239,-0.00433296,946623
20140717,13:30:00.000,BBG000BXMFC3,0.040387005,0.032459553,2189087
20140717,13:30:00.000,BBG000BSD7C2,0.0031288946,0.0031181972,475627
20140717,13:30:00.000,BBG000BSLZY7,-0.00257024,-0.0119716115,2836019
20140717,13:30:00.000,BBG000BMDV41,0.0008867018,-0.0049606594,2221417
20140717,13:30:00.000,BBG001C7TST4,-0.0011257457,-0.0059086545,922672
20140717,13:30:00.000,BBG000BRJL00,0.00075633393,-0.0032689816,901347
20140717,13:30:00.000,BBG000BRD0D8,-0.0068592806,-0.017492859,2176676
20140717,13:30:00.000,BBG000BND699,-0.006087207,-0.018572547,1414756
20140717,13:30:00.000,BBG000BB9KF2,-0.0015760399,-0.003873818,842470
20140717,13:30:00.000,BBG000C1BW00,0.010468424,0.005973492,674858
20140717,13:30:00.000,BBG000BTZQC4,0.0053006485,0.009485666,1853365
20140717,13:30:00.000,BBG000BWNFZ9,-0.0145410905,-0.02035036,1666252
20140717,13:30:00.000,BBG000BJ98Z0,0.0019253405,-0.0036640815,632390
20140717,13:30:00.000,BBG000CNFQW6,-0.0086086,-0.014807335,583191
20140717,13:30:00.000,BBG000BGPTV6,-0.0006996432,-0.0065167295,454745
20140717,13:30:00.000,BBG000BB07P9,-0.003224133,0.007939461,6822687
20140717,13:30:00.000,BBG000C1FB75,0.01184166,0.007757515,625748
20140717,13:30:00.000,BBG001M8HHB7,0.017893592,0.0046108044,640274
20140717,13:30:00.000,BBG000DHSPT0,0.0068141716,0.011790213,1965242
20140717,13:30:00.000,BBG000FQ6PY6,0.0039653983,0.004572898,1161510
20140717,13:30:00.000,BBG000BBDV81,-0.0010528982,-0.0066796397,1769745
20140717,13:30:00.000,BBG000VC0T95,-0.0064067617,-0.011673124,1152084
20140717,13:30:00.000,BBG000BKFZM4,0.002561185,-0.0032082992,2531994
20140717,13:30:00.000,BBG000D13GN8,-0.017901003,-0.029337212,853113
20140717,13:30:00.000,BBG000C0MF34,-0.0044105817,0.0017852429,337558
20140717,13:30:00.000,BBG000BFNR17,0.020519104,0.013210623,794159
20140717,13:30:00.000,BBG000BK67C7,0.0018247329,-0.0014040796,358600
20140717,13:30:00.000,BBG000FJLFX8,0.0035515619,0.029156215,2020411
20140717,13:30:00.000,BBG000BH5LT6,-0.008507185,-0.02047015,2878250
20140717,13:30:00.000,BBG000BD8PN9,0.0065721525,-0.00026243826,2226215
20140717,13:30:00.000,BBG000BH3GZ2,-0.047950085,-0.05689918,8563400
20140717,13:30:00.000,BBG000BB5006,-0.001617565,-0.0035925254,994968
20140717,13:30:00.000,BBG000BTR593,-0.034154277,-0.038492844,4219665
20140717,13:30:00.000,BBG000BRWGG9,0.0028998523,-0.0014119429,16498534
20140717,13:30:00.000,BBG000BJ3PD2,-0.004091935,-0.009377845,836953
20140717,13:30:00.000,BBG000CSY9H9,0.010031176,0.004764359,2506267
20140717,13:30:00.000,BBG000FNRZ69,-0.01601889,-0.01849669,3153574
20140717,13:30:00.000,BBG000C734W3,-0.0016218505,-0.0142599465,397215
20140717,13:30:00.000,BBG000BCGY17,0.0018404063,0.0014982541,2192350
20140717,13:30:00.000,BBG000BCVJ77,0.0053318446,0.0063981283,1328854
20140717,13:30:00.000,BBG000C46HM9,0.0013900279,0.0010520549,1248880
20140717,13:30:00.000,BBG000BJPDZ1,0.011829745,0.009007047,272436
20140717,13:30:00.000,BBG000BJL3N0,-0.043641165,-0.05152102,14064448
20140717,13:30:00.000,BBG000BGJRC8,-0.00341403,-0.0022457822,3471734
20140717,13:30:00.000,BBG000BBD070,0.0025359837,-0.002065905,1362680
20140717,13:30:00.000,BBG000BFQYY3,-0.00038470348,-0.0056165326,1119396
20140717,13:30:00.000,BBG000BPQD31,0.0019512146,-0.00019393452,1999450
20140717,13:30:00.000,BBG000BJ81C1,-0.0014093552,-0.0044456543,448871
20140717,13:30:00.000,BBG000B9WH86,0.0038433624,-0.007838043,13090241
20140717,13:30:00.000,BBG000D42FJ0,0.024512822,0.011663927,1191544
20140717,13:30:00.000,BBG000BHX7N2,-0.0030737764,-0.009563158,1700257
20140717,13:30:00.000,BBG000BH3JF8,-0.026947778,-0.042888533,6474724
20140717,13:30:00.000,BBG000JWD753,-0.0045862044,-0.013565743,6849160
20140717,13:30:00.000,BBG000BHGDH5,0.0067010764,0.0037295052,1283408
20140717,13:30:00.000,BBG0014GG205,-0.0045272126,-0.01952018,3055732
20140717,13:30:00.000,BBG000G30YX4,0.0033515377,-0.009699839,785848
20140717,13:30:00.000,BBG000BCG930,-0.005275058,0.022461755,2222489
20140717,13:30:00.000,BBG000BWVCP8,0.0008492496,-0.004453364,1942448
20140717,13:30:00.000,BBG000C3GN47,-0.019325748,-0.0256596,3401386
20140717,13:30:00.000,BBG000BT9DW0,0.0038899884,0.00022292837,2084880
20140717,13:30:00.000,BBG000BV8DN6,-0.0027319323,-0.0017108766,3014131
20140717,13:30:00.000,BBG0029SNR63,0.022146951,0.02293272,3802706
20140717,13:30:00.000,BBG000HCJMF9,0.0019622124,-0.00632963,832279
20140717,13:30:00.000,BBG000D9D830,0.0053167865,0.002131396,1018529
20140717,13:30:00.000,BBG000F6H8W8,-0.004411572,-0.007043263,664243
20140717,13:30:00.000,BBG000B9ZXB4,0.042610582,0.041417994,7625744
20140717,13:30:00.000,BBG000BVDLH9,0.014258728,0.007842914,1636006
20140717,13:30:00.000,BBG000BBVJZ8,-0.008280342,-0.015982898,2237917
20140717,13:30:00.000,BBG000BWXBC2,0.0043118247,0.0009117333,1886561
20140717,13:30:00.000,BBG000WCFV84,0.0027622967,0.007492473,1175482
20140717,13:30:00.000,BBG000BFDXW1,0.0071023083,-0.0036480338,1862343
20140717,13:30:00.000,BBG000DYGNW7,0.00785926,0.008279673,490374
20140717,13:30:00.000,BBG000BNBDC2,0.0007881427,-0.0001595168,1171541
20140717,13:30:00.000,BBG000BJSBJ0,0.0017720778,-0.0023306585,627379
20140717,13:30:00.000,BBG000BJF1Z8,-0.0011088933,-0.0068678004,1212973
20140717,13:30:00.000,BBG000BY29C7,0.01064127,0.011251668,2962050
20140717,13:30:00.000,BBG000BH13K9,0.0006771828,0.003076664,2088869
20140717,13:30:00.000,BBG000BH1NH9,-0.00774601,-0.0119061675,1974003
20140717,13:30:00.000,BBG000BLZRJ2,0.007819857,-1.2035306e-07,11471345
20140717,13:30:00.000,BBG000BVV7G1,4.7017453e-05,-0.0097861085,2302022
20140717,13:30:00.000,BBG000BL4504,-0.014612665,-0.02299202,4561866
20140717,13:30:00.000,BBG000BB6KF5,0.0019479827,-0.0061663333,2028089
20140717,13:30:00.000,BBG000DSMS70,0.010950837,-0.0026008957,430585
20140717,13:30:00.000,BBG000C8H633,0.00031038912,-0.006955778,2030695
20140717,13:30:00.000,BBG001DCCGR8,-0.0029017394,-0.009627279,1410649
20140717,13:30:00.000,BBG000QX74T1,0.0036557585,-0.0078319665,250932
20140717,13:30:00.000,BBG000M65M61,-0.0020550203,-0.014144859,5111501
20140717,13:30:00.000,BBG000F80SZ5,0.015580168,0.00682395,8476884
20140717,13:30:00.000,BBG000C5HS04,0.00042635598,-0.0016911251,2417273
20140717,13:30:00.000,BBG000H556T9,-0.0033339956,-0.0051869694,1766609
20140717,13:30:00.000,BBG000NV1KK7,-0.013365382,-0.013228315,2482792
20140717,13:30:00.000,BBG000L9CV04,-0.004680165,-0.012389215,1404953
20140717,13:30:00.000,BBG000BXRPH1,0.009426183,-0.00097465346,508394
20140717,13:30:00.000,BBG000BNDN65,0.001523169,-0.00398649,2447122
20140717,13:30:00.000,BBG000BGKTF9,-0.010580011,-0.015053356,1781661
20140717,13:30:00.000,BBG00286S4N9,-0.003048452,-0.00704824,1109232
20140717,13:30:00.000,BBG000H89QJ6,-0.010719428,-0.0067978934,885812
20140717,13:30:00.000,BBG000BNWG87,-0.010028522,-0.010965299,4264235
20140717,13:30:00.000,BBG000BJX8C8,-0.0001850115,-0.004159348,1549148
20140717,13:30:00.000,BBG000BD4VG8,-0.010559023,-0.016870022,2842061
20140717,13:30:00.000,BBG000D4LWF6,0.0017369583,2.397561e-07,3366142
20140717,13:30:00.000,BBG000FL1TC8,-0.008226295,-0.0021877252,1282871
20140717,13:30:00.000,BBG000FFDM15,-0.0045217946,-0.011522764,6432834
20140717,13:30:00.000,BBG000BBPFB9,0.0043279235,0.007878516,6871904
20140717,13:30:00.000,BBG000BN2DC2,-0.0073138396,-0.009175576,1538466
20140717,13:30:00.000,BBG000BCQZS4,-0.0033776443,-0.009209853,1324497
20140717,13:30:00.000,BBG000CPQZ77,0.008612918,0.0032918341,4430885
20140717,13:30:00.000,BBG000BP52R2,0.006078003,-0.011017721,1517848
20140717,13:30:00.000,BBG000J6XT05,-0.01699091,-0.02125352,5179672
20140717,13:30:00.000,BBG000BJDB15,-0.017867427,-0.004635524,4248617
20140717,13:30:00.000,BBG000LD9JQ8,-0.010498604,-0.017467083,1339308
20140717,13:30:00.000,BBG000FG3C43,-0.122656144,-0.12985215,19702568
20140717,13:30:00.000,BBG000BC2C10,0.009092399,0.0021028763,1802627
20140717,13:30:00.000,BBG000BGRY34,0.0024013373,-0.0024102146,1005274
20140717,13:30:00.000,BBG000CTQBF3,0.0011132736,-0.007494201,1954368
20140717,13:30:00.000,BBG000H8TVT2,0.00018355166,-0.0033247254,2180742
20140717,13:30:00.000,BBG0025Y4RY4,0.013692598,0.010625301,10389941
20140717,13:30:00.000,BBG000F1ZSQ2,-0.009454917,-0.01602925,2416984
20140717,13:30:00.000,BBG000CH5208,0.016635641,0.036006443,4115002
20140717,13:30:00.000,BBG000KHWT55,-0.0037511007,-0.00832928,5292635
20140717,13:30:00.000,BBG000BFWKC0,0.0049554883,0.002497443,1463002
20140717,13:30:00.000,BBG000BP6LJ8,-0.0026968324,-0.0019133118,3197960
20140717,13:30:00.000,BBG000BW8S60,-0.0025324663,-0.0057284846,2295436
20140717,13:30:00.000,BBG000BWLMJ4,0.0009804723,-0.0063013374,1945957
20140717,13:30:00.000,BBG000Q2HM09,0.0028147749,-0.0091177905,1784297
20140717,13:30:00.000,BBG000BW3299,-0.003711391,-0.002752346,1083439
20140717,13:30:00.000,BBG000BC40Y8,-0.017469695,-0.024527537,3129552
20140717,13:30:00.000,BBG000BBS2Y0,-0.0010533048,-0.009174851,1321647
20140717,13:30:00.000,BBG000DWG505,-0.0035763623,-0.006286361,1206305
20140717,13:30:00.000,BBG000BQQ2S6,-0.0029866018,-0.008995346,1388017
20140717,13:30:00.000,BBG000BZ9223,0.0073788026,-0.0007676578,1250028
20140717,13:30:00.000,BBG000DH7JK6,-0.00034727954,-0.0001106481,1222210
20140717,13:30:00.000,BBG000BHVJJ3,0.0019948322,-0.004074953,6720514
20140717,13:30:00.000,BBG000J2XL74,0.008402251,0.009922072,3227464
20140717,13:30:00.000,BBG000C17X76,0.015354432,0.0033584884,973343
20140717,13:30:00.000,BBG000BHBK84,0.0010207465,-0.003841972,1946149
20140717,13:30:00.000,BBG000Q9HH23,0.011986364,0.0037090105,836552
20140717,13:30:00.000,BBG000F0PF65,0.033131536,0.037472002,20700048
20140717,13:30:00.000,BBG000BF0K17,-0.0024341154,-0.006188372,1603327
20140717,13:30:00.000,BBG000C15T95,-0.0026147775,-0.0004550121,3214475
20140717,13:30:00.000,BBG000NDYB67,0.0017911762,-0.0018683354,6492425
20140717,13:30:00.000,BBG000DWYF03,0.00071992207,0.0021213877,23922988
20140717,13:30:00.000,BBG000C6CFJ5,0.005501494,-0.00055714557,2465245
20140717,13:30:00.000,BBG000BKTFN2,-0.004642462,-0.010366656,3338714
20140717,13:30:00.000,BBG000BBGGQ1,-0.007796808,-0.013882224,3611147
20140717,13:30:00.000,BBG000DLFM21,,,1744082
20140717,13:30:00.000,BBG000BBDZG3,-0.004940619,-0.00036387108,3313251
20140717,13:30:00.000,BBG000DQLV23,0.0012940738,-0.002049243,2691923
20140717,13:30:00.000,BBG000BCSST7,0.0018217392,0.0009817745,2774244
20140717,13:30:00.000,BBG000BQLTW7,0.008547695,0.008694352,13410936
20140717,13:30:00.000,BBG000BQPC32,0.0054721385,0.00562194,31536704
20140717,13:30:00.000,BBG000BFC8J2,-0.004100548,-0.013481233,2006271
20140717,13:30:00.000,BBG000BQQH30,0.0007324032,-0.00541029,2824862
20140717,13:30:00.000,BBG000BMX289,-0.0023624634,-0.0014260705,3650012
20140717,13:30:00.000,BBG000BNSZP1,0.0019198974,-0.0047363862,2241897
20140717,13:30:00.000,BBG005P7Q881,-0.008887058,-0.018863494,7783851
20140717,13:30:00.000,BBG000FH8PX5,,,770516
20140717,13:30:00.000,BBG000R7Z112,-0.003494031,-0.014521152,9984717
20140717,13:30:00.000,BBG000BH4R78,0.008011159,0.0049201148,3703243
20140717,13:30:00.000,BBG000BKZB36,0.0022198535,-0.0019453709,2348653
20140717,13:30:00.000,BBG000BPD168,0.001618545,-1.0480171e-06,2851509
20140717,13:30:00.000,BBG000BHQ1H0,0.01013264,0.007780371,740019
20140717,13:30:00.000,BBG000C496P7,,,18894240
20140717,13:30:00.000,BBG000C43RR5,0.023536239,0.01972605,13305990
20140717,13:30:00.000,BBG000BT41Q8,0.00074629334,-0.006863269,2996936
20140717,13:30:00.000,BBG000PSKYX7,-0.006092406,-0.014086946,1302312
20140717,13:30:00.000,BBG000BR2TH3,0.0031150873,-0.0025953057,2937178
20140717,13:30:00.000,BBG000GFFQN9,-0.005407817,-0.01568698,24169080
20140717,13:30:00.000,BBG000CGC1X8,-0.014904778,-0.011179371,6350567
20140717,13:30:00.000,BBG000BMHYD1,-0.004443313,-0.00694844,4438660
20140717,13:30:00.000,BBG000BFT2L4,-0.00989683,-0.007448964,7344368
20140717,13:30:00.000,BBG000HS77T5,0.0005521419,-0.005298999,5195599
20140717,13:30:00.000,BBG000K4ND22,0.0041622417,-0.0007636836,2083873
20140717,13:30:00.000,BBG000C3J3C9,-0.009804819,-0.0050040926,15726930
20140717,13:30:00.000,BBG000BK6MB5,0.0031608993,-0.010371648,19939648
20140717,13:30:00.000,BBG000BWQFY7,0.006786286,-0.0039081774,11072873
20140717,13:30:00.000,BBG000BLNNH6,0.009631132,0.009071311,4132849
20140717,13:30:00.000,BBG000H6HNW3,-0.0057189926,-0.014428724,14692753
20140717,13:30:00.000,BBG000DMBXR2,0.0043355883,-0.005280775,7828624
20140717,13:30:00.000,BBG000BSJK37,0.0015843047,-0.004938843,9235182
20140717,13:30:00.000,BBG000FY4S11,0.0076940097,-0.0016063232,13603514
20140717,13:30:00.000,BBG000C5Z1S3,-0.024451641,-0.03636878,22628984
20140717,13:30:00.000,BBG000BR2B91,-0.0009112772,-0.0029078994,18560692
20140717,13:30:00.000,BBG000N9MNX3,0.011920288,0.0032688347,2697420
20140717,13:30:00.000,BBG000C0G1D1,-0.008858043,-0.017607315,46699108
20140717,13:30:00.000,BBG002W96FT9,-0.00841041,-0.015414187,1247697
20140717,13:30:00.000,BBG000BLBVN4,-0.0019232649,-0.0102327075,457857
20140717,13:30:00.000,BBG000CKGBP2,0.0044866004,-0.0066676266,7455537
20140717,13:30:00.000,BBG000GZQ728,-4.8404814e-05,-0.0048189666,3160349
20140717,13:30:00.000,BBG000BVPV84,0.0064584967,-0.0068973773,2117366
20140717,13:30:00.000,BBG000BPH459,0.016558975,0.017700424,55576748
20140717,13:30:00.000,BBG000BCTLF6,-0.002882534,-0.015478605,57390228
20140717,13:30:00.000,BBG000BHSKN9,-0.008160314,-0.014651401,1346535
20140717,13:30:00.000,BBG000CL9VN6,0.008656227,-0.0009221535,1271680
20140717,13:30:00.000,BBG000MM2P62,0.0070054843,-0.003252299,23464184
20140717,13:30:00.000,BBG000B9XRY4,-0.006080318,-0.010867618,31278332
20140717,13:45:00.000,BBG000PCQQL6,-0.0015649003,-0.004178759,1120251
20140717,13:45:00.000,BBG000BJP882,-0.010279494,-0.0073656025,556430
20140717,13:45:00.000,BBG000BMFFQ0,-0.00023131064,-0.0014713459,422981
20140717,13:45:00.000,BBG000K1J931,0.008332367,-0.015768334,1542497
20140717,13:45:00.000,BBG000BQ87N0,-0.0016310591,-0.0026379388,356873
20140717,13:45:00.000,BBG000BBCQD7,0.0065938765,0.003544093,2648635
20140717,13:45:00.000,BBG000BQHGR6,0.0008607513,-0.0044137705,375885
20140717,13:45:00.000,BBG000C75N77,-0.011032753,-0.022501398,911595
20140717,13:45:00.000,BBG000BJ8YN7,0.0016871089,-0.0041740183,1267455
20140717,13:45:00.000,BBG000BLXZN1,0.013770531,0.007300441,1488951
20140717,13:45:00.000,BBG000BV4XJ1,0.009845126,-0.006672053,225206
20140717,13:45:00.000,BBG000QKPTS5,0.023849042,0.01390754,585981
20140717,13:45:00.000,BBG000BV75B7,-0.0023991177,-0.009839617,256436
20140717,13:45:00.000,BBG000CB8Q50,-0.0036774606,-0.002784019,428311
20140717,13:45:00.000,BBG000BNPSQ9,-0.0012799635,-0.021358691,934744
20140717,13:45:00.000,BBG000H4YVR7,-0.008732355,-0.024112284,462318
20140717,13:45:00.000,BBG000JB27Y9,0.0015476058,-0.0002254426,340039
20140717,13:45:00.000,BBG000BVHBM1,0.0034236822,-0.020404872,988151
20140717,13:45:00.000,BBG000BQSQ38,0.0006137619,-0.005693344,767167
20140717,13:45:00.000,BBG001XJRMF5,-0.0089028645,-0.0014730577,706265
20140717,13:45:00.000,BBG000BNGTQ7,0.0002166471,0.00017446361,1031635
20140717,13:45:00.000,BBG000B9X8C0,0.0013609527,-0.0006293213,424994
20140717,13:45:00.000,BBG000GPXKX9,-0.0061497195,-0.013044517,310574
20140717,13:45:00.000,BBG000BV7LP7,0.0014003266,-0.001154555,504641
20140717,13:45:00.000,BBG001NY45K9,-0.02736214,-0.0392246,2643921
20140717,13:45:00.000,BBG000L8CBX4,-0.0062398296,-0.0050085816,113163
20140717,13:45:00.000,BBG000BHCP19,0.010412746,-0.0012307703,404452
20140717,13:45:00.000,BBG000JKCWS0,-0.0013357964,-0.0042292713,156051
20140717,13:45:00.000,BBG000CPHYL4,-0.0036744126,-0.004618658,965231
20140717,13:45:00.000,BBG000F86GP6,0.003389753,-0.004656605,200459
20140717,13:45:00.000,BBG000V31J96,0.0012451872,-0.0046378053,1533528
20140717,13:45:00.000,BBG000BWVSR1,-0.0037737757,-0.00761532,377472
20140717,13:45:00.000,BBG000DLVDK3,0.009069138,0.023812063,1260333
20140717,13:45:00.000,BBG003641015,0.00086302724,-0.005352798,524118
20140717,13:45:00.000,BBG000BQD1J2,0.00068003533,1.05054525e-07,19597910
20140717,13:45:00.000,BBG000BWXL85,-0.0066582663,-0.008753784,467737
20140717,13:45:00.000,BBG001J1QN87,-0.0050813025,-0.023076564,296044
20140717,13:45:00.000,BBG000BFJ645,0.00185502,-0.0068794796,3126421
20140717,13:45:00.000,BBG000BPZBB6,0.0032926663,-0.0005171801,408932
20140717,13:45:00.000,BBG000RNTSX0,0.00834585,0.0042564673,568948
20140717,13:45:00.000,BBG000C23KJ3,0.0027709864,-0.004591891,1787253
20140717,13:45:00.000,BBG000CZWZ05,0.021915732,0.0045242663,1244350
20140717,13:45:00.000,BBG000CR90K4,0.017357223,0.0020068486,20222238
20140717,13:45:00.000,BBG000BBL0Y1,-0.0009482637,-0.013246732,806534
20140717,13:45:00.000,BBG000BKQG80,0.0031677007,-0.0034200933,507608
20140717,13:45:00.000,BBG000K14Q84,-0.0019782798,-0.012068717,2206488
20140717,13:45:00.000,BBG000Q0BPZ4,0.0019557925,-0.009048885,467656
20140717,13:45:00.000,BBG000BHB3M6,-0.0015767426,-0.011006779,1021738
20140717,13:45:00.000,BBG000BLMZK6,-0.0077402205,-0.017967729,801869
20140717,13:45:00.000,BBG000QFJ7H3,0.0065755076,-0.0050535724,656690
20140717,13:45:00.000,BBG000BLDV98,-0.002730797,-0.010747574,774324
20140717,13:45:00.000,BBG000PLXQQ3,0.023411212,0.02104605,3674128
20140717,13:45:00.000,BBG000BGYMH7,0.005784372,-0.006863015,269520
20140717,13:45:00.000,BBG000H9G7X2,-0.004464457,-0.009076556,1176790
20140717,13:45:00.000,BBG000BRZJR8,0.021581944,0.0019234342,1624098
20140717,13:45:00.000,BBG000BJDPC2,-0.008468542,-0.009115419,571038
20140717,13:45:00.000,BBG000BDY3Y7,-0.000754012,-0.0038910527,1419159
20140717,13:45:00.000,BBG000BPNP00,0.005941285,-0.00328181,980615
20140717,13:45:00.000,BBG000BBB3K1,0.0036104613,0.0010314875,1878172
20140717,13:45:00.000,BBG000BFV115,-0.0027267355,-0.013416035,596236
20140717,13:45:00.000,BBG000CXD6X9,-0.0075208023,-0.00999475,979932
20140717,13:45:00.000,BBG000QN4GY3,-0.01687706,-0.024211751,1272878
20140717,13:45:00.000,BBG000BWCKB6,-0.008872462,-0.0090958625,1316148
20140717,13:45:00.000,BBG000BKXFN7,-0.002885093,-0.014307015,1023856
20140717,13:45:00.000,BBG000F9KJN4,-0.0059844116,-0.012011734,914742
20140717,13:45:00.000,BBG000BQV1S2,0.0017027166,-0.012644724,444449
20140717,13:45:00.000,BBG000BTQR96,-0.0009868735,-0.009332931,591431
20140717,13:45:00.000,BBG000F6ZWH2,-0.004015029,-0.010213938,743615
20140717,13:45:00.000,BBG000BMZ7P7,0.0013508961,-0.0031726307,723088
20140717,13:45:00.000,BBG000BB29X4,0.0035160158,0.0009187326,370515
20140717,13:45:00.000,BBG000BBCDZ2,-0.0070490926,-0.013225786,342298
20140717,13:45:00.000,BBG000C6F3T8,0.018668508,0.0059108534,16944368
20140717,13:45:00.000,BBG000BFVXX0,0.002077168,0.0009924638,610782
20140717,13:45:00.000,BBG000G6BN50,-0.004389277,-0.012682622,196358
20140717,13:45:00.000,BBG000BRXP69,-0.003796825,-0.007176643,420811
20140717,13:45:00.000,BBG000BPMH90,0.018961327,0.00871565,1245778
20140717,13:45:00.000,BBG000D9DMK0,-0.0018556879,-0.0013159236,819126
20140717,13:45:00.000,BBG000D14WM3,0.0003749464,-0.012719345,6585552
20140717,13:45:00.000,BBG000PVRDL2,0.0057297237,0.0211657,3067324
20140717,13:45:00.000,BBG000BSC0K9,0.002289753,0.0012827052,626147
20140717,13:45:00.000,BBG000R0L5J4,0.014527863,0.005986467,1163450
20140717,13:45:00.000,BBG000JH6683,-0.0016524874,-0.028661491,804489
20140717,13:45:00.000,BBG000BG14P4,0.01569503,-0.0028606781,830709
20140717,13:45:00.000,BBG000D9KWL9,0.011127067,0.0017592657,534468
20140717,13:45:00.000,BBG000BKWSR6,-0.013731175,-0.021817543,5980638
20140717,13:45:00.000,BBG000BC9938,0.005725867,0.0007452308,829489
20140717,13:45:00.000,BBG000BB1TH9,-0.0046555,-0.009907125,434005
20140717,13:45:00.000,BBG000BJ49H3,-0.002920901,-0.0076731485,979251
20140717,13:45:00.000,BBG000BFS7D3,0.00070228986,-0.00286136,330214
20140717,13:45:00.000,BBG000BN9WT5,0.0045923344,-0.0046661324,564280
20140717,13:45:00.000,BBG000BKR1D6,0.006336305,0.0012264523,834852
20140717,13:45:00.000,BBG000BFRF55,0.008861682,-0.005091055,2939835
20140717,13:45:00.000,BBG000BKTT89,-0.0014324224,-0.014041029,367841
20140717,13:45:00.000,BBG000BQ8KV2,0.0004383969,-0.010295854,742144
20140717,13:45:00.000,BBG000BQVWZ6,-0.005826143,-0.018209063,4054598
20140717,13:45:00.000,BBG000BHKYH4,-0.00039035451,-0.0004520489,395305
20140717,13:45:00.000,BBG000BS7KS3,-0.006735136,-0.0066951453,311563
20140717,13:45:00.000,BBG000CGT2S4,-0.042864982,-0.053534064,4637418
20140717,13:45:00.000,BBG000F7RCJ1,-0.00079686753,-0.008761751,254297
20140717,13:45:00.000,BBG000BMTFR4,-0.00080946623,0.0022930992,1056210
20140717,13:45:00.000,BBG000TJM7F0,-0.003946435,-0.0031183187,599702
20140717,13:45:00.000,BBG000BMKDM3,0.0022964426,4.981968e-08,666505
20140717,13:45:00.000,BBG000FLZN98,0.0017938255,-0.00880359,394317
20140717,13:45:00.000,BBG000BKLH74,0.00084205926,0.0007542267,2340372
20140717,13:45:00.000,BBG000BCTQ65,-0.0007485786,-0.0031536452,924786
20140717,13:45:00.000,BBG000D1QCF1,-0.004430743,-0.007984173,575286
20140717,13:45:00.000,BBG000BSXQV7,0.044080436,0.040784735,955201
20140717,13:45:00.000,BBG000BG09F5,-0.01701268,-0.027779976,607675
20140717,13:45:00.000,BBG000FLPRH1,-0.009944514,-0.014141799,459189
20140717,13:45:00.000,BBG000PV2L86,-0.003210062,-0.009290916,239419
20140717,13:45:00.000,BBG000BGYWY6,0.0004734483,-0.0070166546,299105
20140717,13:45:00.000,BBG000C060M4,0.0007897447,-0.0067145554,246436
20140717,13:45:00.000,BBG000BDXGP9,-0.005005513,-0.0077741574,1589313
20140717,13:45:00.000,BBG000BGD7W6,-0.00059410173,-0.005795207,961369
20140717,13:45:00.000,BBG000BP8Z50,-0.0011570153,-0.0032743744,512464
20140717,13:45:00.000,BBG000HW5GX3,-9.156576e-05,-0.011050638,914440
20140717,13:45:00.000,BBG000C4ZZ10,-0.0054119653,-0.01166335,218046
20140717,13:45:00.000,BBG000BNNYW1,-0.063200265,-0.06482998,9282032
20140717,13:45:00.000,BBG000BR37X2,0.0027596517,0.00040859557,1762639
20140717,13:45:00.000,BBG000BLW530,-0.0001510198,-0.001041537,694876
20140717,13:45:00.000,BBG000BF1R66,-0.0011585951,-0.0041543706,222414
20140717,13:45:00.000,BBG000BKNX95,-0.004838043,-0.00964528,1250345
20140717,13:45:00.000,BBG000BWP7D9,0.0035485898,-0.00066388596,660881
20140717,13:45:00.000,BBG000BBMSJ6,0.0070118597,-0.003722254,599616
20140717,13:45:00.000,BBG000DN7P92,0.006408525,0.0027953996,723458
20140717,13:45:00.000,BBG000BCZYD3,-0.0027599582,-0.0056298263,190261
20140717,13:45:00.000,BBG000CVWGS6,-0.008142294,-0.008690725,2758839
20140717,13:45:00.000,BBG000BLHRS2,0.00022871119,-0.0015153533,743489
20140717,13:45:00.000,BBG000BY2Y78,8.841668e-05,-0.008370521,523668
20140717,13:45:00.000,BBG000BK6G19,0.045103572,0.033282064,3466316
20140717,13:45:00.000,BBG002S5ZRF9,0.02329483,0.011588027,404373
20140717,13:45:00.000,BBG000BNC3Y9,0.0045491178,-0.005996483,512646
20140717,13:45:00.000,BBG000BTCH57,-0.0016342438,-0.011963732,608779
20140717,13:45:00.000,BBG000BB03M1,0.002942098,-0.0023236622,865290
20140717,13:45:00.000,BBG000BN84F3,-0.0037994836,-0.0030897527,682423
20140717,13:45:00.000,BBG000BB5BF6,0.006390163,-0.0015640736,973977
20140717,13:45:00.000,BBG000FDBX90,0.0043598777,0.0016059201,1442230
20140717,13:45:00.000,BBG000RGM5P1,0.010708642,0.0031767583,607445
20140717,13:45:00.000,BBG000BB5373,-0.0046986174,-0.012524876,2751923
20140717,13:45:00.000,BBG000BFDLV8,0.0020230794,-0.0028010388,935098
20140717,13:45:00.000,BBG000BGRKT6,-8.065357e-05,0.00024675825,224534
20140717,13:45:00.000,BBG000BTVJ25,-0.0066021746,-0.011058496,956790
20140717,13:45:00.000,BBG000BVMPN3,-0.0070203226,-0.013858448,835048
20140717,13:45:00.000,BBG000C2ZCH8,0.005525346,0.0019563304,419423
20140717,13:45:00.000,BBG0014GJCT9,0.0058419355,0.0027709347,776830
20140717,13:45:00.000,BBG000C11MQ5,0.0012168601,-0.015217214,489511
20140717,13:45:00.000,BBG003P9ZSL3,0.0002569762,0.002034696,460394
20140717,13:45:00.000,BBG000BX5ZF5,0.0065854425,-0.00077829655,3727289
20140717,13:45:00.000,BBG000C2V3D6,-0.014629117,-0.024225207,2925592
20140717,13:45:00.000,BBG000BQVTF5,0.0027354434,-0.0049911654,565795
20140717,13:45:00.000,BBG000D2M0Z7,-0.005701481,-0.011299743,303187
20140717,13:45:00.000,BBG000CHPY97,-0.011337947,-0.021842642,2891692
20140717,13:45:00.000,BBG000N746D6,0.01090609,-0.0023679626,1426166
20140717,13:45:00.000,BBG000M1R011,0.014565753,0.007547211,1282055
20140717,13:45:00.000,BBG000BHLYP4,0.0072365245,-0.00028880435,498076
20140717,13:45:00.000,BBG000BB6G37,0.004703484,-0.004843709,571689
20140717,13:45:00.000,BBG000BR14K5,-0.002146296,-0.0055905962,364394
20140717,13:45:00.000,BBG000PX3XC0,-0.0042807907,-0.016767893,1912569
20140717,13:45:00.000,BBG000J1QLT0,-0.0060615414,-0.005903341,508328
20140717,13:45:00.000,BBG0039320N9,-0.007970291,-0.007971585,1272401
20140717,13:45:00.000,BBG000BC4JJ4,-0.004591128,-0.0044685253,565713
20140717,13:45:00.000,BBG000BM7HL0,0.008059146,0.005684249,926758
20140717,13:45:00.000,BBG000BP1Q11,-0.0048140064,-0.008108795,425486
20140717,13:45:00.000,BBG000BF6LY3,-0.0037227157,-0.013338265,1075485
20140717,13:45:00.000,BBG000BF5RY1,0.0041168206,0.0041247355,1478639
20140717,13:45:00.000,BBG000BFTJ91,-0.007501025,-0.0073145814,938001
20140717,13:45:00.000,BBG000BR54L0,0.010826431,-0.013523626,3657976
20140717,13:45:00.000,BBG000J5Q6L2,0.008626853,-0.0012289992,2298482
20140717,13:45:00.000,BBG000BCWCG1,-0.019123213,-0.029330457,2249768
20140717,13:45:00.000,BBG000TWC2V5,-0.0031347815,-0.00693609,360142
20140717,13:45:00.000,BBG000BCYP43,-0.008804993,-0.01046009,287996
20140717,13:45:00.000,BBG000C221G9,-0.0080147,-0.018502135,889072
20140717,13:45:00.000,BBG000BZTW70,0.007912689,-0.0034402034,2332089
20140717,13:45:00.000,BBG000BKZTP3,-0.0015356661,-0.0052516465,982467
20140717,13:45:00.000,BBG000R8ZVD1,0.008822009,0.0028867517,1623719
20140717,13:45:00.000,BBG000CKVSG8,-0.017249504,-0.027454855,1261198
20140717,13:45:00.000,BBG000DNTSP4,0.0037867227,-0.0018741223,1591959
20140717,13:45:00.000,BBG000BP4MH0,0.0018873666,-0.0032666754,629970
20140717,13:45:00.000,BBG000BR3KL6,-0.003834194,-0.014205009,361513
20140717,13:45:00.000,BBG000BJQWD2,0.005034491,-0.0041468497,676480
20140717,13:45:00.000,BBG000G0Z878,-0.00018067204,-0.006858067,956088
20140717,13:45:00.000,BBG000D7RKJ5,0.0048288386,0.0021130834,935864
20140717,13:45:00.000,BBG000G9CGL0,0.0043065464,-0.003544147,410348
20140717,13:45:00.000,BBG000DTMH63,0.0039635897,-0.0048391214,2010465
20140717,13:45:00.000,BBG0029BK2G7,-0.014078021,-0.020247642,764402
20140717,13:45:00.000,BBG000G3QLY3,0.00303263,-0.0055238986,301840
20140717,13:45:00.000,BBG000BP0KQ8,0.0026755698,0.0013470777,2041485
20140717,13:45:00.000,BBG001NVJ6W4,-0.039777514,-0.053697366,4272073
20140717,13:45:00.000,BBG000BSBZH7,0.0036291468,0.0054712472,2789156
20140717,13:45:00.000,BBG000BHGCD1,-0.00090418034,-0.011489908,355764
20140717,13:45:00.000,BBG000BL9JQ1,-0.0036526546,-0.009278732,711681
20140717,13:45:00.000,BBG000BH5DV1,-0.002275731,-0.0021459293,469284
20140717,13:45:00.000,BBG000QW7VC1,0.01182629,0.011477143,4464776
20140717,13:45:00.000,BBG000DQTXY6,-0.0065243305,-0.030774323,3279634
20140717,13:45:00.000,BBG000QY3XZ2,-0.0025959967,-0.01574915,895609
20140717,13:45:00.000,BBG000BBBNC6,0.013582618,0.008716667,1091519
20140717,13:45:00.000,BBG000F15NW9,-0.00017030885,-0.0025867156,908566
20140717,13:45:00.000,BBG000BNNKG9,-0.0009207492,-0.012175051,1653581
20140717,13:45:00.000,BBG000BFXHL6,-0.0023136889,-0.0012550991,1142517
20140717,13:45:00.000,BBG000BRRG02,0.00916827,0.008883652,636888
20140717,13:45:00.000,BBG000BHLYS1,0.002405208,-0.0015883724,698217
20140717,13:45:00.000,BBG000CGQ6M4,-0.009837472,-0.0073058275,420980
20140717,13:45:00.000,BBG000C1S2X2,0.008281749,-0.00893459,764072
20140717,13:45:00.000,BBG000C7LMS8,-0.0041301977,-0.008848484,42328
20140717,13:45:00.000,BBG000MDCQC2,-0.00035192058,-0.0005472275,625191
20140717,13:45:00.000,BBG000JG0547,0.004162054,-0.0025471018,433178
20140717,13:45:00.000,BBG000CJZ2W6,0.013736394,0.0012827961,1006940
20140717,13:45:00.000,BBG0020B4JG7,0.005347343,-0.005783663,1956107
20140717,13:45:00.000,BBG000BNFLM9,-0.0042147865,-0.0011942717,581279
20140717,13:45:00.000,BBG000BCBCM7,-0.0015180806,-0.012505311,3137684
20140717,13:45:00.000,BBG000CS7CT9,0.011414346,0.006585881,1344474
20140717,13:45:00.000,BBG000MZFMS2,-0.00517508,-0.013503005,612648
20140717,13:45:00.000,BBG000BKQ3V3,0.005561657,-0.003609503,1214638
20140717,13:45:00.000,BBG000BLCPY4,-0.0044762967,-0.01557307,327616
20140717,13:45:00.000,BBG000BC15S7,0.0034921777,-0.0010603868,460682
20140717,13:45:00.000,BBG000FKJRC5,0.001699576,-0.0036598567,526014
20140717,13:45:00.000,BBG000BRJ809,0.00090853864,0.0025287967,427036
20140717,13:45:00.000,BBG000C2PW58,-0.0019489607,-0.011042144,416580
20140717,13:45:00.000,BBG000BCVMH9,0.030814484,0.030539293,1297001
20140717,13:45:00.000,BBG000BQ2C28,0.0073175263,0.002918627,416402
20140717,13:45:00.000,BBG000BBJQV0,0.016285693,0.003616279,3305880
20140717,13:45:00.000,BBG000G2R6M0,0.00914795,0.02153682,3073004
20140717,13:45:00.000,BBG000BTKGG8,-0.013141579,-0.024785994,2282387
20140717,13:45:00.000,BBG000BMQPL1,-0.025578128,-0.034543626,12777724
20140717,13:45:00.000,BBG000BMF5J0,-0.00034972045,-0.013801448,5108603
20140717,13:45:00.000,BBG000BB6WG8,0.0025445246,-0.0025120394,1278101
20140717,13:45:00.000,BBG000BM6788,-0.0013458256,-0.013119136,1092108
20140717,13:45:00.000,BBG000FVXD63,-0.019274078,-0.029253175,1995975
20140717,13:45:00.000,BBG000C3HSR0,0.011349329,-0.0005674915,1542817
20140717,13:45:00.000,BBG000BN5HF7,-0.012774826,-0.025309699,1167182
20140717,13:45:00.000,BBG001QD41M9,-0.0020269167,-0.009267584,909309
20140717,13:45:00.000,BBG000CXYSZ6,0.0071142907,0.0071579516,407895
20140717,13:45:00.000,BBG000BVMGF2,0.004964898,0.00017195249,959332
20140717,13:45:00.000,BBG0019JZ882,0.006724164,-0.001354546,6394491
20140717,13:45:00.000,BBG000BKPL53,-0.008130104,-0.009830775,427000
20140717,13:45:00.000,BBG000PYZSR8,-0.0077184555,-0.0038721522,894944
20140717,13:45:00.000,BBG000F0KF42,-0.010270785,-0.01826899,1582045
20140717,13:45:00.000,BBG000FW00S1,-0.017652491,-0.026502006,4143703
20140717,13:45:00.000,BBG000BYYLS8,-0.016608568,-0.025495162,3200153
20140717,13:45:00.000,BBG000BB6M98,-0.0049133417,-0.0052756825,1267440
20140717,13:45:00.000,BBG000D8RG11,-0.0119917905,-0.019157503,3818990
20140717,13:45:00.000,BBG000CHWP52,0.017282212,0.020118566,2374565
20140717,13:45:00.000,BBG000D6L294,-0.0036310041,-0.015421383,629079
20140717,13:45:00.000,BBG000C3Y7J6,0.00117103,-0.00042548086,407299
20140717,13:45:00.000,BBG000BM5SR2,-0.0043354607,-0.012378663,2771288
20140717,13:45:00.000,BBG000BS0ZF1,-0.0039108233,-0.0034168402,256670
20140717,13:45:00.000,BBG000C0F570,0.0032957334,-0.00619728,1007865
20140717,13:45:00.000,BBG000C90DH9,-0.010856511,-0.0072593656,3553508
20140717,13:45:00.000,BBG000BVWLJ6,-0.0042455406,-0.010564319,1101126
20140717,13:45:00.000,BBG000BRK7L6,0.0010932534,-0.007207103,1687329
20140717,13:45:00.000,BBG000BZ2GG4,0.0024088866,-0.0027296103,678051
20140717,13:45:00.000,BBG000BVL2G3,0.0014278062,-0.008035936,612922
20140717,13:45:00.000,BBG000C2YHG9,-0.012809962,-0.011375068,756157
20140717,13:45:00.000,BBG001BPFT54,0.015393123,-0.0060139704,1584392
20140717,13:45:00.000,BBG000BH2JM1,0.01047547,0.012662346,2301065
20140717,13:45:00.000,BBG000BPVCR1,0.004180644,0.00036913485,514704
20140717,13:45:00.000,BBG002BHBHM1,0.0009461061,-0.0033275683,935058
20140717,13:45:00.000,BBG000Q3JN03,-0.016863255,-0.029176107,13160269
20140717,13:45:00.000,BBG000BPT0C6,-0.014204484,-0.024298832,1269307
20140717,13:45:00.000,BBG000BQWPC5,-0.0018787185,-0.006950611,949130
20140717,13:45:00.000,BBG000BQ5DS5,-0.0026358645,-0.003515335,719947
20140717,13:45:00.000,BBG000DY8ZS4,0.006447969,-0.001310482,4513087
20140717,13:45:00.000,BBG000R8L7J3,-0.01384805,-0.022230098,6553616
20140717,13:45:00.000,BBG000BS9489,-0.0059221936,-0.0020310844,912118
20140717,13:45:00.000,BBG000D898T9,0.0067377943,0.001761312,686116
20140717,13:45:00.000,BBG000BFL116,0.00014340294,-0.017177457,1371378
20140717,13:45:00.000,BBG001YMS0B8,-0.007587552,-0.011002415,938470
20140717,13:45:00.000,BBG000QBR5J5,0.00648536,0.00085953606,1774227
20140717,13:45:00.000,BBG000BHC2S1,-0.009327567,-0.013852337,854255
20140717,13:45:00.000,BBG000BX3TD3,0.007233539,-0.0048407884,3276671
20140717,13:45:00.000,BBG000C1FQS9,-0.005773554,-0.007570017,715409
20140717,13:45:00.000,BBG000BLKK03,0.017542424,0.04347779,1107147
20140717,13:45:00.000,BBG000BKCFC2,0.0017549415,-0.0013176707,1533355
20140717,13:45:00.000,BBG000C4DPX1,0.0038633458,-0.009437638,957374
20140717,13:45:00.000,BBG000BHZ5J9,-0.026083868,-0.033492375,1387402
20140717,13:45:00.000,BBG000KLB4Q1,-0.015137779,-0.026577214,2955141
20140717,13:45:00.000,BBG000BMBL90,-0.007509634,-0.012344464,1131620
20140717,13:45:00.000,BBG000C2BXK4,0.0009248537,-0.008999968,4200985
20140717,13:45:00.000,BBG000H0QBS7,0.0035594509,0.00022572308,2547897
20140717,13:45:00.000,BBG000BQZMH4,-0.000106284744,-0.0034529835,2038215
20140717,13:45:00.000,BBG000BLBXT4,-0.0032451812,-0.0099432375,1046880
20140717,13:45:00.000,BBG000BJ2VQ6,0.0036161728,-0.0068412703,1151395
20140717,13:45:00.000,BBG000BMY992,0.0044168076,0.00020269168,1067060
20140717,13:45:00.000,BBG000BXM6V2,0.006284122,-0.002004471,940486
20140717,13:45:00.000,BBG000BWSV34,-0.0014505602,-0.009139464,561479
20140717,13:45:00.000,BBG000BKFBD7,0.0040701265,-0.0034574193,1012309
20140717,13:45:00.000,BBG000FP1N32,0.009597819,0.0032409937,1874129
20140717,13:45:00.000,BBG000BT4T69,0.0066830744,-0.00015923071,1317891
20140717,13:45:00.000,BBG000BFMBQ6,-0.011677623,0.01405,2245218
20140717,13:45:00.000,BBG000C0HQ54,-0.0044614915,-0.009810945,521491
20140717,13:45:00.000,BBG000C0LW92,-0.01528372,-0.018655477,3439073
20140717,13:45:00.000,BBG000BVPPM1,-0.0050499113,-0.010253131,933273
20140717,13:45:00.000,BBG000BMW2Z0,-0.0045316457,-0.008754588,624976
20140717,13:45:00.000,BBG000BPWXK1,-0.0051465817,0.007935042,3560386
20140717,13:45:00.000,BBG000GC80B4,-0.005013561,-0.007815819,4221812
20140717,13:45:00.000,BBG000BXWBN9,0.00730833,0.004425051,1831601
20140717,13:45:00.000,BBG000BY33P5,0.0019102156,0.004613821,4412445
20140717,13:45:00.000,BBG000R7RDB4,0.0004156221,-0.010584306,565451
20140717,13:45:00.000,BBG000MBDGM6,0.001427362,-0.004072507,142312
20140717,13:45:00.000,BBG000BGLRN3,-0.00031440452,-0.0040416676,768897
20140717,13:45:00.000,BBG000BWJFZ4,0.024126416,0.028193051,819883
20140717,13:45:00.000,BBG000BGVW60,0.0019808062,-0.0020780996,559011
20140717,13:45:00.000,BBG000BNJHS8,0.0032642053,-0.00963099,2868418
20140717,13:45:00.000,BBG000DKCC19,-0.00068193744,-0.004842678,989892
20140717,13:45:00.000,BBG000BXMFC3,0.03481891,0.023409821,2243414
20140717,13:45:00.000,BBG000BSD7C2,0.0030993032,0.0019025205,508650
20140717,13:45:00.000,BBG000BSLZY7,-0.0029769917,-0.014873805,2995422
20140717,13:45:00.000,BBG000BMDV41,0.001237583,-0.0067466972,2399796
20140717,13:45:00.000,BBG001C7TST4,0.00053381623,-0.006660804,954236
20140717,13:45:00.000,BBG000BRJL00,0.002463892,-0.001189114,1011045
20140717,13:45:00.000,BBG000BRD0D8,-0.006939208,-0.018138584,2257381
20140717,13:45:00.000,BBG000BND699,-0.0037595362,-0.018796377,1510593
20140717,13:45:00.000,BBG000BB9KF2,-0.0014365782,-0.0034126828,886582
20140717,13:45:00.000,BBG000C1BW00,0.011327225,0.004673571,702460
20140717,13:45:00.000,BBG000BTZQC4,0.00407367,0.007532729,2034935
20140717,13:45:00.000,BBG000BWNFZ9,-0.01589849,-0.023314066,1731321
20140717,13:45:00.000,BBG000BJ98Z0,0.0015428757,-0.0064538773,658719
20140717,13:45:00.000,BBG000CNFQW6,-0.009941155,-0.01767223,628597
20140717,13:45:00.000,BBG000BGPTV6,-0.00024539483,-0.008267887,472315
20140717,13:45:00.000,BBG000BB07P9,-0.003350231,0.0068811323,7014265
20140717,13:45:00.000,BBG000C1FB75,0.012828606,0.007492778,656210
20140717,13:45:00.000,BBG001M8HHB7,0.016093303,6.455415e-07,676723
20140717,13:45:00.000,BBG000DHSPT0,0.0046061054,0.008413557,2013549
20140717,13:45:00.000,BBG000FQ6PY6,0.0022343323,0.0013402309,1219148
20140717,13:45:00.000,BBG000BBDV81,-0.0006786768,-0.008602502,1865929
20140717,13:45:00.000,BBG000VC0T95,-0.0071541835,-0.015080211,1206612
20140717,13:45:00.000,BBG000BKFZM4,0.0023618396,-0.0050418545,2617124
20140717,13:45:00.000,BBG000D13GN8,-0.020008855,-0.034594063,870609
20140717,13:45:00.000,BBG000C0MF34,-0.0053679473,-0.0012610896,350959
20140717,13:45:00.000,BBG000BFNR17,0.018544175,0.008867299,814342
20140717,13:45:00.000,BBG000BK67C7,0.0013746597,-0.0033619013,375340
20140717,13:45:00.000,BBG000FJLFX8,0.0040989523,0.027147315,2097669
20140717,13:45:00.000,BBG000BH5LT6,-0.009197752,-0.021144819,2998741
20140717,13:45:00.000,BBG000BD8PN9,0.0067315665,-0.001574601,2357345
20140717,13:45:00.000,BBG000BH3GZ2,-0.045126792,-0.05466191,8923216
20140717,13:45:00.000,BBG000BB5006,-0.00056082883,-0.0049742814,1039042
20140717,13:45:00.000,BBG000BTR593,-0.03390583,-0.039876,4362402
20140717,13:45:00.000,BBG000BRWGG9,0.0021920817,-0.004234728,16771564
20140717,13:45:00.000,BBG000BJ3PD2,-0.00405957,-0.010951209,870516
20140717,13:45:00.000,BBG000CSY9H9,0.011081542,0.0044357814,2582469
20140717,13:45:00.000,BBG000FNRZ69,-0.01440874,-0.01918184,3280022
20140717,13:45:00.000,BBG000C734W3,-0.0029334917,-0.020450609,415788
20140717,13:45:00.000,BBG000BCGY17,0.004412294,0.0027472351,2303521
20140717,13:45:00.000,BBG000BCVJ77,0.005021825,0.0049618003,1428581
20140717,13:45:00.000,BBG000C46HM9,0.00034363993,-0.0017512795,1306456
20140717,13:45:00.000,BBG000BJPDZ1,0.014525448,0.0103877615,294349
20140717,13:45:00.000,BBG000BJL3N0,-0.042670935,-0.051057,14587934
20140717,13:45:00.000,BBG000BGJRC8,-0.0036085027,-0.0044910675,3553390
20140717,13:45:00.000,BBG000BBD070,0.002742912,-0.0034265043,1406275
20140717,13:45:00.000,BBG000BFQYY3,-0.00013767304,-0.006048717,1159932
20140717,13:45:00.000,BBG000BPQD31,0.0045888685,9.661403e-05,2121958
20140717,13:45:00.000,BBG000BJ81C1,-0.0011145506,-0.004863951,474063
20140717,13:45:00.000,BBG000B9WH86,0.003020746,-0.010249741,13692305
20140717,13:45:00.000,BBG000D42FJ0,0.022432122,0.0077462336,1224312
20140717,13:45:00.000,BBG000BHX7N2,-0.0027425697,-0.010445956,1763460
20140717,13:45:00.000,BBG000BH3JF8,-0.02844916,-0.046584647,6608618
20140717,13:45:00.000,BBG000JWD753,-0.0022067055,-0.012625585,6945117
20140717,13:45:00.000,BBG000BHGDH5,0.0062144627,0.003591366,1344053
20140717,13:45:00.000,BBG0014GG205,-0.0037465976,-0.021434208,3211218
20140717,13:45:00.000,BBG000G30YX4,0.0037602384,-0.014486435,829075
20140717,13:45:00.000,BBG000BCG930,-0.0048398552,0.020634502,2295387
20140717,13:45:00.000,BBG000BWVCP8,0.0013884333,-0.0052240174,1993534
20140717,13:45:00.000,BBG000C3GN47,-0.019535024,-0.028254246,3541550
20140717,13:45:00.000,BBG000BT9DW0,0.004903903,0.0008930516,2174666
20140717,13:45:00.000,BBG000BV8DN6,-0.0032991453,-0.003992909,3179289
20140717,13:45:00.000,BBG0029SNR63,0.018501762,0.017569417,3939028
20140717,13:45:00.000,BBG000HCJMF9,0.0016458263,-0.008586315,868200
20140717,13:45:00.000,BBG000D9D830,0.0044070585,-7.628116e-07,1089435
20140717,13:45:00.000,BBG000F6H8W8,-0.004934567,-0.008528351,690710
20140717,13:45:00.000,BBG000B9ZXB4,0.041994065,0.039225258,7920478
20140717,13:45:00.000,BBG000BVDLH9,0.014617414,0.0054522743,1720296
20140717,13:45:00.000,BBG000BBVJZ8,-0.006952674,-0.01720246,2301388
20140717,13:45:00.000,BBG000BWXBC2,0.003348382,-0.00064976886,1961214
20140717,13:45:00.000,BBG000WCFV84,0.0030301518,0.0055314424,1218583
20140717,13:45:00.000,BBG000BFDXW1,0.0074266326,-0.00495103,1934376
20140717,13:45:00.000,BBG000DYGNW7,0.008287919,0.0066079996,525850
20140717,13:45:00.000,BBG000BNBDC2,0.0012376042,-0.0012741587,1278060
20140717,13:45:00.000,BBG000BJSBJ0,0.0015776011,-0.0023812759,657199
20140717,13:45:00.000,BBG000BJF1Z8,-0.0010791376,-0.009200156,1235569
20140717,13:45:00.000,BBG000BY29C7,0.009562742,0.010067372,3118201
20140717,13:45:00.000,BBG000BH13K9,0.0010616187,0.0018461145,2168660
20140717,13:45:00.000,BBG000BH1NH9,-0.008893322,-0.014421738,2051385
20140717,13:45:00.000,BBG000BLZRJ2,0.006631179,-0.0030774917,11706873
20140717,13:45:00.000,BBG000BVV7G1,0.0015138697,-0.009786166,2447205
20140717,13:45:00.000,BBG000BL4504,-0.014934012,-0.025147544,4743320
20140717,13:45:00.000,BBG000BB6KF5,0.0013698912,-0.0085789915,2190544
20140717,13:45:00.000,BBG000DSMS70,0.010057273,-0.008592431,453639
20140717,13:45:00.000,BBG000C8H633,-0.000117050084,-0.009439782,2106526
20140717,13:45:00.000,BBG001DCCGR8,-0.004235365,-0.013069966,1495688
20140717,13:45:00.000,BBG000QX74T1,0.003046929,-0.009610031,254918
20140717,13:45:00.000,BBG000M65M61,-0.0024480082,-0.017931458,5248051
20140717,13:45:00.000,BBG000F80SZ5,0.021868281,0.00980988,8951693
20140717,13:45:00.000,BBG000C5HS04,0.00012874535,-0.0034464428,2468800
20140717,13:45:00.000,BBG000H556T9,-0.0013830593,-0.0049277283,1925036
20140717,13:45:00.000,BBG000NV1KK7,-0.013514058,-0.014758023,2640958
20140717,13:45:00.000,BBG000L9CV04,-0.005179193,-0.014398521,1458824
20140717,13:45:00.000,BBG000BXRPH1,0.009889751,-0.003699901,523144
20140717,13:45:00.000,BBG000BNDN65,0.0017204572,-0.0052451915,2635504
20140717,13:45:00.000,BBG000BGKTF9,-0.0111361295,-0.017186744,1966567
20140717,13:45:00.000,BBG00286S4N9,-0.0044594947,-0.01026317,1165376
20140717,13:45:00.000,BBG000H89QJ6,-0.010813916,-0.007769073,930307
20140717,13:45:00.000,BBG000BNWG87,-0.010578866,-0.012872374,4405068
20140717,13:45:00.000,BBG000BJX8C8,0.00016700802,-0.004628051,1616283
20140717,13:45:00.000,BBG000BD4VG8,-0.009565512,-0.017273214,2907188
20140717,13:45:00.000,BBG000D4LWF6,0.0023532282,-0.0007866212,3576309
20140717,13:45:00.000,BBG000FL1TC8,-0.00771338,-0.0028784599,1334134
20140717,13:45:00.000,BBG000FFDM15,-0.0038753434,-0.011522924,6638625
20140717,13:45:00.000,BBG000BBPFB9,0.0050581857,0.0065653967,7169349
20140717,13:45:00.000,BBG000BN2DC2,-0.00951409,-0.013717194,1680273
20140717,13:45:00.000,BBG000BCQZS4,-0.0028451693,-0.010374336,1412285
20140717,13:45:00.000,BBG000CPQZ77,0.00998521,0.00384044,4667626
20140717,13:45:00.000,BBG000BP52R2,0.0062355516,-0.013549584,1585897
20140717,13:45:00.000,BBG000J6XT05,-0.019040784,-0.022771817,5353174
20140717,13:45:00.000,BBG000BJDB15,-0.016730553,-0.0056655454,4356075
20140717,13:45:00.000,BBG000LD9JQ8,-0.0095500685,-0.017589556,1373560
20140717,13:45:00.000,BBG000FG3C43,-0.12065603,-0.12966679,20072492
20140717,13:45:00.000,BBG000BC2C10,0.008876592,-0.0005003753,1866834
20140717,13:45:00.000,BBG000BGRY34,0.0030955053,-0.0036481104,1063937
20140717,13:45:00.000,BBG000CTQBF3,0.0019125101,-0.007621102,2041306
20140717,13:45:00.000,BBG000H8TVT2,0.00014204014,-0.0042391066,2280741
20140717,13:45:00.000,BBG0025Y4RY4,0.015249651,0.010066176,11198127
20140717,13:45:00.000,BBG000F1ZSQ2,-0.008721882,-0.01794487,2485834
20140717,13:45:00.000,BBG000CH5208,0.012993023,0.029915823,4256861
20140717,13:45:00.000,BBG000KHWT55,-0.0027722619,-0.008903776,5631699
20140717,13:45:00.000,BBG000BFWKC0,0.006885605,0.0017484296,1574535
20140717,13:45:00.000,BBG000BP6LJ8,-0.0025785267,-0.00286996,3321884
20140717,13:45:00.000,BBG000BW8S60,-0.0027068353,-0.0070402874,2491708
20140717,13:45:00.000,BBG000BWLMJ4,0.00040979823,-0.0087522445,2130829
20140717,13:45:00.000,BBG000Q2HM09,0.0034159876,-0.011985605,1851277
20140717,13:45:00.000,BBG000BW3299,-0.0032772375,-0.0047178925,1146568
20140717,13:45:00.000,BBG000BC40Y8,-0.017853227,-0.02754908,3219408
20140717,13:45:00.000,BBG000BBS2Y0,0.0003076942,-0.011553484,1392107
20140717,13:45:00.000,BBG000DWG505,-0.00343141,-0.007184516,1276149
20140717,13:45:00.000,BBG000BQQ2S6,-0.0024050877,-0.010224052,1455006
20140717,13:45:00.000,BBG000BZ9223,0.006841875,-0.004652945,1285196
20140717,13:45:00.000,BBG000DH7JK6,0.00022314218,-0.0009949947,1282667
20140717,13:45:00.000,BBG000BHVJJ3,0.0030096394,-0.0044453642,7010514
20140717,13:45:00.000,BBG000J2XL74,0.007944552,0.008327357,3341648
20140717,13:45:00.000,BBG000C17X76,0.012583383,-0.003950605,1015943
20140717,13:45:00.000,BBG000BHBK84,0.0012126928,-0.0049945377,2088809
20140717,13:45:00.000,BBG000Q9HH23,0.014527893,0.0039626514,876150
20140717,13:45:00.000,BBG000F0PF65,0.032676153,0.035905797,21145250
20140717,13:45:00.000,BBG000BF0K17,-0.0036324472,-0.008808079,1683337
20140717,13:45:00.000,BBG000C15T95,-0.002454115,-0.0019717359,3356849
20140717,13:45:00.000,BBG000NDYB67,0.0011105803,-0.004003011,6713470
20140717,13:45:00.000,BBG000DWYF03,-0.0010856012,-0.0009094616,25461268
20140717,13:45:00.000,BBG000C6CFJ5,0.0050624385,-0.0025810758,2506211
20140717,13:45:00.000,BBG000BKTFN2,-0.0044313325,-0.012106033,3515895
20140717,13:45:00.000,BBG000BBGGQ1,-0.009924278,-0.017777268,3851662
20140717,13:45:00.000,BBG000DLFM21,,,1821626
20140717,13:45:00.000,BBG000BBDZG3,-0.0041780993,-0.0014538637,3479362
20140717,13:45:00.000,BBG000DQLV23,0.00017096753,-0.0047134575,2823438
20140717,13:45:00.000,BBG000BCSST7,0.0018192562,-0.00039191087,2848459
20140717,13:45:00.000,BBG000BQLTW7,0.0068713115,0.0052165235,14270143
20140717,13:45:00.000,BBG000BQPC32,0.00656168,0.005059736,32099212
20140717,13:45:00.000,BBG000BFC8J2,-0.0042933747,-0.018304326,2126420
20140717,13:45:00.000,BBG000BQQH30,0.00078912417,-0.0075045135,2916105
20140717,13:45:00.000,BBG000BMX289,-0.0021526301,-0.002376233,3826200
20140717,13:45:00.000,BBG000BNSZP1,0.0019124326,-0.0046355,2327489
20140717,13:45:00.000,BBG005P7Q881,-0.008516479,-0.021854222,8200153
20140717,13:45:00.000,BBG000FH8PX5,,,827202
20140717,13:45:00.000,BBG000R7Z112,-0.004870339,-0.019537777,10351383
20140717,13:45:00.000,BBG000BH4R78,0.0076861354,0.0030454383,3832840
20140717,13:45:00.000,BBG000BKZB36,0.001962846,-0.0032634279,2445506
20140717,13:45:00.000,BBG000BPD168,0.0023209853,-0.00086137943,3001875
20140717,13:45:00.000,BBG000BHQ1H0,0.010734085,0.006333,769503
20140717,13:45:00.000,BBG000C496P7,,,19485388
20140717,13:45:00.000,BBG000C43RR5,0.023903305,0.018542437,13895668
20140717,13:45:00.000,BBG000BT41Q8,0.0026759373,-0.00681998,3118776
20140717,13:45:00.000,BBG000PSKYX7,-0.0050519053,-0.015255182,1343225
20140717,13:45:00.000,BBG000BR2TH3,0.0034225595,-0.002595259,3074141
20140717,13:45:00.000,BBG000GFFQN9,-0.006412879,-0.018646887,24629418
20140717,13:45:00.000,BBG000CGC1X8,-0.014841368,-0.012812213,6543214
20140717,13:45:00.000,BBG000BMHYD1,-0.0042694313,-0.007829326,4814283
20140717,13:45:00.000,BBG000BFT2L4,-0.010042944,-0.008902378,7717998
20140717,13:45:00.000,BBG000HS77T5,-0.0014493968,-0.007752096,5555352
20140717,13:45:00.000,BBG000K4ND22,0.0044520632,-0.0022919811,2193431
20140717,13:45:00.000,BBG000C3J3C9,-0.009632508,-0.0065441905,16654093
20140717,13:45:00.000,BBG000BK6MB5,0.004085343,-0.011112464,20756194
20140717,13:45:00.000,BBG000BWQFY7,0.007723779,-0.003908061,11680069
20140717,13:45:00.000,BBG000BLNNH6,0.008395436,0.006471872,4341389
20140717,13:45:00.000,BBG000H6HNW3,-0.0037246554,-0.014161648,15250347
20140717,13:45:00.000,BBG000DMBXR2,0.0034746071,-0.0073249023,8179549
20140717,13:45:00.000,BBG000BSJK37,0.0014486068,-0.005213294,9682191
20140717,13:45:00.000,BBG000FY4S11,0.0075500295,-0.0032122962,14008656
20140717,13:45:00.000,BBG000C5Z1S3,-0.026607428,-0.041275807,23358736
20140717,13:45:00.000,BBG000BR2B91,-0.00044492175,-0.004200157,19034492
20140717,13:45:00.000,BBG000N9MNX3,0.012160927,0.0011508476,2777767
20140717,13:45:00.000,BBG000C0G1D1,-0.009161416,-0.019339334,47787852
20140717,13:45:00.000,BBG002W96FT9,-0.007653395,-0.017070515,1302715
20140717,13:45:00.000,BBG000BLBVN4,-0.0010667793,-0.011728331,489707
20140717,13:45:00.000,BBG000CKGBP2,0.0040133693,-0.011438354,8216867
20140717,13:45:00.000,BBG000GZQ728,-1.2984048e-05,-0.0060721086,3385372
20140717,13:45:00.000,BBG000BVPV84,0.006671781,-0.0091870865,2206338
20140717,13:45:00.000,BBG000BPH459,0.01862843,0.018154312,56942248
20140717,13:45:00.000,BBG000BCTLF6,-0.002237415,-0.016123602,59492316
20140717,13:45:00.000,BBG000BHSKN9,-0.006896647,-0.015709674,1386864
20140717,13:45:00.000,BBG000CL9VN6,0.0067181014,-0.0047576604,1310533
20140717,13:45:00.000,BBG000MM2P62,0.0059966045,-0.0076874183,24349572
20140717,13:45:00.000,BBG000B9XRY4,-0.0066864286,-0.012872308,32363792
20140717,14:00:00.000,BBG000PCQQL6,-0.0014042377,-0.0038306627,1150345
20140717,14:00:00.000,BBG000BJP882,-0.009933573,-0.007076789,581733
20140717,14:00:00.000,BBG000BMFFQ0,0.0004917707,0.00018448131,442619
20140717,14:00:00.000,BBG000K1J931,0.01107665,-0.011956302,1582046
20140717,14:00:00.000,BBG000BQ87N0,-0.0017138326,-0.002637971,378037
20140717,14:00:00.000,BBG000BBCQD7,0.0049782908,0.0023627293,2695352
20140717,14:00:00.000,BBG000BQHGR6,-0.0007120587,-0.0056854673,400078
20140717,14:00:00.000,BBG000C75N77,-0.012817381,-0.024564838,951781
20140717,14:00:00.000,BBG000BJ8YN7,0.00090071466,-0.004393612,1320927
20140717,14:00:00.000,BBG000BLXZN1,0.01500124,0.007874675,1553927
20140717,14:00:00.000,BBG000BV4XJ1,0.010104356,-0.0065067275,236050
20140717,14:00:00.000,BBG000QKPTS5,0.0210654,0.011998736,617961
20140717,14:00:00.000,BBG000BV75B7,-0.0022686152,-0.0101392865,269009
20140717,14:00:00.000,BBG000CB8Q50,-0.0027477108,-0.002010612,450567
20140717,14:00:00.000,BBG000BNPSQ9,-0.0031113324,-0.023058735,963944
20140717,14:00:00.000,BBG000H4YVR7,-0.012487098,-0.02789036,489434
20140717,14:00:00.000,BBG000JB27Y9,0.001838818,-0.00045111193,354049
20140717,14:00:00.000,BBG000BVHBM1,0.003804469,-0.020129295,1006172
20140717,14:00:00.000,BBG000BQSQ38,0.0013144332,-0.0052189087,795604
20140717,14:00:00.000,BBG001XJRMF5,-0.01392069,-0.0049382225,726068
20140717,14:00:00.000,BBG000BNGTQ7,0.00074773136,0.0004360632,1048888
20140717,14:00:00.000,BBG000B9X8C0,0.0017084242,-0.00025178792,446301
20140717,14:00:00.000,BBG000GPXKX9,-0.0076321005,-0.014105769,322167
20140717,14:00:00.000,BBG000BV7LP7,0.0019934976,-0.0002886183,525394
20140717,14:00:00.000,BBG001NY45K9,-0.029740373,-0.041961085,2780081
20140717,14:00:00.000,BBG000L8CBX4,-0.0052300678,-0.0042379415,128809
20140717,14:00:00.000,BBG000BHCP19,0.010665082,-0.001025679,436047
20140717,14:00:00.000,BBG000JKCWS0,-0.0023017968,-0.0048635164,162662
20140717,14:00:00.000,BBG000CPHYL4,-0.0041656042,-0.0050291074,992337
20140717,14:00:00.000,BBG000F86GP6,0.0041346643,-0.003048745,215101
20140717,14:00:00.000,BBG000V31J96,0.00044823124,-0.005300569,1560485
20140717,14:00:00.000,BBG000BWVSR1,-0.0033468686,-0.0069434857,402965
20140717,14:00:00.000,BBG000DLVDK3,0.008364006,0.0245601,1280080
20140717,14:00:00.000,BBG003641015,-0.0006642977,-0.006245017,550931
20140717,14:00:00.000,BBG000BQD1J2,0.0032514683,0.0027637014,20892652
20140717,14:00:00.000,BBG000BWXL85,-0.007871376,-0.009483217,497511
20140717,14:00:00.000,BBG001J1QN87,-0.006197557,-0.023580853,299897
20140717,14:00:00.000,BBG000BFJ645,0.0021828557,-0.0058966125,3303803
20140717,14:00:00.000,BBG000BPZBB6,0.0025678296,-0.0010337956,427368
20140717,14:00:00.000,BBG000RNTSX0,0.0069592237,0.002464081,580240
20140717,14:00:00.000,BBG000C23KJ3,0.003772532,-0.0032800077,1826457
20140717,14:00:00.000,BBG000CZWZ05,0.023666175,0.006209641,1275823
20140717,14:00:00.000,BBG000CR90K4,0.01032724,-0.005017675,21006106
20140717,14:00:00.000,BBG000BBL0Y1,-0.00039963628,-0.011122997,825658
20140717,14:00:00.000,BBG000BKQG80,0.0031742654,-0.003192076,528795
20140717,14:00:00.000,BBG000K14Q84,-0.0015445645,-0.011376877,2257788
20140717,14:00:00.000,BBG000Q0BPZ4,0.0010908706,-0.010066751,643984
20140717,14:00:00.000,BBG000BHB3M6,-0.0022642773,-0.012075189,1053903
20140717,14:00:00.000,BBG000BLMZK6,-0.008531216,-0.018062769,825311
20140717,14:00:00.000,BBG000QFJ7H3,0.008723219,-0.0027071652,683034
20140717,14:00:00.000,BBG000BLDV98,-0.0033399863,-0.010133483,800092
20140717,14:00:00.000,BBG000PLXQQ3,0.023669194,0.02173775,3765309
20140717,14:00:00.000,BBG000BGYMH7,0.0074647474,-0.0052823103,288202
20140717,14:00:00.000,BBG000H9G7X2,-0.005040695,-0.010319629,1202818
20140717,14:00:00.000,BBG000BRZJR8,0.029477032,0.010099547,1720736
20140717,14:00:00.000,BBG000BJDPC2,-0.007803174,-0.008952642,605049
20140717,14:00:00.000,BBG000BDY3Y7,-0.003708947,-0.0067015854,1480000
20140717,14:00:00.000,BBG000BPNP00,0.0051303655,-0.0038752693,1014867
20140717,14:00:00.000,BBG000BBB3K1,0.0034739196,0.0018915719,1940615
20140717,14:00:00.000,BBG000BFV115,-0.0051350403,-0.01571581,619149
20140717,14:00:00.000,BBG000CXD6X9,-0.005836346,-0.007607957,1019910
20140717,14:00:00.000,BBG000QN4GY3,-0.016226413,-0.022881385,1311791
20140717,14:00:00.000,BBG000BWCKB6,-0.008795728,-0.0084573645,1351032
20140717,14:00:00.000,BBG000BKXFN7,-0.0005193422,-0.012623746,1050117
20140717,14:00:00.000,BBG000F9KJN4,-0.0062505226,-0.011695779,972198
20140717,14:00:00.000,BBG000BQV1S2,0.0019194226,-0.011754221,451337
20140717,14:00:00.000,BBG000BTQR96,-0.00046313542,-0.008985187,609445
20140717,14:00:00.000,BBG000F6ZWH2,-0.0037383754,-0.010327587,791372
20140717,14:00:00.000,BBG000BMZ7P7,0.0039996128,-4.3422653e-05,791969
20140717,14:00:00.000,BBG000BB29X4,0.003738466,0.0009841433,395010
20140717,14:00:00.000,BBG000BBCDZ2,-0.007197464,-0.013307166,362911
20140717,14:00:00.000,BBG000C6F3T8,0.016873121,0.0059107104,17416048
20140717,14:00:00.000,BBG000BFVXX0,0.0013672141,0.00033056337,647211
20140717,14:00:00.000,BBG000G6BN50,-0.00346459,-0.0122768525,213570
20140717,14:00:00.000,BBG000BRXP69,-0.0009765659,-0.0047461,466919
20140717,14:00:00.000,BBG000BPMH90,0.017753283,0.0075030886,1272305
20140717,14:00:00.000,BBG000D9DMK0,-0.0005117691,0.00032871446,853942
20140717,14:00:00.000,BBG000D14WM3,0.00288233,-0.010175655,6743900
20140717,14:00:00.000,BBG000PVRDL2,0.007220871,0.024244472,3162186
20140717,14:00:00.000,BBG000BSC0K9,0.0028322951,0.0012828361,640755
20140717,14:00:00.000,BBG000R0L5J4,0.01273389,0.0045498977,1228938
20140717,14:00:00.000,BBG000JH6683,-0.003184473,-0.02970374,857210
20140717,14:00:00.000,BBG000BG14P4,0.015769184,-0.0025541978,871148
20140717,14:00:00.000,BBG000D9KWL9,0.013012308,0.0030270594,592435
20140717,14:00:00.000,BBG000BKWSR6,-0.014989154,-0.022856513,6201886
20140717,14:00:00.000,BBG000BC9938,0.0057051233,0.0013830952,856005
20140717,14:00:00.000,BBG000BB1TH9,-0.005268365,-0.009778655,456141
20140717,14:00:00.000,BBG000BJ49H3,-0.004143162,-0.008747449,1032978
20140717,14:00:00.000,BBG000BFS7D3,0.0012773089,-0.0020514652,341810
20140717,14:00:00.000,BBG000BN9WT5,0.004982038,-0.0042421734,600739
20140717,14:00:00.000,BBG000BKR1D6,0.0074100504,0.0029007974,861235
20140717,14:00:00.000,BBG000BFRF55,0.006676552,-0.0063636834,3102499
20140717,14:00:00.000,BBG000BKTT89,-0.0014044476,-0.013081862,377801
20140717,14:00:00.000,BBG000BQ8KV2,0.0022055304,-0.008513817,770345
20140717,14:00:00.000,BBG000BQVWZ6,-0.005119428,-0.017197374,4138686
20140717,14:00:00.000,BBG000BHKYH4,-0.0003716168,-0.00018066453,417706
20140717,14:00:00.000,BBG000BS7KS3,-0.00581183,-0.004762529,330495
20140717,14:00:00.000,BBG000CGT2S4,-0.046553828,-0.05692715,4870304
20140717,14:00:00.000,BBG000F7RCJ1,-0.0007547698,-0.008496315,259943
20140717,14:00:00.000,BBG000BMTFR4,-0.0021230832,0.0012810096,1117765
20140717,14:00:00.000,BBG000TJM7F0,-0.0038479988,-0.0025284514,628450
20140717,14:00:00.000,BBG000BMKDM3,0.0017885922,0.00015134693,692309
20140717,14:00:00.000,BBG000FLZN98,-0.00056510454,-0.010428059,485974
20140717,14:00:00.000,BBG000BKLH74,-9.13759e-05,-0.0005035321,2483020
20140717,14:00:00.000,BBG000BCTQ65,-0.00051095773,-0.002838285,956251
20140717,14:00:00.000,BBG000D1QCF1,-0.0051575378,-0.0085544735,606483
20140717,14:00:00.000,BBG000BSXQV7,0.04511717,0.042049244,970818
20140717,14:00:00.000,BBG000BG09F5,-0.017693605,-0.02827319,647727
20140717,14:00:00.000,BBG000FLPRH1,-0.0105083715,-0.01380913,489595
20140717,14:00:00.000,BBG000PV2L86,-0.0025959958,-0.0077207047,261066
20140717,14:00:00.000,BBG000BGYWY6,0.00013556523,-0.007276598,319760
20140717,14:00:00.000,BBG000C060M4,0.0003134733,-0.0063009863,256803
20140717,14:00:00.000,BBG000BDXGP9,-0.0060841553,-0.0080978805,1652359
20140717,14:00:00.000,BBG000BGD7W6,-0.00087513437,-0.005563382,991436
20140717,14:00:00.000,BBG000BP8Z50,-0.0019698709,-0.0039597303,534670
20140717,14:00:00.000,BBG000HW5GX3,0.0006150261,-0.010492688,942169
20140717,14:00:00.000,BBG000C4ZZ10,-0.00721307,-0.013861133,234629
20140717,14:00:00.000,BBG000BNNYW1,-0.06803769,-0.06918625,9555549
20140717,14:00:00.000,BBG000BR37X2,0.00093376904,-0.0016376266,1827678
20140717,14:00:00.000,BBG000BLW530,0.0010194128,0.00040463344,738830
20140717,14:00:00.000,BBG000BF1R66,-0.0009643472,-0.004154378,234606
20140717,14:00:00.000,BBG000BKNX95,-0.0031056106,-0.007501959,1288114
20140717,14:00:00.000,BBG000BWP7D9,0.0031735934,-0.0013283096,695535
20140717,14:00:00.000,BBG000BBMSJ6,0.00720748,-0.0032928593,627501
20140717,14:00:00.000,BBG000DN7P92,0.0065884297,0.002734624,797030
20140717,14:00:00.000,BBG000BCZYD3,-0.0022809803,-0.0055877175,197534
20140717,14:00:00.000,BBG000CVWGS6,-0.008283906,-0.0082559725,2878831
20140717,14:00:00.000,BBG000BLHRS2,0.0008706511,-0.00054092746,766486
20140717,14:00:00.000,BBG000BY2Y78,-0.0005103721,-0.008108898,539425
20140717,14:00:00.000,BBG000BK6G19,0.044502582,0.032696042,3695362
20140717,14:00:00.000,BBG002S5ZRF9,0.02397243,0.012415659,410176
20140717,14:00:00.000,BBG000BNC3Y9,0.004649478,-0.005045052,530003
20140717,14:00:00.000,BBG000BTCH57,-0.001792813,-0.011350139,636936
20140717,14:00:00.000,BBG000BB03M1,0.005424935,0.0018154174,943745
20140717,14:00:00.000,BBG000BN84F3,-0.0035363503,-0.002764621,710348
20140717,14:00:00.000,BBG000BB5BF6,0.005917266,-0.00144379,1030041
20140717,14:00:00.000,BBG000FDBX90,0.0065253247,0.0040132147,1797843
20140717,14:00:00.000,BBG000RGM5P1,0.011578107,0.0044474695,640852
20140717,14:00:00.000,BBG000BB5373,-0.0056988634,-0.013094297,2940953
20140717,14:00:00.000,BBG000BFDLV8,0.0023575523,-0.0029875212,988193
20140717,14:00:00.000,BBG000BGRKT6,0.0001670224,0.00016454619,245840
20140717,14:00:00.000,BBG000BTVJ25,-0.0071619973,-0.011058524,987783
20140717,14:00:00.000,BBG000BVMPN3,-0.007282276,-0.013736211,885111
20140717,14:00:00.000,BBG000C2ZCH8,0.0054524443,0.0017606906,460570
20140717,14:00:00.000,BBG0014GJCT9,0.004489645,0.0018685274,808500
20140717,14:00:00.000,BBG000C11MQ5,0.00041661537,-0.015804572,519342
20140717,14:00:00.000,BBG003P9ZSL3,0.00085657864,0.0025341238,471881
20140717,14:00:00.000,BBG000BX5ZF5,0.008658599,0.0015573024,3975707
20140717,14:00:00.000,BBG000C2V3D6,-0.01306159,-0.02264542,2996649
20140717,14:00:00.000,BBG000BQVTF5,0.0011385095,-0.006123476,584070
20140717,14:00:00.000,BBG000D2M0Z7,-0.004025327,-0.00928877,322494
20140717,14:00:00.000,BBG000CHPY97,-0.0121138785,-0.022752747,2960068
20140717,14:00:00.000,BBG000N746D6,0.0096568195,-0.0028414698,1495456
20140717,14:00:00.000,BBG000M1R011,0.016488167,0.0107437465,1308472
20140717,14:00:00.000,BBG000BHLYP4,0.00717011,0.0001337763,527387
20140717,14:00:00.000,BBG000BB6G37,0.004151695,-0.0053093,590898
20140717,14:00:00.000,BBG000BR14K5,-0.0021321923,-0.0056385174,381551
20140717,14:00:00.000,BBG000PX3XC0,-0.0024162612,-0.014778652,1968816
20140717,14:00:00.000,BBG000J1QLT0,-0.005818431,-0.0048717563,529495
20140717,14:00:00.000,BBG0039320N9,-0.008107695,-0.007971609,1308761
20140717,14:00:00.000,BBG000BC4JJ4,-0.0030243217,-0.002812015,594712
20140717,14:00:00.000,BBG000BM7HL0,0.011326178,0.009744618,988404
20140717,14:00:00.000,BBG000BP1Q11,-0.0044582095,-0.0070801484,440591
20140717,14:00:00.000,BBG000BF6LY3,-0.0045587653,-0.013338371,1132266
20140717,14:00:00.000,BBG000BF5RY1,0.0034500172,0.004331104,1518298
20140717,14:00:00.000,BBG000BFTJ91,-0.009199446,-0.009142702,998502
20140717,14:00:00.000,BBG000BR54L0,0.010058434,-0.014024413,3706287
20140717,14:00:00.000,BBG000J5Q6L2,0.009345696,-9.615072e-07,2411156
20140717,14:00:00.000,BBG000BCWCG1,-0.019929234,-0.029330425,2339757
20140717,14:00:00.000,BBG000TWC2V5,-0.0029960645,-0.006129679,377611
20140717,14:00:00.000,BBG000BCYP43,-0.007581261,-0.009700794,323565
20140717,14:00:00.000,BBG000C221G9,-0.0077771214,-0.018502157,921712
20140717,14:00:00.000,BBG000BZTW70,0.009352025,-0.002752058,2435373
20140717,14:00:00.000,BBG000BKZTP3,-0.002703756,-0.0058519677,1005249
20140717,14:00:00.000,BBG000R8ZVD1,0.008073659,0.0026243129,1652721
20140717,14:00:00.000,BBG000CKVSG8,-0.016929032,-0.026633693,1455863
20140717,14:00:00.000,BBG000DNTSP4,0.0034073757,-0.0021083604,1629839
20140717,14:00:00.000,BBG000BP4MH0,0.0021825032,-0.0026904591,678658
20140717,14:00:00.000,BBG000BR3KL6,-0.0034474307,-0.01412468,391340
20140717,14:00:00.000,BBG000BJQWD2,0.004847265,-0.0039775753,701099
20140717,14:00:00.000,BBG000G0Z878,0.00041682753,-0.006035064,1004315
20140717,14:00:00.000,BBG000D7RKJ5,0.005025871,0.002465161,1000007
20140717,14:00:00.000,BBG000G9CGL0,0.00028474582,-0.0068124807,445950
20140717,14:00:00.000,BBG000DTMH63,0.0034918895,-0.0057463124,2054160
20140717,14:00:00.000,BBG0029BK2G7,-0.013538611,-0.018608147,800825
20140717,14:00:00.000,BBG000G3QLY3,0.0033633423,-0.0045418404,311322
20140717,14:00:00.000,BBG000BP0KQ8,0.0036378088,0.0029632307,2138356
20140717,14:00:00.000,BBG001NVJ6W4,-0.041754328,-0.055110283,4379245
20140717,14:00:00.000,BBG000BSBZH7,0.0047424845,0.0059542265,2896432
20140717,14:00:00.000,BBG000BHGCD1,-0.0032001173,-0.013941009,370427
20140717,14:00:00.000,BBG000BL9JQ1,-0.0030687335,-0.007807834,729337
20140717,14:00:00.000,BBG000BH5DV1,-0.0021327261,-0.0017779098,490658
20140717,14:00:00.000,BBG000QW7VC1,0.010694118,0.010821179,4621172
20140717,14:00:00.000,BBG000DQTXY6,-0.0057479325,-0.029559514,3500239
20140717,14:00:00.000,BBG000QY3XZ2,-0.0031578767,-0.015938273,943213
20140717,14:00:00.000,BBG000BBBNC6,0.014070033,0.0101432055,1129486
20140717,14:00:00.000,BBG000F15NW9,0.00019817686,-0.0025130769,945456
20140717,14:00:00.000,BBG000BNNKG9,-0.000121926205,-0.010770244,1702695
20140717,14:00:00.000,BBG000BFXHL6,-0.0027366264,-0.0016736529,1205981
20140717,14:00:00.000,BBG000BRRG02,0.008614413,0.0083849365,694139
20140717,14:00:00.000,BBG000BHLYS1,0.0024748233,-0.001588421,755815
20140717,14:00:00.000,BBG000CGQ6M4,-0.009719653,-0.0074554547,436602
20140717,14:00:00.000,BBG000C1S2X2,0.008666599,-0.00862469,790424
20140717,14:00:00.000,BBG000C7LMS8,-0.0034260936,-0.008020984,47754
20140717,14:00:00.000,BBG000MDCQC2,0.0006373894,0.00048057258,649170
20140717,14:00:00.000,BBG000JG0547,0.0037831606,-0.0029199407,449929
20140717,14:00:00.000,BBG000CJZ2W6,0.015801245,0.0039558397,1026269
20140717,14:00:00.000,BBG0020B4JG7,0.005348885,-0.0046268366,2013323
20140717,14:00:00.000,BBG000BNFLM9,-0.0036523934,1.896199e-07,654510
20140717,14:00:00.000,BBG000BCBCM7,-0.0013883192,-0.012505353,3284379
20140717,14:00:00.000,BBG000CS7CT9,0.011765995,0.0063921777,1386742
20140717,14:00:00.000,BBG000MZFMS2,-0.004884667,-0.012863756,638144
20140717,14:00:00.000,BBG000BKQ3V3,0.004923471,-0.0043831253,1263972
20140717,14:00:00.000,BBG000BLCPY4,-0.0028990256,-0.014927707,349705
20140717,14:00:00.000,BBG000BC15S7,0.0035348446,-0.0011722416,492894
20140717,14:00:00.000,BBG000FKJRC5,0.0010910012,-0.0036598847,548740
20140717,14:00:00.000,BBG000BRJ809,0.00042580845,0.0023586408,437735
20140717,14:00:00.000,BBG000C2PW58,-0.004187742,-0.01248767,433596
20140717,14:00:00.000,BBG000BCVMH9,0.028235165,0.02830952,1337153
20140717,14:00:00.000,BBG000BQ2C28,0.007539056,0.0030810803,426687
20140717,14:00:00.000,BBG000BBJQV0,0.016888574,0.004133178,3443367
20140717,14:00:00.000,BBG000G2R6M0,0.009176076,0.022631826,3281236
20140717,14:00:00.000,BBG000BTKGG8,-0.013761881,-0.025777398,2379054
20140717,14:00:00.000,BBG000BMQPL1,-0.025721375,-0.034543622,13032027
20140717,14:00:00.000,BBG000BMF5J0,8.227949e-05,-0.013801448,5176675
20140717,14:00:00.000,BBG000BB6WG8,0.0017676707,-0.0027214384,1316195
20140717,14:00:00.000,BBG000BM6788,-0.0026687693,-0.014719086,1134147
20140717,14:00:00.000,BBG000FVXD63,-0.021116687,-0.031356,2098592
20140717,14:00:00.000,BBG000C3HSR0,0.0113572255,-0.00014224561,1600674
20140717,14:00:00.000,BBG000BN5HF7,-0.012957075,-0.025063971,1190372
20140717,14:00:00.000,BBG001QD41M9,-0.0020954849,-0.009412425,1001845
20140717,14:00:00.000,BBG000CXYSZ6,0.0067475736,0.0068844412,437203
20140717,14:00:00.000,BBG000BVMGF2,0.005166797,0.0003439521,998123
20140717,14:00:00.000,BBG0019JZ882,0.009138771,0.0013544408,6549198
20140717,14:00:00.000,BBG000BKPL53,-0.008295292,-0.010511951,436538
20140717,14:00:00.000,BBG000PYZSR8,-0.0062196874,-0.0020730176,1018048
20140717,14:00:00.000,BBG000F0KF42,-0.01044977,-0.018350506,1661985
20140717,14:00:00.000,BBG000FW00S1,-0.016616596,-0.025269305,4341228
20140717,14:00:00.000,BBG000BYYLS8,-0.017357333,-0.026000002,3303625
20140717,14:00:00.000,BBG000BB6M98,-0.0050738137,-0.004965182,1292584
20140717,14:00:00.000,BBG000D8RG11,-0.014384708,-0.021590117,3979518
20140717,14:00:00.000,BBG000CHWP52,0.016523197,0.019459844,2437680
20140717,14:00:00.000,BBG000D6L294,-0.0034744528,-0.015316285,641090
20140717,14:00:00.000,BBG000C3Y7J6,0.0005639874,-0.0007445143,447289
20140717,14:00:00.000,BBG000BM5SR2,-0.0045205182,-0.011979372,2855500
20140717,14:00:00.000,BBG000BS0ZF1,-0.0037177533,-0.0032901745,270440
20140717,14:00:00.000,BBG000C0F570,0.004333786,-0.0049577807,1041016
20140717,14:00:00.000,BBG000C90DH9,-0.0153083475,-0.01140777,3896959
20140717,14:00:00.000,BBG000BVWLJ6,-0.004505487,-0.010784668,1177541
20140717,14:00:00.000,BBG000BRK7L6,0.0019785406,-0.006246038,1722860
20140717,14:00:00.000,BBG000BZ2GG4,0.0035021123,-0.001867542,714378
20140717,14:00:00.000,BBG000BVL2G3,0.0006200182,-0.008036175,638484
20140717,14:00:00.000,BBG000C2YHG9,-0.010773439,-0.008932158,790919
20140717,14:00:00.000,BBG001BPFT54,0.015615623,-0.004394926,1630620
20140717,14:00:00.000,BBG000BH2JM1,0.010043108,0.013099072,2414665
20140717,14:00:00.000,BBG000BPVCR1,0.0061562895,0.0026378538,533780
20140717,14:00:00.000,BBG002BHBHM1,0.004498176,0.00046603577,1000945
20140717,14:00:00.000,BBG000Q3JN03,-0.014729787,-0.027293753,13916231
20140717,14:00:00.000,BBG000BPT0C6,-0.012680021,-0.022591468,1344224
20140717,14:00:00.000,BBG000BQWPC5,-0.00198757,-0.0071612555,987500
20140717,14:00:00.000,BBG000BQ5DS5,-0.002734807,-0.0033254914,740836
20140717,14:00:00.000,BBG000DY8ZS4,0.008113506,3.5858392e-07,4829481
20140717,14:00:00.000,BBG000R8L7J3,-0.012656413,-0.020209333,6751343
20140717,14:00:00.000,BBG000BS9489,-0.0069614863,-0.0026614252,953872
20140717,14:00:00.000,BBG000D898T9,0.0077283517,0.0026066129,728601
20140717,14:00:00.000,BBG000BFL116,-0.002585153,-0.019620242,1424289
20140717,14:00:00.000,BBG001YMS0B8,-0.00832766,-0.011169105,973341
20140717,14:00:00.000,BBG000QBR5J5,0.007285925,0.0026555522,1882322
20140717,14:00:00.000,BBG000BHC2S1,-0.007361707,-0.012495719,876858
20140717,14:00:00.000,BBG000BX3TD3,0.005358726,-0.0063300543,3378057
20140717,14:00:00.000,BBG000C1FQS9,-0.0053316737,-0.0070566977,739893
20140717,14:00:00.000,BBG000BLKK03,0.01834103,0.0451256,1138520
20140717,14:00:00.000,BBG000BKCFC2,0.0017156041,-0.0009407763,1578101
20140717,14:00:00.000,BBG000C4DPX1,0.003618764,-0.009369665,990798
20140717,14:00:00.000,BBG000BHZ5J9,-0.027072296,-0.03450736,1430646
20140717,14:00:00.000,BBG000KLB4Q1,-0.012839013,-0.0238567,3064458
20140717,14:00:00.000,BBG000BMBL90,-0.007035911,-0.011706949,1162766
20140717,14:00:00.000,BBG000C2BXK4,0.001099074,-0.007434684,4328094
20140717,14:00:00.000,BBG000H0QBS7,0.0018348987,-0.0013486154,2636690
20140717,14:00:00.000,BBG000BQZMH4,-0.0005998571,-0.003984233,2106062
20140717,14:00:00.000,BBG000BLBXT4,-0.005558732,-0.011510127,1108273
20140717,14:00:00.000,BBG000BJ2VQ6,0.0051380233,-0.0061115134,1188331
20140717,14:00:00.000,BBG000BMY992,0.004285048,0.0008105692,1126415
20140717,14:00:00.000,BBG000BXM6V2,0.008706387,0.0007856094,974637
20140717,14:00:00.000,BBG000BWSV34,-0.0026036901,-0.00931724,571315
20140717,14:00:00.000,BBG000BKFBD7,0.0041831536,-0.0025209526,1078516
20140717,14:00:00.000,BBG000FP1N32,0.009922041,0.0035119746,1957508
20140717,14:00:00.000,BBG000BT4T69,0.006763591,-0.00015919645,1386377
20140717,14:00:00.000,BBG000BFMBQ6,-0.012316896,0.014262995,2268968
20140717,14:00:00.000,BBG000C0HQ54,-0.00620786,-0.0113087855,551950
20140717,14:00:00.000,BBG000C0LW92,-0.014915671,-0.01865537,3713259
20140717,14:00:00.000,BBG000BVPPM1,-0.0053174556,-0.009664687,956472
20140717,14:00:00.000,BBG000BMW2Z0,-0.004692903,-0.008535746,644780
20140717,14:00:00.000,BBG000BPWXK1,-0.0032451006,0.011109199,3685348
20140717,14:00:00.000,BBG000GC80B4,-0.0065585985,-0.009502932,4307309
20140717,14:00:00.000,BBG000BXWBN9,0.0054753805,0.0027946464,1971912
20140717,14:00:00.000,BBG000BY33P5,0.0018155694,0.004613854,4572645
20140717,14:00:00.000,BBG000R7RDB4,-0.000497127,-0.01161522,591048
20140717,14:00:00.000,BBG000MBDGM6,0.0011627978,-0.004215437,150131
20140717,14:00:00.000,BBG000BGLRN3,0.00015195101,-0.0032331836,801429
20140717,14:00:00.000,BBG000BWJFZ4,0.025043568,0.029558592,864018
20140717,14:00:00.000,BBG000BGVW60,0.0016773713,-0.0024365198,586186
20140717,14:00:00.000,BBG000BNJHS8,0.004155283,-0.0074907667,2950014
20140717,14:00:00.000,BBG000DKCC19,-0.0010692776,-0.0045875907,1043169
20140717,14:00:00.000,BBG000BXMFC3,0.037895463,0.027057389,2281771
20140717,14:00:00.000,BBG000BSD7C2,0.0038005041,0.0021668947,526913
20140717,14:00:00.000,BBG000BSLZY7,-0.0019728201,-0.013059612,3155895
20140717,14:00:00.000,BBG000BMDV41,0.0017248597,-0.0059530404,2499623
20140717,14:00:00.000,BBG001C7TST4,0.00022694733,-0.0055864644,977212
20140717,14:00:00.000,BBG000BRJL00,0.0022204947,-0.0011891122,1058365
20140717,14:00:00.000,BBG000BRD0D8,-0.0069116745,-0.018314648,2314730
20140717,14:00:00.000,BBG000BND699,-0.0026967064,-0.01752818,1577928
20140717,14:00:00.000,BBG000BB9KF2,-0.0019447281,-0.0038737983,924644
20140717,14:00:00.000,BBG000C1BW00,0.012398573,0.005633217,722988
20140717,14:00:00.000,BBG000BTZQC4,0.0028585142,0.006138068,2313746
20140717,14:00:00.000,BBG000BWNFZ9,-0.016680323,-0.023956068,1798993
20140717,14:00:00.000,BBG000BJ98Z0,0.0021636065,-0.0048301187,679786
20140717,14:00:00.000,BBG000CNFQW6,-0.009842568,-0.016963838,650485
20140717,14:00:00.000,BBG000BGPTV6,-0.00063127564,-0.008332828,500461
20140717,14:00:00.000,BBG000BB07P9,-0.0015839139,0.0100566195,7188870
20140717,14:00:00.000,BBG000C1FB75,0.012011608,0.007625206,671892
20140717,14:00:00.000,BBG001M8HHB7,0.016050052,0.00029489212,735640
20140717,14:00:00.000,BBG000DHSPT0,0.0049099904,0.0089287665,2077144
20140717,14:00:00.000,BBG000FQ6PY6,0.0026049868,0.0022075535,1298076
20140717,14:00:00.000,BBG000BBDV81,-6.158389e-05,-0.007793034,1938545
20140717,14:00:00.000,BBG000VC0T95,-0.007075284,-0.014007695,1224508
20140717,14:00:00.000,BBG000BKFZM4,0.0029867915,-0.0045834994,2699774
20140717,14:00:00.000,BBG000D13GN8,-0.021399919,-0.03552165,889961
20140717,14:00:00.000,BBG000C0MF34,-0.0072590425,-0.0025417572,376694
20140717,14:00:00.000,BBG000BFNR17,0.019993387,0.010557264,826790
20140717,14:00:00.000,BBG000BK67C7,0.0015514824,-0.0033191952,388744
20140717,14:00:00.000,BBG000FJLFX8,0.004944034,0.028547354,2159802
20140717,14:00:00.000,BBG000BH5LT6,-0.008279771,-0.020919736,3104183
20140717,14:00:00.000,BBG000BD8PN9,0.0069970875,-0.00052480504,2484595
20140717,14:00:00.000,BBG000BH3GZ2,-0.047759652,-0.057322387,9142136
20140717,14:00:00.000,BBG000BB5006,0.0006409435,-0.003040027,1080566
20140717,14:00:00.000,BBG000BTR593,-0.035854578,-0.04195032,4565107
20140717,14:00:00.000,BBG000BRWGG9,0.0010775262,-0.0042347177,18372048
20140717,14:00:00.000,BBG000BJ3PD2,-0.0046393997,-0.01107713,895841
20140717,14:00:00.000,BBG000CSY9H9,0.011307768,0.00501089,2665006
20140717,14:00:00.000,BBG000FNRZ69,-0.015334331,-0.01918187,3394742
20140717,14:00:00.000,BBG000C734W3,-0.0057147336,-0.023211198,436614
20140717,14:00:00.000,BBG000BCGY17,0.0041796146,0.0034133373,2411727
20140717,14:00:00.000,BBG000BCVJ77,0.0065144077,0.0060719727,1497863
20140717,14:00:00.000,BBG000C46HM9,0.0018228502,-0.00069980545,1365328
20140717,14:00:00.000,BBG000BJPDZ1,0.014313052,0.009822207,309828
20140717,14:00:00.000,BBG000BJL3N0,-0.042521305,-0.051056948,15195160
20140717,14:00:00.000,BBG000BGJRC8,-0.0038738474,-0.0044910754,3662241
20140717,14:00:00.000,BBG000BBD070,0.004151681,-0.0019649959,1445521
20140717,14:00:00.000,BBG000BFQYY3,-0.00046917002,-0.00590472,1192311
20140717,14:00:00.000,BBG000BPQD31,0.0043465085,0.00038725388,2240854
20140717,14:00:00.000,BBG000BJ81C1,-0.001227889,-0.005177728,489236
20140717,14:00:00.000,BBG000B9WH86,0.0028763115,-0.010249651,14272849
20140717,14:00:00.000,BBG000D42FJ0,0.023482649,0.009170878,1249758
20140717,14:00:00.000,BBG000BHX7N2,-0.0024009892,-0.009857555,1830525
20140717,14:00:00.000,BBG000BH3JF8,-0.028634578,-0.046393383,6721258
20140717,14:00:00.000,BBG000JWD753,0.0010173261,-0.008059173,7121021
20140717,14:00:00.000,BBG000BHGDH5,0.00606321,0.0035224082,1395330
20140717,14:00:00.000,BBG0014GG205,-0.0050491923,-0.022199638,3358129
20140717,14:00:00.000,BBG000G30YX4,0.0023800058,-0.015620089,853689
20140717,14:00:00.000,BBG000BCG930,-0.004220319,0.021704141,2371010
20140717,14:00:00.000,BBG000BWVCP8,0.0017734916,-0.0043675844,2045223
20140717,14:00:00.000,BBG000C3GN47,-0.019824529,-0.028542623,3666427
20140717,14:00:00.000,BBG000BT9DW0,0.004767002,0.0006697512,2287956
20140717,14:00:00.000,BBG000BV8DN6,-0.004202874,-0.005324076,3349924
20140717,14:00:00.000,BBG0029SNR63,0.02028758,0.019911941,4057084
20140717,14:00:00.000,BBG000HCJMF9,0.002506228,-0.006824907,900766
20140717,14:00:00.000,BBG000D9D830,0.0049952,0.00062625395,1127638
20140717,14:00:00.000,BBG000F6H8W8,-0.0048742946,-0.008061427,709215
20140717,14:00:00.000,BBG000B9ZXB4,0.039917964,0.037032656,8250629
20140717,14:00:00.000,BBG000BVDLH9,0.014902338,0.0059137694,1760045
20140717,14:00:00.000,BBG000BBVJZ8,-0.0069076032,-0.017394906,2357338
20140717,14:00:00.000,BBG000BWXBC2,0.0041104513,0.00013107728,2029552
20140717,14:00:00.000,BBG000WCFV84,0.004246453,0.0071908417,1275647
20140717,14:00:00.000,BBG000BFDXW1,0.007130451,-0.004951103,2008142
20140717,14:00:00.000,BBG000DYGNW7,0.008384644,0.0066875066,550851
20140717,14:00:00.000,BBG000BNBDC2,0.000560932,-0.0017517554,1345280
20140717,14:00:00.000,BBG000BJSBJ0,0.0012103401,-0.002685196,697182
20140717,14:00:00.000,BBG000BJF1Z8,-0.00045657353,-0.008195968,1255412
20140717,14:00:00.000,BBG000BY29C7,0.0101982625,0.011251725,3219261
20140717,14:00:00.000,BBG000BH13K9,0.0015281056,0.002461619,2230269
20140717,14:00:00.000,BBG000BH1NH9,-0.008911524,-0.013862571,2139633
20140717,14:00:00.000,BBG000BLZRJ2,0.00830498,-0.0006157178,11938892
20140717,14:00:00.000,BBG000BVV7G1,0.0016778195,-0.009582287,2553169
20140717,14:00:00.000,BBG000BL4504,-0.01597651,-0.026584582,4894650
20140717,14:00:00.000,BBG000BB6KF5,0.0015043058,-0.0078642275,2327143
20140717,14:00:00.000,BBG000DSMS70,0.010753024,-0.0077740806,496910
20140717,14:00:00.000,BBG000C8H633,0.0006387184,-0.00869457,2182322
20140717,14:00:00.000,BBG001DCCGR8,-0.0038814934,-0.012049847,1568517
20140717,14:00:00.000,BBG000QX74T1,0.0027673142,-0.009914865,258079
20140717,14:00:00.000,BBG000M65M61,-0.0054310136,-0.018711204,5405905
20140717,14:00:00.000,BBG000F80SZ5,0.020672759,0.009810099,9252592
20140717,14:00:00.000,BBG000C5HS04,0.00041896777,-0.002861491,2509030
20140717,14:00:00.000,BBG000H556T9,-0.0016504348,-0.005342622,2010492
20140717,14:00:00.000,BBG000NV1KK7,-0.013383365,-0.015117972,2766705
20140717,14:00:00.000,BBG000L9CV04,-0.005325356,-0.014015869,1522077
20140717,14:00:00.000,BBG000BXRPH1,0.010120097,-0.0034559453,531877
20140717,14:00:00.000,BBG000BNDN65,0.0014610606,-0.0050352504,2765024
20140717,14:00:00.000,BBG000BGKTF9,-0.009472844,-0.014697563,2092686
20140717,14:00:00.000,BBG00286S4N9,-0.0042428407,-0.009273991,1201998
20140717,14:00:00.000,BBG000H89QJ6,-0.012730412,-0.009644501,970655
20140717,14:00:00.000,BBG000BNWG87,-0.011030369,-0.013825933,4515479
20140717,14:00:00.000,BBG000BJX8C8,0.00043084472,-0.0046279663,1663956
20140717,14:00:00.000,BBG000BD4VG8,-0.01069704,-0.018751815,2964989
20140717,14:00:00.000,BBG000D4LWF6,0.0013066067,-0.0010487579,3680694
20140717,14:00:00.000,BBG000FL1TC8,-0.008672436,-0.0038572457,1370945
20140717,14:00:00.000,BBG000FFDM15,-0.004291523,-0.011993352,6791701
20140717,14:00:00.000,BBG000BBPFB9,0.004897265,0.007003255,7479192
20140717,14:00:00.000,BBG000BN2DC2,-0.009953121,-0.013439183,1769663
20140717,14:00:00.000,BBG000BCQZS4,-0.0031098402,-0.009951102,1461683
20140717,14:00:00.000,BBG000CPQZ77,0.010346062,0.0050746757,5063648
20140717,14:00:00.000,BBG000BP52R2,0.0067785718,-0.012694153,1640808
20140717,14:00:00.000,BBG000J6XT05,-0.01878337,-0.022468135,5506865
20140717,14:00:00.000,BBG000BJDB15,-0.017726664,-0.004892971,4539263
20140717,14:00:00.000,BBG000LD9JQ8,-0.008946895,-0.015332859,1391540
20140717,14:00:00.000,BBG000FG3C43,-0.12028679,-0.12929586,20488192
20140717,14:00:00.000,BBG000BC2C10,0.010579341,0.0008514344,1912500
20140717,14:00:00.000,BBG000BGRY34,0.003023952,-0.0037132597,1116187
20140717,14:00:00.000,BBG000CTQBF3,0.002147343,-0.00749421,2122378
20140717,14:00:00.000,BBG000H8TVT2,0.0009140441,-0.0038233467,2380371
20140717,14:00:00.000,BBG0025Y4RY4,0.018965624,0.014167438,12031109
20140717,14:00:00.000,BBG000F1ZSQ2,-0.008672806,-0.017753577,2558627
20140717,14:00:00.000,BBG000CH5208,0.011839653,0.029198958,4414676
20140717,14:00:00.000,BBG000KHWT55,-0.002200961,-0.008041865,5763368
20140717,14:00:00.000,BBG000BFWKC0,0.006059426,0.0006667264,1708125
20140717,14:00:00.000,BBG000BP6LJ8,-0.002454925,-0.0019133168,3421609
20140717,14:00:00.000,BBG000BW8S60,-0.003042639,-0.00778349,2666615
20140717,14:00:00.000,BBG000BWLMJ4,0.0007032449,-0.007842081,2212124
20140717,14:00:00.000,BBG000Q2HM09,0.004482027,-0.010000433,1912959
20140717,14:00:00.000,BBG000BW3299,-0.0032719565,-0.004422916,1186876
20140717,14:00:00.000,BBG000BC40Y8,-0.018825708,-0.028437886,3330820
20140717,14:00:00.000,BBG000BBS2Y0,5.2714044e-05,-0.01180844,1433738
20140717,14:00:00.000,BBG000DWG505,-0.0037688306,-0.0074186143,1313450
20140717,14:00:00.000,BBG000BQQ2S6,-0.00202094,-0.009929078,1511145
20140717,14:00:00.000,BBG000BZ9223,0.0069675436,-0.004567497,1348795
20140717,14:00:00.000,BBG000DH7JK6,0.00011909637,-0.00033189694,1336104
20140717,14:00:00.000,BBG000BHVJJ3,0.0029137677,-0.004815801,7195057
20140717,14:00:00.000,BBG000J2XL74,0.008897799,0.010394331,3424071
20140717,14:00:00.000,BBG000C17X76,0.01292834,-0.0035884986,1033029
20140717,14:00:00.000,BBG000BHBK84,0.00076006935,-0.0050905305,2160678
20140717,14:00:00.000,BBG000Q9HH23,0.017176524,0.007038214,921161
20140717,14:00:00.000,BBG000F0PF65,0.033845514,0.037411824,21462238
20140717,14:00:00.000,BBG000BF0K17,-0.003963577,-0.008808221,1714123
20140717,14:00:00.000,BBG000C15T95,-0.0020758426,-0.0013650414,3525299
20140717,14:00:00.000,BBG000NDYB67,0.0014749476,-0.0034693712,6885816
20140717,14:00:00.000,BBG000DWYF03,0.0015142225,0.0018181137,26251324
20140717,14:00:00.000,BBG000C6CFJ5,0.0069278707,0.00017618852,2549355
20140717,14:00:00.000,BBG000BKTFN2,-0.005495062,-0.013288891,3605048
20140717,14:00:00.000,BBG000BBGGQ1,-0.007533578,-0.0143816965,4047380
20140717,14:00:00.000,BBG000DLFM21,,,1852261
20140717,14:00:00.000,BBG000BBDZG3,-0.004277999,-0.0010906381,3598613
20140717,14:00:00.000,BBG000DQLV23,-0.00021530762,-0.0049184603,2909995
20140717,14:00:00.000,BBG000BCSST7,0.0011687111,-0.0013340001,2920181
20140717,14:00:00.000,BBG000BQLTW7,0.0045239455,0.0034776125,15168940
20140717,14:00:00.000,BBG000BQPC32,0.0065304693,0.0056219264,32637124
20140717,14:00:00.000,BBG000BFC8J2,-0.00654227,-0.020396298,2289210
20140717,14:00:00.000,BBG000BQQH30,0.00035788515,-0.007969752,2986734
20140717,14:00:00.000,BBG000BMX289,-0.0024998065,-0.0021389525,3960029
20140717,14:00:00.000,BBG000BNSZP1,0.0017414544,-0.0048370985,2401859
20140717,14:00:00.000,BBG005P7Q881,-0.007689459,-0.018978523,8383883
20140717,14:00:00.000,BBG000FH8PX5,,,860987
20140717,14:00:00.000,BBG000R7Z112,-0.0053921724,-0.018217707,10740039
20140717,14:00:00.000,BBG000BH4R78,0.008601383,0.004392932,3955648
20140717,14:00:00.000,BBG000BKZB36,0.0024169213,-0.002447762,2538644
20140717,14:00:00.000,BBG000BPD168,0.0019688436,-0.001033338,3128828
20140717,14:00:00.000,BBG000BHQ1H0,0.011127048,0.0067551825,784289
20140717,14:00:00.000,BBG000C496P7,,,19953350
20140717,14:00:00.000,BBG000C43RR5,0.024110502,0.018936763,14135712
20140717,14:00:00.000,BBG000BT41Q8,0.003200602,-0.006647186,3227296
20140717,14:00:00.000,BBG000PSKYX7,-0.0036870749,-0.014042194,1369772
20140717,14:00:00.000,BBG000BR2TH3,0.0036951995,-0.0018541019,3174643
20140717,14:00:00.000,BBG000GFFQN9,-0.0062410547,-0.018054847,25112948
20140717,14:00:00.000,BBG000CGC1X8,-0.013879102,-0.011556119,6724051
20140717,14:00:00.000,BBG000BMHYD1,-0.006272447,-0.009688861,5081448
20140717,14:00:00.000,BBG000BFT2L4,-0.011811518,-0.010719101,8021868
20140717,14:00:00.000,BBG000HS77T5,-0.0022392608,-0.008242663,5740750
20140717,14:00:00.000,BBG000K4ND22,0.00509108,-0.0013749438,2301273
20140717,14:00:00.000,BBG000C3J3C9,-0.011469624,-0.00808412,17946878
20140717,14:00:00.000,BBG000BK6MB5,0.0041437545,-0.01037158,21215968
20140717,14:00:00.000,BBG000BWQFY7,0.0077758767,-0.004103369,12132481
20140717,14:00:00.000,BBG000BLNNH6,0.008062748,0.006809841,4494016
20140717,14:00:00.000,BBG000H6HNW3,-0.0024872567,-0.012291274,15694592
20140717,14:00:00.000,BBG000DMBXR2,0.0036865475,-0.0066436324,8433601
20140717,14:00:00.000,BBG000BSJK37,0.0017272761,-0.004938856,9890115
20140717,14:00:00.000,BBG000FY4S11,0.007904978,-0.0028107937,14555353
20140717,14:00:00.000,BBG000C5Z1S3,-0.026160825,-0.040121377,24047920
20140717,14:00:00.000,BBG000BR2B91,-0.00035093716,-0.0038772325,19685334
20140717,14:00:00.000,BBG000N9MNX3,0.012692896,0.0020947214,2859303
20140717,14:00:00.000,BBG000C0G1D1,-0.009022217,-0.019050421,48968736
20140717,14:00:00.000,BBG002W96FT9,-0.0075061885,-0.016667059,1364730
20140717,14:00:00.000,BBG000BLBVN4,-0.0024961098,-0.012974638,517901
20140717,14:00:00.000,BBG000CKGBP2,0.002565314,-0.012703036,8816823
20140717,14:00:00.000,BBG000GZQ728,0.00012118233,-0.0054940125,3525689
20140717,14:00:00.000,BBG000BVPV84,0.0062126475,-0.009678917,2260462
20140717,14:00:00.000,BBG000BPH459,0.017689196,0.017927483,57939948
20140717,14:00:00.000,BBG000BCTLF6,-0.0023176353,-0.016123602,61261620
20140717,14:00:00.000,BBG000BHSKN9,-0.006486009,-0.01507484,1422660
20140717,14:00:00.000,BBG000CL9VN6,0.0077523864,-0.0035766496,1334040
20140717,14:00:00.000,BBG000MM2P62,0.0069573163,-0.006209064,24929748
20140717,14:00:00.000,BBG000B9XRY4,-0.0069651925,-0.013083353,33388774
20140717,14:15:00.000,BBG000PCQQL6,-0.0009337006,-0.0031341878,1181396
20140717,14:15:00.000,BBG000BJP882,-0.009860207,-0.0067880373,611429
20140717,14:15:00.000,BBG000BMFFQ0,0.00048616706,-0.00064334954,469735
20140717,14:15:00.000,BBG000K1J931,0.013534744,-0.011263247,1635337
20140717,14:15:00.000,BBG000BQ87N0,-0.0018245835,-0.0035175444,399003
20140717,14:15:00.000,BBG000BBCQD7,0.00638216,0.0035441166,2822197
20140717,14:15:00.000,BBG000BQHGR6,-0.0007921889,-0.0066581527,424154
20140717,14:15:00.000,BBG000C75N77,-0.011485619,-0.0237787,998141
20140717,14:15:00.000,BBG000BJ8YN7,0.0027294974,-0.0032951836,1388014
20140717,14:15:00.000,BBG000BLXZN1,0.012923899,0.006480324,1605901
20140717,14:15:00.000,BBG000BV4XJ1,0.012907211,-0.00430129,259418
20140717,14:15:00.000,BBG000QKPTS5,0.014197234,0.0043630134,694544
20140717,14:15:00.000,BBG000BV75B7,-0.0034278408,-0.011038245,288350
20140717,14:15:00.000,BBG000CB8Q50,-0.0018179654,-0.001288851,470586
20140717,14:15:00.000,BBG000BNPSQ9,-0.001238348,-0.02263367,994175
20140717,14:15:00.000,BBG000H4YVR7,-0.012843213,-0.029195683,517308
20140717,14:15:00.000,BBG000JB27Y9,0.003510899,0.00022523239,432917
20140717,14:15:00.000,BBG000BVHBM1,0.004880806,-0.021094475,1072213
20140717,14:15:00.000,BBG000BQSQ38,0.00036496625,-0.006167345,837710
20140717,14:15:00.000,BBG001XJRMF5,-0.011887734,-0.004505198,744996
20140717,14:15:00.000,BBG000BNGTQ7,0.00063538336,1.1899351e-08,1065904
20140717,14:15:00.000,BBG000B9X8C0,0.0025861233,-0.00025181076,495315
20140717,14:15:00.000,BBG000GPXKX9,-0.0063023875,-0.012930764,342150
20140717,14:15:00.000,BBG000BV7LP7,0.0039699166,0.0017318464,863146
20140717,14:15:00.000,BBG001NY45K9,-0.02613381,-0.039908636,2984849
20140717,14:15:00.000,BBG000L8CBX4,-0.006212735,-0.0060754656,138768
20140717,14:15:00.000,BBG000BHCP19,0.010596791,-0.0018461307,468757
20140717,14:15:00.000,BBG000JKCWS0,-0.0035914145,-0.006313354,167082
20140717,14:15:00.000,BBG000CPHYL4,-0.0024346774,-0.003797446,1024003
20140717,14:15:00.000,BBG000F86GP6,0.0037991263,-0.003325814,226143
20140717,14:15:00.000,BBG000V31J96,0.0012103642,-0.005300584,1636042
20140717,14:15:00.000,BBG000BWVSR1,-0.003692446,-0.007167554,422082
20140717,14:15:00.000,BBG000DLVDK3,0.01260232,0.027427677,1424102
20140717,14:15:00.000,BBG003641015,-0.00040790244,-0.006244989,588145
20140717,14:15:00.000,BBG000BQD1J2,0.002126742,0.0018424641,21738416
20140717,14:15:00.000,BBG000BWXL85,-0.008674895,-0.010759691,537141
20140717,14:15:00.000,BBG001J1QN87,-0.0074038715,-0.026307827,304427
20140717,14:15:00.000,BBG000BFJ645,0.002163135,-0.0068794712,3524197
20140717,14:15:00.000,BBG000BPZBB6,0.0017472195,-0.0023257835,445808
20140717,14:15:00.000,BBG000RNTSX0,0.005627322,0.0016798201,601934
20140717,14:15:00.000,BBG000C23KJ3,0.0038970946,-0.003935961,1902079
20140717,14:15:00.000,BBG000CZWZ05,0.021966176,0.0033709952,1310059
20140717,14:15:00.000,BBG000CR90K4,0.005231943,-0.011038781,21748950
20140717,14:15:00.000,BBG000BBL0Y1,-0.0008487144,-0.013550065,847429
20140717,14:15:00.000,BBG000BKQG80,0.0040527973,-0.0025080023,546027
20140717,14:15:00.000,BBG000K14Q84,-0.0028049883,-0.0138370935,2321356
20140717,14:15:00.000,BBG000Q0BPZ4,0.0018151707,-0.010179803,676680
20140717,14:15:00.000,BBG000BHB3M6,-0.002337724,-0.012131644,1096727
20140717,14:15:00.000,BBG000BLMZK6,-0.008844436,-0.018252954,854924
20140717,14:15:00.000,BBG000QFJ7H3,0.0066741114,-0.0058656516,720996
20140717,14:15:00.000,BBG000BLDV98,-0.001969727,-0.009519375,823700
20140717,14:15:00.000,BBG000PLXQQ3,0.02329263,0.022478737,3877622
20140717,14:15:00.000,BBG000BGYMH7,0.005632973,-0.0058220415,301948
20140717,14:15:00.000,BBG000H9G7X2,-0.0028221838,-0.008827622,1234859
20140717,14:15:00.000,BBG000BRZJR8,0.018416204,-0.002525134,1857939
20140717,14:15:00.000,BBG000BJDPC2,-0.0065070842,-0.008545764,622618
20140717,14:15:00.000,BBG000BDY3Y7,-0.0056613917,-0.009295913,1563912
20140717,14:15:00.000,BBG000BPNP00,0.004985691,-0.004765744,1061222
20140717,14:15:00.000,BBG000BBB3K1,0.0019455149,-0.00025876192,2018818
20140717,14:15:00.000,BBG000BFV115,-0.003334868,-0.015140881,647395
20140717,14:15:00.000,BBG000CXD6X9,-0.0056216223,-0.007384054,1072093
20140717,14:15:00.000,BBG000QN4GY3,-0.015535339,-0.02261522,1332415
20140717,14:15:00.000,BBG000BWCKB6,-0.007912046,-0.0074200067,1495112
20140717,14:15:00.000,BBG000BKXFN7,-0.0013327283,-0.014166801,1098945
20140717,14:15:00.000,BBG000F9KJN4,-0.0057822247,-0.012011845,1064712
20140717,14:15:00.000,BBG000BQV1S2,0.004193839,-0.010982546,466432
20140717,14:15:00.000,BBG000BTQR96,-0.0005808528,-0.00933283,629012
20140717,14:15:00.000,BBG000F6ZWH2,-0.0051872125,-0.01157587,858714
20140717,14:15:00.000,BBG000BMZ7P7,0.0048311423,0.0008822363,815574
20140717,14:15:00.000,BBG000BB29X4,0.00427506,0.00085290195,453362
20140717,14:15:00.000,BBG000BBCDZ2,-0.007354793,-0.014118474,384882
20140717,14:15:00.000,BBG000C6F3T8,0.017938126,0.005910615,18083482
20140717,14:15:00.000,BBG000BFVXX0,0.0017054679,-4.3222042e-07,804544
20140717,14:15:00.000,BBG000G6BN50,-0.003438597,-0.012716454,231999
20140717,14:15:00.000,BBG000BRXP69,0.0006109839,-0.004109585,492577
20140717,14:15:00.000,BBG000BPMH90,0.018404989,0.0069723995,1318137
20140717,14:15:00.000,BBG000D9DMK0,-0.00027313465,0.0006108026,912238
20140717,14:15:00.000,BBG000D14WM3,0.003078196,-0.010811692,6986946
20140717,14:15:00.000,BBG000PVRDL2,0.0063445717,0.021935355,3240004
20140717,14:15:00.000,BBG000BSC0K9,0.0027090407,0.001099465,663572
20140717,14:15:00.000,BBG000R0L5J4,0.013685351,0.005507606,1279484
20140717,14:15:00.000,BBG000JH6683,-0.0050575994,-0.033698957,944041
20140717,14:15:00.000,BBG000BG14P4,0.013446036,-0.005721667,908051
20140717,14:15:00.000,BBG000D9KWL9,0.013821446,0.0030678844,622897
20140717,14:15:00.000,BBG000BKWSR6,-0.012371521,-0.02077849,6398870
20140717,14:15:00.000,BBG000BC9938,0.005761857,0.0005853947,878977
20140717,14:15:00.000,BBG000BB1TH9,-0.0044928426,-0.009714353,491451
20140717,14:15:00.000,BBG000BJ49H3,-0.0046019927,-0.0088241715,1075452
20140717,14:15:00.000,BBG000BFS7D3,0.0014968797,-0.0025375881,354447
20140717,14:15:00.000,BBG000BN9WT5,0.0052062105,-0.004666358,643275
20140717,14:15:00.000,BBG000BKR1D6,0.0055547394,0.00075642875,903383
20140717,14:15:00.000,BBG000BFRF55,0.0077226995,-0.007000008,3369613
20140717,14:15:00.000,BBG000BKTT89,-0.00037479954,-0.012078934,387201
20140717,14:15:00.000,BBG000BQ8KV2,0.00080170087,-0.010493773,811749
20140717,14:15:00.000,BBG000BQVWZ6,-0.00650021,-0.019220619,4260627
20140717,14:15:00.000,BBG000BHKYH4,-0.00035699285,-0.00094946777,441873
20140717,14:15:00.000,BBG000BS7KS3,-0.005982602,-0.005314561,388963
20140717,14:15:00.000,BBG000CGT2S4,-0.049123764,-0.0610742,5072186
20140717,14:15:00.000,BBG000F7RCJ1,-0.0015582208,-0.009292773,266591
20140717,14:15:00.000,BBG000BMTFR4,-0.00093498937,0.0016182375,1163636
20140717,14:15:00.000,BBG000TJM7F0,-0.0043191346,-0.0028656193,660046
20140717,14:15:00.000,BBG000BMKDM3,0.0020981128,-0.00015138955,724178
20140717,14:15:00.000,BBG000FLZN98,0.0016213662,-0.0082364855,545307
20140717,14:15:00.000,BBG000BKLH74,-0.0012788197,-0.0020128523,2646907
20140717,14:15:00.000,BBG000BCTQ65,-0.00047965525,-0.0034688762,992074
20140717,14:15:00.000,BBG000D1QCF1,-0.0043504294,-0.008065696,645670
20140717,14:15:00.000,BBG000BSXQV7,0.04297912,0.039569642,999844
20140717,14:15:00.000,BBG000BG09F5,-0.018290669,-0.030081194,702448
20140717,14:15:00.000,BBG000FLPRH1,-0.008836252,-0.012478106,519354
20140717,14:15:00.000,BBG000PV2L86,-0.0019681973,-0.0073936433,278527
20140717,14:15:00.000,BBG000BGYWY6,-0.001420057,-0.008510954,340907
20140717,14:15:00.000,BBG000C060M4,-0.00080512307,-0.007687769,265409
20140717,14:15:00.000,BBG000BDXGP9,-0.006293269,-0.008745609,1697903
20140717,14:15:00.000,BBG000BGD7W6,-0.00041032163,-0.0054086717,1029034
20140717,14:15:00.000,BBG000BP8Z50,-0.0016219536,-0.0041119037,564793
20140717,14:15:00.000,BBG000HW5GX3,-0.0014224332,-0.013618122,992471
20140717,14:15:00.000,BBG000C4ZZ10,-0.0075353626,-0.013726506,243259
20140717,14:15:00.000,BBG000BNNYW1,-0.07007561,-0.07123613,10156112
20140717,14:15:00.000,BBG000BR37X2,0.0005473171,-0.0024562054,1924693
20140717,14:15:00.000,BBG000BLW530,0.00020994086,-0.0004052366,784785
20140717,14:15:00.000,BBG000BF1R66,-0.0014365923,-0.0048468527,250589
20140717,14:15:00.000,BBG000BKNX95,-0.0027591176,-0.0067875492,1347578
20140717,14:15:00.000,BBG000BWP7D9,0.003055223,-0.0021031813,719717
20140717,14:15:00.000,BBG000BBMSJ6,0.0071856882,-0.004008647,645698
20140717,14:15:00.000,BBG000DN7P92,0.0033730427,-0.0013976401,856836
20140717,14:15:00.000,BBG000BCZYD3,-0.0025151346,-0.0067640767,204043
20140717,14:15:00.000,BBG000CVWGS6,-0.009481569,-0.00999387,3023183
20140717,14:15:00.000,BBG000BLHRS2,0.0014271393,-0.00048686648,796367
20140717,14:15:00.000,BBG000BY2Y78,-0.00020885254,-0.008370541,565226
20140717,14:15:00.000,BBG000BK6G19,0.0462044,0.03293054,3892504
20140717,14:15:00.000,BBG002S5ZRF9,0.025064686,0.012220945,431593
20140717,14:15:00.000,BBG000BNC3Y9,0.0040080845,-0.006758122,549354
20140717,14:15:00.000,BBG000BTCH57,-0.0018275909,-0.011503585,674092
20140717,14:15:00.000,BBG000BB03M1,0.0056036604,0.00072623417,1005717
20140717,14:15:00.000,BBG000BN84F3,-0.0035591642,-0.002845727,750909
20140717,14:15:00.000,BBG000BB5BF6,0.0054920833,-0.00216607,1078571
20140717,14:15:00.000,BBG000FDBX90,0.0052829385,0.002007015,2184737
20140717,14:15:00.000,BBG000RGM5P1,0.01315645,0.0055593746,723209
20140717,14:15:00.000,BBG000BB5373,-0.0031279076,-0.0108169345,3060512
20140717,14:15:00.000,BBG000BFDLV8,0.002719366,-0.0034537038,1059591
20140717,14:15:00.000,BBG000BGRKT6,0.00063825655,-0.00032970315,256274
20140717,14:15:00.000,BBG000BTVJ25,-0.0073969183,-0.011598067,1053562
20140717,14:15:00.000,BBG000BVMPN3,-0.005260763,-0.012088096,947618
20140717,14:15:00.000,BBG000C2ZCH8,0.0045521185,4.838817e-05,488968
20140717,14:15:00.000,BBG0014GJCT9,0.0057940977,0.0020619181,832516
20140717,14:15:00.000,BBG000C11MQ5,-0.0011432339,-0.018313907,575897
20140717,14:15:00.000,BBG003P9ZSL3,0.0014464043,0.0035335703,486650
20140717,14:15:00.000,BBG000BX5ZF5,0.0073329713,3.213742e-07,4257751
20140717,14:15:00.000,BBG000C2V3D6,-0.013235703,-0.023523083,3117583
20140717,14:15:00.000,BBG000BQVTF5,0.0013277237,-0.0061991354,602818
20140717,14:15:00.000,BBG000D2M0Z7,-0.003969856,-0.009145115,340771
20140717,14:15:00.000,BBG000CHPY97,-0.012642465,-0.025028024,3067822
20140717,14:15:00.000,BBG000N746D6,0.007676501,-0.005683093,1593357
20140717,14:15:00.000,BBG000M1R011,0.016985597,0.009678088,1341782
20140717,14:15:00.000,BBG000BHLYP4,0.008545098,0.0010490348,552089
20140717,14:15:00.000,BBG000BB6G37,0.0040851054,-0.0060546193,613074
20140717,14:15:00.000,BBG000BR14K5,-0.0020537989,-0.0059730522,400673
20140717,14:15:00.000,BBG000PX3XC0,-0.0048840004,-0.018075628,2065390
20140717,14:15:00.000,BBG000J1QLT0,-0.005675603,-0.0046997466,562687
20140717,14:15:00.000,BBG0039320N9,-0.008272841,-0.008584795,1337414
20140717,14:15:00.000,BBG000BC4JJ4,-0.002933634,-0.002773246,612836
20140717,14:15:00.000,BBG000BM7HL0,0.01054614,0.008210896,1056581
20140717,14:15:00.000,BBG000BP1Q11,-0.0037946445,-0.006414601,450937
20140717,14:15:00.000,BBG000BF6LY3,-0.004322423,-0.013883001,1195269
20140717,14:15:00.000,BBG000BF5RY1,0.0028957014,0.003711764,1602444
20140717,14:15:00.000,BBG000BFTJ91,-0.009615264,-0.008959947,1051863
20140717,14:15:00.000,BBG000BR54L0,0.009501164,-0.01652892,3867333
20140717,14:15:00.000,BBG000J5Q6L2,0.009777001,-0.0012291556,2481124
20140717,14:15:00.000,BBG000BCWCG1,-0.020300556,-0.030308038,2417739
20140717,14:15:00.000,BBG000TWC2V5,-0.003940879,-0.0075812917,397195
20140717,14:15:00.000,BBG000BCYP43,-0.009390955,-0.012565471,366975
20140717,14:15:00.000,BBG000C221G9,-0.0069525423,-0.017819565,957932
20140717,14:15:00.000,BBG000BZTW70,0.010456317,-0.0024079555,2533874
20140717,14:15:00.000,BBG000BKZTP3,-0.0027689007,-0.006002088,1029096
20140717,14:15:00.000,BBG000R8ZVD1,0.0066025485,0.0010497024,1697114
20140717,14:15:00.000,BBG000CKVSG8,-0.015857076,-0.02698578,1677058
20140717,14:15:00.000,BBG000DNTSP4,0.0027952632,-0.003279749,1683451
20140717,14:15:00.000,BBG000BP4MH0,0.0028729085,-0.002306397,741167
20140717,14:15:00.000,BBG000BR3KL6,-0.0041736513,-0.015127678,425362
20140717,14:15:00.000,BBG000BJQWD2,0.005330813,-0.0039776713,729546
20140717,14:15:00.000,BBG000G0Z878,0.0004338076,-0.00713233,1084013
20140717,14:15:00.000,BBG000D7RKJ5,0.005147032,0.0019369528,1056950
20140717,14:15:00.000,BBG000G9CGL0,-0.004527233,-0.012488926,465178
20140717,14:15:00.000,BBG000DTMH63,0.0033040093,-0.0066535403,2114700
20140717,14:15:00.000,BBG0029BK2G7,-0.012049248,-0.018526206,825781
20140717,14:15:00.000,BBG000G3QLY3,0.002899367,-0.0052783447,331575
20140717,14:15:00.000,BBG000BP0KQ8,0.0052419337,0.003771188,2227286
20140717,14:15:00.000,BBG001NVJ6W4,-0.04277345,-0.056837343,4512876
20140717,14:15:00.000,BBG000BSBZH7,0.0040215086,0.0050692274,3023686
20140717,14:15:00.000,BBG000BHGCD1,0.0009275199,-0.011183401,388845
20140717,14:15:00.000,BBG000BL9JQ1,-0.0030124236,-0.00848681,771698
20140717,14:15:00.000,BBG000BH5DV1,-0.0013848052,-0.0012260813,529506
20140717,14:15:00.000,BBG000QW7VC1,0.007854968,0.0077061174,4828437
20140717,14:15:00.000,BBG000DQTXY6,-0.0060990504,-0.031989183,3588549
20140717,14:15:00.000,BBG000QY3XZ2,-0.0041213897,-0.017071985,993830
20140717,14:15:00.000,BBG000BBBNC6,0.014258661,0.008637515,1171695
20140717,14:15:00.000,BBG000F15NW9,-0.00052521034,-0.004582059,991727
20140717,14:15:00.000,BBG000BNNKG9,-0.0007571315,-0.011706753,1748463
20140717,14:15:00.000,BBG000BFXHL6,-0.0018613829,-0.00083690026,1265064
20140717,14:15:00.000,BBG000BRRG02,0.008659672,0.008384998,713749
20140717,14:15:00.000,BBG000BHLYS1,0.0021535386,-0.0026471573,788555
20140717,14:15:00.000,BBG000CGQ6M4,-0.009078109,-0.0064075226,472400
20140717,14:15:00.000,BBG000C1S2X2,0.009729302,-0.008108243,828439
20140717,14:15:00.000,BBG000C7LMS8,-0.0038751038,-0.008133897,52818
20140717,14:15:00.000,BBG000MDCQC2,0.0005848962,0.00020637143,670332
20140717,14:15:00.000,BBG000JG0547,0.0043884423,-0.002422925,476617
20140717,14:15:00.000,BBG000CJZ2W6,0.014867683,0.002138396,1049482
20140717,14:15:00.000,BBG0020B4JG7,0.004746125,-0.0067954827,2102066
20140717,14:15:00.000,BBG000BNFLM9,-0.003348652,-0.00063231256,699904
20140717,14:15:00.000,BBG000BCBCM7,0.0022955723,-0.008932231,3426723
20140717,14:15:00.000,BBG000CS7CT9,0.0105555,0.0043582115,1451497
20140717,14:15:00.000,BBG000MZFMS2,-0.003035829,-0.011660028,670767
20140717,14:15:00.000,BBG000BKQ3V3,0.0046699066,-0.0054142447,1333060
20140717,14:15:00.000,BBG000BLCPY4,-0.0031913861,-0.015917357,377648
20140717,14:15:00.000,BBG000BC15S7,0.00459348,-0.0006140004,512191
20140717,14:15:00.000,BBG000FKJRC5,0.0014330614,-0.004325451,576284
20140717,14:15:00.000,BBG000BRJ809,0.0010725416,0.0027477096,461022
20140717,14:15:00.000,BBG000C2PW58,-0.004094877,-0.012856773,449048
20140717,14:15:00.000,BBG000BCVMH9,0.027470568,0.027493663,1377062
20140717,14:15:00.000,BBG000BQ2C28,0.0074278438,0.0024721094,438779
20140717,14:15:00.000,BBG000BBJQV0,0.01699616,0.0036164473,3543248
20140717,14:15:00.000,BBG000G2R6M0,0.008568318,0.020076577,3412123
20140717,14:15:00.000,BBG000BTKGG8,-0.013300698,-0.026025023,2456223
20140717,14:15:00.000,BBG000BMQPL1,-0.025099698,-0.034543674,13308683
20140717,14:15:00.000,BBG000BMF5J0,0.00070281234,-0.014951438,5414696
20140717,14:15:00.000,BBG000BB6WG8,0.002098329,-0.0029309741,1363314
20140717,14:15:00.000,BBG000BM6788,-0.0022520884,-0.014559121,1176772
20140717,14:15:00.000,BBG000FVXD63,-0.021971488,-0.03333507,2172490
20140717,14:15:00.000,BBG000C3HSR0,0.012166738,-0.0007092663,1704507
20140717,14:15:00.000,BBG000BN5HF7,-0.013080516,-0.026784096,1244344
20140717,14:15:00.000,BBG001QD41M9,-0.0025077993,-0.00933988,1060033
20140717,14:15:00.000,BBG000CXYSZ6,0.007089114,0.0067021707,461406
20140717,14:15:00.000,BBG000BVMGF2,0.00612955,0.0006878449,1051854
20140717,14:15:00.000,BBG0019JZ882,0.009989899,0.0013544636,6776736
20140717,14:15:00.000,BBG000BKPL53,-0.011014348,-0.014453775,482609
20140717,14:15:00.000,BBG000PYZSR8,-0.0054958556,-0.0007925085,1037960
20140717,14:15:00.000,BBG000F0KF42,-0.011207037,-0.019573933,1740204
20140717,14:15:00.000,BBG000FW00S1,-0.017253112,-0.027118253,4550975
20140717,14:15:00.000,BBG000BYYLS8,-0.017877184,-0.027009672,3443133
20140717,14:15:00.000,BBG000BB6M98,-0.005416876,-0.0065168343,1329523
20140717,14:15:00.000,BBG000D8RG11,-0.014093495,-0.022806453,4132457
20140717,14:15:00.000,BBG000CHWP52,0.01590642,0.019399725,2537976
20140717,14:15:00.000,BBG000D6L294,-0.0038696823,-0.016924832,671252
20140717,14:15:00.000,BBG000C3Y7J6,0.00042857087,-0.0013289786,493350
20140717,14:15:00.000,BBG000BM5SR2,-0.0028586702,-0.010182293,2984955
20140717,14:15:00.000,BBG000BS0ZF1,-0.0021876066,-0.0018658858,284680
20140717,14:15:00.000,BBG000C0F570,0.0032584893,-0.0066105346,1133453
20140717,14:15:00.000,BBG000C90DH9,-0.013893826,-0.009852063,4084285
20140717,14:15:00.000,BBG000BVWLJ6,-0.0031605007,-0.009464284,1245368
20140717,14:15:00.000,BBG000BRK7L6,0.00201391,-0.0072069583,1815828
20140717,14:15:00.000,BBG000BZ2GG4,0.004636575,-0.00093354646,770693
20140717,14:15:00.000,BBG000BVL2G3,0.0012576221,-0.00826257,678330
20140717,14:15:00.000,BBG000C2YHG9,-0.009352358,-0.00748174,818762
20140717,14:15:00.000,BBG001BPFT54,0.014406711,-0.007170572,1691753
20140717,14:15:00.000,BBG000BH2JM1,0.010404846,0.0130992085,2539670
20140717,14:15:00.000,BBG000BPVCR1,0.011215931,0.007544888,576836
20140717,14:15:00.000,BBG002BHBHM1,0.012116907,0.0071879863,1141047
20140717,14:15:00.000,BBG000Q3JN03,-0.015698139,-0.02917606,14352125
20140717,14:15:00.000,BBG000BPT0C6,-0.0122537995,-0.023313874,1425102
20140717,14:15:00.000,BBG000BQWPC5,-0.002186287,-0.008003313,1032286
20140717,14:15:00.000,BBG000BQ5DS5,-0.002654904,-0.003468189,779820
20140717,14:15:00.000,BBG000DY8ZS4,0.0069202334,-0.0017473825,5097941
20140717,14:15:00.000,BBG000R8L7J3,-0.013913957,-0.024251169,7049940
20140717,14:15:00.000,BBG000BS9489,-0.0071851197,-0.002871545,1026882
20140717,14:15:00.000,BBG000D898T9,0.009232506,0.0035224345,786086
20140717,14:15:00.000,BBG000BFL116,-0.0011691138,-0.019856542,1518095
20140717,14:15:00.000,BBG001YMS0B8,-0.0083062155,-0.011669421,1028026
20140717,14:15:00.000,BBG000QBR5J5,0.009797087,0.0049979617,2034790
20140717,14:15:00.000,BBG000BHC2S1,-0.0072864424,-0.011496057,908943
20140717,14:15:00.000,BBG000BX3TD3,0.005622895,-0.007819722,3483725
20140717,14:15:00.000,BBG000C1FQS9,-0.005070452,-0.007698178,777785
20140717,14:15:00.000,BBG000BLKK03,0.018438658,0.04516482,1173456
20140717,14:15:00.000,BBG000BKCFC2,0.0019165426,-0.0013173963,1638944
20140717,14:15:00.000,BBG000C4DPX1,0.002881605,-0.010863199,1025877
20140717,14:15:00.000,BBG000BHZ5J9,-0.025484296,-0.033734076,1534790
20140717,14:15:00.000,BBG000KLB4Q1,-0.01579866,-0.027414216,3275368
20140717,14:15:00.000,BBG000BMBL90,-0.0075777676,-0.012634246,1201583
20140717,14:15:00.000,BBG000C2BXK4,0.0007057286,-0.008999989,4489659
20140717,14:15:00.000,BBG000H0QBS7,0.0025206404,-0.0006740979,2782534
20140717,14:15:00.000,BBG000BQZMH4,-0.00081762025,-0.005312456,2152244
20140717,14:15:00.000,BBG000BLBXT4,-0.003712931,-0.010123974,1167267
20140717,14:15:00.000,BBG000BJ2VQ6,0.004507027,-0.007479918,1230233
20140717,14:15:00.000,BBG000BMY992,0.003383165,-0.0002028014,1179971
20140717,14:15:00.000,BBG000BXM6V2,0.010455172,0.002180546,1017993
20140717,14:15:00.000,BBG000BWSV34,-0.003206411,-0.009921836,590380
20140717,14:15:00.000,BBG000BKFBD7,0.0043179984,-0.0027371803,1184388
20140717,14:15:00.000,BBG000FP1N32,0.0108716795,0.0037831692,2078788
20140717,14:15:00.000,BBG000BT4T69,0.007517607,-0.00015922182,1450043
20140717,14:15:00.000,BBG000BFMBQ6,-0.013451483,0.013251773,2301599
20140717,14:15:00.000,BBG000C0HQ54,-0.0040264176,-0.010035691,583135
20140717,14:15:00.000,BBG000C0LW92,-0.015117638,-0.020210056,3933926
20140717,14:15:00.000,BBG000BVPPM1,-0.0060815234,-0.0108413575,989432
20140717,14:15:00.000,BBG000BMW2Z0,-0.004576131,-0.00945498,682230
20140717,14:15:00.000,BBG000BPWXK1,-0.0026052045,0.0099190585,3815101
20140717,14:15:00.000,BBG000GC80B4,-0.007323371,-0.011414571,4603951
20140717,14:15:00.000,BBG000BXWBN9,0.006179215,0.0037263024,2050498
20140717,14:15:00.000,BBG000BY33P5,0.0012942303,0.003355295,4718465
20140717,14:15:00.000,BBG000R7RDB4,-0.0013154479,-0.013333455,617897
20140717,14:15:00.000,BBG000MBDGM6,0.001310001,-0.0041201613,158325
20140717,14:15:00.000,BBG000BGLRN3,0.00049514294,-0.0035027396,840063
20140717,14:15:00.000,BBG000BWJFZ4,0.024414392,0.029191794,913753
20140717,14:15:00.000,BBG000BGVW60,0.00193232,-0.0028665005,621899
20140717,14:15:00.000,BBG000BNJHS8,0.004783487,-0.008917554,3063162
20140717,14:15:00.000,BBG000DKCC19,-0.00091269205,-0.004842387,1085949
20140717,14:15:00.000,BBG000BXMFC3,0.041993197,0.030981952,2335715
20140717,14:15:00.000,BBG000BSD7C2,0.0036497866,0.0010568653,546667
20140717,14:15:00.000,BBG000BSLZY7,-0.0013559675,-0.013059603,3332978
20140717,14:15:00.000,BBG000BMDV41,0.0033662273,-0.004365876,2589363
20140717,14:15:00.000,BBG001C7TST4,0.0007450751,-0.0069831884,1014408
20140717,14:15:00.000,BBG000BRJL00,0.0015616533,-0.0029717726,1153087
20140717,14:15:00.000,BBG000BRD0D8,-0.0069577345,-0.019253839,2468831
20140717,14:15:00.000,BBG000BND699,-0.004725823,-0.020287836,1628415
20140717,14:15:00.000,BBG000BB9KF2,-0.0028412926,-0.005534016,972618
20140717,14:15:00.000,BBG000C1BW00,0.011268772,0.0038381643,744159
20140717,14:15:00.000,BBG000BTZQC4,0.003469948,0.0066959793,2382299
20140717,14:15:00.000,BBG000BWNFZ9,-0.019428257,-0.027166696,1907868
20140717,14:15:00.000,BBG000BJ98Z0,0.0022054862,-0.0057877447,709126
20140717,14:15:00.000,BBG000CNFQW6,-0.010054297,-0.017897405,675195
20140717,14:15:00.000,BBG000BGPTV6,-0.0015025997,-0.009759521,535412
20140717,14:15:00.000,BBG000BB07P9,0.00013550614,0.010056662,7371448
20140717,14:15:00.000,BBG000C1FB75,0.013811275,0.008763675,693728
20140717,14:15:00.000,BBG001M8HHB7,0.01786645,0.0013248998,822079
20140717,14:15:00.000,BBG000DHSPT0,0.006676021,0.010874565,2167745
20140717,14:15:00.000,BBG000FQ6PY6,0.003324036,0.0025229896,1344066
20140717,14:15:00.000,BBG000BBDV81,0.0018555194,-0.006072518,2037502
20140717,14:15:00.000,BBG000VC0T95,-0.0119096255,-0.020317284,1287355
20140717,14:15:00.000,BBG000BKFZM4,0.0037247366,-0.0050418167,2792072
20140717,14:15:00.000,BBG000D13GN8,-0.023703495,-0.03888462,914801
20140717,14:15:00.000,BBG000C0MF34,-0.006725542,-0.0031819704,394074
20140717,14:15:00.000,BBG000BFNR17,0.018577548,0.008867545,845347
20140717,14:15:00.000,BBG000BK67C7,0.0016151409,-0.0039575626,403649
20140717,14:15:00.000,BBG000FJLFX8,0.0049378267,0.028547285,2349282
20140717,14:15:00.000,BBG000BH5LT6,-0.007930993,-0.021594472,3768294
20140717,14:15:00.000,BBG000BD8PN9,0.0068389345,-0.0010496341,2635411
20140717,14:15:00.000,BBG000BH3GZ2,-0.04870254,-0.058894698,9443547
20140717,14:15:00.000,BBG000BB5006,0.000672107,-0.0037997826,1125744
20140717,14:15:00.000,BBG000BTR593,-0.034756787,-0.041950323,4730627
20140717,14:15:00.000,BBG000BRWGG9,0.0016091601,-0.004234787,19694210
20140717,14:15:00.000,BBG000BJ3PD2,-0.0048631276,-0.011392035,946743
20140717,14:15:00.000,BBG000CSY9H9,0.011561259,0.0057503954,2714910
20140717,14:15:00.000,BBG000FNRZ69,-0.016145613,-0.020209365,3604008
20140717,14:15:00.000,BBG000C734W3,-0.007406543,-0.02533463,454994
20140717,14:15:00.000,BBG000BCGY17,0.0025508846,0.0009983891,2507749
20140717,14:15:00.000,BBG000BCVJ77,0.0069680917,0.0054846117,1550100
20140717,14:15:00.000,BBG000C46HM9,0.0018720165,-0.0014006504,1435528
20140717,14:15:00.000,BBG000BJPDZ1,0.017474132,0.0116236275,329777
20140717,14:15:00.000,BBG000BJL3N0,-0.043283746,-0.052449435,15792088
20140717,14:15:00.000,BBG000BGJRC8,-0.0036547028,-0.0044911318,3745354
20140717,14:15:00.000,BBG000BBD070,0.0045452556,-0.0023178242,1484368
20140717,14:15:00.000,BBG000BFQYY3,-0.00023695831,-0.0066247866,1237057
20140717,14:15:00.000,BBG000BPQD31,0.005835539,0.0013558579,2440744
20140717,14:15:00.000,BBG000BJ81C1,-0.0009859225,-0.005230069,526971
20140717,14:15:00.000,BBG000B9WH86,0.002698251,-0.011455479,14831897
20140717,14:15:00.000,BBG000D42FJ0,0.023130026,0.0075683068,1314353
20140717,14:15:00.000,BBG000BHX7N2,-0.0024647168,-0.010151896,1888958
20140717,14:15:00.000,BBG000BH3JF8,-0.02949498,-0.047094446,6853281
20140717,14:15:00.000,BBG000JWD753,-0.0017061906,-0.01168545,7226534
20140717,14:15:00.000,BBG000BHGDH5,0.0057355394,0.0024174948,1439883
20140717,14:15:00.000,BBG0014GG205,-0.0057775443,-0.02411353,3537191
20140717,14:15:00.000,BBG000G30YX4,0.0029422243,-0.015935067,884082
20140717,14:15:00.000,BBG000BCG930,-0.0027209418,0.023397598,2579315
20140717,14:15:00.000,BBG000BWVCP8,0.002512562,-0.004538929,2107437
20140717,14:15:00.000,BBG000C3GN47,-0.019865638,-0.029407421,3838620
20140717,14:15:00.000,BBG000BT9DW0,0.0044530635,-0.00044705212,2362050
20140717,14:15:00.000,BBG000BV8DN6,-0.0040503307,-0.005324057,3706343
20140717,14:15:00.000,BBG0029SNR63,0.019042859,0.018124178,4161886
20140717,14:15:00.000,BBG000HCJMF9,0.0013723634,-0.009301712,955706
20140717,14:15:00.000,BBG000D9D830,0.005400519,0.0008144589,1167700
20140717,14:15:00.000,BBG000F6H8W8,-0.0048760124,-0.00814631,741022
20140717,14:15:00.000,BBG000B9ZXB4,0.033911422,0.029967258,8614971
20140717,14:15:00.000,BBG000BVDLH9,0.014124612,0.0046974462,1789698
20140717,14:15:00.000,BBG000BBVJZ8,-0.0065908106,-0.018293522,2422358
20140717,14:15:00.000,BBG000BWXBC2,0.0031972658,-0.0006496874,2110723
20140717,14:15:00.000,BBG000WCFV84,0.004484062,0.007442412,1346362
20140717,14:15:00.000,BBG000BFDXW1,0.0071189236,-0.0057329712,2078898
20140717,14:15:00.000,BBG000DYGNW7,0.008676304,0.0065017594,581560
20140717,14:15:00.000,BBG000BNBDC2,-0.0010780805,-0.0039808457,1417869
20140717,14:15:00.000,BBG000BJSBJ0,0.0009380556,-0.0037491438,742231
20140717,14:15:00.000,BBG000BJF1Z8,-0.0005453876,-0.008357928,1283089
20140717,14:15:00.000,BBG000BY29C7,0.011084534,0.01184393,3346963
20140717,14:15:00.000,BBG000BH13K9,0.00185286,0.002307802,2378898
20140717,14:15:00.000,BBG000BH1NH9,-0.011165469,-0.016657684,2294809
20140717,14:15:00.000,BBG000BLZRJ2,0.0049472456,-0.0046161767,12324208
20140717,14:15:00.000,BBG000BVV7G1,0.001567352,-0.010397977,2755266
20140717,14:15:00.000,BBG000BL4504,-0.0149383275,-0.026584595,5064527
20140717,14:15:00.000,BBG000BB6KF5,0.0020865635,-0.0087578595,2446651
20140717,14:15:00.000,BBG000DSMS70,0.008861561,-0.010784269,521519
20140717,14:15:00.000,BBG000C8H633,0.0007165328,-0.009936656,2286516
20140717,14:15:00.000,BBG001DCCGR8,-0.0040478627,-0.013197399,1642917
20140717,14:15:00.000,BBG000QX74T1,0.0033562002,-0.010202694,262798
20140717,14:15:00.000,BBG000M65M61,-0.007598457,-0.022943437,5528671
20140717,14:15:00.000,BBG000F80SZ5,0.018371338,0.005544969,9667482
20140717,14:15:00.000,BBG000C5HS04,0.000847603,-0.0024061997,2574156
20140717,14:15:00.000,BBG000H556T9,-0.0008684921,-0.0051351404,2136969
20140717,14:15:00.000,BBG000NV1KK7,-0.013904319,-0.016377846,2894149
20140717,14:15:00.000,BBG000L9CV04,-0.0054068943,-0.014111659,1588954
20140717,14:15:00.000,BBG000BXRPH1,0.010757644,-0.00423137,551335
20140717,14:15:00.000,BBG000BNDN65,0.00203431,-0.004405847,2880318
20140717,14:15:00.000,BBG000BGKTF9,-0.010309797,-0.015823688,2208901
20140717,14:15:00.000,BBG00286S4N9,-0.004365599,-0.010201332,1247253
20140717,14:15:00.000,BBG000H89QJ6,-0.012689878,-0.009209067,1029642
20140717,14:15:00.000,BBG000BNWG87,-0.012309277,-0.016368631,4807277
20140717,14:15:00.000,BBG000BJX8C8,0.0011553523,-0.0042180936,1771231
20140717,14:15:00.000,BBG000BD4VG8,-0.010581175,-0.019289292,3024199
20140717,14:15:00.000,BBG000D4LWF6,0.0007289726,-0.0020976716,3762517
20140717,14:15:00.000,BBG000FL1TC8,-0.009799756,-0.004259992,1400347
20140717,14:15:00.000,BBG000FFDM15,-0.004380473,-0.012698841,7007281
20140717,14:15:00.000,BBG000BBPFB9,0.0035070474,0.004376735,7876642
20140717,14:15:00.000,BBG000BN2DC2,-0.010936314,-0.015570992,1951908
20140717,14:15:00.000,BBG000BCQZS4,-0.0024036947,-0.009580489,1532687
20140717,14:15:00.000,BBG000CPQZ77,0.011046025,0.0052118404,5307191
20140717,14:15:00.000,BBG000BP52R2,0.0069801123,-0.012659772,1686125
20140717,14:15:00.000,BBG000J6XT05,-0.01825753,-0.023378946,5675591
20140717,14:15:00.000,BBG000BJDB15,-0.017532334,-0.0064379787,5050430
20140717,14:15:00.000,BBG000LD9JQ8,-0.00789727,-0.015259322,1415235
20140717,14:15:00.000,BBG000FG3C43,-0.12122223,-0.13096537,20993924
20140717,14:15:00.000,BBG000BC2C10,0.011925548,0.0010515631,1999474
20140717,14:15:00.000,BBG000BGRY34,0.003747413,-0.0029314589,1187592
20140717,14:15:00.000,BBG000CTQBF3,0.001679908,-0.008637349,2206568
20140717,14:15:00.000,BBG000H8TVT2,0.00020172953,-0.004654614,2575436
20140717,14:15:00.000,BBG0025Y4RY4,0.019442614,0.013608335,12965765
20140717,14:15:00.000,BBG000F1ZSQ2,-0.008649633,-0.017625947,2648526
20140717,14:15:00.000,BBG000CH5208,0.010775014,0.028183937,4602215
20140717,14:15:00.000,BBG000KHWT55,-0.0021279727,-0.008616297,5970900
20140717,14:15:00.000,BBG000BFWKC0,0.004476318,-0.0012886521,1812694
20140717,14:15:00.000,BBG000BP6LJ8,-0.003069753,-0.0028697965,3557904
20140717,14:15:00.000,BBG000BW8S60,-0.0021152084,-0.007652184,2769469
20140717,14:15:00.000,BBG000BWLMJ4,0.000675295,-0.008612414,2342253
20140717,14:15:00.000,BBG000Q2HM09,0.0048147454,-0.011103451,1951494
20140717,14:15:00.000,BBG000BW3299,-0.003147633,-0.00447215,1223363
20140717,14:15:00.000,BBG000BC40Y8,-0.020403072,-0.030926181,3530240
20140717,14:15:00.000,BBG000BBS2Y0,-0.0007440345,-0.013295082,1498874
20140717,14:15:00.000,BBG000DWG505,-0.0042659957,-0.00812157,1411538
20140717,14:15:00.000,BBG000BQQ2S6,-0.0021993562,-0.011207126,1569743
20140717,14:15:00.000,BBG000BZ9223,0.007401372,-0.0052934214,1400477
20140717,14:15:00.000,BBG000DH7JK6,-0.00072186836,-0.0012715473,1457212
20140717,14:15:00.000,BBG000BHVJJ3,0.0035585577,-0.004815898,7479754
20140717,14:15:00.000,BBG000J2XL74,0.008278375,0.009331271,3561861
20140717,14:15:00.000,BBG000C17X76,0.014845949,-0.0025679255,1053059
20140717,14:15:00.000,BBG000BHBK84,0.0012398798,-0.0051867208,2236023
20140717,14:15:00.000,BBG000Q9HH23,0.018591005,0.007704241,962347
20140717,14:15:00.000,BBG000F0PF65,0.034773543,0.038375705,21808042
20140717,14:15:00.000,BBG000BF0K17,-0.0035865742,-0.0092598125,1784226
20140717,14:15:00.000,BBG000C15T95,-0.00175553,-0.001365063,3682094
20140717,14:15:00.000,BBG000NDYB67,0.002273295,-0.0026689754,7074018
20140717,14:15:00.000,BBG000DWYF03,-0.00022321672,-1.871679e-07,27085072
20140717,14:15:00.000,BBG000C6CFJ5,0.006381332,-0.0008797543,2608436
20140717,14:15:00.000,BBG000BKTFN2,-0.0059853545,-0.01426294,3740303
20140717,14:15:00.000,BBG000BBGGQ1,-0.006604997,-0.014581642,4251538
20140717,14:15:00.000,BBG000DLFM21,,,1888428
20140717,14:15:00.000,BBG000BBDZG3,-0.0037806958,-0.0016357967,3723931
20140717,14:15:00.000,BBG000DQLV23,0.00075502525,-0.0047135036,3132878
20140717,14:15:00.000,BBG000BCSST7,0.0007750978,-0.0029041157,3122622
20140717,14:15:00.000,BBG000BQLTW7,0.0016557741,-2.2383783e-07,16028263
20140717,14:15:00.000,BBG000BQPC32,0.0065164967,0.005621897,33632732
20140717,14:15:00.000,BBG000BFC8J2,-0.008397214,-0.022778811,2545326
20140717,14:15:00.000,BBG000BQQH30,0.0014498348,-0.008144349,3068731
20140717,14:15:00.000,BBG000BMX289,-0.0016541841,-0.0014263423,4272091
20140717,14:15:00.000,BBG000BNSZP1,0.0022945057,-0.005240067,2484060
20140717,14:15:00.000,BBG005P7Q881,-0.008218105,-0.021969121,8569119
20140717,14:15:00.000,BBG000FH8PX5,,,905913
20140717,14:15:00.000,BBG000R7Z112,-0.0049876366,-0.020066015,11025721
20140717,14:15:00.000,BBG000BH4R78,0.007884303,0.0033969565,4091417
20140717,14:15:00.000,BBG000BKZB36,0.0042515765,-0.00062783237,2745345
20140717,14:15:00.000,BBG000BPD168,0.0009367261,-0.0029255021,3322075
20140717,14:15:00.000,BBG000BHQ1H0,0.012492248,0.007358173,811470
20140717,14:15:00.000,BBG000C496P7,,,20592324
20140717,14:15:00.000,BBG000C43RR5,0.025880765,0.020514753,14700833
20140717,14:15:00.000,BBG000BT41Q8,0.004635476,-0.006042979,3447828
20140717,14:15:00.000,BBG000PSKYX7,-0.0024245027,-0.012806253,1407189
20140717,14:15:00.000,BBG000BR2TH3,0.0044123987,-0.002410128,3361191
20140717,14:15:00.000,BBG000GFFQN9,-0.0064911684,-0.018942857,25983792
20140717,14:15:00.000,BBG000CGC1X8,-0.014220464,-0.012560916,7011575
20140717,14:15:00.000,BBG000BMHYD1,-0.006205113,-0.010765604,5481680
20140717,14:15:00.000,BBG000BFT2L4,-0.0119530205,-0.010537538,8377780
20140717,14:15:00.000,BBG000HS77T5,-0.002229076,-0.008438816,6104142
20140717,14:15:00.000,BBG000K4ND22,0.0061002593,-0.0013748476,2468791
20140717,14:15:00.000,BBG000C3J3C9,-0.012105646,-0.009239028,18631772
20140717,14:15:00.000,BBG000BK6MB5,0.00497344,-0.009630692,22032946
20140717,14:15:00.000,BBG000BWQFY7,0.008240821,-0.004689892,12924043
20140717,14:15:00.000,BBG000BLNNH6,0.009590667,0.0080576325,4689772
20140717,14:15:00.000,BBG000H6HNW3,-0.0030338084,-0.013894579,16283447
20140717,14:15:00.000,BBG000DMBXR2,0.0025363888,-0.008517333,8845924
20140717,14:15:00.000,BBG000BSJK37,0.0012432287,-0.0057619866,10309603
20140717,14:15:00.000,BBG000FY4S11,0.0054693646,-0.0058218674,15050509
20140717,14:15:00.000,BBG000C5Z1S3,-0.022641975,-0.037523374,24832004
20140717,14:15:00.000,BBG000BR2B91,-0.00090596813,-0.005169348,20652440
20140717,14:15:00.000,BBG000N9MNX3,0.014629382,0.0034757482,2946948
20140717,14:15:00.000,BBG000C0G1D1,-0.009275473,-0.019916432,50809016
20140717,14:15:00.000,BBG002W96FT9,-0.0068008527,-0.015971774,1426051
20140717,14:15:00.000,BBG000BLBVN4,-0.0010373046,-0.011879332,580217
20140717,14:15:00.000,BBG000CKGBP2,0.003055569,-0.0128753325,9418551
20140717,14:15:00.000,BBG000GZQ728,0.00010607376,-0.006168571,3731700
20140717,14:15:00.000,BBG000BVPV84,0.006964975,-0.008962467,2330632
20140717,14:15:00.000,BBG000BPH459,0.016953174,0.016566053,59246240
20140717,14:15:00.000,BBG000BCTLF6,-0.00336383,-0.018058375,64539032
20140717,14:15:00.000,BBG000BHSKN9,-0.0057557225,-0.014710822,1484008
20140717,14:15:00.000,BBG000CL9VN6,0.0072983904,-0.0045889025,1382105
20140717,14:15:00.000,BBG000MM2P62,0.006274329,-0.007983287,25666316
20140717,14:15:00.000,BBG000B9XRY4,-0.007490341,-0.014349429,34563004
20140717,14:30:00.000,BBG000PCQQL6,-0.0013744594,-0.0041789412,1213914
20140717,14:30:00.000,BBG000BJP882,-0.010108344,-0.006426911,639236
20140717,14:30:00.000,BBG000BMFFQ0,-5.0796163e-05,-0.001379178,499233
20140717,14:30:00.000,BBG000K1J931,0.012261121,-0.014728779,1675949
20140717,14:30:00.000,BBG000BQ87N0,-0.0015101815,-0.004177062,416654
20140717,14:30:00.000,BBG000BBCQD7,0.0035394111,1.3771123e-07,2906327
20140717,14:30:00.000,BBG000BQHGR6,-0.0002822761,-0.0071818545,452986
20140717,14:30:00.000,BBG000C75N77,-0.012053755,-0.025056167,1040642
20140717,14:30:00.000,BBG000BJ8YN7,0.0035644833,-0.0041740257,1471811
20140717,14:30:00.000,BBG000BLXZN1,0.012547498,0.0052499836,1666203
20140717,14:30:00.000,BBG000BV4XJ1,0.011683372,-0.007168432,275451
20140717,14:30:00.000,BBG000QKPTS5,0.016928622,0.005817376,738243
20140717,14:30:00.000,BBG000BV75B7,-0.0035053962,-0.0121870395,310045
20140717,14:30:00.000,BBG000CB8Q50,-0.001512963,-0.0026806742,491418
20140717,14:30:00.000,BBG000BNPSQ9,-0.0012796634,-0.024546124,1031730
20140717,14:30:00.000,BBG000H4YVR7,-0.017477293,-0.03530967,547393
20140717,14:30:00.000,BBG000JB27Y9,0.003080766,-0.00067628094,468565
20140717,14:30:00.000,BBG000BVHBM1,0.0065469495,-0.020680929,1170347
20140717,14:30:00.000,BBG000BQSQ38,0.00074672746,-0.0064045517,871491
20140717,14:30:00.000,BBG001XJRMF5,-0.008835947,-0.0013862819,775961
20140717,14:30:00.000,BBG000BNGTQ7,0.00020406803,-0.0013082952,1106427
20140717,14:30:00.000,BBG000B9X8C0,0.002371973,-0.0017622622,528814
20140717,14:30:00.000,BBG000GPXKX9,-0.0043039443,-0.012400122,364398
20140717,14:30:00.000,BBG000BV7LP7,0.0040257717,0.0011544848,1090313
20140717,14:30:00.000,BBG001NY45K9,-0.027638065,-0.041504994,3124837
20140717,14:30:00.000,BBG000L8CBX4,-0.006020371,-0.0062828027,148493
20140717,14:30:00.000,BBG000BHCP19,0.010819961,-0.0036923864,495792
20140717,14:30:00.000,BBG000JKCWS0,-0.0034637875,-0.006162274,178283
20140717,14:30:00.000,BBG000CPHYL4,-0.0025172979,-0.0054397336,1060305
20140717,14:30:00.000,BBG000F86GP6,0.0041321106,-0.0040466976,248482
20140717,14:30:00.000,BBG000V31J96,0.0011953278,-0.006184063,1695345
20140717,14:30:00.000,BBG000BWVSR1,-0.0034464807,-0.007727507,448304
20140717,14:30:00.000,BBG000DLVDK3,0.014576778,0.030170644,1490159
20140717,14:30:00.000,BBG003641015,0.0007290189,-0.0059476513,639412
20140717,14:30:00.000,BBG000BQD1J2,0.00082471553,-0.00030711366,22760708
20140717,14:30:00.000,BBG000BWXL85,-0.0071714413,-0.009574469,591344
20140717,14:30:00.000,BBG001J1QN87,-0.008464159,-0.029011995,321771
20140717,14:30:00.000,BBG000BFJ645,0.0009434281,-0.007862212,3952032
20140717,14:30:00.000,BBG000BPZBB6,0.0014367449,-0.0033590817,459955
20140717,14:30:00.000,BBG000RNTSX0,0.0073263533,0.0024080416,777910
20140717,14:30:00.000,BBG000C23KJ3,0.0028289868,-0.0059039425,1963098
20140717,14:30:00.000,BBG000CZWZ05,0.022796603,0.0021291578,1348956
20140717,14:30:00.000,BBG000CR90K4,0.003306968,-0.014049292,22456682
20140717,14:30:00.000,BBG000BBL0Y1,0.00021557228,-0.015572592,868983
20140717,14:30:00.000,BBG000BKQG80,0.0030210942,-0.0045599975,565109
20140717,14:30:00.000,BBG000K14Q84,-0.0013514314,-0.0129145775,2390736
20140717,14:30:00.000,BBG000Q0BPZ4,0.0021080205,-0.0099533545,714774
20140717,14:30:00.000,BBG000BHB3M6,-0.003269088,-0.013593891,1127428
20140717,14:30:00.000,BBG000BLMZK6,-0.011499625,-0.021104893,906443
20140717,14:30:00.000,BBG000QFJ7H3,0.008974862,-0.0034290294,752292
20140717,14:30:00.000,BBG000BLDV98,-0.0022962631,-0.010747449,850116
20140717,14:30:00.000,BBG000PLXQQ3,0.023679277,0.021342522,3963767
20140717,14:30:00.000,BBG000BGYMH7,0.0060657607,-0.0064003468,319661
20140717,14:30:00.000,BBG000H9G7X2,-0.0011373701,-0.008578854,1276258
20140717,14:30:00.000,BBG000BRZJR8,0.017965281,-0.004569345,1934613
20140717,14:30:00.000,BBG000BJDPC2,-0.007824422,-0.0107430965,645879
20140717,14:30:00.000,BBG000BDY3Y7,-0.007829265,-0.012971337,1621165
20140717,14:30:00.000,BBG000BPNP00,0.0068674935,-0.004765669,1088780
20140717,14:30:00.000,BBG000BBB3K1,0.0012535901,-0.0017208856,2132468
20140717,14:30:00.000,BBG000BFV115,-0.0022145964,-0.014374423,673471
20140717,14:30:00.000,BBG000CXD6X9,-0.004874465,-0.007533374,1116342
20140717,14:30:00.000,BBG000QN4GY3,-0.018742962,-0.027138265,1382757
20140717,14:30:00.000,BBG000BWCKB6,-0.0087376125,-0.0087763965,1541017
20140717,14:30:00.000,BBG000BKXFN7,-0.0010001269,-0.014447173,1141196
20140717,14:30:00.000,BBG000F9KJN4,-0.005068691,-0.01264415,1124140
20140717,14:30:00.000,BBG000BQV1S2,0.0036916488,-0.013713259,487277
20140717,14:30:00.000,BBG000BTQR96,-0.0009834258,-0.010202323,673493
20140717,14:30:00.000,BBG000F6ZWH2,-0.0044084317,-0.011575647,901536
20140717,14:30:00.000,BBG000BMZ7P7,0.006264524,0.0003532907,837061
20140717,14:30:00.000,BBG000BB29X4,0.0039053129,-0.0006566079,487493
20140717,14:30:00.000,BBG000BBCDZ2,-0.0073363385,-0.0146458065,406413
20140717,14:30:00.000,BBG000C6F3T8,0.019007342,0.0059105675,18516538
20140717,14:30:00.000,BBG000BFVXX0,0.0028578483,-4.627115e-07,916362
20140717,14:30:00.000,BBG000G6BN50,-0.003924064,-0.014102819,239428
20140717,14:30:00.000,BBG000BRXP69,-0.0010792965,-0.0063664927,597988
20140717,14:30:00.000,BBG000BPMH90,0.020101411,0.008715624,1382937
20140717,14:30:00.000,BBG000D9DMK0,0.00044066345,4.6973895e-05,954780
20140717,14:30:00.000,BBG000D14WM3,0.0013216942,-0.012719589,7257616
20140717,14:30:00.000,BBG000PVRDL2,0.0081675155,0.024244387,3304428
20140717,14:30:00.000,BBG000BSC0K9,0.0010161619,-0.0014663849,716768
20140717,14:30:00.000,BBG000R0L5J4,0.014662425,0.0052681486,1341666
20140717,14:30:00.000,BBG000JH6683,-0.0006205101,-0.031440757,995614
20140717,14:30:00.000,BBG000BG14P4,0.0142120095,-0.007560709,939813
20140717,14:30:00.000,BBG000D9KWL9,0.014779198,0.003231517,668046
20140717,14:30:00.000,BBG000BKWSR6,-0.012844444,-0.021817451,6717674
20140717,14:30:00.000,BBG000BC9938,0.0046527092,-0.001541621,904199
20140717,14:30:00.000,BBG000BB1TH9,-0.0046144472,-0.010615054,526194
20140717,14:30:00.000,BBG000BJ49H3,-0.004269495,-0.009898304,1115799
20140717,14:30:00.000,BBG000BFS7D3,0.0023443245,-0.002483694,387823
20140717,14:30:00.000,BBG000BN9WT5,0.005929478,-0.0058328393,713064
20140717,14:30:00.000,BBG000BKR1D6,0.0022419493,-0.0042672865,933891
20140717,14:30:00.000,BBG000BFRF55,0.009732245,-0.005409272,3481672
20140717,14:30:00.000,BBG000BKTT89,0.0007057143,-0.012384199,399972
20140717,14:30:00.000,BBG000BQ8KV2,0.0009894535,-0.010196719,850784
20140717,14:30:00.000,BBG000BQVWZ6,-0.005373754,-0.02023223,4336808
20140717,14:30:00.000,BBG000BHKYH4,-0.0004152736,1.3376716e-07,480165
20140717,14:30:00.000,BBG000BS7KS3,-0.0063989786,-0.006487975,451237
20140717,14:30:00.000,BBG000CGT2S4,-0.04882665,-0.060697094,5263505
20140717,14:30:00.000,BBG000F7RCJ1,-0.0012590461,-0.0094823735,273930
20140717,14:30:00.000,BBG000BMTFR4,0.00053981843,0.00047155382,1221628
20140717,14:30:00.000,BBG000TJM7F0,-0.003557,-0.002697021,694108
20140717,14:30:00.000,BBG000BMKDM3,0.0028233423,0.00015145126,775894
20140717,14:30:00.000,BBG000FLZN98,0.0020017228,-0.00827431,558441
20140717,14:30:00.000,BBG000BKLH74,-0.0010224504,-0.0025158892,2808720
20140717,14:30:00.000,BBG000BCTQ65,0.0009648375,-0.0031534543,1104091
20140717,14:30:00.000,BBG000D1QCF1,-0.0049780803,-0.009043195,683729
20140717,14:30:00.000,BBG000BSXQV7,0.04503436,0.04165246,1047942
20140717,14:30:00.000,BBG000BG09F5,-0.02082295,-0.0329577,731788
20140717,14:30:00.000,BBG000FLPRH1,-0.0080265235,-0.014391376,549226
20140717,14:30:00.000,BBG000PV2L86,-0.0010366283,-0.007851534,298369
20140717,14:30:00.000,BBG000BGYWY6,-0.0018748085,-0.00945298,362365
20140717,14:30:00.000,BBG000C060M4,-0.00023959418,-0.008052785,280041
20140717,14:30:00.000,BBG000BDXGP9,-0.00806744,-0.0106889475,1793219
20140717,14:30:00.000,BBG000BGD7W6,-0.00013705948,-0.0066448264,1055208
20140717,14:30:00.000,BBG000BP8Z50,-0.0012609512,-0.004721294,619233
20140717,14:30:00.000,BBG000HW5GX3,-9.052498e-06,-0.012055364,1040707
20140717,14:30:00.000,BBG000C4ZZ10,-0.007123867,-0.01417486,251498
20140717,14:30:00.000,BBG000BNNYW1,-0.070534,-0.072005,10497197
20140717,14:30:00.000,BBG000BR37X2,-8.0649517e-07,-0.0040932223,2072656
20140717,14:30:00.000,BBG000BLW530,0.002378674,0.0012723787,828529
20140717,14:30:00.000,BBG000BF1R66,-0.0012492352,-0.006018912,266006
20140717,14:30:00.000,BBG000BKNX95,-0.0050076186,-0.010002458,1419478
20140717,14:30:00.000,BBG000BWP7D9,0.0022922861,-0.0042065443,756320
20140717,14:30:00.000,BBG000BBMSJ6,0.007076368,-0.005726708,679684
20140717,14:30:00.000,BBG000DN7P92,0.0030448493,-0.0023090804,902053
20140717,14:30:00.000,BBG000BCZYD3,-0.0029462622,-0.007856421,216893
20140717,14:30:00.000,BBG000CVWGS6,-0.010411469,-0.011297334,3137417
20140717,14:30:00.000,BBG000BLHRS2,0.0022408827,-0.0003242721,862344
20140717,14:30:00.000,BBG000BY2Y78,-0.00040593784,-0.009416992,589526
20140717,14:30:00.000,BBG000BK6G19,0.046453614,0.03328205,3982452
20140717,14:30:00.000,BBG002S5ZRF9,0.020786325,0.005891097,453570
20140717,14:30:00.000,BBG000BNC3Y9,0.0027888205,-0.008756717,584580
20140717,14:30:00.000,BBG000BTCH57,-0.0017309843,-0.012117134,714936
20140717,14:30:00.000,BBG000BB03M1,0.0064619957,0.00094416307,1072989
20140717,14:30:00.000,BBG000BN84F3,-0.0023782249,-0.0030081938,794833
20140717,14:30:00.000,BBG000BB5BF6,0.007499013,-0.0010828503,1128664
20140717,14:30:00.000,BBG000FDBX90,0.005571568,0.0012048726,2347778
20140717,14:30:00.000,BBG000RGM5P1,0.0144268535,0.005559295,780206
20140717,14:30:00.000,BBG000BB5373,-0.0023942762,-0.010817032,3167764
20140717,14:30:00.000,BBG000BFDLV8,0.002278593,-0.004292867,1122015
20140717,14:30:00.000,BBG000BGRKT6,0.0011327014,-0.00028830793,273029
20140717,14:30:00.000,BBG000BTVJ25,-0.007371878,-0.012407256,1082940
20140717,14:30:00.000,BBG000BVMPN3,-0.0061472156,-0.013736581,1006381
20140717,14:30:00.000,BBG000C2ZCH8,0.005086949,-0.0007342431,509953
20140717,14:30:00.000,BBG0014GJCT9,0.0060767774,0.00090198644,864741
20140717,14:30:00.000,BBG000C11MQ5,-0.0003184688,-0.019061478,598585
20140717,14:30:00.000,BBG003P9ZSL3,0.0010608564,0.0030695,500769
20140717,14:30:00.000,BBG000BX5ZF5,0.0075134286,-0.00077824417,4548284
20140717,14:30:00.000,BBG000C2V3D6,-0.0126350215,-0.024488669,3204739
20140717,14:30:00.000,BBG000BQVTF5,0.0017630646,-0.0064255483,629770
20140717,14:30:00.000,BBG000D2M0Z7,-0.004026891,-0.009480348,360984
20140717,14:30:00.000,BBG000CHPY97,-0.012803635,-0.025028061,3163763
20140717,14:30:00.000,BBG000N746D6,0.0027707766,-0.011366316,1765880
20140717,14:30:00.000,BBG000M1R011,0.016488308,0.008346186,1376391
20140717,14:30:00.000,BBG000BHLYP4,0.010540114,0.0023163017,583791
20140717,14:30:00.000,BBG000BB6G37,0.00433376,-0.0075451466,633600
20140717,14:30:00.000,BBG000BR14K5,-0.0027149918,-0.007980023,432230
20140717,14:30:00.000,BBG000PX3XC0,-0.0044212635,-0.01779163,2115564
20140717,14:30:00.000,BBG000J1QLT0,-0.00581488,-0.0055594617,596534
20140717,14:30:00.000,BBG0039320N9,-0.009152845,-0.009811173,1363097
20140717,14:30:00.000,BBG000BC4JJ4,-0.0033365013,-0.0033126676,637120
20140717,14:30:00.000,BBG000BM7HL0,0.008364384,0.0053234766,1135049
20140717,14:30:00.000,BBG000BP1Q11,-0.004336978,-0.007624886,469889
20140717,14:30:00.000,BBG000BF6LY3,-0.0043051858,-0.014971914,1283790
20140717,14:30:00.000,BBG000BF5RY1,0.0043546776,0.0041248878,1683999
20140717,14:30:00.000,BBG000BFTJ91,-0.008818678,-0.008777114,1092449
20140717,14:30:00.000,BBG000BR54L0,0.0090831015,-0.018532235,3981420
20140717,14:30:00.000,BBG000J5Q6L2,0.010831293,-0.0012289629,2578197
20140717,14:30:00.000,BBG000BCWCG1,-0.020971278,-0.03128572,2497441
20140717,14:30:00.000,BBG000TWC2V5,-0.003011042,-0.007366335,418671
20140717,14:30:00.000,BBG000BCYP43,-0.00933528,-0.012807007,387035
20140717,14:30:00.000,BBG000C221G9,-0.0075004087,-0.018638834,1019309
20140717,14:30:00.000,BBG000BZTW70,0.011674915,-0.0017195685,2672158
20140717,14:30:00.000,BBG000BKZTP3,-0.0025940214,-0.0068275663,1052618
20140717,14:30:00.000,BBG000R8ZVD1,0.0054852846,-0.0011810043,1778170
20140717,14:30:00.000,BBG000CKVSG8,-0.016660487,-0.027806938,1809179
20140717,14:30:00.000,BBG000DNTSP4,0.001483129,-0.004919629,1721099
20140717,14:30:00.000,BBG000BP4MH0,0.0039515,-0.0024985473,808190
20140717,14:30:00.000,BBG000BR3KL6,-0.003859572,-0.015408472,445070
20140717,14:30:00.000,BBG000BJQWD2,0.0052803974,-0.005331695,757748
20140717,14:30:00.000,BBG000G0Z878,0.0010589975,-0.007681089,1134511
20140717,14:30:00.000,BBG000D7RKJ5,0.0055653173,0.0012326919,1097204
20140717,14:30:00.000,BBG000G9CGL0,-0.0020013333,-0.011319167,485754
20140717,14:30:00.000,BBG000DTMH63,0.0028136994,-0.0069561,2207004
20140717,14:30:00.000,BBG0029BK2G7,-0.011244878,-0.018034425,848579
20140717,14:30:00.000,BBG000G3QLY3,0.0034201331,-0.0058101653,349290
20140717,14:30:00.000,BBG000BP0KQ8,0.0046447455,0.002424482,2285282
20140717,14:30:00.000,BBG001NVJ6W4,-0.04607298,-0.0612336,4638020
20140717,14:30:00.000,BBG000BSBZH7,0.004795042,0.005310519,3158759
20140717,14:30:00.000,BBG000BHGCD1,0.0012925862,-0.012064372,408557
20140717,14:30:00.000,BBG000BL9JQ1,-0.0037914892,-0.009505166,815731
20140717,14:30:00.000,BBG000BH5DV1,-0.0017909715,-0.001839431,585819
20140717,14:30:00.000,BBG000QW7VC1,0.0062597394,0.0045910273,5023184
20140717,14:30:00.000,BBG000DQTXY6,-0.0065304474,-0.034013964,3723839
20140717,14:30:00.000,BBG000QY3XZ2,-0.0035941538,-0.017701907,1030590
20140717,14:30:00.000,BBG000BBBNC6,0.0137970755,0.007607283,1213338
20140717,14:30:00.000,BBG000F15NW9,-3.8202114e-05,-0.0046558306,1028980
20140717,14:30:00.000,BBG000BNNKG9,-0.001789028,-0.013111493,1819259
20140717,14:30:00.000,BBG000BFXHL6,-0.0029403933,-0.0012554624,1323778
20140717,14:30:00.000,BBG000BRRG02,0.006630004,0.005756101,740773
20140717,14:30:00.000,BBG000BHLYS1,0.0020372835,-0.00405888,826032
20140717,14:30:00.000,BBG000CGQ6M4,-0.009986431,-0.006782023,484732
20140717,14:30:00.000,BBG000C1S2X2,0.008524687,-0.010638749,869624
20140717,14:30:00.000,BBG000C7LMS8,-0.0038546168,-0.00844424,56423
20140717,14:30:00.000,BBG000MDCQC2,0.0005721244,-0.0014382921,693366
20140717,14:30:00.000,BBG000JG0547,0.004424954,-0.0032927662,506270
20140717,14:30:00.000,BBG000CJZ2W6,0.01586193,0.0024592145,1084100
20140717,14:30:00.000,BBG0020B4JG7,0.0032343538,-0.008675369,2200160
20140717,14:30:00.000,BBG000BNFLM9,-0.0013564649,-0.0011944076,747637
20140717,14:30:00.000,BBG000BCBCM7,0.0037574694,-0.0080390945,3535159
20140717,14:30:00.000,BBG000CS7CT9,0.010631129,0.003486666,1487626
20140717,14:30:00.000,BBG000MZFMS2,-0.00108734,-0.010568985,687186
20140717,14:30:00.000,BBG000BKQ3V3,0.0019323379,-0.008250502,1433418
20140717,14:30:00.000,BBG000BLCPY4,-0.0023544533,-0.016003627,403086
20140717,14:30:00.000,BBG000BC15S7,0.0057267044,-0.0011161186,534977
20140717,14:30:00.000,BBG000FKJRC5,0.001008889,-0.005789295,608448
20140717,14:30:00.000,BBG000BRJ809,0.0067016166,0.00870443,517440
20140717,14:30:00.000,BBG000C2PW58,-0.00427977,-0.0139025785,468527
20140717,14:30:00.000,BBG000BCVMH9,0.022417994,0.020287048,1438511
20140717,14:30:00.000,BBG000BQ2C28,0.007887198,0.0020661945,455359
20140717,14:30:00.000,BBG000BBJQV0,0.016148258,0.0010331311,3653506
20140717,14:30:00.000,BBG000G2R6M0,0.008618832,0.020806575,3552735
20140717,14:30:00.000,BBG000BTKGG8,-0.013132572,-0.026520625,2535245
20140717,14:30:00.000,BBG000BMQPL1,-0.027133115,-0.037363596,13572682
20140717,14:30:00.000,BBG000BMF5J0,0.0014939804,-0.014951487,5498030
20140717,14:30:00.000,BBG000BB6WG8,0.002380757,-0.0033498278,1497798
20140717,14:30:00.000,BBG000BM6788,-0.002305731,-0.015279232,1218784
20140717,14:30:00.000,BBG000FVXD63,-0.019983655,-0.031479474,2260427
20140717,14:30:00.000,BBG000C3HSR0,0.012683468,-0.00063828164,1774968
20140717,14:30:00.000,BBG000BN5HF7,-0.013087797,-0.028012715,1297681
20140717,14:30:00.000,BBG001QD41M9,-0.0017982492,-0.009774245,1115935
20140717,14:30:00.000,BBG000CXYSZ6,0.0072140833,0.0051521393,476211
20140717,14:30:00.000,BBG000BVMGF2,0.006412551,-0.00017191496,1141723
20140717,14:30:00.000,BBG0019JZ882,0.0071656033,-0.0010836013,7000380
20140717,14:30:00.000,BBG000BKPL53,-0.010206956,-0.014259228,502257
20140717,14:30:00.000,BBG000PYZSR8,-0.0062535964,-0.0020732912,1058463
20140717,14:30:00.000,BBG000F0KF42,-0.00886615,-0.018839879,1856028
20140717,14:30:00.000,BBG000FW00S1,-0.019026367,-0.028967261,4692717
20140717,14:30:00.000,BBG000BYYLS8,-0.018451551,-0.028019452,3563070
20140717,14:30:00.000,BBG000BB6M98,-0.006083335,-0.0077580917,1379101
20140717,14:30:00.000,BBG000D8RG11,-0.014476912,-0.024326917,4307561
20140717,14:30:00.000,BBG000CHWP52,0.015369076,0.018441651,2611529
20140717,14:30:00.000,BBG000D6L294,-0.0044091074,-0.017938918,689547
20140717,14:30:00.000,BBG000C3Y7J6,0.00076829863,-0.0018607305,544972
20140717,14:30:00.000,BBG000BM5SR2,-0.0032626735,-0.010781443,3068439
20140717,14:30:00.000,BBG000BS0ZF1,-0.0029675807,-0.0033531422,295368
20140717,14:30:00.000,BBG000C0F570,0.004218823,-0.0074369735,1178867
20140717,14:30:00.000,BBG000C90DH9,-0.016968006,-0.013481773,4346924
20140717,14:30:00.000,BBG000BVWLJ6,-0.0034470314,-0.010674869,1294662
20140717,14:30:00.000,BBG000BRK7L6,0.0027732211,-0.006486359,1879106
20140717,14:30:00.000,BBG000BZ2GG4,0.0044422452,-0.0012209724,822177
20140717,14:30:00.000,BBG000BVL2G3,0.00257187,-0.008036109,730486
20140717,14:30:00.000,BBG000C2YHG9,-0.0095383115,-0.008397794,847741
20140717,14:30:00.000,BBG001BPFT54,0.018113336,-0.0049345917,1767200
20140717,14:30:00.000,BBG000BH2JM1,0.01069354,0.013099133,2879299
20140717,14:30:00.000,BBG000BPVCR1,0.009258369,0.004220669,615730
20140717,14:30:00.000,BBG002BHBHM1,0.009289134,0.0028619128,1186940
20140717,14:30:00.000,BBG000Q3JN03,-0.017812964,-0.03199964,14930216
20140717,14:30:00.000,BBG000BPT0C6,-0.012390965,-0.023839472,1474585
20140717,14:30:00.000,BBG000BQWPC5,-0.002007833,-0.0088453805,1101532
20140717,14:30:00.000,BBG000BQ5DS5,-0.0022671127,-0.004987987,802100
20140717,14:30:00.000,BBG000DY8ZS4,0.008094514,-0.00043649666,5288676
20140717,14:30:00.000,BBG000R8L7J3,-0.014045661,-0.027619367,7342881
20140717,14:30:00.000,BBG000BS9489,-0.008051452,-0.0041326173,1115009
20140717,14:30:00.000,BBG000D898T9,0.0075586494,0.0007050178,843171
20140717,14:30:00.000,BBG000BFL116,-0.0012700699,-0.021905165,1559390
20140717,14:30:00.000,BBG001YMS0B8,-0.008529803,-0.012419729,1071200
20140717,14:30:00.000,BBG000QBR5J5,0.010864057,0.005310324,2171772
20140717,14:30:00.000,BBG000BHC2S1,-0.006242167,-0.011495967,951297
20140717,14:30:00.000,BBG000BX3TD3,0.007948289,-0.0061440207,3562950
20140717,14:30:00.000,BBG000C1FQS9,-0.0069125756,-0.010648943,805184
20140717,14:30:00.000,BBG000BLKK03,0.017153827,0.041672636,1220209
20140717,14:30:00.000,BBG000BKCFC2,0.0020693922,-0.001694254,1698801
20140717,14:30:00.000,BBG000C4DPX1,0.0021975401,-0.013510883,1071157
20140717,14:30:00.000,BBG000BHZ5J9,-0.024562228,-0.03305736,1607670
20140717,14:30:00.000,BBG000KLB4Q1,-0.011506738,-0.025112312,3486782
20140717,14:30:00.000,BBG000BMBL90,-0.008434464,-0.013677468,1239820
20140717,14:30:00.000,BBG000C2BXK4,0.0022174222,-0.009000057,4645234
20140717,14:30:00.000,BBG000H0QBS7,0.0026785578,-0.001123885,2878026
20140717,14:30:00.000,BBG000BQZMH4,-0.0012250848,-0.0069062253,2205427
20140717,14:30:00.000,BBG000BLBXT4,-0.0036858574,-0.011449909,1240233
20140717,14:30:00.000,BBG000BJ2VQ6,0.0040151724,-0.008392074,1263408
20140717,14:30:00.000,BBG000BMY992,0.004182824,-0.0004054138,1224621
20140717,14:30:00.000,BBG000BXM6V2,0.01071213,0.0012213708,1062372
20140717,14:30:00.000,BBG000BWSV34,-0.0031441122,-0.010633068,606107
20140717,14:30:00.000,BBG000BKFBD7,0.0057271584,-0.0020169516,1337612
20140717,14:30:00.000,BBG000FP1N32,0.012048891,0.0037831184,2202124
20140717,14:30:00.000,BBG000BT4T69,0.008646857,-0.00015924718,1493667
20140717,14:30:00.000,BBG000BFMBQ6,-0.0137159405,0.011069899,2338177
20140717,14:30:00.000,BBG000C0HQ54,-0.0027399485,-0.009511361,611613
20140717,14:30:00.000,BBG000C0LW92,-0.015259602,-0.020987283,4152224
20140717,14:30:00.000,BBG000BVPPM1,-0.0073753316,-0.012606136,1040284
20140717,14:30:00.000,BBG000BMW2Z0,-0.00466007,-0.010286755,712193
20140717,14:30:00.000,BBG000BPWXK1,-0.001017662,0.01190287,3988512
20140717,14:30:00.000,BBG000GC80B4,-0.007896351,-0.0129891345,4899009
20140717,14:30:00.000,BBG000BXWBN9,0.0062280647,0.0034933235,2161266
20140717,14:30:00.000,BBG000BY33P5,0.0020085864,0.0029356647,4980942
20140717,14:30:00.000,BBG000R7RDB4,0.00045795628,-0.011786804,636251
20140717,14:30:00.000,BBG000MBDGM6,0.0013826366,-0.0049537574,165291
20140717,14:30:00.000,BBG000BGLRN3,0.00015756591,-0.0037723186,885103
20140717,14:30:00.000,BBG000BWJFZ4,0.025148306,0.03065962,963400
20140717,14:30:00.000,BBG000BGVW60,0.0013800571,-0.0046582213,655369
20140717,14:30:00.000,BBG000BNJHS8,0.0054845097,-0.011057856,3137798
20140717,14:30:00.000,BBG000DKCC19,-0.0010804848,-0.005606948,1168289
20140717,14:30:00.000,BBG000BXMFC3,0.04062478,0.027749734,2387010
20140717,14:30:00.000,BBG000BSD7C2,0.003040035,-0.000105791645,574210
20140717,14:30:00.000,BBG000BSLZY7,0.00051459274,-0.0119710425,3897364
20140717,14:30:00.000,BBG000BMDV41,0.0031537656,-0.00595318,2702061
20140717,14:30:00.000,BBG001C7TST4,8.500977e-07,-0.008379859,1043804
20140717,14:30:00.000,BBG000BRJL00,0.00035021672,-0.0050517134,1227377
20140717,14:30:00.000,BBG000BRD0D8,-0.0067318846,-0.01978223,2558689
20140717,14:30:00.000,BBG000BND699,-0.005367328,-0.022973157,1693492
20140717,14:30:00.000,BBG000BB9KF2,-0.0032149712,-0.0071943444,1050931
20140717,14:30:00.000,BBG000C1BW00,0.011360437,0.0029096848,763900
20140717,14:30:00.000,BBG000BTZQC4,0.002841967,0.0066960803,2446651
20140717,14:30:00.000,BBG000BWNFZ9,-0.018730095,-0.028006483,1970695
20140717,14:30:00.000,BBG000BJ98Z0,0.0032810348,-0.00641219,735369
20140717,14:30:00.000,BBG000CNFQW6,-0.008155763,-0.01677083,723247
20140717,14:30:00.000,BBG000BGPTV6,-0.0014184659,-0.010537756,568637
20140717,14:30:00.000,BBG000BB07P9,0.0007710641,0.011644432,7617314
20140717,14:30:00.000,BBG000C1FB75,0.013756191,0.0081548635,720738
20140717,14:30:00.000,BBG001M8HHB7,0.024031982,0.0059352214,894899
20140717,14:30:00.000,BBG000DHSPT0,0.006334503,0.009958874,2250844
20140717,14:30:00.000,BBG000FQ6PY6,0.0037641458,0.0024440305,1379266
20140717,14:30:00.000,BBG000BBDV81,-1.4978422e-06,-0.009007389,2124540
20140717,14:30:00.000,BBG000VC0T95,-0.009869256,-0.018802866,1333064
20140717,14:30:00.000,BBG000BKFZM4,0.0035455853,-0.005958581,2893515
20140717,14:30:00.000,BBG000D13GN8,-0.021968173,-0.038884453,937158
20140717,14:30:00.000,BBG000C0MF34,-0.0071368697,-0.003899948,402635
20140717,14:30:00.000,BBG000BFNR17,0.019922728,0.008813076,864007
20140717,14:30:00.000,BBG000BK67C7,0.001464025,-0.0048938994,423864
20140717,14:30:00.000,BBG000FJLFX8,0.0047641112,0.026416766,2406212
20140717,14:30:00.000,BBG000BH5LT6,-0.008647134,-0.02249417,3938847
20140717,14:30:00.000,BBG000BD8PN9,0.0056767636,-0.0026241303,2823153
20140717,14:30:00.000,BBG000BH3GZ2,-0.049524512,-0.060769133,9607944
20140717,14:30:00.000,BBG000BB5006,-0.0001522703,-0.005319491,1170825
20140717,14:30:00.000,BBG000BTR593,-0.033129804,-0.040106468,4924303
20140717,14:30:00.000,BBG000BRWGG9,0.0016155399,-0.0056463317,20399748
20140717,14:30:00.000,BBG000BJ3PD2,-0.004947542,-0.012147281,986946
20140717,14:30:00.000,BBG000CSY9H9,0.011894073,0.00575035,2764191
20140717,14:30:00.000,BBG000FNRZ69,-0.016876418,-0.022949575,3784786
20140717,14:30:00.000,BBG000C734W3,-0.008203937,-0.028127844,475714
20140717,14:30:00.000,BBG000BCGY17,0.0031731152,0.00074851443,2665055
20140717,14:30:00.000,BBG000BCVJ77,0.007267124,0.005484656,1609912
20140717,14:30:00.000,BBG000C46HM9,0.0021384133,-0.002451909,1508365
20140717,14:30:00.000,BBG000BJPDZ1,0.01848094,0.01187353,342901
20140717,14:30:00.000,BBG000BJL3N0,-0.046248708,-0.056162685,16418697
20140717,14:30:00.000,BBG000BGJRC8,-0.0026154278,-0.0054534865,3881039
20140717,14:30:00.000,BBG000BBD070,0.00457175,-0.0026201676,1529596
20140717,14:30:00.000,BBG000BFQYY3,-0.000335915,-0.0073447283,1274699
20140717,14:30:00.000,BBG000BPQD31,0.005323039,-0.00019402894,2561576
20140717,14:30:00.000,BBG000BJ81C1,-0.00051658787,-0.0062238,556604
20140717,14:30:00.000,BBG000B9WH86,0.004107597,-0.010852457,15450087
20140717,14:30:00.000,BBG000D42FJ0,0.023078706,0.0051641534,1336475
20140717,14:30:00.000,BBG000BHX7N2,-0.002791628,-0.010960872,1945875
20140717,14:30:00.000,BBG000BH3JF8,-0.030033749,-0.047986735,7127392
20140717,14:30:00.000,BBG000JWD753,0.00037089767,-0.01181958,7390127
20140717,14:30:00.000,BBG000BHGDH5,0.005777783,0.0013817314,1500742
20140717,14:30:00.000,BBG0014GG205,-0.006923511,-0.026410064,3647997
20140717,14:30:00.000,BBG000G30YX4,0.0009870385,-0.020218328,907344
20140717,14:30:00.000,BBG000BCG930,-0.0014469528,0.022684626,2646229
20140717,14:30:00.000,BBG000BWVCP8,0.0011995271,-0.0065086936,2213183
20140717,14:30:00.000,BBG000C3GN47,-0.017741535,-0.027677683,4813989
20140717,14:30:00.000,BBG000BT9DW0,0.003464368,-0.0021220879,2456439
20140717,14:30:00.000,BBG000BV8DN6,-0.0024384488,-0.0045633847,3856160
20140717,14:30:00.000,BBG0029SNR63,0.019779593,0.018185873,4297705
20140717,14:30:00.000,BBG000HCJMF9,0.0009045289,-0.010457343,1014318
20140717,14:30:00.000,BBG000D9D830,0.0055292584,-0.0002517494,1224307
20140717,14:30:00.000,BBG000F6H8W8,-0.004835925,-0.00899502,768243
20140717,14:30:00.000,BBG000B9ZXB4,0.035542462,0.030698184,8863640
20140717,14:30:00.000,BBG000BVDLH9,0.012922191,0.0018873317,1864087
20140717,14:30:00.000,BBG000BBVJZ8,-0.0071514365,-0.018871184,2491995
20140717,14:30:00.000,BBG000BWXBC2,0.0034672606,-0.0010399157,2222348
20140717,14:30:00.000,BBG000WCFV84,0.0033421933,0.0063864896,1444998
20140717,14:30:00.000,BBG000BFDXW1,0.0082303425,-0.006254069,2238364
20140717,14:30:00.000,BBG000DYGNW7,0.009055562,0.0049889656,602517
20140717,14:30:00.000,BBG000BNBDC2,-0.0017719178,-0.0055730366,1505286
20140717,14:30:00.000,BBG000BJSBJ0,0.00091726467,-0.0050156857,783888
20140717,14:30:00.000,BBG000BJF1Z8,-0.0013214455,-0.01056038,1320175
20140717,14:30:00.000,BBG000BY29C7,0.010977258,0.011547926,3438976
20140717,14:30:00.000,BBG000BH13K9,0.001703013,0.0024618264,2517095
20140717,14:30:00.000,BBG000BH1NH9,-0.010957073,-0.016881462,2387657
20140717,14:30:00.000,BBG000BLZRJ2,0.007773487,-0.002461766,12574976
20140717,14:30:00.000,BBG000BVV7G1,0.0013835777,-0.01264078,2945467
20140717,14:30:00.000,BBG000BL4504,-0.013203677,-0.025147708,5260699
20140717,14:30:00.000,BBG000BB6KF5,0.0012791172,-0.010366349,2627818
20140717,14:30:00.000,BBG000DSMS70,0.0082503455,-0.013940723,550741
20140717,14:30:00.000,BBG000C8H633,0.0005710414,-0.010433607,2353237
20140717,14:30:00.000,BBG001DCCGR8,-0.0038900042,-0.013516222,1721014
20140717,14:30:00.000,BBG000QX74T1,0.0026164972,-0.012217837,267084
20140717,14:30:00.000,BBG000M65M61,-0.00953138,-0.027843507,5689901
20140717,14:30:00.000,BBG000F80SZ5,0.009450118,-0.0063978583,10147289
20140717,14:30:00.000,BBG000C5HS04,0.001779327,-0.002276286,2631326
20140717,14:30:00.000,BBG000H556T9,-0.002762115,-0.007832512,2240088
20140717,14:30:00.000,BBG000NV1KK7,-0.014039479,-0.0176376,3028037
20140717,14:30:00.000,BBG000L9CV04,-0.0049551553,-0.014781493,1636904
20140717,14:30:00.000,BBG000BXRPH1,0.010187449,-0.005583045,568554
20140717,14:30:00.000,BBG000BNDN65,0.00252384,-0.00440578,2954218
20140717,14:30:00.000,BBG000BGKTF9,-0.010871405,-0.017008975,2328871
20140717,14:30:00.000,BBG00286S4N9,-0.0044500614,-0.01137592,1323417
20140717,14:30:00.000,BBG000H89QJ6,-0.013082481,-0.010146837,1062750
20140717,14:30:00.000,BBG000BNWG87,-0.012971486,-0.017798929,5089016
20140717,14:30:00.000,BBG000BJX8C8,0.0010136908,-0.0045108274,1855382
20140717,14:30:00.000,BBG000BD4VG8,-0.009586305,-0.018348413,3101648
20140717,14:30:00.000,BBG000D4LWF6,0.0010888502,-0.0026220882,3832989
20140717,14:30:00.000,BBG000FL1TC8,-0.010374773,-0.005296417,1420763
20140717,14:30:00.000,BBG000FFDM15,-0.005005778,-0.014109791,7240788
20140717,14:30:00.000,BBG000BBPFB9,0.006018654,0.0039391015,8261590
20140717,14:30:00.000,BBG000BN2DC2,-0.011889904,-0.01761006,2116494
20140717,14:30:00.000,BBG000BCQZS4,-0.0019092126,-0.01005695,1602465
20140717,14:30:00.000,BBG000CPQZ77,0.0141534405,0.0068578827,5511047
20140717,14:30:00.000,BBG000BP52R2,0.006630438,-0.013378336,1736072
20140717,14:30:00.000,BBG000J6XT05,-0.01793486,-0.0242897,5864442
20140717,14:30:00.000,BBG000BJDB15,-0.019575166,-0.007982804,5317840
20140717,14:30:00.000,BBG000LD9JQ8,-0.00787461,-0.017148212,1452615
20140717,14:30:00.000,BBG000FG3C43,-0.12584963,-0.13717966,21768568
20140717,14:30:00.000,BBG000BC2C10,0.010881805,-4.9909955e-05,2059930
20140717,14:30:00.000,BBG000BGRY34,0.0032780932,-0.0043646484,1241361
20140717,14:30:00.000,BBG000CTQBF3,0.0010848665,-0.010415659,2306775
20140717,14:30:00.000,BBG000H8TVT2,0.0012308079,-0.0043220986,2705174
20140717,14:30:00.000,BBG0025Y4RY4,0.011710617,0.0048469603,13723948
20140717,14:30:00.000,BBG000F1ZSQ2,-0.00793579,-0.018392293,2806306
20140717,14:30:00.000,BBG000CH5208,0.008869167,0.024481669,4757573
20140717,14:30:00.000,BBG000KHWT55,-0.0014769076,-0.009190639,6261951
20140717,14:30:00.000,BBG000BFWKC0,0.0061445353,-8.2025465e-05,1867542
20140717,14:30:00.000,BBG000BP6LJ8,-0.003175062,-0.0035871982,3674421
20140717,14:30:00.000,BBG000BW8S60,-0.0023148055,-0.008483011,2854261
20140717,14:30:00.000,BBG000BWLMJ4,0.00028283286,-0.010503287,2482786
20140717,14:30:00.000,BBG000Q2HM09,0.006064732,-0.0116180265,2032745
20140717,14:30:00.000,BBG000BW3299,-0.003111477,-0.006487064,1274800
20140717,14:30:00.000,BBG000BC40Y8,-0.020001967,-0.030970562,3670515
20140717,14:30:00.000,BBG000BBS2Y0,-0.0005187329,-0.014909287,1563643
20140717,14:30:00.000,BBG000DWG505,-0.004191311,-0.009214797,1468391
20140717,14:30:00.000,BBG000BQQ2S6,-0.0030090977,-0.012141005,1628016
20140717,14:30:00.000,BBG000BZ9223,0.0066819256,-0.0064037186,1434310
20140717,14:30:00.000,BBG000DH7JK6,-0.00062911643,-0.0017689697,1532529
20140717,14:30:00.000,BBG000BHVJJ3,0.004519664,-0.0051865303,7690842
20140717,14:30:00.000,BBG000J2XL74,0.007755824,0.008031841,3651047
20140717,14:30:00.000,BBG000C17X76,0.014556471,-0.0054489383,1072497
20140717,14:30:00.000,BBG000BHBK84,0.00136786,-0.005763136,2296669
20140717,14:30:00.000,BBG000Q9HH23,0.019517899,0.0073239305,996267
20140717,14:30:00.000,BBG000F0PF65,0.03382203,0.036508206,22098404
20140717,14:30:00.000,BBG000BF0K17,-0.0030474856,-0.00989221,1836855
20140717,14:30:00.000,BBG000C15T95,-0.0013885543,-0.002275139,3854247
20140717,14:30:00.000,BBG000NDYB67,0.002160749,-0.003736263,7311540
20140717,14:30:00.000,BBG000DWYF03,0.00012873147,-0.0009095207,27650928
20140717,14:30:00.000,BBG000C6CFJ5,0.0066216076,-0.0014370745,2677883
20140717,14:30:00.000,BBG000BKTFN2,-0.0047981944,-0.013567233,3883202
20140717,14:30:00.000,BBG000BBGGQ1,-0.0065919966,-0.015180821,4447898
20140717,14:30:00.000,BBG000DLFM21,,,1952551
20140717,14:30:00.000,BBG000BBDZG3,-0.002364665,-0.0019083323,3878500
20140717,14:30:00.000,BBG000DQLV23,0.00016788984,-0.006353142,3286562
20140717,14:30:00.000,BBG000BCSST7,0.0017457473,-0.0028647378,3265793
20140717,14:30:00.000,BBG000BQLTW7,0.00076199987,-0.0014905635,16752754
20140717,14:30:00.000,BBG000BQPC32,0.007856899,0.0056218384,35592540
20140717,14:30:00.000,BBG000BFC8J2,-0.010239979,-0.026730169,2754039
20140717,14:30:00.000,BBG000BQQH30,0.00077624375,-0.00936608,3231942
20140717,14:30:00.000,BBG000BMX289,-0.0009897512,-0.0014263805,4482271
20140717,14:30:00.000,BBG000BNSZP1,0.0029614735,-0.0056933844,2546132
20140717,14:30:00.000,BBG005P7Q881,-0.0085022515,-0.025189722,8749822
20140717,14:30:00.000,BBG000FH8PX5,,,984247
20140717,14:30:00.000,BBG000R7Z112,-0.007603627,-0.025610631,11414721
20140717,14:30:00.000,BBG000BH4R78,0.0071931966,0.0016395701,4259254
20140717,14:30:00.000,BBG000BKZB36,0.004001481,-0.001443594,2869365
20140717,14:30:00.000,BBG000BPD168,0.0011282201,-0.0037855175,3495094
20140717,14:30:00.000,BBG000BHQ1H0,0.012009569,0.005609004,819992
20140717,14:30:00.000,BBG000C496P7,,,21205636
20140717,14:30:00.000,BBG000C43RR5,0.025898196,0.019133942,15202626
20140717,14:30:00.000,BBG000BT41Q8,0.0040795757,-0.007208565,3552343
20140717,14:30:00.000,BBG000PSKYX7,-0.0021655464,-0.014019556,1454358
20140717,14:30:00.000,BBG000BR2TH3,0.0048088804,-0.0027190002,3484211
20140717,14:30:00.000,BBG000GFFQN9,-0.0062210895,-0.020126898,26518448
20140717,14:30:00.000,BBG000CGC1X8,-0.014607766,-0.013816907,7228348
20140717,14:30:00.000,BBG000BMHYD1,-0.006847569,-0.012331617,5906477
20140717,14:30:00.000,BBG000BFT2L4,-0.011614058,-0.0109011,8677377
20140717,14:30:00.000,BBG000HS77T5,-0.0014160185,-0.007849981,6329570
20140717,14:30:00.000,BBG000K4ND22,0.0057266997,-0.0022916093,2717419
20140717,14:30:00.000,BBG000C3J3C9,-0.012285971,-0.01077906,19343956
20140717,14:30:00.000,BBG000BK6MB5,0.0065533044,-0.0085192835,23602742
20140717,14:30:00.000,BBG000BWQFY7,0.009455171,-0.0042989426,13691479
20140717,14:30:00.000,BBG000BLNNH6,0.006305699,0.0037688392,4900204
20140717,14:30:00.000,BBG000H6HNW3,-0.0029419113,-0.014696074,16670687
20140717,14:30:00.000,BBG000DMBXR2,0.0032875321,-0.008517261,9171580
20140717,14:30:00.000,BBG000BSJK37,0.0015468653,-0.0057619177,10616961
20140717,14:30:00.000,BBG000FY4S11,0.006130074,-0.006223307,15702221
20140717,14:30:00.000,BBG000C5Z1S3,-0.02143922,-0.03867792,25468012
20140717,14:30:00.000,BBG000BR2B91,0.00015853047,-0.005169325,21515020
20140717,14:30:00.000,BBG000N9MNX3,0.0132608,-0.00023033489,3015600
20140717,14:30:00.000,BBG000C0G1D1,-0.00911733,-0.021648364,52542156
20140717,14:30:00.000,BBG002W96FT9,-0.0066334805,-0.016907437,1473634
20140717,14:30:00.000,BBG000BLBVN4,0.00054393103,-0.011646466,603729
20140717,14:30:00.000,BBG000CKGBP2,0.0009860222,-0.017013699,9904553
20140717,14:30:00.000,BBG000GZQ728,-0.0005825257,-0.007228886,3877275
20140717,14:30:00.000,BBG000BVPV84,0.0071374387,-0.009819484,2421926
20140717,14:30:00.000,BBG000BPH459,0.015679913,0.014977686,60200648
20140717,14:30:00.000,BBG000BCTLF6,-0.003024466,-0.01870337,67071076
20140717,14:30:00.000,BBG000BHSKN9,-0.0048457966,-0.015167981,1528709
20140717,14:30:00.000,BBG000CL9VN6,0.008020234,-0.0052524256,1412389
20140717,14:30:00.000,BBG000MM2P62,0.0061027473,-0.009757256,26452914
20140717,14:30:00.000,BBG000B9XRY4,-0.0077066845,-0.016143234,35957424
20140717,14:45:00.000,BBG000PCQQL6,-0.0008980728,-0.002437788,1241786
20140717,14:45:00.000,BBG000BJP882,-0.010653903,-0.0059934882,672269
20140717,14:45:00.000,BBG000BMFFQ0,0.0014191755,0.00055262045,524676
20140717,14:45:00.000,BBG000K1J931,0.00938467,-0.015768306,1698092
20140717,14:45:00.000,BBG000BQ87N0,-0.0015407914,-0.0035173225,428989
20140717,14:45:00.000,BBG000BBCQD7,0.0012656087,-0.0011812265,2979777
20140717,14:45:00.000,BBG000BQHGR6,-0.0010841129,-0.006882362,467295
20140717,14:45:00.000,BBG000C75N77,-0.012199465,-0.024564754,1080642
20140717,14:45:00.000,BBG000BJ8YN7,0.0033957371,-0.0048332913,1527833
20140717,14:45:00.000,BBG000BLXZN1,0.012628139,0.0055782166,1714642
20140717,14:45:00.000,BBG000BV4XJ1,0.012374879,-0.004025416,281468
20140717,14:45:00.000,BBG000QKPTS5,0.015644083,0.0052718828,765942
20140717,14:45:00.000,BBG000BV75B7,-0.0025842898,-0.010688654,330726
20140717,14:45:00.000,BBG000CB8Q50,-0.0018633887,-0.002525974,505522
20140717,14:45:00.000,BBG000BNPSQ9,-0.0016998942,-0.022633392,1063414
20140717,14:45:00.000,BBG000H4YVR7,-0.018454356,-0.034622695,597282
20140717,14:45:00.000,BBG000JB27Y9,0.0028628837,0.00067641365,502689
20140717,14:45:00.000,BBG000BVHBM1,0.0056031416,-0.020405216,1236050
20140717,14:45:00.000,BBG000BQSQ38,0.0009283095,-0.0054559954,939775
20140717,14:45:00.000,BBG001XJRMF5,-0.013470334,-0.004245292,799316
20140717,14:45:00.000,BBG000BNGTQ7,0.0012714978,-0.0006106271,1149445
20140717,14:45:00.000,BBG000B9X8C0,0.0024244417,-0.0007553425,556991
20140717,14:45:00.000,BBG000GPXKX9,-0.0053243036,-0.011755805,377356
20140717,14:45:00.000,BBG000BV7LP7,0.00327261,0.0017318492,1111048
20140717,14:45:00.000,BBG001NY45K9,-0.030401226,-0.044241562,3211225
20140717,14:45:00.000,BBG000L8CBX4,-0.005612915,-0.005156587,153043
20140717,14:45:00.000,BBG000BHCP19,0.010655055,-0.0032821365,524844
20140717,14:45:00.000,BBG000JKCWS0,-0.00395647,-0.0057394593,185787
20140717,14:45:00.000,BBG000CPHYL4,-0.002495261,-0.004721106,1091961
20140717,14:45:00.000,BBG000F86GP6,0.003179157,-0.004046769,289923
20140717,14:45:00.000,BBG000V31J96,7.2392344e-05,-0.0066257645,1720586
20140717,14:45:00.000,BBG000BWVSR1,-0.0033321914,-0.0071674376,466998
20140717,14:45:00.000,BBG000DLVDK3,0.015206157,0.032289907,1542392
20140717,14:45:00.000,BBG003641015,-0.0005013563,-0.006542398,684597
20140717,14:45:00.000,BBG000BQD1J2,0.001588974,0.0018425385,23518644
20140717,14:45:00.000,BBG000BWXL85,-0.007803587,-0.009574572,615643
20140717,14:45:00.000,BBG001J1QN87,-0.0068141297,-0.025276743,325187
20140717,14:45:00.000,BBG000BFJ645,0.0019579744,-0.006879516,4150447
20140717,14:45:00.000,BBG000BPZBB6,0.0016329058,-0.0023256673,475852
20140717,14:45:00.000,BBG000RNTSX0,0.009080987,0.004536579,813130
20140717,14:45:00.000,BBG000C23KJ3,0.0038508645,-0.003936047,2003907
20140717,14:45:00.000,BBG000CZWZ05,0.021673528,0.0035483225,1380237
20140717,14:45:00.000,BBG000CR90K4,0.004930039,-0.01103886,22993168
20140717,14:45:00.000,BBG000BBL0Y1,-0.0013665333,-0.016482662,897221
20140717,14:45:00.000,BBG000BKQG80,0.003993018,-0.0022797072,638219
20140717,14:45:00.000,BBG000K14Q84,-0.002015763,-0.013913952,2458828
20140717,14:45:00.000,BBG000Q0BPZ4,0.0014449854,-0.010179405,755130
20140717,14:45:00.000,BBG000BHB3M6,-0.0030377714,-0.012975241,1154223
20140717,14:45:00.000,BBG000BLMZK6,-0.012551493,-0.021485094,946106
20140717,14:45:00.000,BBG000QFJ7H3,0.009383581,-0.002346073,782486
20140717,14:45:00.000,BBG000BLDV98,-0.0044288044,-0.012896899,918217
20140717,14:45:00.000,BBG000PLXQQ3,0.022606656,0.02134244,4007673
20140717,14:45:00.000,BBG000BGYMH7,0.0076266252,-0.0058222255,345029
20140717,14:45:00.000,BBG000H9G7X2,-0.0029900763,-0.010568275,1317590
20140717,14:45:00.000,BBG000BRZJR8,0.01890157,-0.0014429752,1995232
20140717,14:45:00.000,BBG000BJDPC2,-0.008368533,-0.011068706,671402
20140717,14:45:00.000,BBG000BDY3Y7,-0.008190188,-0.012755165,1676818
20140717,14:45:00.000,BBG000BPNP00,0.0061076195,-0.0047656656,1151412
20140717,14:45:00.000,BBG000BBB3K1,0.0019004793,-0.00034457174,2257768
20140717,14:45:00.000,BBG000BFV115,-0.00067225716,-0.012202199,694830
20140717,14:45:00.000,BBG000CXD6X9,-0.0016990039,-0.003356647,1170452
20140717,14:45:00.000,BBG000QN4GY3,-0.019655457,-0.027138261,1416466
20140717,14:45:00.000,BBG000BWCKB6,-0.009573626,-0.009893399,1608355
20140717,14:45:00.000,BBG000BKXFN7,-0.0018416661,-0.014868,1195252
20140717,14:45:00.000,BBG000F9KJN4,-0.0041693645,-0.0104315085,1187527
20140717,14:45:00.000,BBG000BQV1S2,0.003953449,-0.012229039,496041
20140717,14:45:00.000,BBG000BTQR96,-0.0009970764,-0.00968045,697082
20140717,14:45:00.000,BBG000F6ZWH2,-0.005071012,-0.01168884,965495
20140717,14:45:00.000,BBG000BMZ7P7,0.004567419,-0.0003517989,857065
20140717,14:45:00.000,BBG000BB29X4,0.0044325716,0.00065610406,511183
20140717,14:45:00.000,BBG000BBCDZ2,-0.0077764387,-0.014078123,426967
20140717,14:45:00.000,BBG000C6F3T8,0.01867001,0.005910472,19051464
20140717,14:45:00.000,BBG000BFVXX0,0.0025677618,0.00066152564,961140
20140717,14:45:00.000,BBG000G6BN50,-0.003350218,-0.014441186,247516
20140717,14:45:00.000,BBG000BRXP69,-0.001694246,-0.005556387,617259
20140717,14:45:00.000,BBG000BPMH90,0.022205958,0.011519724,1425345
20140717,14:45:00.000,BBG000D9DMK0,-0.0022098292,-0.001926746,995748
20140717,14:45:00.000,BBG000D14WM3,0.0008181234,-0.01208375,7461288
20140717,14:45:00.000,BBG000PVRDL2,0.007930132,0.025783677,3366713
20140717,14:45:00.000,BBG000BSC0K9,0.0004972748,-0.0016498241,738595
20140717,14:45:00.000,BBG000R0L5J4,0.013517869,0.005507586,1388779
20140717,14:45:00.000,BBG000JH6683,7.910469e-05,-0.02831401,1047282
20140717,14:45:00.000,BBG000BG14P4,0.014061867,-0.006641278,964731
20140717,14:45:00.000,BBG000D9KWL9,0.014020798,0.002740621,706921
20140717,14:45:00.000,BBG000BKWSR6,-0.012613168,-0.020778472,6897769
20140717,14:45:00.000,BBG000BC9938,0.003110542,-0.002020281,949832
20140717,14:45:00.000,BBG000BB1TH9,-0.006000327,-0.011258378,555709
20140717,14:45:00.000,BBG000BJ49H3,-0.004440324,-0.009514663,1146662
20140717,14:45:00.000,BBG000BFS7D3,0.0019938655,-0.0022137784,411218
20140717,14:45:00.000,BBG000BN9WT5,0.0067775026,-0.004454166,742005
20140717,14:45:00.000,BBG000BKR1D6,0.00138579,-0.00516586,954363
20140717,14:45:00.000,BBG000BFRF55,0.0093795,-0.0044547045,3543684
20140717,14:45:00.000,BBG000BKTT89,0.0005608586,-0.011294223,409798
20140717,14:45:00.000,BBG000BQ8KV2,0.0015425035,-0.00930572,882392
20140717,14:45:00.000,BBG000BQVWZ6,-0.0034932054,-0.017197186,4429407
20140717,14:45:00.000,BBG000BHKYH4,-0.00084805064,0.0001809523,503245
20140717,14:45:00.000,BBG000BS7KS3,-0.0074139987,-0.0062808027,478746
20140717,14:45:00.000,BBG000CGT2S4,-0.044751,-0.056173045,5436141
20140717,14:45:00.000,BBG000F7RCJ1,-0.0014850195,-0.009179024,284817
20140717,14:45:00.000,BBG000BMTFR4,0.0012748819,0.0021580486,1267554
20140717,14:45:00.000,BBG000TJM7F0,-0.0041942466,-0.0026971244,732383
20140717,14:45:00.000,BBG000BMKDM3,0.0016127918,0.00022735193,792616
20140717,14:45:00.000,BBG000FLZN98,0.0018935775,-0.007594204,573552
20140717,14:45:00.000,BBG000BKLH74,-0.000106397805,-0.0017611468,2888311
20140717,14:45:00.000,BBG000BCTQ65,0.0009844846,-0.0025229244,1136603
20140717,14:45:00.000,BBG000D1QCF1,-0.0030710285,-0.006517765,725391
20140717,14:45:00.000,BBG000BSXQV7,0.0468287,0.043834105,1151149
20140717,14:45:00.000,BBG000BG09F5,-0.021625549,-0.03271115,787499
20140717,14:45:00.000,BBG000FLPRH1,-0.010781777,-0.015556017,576380
20140717,14:45:00.000,BBG000PV2L86,-0.0012856234,-0.007655313,319207
20140717,14:45:00.000,BBG000BGYWY6,-0.0010372284,-0.008251221,384236
20140717,14:45:00.000,BBG000C060M4,-0.0010700453,-0.0076146545,287027
20140717,14:45:00.000,BBG000BDXGP9,-0.007679175,-0.00906958,1878861
20140717,14:45:00.000,BBG000BGD7W6,-0.0011627548,-0.007417605,1134152
20140717,14:45:00.000,BBG000BP8Z50,-0.00035415878,-0.0031984781,664095
20140717,14:45:00.000,BBG000HW5GX3,0.001197377,-0.010269401,1071953
20140717,14:45:00.000,BBG000C4ZZ10,-0.007549208,-0.0139507055,258217
20140717,14:45:00.000,BBG000BNNYW1,-0.07637854,-0.0784112,11134899
20140717,14:45:00.000,BBG000BR37X2,-0.0010136568,-0.004911727,2229302
20140717,14:45:00.000,BBG000BLW530,0.0021947613,0.0020823732,864422
20140717,14:45:00.000,BBG000BF1R66,-0.00056352024,-0.00463364,279640
20140717,14:45:00.000,BBG000BKNX95,-0.005835464,-0.010002479,1455265
20140717,14:45:00.000,BBG000BWP7D9,0.00285146,-0.002878201,780302
20140717,14:45:00.000,BBG000BBMSJ6,0.007240621,-0.0048677786,697656
20140717,14:45:00.000,BBG000DN7P92,0.0036814418,-0.0005468604,938125
20140717,14:45:00.000,BBG000BCZYD3,-0.0029100608,-0.006386025,225344
20140717,14:45:00.000,BBG000CVWGS6,-0.012250822,-0.012166406,3450572
20140717,14:45:00.000,BBG000BLHRS2,0.0028410663,0.0014626593,908953
20140717,14:45:00.000,BBG000BY2Y78,-0.000516507,-0.008370597,613383
20140717,14:45:00.000,BBG000BK6G19,0.04486409,0.032344416,4054539
20140717,14:45:00.000,BBG002S5ZRF9,0.0166307,0.0034079982,481214
20140717,14:45:00.000,BBG000BNC3Y9,0.0036519591,-0.0065675704,617913
20140717,14:45:00.000,BBG000BTCH57,-0.002147686,-0.011810287,745704
20140717,14:45:00.000,BBG000BB03M1,0.004507242,7.2818984e-05,1111413
20140717,14:45:00.000,BBG000BN84F3,-0.0032443732,-0.00341473,855468
20140717,14:45:00.000,BBG000BB5BF6,0.0106827915,0.0024082598,1305363
20140717,14:45:00.000,BBG000FDBX90,0.0058928137,0.002408749,2448220
20140717,14:45:00.000,BBG000RGM5P1,0.014305009,0.0065918295,833032
20140717,14:45:00.000,BBG000BB5373,-0.0013749676,-0.008539812,3263306
20140717,14:45:00.000,BBG000BFDLV8,0.0017246458,-0.0036402445,1180575
20140717,14:45:00.000,BBG000BGRKT6,0.0020470738,0.0016485602,290911
20140717,14:45:00.000,BBG000BTVJ25,-0.007884268,-0.011598082,1117109
20140717,14:45:00.000,BBG000BVMPN3,-0.0054443567,-0.012332233,1074580
20140717,14:45:00.000,BBG000C2ZCH8,0.0058500757,0.0010267042,533885
20140717,14:45:00.000,BBG0014GJCT9,0.0072076856,0.0032221987,897759
20140717,14:45:00.000,BBG000C11MQ5,-0.0011938923,-0.017993517,621450
20140717,14:45:00.000,BBG003P9ZSL3,0.0018285547,0.0048543205,520507
20140717,14:45:00.000,BBG000BX5ZF5,0.008406592,0.0015572933,4775465
20140717,14:45:00.000,BBG000C2V3D6,-0.01202868,-0.022118839,3277487
20140717,14:45:00.000,BBG000BQVTF5,0.0011274368,-0.0066519934,646597
20140717,14:45:00.000,BBG000D2M0Z7,-0.003065366,-0.008426982,373662
20140717,14:45:00.000,BBG000CHPY97,-0.013687053,-0.025938109,3261097
20140717,14:45:00.000,BBG000N746D6,0.0014691149,-0.011366428,1965857
20140717,14:45:00.000,BBG000M1R011,0.016423674,0.009234206,1414603
20140717,14:45:00.000,BBG000BHLYP4,0.0119379945,0.004569406,610909
20140717,14:45:00.000,BBG000BB6G37,0.0034274189,-0.007824707,667181
20140717,14:45:00.000,BBG000BR14K5,-0.003015094,-0.007454472,452584
20140717,14:45:00.000,BBG000PX3XC0,-0.004707817,-0.017052714,2159598
20140717,14:45:00.000,BBG000J1QLT0,-0.005200861,-0.0038400213,623154
20140717,14:45:00.000,BBG0039320N9,-0.009743185,-0.008891349,1386097
20140717,14:45:00.000,BBG000BC4JJ4,-0.0028397185,-0.0015020684,653679
20140717,14:45:00.000,BBG000BM7HL0,0.009964206,0.008030246,1221738
20140717,14:45:00.000,BBG000BP1Q11,-0.0052031823,-0.007624742,495028
20140717,14:45:00.000,BBG000BF6LY3,-0.0039296043,-0.013883114,1420595
20140717,14:45:00.000,BBG000BF5RY1,0.0051922807,0.006189302,1751644
20140717,14:45:00.000,BBG000BFTJ91,-0.009289899,-0.008594416,1158598
20140717,14:45:00.000,BBG000BR54L0,0.008024497,-0.018031508,4073334
20140717,14:45:00.000,BBG000J5Q6L2,0.008582922,-0.0024570168,2830189
20140717,14:45:00.000,BBG000BCWCG1,-0.021024078,-0.031285483,2587170
20140717,14:45:00.000,BBG000TWC2V5,-0.0031431275,-0.0061296755,441404
20140717,14:45:00.000,BBG000BCYP43,-0.007491124,-0.009597055,408424
20140717,14:45:00.000,BBG000C221G9,-0.008539706,-0.019048419,1046206
20140717,14:45:00.000,BBG000BZTW70,0.012302356,-0.0006872628,2790677
20140717,14:45:00.000,BBG000BKZTP3,-0.0021104002,-0.005927077,1088309
20140717,14:45:00.000,BBG000R8ZVD1,0.006746977,-0.00013157655,1801816
20140717,14:45:00.000,BBG000CKVSG8,-0.019992111,-0.030270817,1900468
20140717,14:45:00.000,BBG000DNTSP4,0.0024542485,-0.003279736,1759996
20140717,14:45:00.000,BBG000BP4MH0,0.0038760847,-0.001730193,872401
20140717,14:45:00.000,BBG000BR3KL6,-0.0036385881,-0.014565829,462914
20140717,14:45:00.000,BBG000BJQWD2,0.0049546654,-0.0042313687,789941
20140717,14:45:00.000,BBG000G0Z878,0.0011860452,-0.006583781,1194340
20140717,14:45:00.000,BBG000D7RKJ5,0.005910267,0.0022891518,1142203
20140717,14:45:00.000,BBG000G9CGL0,-0.0031960346,-0.009943045,506576
20140717,14:45:00.000,BBG000DTMH63,0.0018614592,-0.0075609456,2257889
20140717,14:45:00.000,BBG0029BK2G7,-0.010624517,-0.016804716,895681
20140717,14:45:00.000,BBG000G3QLY3,0.0035562003,-0.0044599506,361664
20140717,14:45:00.000,BBG000BP0KQ8,0.0060962685,0.004848742,2356274
20140717,14:45:00.000,BBG001NVJ6W4,-0.047525644,-0.06107664,4810115
20140717,14:45:00.000,BBG000BSBZH7,0.0041819313,0.0041841683,3239176
20140717,14:45:00.000,BBG000BHGCD1,0.002870182,-0.008770681,447575
20140717,14:45:00.000,BBG000BL9JQ1,-0.004158331,-0.008939322,844087
20140717,14:45:00.000,BBG000BH5DV1,-0.0021201326,-0.0019621507,612094
20140717,14:45:00.000,BBG000QW7VC1,0.0064585577,0.005246766,5179020
20140717,14:45:00.000,BBG000DQTXY6,-0.006862533,-0.032799363,3853058
20140717,14:45:00.000,BBG000QY3XZ2,-0.004921948,-0.017071854,1081213
20140717,14:45:00.000,BBG000BBBNC6,0.014061517,0.008875205,1257589
20140717,14:45:00.000,BBG000F15NW9,-0.0018141692,-0.004877386,1075460
20140717,14:45:00.000,BBG000BNNKG9,-0.0013515673,-0.012175069,1868444
20140717,14:45:00.000,BBG000BFXHL6,-0.0032188396,-0.0006278333,1367549
20140717,14:45:00.000,BBG000BRRG02,0.007409023,0.0067533953,754116
20140717,14:45:00.000,BBG000BHLYS1,0.0019670075,-0.0033529336,847678
20140717,14:45:00.000,BBG000CGQ6M4,-0.009990887,-0.005808685,494698
20140717,14:45:00.000,BBG000C1S2X2,0.008919271,-0.008159845,907758
20140717,14:45:00.000,BBG000C7LMS8,-0.004147571,-0.00850026,62382
20140717,14:45:00.000,BBG000MDCQC2,0.0011837996,-0.00020484238,713575
20140717,14:45:00.000,BBG000JG0547,0.0047411015,-0.0019882699,526334
20140717,14:45:00.000,BBG000CJZ2W6,0.014981467,0.003314504,1104892
20140717,14:45:00.000,BBG0020B4JG7,0.004772661,-0.0063619344,2251267
20140717,14:45:00.000,BBG000BNFLM9,-0.0008804354,0.0004218463,806946
20140717,14:45:00.000,BBG000BCBCM7,0.002157723,-0.00893234,3608058
20140717,14:45:00.000,BBG000CS7CT9,0.009907119,0.0030993705,1556697
20140717,14:45:00.000,BBG000MZFMS2,-0.0016770576,-0.009252437,704393
20140717,14:45:00.000,BBG000BKQ3V3,0.0008049052,-0.008766133,1548303
20140717,14:45:00.000,BBG000BLCPY4,-0.002977315,-0.01677785,425033
20140717,14:45:00.000,BBG000BC15S7,0.005136355,-0.001004416,565024
20140717,14:45:00.000,BBG000FKJRC5,0.0013568591,-0.004126023,634111
20140717,14:45:00.000,BBG000BRJ809,0.010930273,0.014102136,582350
20140717,14:45:00.000,BBG000C2PW58,-0.0039606076,-0.012472245,481503
20140717,14:45:00.000,BBG000BCVMH9,0.026354013,0.025426997,1468181
20140717,14:45:00.000,BBG000BQ2C28,0.008443149,0.0036495966,474206
20140717,14:45:00.000,BBG000BBJQV0,0.015326037,0.0010331436,3744741
20140717,14:45:00.000,BBG000G2R6M0,0.010234052,0.023726674,3621964
20140717,14:45:00.000,BBG000BTKGG8,-0.013680043,-0.02652064,2633390
20140717,14:45:00.000,BBG000BMQPL1,-0.02658647,-0.03595371,13819460
20140717,14:45:00.000,BBG000BMF5J0,0.0013887071,-0.014951536,5716563
20140717,14:45:00.000,BBG000BB6WG8,0.0006303022,-0.0033498849,1555197
20140717,14:45:00.000,BBG000BM6788,-0.002019682,-0.014399428,1256879
20140717,14:45:00.000,BBG000FVXD63,-0.021692706,-0.03271644,2387371
20140717,14:45:00.000,BBG000C3HSR0,0.012100659,-0.0004964514,1811858
20140717,14:45:00.000,BBG000BN5HF7,-0.013279285,-0.027521148,1372185
20140717,14:45:00.000,BBG001QD41M9,-0.0019860424,-0.009194945,1148512
20140717,14:45:00.000,BBG000CXYSZ6,0.007496636,0.0064285677,496000
20140717,14:45:00.000,BBG000BVMGF2,0.006975507,0.001031652,1215960
20140717,14:45:00.000,BBG0019JZ882,0.010030031,0.0021671664,7189480
20140717,14:45:00.000,BBG000BKPL53,-0.009568558,-0.012215113,520409
20140717,14:45:00.000,BBG000PYZSR8,-0.0062691863,-0.0012804325,1075727
20140717,14:45:00.000,BBG000F0KF42,-0.009748862,-0.018758357,1939669
20140717,14:45:00.000,BBG000FW00S1,-0.01702045,-0.026501829,4808188
20140717,14:45:00.000,BBG000BYYLS8,-0.019061856,-0.028019557,3706875
20140717,14:45:00.000,BBG000BB6M98,-0.0069035063,-0.0083786715,1427574
20140717,14:45:00.000,BBG000D8RG11,-0.015450521,-0.0246309,4507161
20140717,14:45:00.000,BBG000CHWP52,0.015562126,0.01951943,2670807
20140717,14:45:00.000,BBG000D6L294,-0.0046558487,-0.017239567,703979
20140717,14:45:00.000,BBG000C3Y7J6,0.0010729351,-0.00026631317,561553
20140717,14:45:00.000,BBG000BM5SR2,-0.002527122,-0.009184101,3303483
20140717,14:45:00.000,BBG000BS0ZF1,-0.0018984729,-0.0023722376,313935
20140717,14:45:00.000,BBG000C0F570,0.0039698104,-0.007023645,1208321
20140717,14:45:00.000,BBG000C90DH9,-0.011476021,-0.0072594504,4729239
20140717,14:45:00.000,BBG000BVWLJ6,-0.00331584,-0.009684379,1340872
20140717,14:45:00.000,BBG000BRK7L6,0.0039667855,-0.004564514,1925985
20140717,14:45:00.000,BBG000BZ2GG4,0.0045976727,0.0002878108,881213
20140717,14:45:00.000,BBG000BVL2G3,0.0011381694,-0.008715082,765299
20140717,14:45:00.000,BBG000C2YHG9,-0.008130055,-0.0059548807,882276
20140717,14:45:00.000,BBG001BPFT54,0.019140884,-0.0027759,1812751
20140717,14:45:00.000,BBG000BH2JM1,0.010460555,0.013535865,3050421
20140717,14:45:00.000,BBG000BPVCR1,0.007868237,0.0049064932,652820
20140717,14:45:00.000,BBG002BHBHM1,0.00825252,0.0031282704,1232890
20140717,14:45:00.000,BBG000Q3JN03,-0.019402377,-0.032940954,15433404
20140717,14:45:00.000,BBG000BPT0C6,-0.012424012,-0.022920096,1514619
20140717,14:45:00.000,BBG000BQWPC5,-0.002191465,-0.008213683,1157800
20140717,14:45:00.000,BBG000BQ5DS5,-0.0028192329,-0.004465571,825542
20140717,14:45:00.000,BBG000DY8ZS4,0.008236892,0.00087425666,5439000
20140717,14:45:00.000,BBG000R8L7J3,-0.01612785,-0.028293176,7588213
20140717,14:45:00.000,BBG000BS9489,-0.006665242,-0.001961052,1156803
20140717,14:45:00.000,BBG000D898T9,0.008787929,0.0029589536,888850
20140717,14:45:00.000,BBG000BFL116,-0.00330902,-0.023087224,1669639
20140717,14:45:00.000,BBG001YMS0B8,-0.0074610543,-0.010169167,1107099
20140717,14:45:00.000,BBG000QBR5J5,0.010250475,0.005934908,2301726
20140717,14:45:00.000,BBG000BHC2S1,-0.0072822105,-0.0122814635,984358
20140717,14:45:00.000,BBG000BX3TD3,0.009953584,-0.0037236828,3657683
20140717,14:45:00.000,BBG000C1FQS9,-0.0073662107,-0.010584884,832202
20140717,14:45:00.000,BBG000BLKK03,0.01594465,0.040652446,1276491
20140717,14:45:00.000,BBG000BKCFC2,0.0013738242,-0.00112879,1737511
20140717,14:45:00.000,BBG000C4DPX1,0.00022705914,-0.014665149,1155358
20140717,14:45:00.000,BBG000BHZ5J9,-0.025356121,-0.033250604,1674690
20140717,14:45:00.000,BBG000KLB4Q1,-0.00895121,-0.021450091,3640579
20140717,14:45:00.000,BBG000BMBL90,-0.008222891,-0.012750084,1273848
20140717,14:45:00.000,BBG000C2BXK4,0.00025120916,-0.010565452,4765313
20140717,14:45:00.000,BBG000H0QBS7,0.0036840308,0.00090017705,2957983
20140717,14:45:00.000,BBG000BQZMH4,-0.0016527057,-0.0066407328,2282666
20140717,14:45:00.000,BBG000BLBXT4,-0.004644089,-0.012112937,1299675
20140717,14:45:00.000,BBG000BJ2VQ6,0.004928662,-0.007479946,1304788
20140717,14:45:00.000,BBG000BMY992,0.0035952649,0.0006077254,1266508
20140717,14:45:00.000,BBG000BXM6V2,0.011634984,0.0020058958,1115468
20140717,14:45:00.000,BBG000BWSV34,-0.0031869719,-0.010277523,622004
20140717,14:45:00.000,BBG000BKFBD7,0.0060267965,-0.00057624746,1404800
20140717,14:45:00.000,BBG000FP1N32,0.012052141,0.0048680184,2319262
20140717,14:45:00.000,BBG000BT4T69,0.008319742,-0.00015924718,1580363
20140717,14:45:00.000,BBG000BFMBQ6,-0.012568425,0.012346923,2364080
20140717,14:45:00.000,BBG000C0HQ54,0.00072624366,-0.004119234,652179
20140717,14:45:00.000,BBG000C0LW92,-0.01593606,-0.020210018,4376867
20140717,14:45:00.000,BBG000BVPPM1,-0.008547656,-0.012606141,1095582
20140717,14:45:00.000,BBG000BMW2Z0,-0.0034881625,-0.007835459,740474
20140717,14:45:00.000,BBG000BPWXK1,-0.0013679806,0.01309295,4124771
20140717,14:45:00.000,BBG000GC80B4,-0.008622992,-0.011695827,5185889
20140717,14:45:00.000,BBG000BXWBN9,0.006608994,0.0048907096,2244605
20140717,14:45:00.000,BBG000BY33P5,0.0010238212,0.0029356647,5169148
20140717,14:45:00.000,BBG000R7RDB4,0.0007104373,-0.01072152,656440
20140717,14:45:00.000,BBG000MBDGM6,0.0023722674,-0.0030488698,171475
20140717,14:45:00.000,BBG000BGLRN3,-6.266174e-05,-0.004041806,946784
20140717,14:45:00.000,BBG000BWJFZ4,0.02233844,0.029273454,1007977
20140717,14:45:00.000,BBG000BGVW60,0.0011955495,-0.004013236,693624
20140717,14:45:00.000,BBG000BNJHS8,0.005773274,-0.0103445165,3218207
20140717,14:45:00.000,BBG000DKCC19,0.001959956,-0.0010190448,1228008
20140717,14:45:00.000,BBG000BXMFC3,0.041829657,0.029734978,2451725
20140717,14:45:00.000,BBG000BSD7C2,0.003878535,0.0016912314,598178
20140717,14:45:00.000,BBG000BSLZY7,-0.0005895564,-0.011970888,4102527
20140717,14:45:00.000,BBG000BMDV41,0.0024977396,-0.0055565243,2807090
20140717,14:45:00.000,BBG001C7TST4,-0.00033110124,-0.007950068,1090919
20140717,14:45:00.000,BBG000BRJL00,0.00065033167,-0.0041603516,1290335
20140717,14:45:00.000,BBG000BRD0D8,-0.006441329,-0.018843083,2656716
20140717,14:45:00.000,BBG000BND699,-0.0057881707,-0.022451004,1749184
20140717,14:45:00.000,BBG000BB9KF2,-0.0033688445,-0.006640823,1098401
20140717,14:45:00.000,BBG000C1BW00,0.011335081,0.0042713564,778968
20140717,14:45:00.000,BBG000BTZQC4,0.0014552005,0.006138189,2571075
20140717,14:45:00.000,BBG000BWNFZ9,-0.020111667,-0.027957119,2059616
20140717,14:45:00.000,BBG000BJ98Z0,0.0024537733,-0.0049965447,759558
20140717,14:45:00.000,BBG000CNFQW6,-0.0056560785,-0.01252173,798069
20140717,14:45:00.000,BBG000BGPTV6,-0.0018139834,-0.010440456,587396
20140717,14:45:00.000,BBG000BB07P9,0.0010969043,0.013232076,7866272
20140717,14:45:00.000,BBG000C1FB75,0.01434002,0.009849256,741994
20140717,14:45:00.000,BBG001M8HHB7,0.022044146,0.00588615,956923
20140717,14:45:00.000,BBG000DHSPT0,0.006979307,0.011218049,2367515
20140717,14:45:00.000,BBG000FQ6PY6,0.0050436035,0.004415089,1407079
20140717,14:45:00.000,BBG000BBDV81,0.0027794472,-0.0048577376,2214359
20140717,14:45:00.000,BBG000VC0T95,-0.010446117,-0.018802945,1384429
20140717,14:45:00.000,BBG000BKFZM4,0.004083043,-0.00412509,2989842
20140717,14:45:00.000,BBG000D13GN8,-0.02146686,-0.037183594,952743
20140717,14:45:00.000,BBG000C0MF34,-0.0081336275,-0.0033568873,409066
20140717,14:45:00.000,BBG000BFNR17,0.021519972,0.011829547,885167
20140717,14:45:00.000,BBG000BK67C7,0.0014114253,-0.0039576604,438398
20140717,14:45:00.000,BBG000FJLFX8,0.005257096,0.026842777,2462021
20140717,14:45:00.000,BBG000BH5LT6,-0.010527965,-0.024518682,4119271
20140717,14:45:00.000,BBG000BD8PN9,0.0063696536,-0.00078700803,2936705
20140717,14:45:00.000,BBG000BH3GZ2,-0.051336307,-0.06306685,9845030
20140717,14:45:00.000,BBG000BB5006,-0.00079595746,-0.005112461,1220529
20140717,14:45:00.000,BBG000BTR593,-0.031965535,-0.038723446,5075579
20140717,14:45:00.000,BBG000BRWGG9,-0.00033352675,-0.005646377,20871634
20140717,14:45:00.000,BBG000BJ3PD2,-0.0045902207,-0.011014253,1026321
20140717,14:45:00.000,BBG000CSY9H9,0.010815872,0.00509313,2829443
20140717,14:45:00.000,BBG000FNRZ69,-0.01660558,-0.021237096,4019340
20140717,14:45:00.000,BBG000C734W3,-0.008158022,-0.025791876,491954
20140717,14:45:00.000,BBG000BCGY17,0.0038602247,0.0019142734,2796288
20140717,14:45:00.000,BBG000BCVJ77,0.0061888862,0.00581111,1696288
20140717,14:45:00.000,BBG000C46HM9,0.0022371146,-0.0017509687,1574046
20140717,14:45:00.000,BBG000BJPDZ1,0.01800583,0.01301763,356334
20140717,14:45:00.000,BBG000BJL3N0,-0.04554401,-0.054770004,17144430
20140717,14:45:00.000,BBG000BGJRC8,-0.0033326424,-0.0051328405,4103133
20140717,14:45:00.000,BBG000BBD070,0.0037864768,-0.0022170627,1626576
20140717,14:45:00.000,BBG000BFQYY3,-8.049905e-05,-0.0060488624,1301345
20140717,14:45:00.000,BBG000BPQD31,0.0046242024,0.0014527999,2676500
20140717,14:45:00.000,BBG000BJ81C1,-0.00031525138,-0.005386814,580736
20140717,14:45:00.000,BBG000B9WH86,0.0042731585,-0.009646475,15902388
20140717,14:45:00.000,BBG000D42FJ0,0.021612013,0.0054313974,1362110
20140717,14:45:00.000,BBG000BHX7N2,-0.0027629714,-0.010298842,1996103
20140717,14:45:00.000,BBG000BH3JF8,-0.030700458,-0.048369236,7304014
20140717,14:45:00.000,BBG000JWD753,0.0011600942,-0.010073547,7529283
20140717,14:45:00.000,BBG000BHGDH5,0.0062521826,0.0024176575,1559899
20140717,14:45:00.000,BBG0014GG205,-0.006521419,-0.024879087,3790854
20140717,14:45:00.000,BBG000G30YX4,0.0025723213,-0.015841076,933076
20140717,14:45:00.000,BBG000BCG930,-0.0027234869,0.02108025,2687907
20140717,14:45:00.000,BBG000BWVCP8,0.0023134917,-0.0044535496,2301744
20140717,14:45:00.000,BBG000C3GN47,-0.019839205,-0.029119184,4973580
20140717,14:45:00.000,BBG000BT9DW0,0.004107936,-0.0011170642,2546107
20140717,14:45:00.000,BBG000BV8DN6,-0.0022236514,-0.0045633824,3967933
20140717,14:45:00.000,BBG0029SNR63,0.02155652,0.019480541,4467454
20140717,14:45:00.000,BBG000HCJMF9,0.0010413909,-0.009136587,1059654
20140717,14:45:00.000,BBG000D9D830,0.005257542,0.0003753775,1259266
20140717,14:45:00.000,BBG000F6H8W8,-0.0048858374,-0.007424929,789447
20140717,14:45:00.000,BBG000B9ZXB4,0.034686446,0.031672727,9035215
20140717,14:45:00.000,BBG000BVDLH9,0.013622094,0.004277791,1937798
20140717,14:45:00.000,BBG000BBVJZ8,-0.008899011,-0.020026634,2568140
20140717,14:45:00.000,BBG000BWXBC2,0.0034295071,0.00026148482,2303658
20140717,14:45:00.000,BBG000WCFV84,0.0043572695,0.009001072,1516497
20140717,14:45:00.000,BBG000BFDXW1,0.008690993,-0.0052117333,2335759
20140717,14:45:00.000,BBG000DYGNW7,0.009277648,0.006342261,644051
20140717,14:45:00.000,BBG000BNBDC2,-0.0018911291,-0.0039012688,1592441
20140717,14:45:00.000,BBG000BJSBJ0,0.0013239454,-0.003901177,832848
20140717,14:45:00.000,BBG000BJF1Z8,-8.00676e-05,-0.008325273,1349055
20140717,14:45:00.000,BBG000BY29C7,0.014353834,0.014212489,3592050
20140717,14:45:00.000,BBG000BH13K9,0.0013636342,0.0030770062,2606142
20140717,14:45:00.000,BBG000BH1NH9,-0.010776807,-0.016825622,2519609
20140717,14:45:00.000,BBG000BLZRJ2,0.008973088,-0.0003075467,12833627
20140717,14:45:00.000,BBG000BVV7G1,0.0013130882,-0.012029131,3035649
20140717,14:45:00.000,BBG000BL4504,-0.015176158,-0.026584705,5414113
20140717,14:45:00.000,BBG000BB6KF5,0.00034979588,-0.010187526,2827831
20140717,14:45:00.000,BBG000DSMS70,0.00848248,-0.010930462,573999
20140717,14:45:00.000,BBG000C8H633,0.0014605718,-0.008694773,2438804
20140717,14:45:00.000,BBG001DCCGR8,-0.0056263194,-0.0142175015,1797812
20140717,14:45:00.000,BBG000QX74T1,0.0033478844,-0.011938409,273990
20140717,14:45:00.000,BBG000M65M61,-0.009754448,-0.026841031,5882498
20140717,14:45:00.000,BBG000F80SZ5,0.013134459,-0.0012793996,10791241
20140717,14:45:00.000,BBG000C5HS04,0.0015919898,-0.0026012876,2700477
20140717,14:45:00.000,BBG000H556T9,-0.0029522679,-0.006950815,2361375
20140717,14:45:00.000,BBG000NV1KK7,-0.014039664,-0.017097792,3175964
20140717,14:45:00.000,BBG000L9CV04,-0.0046162154,-0.0135857295,1691301
20140717,14:45:00.000,BBG000BXRPH1,0.009611029,-0.0052950447,584093
20140717,14:45:00.000,BBG000BNDN65,0.002507698,-0.0041960897,3027666
20140717,14:45:00.000,BBG000BGKTF9,-0.011544419,-0.016357122,2485639
20140717,14:45:00.000,BBG00286S4N9,-0.0048076916,-0.0104487,1371799
20140717,14:45:00.000,BBG000H89QJ6,-0.013834571,-0.010180291,1093153
20140717,14:45:00.000,BBG000BNWG87,-0.010964849,-0.014302781,5490805
20140717,14:45:00.000,BBG000BJX8C8,0.00094191456,-0.0033393127,1932946
20140717,14:45:00.000,BBG000BD4VG8,-0.008723948,-0.01626473,3156981
20140717,14:45:00.000,BBG000D4LWF6,0.0011934581,-0.0010486712,3957038
20140717,14:45:00.000,BBG000FL1TC8,-0.010405023,-0.0047207274,1466574
20140717,14:45:00.000,BBG000FFDM15,-0.0060740765,-0.014344827,7630688
20140717,14:45:00.000,BBG000BBPFB9,0.00497115,0.003939079,8440220
20140717,14:45:00.000,BBG000BN2DC2,-0.012637927,-0.01751757,2347095
20140717,14:45:00.000,BBG000BCQZS4,-0.0021212175,-0.00926322,1659070
20140717,14:45:00.000,BBG000CPQZ77,0.016635982,0.010972432,5766771
20140717,14:45:00.000,BBG000BP52R2,0.006869014,-0.01269379,1787272
20140717,14:45:00.000,BBG000J6XT05,-0.017267277,-0.02307524,6348256
20140717,14:45:00.000,BBG000BJDB15,-0.018791761,-0.0054079164,5664625
20140717,14:45:00.000,BBG000LD9JQ8,-0.008142912,-0.016608484,1473185
20140717,14:45:00.000,BBG000FG3C43,-0.12539178,-0.13560286,22395588
20140717,14:45:00.000,BBG000BC2C10,0.010388463,0.00015046023,2101651
20140717,14:45:00.000,BBG000BGRY34,0.0032273496,-0.0031920553,1287112
20140717,14:45:00.000,BBG000CTQBF3,5.23001e-05,-0.011685986,2443829
20140717,14:45:00.000,BBG000H8TVT2,0.0007988312,-0.003989601,2771770
20140717,14:45:00.000,BBG0025Y4RY4,0.011061172,0.0059654037,14173488
20140717,14:45:00.000,BBG000F1ZSQ2,-0.008641203,-0.017562062,2901799
20140717,14:45:00.000,BBG000CH5208,0.008893236,0.024660822,4892544
20140717,14:45:00.000,BBG000KHWT55,-0.0013998804,-0.0077546453,6443325
20140717,14:45:00.000,BBG000BFWKC0,0.0061072884,0.0012492606,1949409
20140717,14:45:00.000,BBG000BP6LJ8,-0.002919098,-0.002869804,3834267
20140717,14:45:00.000,BBG000BW8S60,-0.0022450709,-0.007520968,2936006
20140717,14:45:00.000,BBG000BWLMJ4,-0.0006710988,-0.009382886,2626619
20140717,14:45:00.000,BBG000Q2HM09,0.0068846466,-0.009191654,2076349
20140717,14:45:00.000,BBG000BW3299,-0.004019801,-0.006339694,1335298
20140717,14:45:00.000,BBG000BC40Y8,-0.019623777,-0.029593067,3762404
20140717,14:45:00.000,BBG000BBS2Y0,7.3714786e-05,-0.012063507,1663195
20140717,14:45:00.000,BBG000DWG505,-0.0035898364,-0.007809361,1504925
20140717,14:45:00.000,BBG000BQQ2S6,-0.002493829,-0.01105968,1685480
20140717,14:45:00.000,BBG000BZ9223,0.007928467,-0.004439667,1551003
20140717,14:45:00.000,BBG000DH7JK6,2.1823162e-05,-0.0003871805,1590407
20140717,14:45:00.000,BBG000BHVJJ3,0.0037756052,-0.004816011,7861811
20140717,14:45:00.000,BBG000J2XL74,0.007202856,0.008386147,3748663
20140717,14:45:00.000,BBG000C17X76,0.0114157,-0.0057618604,1097784
20140717,14:45:00.000,BBG000BHBK84,0.0025496413,-0.0036498671,2391300
20140717,14:45:00.000,BBG000Q9HH23,0.019832611,0.0090994965,1044612
20140717,14:45:00.000,BBG000F0PF65,0.031938326,0.03554439,22683264
20140717,14:45:00.000,BBG000BF0K17,-0.003365953,-0.009801827,1904322
20140717,14:45:00.000,BBG000C15T95,-0.0016078749,-0.0015169014,3980049
20140717,14:45:00.000,BBG000NDYB67,0.002023058,-0.0034692853,7638052
20140717,14:45:00.000,BBG000DWYF03,-0.00039073033,-2.3882586e-07,28143048
20140717,14:45:00.000,BBG000C6CFJ5,0.006994428,2.9649467e-05,2743883
20140717,14:45:00.000,BBG000BKTFN2,-0.004872494,-0.012106149,3997297
20140717,14:45:00.000,BBG000BBGGQ1,-0.007994968,-0.0153804645,4634341
20140717,14:45:00.000,BBG000DLFM21,,,1981742
20140717,14:45:00.000,BBG000BBDZG3,-0.0023658392,-0.0009089944,3959906
20140717,14:45:00.000,BBG000DQLV23,0.0010056263,-0.0036889694,3389204
20140717,14:45:00.000,BBG000BCSST7,0.0002982948,-0.003139497,3386730
20140717,14:45:00.000,BBG000BQLTW7,-0.0013050855,-0.002732607,17428934
20140717,14:45:00.000,BBG000BQPC32,0.007727516,0.0061841956,36439688
20140717,14:45:00.000,BBG000BFC8J2,-0.009793368,-0.023766782,3025910
20140717,14:45:00.000,BBG000BQQH30,0.0011991025,-0.008144392,3318635
20140717,14:45:00.000,BBG000BMX289,-0.001042197,-0.0007135703,4659006
20140717,14:45:00.000,BBG000BNSZP1,0.0027224296,-0.0064490777,2627515
20140717,14:45:00.000,BBG005P7Q881,-0.0058210935,-0.021738857,9015056
20140717,14:45:00.000,BBG000FH8PX5,,,1084940
20140717,14:45:00.000,BBG000R7Z112,-0.008306941,-0.02508254,11751830
20140717,14:45:00.000,BBG000BH4R78,0.0069263144,0.0024598325,4424531
20140717,14:45:00.000,BBG000BKZB36,0.004872871,-0.0005021736,3030489
20140717,14:45:00.000,BBG000BPD168,0.0013908141,-0.0017215121,3642866
20140717,14:45:00.000,BBG000BHQ1H0,0.011011233,0.006513599,831121
20140717,14:45:00.000,BBG000C496P7,,,21750036
20140717,14:45:00.000,BBG000C43RR5,0.026116634,0.020909091,15503809
20140717,14:45:00.000,BBG000BT41Q8,0.0066176285,-0.0037555685,3649895
20140717,14:45:00.000,BBG000PSKYX7,-0.0019863658,-0.012648979,1497329
20140717,14:45:00.000,BBG000BR2TH3,0.0045140223,-0.0017304124,3593559
20140717,14:45:00.000,BBG000GFFQN9,-0.0067121903,-0.018942988,27059938
20140717,14:45:00.000,BBG000CGC1X8,-0.014976388,-0.013440231,7414455
20140717,14:45:00.000,BBG000BMHYD1,-0.006839722,-0.010765628,6286767
20140717,14:45:00.000,BBG000BFT2L4,-0.0121478,-0.010719422,9037495
20140717,14:45:00.000,BBG000HS77T5,-0.0014571353,-0.0070649977,6710446
20140717,14:45:00.000,BBG000K4ND22,0.005593522,-0.0014510612,2794953
20140717,14:45:00.000,BBG000C3J3C9,-0.012007022,-0.009624023,19830126
20140717,14:45:00.000,BBG000BK6MB5,0.0062130266,-0.008519206,24318176
20140717,14:45:00.000,BBG000BWQFY7,0.009009766,-0.004298988,14533631
20140717,14:45:00.000,BBG000BLNNH6,0.0070712436,0.0054842853,5061678
20140717,14:45:00.000,BBG000H6HNW3,-0.004775562,-0.015497546,17003820
20140717,14:45:00.000,BBG000DMBXR2,0.0023885653,-0.0085171955,9496155
20140717,14:45:00.000,BBG000BSJK37,0.0011049681,-0.005487377,10965485
20140717,14:45:00.000,BBG000FY4S11,0.0050701615,-0.006223167,16091253
20140717,14:45:00.000,BBG000C5Z1S3,-0.02033713,-0.036368642,26056288
20140717,14:45:00.000,BBG000BR2B91,-0.0007503441,-0.0042000776,22057182
20140717,14:45:00.000,BBG000N9MNX3,0.014437686,0.0014729089,3076026
20140717,14:45:00.000,BBG000C0G1D1,-0.0101860445,-0.022225616,53756708
20140717,14:45:00.000,BBG002W96FT9,-0.0057204925,-0.014530025,1513252
20140717,14:45:00.000,BBG000BLBVN4,-0.0010985926,-0.011078154,626618
20140717,14:45:00.000,BBG000CKGBP2,0.0031630017,-0.012415569,10422399
20140717,14:45:00.000,BBG000GZQ728,-0.0003163734,-0.006072434,4107076
20140717,14:45:00.000,BBG000BVPV84,0.007897588,-0.007220782,2511721
20140717,14:45:00.000,BBG000BPH459,0.014318448,0.014069824,61155816
20140717,14:45:00.000,BBG000BCTLF6,-0.002109694,-0.016768541,68783816
20140717,14:45:00.000,BBG000BHSKN9,-0.003811031,-0.012577813,1582139
20140717,14:45:00.000,BBG000CL9VN6,0.006449655,-0.005151174,1438418
20140717,14:45:00.000,BBG000MM2P62,0.0071869507,-0.0069485614,26946774
20140717,14:45:00.000,BBG000B9XRY4,-0.004145784,-0.011289551,37305272
20140717,15:00:00.000,BBG000PCQQL6,-0.0013210878,-0.0031343147,1267734
20140717,15:00:00.000,BBG000BJP882,-0.01150448,-0.0076543717,713802
20140717,15:00:00.000,BBG000BMFFQ0,0.0013210427,0.00036873572,567365
20140717,15:00:00.000,BBG000K1J931,0.008806897,-0.019060692,1732813
20140717,15:00:00.000,BBG000BQ87N0,-0.0016326166,-0.0043968316,458067
20140717,15:00:00.000,BBG000BBCQD7,0.0022980506,6.201119e-08,3132939
20140717,15:00:00.000,BBG000BQHGR6,0.0006300674,-0.006433476,489647
20140717,15:00:00.000,BBG000C75N77,-0.011677591,-0.024564713,1132295
20140717,15:00:00.000,BBG000BJ8YN7,0.003740191,-0.005052768,1586448
20140717,15:00:00.000,BBG000BLXZN1,0.012726807,0.00500421,1776717
20140717,15:00:00.000,BBG000BV4XJ1,0.011135428,-0.0068376004,290121
20140717,15:00:00.000,BBG000QKPTS5,0.016550558,0.0051809675,789669
20140717,15:00:00.000,BBG000BV75B7,-0.0027507918,-0.011687527,348828
20140717,15:00:00.000,BBG000CB8Q50,-0.0034610073,-0.0061348886,519007
20140717,15:00:00.000,BBG000BNPSQ9,-2.8890772e-05,-0.023270825,1121497
20140717,15:00:00.000,BBG000H4YVR7,-0.021725075,-0.039431404,668540
20140717,15:00:00.000,BBG000JB27Y9,0.003194784,7.4850476e-08,582625
20140717,15:00:00.000,BBG000BVHBM1,0.004367463,-0.021508288,1319921
20140717,15:00:00.000,BBG000BQSQ38,-0.0008249165,-0.007590052,1009073
20140717,15:00:00.000,BBG001XJRMF5,-0.014391358,-0.0060647097,839651
20140717,15:00:00.000,BBG000BNGTQ7,0.00021306059,-0.0019189921,1187339
20140717,15:00:00.000,BBG000B9X8C0,0.002730193,-0.0015104035,632623
20140717,15:00:00.000,BBG000GPXKX9,-0.0064608003,-0.0134992665,400872
20140717,15:00:00.000,BBG000BV7LP7,0.0034942874,0.0017318492,1147114
20140717,15:00:00.000,BBG001NY45K9,-0.030153904,-0.04424137,3346122
20140717,15:00:00.000,BBG000L8CBX4,-0.005136862,-0.005364161,157906
20140717,15:00:00.000,BBG000BHCP19,0.010515485,-0.0047183996,548717
20140717,15:00:00.000,BBG000JKCWS0,-0.0016880615,-0.0040781135,196382
20140717,15:00:00.000,BBG000CPHYL4,-0.0042162226,-0.008929198,1150942
20140717,15:00:00.000,BBG000F86GP6,0.0025321366,-0.0053219246,343883
20140717,15:00:00.000,BBG000V31J96,-0.00036575913,-0.007951233,1768416
20140717,15:00:00.000,BBG000BWVSR1,-0.003470014,-0.007839565,484403
20140717,15:00:00.000,BBG000DLVDK3,0.018327698,0.03540683,1652207
20140717,15:00:00.000,BBG003641015,-0.0028728275,-0.0095163565,723610
20140717,15:00:00.000,BBG000BQD1J2,0.003280935,0.002456735,23914728
20140717,15:00:00.000,BBG000BWXL85,-0.009186331,-0.011306888,649986
20140717,15:00:00.000,BBG001J1QN87,-0.0062783263,-0.026972441,329657
20140717,15:00:00.000,BBG000BFJ645,0.00262016,-0.006879542,4333994
20140717,15:00:00.000,BBG000BPZBB6,0.0012726753,-0.0033589494,497247
20140717,15:00:00.000,BBG000RNTSX0,0.0088115875,0.0033604032,832705
20140717,15:00:00.000,BBG000C23KJ3,0.0036242688,-0.0052479478,2052071
20140717,15:00:00.000,BBG000CZWZ05,0.021682717,0.0016853273,1423739
20140717,15:00:00.000,BBG000CR90K4,0.0057766647,-0.012042412,23435636
20140717,15:00:00.000,BBG000BBL0Y1,-0.0011023385,-0.016684908,917125
20140717,15:00:00.000,BBG000BKQG80,0.002921508,-0.0040278807,654599
20140717,15:00:00.000,BBG000K14Q84,-0.0026571597,-0.014836521,2542604
20140717,15:00:00.000,BBG000Q0BPZ4,0.00032459726,-0.011310372,784211
20140717,15:00:00.000,BBG000BHB3M6,-0.0027788368,-0.013706285,1184894
20140717,15:00:00.000,BBG000BLMZK6,-0.012423574,-0.021770397,981910
20140717,15:00:00.000,BBG000QFJ7H3,0.009508584,-0.002707148,827729
20140717,15:00:00.000,BBG000BLDV98,-0.0040243715,-0.013511163,956946
20140717,15:00:00.000,BBG000PLXQQ3,0.02439909,0.02371381,4138809
20140717,15:00:00.000,BBG000BGYMH7,0.008488112,-0.005706524,363472
20140717,15:00:00.000,BBG000H9G7X2,-0.0034687442,-0.011438721,1351946
20140717,15:00:00.000,BBG000BRZJR8,0.015807144,-0.006613165,2040768
20140717,15:00:00.000,BBG000BJDPC2,-0.008288823,-0.011638266,690886
20140717,15:00:00.000,BBG000BDY3Y7,-0.010558744,-0.017403396,1737468
20140717,15:00:00.000,BBG000BPNP00,0.008327183,-0.0038753801,1271405
20140717,15:00:00.000,BBG000BBB3K1,0.0028081255,-0.00051647297,2363739
20140717,15:00:00.000,BBG000BFV115,0.0028028884,-0.009455194,722530
20140717,15:00:00.000,BBG000CXD6X9,-0.0053112316,-0.0076826774,1225744
20140717,15:00:00.000,BBG000QN4GY3,-0.019025337,-0.02713821,1462948
20140717,15:00:00.000,BBG000BWCKB6,-0.008511563,-0.008457057,1724412
20140717,15:00:00.000,BBG000BKXFN7,0.0002009414,-0.013184684,1250811
20140717,15:00:00.000,BBG000F9KJN4,-0.0017932869,-0.008851019,1240808
20140717,15:00:00.000,BBG000BQV1S2,0.0027612012,-0.0154940905,508580
20140717,15:00:00.000,BBG000BTQR96,-0.00093086215,-0.01049223,745253
20140717,15:00:00.000,BBG000F6ZWH2,-0.0027208417,-0.010213327,1019325
20140717,15:00:00.000,BBG000BMZ7P7,0.0037369889,-0.0019382816,898545
20140717,15:00:00.000,BBG000BB29X4,0.0055247913,0.00078731054,572050
20140717,15:00:00.000,BBG000BBCDZ2,-0.0079824375,-0.015214124,468394
20140717,15:00:00.000,BBG000C6F3T8,0.019821377,0.0053191655,19664980
20140717,15:00:00.000,BBG000BFVXX0,0.002973249,-4.0433304e-07,1063994
20140717,15:00:00.000,BBG000G6BN50,-0.0028405103,-0.013358937,257052
20140717,15:00:00.000,BBG000BRXP69,-0.0027023212,-0.007871377,641518
20140717,15:00:00.000,BBG000BPMH90,0.022737594,0.011671117,1495802
20140717,15:00:00.000,BBG000D9DMK0,-0.0038732104,-0.0054979934,1029075
20140717,15:00:00.000,BBG000D14WM3,0.000808214,-0.012719758,7601233
20140717,15:00:00.000,BBG000PVRDL2,0.007883041,0.025783712,3495852
20140717,15:00:00.000,BBG000BSC0K9,0.0004962104,-0.0020163627,762434
20140717,15:00:00.000,BBG000R0L5J4,0.011611939,0.0031130665,1492825
20140717,15:00:00.000,BBG000JH6683,-0.0027057796,-0.033872366,1089953
20140717,15:00:00.000,BBG000BG14P4,0.013605025,-0.008786911,993359
20140717,15:00:00.000,BBG000D9KWL9,0.013798902,0.0021679525,736292
20140717,15:00:00.000,BBG000BKWSR6,-0.014322524,-0.022856427,7218100
20140717,15:00:00.000,BBG000BC9938,0.002205195,-0.0037218838,999033
20140717,15:00:00.000,BBG000BB1TH9,-0.0063586826,-0.012158911,579823
20140717,15:00:00.000,BBG000BJ49H3,-0.0050199116,-0.00959149,1177381
20140717,15:00:00.000,BBG000BFS7D3,0.002151746,-0.0029156704,432658
20140717,15:00:00.000,BBG000BN9WT5,0.006039452,-0.006469253,810002
20140717,15:00:00.000,BBG000BKR1D6,0.00030149662,-0.0068405503,986545
20140717,15:00:00.000,BBG000BFRF55,0.010507585,-0.004454842,3616239
20140717,15:00:00.000,BBG000BKTT89,0.0018802447,-0.010945229,422335
20140717,15:00:00.000,BBG000BQ8KV2,0.0014636606,-0.010097767,927250
20140717,15:00:00.000,BBG000BQVWZ6,-0.00498838,-0.020232085,4544168
20140717,15:00:00.000,BBG000BHKYH4,-0.0011031211,-0.00045214937,523210
20140717,15:00:00.000,BBG000BS7KS3,-0.0077860975,-0.007108972,505321
20140717,15:00:00.000,BBG000CGT2S4,-0.045009024,-0.057304088,5626880
20140717,15:00:00.000,BBG000F7RCJ1,-0.00031206777,-0.008534326,302703
20140717,15:00:00.000,BBG000BMTFR4,0.0006050749,0.0006738942,1319877
20140717,15:00:00.000,BBG000TJM7F0,-0.0037692413,-0.0028658442,768258
20140717,15:00:00.000,BBG000BMKDM3,0.001865516,-0.00015134977,822692
20140717,15:00:00.000,BBG000FLZN98,0.0010718897,-0.008538687,584926
20140717,15:00:00.000,BBG000BKLH74,-0.0003761059,-0.0020126232,3089560
20140717,15:00:00.000,BBG000BCTQ65,0.0009746095,-0.0034687805,1192766
20140717,15:00:00.000,BBG000D1QCF1,-0.004010348,-0.00757663,765139
20140717,15:00:00.000,BBG000BSXQV7,0.046361066,0.042817555,1179256
20140717,15:00:00.000,BBG000BG09F5,-0.02391212,-0.03575224,868967
20140717,15:00:00.000,BBG000FLPRH1,-0.01104433,-0.017053373,611020
20140717,15:00:00.000,BBG000PV2L86,-0.0010164274,-0.00844028,335793
20140717,15:00:00.000,BBG000BGYWY6,-0.001218208,-0.00880325,406167
20140717,15:00:00.000,BBG000C060M4,-0.0018516325,-0.00861227,295599
20140717,15:00:00.000,BBG000BDXGP9,-0.0073916977,-0.009393674,1952910
20140717,15:00:00.000,BBG000BGD7W6,-0.0011391323,-0.008808173,1198430
20140717,15:00:00.000,BBG000BP8Z50,0.00021680217,-0.0032745907,696790
20140717,15:00:00.000,BBG000HW5GX3,0.00042060242,-0.011385704,1104048
20140717,15:00:00.000,BBG000C4ZZ10,-0.0071985316,-0.014489003,271028
20140717,15:00:00.000,BBG000BNNYW1,-0.07465908,-0.07661746,11569739
20140717,15:00:00.000,BBG000BR37X2,-0.00059392006,-0.004911739,2333994
20140717,15:00:00.000,BBG000BLW530,0.0016434182,0.00063611806,905027
20140717,15:00:00.000,BBG000BF1R66,-0.0008225435,-0.005432845,292733
20140717,15:00:00.000,BBG000BKNX95,-0.004504493,-0.0085737435,1537323
20140717,15:00:00.000,BBG000BWP7D9,0.0030866337,-0.0037638543,805617
20140717,15:00:00.000,BBG000BBMSJ6,0.007840437,-0.005440398,733052
20140717,15:00:00.000,BBG000DN7P92,0.004304342,-0.00091132015,983992
20140717,15:00:00.000,BBG000BCZYD3,-0.0025723046,-0.007142332,239836
20140717,15:00:00.000,BBG000CVWGS6,-0.012087567,-0.012600994,3559073
20140717,15:00:00.000,BBG000BLHRS2,0.0021630444,0.00021739976,952150
20140717,15:00:00.000,BBG000BY2Y78,-0.00095364935,-0.00915528,634257
20140717,15:00:00.000,BBG000BK6G19,0.045768827,0.03269593,4161559
20140717,15:00:00.000,BBG002S5ZRF9,0.016337438,0.0015576518,505997
20140717,15:00:00.000,BBG000BNC3Y9,0.003007841,-0.007519272,675158
20140717,15:00:00.000,BBG000BTCH57,-0.001601204,-0.011810285,787174
20140717,15:00:00.000,BBG000BB03M1,0.0036778077,-0.001524732,1225366
20140717,15:00:00.000,BBG000BN84F3,-0.003692086,-0.005853469,887155
20140717,15:00:00.000,BBG000BB5BF6,0.0070359795,-0.0020458275,1370212
20140717,15:00:00.000,BBG000FDBX90,0.005813602,0.0012051848,2489662
20140717,15:00:00.000,BBG000RGM5P1,0.014517666,0.0058769565,921033
20140717,15:00:00.000,BBG000BB5373,-0.00072269834,-0.008539757,3417527
20140717,15:00:00.000,BBG000BFDLV8,0.00044894594,-0.0057851383,1250340
20140717,15:00:00.000,BBG000BGRKT6,0.002562495,0.0015660598,319421
20140717,15:00:00.000,BBG000BTVJ25,-0.008966789,-0.012946741,1166630
20140717,15:00:00.000,BBG000BVMPN3,-0.006245072,-0.013370042,1138098
20140717,15:00:00.000,BBG000C2ZCH8,0.0052489024,-0.0006854305,558855
20140717,15:00:00.000,BBG0014GJCT9,0.007098772,0.00270651,933552
20140717,15:00:00.000,BBG000C11MQ5,0.00015041155,-0.018100498,646673
20140717,15:00:00.000,BBG003P9ZSL3,0.0023879874,0.004961418,565049
20140717,15:00:00.000,BBG000BX5ZF5,0.008878935,0.0015574482,5132339
20140717,15:00:00.000,BBG000C2V3D6,-0.011328353,-0.02264549,3343838
20140717,15:00:00.000,BBG000BQVTF5,0.00017113528,-0.0076332767,662419
20140717,15:00:00.000,BBG000D2M0Z7,-0.003309493,-0.009145261,395747
20140717,15:00:00.000,BBG000CHPY97,-0.0131680835,-0.02593807,3385835
20140717,15:00:00.000,BBG000N746D6,0.004295486,-0.008998383,2054324
20140717,15:00:00.000,BBG000M1R011,0.01427962,0.006215206,1456558
20140717,15:00:00.000,BBG000BHLYP4,0.013116194,0.0054847663,641357
20140717,15:00:00.000,BBG000BB6G37,0.0038801837,-0.008569928,694759
20140717,15:00:00.000,BBG000BR14K5,-0.0028821817,-0.007884454,476383
20140717,15:00:00.000,BBG000PX3XC0,-0.00461342,-0.017507354,2207632
20140717,15:00:00.000,BBG000J1QLT0,-0.0049523436,-0.004069249,660127
20140717,15:00:00.000,BBG0039320N9,-0.00983912,-0.01042436,1416228
20140717,15:00:00.000,BBG000BC4JJ4,-0.0028062894,-0.0024651214,670555
20140717,15:00:00.000,BBG000BM7HL0,0.010540017,0.007940038,1273211
20140717,15:00:00.000,BBG000BP1Q11,-0.004551809,-0.0075643673,514261
20140717,15:00:00.000,BBG000BF6LY3,-0.003903257,-0.014427271,1478449
20140717,15:00:00.000,BBG000BF5RY1,0.004538014,0.0047439043,1814274
20140717,15:00:00.000,BBG000BFTJ91,-0.008570259,-0.008594542,1210583
20140717,15:00:00.000,BBG000BR54L0,0.0074179866,-0.019033333,4182355
20140717,15:00:00.000,BBG000J5Q6L2,0.008495734,-0.0030710918,2904385
20140717,15:00:00.000,BBG000BCWCG1,-0.020990007,-0.031937256,2688482
20140717,15:00:00.000,BBG000TWC2V5,-0.003941665,-0.0075275465,468349
20140717,15:00:00.000,BBG000BCYP43,-0.00816142,-0.011357291,431770
20140717,15:00:00.000,BBG000C221G9,-0.00950166,-0.020823566,1101993
20140717,15:00:00.000,BBG000BZTW70,0.013528121,0.00034486165,2921473
20140717,15:00:00.000,BBG000BKZTP3,-0.002711093,-0.006377391,1121820
20140717,15:00:00.000,BBG000R8ZVD1,0.0065086354,-0.00052511616,1845157
20140717,15:00:00.000,BBG000CKVSG8,-0.017899482,-0.028628176,2012344
20140717,15:00:00.000,BBG000DNTSP4,0.0035845698,-0.0028110484,1791972
20140717,15:00:00.000,BBG000BP4MH0,0.003286843,-0.002882866,907667
20140717,15:00:00.000,BBG000BR3KL6,-0.004791012,-0.016692527,488639
20140717,15:00:00.000,BBG000BJQWD2,0.0043864674,-0.005585451,836099
20140717,15:00:00.000,BBG000G0Z878,0.0014791284,-0.0065836916,1300205
20140717,15:00:00.000,BBG000D7RKJ5,0.0060584703,0.001408625,1225662
20140717,15:00:00.000,BBG000G9CGL0,-0.0034634355,-0.012523194,530853
20140717,15:00:00.000,BBG000DTMH63,0.0014099822,-0.00816606,2329763
20140717,15:00:00.000,BBG0029BK2G7,-0.0099042645,-0.016804764,928037
20140717,15:00:00.000,BBG000G3QLY3,0.003122969,-0.0054420354,372346
20140717,15:00:00.000,BBG000BP0KQ8,0.0074354997,0.00538736,2472769
20140717,15:00:00.000,BBG001NVJ6W4,-0.04469574,-0.059192568,5029272
20140717,15:00:00.000,BBG000BSBZH7,0.0029452501,0.0032187058,3325368
20140717,15:00:00.000,BBG000BHGCD1,0.0028365173,-0.010570896,485371
20140717,15:00:00.000,BBG000BL9JQ1,-0.0037315807,-0.009052658,976564
20140717,15:00:00.000,BBG000BH5DV1,-0.003396566,-0.0035565833,646627
20140717,15:00:00.000,BBG000QW7VC1,0.006376534,0.0026236088,5443720
20140717,15:00:00.000,BBG000DQTXY6,-0.0064761946,-0.032799337,3970619
20140717,15:00:00.000,BBG000QY3XZ2,-0.0048439917,-0.01807974,1120064
20140717,15:00:00.000,BBG000BBBNC6,0.013399153,0.008082645,1313759
20140717,15:00:00.000,BBG000F15NW9,-0.0017935421,-0.0062075914,1133436
20140717,15:00:00.000,BBG000BNNKG9,-0.0015465802,-0.013111585,1984240
20140717,15:00:00.000,BBG000BFXHL6,-0.0026556936,-0.0010460558,1433218
20140717,15:00:00.000,BBG000BRRG02,0.007663317,0.0070255427,768634
20140717,15:00:00.000,BBG000BHLYS1,0.002436383,-0.0038823523,881625
20140717,15:00:00.000,BBG000CGQ6M4,-0.010478852,-0.0071939877,511275
20140717,15:00:00.000,BBG000C1S2X2,0.006884881,-0.011723342,948750
20140717,15:00:00.000,BBG000C7LMS8,-0.003430508,-0.008161878,68187
20140717,15:00:00.000,BBG000MDCQC2,0.0018311483,-0.0016440003,742548
20140717,15:00:00.000,BBG000JG0547,0.004030833,-0.0032928356,551079
20140717,15:00:00.000,BBG000CJZ2W6,0.01376502,0.0012831152,1130268
20140717,15:00:00.000,BBG0020B4JG7,0.0049801706,-0.0073739486,2301053
20140717,15:00:00.000,BBG000BNFLM9,-0.0015999917,-0.0010538425,863004
20140717,15:00:00.000,BBG000BCBCM7,0.0020526834,-0.009825551,3711916
20140717,15:00:00.000,BBG000CS7CT9,0.010137783,0.0025182038,1634592
20140717,15:00:00.000,BBG000MZFMS2,0.0005111443,-0.009365537,722323
20140717,15:00:00.000,BBG000BKQ3V3,0.0003136269,-0.009797461,1628554
20140717,15:00:00.000,BBG000BLCPY4,-0.003146499,-0.017165039,450574
20140717,15:00:00.000,BBG000BC15S7,0.0057985303,-0.0010601068,596601
20140717,15:00:00.000,BBG000FKJRC5,0.0012730454,-0.004658266,668855
20140717,15:00:00.000,BBG000BRJ809,0.010449512,0.012765032,625908
20140717,15:00:00.000,BBG000C2PW58,-0.004513172,-0.01334882,498845
20140717,15:00:00.000,BBG000BCVMH9,0.024593137,0.022952303,1489635
20140717,15:00:00.000,BBG000BQ2C28,0.008477079,0.0030405642,491833
20140717,15:00:00.000,BBG000BBJQV0,0.016023228,0.0005164969,3906440
20140717,15:00:00.000,BBG000G2R6M0,0.01238636,0.025916968,3761532
20140717,15:00:00.000,BBG000BTKGG8,-0.013804276,-0.0270166,2748234
20140717,15:00:00.000,BBG000BMQPL1,-0.02684388,-0.036658764,14270301
20140717,15:00:00.000,BBG000BMF5J0,0.0012120912,-0.016101675,5932017
20140717,15:00:00.000,BBG000BB6WG8,0.000917732,-0.0035593684,1628107
20140717,15:00:00.000,BBG000BM6788,-0.0017826854,-0.015359291,1301533
20140717,15:00:00.000,BBG000FVXD63,-0.023465682,-0.034942966,2523472
20140717,15:00:00.000,BBG000C3HSR0,0.0128455805,-0.0007090426,1864597
20140717,15:00:00.000,BBG000BN5HF7,-0.013333784,-0.028012529,1416181
20140717,15:00:00.000,BBG001QD41M9,-0.0014969397,-0.00919488,1183000
20140717,15:00:00.000,BBG000CXYSZ6,0.0066424557,0.0051065823,514633
20140717,15:00:00.000,BBG000BVMGF2,0.006285895,-0.00017174776,1262610
20140717,15:00:00.000,BBG0019JZ882,0.008467647,1.03937545e-07,7440615
20140717,15:00:00.000,BBG000BKPL53,-0.009786396,-0.013675009,537129
20140717,15:00:00.000,BBG000PYZSR8,-0.0055959476,-0.0014937385,1094568
20140717,15:00:00.000,BBG000F0KF42,-0.010867656,-0.021531427,2034190
20140717,15:00:00.000,BBG000FW00S1,-0.016676145,-0.026501898,4980182
20140717,15:00:00.000,BBG000BYYLS8,-0.020230083,-0.029534113,3962789
20140717,15:00:00.000,BBG000BB6M98,-0.0074576065,-0.009619889,1504325
20140717,15:00:00.000,BBG000D8RG11,-0.015445769,-0.025543252,4692829
20140717,15:00:00.000,BBG000CHWP52,0.015090186,0.01850152,2728559
20140717,15:00:00.000,BBG000D6L294,-0.0040647006,-0.017414453,768959
20140717,15:00:00.000,BBG000C3Y7J6,0.0014454336,-0.00037258834,577414
20140717,15:00:00.000,BBG000BM5SR2,-0.0028071804,-0.010382122,3422467
20140717,15:00:00.000,BBG000BS0ZF1,-0.0011931391,-0.001454477,338016
20140717,15:00:00.000,BBG000C0F570,0.0040238346,-0.0082631465,1252020
20140717,15:00:00.000,BBG000C90DH9,-0.012803336,-0.009333606,4943069
20140717,15:00:00.000,BBG000BVWLJ6,-0.0038684546,-0.011225154,1462219
20140717,15:00:00.000,BBG000BRK7L6,0.0031182047,-0.0057655857,1984060
20140717,15:00:00.000,BBG000BZ2GG4,0.0044315737,-0.00014339795,940842
20140717,15:00:00.000,BBG000BVL2G3,0.0014493659,-0.009394289,792393
20140717,15:00:00.000,BBG000C2YHG9,-0.0069232243,-0.005878553,913919
20140717,15:00:00.000,BBG001BPFT54,0.018290665,-0.0058599617,1858200
20140717,15:00:00.000,BBG000BH2JM1,0.011567188,0.013972438,3188862
20140717,15:00:00.000,BBG000BPVCR1,0.008298874,0.0031124607,685359
20140717,15:00:00.000,BBG002BHBHM1,0.007248779,-6.6541266e-05,1270657
20140717,15:00:00.000,BBG000Q3JN03,-0.018931013,-0.032941002,15839748
20140717,15:00:00.000,BBG000BPT0C6,-0.012971736,-0.02397103,1557604
20140717,15:00:00.000,BBG000BQWPC5,-0.002281878,-0.009266313,1215935
20140717,15:00:00.000,BBG000BQ5DS5,-0.0018618618,-0.004227927,861233
20140717,15:00:00.000,BBG000DY8ZS4,0.009057015,0.0013113486,5609098
20140717,15:00:00.000,BBG000R8L7J3,-0.00931482,-0.023577971,7845343
20140717,15:00:00.000,BBG000BS9489,-0.0056981156,-0.0017507942,1218517
20140717,15:00:00.000,BBG000D898T9,0.0077930195,0.0002824024,945309
20140717,15:00:00.000,BBG000BFL116,-0.0005271347,-0.022220397,1753027
20140717,15:00:00.000,BBG001YMS0B8,-0.0078305015,-0.011169324,1148653
20140717,15:00:00.000,BBG000QBR5J5,0.009544583,0.0048418823,2444240
20140717,15:00:00.000,BBG000BHC2S1,-0.008569658,-0.014351879,1025964
20140717,15:00:00.000,BBG000BX3TD3,0.012736653,-0.0014896715,3805284
20140717,15:00:00.000,BBG000C1FQS9,-0.008476411,-0.012701717,878996
20140717,15:00:00.000,BBG000BLKK03,0.013620248,0.036414683,1343936
20140717,15:00:00.000,BBG000BKCFC2,0.0016604235,-0.0015053388,1823045
20140717,15:00:00.000,BBG000C4DPX1,0.00094550085,-0.015412136,1211153
20140717,15:00:00.000,BBG000BHZ5J9,-0.023470737,-0.03170414,1732792
20140717,15:00:00.000,BBG000KLB4Q1,-0.008796847,-0.022810167,3817110
20140717,15:00:00.000,BBG000BMBL90,-0.007821551,-0.013097809,1319257
20140717,15:00:00.000,BBG000C2BXK4,0.0019379313,-0.00978284,4889854
20140717,15:00:00.000,BBG000H0QBS7,0.0045759734,0.00089998584,3078202
20140717,15:00:00.000,BBG000BQZMH4,-0.0021378582,-0.00823461,2348607
20140717,15:00:00.000,BBG000BLBXT4,-0.0046544047,-0.01301698,1383866
20140717,15:00:00.000,BBG000BJ2VQ6,0.0043344772,-0.008027311,1354567
20140717,15:00:00.000,BBG000BMY992,0.0041784304,0.0008103791,1351418
20140717,15:00:00.000,BBG000BXM6V2,0.0119305,0.0020931195,1170942
20140717,15:00:00.000,BBG000BWSV34,-0.0038326615,-0.011522212,653112
20140717,15:00:00.000,BBG000BKFBD7,0.005543223,-0.0012965677,1519552
20140717,15:00:00.000,BBG000FP1N32,0.011639648,0.0032408219,2453797
20140717,15:00:00.000,BBG000BT4T69,0.008966646,-0.00015927255,1639725
20140717,15:00:00.000,BBG000BFMBQ6,-0.012609025,0.010697211,2405488
20140717,15:00:00.000,BBG000C0HQ54,0.002741321,-0.0041192463,692037
20140717,15:00:00.000,BBG000C0LW92,-0.01555658,-0.020987265,4540035
20140717,15:00:00.000,BBG000BVPPM1,-0.0078883,-0.012606127,1174421
20140717,15:00:00.000,BBG000BMW2Z0,-0.0044656526,-0.0095426375,787060
20140717,15:00:00.000,BBG000BPWXK1,-0.00057774363,0.013886374,4269487
20140717,15:00:00.000,BBG000GC80B4,-0.010088258,-0.014957304,5587242
20140717,15:00:00.000,BBG000BXWBN9,0.0073331487,0.004890602,2372848
20140717,15:00:00.000,BBG000BY33P5,0.00067466113,0.002516195,5499079
20140717,15:00:00.000,BBG000R7RDB4,0.00045896962,-0.011511774,673122
20140717,15:00:00.000,BBG000MBDGM6,0.0023383508,-0.0033583445,181635
20140717,15:00:00.000,BBG000BGLRN3,-0.00060120894,-0.004580586,1007521
20140717,15:00:00.000,BBG000BWJFZ4,0.023092682,0.02913062,1055561
20140717,15:00:00.000,BBG000BGVW60,0.0011255685,-0.0053030825,739102
20140717,15:00:00.000,BBG000BNJHS8,0.005183791,-0.011058016,3293507
20140717,15:00:00.000,BBG000DKCC19,0.0011336089,-0.0025481274,1269661
20140717,15:00:00.000,BBG000BXMFC3,0.0405677,0.027241925,2506529
20140717,15:00:00.000,BBG000BSD7C2,0.0035050192,0.00068720453,623030
20140717,15:00:00.000,BBG000BSLZY7,0.00062536966,-0.011245136,4371911
20140717,15:00:00.000,BBG000BMDV41,0.0030630387,-0.0053580585,2935509
20140717,15:00:00.000,BBG001C7TST4,-0.001443717,-0.009991315,1122802
20140717,15:00:00.000,BBG000BRJL00,0.0007646253,-0.005051682,1362903
20140717,15:00:00.000,BBG000BRD0D8,-0.0055695744,-0.018608289,2784844
20140717,15:00:00.000,BBG000BND699,-0.0041386858,-0.022600066,1830071
20140717,15:00:00.000,BBG000BB9KF2,-0.003219824,-0.0075632343,1169543
20140717,15:00:00.000,BBG000C1BW00,0.012173878,0.003992883,805978
20140717,15:00:00.000,BBG000BTZQC4,0.00095777685,0.0044641844,2690522
20140717,15:00:00.000,BBG000BWNFZ9,-0.020415936,-0.02963659,2152745
20140717,15:00:00.000,BBG000BJ98Z0,0.0026343258,-0.0063704895,787584
20140717,15:00:00.000,BBG000CNFQW6,-0.0049905563,-0.013198031,856438
20140717,15:00:00.000,BBG000BGPTV6,-0.0020403895,-0.011153898,617735
20140717,15:00:00.000,BBG000BB07P9,-0.0008676942,0.011115033,8413511
20140717,15:00:00.000,BBG000C1FB75,0.017209457,0.012682131,821919
20140717,15:00:00.000,BBG001M8HHB7,0.021155307,0.0038261027,991543
20140717,15:00:00.000,BBG000DHSPT0,0.006405073,0.009844683,2498131
20140717,15:00:00.000,BBG000FQ6PY6,0.004566756,0.003626692,1444011
20140717,15:00:00.000,BBG000BBDV81,0.0017664406,-0.0062745363,2293206
20140717,15:00:00.000,BBG000VC0T95,-0.008204068,-0.017351791,1417806
20140717,15:00:00.000,BBG000BKFZM4,0.0044016205,-0.00504169,3096588
20140717,15:00:00.000,BBG000D13GN8,-0.017248468,-0.034091353,983316
20140717,15:00:00.000,BBG000C0MF34,-0.009127187,-0.004637494,415271
20140717,15:00:00.000,BBG000BFNR17,0.018816505,0.008304432,910015
20140717,15:00:00.000,BBG000BK67C7,0.00116385,-0.004808976,457345
20140717,15:00:00.000,BBG000FJLFX8,0.005395439,0.025382012,2538130
20140717,15:00:00.000,BBG000BH5LT6,-0.009938589,-0.024068715,4210643
20140717,15:00:00.000,BBG000BD8PN9,0.0065651583,-0.00078709587,3113420
20140717,15:00:00.000,BBG000BH3GZ2,-0.052279513,-0.06379243,10015848
20140717,15:00:00.000,BBG000BB5006,-0.0012870089,-0.0062176627,1265401
20140717,15:00:00.000,BBG000BTR593,-0.03218946,-0.039184537,5263022
20140717,15:00:00.000,BBG000BRWGG9,0.0007843956,-0.005646377,21647294
20140717,15:00:00.000,BBG000BJ3PD2,-0.0049104583,-0.0116435215,1068823
20140717,15:00:00.000,BBG000CSY9H9,0.011255468,0.005421665,2901742
20140717,15:00:00.000,BBG000FNRZ69,-0.016710937,-0.02260749,4162263
20140717,15:00:00.000,BBG000C734W3,-0.0052370545,-0.024403486,536115
20140717,15:00:00.000,BBG000BCGY17,0.004307273,0.0011647993,2927978
20140717,15:00:00.000,BBG000BCVJ77,0.0065029184,0.004962435,1771414
20140717,15:00:00.000,BBG000C46HM9,0.001705766,-0.0031526259,1658492
20140717,15:00:00.000,BBG000BJPDZ1,0.017114237,0.010558748,372359
20140717,15:00:00.000,BBG000BJL3N0,-0.046942238,-0.05662668,17636544
20140717,15:00:00.000,BBG000BGJRC8,-0.0038701885,-0.0064158873,4203171
20140717,15:00:00.000,BBG000BBD070,0.0041242633,-0.002217115,1683848
20140717,15:00:00.000,BBG000BFQYY3,-0.0006224539,-0.007200762,1355320
20140717,15:00:00.000,BBG000BPQD31,0.0046304353,-0.000581683,2857125
20140717,15:00:00.000,BBG000BJ81C1,-0.00030149103,-0.0060667368,609567
20140717,15:00:00.000,BBG000B9WH86,0.0039558844,-0.01085251,16354383
20140717,15:00:00.000,BBG000D42FJ0,0.022232193,0.003828882,1379101
20140717,15:00:00.000,BBG000BHX7N2,-0.0023968972,-0.010593062,2085423
20140717,15:00:00.000,BBG000BH3JF8,-0.030828742,-0.048878875,7508901
20140717,15:00:00.000,BBG000JWD753,0.00075092993,-0.012021122,7686061
20140717,15:00:00.000,BBG000BHGDH5,0.006045601,0.0013127426,1623134
20140717,15:00:00.000,BBG0014GG205,-0.005251025,-0.024878874,3950961
20140717,15:00:00.000,BBG000G30YX4,0.0010094601,-0.019179331,972527
20140717,15:00:00.000,BBG000BCG930,-0.0035098896,0.018629288,2767351
20140717,15:00:00.000,BBG000BWVCP8,0.001787905,-0.0061661936,2385666
20140717,15:00:00.000,BBG000C3GN47,-0.020703688,-0.030560696,5230144
20140717,15:00:00.000,BBG000BT9DW0,0.0037782926,-0.0022338484,2664504
20140717,15:00:00.000,BBG000BV8DN6,-0.0009101193,-0.003232209,4151325
20140717,15:00:00.000,BBG0029SNR63,0.018989751,0.017261347,4597806
20140717,15:00:00.000,BBG000HCJMF9,0.0011752612,-0.009301588,1104746
20140717,15:00:00.000,BBG000D9D830,0.004815464,-0.0005026455,1312044
20140717,15:00:00.000,BBG000F6H8W8,-0.005060211,-0.007764359,840009
20140717,15:00:00.000,BBG000B9ZXB4,0.035499603,0.030941918,9427024
20140717,15:00:00.000,BBG000BVDLH9,0.014458199,0.004068022,2041050
20140717,15:00:00.000,BBG000BBVJZ8,-0.00838049,-0.019898158,2684529
20140717,15:00:00.000,BBG000BWXBC2,0.0016608245,-0.0016905601,2552314
20140717,15:00:00.000,BBG000WCFV84,0.004212226,0.0074926326,1597206
20140717,15:00:00.000,BBG000BFDXW1,0.00870533,-0.0065146647,2698476
20140717,15:00:00.000,BBG000DYGNW7,0.010410256,0.005307328,670949
20140717,15:00:00.000,BBG000BNBDC2,-0.0010619406,-0.0049360814,1745863
20140717,15:00:00.000,BBG000BJSBJ0,0.0013734635,-0.0050157756,879069
20140717,15:00:00.000,BBG000BJF1Z8,-9.367739e-05,-0.008778774,1388535
20140717,15:00:00.000,BBG000BY29C7,0.014338976,0.014212429,3769294
20140717,15:00:00.000,BBG000BH13K9,0.001020604,0.0018464922,2715553
20140717,15:00:00.000,BBG000BH1NH9,-0.010291449,-0.016713843,2638176
20140717,15:00:00.000,BBG000BLZRJ2,0.008601973,-0.0009229587,12986807
20140717,15:00:00.000,BBG000BVV7G1,0.0023422139,-0.012436962,3177912
20140717,15:00:00.000,BBG000BL4504,-0.013290435,-0.025147805,5664396
20140717,15:00:00.000,BBG000BB6KF5,7.849719e-05,-0.010902398,3023620
20140717,15:00:00.000,BBG000DSMS70,0.0080039315,-0.013619359,608126
20140717,15:00:00.000,BBG000C8H633,0.0009884073,-0.009688577,2603453
20140717,15:00:00.000,BBG001DCCGR8,-0.007321309,-0.016767647,1886481
20140717,15:00:00.000,BBG000QX74T1,0.0032477824,-0.0120568955,282948
20140717,15:00:00.000,BBG000M65M61,-0.006761185,-0.024725158,6062783
20140717,15:00:00.000,BBG000F80SZ5,0.012708396,-0.004051835,11497593
20140717,15:00:00.000,BBG000C5HS04,0.0014757294,-0.0026012864,2788189
20140717,15:00:00.000,BBG000H556T9,-0.0023522922,-0.0071585122,2481916
20140717,15:00:00.000,BBG000NV1KK7,-0.014193192,-0.017997565,3371536
20140717,15:00:00.000,BBG000L9CV04,-0.004140588,-0.013776992,1760861
20140717,15:00:00.000,BBG000BXRPH1,0.009948688,-0.0058712317,603127
20140717,15:00:00.000,BBG000BNDN65,0.002617449,-0.0044057257,3155158
20140717,15:00:00.000,BBG000BGKTF9,-0.011178101,-0.016120076,2665467
20140717,15:00:00.000,BBG00286S4N9,-0.004446454,-0.010881682,1443208
20140717,15:00:00.000,BBG000H89QJ6,-0.0132021755,-0.01054858,1129681
20140717,15:00:00.000,BBG000BNWG87,-0.011995977,-0.016686732,6033085
20140717,15:00:00.000,BBG000BJX8C8,0.00020377894,-0.004393793,1992791
20140717,15:00:00.000,BBG000BD4VG8,-0.009006607,-0.016936881,3231691
20140717,15:00:00.000,BBG000D4LWF6,0.0012887855,-0.0015732468,4104598
20140717,15:00:00.000,BBG000FL1TC8,-0.009951069,-0.005181443,1502799
20140717,15:00:00.000,BBG000FFDM15,-0.006945527,-0.015755726,7907592
20140717,15:00:00.000,BBG000BBPFB9,0.005260162,0.0030635693,8641800
20140717,15:00:00.000,BBG000BN2DC2,-0.016023288,-0.021688506,2579397
20140717,15:00:00.000,BBG000BCQZS4,-0.0028915815,-0.010586417,1819224
20140717,15:00:00.000,BBG000CPQZ77,0.017912054,0.011521123,6080069
20140717,15:00:00.000,BBG000BP52R2,0.005983884,-0.0143018495,1872642
20140717,15:00:00.000,BBG000J6XT05,-0.018596753,-0.025504123,6686742
20140717,15:00:00.000,BBG000BJDB15,-0.020063475,-0.006952743,5867844
20140717,15:00:00.000,BBG000LD9JQ8,-0.008272417,-0.018227585,1509846
20140717,15:00:00.000,BBG000FG3C43,-0.124369256,-0.13602014,22774854
20140717,15:00:00.000,BBG000BC2C10,0.009455471,-0.0009508909,2162107
20140717,15:00:00.000,BBG000BGRY34,0.0026635986,-0.00436479,1349218
20140717,15:00:00.000,BBG000CTQBF3,-0.0008879752,-0.012448244,2593283
20140717,15:00:00.000,BBG000H8TVT2,0.0007803107,-0.0044883024,2970950
20140717,15:00:00.000,BBG0025Y4RY4,0.0051775225,-0.0020502442,14524329
20140717,15:00:00.000,BBG000F1ZSQ2,-0.007966122,-0.017498149,3040136
20140717,15:00:00.000,BBG000CH5208,0.00937784,0.023526113,5040495
20140717,15:00:00.000,BBG000KHWT55,-0.0013146821,-0.008903476,6856071
20140717,15:00:00.000,BBG000BFWKC0,0.006719344,0.0008332811,2056052
20140717,15:00:00.000,BBG000BP6LJ8,-0.002302026,-0.0031091864,3977487
20140717,15:00:00.000,BBG000BW8S60,-0.0023957929,-0.0083957575,3108750
20140717,15:00:00.000,BBG000BWLMJ4,-0.000407989,-0.010083184,2723907
20140717,15:00:00.000,BBG000Q2HM09,0.008290043,-0.009044681,2115523
20140717,15:00:00.000,BBG000BW3299,-0.0036284216,-0.006732855,1423465
20140717,15:00:00.000,BBG000BC40Y8,-0.016965598,-0.027638005,3934902
20140717,15:00:00.000,BBG000BBS2Y0,0.001329176,-0.012403353,1750998
20140717,15:00:00.000,BBG000DWG505,-0.0041382327,-0.00827787,1567832
20140717,15:00:00.000,BBG000BQQ2S6,-0.003547656,-0.012681767,1759840
20140717,15:00:00.000,BBG000BZ9223,0.0085336305,-0.0044824127,1603476
20140717,15:00:00.000,BBG000DH7JK6,-0.0007398445,-0.0017137461,1674542
20140717,15:00:00.000,BBG000BHVJJ3,0.005333942,-0.0044456706,8108751
20140717,15:00:00.000,BBG000J2XL74,0.008111481,0.008386237,3882834
20140717,15:00:00.000,BBG000C17X76,0.011696512,-0.00745742,1120639
20140717,15:00:00.000,BBG000BHBK84,0.0022003292,-0.004802514,2495855
20140717,15:00:00.000,BBG000Q9HH23,0.021147506,0.00967022,1109411
20140717,15:00:00.000,BBG000F0PF65,0.028721744,0.03132719,23165132
20140717,15:00:00.000,BBG000BF0K17,-0.00324037,-0.01047931,1962192
20140717,15:00:00.000,BBG000C15T95,-0.0018072769,-0.0034885686,4237468
20140717,15:00:00.000,BBG000NDYB67,0.002577733,-0.0026687575,7828196
20140717,15:00:00.000,BBG000DWYF03,0.0015232845,0.0006058023,28626336
20140717,15:00:00.000,BBG000C6CFJ5,0.00799188,0.00079224684,2803450
20140717,15:00:00.000,BBG000BKTFN2,-0.00522522,-0.013149785,4139645
20140717,15:00:00.000,BBG000BBGGQ1,-0.0077511445,-0.015979717,5117254
20140717,15:00:00.000,BBG000DLFM21,,,2048270
20140717,15:00:00.000,BBG000BBDZG3,-0.0026482616,-0.0018176365,4079244
20140717,15:00:00.000,BBG000DQLV23,0.0010169828,-0.005738335,3491998
20140717,15:00:00.000,BBG000BCSST7,0.0009120459,-0.0033750478,3479295
20140717,15:00:00.000,BBG000BQLTW7,-0.001885001,-0.003974614,18169444
20140717,15:00:00.000,BBG000BQPC32,0.007888519,0.0061841663,37507504
20140717,15:00:00.000,BBG000BFC8J2,-0.009245976,-0.024870915,3229478
20140717,15:00:00.000,BBG000BQQH30,0.0023605546,-0.0077371956,3449178
20140717,15:00:00.000,BBG000BMX289,-0.00092143833,-0.0011887539,4898352
20140717,15:00:00.000,BBG000BNSZP1,0.0029285867,-0.0060458924,2746983
20140717,15:00:00.000,BBG005P7Q881,-0.005803758,-0.022544006,9235432
20140717,15:00:00.000,BBG000FH8PX5,,,1163453
20140717,15:00:00.000,BBG000R7Z112,-0.008393447,-0.026138514,12154811
20140717,15:00:00.000,BBG000BH4R78,0.007038547,0.0016397039,4620743
20140717,15:00:00.000,BBG000BKZB36,0.0046303775,-0.0011295839,3198756
20140717,15:00:00.000,BBG000BPD168,0.0021634866,-0.002925625,3803460
20140717,15:00:00.000,BBG000BHQ1H0,0.011214435,0.00455337,882339
20140717,15:00:00.000,BBG000C496P7,,,22411212
20140717,15:00:00.000,BBG000C43RR5,0.027724868,0.022092832,16034402
20140717,15:00:00.000,BBG000BT41Q8,0.0057978323,-0.0050937394,3772956
20140717,15:00:00.000,BBG000PSKYX7,-0.0023269353,-0.013660122,1538982
20140717,15:00:00.000,BBG000BR2TH3,0.0046961023,-0.0022247867,3740064
20140717,15:00:00.000,BBG000GFFQN9,-0.005571176,-0.018943004,27659914
20140717,15:00:00.000,BBG000CGC1X8,-0.015654206,-0.014445017,7708538
20140717,15:00:00.000,BBG000BMHYD1,-0.006715979,-0.011940039,6612251
20140717,15:00:00.000,BBG000BFT2L4,-0.011463312,-0.010901146,9515174
20140717,15:00:00.000,BBG000HS77T5,-0.0021363455,-0.008831388,7050554
20140717,15:00:00.000,BBG000K4ND22,0.0056550764,-0.0019476687,2883215
20140717,15:00:00.000,BBG000C3J3C9,-0.012411727,-0.010394,20464904
20140717,15:00:00.000,BBG000BK6MB5,0.0072018206,-0.008148573,25557734
20140717,15:00:00.000,BBG000BWQFY7,0.009734971,-0.004298932,15501416
20140717,15:00:00.000,BBG000BLNNH6,0.007854241,0.005614227,5223253
20140717,15:00:00.000,BBG000H6HNW3,-0.0043184524,-0.015764758,17337736
20140717,15:00:00.000,BBG000DMBXR2,0.0032743681,-0.008176671,9801494
20140717,15:00:00.000,BBG000BSJK37,0.00038455788,-0.0071339756,12058272
20140717,15:00:00.000,BBG000FY4S11,0.0054841554,-0.006223152,16667830
20140717,15:00:00.000,BBG000C5Z1S3,-0.020882338,-0.038677625,26630856
20140717,15:00:00.000,BBG000BR2B91,-0.00011642247,-0.005492432,22631864
20140717,15:00:00.000,BBG000N9MNX3,0.016052935,0.0023937072,3220532
20140717,15:00:00.000,BBG000C0G1D1,-0.01061756,-0.023957293,54817668
20140717,15:00:00.000,BBG002W96FT9,-0.004467127,-0.01362023,1572414
20140717,15:00:00.000,BBG000BLBVN4,-0.0028062498,-0.013526134,647219
20140717,15:00:00.000,BBG000CKGBP2,0.004849084,-0.012415488,10787332
20140717,15:00:00.000,BBG000GZQ728,-0.00059804006,-0.006939719,4284146
20140717,15:00:00.000,BBG000BVPV84,0.008537497,-0.007487748,2566465
20140717,15:00:00.000,BBG000BPH459,0.014880328,0.01406989,62301392
20140717,15:00:00.000,BBG000BCTLF6,-0.0021418957,-0.017413504,70246488
20140717,15:00:00.000,BBG000BHSKN9,-0.00177667,-0.011096702,1648839
20140717,15:00:00.000,BBG000CL9VN6,0.00691387,-0.0058935336,1462955
20140717,15:00:00.000,BBG000MM2P62,0.006101255,-0.009018189,27491648
20140717,15:00:00.000,BBG000B9XRY4,-0.006037374,-0.014666106,38670148
20140717,15:15:00.000,BBG000PCQQL6,-0.0020835446,-0.0059203533,1309088
20140717,15:15:00.000,BBG000BJP882,-0.011346538,-0.008087607,752322
20140717,15:15:00.000,BBG000BMFFQ0,0.0016958625,-0.0005510802,645802
20140717,15:15:00.000,BBG000K1J931,0.007084729,-0.02356596,1795941
20140717,15:15:00.000,BBG000BQ87N0,-0.001979239,-0.00527656,485826
20140717,15:15:00.000,BBG000BBCQD7,0.0049865134,0.0011813503,3402728
20140717,15:15:00.000,BBG000BQHGR6,-8.477046e-05,-0.0077800686,519676
20140717,15:15:00.000,BBG000C75N77,-0.013693925,-0.027709119,1229147
20140717,15:15:00.000,BBG000BJ8YN7,0.004047184,-0.006810356,1697797
20140717,15:15:00.000,BBG000BLXZN1,0.012593653,0.0044298656,1842391
20140717,15:15:00.000,BBG000BV4XJ1,0.013246249,-0.007940303,302295
20140717,15:15:00.000,BBG000QKPTS5,0.01397053,0.0011814849,818254
20140717,15:15:00.000,BBG000BV75B7,-0.0030534,-0.01278654,377187
20140717,15:15:00.000,BBG000CB8Q50,-0.00511862,-0.010362388,550750
20140717,15:15:00.000,BBG000BNPSQ9,-0.004922044,-0.03166526,1173465
20140717,15:15:00.000,BBG000H4YVR7,-0.023612302,-0.043965098,712503
20140717,15:15:00.000,BBG000JB27Y9,0.005428122,2.0880206e-08,682874
20140717,15:15:00.000,BBG000BVHBM1,0.0031818913,-0.023989877,1374307
20140717,15:15:00.000,BBG000BQSQ38,-0.0010850364,-0.009131279,1078304
20140717,15:15:00.000,BBG001XJRMF5,-0.013036388,-0.005371539,891339
20140717,15:15:00.000,BBG000BNGTQ7,-0.00022828676,-0.0028785625,1257820
20140717,15:15:00.000,BBG000B9X8C0,0.0020189374,-0.002517359,664241
20140717,15:15:00.000,BBG000GPXKX9,-0.00756197,-0.016721195,429893
20140717,15:15:00.000,BBG000BV7LP7,0.004091718,0.0017318492,1170822
20140717,15:15:00.000,BBG001NY45K9,-0.028322792,-0.043329105,3552539
20140717,15:15:00.000,BBG000L8CBX4,-0.0059159272,-0.008446655,166466
20140717,15:15:00.000,BBG000BHCP19,0.009502172,-0.0066671493,583070
20140717,15:15:00.000,BBG000JKCWS0,-0.0031029885,-0.0072495216,203089
20140717,15:15:00.000,BBG000CPHYL4,-0.0075617344,-0.014882178,1210887
20140717,15:15:00.000,BBG000F86GP6,0.0024225567,-0.007206692,356053
20140717,15:15:00.000,BBG000V31J96,2.8013574e-05,-0.008834843,1821347
20140717,15:15:00.000,BBG000BWVSR1,-0.003554799,-0.0091834,521000
20140717,15:15:00.000,BBG000DLVDK3,0.017223658,0.035157554,1728972
20140717,15:15:00.000,BBG003641015,-0.0020404952,-0.010706057,759598
20140717,15:15:00.000,BBG000BQD1J2,0.0042143743,0.0018426148,24292422
20140717,15:15:00.000,BBG000BWXL85,-0.008746944,-0.01276578,701985
20140717,15:15:00.000,BBG001J1QN87,-0.007525938,-0.031418093,339981
20140717,15:15:00.000,BBG000BFJ645,0.003190969,-0.007862317,4658462
20140717,15:15:00.000,BBG000BPZBB6,0.001255764,-0.0038754444,535641
20140717,15:15:00.000,BBG000RNTSX0,0.009534151,0.0038084402,869576
20140717,15:15:00.000,BBG000C23KJ3,0.0038051787,-0.0065597813,2125179
20140717,15:15:00.000,BBG000CZWZ05,0.021488145,-0.0014194364,1469092
20140717,15:15:00.000,BBG000CR90K4,-0.0003347536,-0.0195687,24289676
20140717,15:15:00.000,BBG000BBL0Y1,-0.00020129893,-0.019212918,944110
20140717,15:15:00.000,BBG000BKQG80,0.003629775,-0.0052438644,680010
20140717,15:15:00.000,BBG000K14Q84,-0.005565411,-0.020371664,2656756
20140717,15:15:00.000,BBG000Q0BPZ4,0.00031487612,-0.012893912,822108
20140717,15:15:00.000,BBG000BHB3M6,-0.0025141323,-0.014662422,1237304
20140717,15:15:00.000,BBG000BLMZK6,-0.012622332,-0.02300619,1031143
20140717,15:15:00.000,BBG000QFJ7H3,0.0134620555,-0.0011728049,932396
20140717,15:15:00.000,BBG000BLDV98,-0.0039222757,-0.014432423,999071
20140717,15:15:00.000,BBG000PLXQQ3,0.023387186,0.021342603,4238709
20140717,15:15:00.000,BBG000BGYMH7,0.0076922607,-0.008174187,393561
20140717,15:15:00.000,BBG000H9G7X2,-0.0039126356,-0.012806471,1418616
20140717,15:15:00.000,BBG000BRZJR8,0.00981314,-0.01575102,2090105
20140717,15:15:00.000,BBG000BJDPC2,-0.007875804,-0.012533446,723542
20140717,15:15:00.000,BBG000BDY3Y7,-0.012043573,-0.021727376,1840666
20140717,15:15:00.000,BBG000BPNP00,0.008547278,-0.0044690217,1499671
20140717,15:15:00.000,BBG000BBB3K1,0.002242352,-0.002064657,2534842
20140717,15:15:00.000,BBG000BFV115,0.0015827996,-0.0125218,745968
20140717,15:15:00.000,BBG000CXD6X9,-0.003949251,-0.00753347,1294176
20140717,15:15:00.000,BBG000QN4GY3,-0.018256547,-0.02767034,1500077
20140717,15:15:00.000,BBG000BWCKB6,-0.010445462,-0.0103718955,1809916
20140717,15:15:00.000,BBG000BKXFN7,0.0007777285,-0.014307027,1303542
20140717,15:15:00.000,BBG000F9KJN4,-0.00038664616,-0.009483146,1313289
20140717,15:15:00.000,BBG000BQV1S2,0.003735432,-0.016681286,533650
20140717,15:15:00.000,BBG000BTQR96,-0.00057727675,-0.01118788,806151
20140717,15:15:00.000,BBG000F6ZWH2,-0.00075830787,-0.009078461,1130892
20140717,15:15:00.000,BBG000BMZ7P7,0.006051765,-0.00013130468,952809
20140717,15:15:00.000,BBG000BB29X4,0.0046484275,-0.00052513037,618877
20140717,15:15:00.000,BBG000BBCDZ2,-0.007900479,-0.01716151,489930
20140717,15:15:00.000,BBG000C6F3T8,0.022135144,0.005910102,20419240
20140717,15:15:00.000,BBG000BFVXX0,0.0028013815,-0.00066238287,1133754
20140717,15:15:00.000,BBG000G6BN50,-0.0042260797,-0.015388056,278634
20140717,15:15:00.000,BBG000BRXP69,-0.0023552615,-0.010070587,678447
20140717,15:15:00.000,BBG000BPMH90,0.023664637,0.010913601,1573038
20140717,15:15:00.000,BBG000D9DMK0,-0.0027441464,-0.006907737,1096567
20140717,15:15:00.000,BBG000D14WM3,0.0036065048,-0.012083976,7934427
20140717,15:15:00.000,BBG000PVRDL2,0.010528851,0.028862527,3614717
20140717,15:15:00.000,BBG000BSC0K9,0.00038031497,-0.0032992065,787307
20140717,15:15:00.000,BBG000R0L5J4,0.012964063,0.0023947866,1585566
20140717,15:15:00.000,BBG000JH6683,-0.0020122791,-0.036998983,1150674
20140717,15:15:00.000,BBG000BG14P4,0.013817144,-0.009808645,1033683
20140717,15:15:00.000,BBG000D9KWL9,0.013760607,0.0011046772,776569
20140717,15:15:00.000,BBG000BKWSR6,-0.015299036,-0.02493428,7666512
20140717,15:15:00.000,BBG000BC9938,0.002937083,-0.005370172,1045851
20140717,15:15:00.000,BBG000BB1TH9,-0.0053040246,-0.012866464,612097
20140717,15:15:00.000,BBG000BJ49H3,-0.004712026,-0.010895658,1253112
20140717,15:15:00.000,BBG000BFS7D3,0.002859174,-0.00323953,460125
20140717,15:15:00.000,BBG000BN9WT5,0.005286934,-0.008059953,913058
20140717,15:15:00.000,BBG000BKR1D6,0.0005089566,-0.00855605,1044311
20140717,15:15:00.000,BBG000BFRF55,0.010091383,-0.006363983,3736473
20140717,15:15:00.000,BBG000BKTT89,0.0029019054,-0.011468469,439714
20140717,15:15:00.000,BBG000BQ8KV2,0.0013875216,-0.0112857325,991845
20140717,15:15:00.000,BBG000BQVWZ6,-0.0035076134,-0.020232113,4795500
20140717,15:15:00.000,BBG000BHKYH4,-0.0004836109,-0.00067813543,581354
20140717,15:15:00.000,BBG000BS7KS3,-0.007738944,-0.008144344,541849
20140717,15:15:00.000,BBG000CGT2S4,-0.047477774,-0.062582046,5869666
20140717,15:15:00.000,BBG000F7RCJ1,0.0005953436,-0.008724038,321301
20140717,15:15:00.000,BBG000BMTFR4,0.000705403,-0.00067540735,1414460
20140717,15:15:00.000,BBG000TJM7F0,-0.004248794,-0.0040457966,812350
20140717,15:15:00.000,BBG000BMKDM3,0.0032227105,1.1468415e-07,884646
20140717,15:15:00.000,BBG000FLZN98,0.0024292027,-0.00850093,604165
20140717,15:15:00.000,BBG000BKLH74,-0.0002990965,-0.003018803,3217969
20140717,15:15:00.000,BBG000BCTQ65,0.00082297606,-0.00441473,1293880
20140717,15:15:00.000,BBG000D1QCF1,-0.0039802208,-0.009531904,814508
20140717,15:15:00.000,BBG000BSXQV7,0.046078715,0.041676994,1223313
20140717,15:15:00.000,BBG000BG09F5,-0.021905752,-0.03534124,945298
20140717,15:15:00.000,BBG000FLPRH1,-0.010363246,-0.018135006,650012
20140717,15:15:00.000,BBG000PV2L86,-0.0017849155,-0.010010738,357343
20140717,15:15:00.000,BBG000BGYWY6,-0.0019957877,-0.010297683,429613
20140717,15:15:00.000,BBG000C060M4,-0.0029062242,-0.011312765,312032
20140717,15:15:00.000,BBG000BDXGP9,-0.0074623567,-0.010365315,2018597
20140717,15:15:00.000,BBG000BGD7W6,-0.0011787659,-0.01050807,1282398
20140717,15:15:00.000,BBG000BP8Z50,-0.0013917079,-0.005939724,742874
20140717,15:15:00.000,BBG000HW5GX3,0.0026058988,-0.010492752,1147442
20140717,15:15:00.000,BBG000C4ZZ10,-0.0069684675,-0.014892627,286269
20140717,15:15:00.000,BBG000BNNYW1,-0.07089028,-0.07277387,11974532
20140717,15:15:00.000,BBG000BR37X2,-0.00025164837,-0.0057302145,2502761
20140717,15:15:00.000,BBG000BLW530,0.0019639875,-0.00028962447,944790
20140717,15:15:00.000,BBG000BF1R66,-0.0010800215,-0.00655156,316251
20140717,15:15:00.000,BBG000BKNX95,-0.0038512894,-0.010359822,1582081
20140717,15:15:00.000,BBG000BWP7D9,0.0028787004,-0.004649434,834013
20140717,15:15:00.000,BBG000BBMSJ6,0.006997526,-0.0071582873,771331
20140717,15:15:00.000,BBG000DN7P92,0.0043754596,-0.0029775049,1082649
20140717,15:15:00.000,BBG000BCZYD3,-0.0010073843,-0.007856547,284964
20140717,15:15:00.000,BBG000CVWGS6,-0.011438254,-0.01390444,3732285
20140717,15:15:00.000,BBG000BLHRS2,0.0031778063,0.00037980502,1015572
20140717,15:15:00.000,BBG000BY2Y78,-0.0009580501,-0.010463298,682522
20140717,15:15:00.000,BBG000BK6G19,0.044560123,0.029180318,4364921
20140717,15:15:00.000,BBG002S5ZRF9,0.01656323,-0.00024416717,527711
20140717,15:15:00.000,BBG000BNC3Y9,0.0019978548,-0.010374406,764143
20140717,15:15:00.000,BBG000BTCH57,-0.00056795153,-0.012577258,850795
20140717,15:15:00.000,BBG000BB03M1,0.0029881743,-0.0042841104,1326256
20140717,15:15:00.000,BBG000BN84F3,-0.003274183,-0.0076417415,938638
20140717,15:15:00.000,BBG000BB5BF6,0.010179207,0.00036202997,1658929
20140717,15:15:00.000,BBG000FDBX90,0.0059388233,0.0008039508,2579185
20140717,15:15:00.000,BBG000RGM5P1,0.014506104,0.0043680626,1021707
20140717,15:15:00.000,BBG000BB5373,-0.0013261262,-0.011955697,3551866
20140717,15:15:00.000,BBG000BFDLV8,0.0010271453,-0.0074638454,1349882
20140717,15:15:00.000,BBG000BGRKT6,0.0018865897,-0.0011124066,340572
20140717,15:15:00.000,BBG000BTVJ25,-0.009117792,-0.013755888,1262877
20140717,15:15:00.000,BBG000BVMPN3,-0.0066120867,-0.014835364,1237544
20140717,15:15:00.000,BBG000C2ZCH8,0.0050079552,-0.0013212416,582061
20140717,15:15:00.000,BBG0014GJCT9,0.00826763,0.0020620776,990708
20140717,15:15:00.000,BBG000C11MQ5,-5.4782144e-05,-0.020877045,675539
20140717,15:15:00.000,BBG003P9ZSL3,0.004013929,0.005175289,663977
20140717,15:15:00.000,BBG000BX5ZF5,0.008498884,-0.0007780184,5468596
20140717,15:15:00.000,BBG000C2V3D6,-0.011134477,-0.024752084,3464934
20140717,15:15:00.000,BBG000BQVTF5,0.00013241882,-0.009369237,692655
20140717,15:15:00.000,BBG000D2M0Z7,-0.00296458,-0.009959242,455139
20140717,15:15:00.000,BBG000CHPY97,-0.011848872,-0.026393192,3588280
20140717,15:15:00.000,BBG000N746D6,0.0014451847,-0.013734352,2198963
20140717,15:15:00.000,BBG000M1R011,0.014813026,0.00390652,1523408
20140717,15:15:00.000,BBG000BHLYP4,0.013218103,0.0049919034,699411
20140717,15:15:00.000,BBG000BB6G37,0.0041040406,-0.008942467,734973
20140717,15:15:00.000,BBG000BR14K5,-0.0025154524,-0.008505503,509146
20140717,15:15:00.000,BBG000PX3XC0,-0.004173424,-0.019098843,2308492
20140717,15:15:00.000,BBG000J1QLT0,-0.0048319227,-0.0051582875,705232
20140717,15:15:00.000,BBG0039320N9,-0.008769672,-0.010731171,1464389
20140717,15:15:00.000,BBG000BC4JJ4,-0.0038301712,-0.00416016,693795
20140717,15:15:00.000,BBG000BM7HL0,0.011039069,0.005955251,1345751
20140717,15:15:00.000,BBG000BP1Q11,-0.0061980793,-0.010832175,540835
20140717,15:15:00.000,BBG000BF6LY3,-0.004148731,-0.015516101,1584478
20140717,15:15:00.000,BBG000BF5RY1,0.0048106383,0.003918058,1907253
20140717,15:15:00.000,BBG000BFTJ91,-0.00934568,-0.010605826,1277553
20140717,15:15:00.000,BBG000BR54L0,0.008545561,-0.019534132,4296250
20140717,15:15:00.000,BBG000J5Q6L2,0.009585152,-0.0042992737,3018806
20140717,15:15:00.000,BBG000BCWCG1,-0.021141982,-0.03324087,2800087
20140717,15:15:00.000,BBG000TWC2V5,-0.0033815457,-0.008334093,494866
20140717,15:15:00.000,BBG000BCYP43,-0.009010345,-0.014739769,458739
20140717,15:15:00.000,BBG000C221G9,-0.010324966,-0.022803541,1171893
20140717,15:15:00.000,BBG000BZTW70,0.012919949,-0.0020634057,3095958
20140717,15:15:00.000,BBG000BKZTP3,-0.0022521932,-0.0072778487,1171342
20140717,15:15:00.000,BBG000R8ZVD1,0.0052960864,-0.0022308705,1909663
20140717,15:15:00.000,BBG000CKVSG8,-0.022021392,-0.034494665,2194640
20140717,15:15:00.000,BBG000DNTSP4,0.004544294,-0.0023425475,1863294
20140717,15:15:00.000,BBG000BP4MH0,0.0033519752,-0.0042277626,958347
20140717,15:15:00.000,BBG000BR3KL6,-0.0047496916,-0.018137071,536147
20140717,15:15:00.000,BBG000BJQWD2,0.004219524,-0.008124112,899677
20140717,15:15:00.000,BBG000G0Z878,-0.0010131653,-0.010424103,1458541
20140717,15:15:00.000,BBG000D7RKJ5,0.006715904,0.0010563802,1280371
20140717,15:15:00.000,BBG000G9CGL0,-0.0049115582,-0.015963469,568181
20140717,15:15:00.000,BBG000DTMH63,0.001307341,-0.009678152,2426213
20140717,15:15:00.000,BBG0029BK2G7,-0.008057992,-0.017542483,960968
20140717,15:15:00.000,BBG000G3QLY3,0.002606478,-0.00716067,390726
20140717,15:15:00.000,BBG000BP0KQ8,0.008726519,0.0043099034,2561877
20140717,15:15:00.000,BBG001NVJ6W4,-0.03941409,-0.056837533,5160139
20140717,15:15:00.000,BBG000BSBZH7,0.0035329682,0.0033794958,3401411
20140717,15:15:00.000,BBG000BHGCD1,0.0051717414,-0.011145072,532819
20140717,15:15:00.000,BBG000BL9JQ1,-0.0031709636,-0.009052606,1071742
20140717,15:15:00.000,BBG000BH5DV1,-0.0028052456,-0.004537843,689647
20140717,15:15:00.000,BBG000QW7VC1,0.0024137886,-0.004753831,5692291
20140717,15:15:00.000,BBG000DQTXY6,-0.0076777474,-0.035633896,4130601
20140717,15:15:00.000,BBG000QY3XZ2,-0.0049471236,-0.021355473,1190725
20140717,15:15:00.000,BBG000BBBNC6,0.01426498,0.006973301,1401787
20140717,15:15:00.000,BBG000F15NW9,-0.0032553638,-0.010345656,1236149
20140717,15:15:00.000,BBG000BNNKG9,-0.0024330346,-0.015452999,2099145
20140717,15:15:00.000,BBG000BFXHL6,-0.0027180577,-0.0014646425,1512609
20140717,15:15:00.000,BBG000BRRG02,0.00659587,0.0054843314,798159
20140717,15:15:00.000,BBG000BHLYS1,0.002226481,-0.0045883562,937579
20140717,15:15:00.000,BBG000CGQ6M4,-0.012019052,-0.009065859,538734
20140717,15:15:00.000,BBG000C1S2X2,0.00610165,-0.014615449,1055948
20140717,15:15:00.000,BBG000C7LMS8,-0.0031743704,-0.008885792,74553
20140717,15:15:00.000,BBG000MDCQC2,0.0024736854,-0.0032885028,774817
20140717,15:15:00.000,BBG000JG0547,0.0041029416,-0.0046595093,582824
20140717,15:15:00.000,BBG000CJZ2W6,0.013212844,-0.0019243313,1174311
20140717,15:15:00.000,BBG0020B4JG7,0.0012925058,-0.013591419,2420918
20140717,15:15:00.000,BBG000BNFLM9,-0.0038786018,-0.0051996666,948470
20140717,15:15:00.000,BBG000BCBCM7,0.0016596984,-0.011612017,3802667
20140717,15:15:00.000,BBG000CS7CT9,0.010704793,0.0017433746,1695700
20140717,15:15:00.000,BBG000MZFMS2,0.0014737585,-0.010305919,756579
20140717,15:15:00.000,BBG000BKQ3V3,0.00047762584,-0.011344354,1701174
20140717,15:15:00.000,BBG000BLCPY4,-0.002121279,-0.017294211,490083
20140717,15:15:00.000,BBG000BC15S7,0.0061265714,-0.0022323965,618269
20140717,15:15:00.000,BBG000FKJRC5,0.001421109,-0.0054567046,709026
20140717,15:15:00.000,BBG000BRJ809,0.008783264,0.010187805,672790
20140717,15:15:00.000,BBG000C2PW58,-0.0055992454,-0.015501715,519624
20140717,15:15:00.000,BBG000BCVMH9,0.03031155,0.028173793,1523339
20140717,15:15:00.000,BBG000BQ2C28,0.009012177,0.0015384516,538373
20140717,15:15:00.000,BBG000BBJQV0,0.016404666,-3.4629898e-07,4267661
20140717,15:15:00.000,BBG000G2R6M0,0.012702946,0.027377317,4055466
20140717,15:15:00.000,BBG000BTKGG8,-0.0142442705,-0.028503686,2895527
20140717,15:15:00.000,BBG000BMQPL1,-0.02782785,-0.038773872,14726603
20140717,15:15:00.000,BBG000BMF5J0,0.0015824115,-0.017251702,6754090
20140717,15:15:00.000,BBG000BB6WG8,0.00059570133,-0.0048155147,1701967
20140717,15:15:00.000,BBG000BM6788,-0.002055794,-0.01695899,1360353
20140717,15:15:00.000,BBG000FVXD63,-0.02219641,-0.035252184,2582471
20140717,15:15:00.000,BBG000C3HSR0,0.014618775,-0.0005674037,1979966
20140717,15:15:00.000,BBG000BN5HF7,-0.013582022,-0.029732764,1492240
20140717,15:15:00.000,BBG001QD41M9,-0.0015563972,-0.010498087,1225903
20140717,15:15:00.000,BBG000CXYSZ6,0.0063684504,0.003510941,536708
20140717,15:15:00.000,BBG000BVMGF2,0.0057787355,-0.0018908723,1331290
20140717,15:15:00.000,BBG0019JZ882,0.009616167,0.00054179004,7699754
20140717,15:15:00.000,BBG000BKPL53,-0.008310236,-0.014648312,556825
20140717,15:15:00.000,BBG000PYZSR8,-0.0058959443,-0.0033842635,1118937
20140717,15:15:00.000,BBG000F0KF42,-0.012109333,-0.024549084,2223273
20140717,15:15:00.000,BBG000FW00S1,-0.016573973,-0.027118266,5129633
20140717,15:15:00.000,BBG000BYYLS8,-0.020958511,-0.031301126,4319748
20140717,15:15:00.000,BBG000BB6M98,-0.0076444414,-0.010550933,1580217
20140717,15:15:00.000,BBG000D8RG11,-0.017312754,-0.028584106,4952183
20140717,15:15:00.000,BBG000CHWP52,0.016674723,0.018321741,2829328
20140717,15:15:00.000,BBG000D6L294,-0.0051556556,-0.020491697,801833
20140717,15:15:00.000,BBG000C3Y7J6,-0.0006479602,-0.004890869,615152
20140717,15:15:00.000,BBG000BM5SR2,-0.0036123309,-0.011580107,3547191
20140717,15:15:00.000,BBG000BS0ZF1,-0.0021164268,-0.0028468906,362082
20140717,15:15:00.000,BBG000C0F570,0.0027039126,-0.010329067,1314017
20140717,15:15:00.000,BBG000C90DH9,-0.011016388,-0.009333712,5154915
20140717,15:15:00.000,BBG000BVWLJ6,-0.0044622063,-0.013205922,1584057
20140717,15:15:00.000,BBG000BRK7L6,0.0038619912,-0.006005885,2044600
20140717,15:15:00.000,BBG000BZ2GG4,0.0049845614,-0.002011157,1018897
20140717,15:15:00.000,BBG000BVL2G3,0.0025460185,-0.01109226,832388
20140717,15:15:00.000,BBG000C2YHG9,-0.0064304024,-0.007252707,963244
20140717,15:15:00.000,BBG001BPFT54,0.017753046,-0.009637866,1953831
20140717,15:15:00.000,BBG000BH2JM1,0.010835135,0.011789563,3421847
20140717,15:15:00.000,BBG000BPVCR1,0.007967321,0.0013712227,722728
20140717,15:15:00.000,BBG002BHBHM1,0.007273654,-0.0023961246,1325887
20140717,15:15:00.000,BBG000Q3JN03,-0.019514907,-0.034823336,16418166
20140717,15:15:00.000,BBG000BPT0C6,-0.0121189235,-0.024890611,1630201
20140717,15:15:00.000,BBG000BQWPC5,-0.001926649,-0.00947706,1336837
20140717,15:15:00.000,BBG000BQ5DS5,-0.001890888,-0.0047977963,945842
20140717,15:15:00.000,BBG000DY8ZS4,0.005597786,-0.004806114,5972827
20140717,15:15:00.000,BBG000R8L7J3,-0.0053741517,-0.022904519,8329398
20140717,15:15:00.000,BBG000BS9489,-0.0044006077,-0.0021008176,1286581
20140717,15:15:00.000,BBG000D898T9,0.00911702,-0.00063334376,1048551
20140717,15:15:00.000,BBG000BFL116,-0.0016526924,-0.025214601,1819717
20140717,15:15:00.000,BBG001YMS0B8,-0.007731608,-0.011836198,1197088
20140717,15:15:00.000,BBG000QBR5J5,0.010475654,0.0045295754,2624953
20140717,15:15:00.000,BBG000BHC2S1,-0.0071254084,-0.013352395,1054568
20140717,15:15:00.000,BBG000BX3TD3,0.015599462,-0.0003724828,4137203
20140717,15:15:00.000,BBG000C1FQS9,-0.0089410255,-0.014112966,943213
20140717,15:15:00.000,BBG000BLKK03,0.012683181,0.03323637,1392212
20140717,15:15:00.000,BBG000BKCFC2,0.0019776425,-0.0020706223,1892677
20140717,15:15:00.000,BBG000C4DPX1,-0.0010193258,-0.018535342,1279270
20140717,15:15:00.000,BBG000BHZ5J9,-0.022971135,-0.032428995,1841595
20140717,15:15:00.000,BBG000KLB4Q1,-0.00749072,-0.02281012,4085633
20140717,15:15:00.000,BBG000BMBL90,-0.008589531,-0.014836519,1434320
20140717,15:15:00.000,BBG000C2BXK4,0.002710986,-0.010565559,5111984
20140717,15:15:00.000,BBG000H0QBS7,0.004961765,-0.00022423036,3219562
20140717,15:15:00.000,BBG000BQZMH4,-0.002551254,-0.009562777,2427743
20140717,15:15:00.000,BBG000BLBXT4,-0.0039518503,-0.0130771585,1443855
20140717,15:15:00.000,BBG000BJ2VQ6,0.0033767442,-0.009669183,1408426
20140717,15:15:00.000,BBG000BMY992,0.0044773696,-2.3418872e-07,1446249
20140717,15:15:00.000,BBG000BXM6V2,0.011879129,0.0010467882,1222424
20140717,15:15:00.000,BBG000BWSV34,-0.0024713946,-0.011095503,678897
20140717,15:15:00.000,BBG000BKFBD7,0.0056946166,-0.0023050644,1674908
20140717,15:15:00.000,BBG000FP1N32,0.012036107,0.0018847351,2644388
20140717,15:15:00.000,BBG000BT4T69,0.01006078,-0.00031851078,1713159
20140717,15:15:00.000,BBG000BFMBQ6,-0.011666222,0.009473397,2552421
20140717,15:15:00.000,BBG000C0HQ54,0.007289303,-0.0014234353,773817
20140717,15:15:00.000,BBG000C0LW92,-0.0184767,-0.026428493,5118114
20140717,15:15:00.000,BBG000BVPPM1,-0.0053029205,-0.010925345,1261025
20140717,15:15:00.000,BBG000BMW2Z0,-0.004752003,-0.01050563,837176
20140717,15:15:00.000,BBG000BPWXK1,-0.0006788029,0.014283009,4446864
20140717,15:15:00.000,BBG000GC80B4,-0.009536863,-0.016475549,6214671
20140717,15:15:00.000,BBG000BXWBN9,0.008785696,0.005123496,2644590
20140717,15:15:00.000,BBG000BY33P5,0.0047035837,0.0054530133,5807074
20140717,15:15:00.000,BBG000R7RDB4,-0.00017694978,-0.013848583,696817
20140717,15:15:00.000,BBG000MBDGM6,0.0011309176,-0.0063823895,189345
20140717,15:15:00.000,BBG000BGLRN3,-0.0007617579,-0.0053889747,1074982
20140717,15:15:00.000,BBG000BWJFZ4,0.025535075,0.030741123,1116424
20140717,15:15:00.000,BBG000BGVW60,0.002139569,-0.0050164387,852977
20140717,15:15:00.000,BBG000BNJHS8,0.0053986134,-0.014268265,3396904
20140717,15:15:00.000,BBG000DKCC19,0.0015771762,-0.003312816,1316317
20140717,15:15:00.000,BBG000BXMFC3,0.03725419,0.0214242,2591835
20140717,15:15:00.000,BBG000BSD7C2,0.003834934,-0.0013738398,657183
20140717,15:15:00.000,BBG000BSLZY7,0.00044813406,-0.013058968,4652266
20140717,15:15:00.000,BBG000BMDV41,0.0048205103,-0.0055566365,3067668
20140717,15:15:00.000,BBG001C7TST4,-0.0048251175,-0.016222382,1215552
20140717,15:15:00.000,BBG000BRJL00,0.00016954934,-0.0068345256,1441934
20140717,15:15:00.000,BBG000BRD0D8,-0.0050338646,-0.019429944,2945500
20140717,15:15:00.000,BBG000BND699,-0.002097178,-0.022451103,1981299
20140717,15:15:00.000,BBG000BB9KF2,-0.0035336216,-0.008670049,1247572
20140717,15:15:00.000,BBG000C1BW00,0.011904821,0.0014242391,834594
20140717,15:15:00.000,BBG000BTZQC4,0.0012570082,0.0047432105,2807003
20140717,15:15:00.000,BBG000BWNFZ9,-0.019968957,-0.030871462,2277612
20140717,15:15:00.000,BBG000BJ98Z0,0.0034058704,-0.007411166,819048
20140717,15:15:00.000,BBG000CNFQW6,-0.0055395137,-0.014839757,926761
20140717,15:15:00.000,BBG000BGPTV6,-0.0018736289,-0.012775307,649405
20140717,15:15:00.000,BBG000BB07P9,0.0024424465,0.014819784,8878304
20140717,15:15:00.000,BBG000C1FB75,0.018056892,0.012285051,873041
20140717,15:15:00.000,BBG001M8HHB7,0.019043464,-0.0022555685,1048296
20140717,15:15:00.000,BBG000DHSPT0,0.0059623886,0.007555156,2623871
20140717,15:15:00.000,BBG000FQ6PY6,0.00512352,0.0022863797,1505333
20140717,15:15:00.000,BBG000BBDV81,0.0020235232,-0.008096135,2401638
20140717,15:15:00.000,BBG000VC0T95,-0.011108027,-0.022904174,1465297
20140717,15:15:00.000,BBG000BKFZM4,0.0037844311,-0.0077920505,3316677
20140717,15:15:00.000,BBG000D13GN8,-0.018715907,-0.038265817,1034966
20140717,15:15:00.000,BBG000C0MF34,-0.011497335,-0.008382399,435745
20140717,15:15:00.000,BBG000BFNR17,0.020014899,0.0069416035,932443
20140717,15:15:00.000,BBG000BK67C7,0.0013503452,-0.0068092644,492771
20140717,15:15:00.000,BBG000FJLFX8,0.0057751206,0.023677817,2681114
20140717,15:15:00.000,BBG000BH5LT6,-0.009722925,-0.024743624,4384115
20140717,15:15:00.000,BBG000BD8PN9,0.006500923,-0.0018369259,3312367
20140717,15:15:00.000,BBG000BH3GZ2,-0.052041262,-0.06427611,10357594
20140717,15:15:00.000,BBG000BB5006,-0.00034503365,-0.0075995675,1348873
20140717,15:15:00.000,BBG000BTR593,-0.03411741,-0.042641938,5496119
20140717,15:15:00.000,BBG000BRWGG9,-0.0013571657,-0.009880779,23009592
20140717,15:15:00.000,BBG000BJ3PD2,-0.0038986902,-0.012021028,1144547
20140717,15:15:00.000,BBG000CSY9H9,0.012444714,0.0059145438,3057165
20140717,15:15:00.000,BBG000FNRZ69,-0.014950016,-0.022607617,4493855
20140717,15:15:00.000,BBG000C734W3,-0.0049002357,-0.02673961,567648
20140717,15:15:00.000,BBG000BCGY17,0.005142985,0.00041535258,3193775
20140717,15:15:00.000,BBG000BCVJ77,0.005873398,0.002285609,1905521
20140717,15:15:00.000,BBG000C46HM9,0.00033454256,-0.0057808394,1798188
20140717,15:15:00.000,BBG000BJPDZ1,0.015907802,0.0069427146,383483
20140717,15:15:00.000,BBG000BJL3N0,-0.05107305,-0.06173228,18371056
20140717,15:15:00.000,BBG000BGJRC8,-0.004534929,-0.00769882,4379367
20140717,15:15:00.000,BBG000BBD070,0.004900717,-0.0031744943,1760373
20140717,15:15:00.000,BBG000BFQYY3,-0.00045929794,-0.00792076,1449909
20140717,15:15:00.000,BBG000BPQD31,0.0036294486,-0.0034879958,2999446
20140717,15:15:00.000,BBG000BJ81C1,0.0005413736,-0.0061713904,658142
20140717,15:15:00.000,BBG000B9WH86,0.004973736,-0.011455353,16937000
20140717,15:15:00.000,BBG000D42FJ0,0.022849824,0.0020478715,1425122
20140717,15:15:00.000,BBG000BHX7N2,-0.0015210737,-0.011181507,2281827
20140717,15:15:00.000,BBG000BH3JF8,-0.03005053,-0.04900632,7688567
20140717,15:15:00.000,BBG000JWD753,0.0013321367,-0.012625541,7906586
20140717,15:15:00.000,BBG000BHGDH5,0.0061308155,0.00082927354,1694751
20140717,15:15:00.000,BBG0014GG205,-0.0046430794,-0.027175402,4223855
20140717,15:15:00.000,BBG000G30YX4,0.00264133,-0.02072242,1067567
20140717,15:15:00.000,BBG000BCG930,-0.004299405,0.01595516,2982484
20140717,15:15:00.000,BBG000BWVCP8,0.000915415,-0.007879029,2486276
20140717,15:15:00.000,BBG000C3GN47,-0.020171499,-0.031425554,5419478
20140717,15:15:00.000,BBG000BT9DW0,0.0039690244,-0.0026803322,2770061
20140717,15:15:00.000,BBG000BV8DN6,-0.0010595361,-0.0039929366,4340041
20140717,15:15:00.000,BBG0029SNR63,0.016794562,0.014363872,4816333
20140717,15:15:00.000,BBG000HCJMF9,0.0010132254,-0.01111794,1186418
20140717,15:15:00.000,BBG000D9D830,0.005411126,-0.0014432841,1381539
20140717,15:15:00.000,BBG000F6H8W8,-0.0042720228,-0.00750986,929301
20140717,15:15:00.000,BBG000B9ZXB4,0.03227008,0.026069125,9863030
20140717,15:15:00.000,BBG000BVDLH9,0.01636849,0.0036904893,2115430
20140717,15:15:00.000,BBG000BBVJZ8,-0.008679972,-0.021823771,2811552
20140717,15:15:00.000,BBG000BWXBC2,0.0032008088,-0.0012350903,2786003
20140717,15:15:00.000,BBG000WCFV84,0.0046819025,0.007341591,1697615
20140717,15:15:00.000,BBG000BFDXW1,0.005659092,-0.010684017,2831247
20140717,15:15:00.000,BBG000DYGNW7,0.011469465,0.0037946077,708598
20140717,15:15:00.000,BBG000BNBDC2,-0.00039939515,-0.005254513,1896772
20140717,15:15:00.000,BBG000BJSBJ0,0.0005409965,-0.006788921,931143
20140717,15:15:00.000,BBG000BJF1Z8,-0.00056106376,-0.01072238,1433918
20140717,15:15:00.000,BBG000BY29C7,0.013344689,0.013028135,3993044
20140717,15:15:00.000,BBG000BH13K9,0.001249372,0.0013849251,2929072
20140717,15:15:00.000,BBG000BH1NH9,-0.01302531,-0.021018213,2886044
20140717,15:15:00.000,BBG000BLZRJ2,0.008573055,-0.0024616483,13267992
20140717,15:15:00.000,BBG000BVV7G1,0.0014723215,-0.0140681835,3396423
20140717,15:15:00.000,BBG000BL4504,-0.014481475,-0.02838106,5913434
20140717,15:15:00.000,BBG000BB6KF5,-0.0004735614,-0.013225695,3224739
20140717,15:15:00.000,BBG000DSMS70,0.006102293,-0.019114016,659514
20140717,15:15:00.000,BBG000C8H633,0.00032828838,-0.01192422,2723334
20140717,15:15:00.000,BBG001DCCGR8,-0.0063804616,-0.017213874,2010670
20140717,15:15:00.000,BBG000QX74T1,0.003451321,-0.013030663,298116
20140717,15:15:00.000,BBG000M65M61,-0.009819974,-0.031518735,6361973
20140717,15:15:00.000,BBG000F80SZ5,0.0137846125,-0.006397583,11959340
20140717,15:15:00.000,BBG000C5HS04,0.0017894886,-0.0026011833,2872245
20140717,15:15:00.000,BBG000H556T9,-0.0016517052,-0.008143936,2625425
20140717,15:15:00.000,BBG000NV1KK7,-0.013669341,-0.018897591,3583908
20140717,15:15:00.000,BBG000L9CV04,-0.0046339645,-0.015833765,1839841
20140717,15:15:00.000,BBG000BXRPH1,0.010514224,-0.007178614,627261
20140717,15:15:00.000,BBG000BNDN65,0.0031720183,-0.0044055125,3367831
20140717,15:15:00.000,BBG000BGKTF9,-0.010366135,-0.016297923,2787325
20140717,15:15:00.000,BBG00286S4N9,-0.0050150175,-0.012488953,1549361
20140717,15:15:00.000,BBG000H89QJ6,-0.014434058,-0.013361786,1189932
20140717,15:15:00.000,BBG000BNWG87,-0.010801282,-0.017799126,6588211
20140717,15:15:00.000,BBG000BJX8C8,0.0005998616,-0.005975338,2065992
20140717,15:15:00.000,BBG000BD4VG8,-0.007737061,-0.018281108,3374327
20140717,15:15:00.000,BBG000D4LWF6,0.0010323589,-0.0028844508,4292167
20140717,15:15:00.000,BBG000FL1TC8,-0.009524688,-0.00679345,1608366
20140717,15:15:00.000,BBG000FFDM15,-0.006954995,-0.016696181,8277328
20140717,15:15:00.000,BBG000BBPFB9,0.004127694,-5.6185394e-07,8938652
20140717,15:15:00.000,BBG000BN2DC2,-0.014668894,-0.022707855,2895786
20140717,15:15:00.000,BBG000BCQZS4,-0.0032367953,-0.01228009,1933147
20140717,15:15:00.000,BBG000CPQZ77,0.017420372,0.010149664,6434753
20140717,15:15:00.000,BBG000BP52R2,0.0072941454,-0.014199357,1962812
20140717,15:15:00.000,BBG000J6XT05,-0.017933933,-0.02611139,6936302
20140717,15:15:00.000,BBG000BJDB15,-0.019783776,-0.0066950093,6151761
20140717,15:15:00.000,BBG000LD9JQ8,-0.0077380873,-0.01920879,1569626
20140717,15:15:00.000,BBG000FG3C43,-0.12693541,-0.14042573,23372616
20140717,15:15:00.000,BBG000BC2C10,0.0077754394,-0.004004428,2239513
20140717,15:15:00.000,BBG000BGRY34,0.0029011208,-0.0047557913,1475608
20140717,15:15:00.000,BBG000CTQBF3,-0.0008678847,-0.013083313,2763278
20140717,15:15:00.000,BBG000H8TVT2,0.0018833803,-0.004820805,3185715
20140717,15:15:00.000,BBG0025Y4RY4,0.008025692,-0.00074535096,15151153
20140717,15:15:00.000,BBG000F1ZSQ2,-0.007039623,-0.01851989,3324315
20140717,15:15:00.000,BBG000CH5208,0.010028592,0.022331709,5242250
20140717,15:15:00.000,BBG000KHWT55,-0.0012275577,-0.010914019,7237523
20140717,15:15:00.000,BBG000BFWKC0,0.006306486,-0.0010389761,2152473
20140717,15:15:00.000,BBG000BP6LJ8,-0.00255521,-0.0040657665,4176241
20140717,15:15:00.000,BBG000BW8S60,-0.0012055489,-0.00918271,3386634
20140717,15:15:00.000,BBG000BWLMJ4,-0.002042403,-0.013023943,2886278
20140717,15:15:00.000,BBG000Q2HM09,0.006980661,-0.013456576,2181510
20140717,15:15:00.000,BBG000BW3299,-0.003951573,-0.007568238,1487249
20140717,15:15:00.000,BBG000BC40Y8,-0.018741565,-0.030837359,4058664
20140717,15:15:00.000,BBG000BBS2Y0,0.0009635709,-0.015291752,1860035
20140717,15:15:00.000,BBG000DWG505,-0.0044778455,-0.009019317,1631049
20140717,15:15:00.000,BBG000BQQ2S6,-0.0035044462,-0.013615624,1865375
20140717,15:15:00.000,BBG000BZ9223,0.0077083632,-0.0070869257,1666972
20140717,15:15:00.000,BBG000DH7JK6,-0.0004078111,-0.0022111326,1785401
20140717,15:15:00.000,BBG000BHVJJ3,0.004686009,-0.0066684396,8486247
20140717,15:15:00.000,BBG000J2XL74,0.0069909664,0.0062600393,4030262
20140717,15:15:00.000,BBG000C17X76,0.011932247,-0.010239644,1163157
20140717,15:15:00.000,BBG000BHBK84,0.0026433193,-0.005378709,2625171
20140717,15:15:00.000,BBG000Q9HH23,0.017110737,0.0034240484,1161808
20140717,15:15:00.000,BBG000F0PF65,0.030070633,0.031086115,23767628
20140717,15:15:00.000,BBG000BF0K17,-0.0029641849,-0.012060296,2062992
20140717,15:15:00.000,BBG000C15T95,0.00027674244,-0.0037920494,4514763
20140717,15:15:00.000,BBG000NDYB67,0.0023900168,-0.0042698556,8083131
20140717,15:15:00.000,BBG000DWYF03,0.0034420586,0.00060581794,29422116
20140717,15:15:00.000,BBG000C6CFJ5,0.00815835,-0.0005570054,2882446
20140717,15:15:00.000,BBG000BKTFN2,-0.0047479663,-0.0155155435,4319338
20140717,15:15:00.000,BBG000BBGGQ1,-0.007899729,-0.017577607,5353546
20140717,15:15:00.000,BBG000DLFM21,,,2105150
20140717,15:15:00.000,BBG000BBDZG3,-0.0009871084,-0.0016360665,4459704
20140717,15:15:00.000,BBG000DQLV23,0.0015862755,-0.0061480594,3673990
20140717,15:15:00.000,BBG000BCSST7,0.0017826312,-0.0049842484,3650313
20140717,15:15:00.000,BBG000BQLTW7,-0.0016038856,-0.005713463,19203072
20140717,15:15:00.000,BBG000BQPC32,0.0057577244,0.002810548,38955524
20140717,15:15:00.000,BBG000BFC8J2,-0.010453101,-0.02905473,3454936
20140717,15:15:00.000,BBG000BQQH30,0.0017285096,-0.009656702,3636363
20140717,15:15:00.000,BBG000BMX289,-0.0007081093,-0.0016638244,5249721
20140717,15:15:00.000,BBG000BNSZP1,0.0032660728,-0.006247364,2856376
20140717,15:15:00.000,BBG005P7Q881,-0.007991091,-0.028870136,9586581
20140717,15:15:00.000,BBG000FH8PX5,,,1238679
20140717,15:15:00.000,BBG000R7Z112,-0.008601336,-0.030363033,12778968
20140717,15:15:00.000,BBG000BH4R78,0.0072518894,0.00011620511,4856173
20140717,15:15:00.000,BBG000BKZB36,0.005260969,-0.0008787179,3466496
20140717,15:15:00.000,BBG000BPD168,0.0019880794,-0.004129772,4090582
20140717,15:15:00.000,BBG000BHQ1H0,0.012420885,0.004221641,931347
20140717,15:15:00.000,BBG000C496P7,,,22839084
20140717,15:15:00.000,BBG000C43RR5,0.02392971,0.016569601,16703710
20140717,15:15:00.000,BBG000BT41Q8,0.006994328,-0.0057412367,3913535
20140717,15:15:00.000,BBG000PSKYX7,-0.0016449381,-0.014761013,1597896
20140717,15:15:00.000,BBG000BR2TH3,0.0049068737,-0.0025954845,3955945
20140717,15:15:00.000,BBG000GFFQN9,-0.0036040936,-0.019534739,28597296
20140717,15:15:00.000,BBG000CGC1X8,-0.015515957,-0.0154498555,8175172
20140717,15:15:00.000,BBG000BMHYD1,-0.00800712,-0.014289078,7274797
20140717,15:15:00.000,BBG000BFT2L4,-0.011860187,-0.012899516,10381306
20140717,15:15:00.000,BBG000HS77T5,-0.0026288058,-0.010205157,7534630
20140717,15:15:00.000,BBG000K4ND22,0.0055500236,-0.0029792,3019734
20140717,15:15:00.000,BBG000C3J3C9,-0.012606171,-0.011163997,21626176
20140717,15:15:00.000,BBG000BK6MB5,0.004701445,-0.011482712,26609684
20140717,15:15:00.000,BBG000BWQFY7,0.008401779,-0.0070350883,16551035
20140717,15:15:00.000,BBG000BLNNH6,0.0075596115,0.003482834,5453243
20140717,15:15:00.000,BBG000H6HNW3,-0.00227102,-0.016031902,18062644
20140717,15:15:00.000,BBG000DMBXR2,0.0033529126,-0.009368997,10277454
20140717,15:15:00.000,BBG000BSJK37,-0.00036157324,-0.008505814,12650254
20140717,15:15:00.000,BBG000FY4S11,0.0057829004,-0.0074274708,17352476
20140717,15:15:00.000,BBG000C5Z1S3,-0.02064427,-0.040409233,27453062
20140717,15:15:00.000,BBG000BR2B91,-0.0016918931,-0.008076803,23648666
20140717,15:15:00.000,BBG000N9MNX3,0.017159678,0.0012196576,3347982
20140717,15:15:00.000,BBG000C0G1D1,-0.009077417,-0.023091437,56782028
20140717,15:15:00.000,BBG002W96FT9,-0.0035113597,-0.014418465,1661155
20140717,15:15:00.000,BBG000BLBVN4,-0.0038890173,-0.017890593,693094
20140717,15:15:00.000,BBG000CKGBP2,0.003204398,-0.017013881,11225679
20140717,15:15:00.000,BBG000GZQ728,-0.0017013553,-0.008770932,4538955
20140717,15:15:00.000,BBG000BVPV84,0.009483497,-0.009594621,2643008
20140717,15:15:00.000,BBG000BPH459,0.017664235,0.015204521,64161684
20140717,15:15:00.000,BBG000BCTLF6,-0.0013006178,-0.01805841,72846352
20140717,15:15:00.000,BBG000BHSKN9,-0.0011820522,-0.012705087,1723269
20140717,15:15:00.000,BBG000CL9VN6,0.008900977,-0.0073332326,1522780
20140717,15:15:00.000,BBG000MM2P62,0.0045516333,-0.013748939,28903432
20140717,15:15:00.000,BBG000B9XRY4,-0.0055259154,-0.01582668,40353896
20140717,15:30:00.000,BBG000PCQQL6,-0.0033555157,-0.009402856,1413058
20140717,15:30:00.000,BBG000BJP882,-0.011155888,-0.010326173,804398
20140717,15:30:00.000,BBG000BMFFQ0,0.0021842953,-0.0022068275,722529
20140717,15:30:00.000,BBG000K1J931,0.0051739826,-0.03274976,1942715
20140717,15:30:00.000,BBG000BQ87N0,-0.002161906,-0.0065959175,509735
20140717,15:30:00.000,BBG000BBCQD7,0.0051733754,-0.0011813677,3556404
20140717,15:30:00.000,BBG000BQHGR6,0.0001305923,-0.010473408,553467
20140717,15:30:00.000,BBG000C75N77,-0.013506681,-0.030263903,1330563
20140717,15:30:00.000,BBG000BJ8YN7,0.0041049486,-0.008348312,1835776
20140717,15:30:00.000,BBG000BLXZN1,0.012827982,0.0025431009,1938201
20140717,15:30:00.000,BBG000BV4XJ1,0.01356708,-0.011965376,332503
20140717,15:30:00.000,BBG000QKPTS5,0.014899165,-0.0011819045,873924
20140717,15:30:00.000,BBG000BV75B7,-0.0024183763,-0.014984257,401585
20140717,15:30:00.000,BBG000CB8Q50,-0.005928372,-0.01443516,576350
20140717,15:30:00.000,BBG000BNPSQ9,-0.0069478033,-0.03910337,1243186
20140717,15:30:00.000,BBG000H4YVR7,-0.024580933,-0.048705123,759475
20140717,15:30:00.000,BBG000JB27Y9,0.0070349197,-0.0013526528,894867
20140717,15:30:00.000,BBG000BVHBM1,0.0034533157,-0.027298803,1458538
20140717,15:30:00.000,BBG000BQSQ38,-0.0015744667,-0.011383805,1142994
20140717,15:30:00.000,BBG001XJRMF5,-0.010330501,-0.0060645225,980240
20140717,15:30:00.000,BBG000BNGTQ7,0.000618546,-0.0041867844,1342141
20140717,15:30:00.000,BBG000B9X8C0,0.0031585484,-0.0030210153,764603
20140717,15:30:00.000,BBG000GPXKX9,-0.010686559,-0.022975061,459038
20140717,15:30:00.000,BBG000BV7LP7,0.0063222763,0.0020204769,1332490
20140717,15:30:00.000,BBG001NY45K9,-0.029347684,-0.04811802,3747308
20140717,15:30:00.000,BBG000L8CBX4,-0.0050086468,-0.011203003,179063
20140717,15:30:00.000,BBG000BHCP19,0.011319643,-0.008513478,631320
20140717,15:30:00.000,BBG000JKCWS0,-0.0030431258,-0.0092731,213211
20140717,15:30:00.000,BBG000CPHYL4,-0.0074546374,-0.018577144,1264337
20140717,15:30:00.000,BBG000F86GP6,0.0017217067,-0.010699152,381364
20140717,15:30:00.000,BBG000V31J96,-0.00059122883,-0.011485692,1902317
20140717,15:30:00.000,BBG000BWVSR1,-0.00353781,-0.011199266,559867
20140717,15:30:00.000,BBG000DLVDK3,0.02111989,0.03852382,1951122
20140717,15:30:00.000,BBG003641015,-0.0028343883,-0.014274747,822924
20140717,15:30:00.000,BBG000BQD1J2,0.0051689874,-0.00030701456,25787068
20140717,15:30:00.000,BBG000BWXL85,-0.007647542,-0.014133742,749001
20140717,15:30:00.000,BBG001J1QN87,-0.009181618,-0.037742794,377658
20140717,15:30:00.000,BBG000BFJ645,0.0050534382,-0.0078623695,5018216
20140717,15:30:00.000,BBG000BPZBB6,0.0020052616,-0.005425681,581976
20140717,15:30:00.000,BBG000RNTSX0,0.011466571,0.0038644574,897865
20140717,15:30:00.000,BBG000C23KJ3,0.0037290093,-0.009183582,2283659
20140717,15:30:00.000,BBG000CZWZ05,0.014406911,-0.012951344,1558660
20140717,15:30:00.000,BBG000CR90K4,0.0032847736,-0.01906705,25048492
20140717,15:30:00.000,BBG000BBL0Y1,-0.00032683733,-0.024976969,987395
20140717,15:30:00.000,BBG000BKQG80,0.006069136,-0.00592785,740847
20140717,15:30:00.000,BBG000K14Q84,-0.0034754914,-0.020371636,2833415
20140717,15:30:00.000,BBG000Q0BPZ4,-0.0007300798,-0.016287085,893366
20140717,15:30:00.000,BBG000BHB3M6,-0.0055485666,-0.020735946,1310719
20140717,15:30:00.000,BBG000BLMZK6,-0.013298966,-0.026333513,1120055
20140717,15:30:00.000,BBG000QFJ7H3,0.011964376,-0.007038731,987658
20140717,15:30:00.000,BBG000BLDV98,-0.0047455197,-0.017196279,1100523
20140717,15:30:00.000,BBG000PLXQQ3,0.027192751,0.022429565,4436693
20140717,15:30:00.000,BBG000BGYMH7,0.008435553,-0.010024878,425361
20140717,15:30:00.000,BBG000H9G7X2,-0.008072879,-0.020266106,1534406
20140717,15:30:00.000,BBG000BRZJR8,0.008980345,-0.02200336,2153881
20140717,15:30:00.000,BBG000BJDPC2,-0.00884943,-0.014730905,795421
20140717,15:30:00.000,BBG000BDY3Y7,-0.015453992,-0.029186064,1969160
20140717,15:30:00.000,BBG000BPNP00,0.013484342,-0.0029850854,1748638
20140717,15:30:00.000,BBG000BBB3K1,0.0004930115,-0.0064510824,2825381
20140717,15:30:00.000,BBG000BFV115,0.00073580525,-0.017313262,772992
20140717,15:30:00.000,BBG000CXD6X9,-0.0020436302,-0.008130003,1391100
20140717,15:30:00.000,BBG000QN4GY3,-0.023651816,-0.03512004,1567460
20140717,15:30:00.000,BBG000BWCKB6,-0.009691347,-0.01085071,1946068
20140717,15:30:00.000,BBG000BKXFN7,-0.0011980577,-0.020479165,1363914
20140717,15:30:00.000,BBG000F9KJN4,-0.00013147181,-0.012011884,1417342
20140717,15:30:00.000,BBG000BQV1S2,0.007085024,-0.018877892,584609
20140717,15:30:00.000,BBG000BTQR96,0.00023464058,-0.01315876,876289
20140717,15:30:00.000,BBG000F6ZWH2,0.00089480565,-0.0097593,1221792
20140717,15:30:00.000,BBG000BMZ7P7,0.0050229114,-0.004406439,1005353
20140717,15:30:00.000,BBG000BB29X4,0.004170793,-0.0026254377,674082
20140717,15:30:00.000,BBG000BBCDZ2,-0.0065970276,-0.018703114,525824
20140717,15:30:00.000,BBG000C6F3T8,0.02550651,0.0059100543,21187248
20140717,15:30:00.000,BBG000BFVXX0,0.0035499306,-0.0016551558,1228080
20140717,15:30:00.000,BBG000G6BN50,-0.004738164,-0.01782313,311379
20140717,15:30:00.000,BBG000BRXP69,-0.0030137347,-0.01354264,720656
20140717,15:30:00.000,BBG000BPMH90,0.023983402,0.007730586,1674827
20140717,15:30:00.000,BBG000D9DMK0,-0.0024415774,-0.009539264,1152944
20140717,15:30:00.000,BBG000D14WM3,0.003848082,-0.017171467,8485577
20140717,15:30:00.000,BBG000PVRDL2,0.009841649,0.027323106,3816414
20140717,15:30:00.000,BBG000BSC0K9,-0.0009661374,-0.0054984996,842708
20140717,15:30:00.000,BBG000R0L5J4,0.0118598845,-0.0011967546,1718431
20140717,15:30:00.000,BBG000JH6683,-0.0030399733,-0.044294666,1273998
20140717,15:30:00.000,BBG000BG14P4,0.014257565,-0.013997964,1089564
20140717,15:30:00.000,BBG000D9KWL9,0.012883829,-0.0018808574,825553
20140717,15:30:00.000,BBG000BKWSR6,-0.017729338,-0.030129088,8177662
20140717,15:30:00.000,BBG000BC9938,0.0044035483,-0.0069121975,1118743
20140717,15:30:00.000,BBG000BB1TH9,-0.006200037,-0.016661877,651406
20140717,15:30:00.000,BBG000BJ49H3,-0.004575592,-0.013581191,1311850
20140717,15:30:00.000,BBG000BFS7D3,0.0030486446,-0.0047512352,503566
20140717,15:30:00.000,BBG000BN9WT5,0.005230823,-0.011135637,969321
20140717,15:30:00.000,BBG000BKR1D6,-0.000938993,-0.01188475,1094050
20140717,15:30:00.000,BBG000BFRF55,0.013830916,-0.0070004556,3956191
20140717,15:30:00.000,BBG000BKTT89,0.002386755,-0.016962683,471360
20140717,15:30:00.000,BBG000BQ8KV2,0.002714792,-0.012671802,1075108
20140717,15:30:00.000,BBG000BQVWZ6,-0.002516688,-0.024278563,5777190
20140717,15:30:00.000,BBG000BHKYH4,-0.0008506514,-0.0034368283,641239
20140717,15:30:00.000,BBG000BS7KS3,-0.009468096,-0.012907285,602400
20140717,15:30:00.000,BBG000CGT2S4,-0.046279494,-0.06522104,6379956
20140717,15:30:00.000,BBG000F7RCJ1,0.0014755777,-0.010392856,352099
20140717,15:30:00.000,BBG000BMTFR4,0.0027741352,-0.0012825065,1632995
20140717,15:30:00.000,BBG000TJM7F0,-0.0033710417,-0.0053099003,852606
20140717,15:30:00.000,BBG000BMKDM3,0.004230273,-0.00030297742,990693
20140717,15:30:00.000,BBG000FLZN98,0.001136411,-0.013488328,627406
20140717,15:30:00.000,BBG000BKLH74,-0.00029316323,-0.004276511,3366094
20140717,15:30:00.000,BBG000BCTQ65,0.0023481592,-0.0040995483,1503861
20140717,15:30:00.000,BBG000D1QCF1,-0.0055305706,-0.012790695,854572
20140717,15:30:00.000,BBG000BSXQV7,0.049634036,0.04316457,1285060
20140717,15:30:00.000,BBG000BG09F5,-0.018202435,-0.035998706,1083134
20140717,15:30:00.000,BBG000FLPRH1,-0.0112226205,-0.024374073,682968
20140717,15:30:00.000,BBG000PV2L86,-0.0028321345,-0.013151603,382708
20140717,15:30:00.000,BBG000BGYWY6,-0.0005897534,-0.010849812,460668
20140717,15:30:00.000,BBG000C060M4,-0.0027788293,-0.0141835,332461
20140717,15:30:00.000,BBG000BDXGP9,-0.006600011,-0.011013086,2241457
20140717,15:30:00.000,BBG000BGD7W6,-0.00302129,-0.014834844,1510701
20140717,15:30:00.000,BBG000BP8Z50,-0.0022520057,-0.008071683,809273
20140717,15:30:00.000,BBG000HW5GX3,0.003420006,-0.012948392,1239684
20140717,15:30:00.000,BBG000C4ZZ10,-0.00940241,-0.020095605,317726
20140717,15:30:00.000,BBG000BNNYW1,-0.07176385,-0.0745674,12385995
20140717,15:30:00.000,BBG000BR37X2,-0.0012168873,-0.008185696,2636734
20140717,15:30:00.000,BBG000BLW530,0.0020284967,-0.0030084322,997343
20140717,15:30:00.000,BBG000BF1R66,-0.0011553547,-0.008416292,340295
20140717,15:30:00.000,BBG000BKNX95,-0.002343054,-0.012502883,1762710
20140717,15:30:00.000,BBG000BWP7D9,0.0036257473,-0.005424439,874809
20140717,15:30:00.000,BBG000BBMSJ6,0.0075504,-0.009735185,837888
20140717,15:30:00.000,BBG000DN7P92,0.0015350623,-0.008325425,1202078
20140717,15:30:00.000,BBG000BCZYD3,-0.001850748,-0.011133821,310572
20140717,15:30:00.000,BBG000CVWGS6,-0.01088359,-0.01607686,3906128
20140717,15:30:00.000,BBG000BLHRS2,0.0037124187,-0.000107420194,1076283
20140717,15:30:00.000,BBG000BY2Y78,-0.0017688134,-0.014126,746327
20140717,15:30:00.000,BBG000BK6G19,0.04306032,0.02296902,4574460
20140717,15:30:00.000,BBG002S5ZRF9,0.014874971,-0.0054050693,556462
20140717,15:30:00.000,BBG000BNC3Y9,0.0015255855,-0.014562176,819227
20140717,15:30:00.000,BBG000BTCH57,0.0008991562,-0.013650939,939500
20140717,15:30:00.000,BBG000BB03M1,0.0007608191,-0.009875438,1433209
20140717,15:30:00.000,BBG000BN84F3,-0.0055820625,-0.012844457,1021062
20140717,15:30:00.000,BBG000BB5BF6,0.006556376,-0.0054164333,1761334
20140717,15:30:00.000,BBG000FDBX90,0.0058383993,-0.0012020108,2665837
20140717,15:30:00.000,BBG000RGM5P1,0.015427278,0.0027000403,1163233
20140717,15:30:00.000,BBG000BB5373,-0.00069247955,-0.013094342,3691224
20140717,15:30:00.000,BBG000BFDLV8,0.000860962,-0.010447985,1458131
20140717,15:30:00.000,BBG000BGRKT6,0.0009939644,-0.005150881,376581
20140717,15:30:00.000,BBG000BTVJ25,-0.0083109625,-0.014565065,1462780
20140717,15:30:00.000,BBG000BVMPN3,-0.00793204,-0.018376315,1353559
20140717,15:30:00.000,BBG000C2ZCH8,0.005644911,-0.0024952248,665562
20140717,15:30:00.000,BBG0014GJCT9,0.012163748,0.0016109187,1130042
20140717,15:30:00.000,BBG000C11MQ5,-0.0019491012,-0.02610953,746315
20140717,15:30:00.000,BBG003P9ZSL3,0.0046727285,0.0036401222,724981
20140717,15:30:00.000,BBG000BX5ZF5,0.009304755,-0.003113659,5893373
20140717,15:30:00.000,BBG000C2V3D6,-0.01092179,-0.027385313,3616069
20140717,15:30:00.000,BBG000BQVTF5,0.0009938799,-0.010878751,756438
20140717,15:30:00.000,BBG000D2M0Z7,-0.0047009448,-0.013502363,493029
20140717,15:30:00.000,BBG000CHPY97,-0.010762739,-0.028213426,3751719
20140717,15:30:00.000,BBG000N746D6,0.002039288,-0.017996725,2404679
20140717,15:30:00.000,BBG000M1R011,0.020289533,0.004883337,1773550
20140717,15:30:00.000,BBG000BHLYP4,0.012106617,0.0011900569,819117
20140717,15:30:00.000,BBG000BB6G37,0.0047233296,-0.011364269,786997
20140717,15:30:00.000,BBG000BR14K5,-0.0031386411,-0.011085927,575786
20140717,15:30:00.000,BBG000PX3XC0,-0.005157391,-0.024612404,2425221
20140717,15:30:00.000,BBG000J1QLT0,-0.0047035003,-0.007966984,755492
20140717,15:30:00.000,BBG0039320N9,-0.0068484996,-0.0113442615,1645413
20140717,15:30:00.000,BBG000BC4JJ4,-0.0036111586,-0.0069721905,731788
20140717,15:30:00.000,BBG000BM7HL0,0.01046425,0.0019851916,1439007
20140717,15:30:00.000,BBG000BP1Q11,-0.0065337624,-0.013676383,574813
20140717,15:30:00.000,BBG000BF6LY3,-0.003550983,-0.017421672,1707527
20140717,15:30:00.000,BBG000BF5RY1,0.004404186,0.0010276352,2035159
20140717,15:30:00.000,BBG000BFTJ91,-0.008901869,-0.0124342665,1384432
20140717,15:30:00.000,BBG000BR54L0,0.008667866,-0.023040315,4509706
20140717,15:30:00.000,BBG000J5Q6L2,0.010799708,-0.007369514,3180508
20140717,15:30:00.000,BBG000BCWCG1,-0.022701917,-0.037151564,2924954
20140717,15:30:00.000,BBG000TWC2V5,-0.00383521,-0.010430942,526716
20140717,15:30:00.000,BBG000BCYP43,-0.0104476325,-0.018881677,497040
20140717,15:30:00.000,BBG000C221G9,-0.0077047492,-0.023691094,1259123
20140717,15:30:00.000,BBG000BZTW70,0.011827855,-0.0075682616,3211805
20140717,15:30:00.000,BBG000BKZTP3,-0.0018041941,-0.009153796,1235956
20140717,15:30:00.000,BBG000R8ZVD1,0.005461943,-0.003936364,2035664
20140717,15:30:00.000,BBG000CKVSG8,-0.021847267,-0.038483903,2370774
20140717,15:30:00.000,BBG000DNTSP4,0.0041991635,-0.0053880215,1966832
20140717,15:30:00.000,BBG000BP4MH0,0.0037858244,-0.005956646,1031472
20140717,15:30:00.000,BBG000BR3KL6,-0.0038660686,-0.02062491,573579
20140717,15:30:00.000,BBG000BJQWD2,0.0042188005,-0.011678372,975478
20140717,15:30:00.000,BBG000G0Z878,-0.0009992588,-0.013578749,1567983
20140717,15:30:00.000,BBG000D7RKJ5,0.005175355,-0.001584615,1373649
20140717,15:30:00.000,BBG000G9CGL0,-0.0039878907,-0.020332709,604721
20140717,15:30:00.000,BBG000DTMH63,0.0018266957,-0.012097606,2537090
20140717,15:30:00.000,BBG0029BK2G7,-0.008101262,-0.021313349,1046781
20140717,15:30:00.000,BBG000G3QLY3,0.002645487,-0.010229575,415790
20140717,15:30:00.000,BBG000BP0KQ8,0.006593756,-0.0010773027,2674861
20140717,15:30:00.000,BBG001NVJ6W4,-0.03564385,-0.057465598,5419235
20140717,15:30:00.000,BBG000BSBZH7,0.0038272727,0.0024140202,3498179
20140717,15:30:00.000,BBG000BHGCD1,-0.0008952014,-0.022021664,580075
20140717,15:30:00.000,BBG000BL9JQ1,-0.0034176942,-0.012107874,1184582
20140717,15:30:00.000,BBG000BH5DV1,-0.0031039934,-0.006438849,816396
20140717,15:30:00.000,BBG000QW7VC1,0.0031874331,-0.0070491615,5940191
20140717,15:30:00.000,BBG000DQTXY6,-0.0075480444,-0.039278172,4388341
20140717,15:30:00.000,BBG000QY3XZ2,-0.00495194,-0.02362339,1272769
20140717,15:30:00.000,BBG000BBBNC6,0.012984186,0.0036449805,1502565
20140717,15:30:00.000,BBG000F15NW9,-0.00071816804,-0.010936635,1399519
20140717,15:30:00.000,BBG000BNNKG9,-0.002965438,-0.019667488,2367939
20140717,15:30:00.000,BBG000BFXHL6,-0.0012435684,-0.0023016557,1639284
20140717,15:30:00.000,BBG000BRRG02,0.006256636,0.0034448884,829531
20140717,15:30:00.000,BBG000BHLYS1,0.0035863519,-0.0045884834,1028612
20140717,15:30:00.000,BBG000CGQ6M4,-0.012470439,-0.0115368925,575404
20140717,15:30:00.000,BBG000C1S2X2,0.0050988444,-0.01895356,1147627
20140717,15:30:00.000,BBG000C7LMS8,-0.0040605734,-0.011264436,86876
20140717,15:30:00.000,BBG000MDCQC2,0.002850343,-0.005961062,833750
20140717,15:30:00.000,BBG000JG0547,0.0047006058,-0.006088291,643535
20140717,15:30:00.000,BBG000CJZ2W6,0.014662427,-0.004276297,1242927
20140717,15:30:00.000,BBG0020B4JG7,0.0029404871,-0.015760442,2563664
20140717,15:30:00.000,BBG000BNFLM9,-0.0029823864,-0.007448363,1039795
20140717,15:30:00.000,BBG000BCBCM7,0.0017914629,-0.01339854,3976598
20140717,15:30:00.000,BBG000CS7CT9,0.012547617,0.0017434848,1821994
20140717,15:30:00.000,BBG000MZFMS2,-0.00027903792,-0.016888494,821151
20140717,15:30:00.000,BBG000BKQ3V3,0.0025217934,-0.012375628,1791997
20140717,15:30:00.000,BBG000BLCPY4,-0.0029551587,-0.02151012,528870
20140717,15:30:00.000,BBG000BC15S7,0.006676039,-0.0040184273,676844
20140717,15:30:00.000,BBG000FKJRC5,0.0005618192,-0.008118321,762864
20140717,15:30:00.000,BBG000BRJ809,0.011536368,0.010430841,725140
20140717,15:30:00.000,BBG000C2PW58,-0.008205453,-0.020576578,550635
20140717,15:30:00.000,BBG000BCVMH9,0.027685141,0.022381237,1562777
20140717,15:30:00.000,BBG000BQ2C28,0.008559644,-0.0018715853,601109
20140717,15:30:00.000,BBG000BBJQV0,0.017431125,-0.0031004192,4702817
20140717,15:30:00.000,BBG000G2R6M0,0.014273384,0.028472431,4366594
20140717,15:30:00.000,BBG000BTKGG8,-0.014795198,-0.03172579,3142820
20140717,15:30:00.000,BBG000BMQPL1,-0.026947321,-0.040888865,15155174
20140717,15:30:00.000,BBG000BMF5J0,0.0024825742,-0.019551877,7001676
20140717,15:30:00.000,BBG000BB6WG8,0.0006254687,-0.006909085,1820582
20140717,15:30:00.000,BBG000BM6788,-0.0017057688,-0.02023874,1420289
20140717,15:30:00.000,BBG000FVXD63,-0.023886282,-0.040385433,2713535
20140717,15:30:00.000,BBG000C3HSR0,0.017155116,-0.0024098596,2161019
20140717,15:30:00.000,BBG000BN5HF7,-0.013556653,-0.032681745,1608046
20140717,15:30:00.000,BBG001QD41M9,-0.0019700327,-0.013828738,1285974
20140717,15:30:00.000,BBG000CXYSZ6,0.0074916193,0.0017330152,562495
20140717,15:30:00.000,BBG000BVMGF2,0.006442054,-0.0034381403,1420315
20140717,15:30:00.000,BBG0019JZ882,0.010628844,-0.0010835768,8047182
20140717,15:30:00.000,BBG000BKPL53,-0.008870247,-0.018006137,600077
20140717,15:30:00.000,BBG000PYZSR8,-0.008235674,-0.008568258,1178885
20140717,15:30:00.000,BBG000F0KF42,-0.014183096,-0.028708747,2527769
20140717,15:30:00.000,BBG000FW00S1,-0.020364756,-0.034514196,5680534
20140717,15:30:00.000,BBG000BYYLS8,-0.020975769,-0.033572953,4583254
20140717,15:30:00.000,BBG000BB6M98,-0.008849442,-0.013033401,1691511
20140717,15:30:00.000,BBG000D8RG11,-0.017481176,-0.03132102,5407748
20140717,15:30:00.000,BBG000CHWP52,0.015566092,0.014908853,2959035
20140717,15:30:00.000,BBG000D6L294,-0.004606355,-0.024653478,836903
20140717,15:30:00.000,BBG000C3Y7J6,0.0003061336,-0.007335856,713784
20140717,15:30:00.000,BBG000BM5SR2,-0.0021698186,-0.012278805,3757912
20140717,15:30:00.000,BBG000BS0ZF1,-0.0015297021,-0.0034163937,405894
20140717,15:30:00.000,BBG000C0F570,0.002774587,-0.013221377,1398537
20140717,15:30:00.000,BBG000C90DH9,-0.013086388,-0.014519015,5952253
20140717,15:30:00.000,BBG000BVWLJ6,-0.004243324,-0.015626898,1717871
20140717,15:30:00.000,BBG000BRK7L6,0.00307894,-0.00960964,2226020
20140717,15:30:00.000,BBG000BZ2GG4,0.0041146884,-0.005531552,1086556
20140717,15:30:00.000,BBG000BVL2G3,0.0018153006,-0.015732713,910722
20140717,15:30:00.000,BBG000C2YHG9,-0.0074867597,-0.011298972,1031336
20140717,15:30:00.000,BBG001BPFT54,0.017981455,-0.014880856,2078112
20140717,15:30:00.000,BBG000BH2JM1,0.011533623,0.010916437,3629834
20140717,15:30:00.000,BBG000BPVCR1,0.00879985,-0.0018474187,767456
20140717,15:30:00.000,BBG002BHBHM1,0.007005411,-0.007387846,1378903
20140717,15:30:00.000,BBG000Q3JN03,-0.021515623,-0.03952921,17274748
20140717,15:30:00.000,BBG000BPT0C6,-0.011419138,-0.027648969,1714345
20140717,15:30:00.000,BBG000BQWPC5,-0.0021354042,-0.011161368,1543343
20140717,15:30:00.000,BBG000BQ5DS5,-0.0010083204,-0.00707771,1060570
20140717,15:30:00.000,BBG000DY8ZS4,0.00552398,-0.008738689,6250480
20140717,15:30:00.000,BBG000R8L7J3,-0.008674174,-0.032335397,8801736
20140717,15:30:00.000,BBG000BS9489,-0.005056166,-0.005393393,1378488
20140717,15:30:00.000,BBG000D898T9,0.009100151,-0.0038735166,1135358
20140717,15:30:00.000,BBG000BFL116,0.0008946243,-0.02789384,1959879
20140717,15:30:00.000,BBG001YMS0B8,-0.0069210553,-0.012586393,1266681
20140717,15:30:00.000,BBG000QBR5J5,0.010665779,0.0021872271,2821187
20140717,15:30:00.000,BBG000BHC2S1,-0.005723165,-0.0137094585,1116533
20140717,15:30:00.000,BBG000BX3TD3,0.014556534,-0.0050270166,4491675
20140717,15:30:00.000,BBG000C1FQS9,-0.009768465,-0.016293831,1038958
20140717,15:30:00.000,BBG000BLKK03,0.013904183,0.030921303,1468219
20140717,15:30:00.000,BBG000BKCFC2,0.001999468,-0.003389691,2009096
20140717,15:30:00.000,BBG000C4DPX1,-0.00036548695,-0.021861997,1351353
20140717,15:30:00.000,BBG000BHZ5J9,-0.022550365,-0.035087124,2000492
20140717,15:30:00.000,BBG000KLB4Q1,-0.011798335,-0.031390235,4422304
20140717,15:30:00.000,BBG000BMBL90,-0.007618387,-0.016285202,1542556
20140717,15:30:00.000,BBG000C2BXK4,0.0048625465,-0.011739366,5442224
20140717,15:30:00.000,BBG000H0QBS7,0.004092191,-0.0038226263,3377386
20140717,15:30:00.000,BBG000BQZMH4,-0.004141856,-0.012484777,2643498
20140717,15:30:00.000,BBG000BLBXT4,-0.0071366136,-0.01813966,1589698
20140717,15:30:00.000,BBG000BJ2VQ6,0.0035786016,-0.012314575,1472095
20140717,15:30:00.000,BBG000BMY992,0.0045519215,-0.0020268913,1547134
20140717,15:30:00.000,BBG000BXM6V2,0.011464826,-0.0029639374,1293962
20140717,15:30:00.000,BBG000BWSV34,-0.00045036973,-0.012411093,729530
20140717,15:30:00.000,BBG000BKFBD7,0.007337402,-0.0031694006,1866485
20140717,15:30:00.000,BBG000FP1N32,0.011277167,-0.00055601966,2826249
20140717,15:30:00.000,BBG000BT4T69,0.012962049,-0.00047778327,1792744
20140717,15:30:00.000,BBG000BFMBQ6,-0.012288083,0.006067635,2719403
20140717,15:30:00.000,BBG000C0HQ54,0.0017597621,-0.011383643,912359
20140717,15:30:00.000,BBG000C0LW92,-0.017721023,-0.028760342,5969756
20140717,15:30:00.000,BBG000BVPPM1,-0.005515043,-0.014455068,1386445
20140717,15:30:00.000,BBG000BMW2Z0,-0.005077841,-0.0122128,911156
20140717,15:30:00.000,BBG000BPWXK1,-0.0010555253,0.013489597,4758402
20140717,15:30:00.000,BBG000GC80B4,-0.005307331,-0.015913289,6814683
20140717,15:30:00.000,BBG000BXWBN9,0.00901316,0.0027945265,2869541
20140717,15:30:00.000,BBG000BY33P5,0.006833935,0.005033403,6111162
20140717,15:30:00.000,BBG000R7RDB4,0.0015791649,-0.01632292,734385
20140717,15:30:00.000,BBG000MBDGM6,0.0014078079,-0.008525656,202059
20140717,15:30:00.000,BBG000BGLRN3,-0.0009528698,-0.006736237,1173783
20140717,15:30:00.000,BBG000BWJFZ4,0.023581846,0.025889453,1220565
20140717,15:30:00.000,BBG000BGVW60,0.0025454152,-0.005876543,991684
20140717,15:30:00.000,BBG000BNJHS8,0.0066941325,-0.018905133,3636855
20140717,15:30:00.000,BBG000DKCC19,0.0022024405,-0.0045873793,1372689
20140717,15:30:00.000,BBG000BXMFC3,0.032574523,0.0121897245,2735632
20140717,15:30:00.000,BBG000BSD7C2,0.0045422837,-0.004121913,702532
20140717,15:30:00.000,BBG000BSLZY7,-0.0005239112,-0.017412324,5208331
20140717,15:30:00.000,BBG000BMDV41,0.0053575714,-0.008334562,3221207
20140717,15:30:00.000,BBG001C7TST4,-0.0057632932,-0.020949472,1392487
20140717,15:30:00.000,BBG000BRJL00,0.00065125857,-0.0077258884,1677039
20140717,15:30:00.000,BBG000BRD0D8,-0.0042748046,-0.02130851,3151722
20140717,15:30:00.000,BBG000BND699,-0.003802584,-0.029014993,2105689
20140717,15:30:00.000,BBG000BB9KF2,-0.003797462,-0.010146056,1362097
20140717,15:30:00.000,BBG000C1BW00,0.011835851,-0.0016396387,866947
20140717,15:30:00.000,BBG000BTZQC4,0.00091002195,0.002232349,2924103
20140717,15:30:00.000,BBG000BWNFZ9,-0.02002214,-0.033291798,2414833
20140717,15:30:00.000,BBG000BJ98Z0,0.0052111084,-0.009493007,858376
20140717,15:30:00.000,BBG000CNFQW6,-0.008476976,-0.020601664,973206
20140717,15:30:00.000,BBG000BGPTV6,-0.0024089543,-0.015499013,723886
20140717,15:30:00.000,BBG000BB07P9,0.0026554242,0.014819945,9740665
20140717,15:30:00.000,BBG000C1FB75,0.018905513,0.010855277,923530
20140717,15:30:00.000,BBG001M8HHB7,0.015654348,-0.008827611,1131322
20140717,15:30:00.000,BBG000DHSPT0,0.005529604,0.0048080436,2777161
20140717,15:30:00.000,BBG000FQ6PY6,0.0040499526,-0.00094631367,1599130
20140717,15:30:00.000,BBG000BBDV81,-0.0006415763,-0.013358659,2606147
20140717,15:30:00.000,BBG000VC0T95,-0.011827914,-0.027447037,1529116
20140717,15:30:00.000,BBG000BKFZM4,0.0027727801,-0.011917784,3610370
20140717,15:30:00.000,BBG000D13GN8,-0.015669918,-0.04046908,1099479
20140717,15:30:00.000,BBG000C0MF34,-0.01030309,-0.009740639,455863
20140717,15:30:00.000,BBG000BFNR17,0.016660212,9.088574e-05,973754
20140717,15:30:00.000,BBG000BK67C7,0.0014186739,-0.0097032925,528396
20140717,15:30:00.000,BBG000FJLFX8,0.0040478506,0.018929977,2817617
20140717,15:30:00.000,BBG000BH5LT6,-0.007822831,-0.025868319,4722524
20140717,15:30:00.000,BBG000BD8PN9,0.0075249122,-0.0034114784,3721404
20140717,15:30:00.000,BBG000BH3GZ2,-0.053841647,-0.06814608,10596726
20140717,15:30:00.000,BBG000BB5006,-4.8050744e-05,-0.01043198,1448516
20140717,15:30:00.000,BBG000BTR593,-0.03344165,-0.04448589,5838569
20140717,15:30:00.000,BBG000BRWGG9,-0.0031798414,-0.015526562,24506160
20140717,15:30:00.000,BBG000BJ3PD2,-0.0036080529,-0.014412655,1271995
20140717,15:30:00.000,BBG000CSY9H9,0.011117729,0.003285522,3191732
20140717,15:30:00.000,BBG000FNRZ69,-0.013433856,-0.025347745,4872855
20140717,15:30:00.000,BBG000C734W3,-0.003566549,-0.029532801,603825
20140717,15:30:00.000,BBG000BCGY17,0.006682495,-0.0010001428,3509825
20140717,15:30:00.000,BBG000BCVJ77,0.0043593687,-0.0013051019,2014142
20140717,15:30:00.000,BBG000C46HM9,0.00039186134,-0.007357793,1985248
20140717,15:30:00.000,BBG000BJPDZ1,0.017230181,0.0054569547,400892
20140717,15:30:00.000,BBG000BJL3N0,-0.047813788,-0.060804114,19758092
20140717,15:30:00.000,BBG000BGJRC8,-0.0036873962,-0.009944101,4592684
20140717,15:30:00.000,BBG000BBD070,0.004936863,-0.006299145,1868847
20140717,15:30:00.000,BBG000BFQYY3,-0.0016964122,-0.010368804,1626996
20140717,15:30:00.000,BBG000BPQD31,0.0010364286,-0.010075209,3251204
20140717,15:30:00.000,BBG000BJ81C1,0.00030549534,-0.008263151,727685
20140717,15:30:00.000,BBG000B9WH86,0.006913211,-0.013264199,18008064
20140717,15:30:00.000,BBG000D42FJ0,0.023067536,-0.001513675,1494603
20140717,15:30:00.000,BBG000BHX7N2,-0.001477938,-0.01331489,2489150
20140717,15:30:00.000,BBG000BH3JF8,-0.033036523,-0.054614242,8113611
20140717,15:30:00.000,BBG000JWD753,0.004091214,-0.012692626,8284077
20140717,15:30:00.000,BBG000BHGDH5,0.00640341,0.0002769984,1809918
20140717,15:30:00.000,BBG0014GG205,-0.0019504695,-0.029472182,4492752
20140717,15:30:00.000,BBG000G30YX4,0.0055128527,-0.022611937,1208091
20140717,15:30:00.000,BBG000BCG930,-0.0059352433,0.011275773,3122487
20140717,15:30:00.000,BBG000BWVCP8,-0.00048003095,-0.012674791,2661271
20140717,15:30:00.000,BBG000C3GN47,-0.018063512,-0.03229031,5831444
20140717,15:30:00.000,BBG000BT9DW0,0.0033140865,-0.004913589,2954092
20140717,15:30:00.000,BBG000BV8DN6,7.204032e-05,-0.0043732654,4523812
20140717,15:30:00.000,BBG0029SNR63,0.016349172,0.012206244,5139329
20140717,15:30:00.000,BBG000HCJMF9,0.0005309887,-0.014805494,1246967
20140717,15:30:00.000,BBG000D9D830,0.0050031454,-0.0031993608,1486606
20140717,15:30:00.000,BBG000F6H8W8,-0.004830821,-0.009292034,988306
20140717,15:30:00.000,BBG000B9ZXB4,0.031008966,0.02217105,10335652
20140717,15:30:00.000,BBG000BVDLH9,0.01636525,0.00067086064,2242581
20140717,15:30:00.000,BBG000BBVJZ8,-0.008971002,-0.025675086,3023131
20140717,15:30:00.000,BBG000BWXBC2,0.002490804,-0.002081005,2945393
20140717,15:30:00.000,BBG000WCFV84,0.0040212516,0.0040226816,1798204
20140717,15:30:00.000,BBG000BFDXW1,0.00526813,-0.014332094,2994160
20140717,15:30:00.000,BBG000DYGNW7,0.011866749,0.00047734973,808302
20140717,15:30:00.000,BBG000BNBDC2,-0.00074835913,-0.008120535,2055796
20140717,15:30:00.000,BBG000BJSBJ0,0.0006296149,-0.008004706,998156
20140717,15:30:00.000,BBG000BJF1Z8,-0.0011218344,-0.013961554,1495492
20140717,15:30:00.000,BBG000BY29C7,0.014561564,0.01362029,4275809
20140717,15:30:00.000,BBG000BH13K9,0.0009070788,-0.0012298978,3110351
20140717,15:30:00.000,BBG000BH1NH9,-0.01220714,-0.021801155,3110451
20140717,15:30:00.000,BBG000BLZRJ2,0.006195705,-0.00800096,13935382
20140717,15:30:00.000,BBG000BVV7G1,0.00062071247,-0.01794211,3683274
20140717,15:30:00.000,BBG000BL4504,-0.016130595,-0.03376998,6252718
20140717,15:30:00.000,BBG000BB6KF5,-0.0006125285,-0.016621055,3636966
20140717,15:30:00.000,BBG000DSMS70,0.0018459881,-0.028729493,763979
20140717,15:30:00.000,BBG000C8H633,0.0003786587,-0.015029466,2851731
20140717,15:30:00.000,BBG001DCCGR8,-0.007070144,-0.02103938,2146061
20140717,15:30:00.000,BBG000QX74T1,0.0024381157,-0.017128568,320455
20140717,15:30:00.000,BBG000M65M61,-0.010437334,-0.038312484,6741896
20140717,15:30:00.000,BBG000F80SZ5,0.009752064,-0.016634438,12703496
20140717,15:30:00.000,BBG000C5HS04,0.0016836658,-0.004096573,2986632
20140717,15:30:00.000,BBG000H556T9,-0.0011689294,-0.010166858,2855552
20140717,15:30:00.000,BBG000NV1KK7,-0.01431739,-0.020877263,3903122
20140717,15:30:00.000,BBG000L9CV04,-0.0046349852,-0.017842745,1990849
20140717,15:30:00.000,BBG000BXRPH1,0.01113678,-0.010923084,654354
20140717,15:30:00.000,BBG000BNDN65,0.004095884,-0.0052447845,3719247
20140717,15:30:00.000,BBG000BGKTF9,-0.01223975,-0.0206244,3000417
20140717,15:30:00.000,BBG00286S4N9,-0.004929753,-0.015394759,1654315
20140717,15:30:00.000,BBG000H89QJ6,-0.014230294,-0.015806688,1317262
20140717,15:30:00.000,BBG000BNWG87,-0.008194567,-0.017798899,7230701
20140717,15:30:00.000,BBG000BJX8C8,7.370122e-05,-0.009080039,2147090
20140717,15:30:00.000,BBG000BD4VG8,-0.0053149266,-0.019356504,3555090
20140717,15:30:00.000,BBG000D4LWF6,0.002691297,-0.0031467944,4567943
20140717,15:30:00.000,BBG000FL1TC8,-0.008155555,-0.0077145165,1814030
20140717,15:30:00.000,BBG000FFDM15,-0.008373974,-0.01998844,9074177
20140717,15:30:00.000,BBG000BBPFB9,0.0044631734,-0.0026268899,9349307
20140717,15:30:00.000,BBG000BN2DC2,-0.012869514,-0.024283577,3267011
20140717,15:30:00.000,BBG000BCQZS4,-0.0021583573,-0.013444623,2118846
20140717,15:30:00.000,BBG000CPQZ77,0.018642852,0.009875441,6769904
20140717,15:30:00.000,BBG000BP52R2,0.008188339,-0.015773157,2077173
20140717,15:30:00.000,BBG000J6XT05,-0.017404728,-0.027022207,7383323
20140717,15:30:00.000,BBG000BJDB15,-0.018590206,-0.0066949804,6988062
20140717,15:30:00.000,BBG000LD9JQ8,-0.0072875624,-0.021686556,1659726
20140717,15:30:00.000,BBG000FG3C43,-0.12937029,-0.14538795,24420132
20140717,15:30:00.000,BBG000BC2C10,0.007845617,-0.007308607,2339920
20140717,15:30:00.000,BBG000BGRY34,0.003677716,-0.00586317,1661879
20140717,15:30:00.000,BBG000CTQBF3,-0.0021682165,-0.016512945,2961286
20140717,15:30:00.000,BBG000H8TVT2,0.0011534748,-0.0063172677,3376045
20140717,15:30:00.000,BBG0025Y4RY4,0.009049649,-0.0029822306,15531802
20140717,15:30:00.000,BBG000F1ZSQ2,-0.008149677,-0.02196854,3624542
20140717,15:30:00.000,BBG000CH5208,0.008997657,0.0188686,5462427
20140717,15:30:00.000,BBG000KHWT55,0.00019939031,-0.011775673,7822644
20140717,15:30:00.000,BBG000BFWKC0,0.007068599,-0.002744904,2262398
20140717,15:30:00.000,BBG000BP6LJ8,-0.0022709062,-0.0055006086,4473250
20140717,15:30:00.000,BBG000BW8S60,-0.0008576413,-0.01180638,3613162
20140717,15:30:00.000,BBG000BWLMJ4,-0.003802739,-0.017785612,3178975
20140717,15:30:00.000,BBG000Q2HM09,0.005724994,-0.020074265,2286569
20140717,15:30:00.000,BBG000BW3299,-0.0036676072,-0.009976313,1568475
20140717,15:30:00.000,BBG000BC40Y8,-0.019984066,-0.03550302,4310280
20140717,15:30:00.000,BBG000BBS2Y0,0.0008800214,-0.018392747,1962447
20140717,15:30:00.000,BBG000DWG505,-0.0043019103,-0.010932362,1763110
20140717,15:30:00.000,BBG000BQQ2S6,-0.0029976084,-0.015876643,1974714
20140717,15:30:00.000,BBG000BZ9223,0.007244839,-0.011228545,1767835
20140717,15:30:00.000,BBG000DH7JK6,-0.00018821411,-0.0033165528,1920650
20140717,15:30:00.000,BBG000BHVJJ3,0.004836264,-0.008150003,9032379
20140717,15:30:00.000,BBG000J2XL74,0.0070818034,0.004842635,4225744
20140717,15:30:00.000,BBG000C17X76,0.0139547745,-0.012577255,1274298
20140717,15:30:00.000,BBG000BHBK84,0.0023938285,-0.008644595,2831458
20140717,15:30:00.000,BBG000Q9HH23,0.013044544,-0.0039318865,1224568
20140717,15:30:00.000,BBG000F0PF65,0.028904295,0.026989551,24412416
20140717,15:30:00.000,BBG000BF0K17,-0.0028145178,-0.014002411,2186302
20140717,15:30:00.000,BBG000C15T95,0.002347517,-0.0045503243,4921400
20140717,15:30:00.000,BBG000NDYB67,0.0014610715,-0.0077389963,8499820
20140717,15:30:00.000,BBG000DWYF03,0.0022045798,-0.0039404314,31828536
20140717,15:30:00.000,BBG000C6CFJ5,0.008550662,-0.002669032,3021704
20140717,15:30:00.000,BBG000BKTFN2,-0.0049096304,-0.019133352,4539015
20140717,15:30:00.000,BBG000BBGGQ1,-0.009453333,-0.022570997,5764286
20140717,15:30:00.000,BBG000DLFM21,,,2230928
20140717,15:30:00.000,BBG000BBDZG3,0.00023781737,-0.0036348875,4971645
20140717,15:30:00.000,BBG000DQLV23,0.0017301922,-0.008812286,3908985
20140717,15:30:00.000,BBG000BCSST7,0.00087248423,-0.009223499,4000454
20140717,15:30:00.000,BBG000BQLTW7,-0.00021153232,-0.0062102824,19908820
20140717,15:30:00.000,BBG000BQPC32,0.006597895,0.0011238615,40496856
20140717,15:30:00.000,BBG000BFC8J2,-0.010687069,-0.032831777,3850799
20140717,15:30:00.000,BBG000BQQH30,0.0018808693,-0.012390678,3844099
20140717,15:30:00.000,BBG000BMX289,-0.0002997048,-0.002614223,5632765
20140717,15:30:00.000,BBG000BNSZP1,0.0031391482,-0.0077587776,3037256
20140717,15:30:00.000,BBG005P7Q881,-0.012650819,-0.039682087,10312456
20140717,15:30:00.000,BBG000FH8PX5,,,1346723
20140717,15:30:00.000,BBG000R7Z112,-0.007323582,-0.035115704,13589145
20140717,15:30:00.000,BBG000BH4R78,0.006547045,-0.003281837,5163839
20140717,15:30:00.000,BBG000BKZB36,0.006522372,-0.0008786146,3927725
20140717,15:30:00.000,BBG000BPD168,0.0018376694,-0.006882128,4463099
20140717,15:30:00.000,BBG000BHQ1H0,0.012248491,0.0004218939,970748
20140717,15:30:00.000,BBG000C496P7,,,23393372
20140717,15:30:00.000,BBG000C43RR5,0.022681192,0.01341361,17525646
20140717,15:30:00.000,BBG000BT41Q8,0.007078104,-0.008719562,4219094
20140717,15:30:00.000,BBG000PSKYX7,-0.0020280755,-0.01720992,1689688
20140717,15:30:00.000,BBG000BR2TH3,0.0046597444,-0.0038310965,4234456
20140717,15:30:00.000,BBG000GFFQN9,-0.0012223518,-0.020718662,30506248
20140717,15:30:00.000,BBG000CGC1X8,-0.018137364,-0.01946918,8807261
20140717,15:30:00.000,BBG000BMHYD1,-0.00576748,-0.013995682,7839338
20140717,15:30:00.000,BBG000BFT2L4,-0.011716492,-0.015079372,11453077
20140717,15:30:00.000,BBG000HS77T5,-0.0030563592,-0.01157885,8165488
20140717,15:30:00.000,BBG000K4ND22,0.005745714,-0.0050806385,3243773
20140717,15:30:00.000,BBG000C3J3C9,-0.012672591,-0.012703716,22959360
20140717,15:30:00.000,BBG000BK6MB5,0.0049574776,-0.013705381,28034246
20140717,15:30:00.000,BBG000BWQFY7,0.00823516,-0.008989627,17807548
20140717,15:30:00.000,BBG000BLNNH6,0.0057354975,0.00036351787,5784596
20140717,15:30:00.000,BBG000H6HNW3,-0.0015206715,-0.018169306,18670342
20140717,15:30:00.000,BBG000DMBXR2,0.0028240173,-0.012094369,11013536
20140717,15:30:00.000,BBG000BSJK37,-0.0002451813,-0.009329038,13679169
20140717,15:30:00.000,BBG000FY4S11,0.008061338,-0.0076281154,18681556
20140717,15:30:00.000,BBG000C5Z1S3,-0.021393582,-0.045604866,28769700
20140717,15:30:00.000,BBG000BR2B91,-0.0021986307,-0.010984196,25113894
20140717,15:30:00.000,BBG000N9MNX3,0.015744662,-0.0046271873,3564200
20140717,15:30:00.000,BBG000C0G1D1,-0.009437988,-0.025977746,58991588
20140717,15:30:00.000,BBG002W96FT9,-0.004661954,-0.01782561,1759884
20140717,15:30:00.000,BBG000BLBVN4,-0.0026280354,-0.01838118,750439
20140717,15:30:00.000,BBG000CKGBP2,0.001426492,-0.022071907,12486896
20140717,15:30:00.000,BBG000GZQ728,-0.0017919604,-0.010505877,4900452
20140717,15:30:00.000,BBG000BVPV84,0.010815164,-0.010226803,2796652
20140717,15:30:00.000,BBG000BPH459,0.015630437,0.011573349,65736880
20140717,15:30:00.000,BBG000BCTLF6,-0.00090832234,-0.020638265,77607656
20140717,15:30:00.000,BBG000BHSKN9,-0.002684547,-0.016759368,1840828
20140717,15:30:00.000,BBG000CL9VN6,0.010222356,-0.0087504145,1599725
20140717,15:30:00.000,BBG000MM2P62,0.0054221405,-0.017223094,31197336
20140717,15:30:00.000,BBG000B9XRY4,-0.0057243826,-0.017409345,42998760
20140717,15:45:00.000,BBG000PCQQL6,-0.0036084228,-0.011143923,1535720
20140717,15:45:00.000,BBG000BJP882,-0.010855907,-0.011698269,862504
20140717,15:45:00.000,BBG000BMFFQ0,0.0012170416,-0.0054264474,787834
20140717,15:45:00.000,BBG000K1J931,0.006859702,-0.03534902,2069290
20140717,15:45:00.000,BBG000BQ87N0,-0.0019573213,-0.008355056,551142
20140717,15:45:00.000,BBG000BBCQD7,0.006921473,-0.0011812878,3910940
20140717,15:45:00.000,BBG000BQHGR6,-0.00041784855,-0.013016957,599165
20140717,15:45:00.000,BBG000C75N77,-0.013475272,-0.032425698,1490745
20140717,15:45:00.000,BBG000BJ8YN7,0.004084581,-0.009886281,1992284
20140717,15:45:00.000,BBG000BLXZN1,0.012346986,0.0013125726,2043431
20140717,15:45:00.000,BBG000BV4XJ1,0.014714262,-0.013674567,355254
20140717,15:45:00.000,BBG000QKPTS5,0.013684294,-0.0059087873,965110
20140717,15:45:00.000,BBG000BV75B7,-0.0028605019,-0.016582659,437399
20140717,15:45:00.000,BBG000CB8Q50,-0.0068711536,-0.017064411,606920
20140717,15:45:00.000,BBG000BNPSQ9,-0.0049687875,-0.039634608,1378972
20140717,15:45:00.000,BBG000H4YVR7,-0.02195346,-0.048292927,812455
20140717,15:45:00.000,BBG000JB27Y9,0.005334,-0.004959943,997980
20140717,15:45:00.000,BBG000BVHBM1,0.0051552784,-0.028125975,1586507
20140717,15:45:00.000,BBG000BQSQ38,-0.003006439,-0.014229051,1307119
20140717,15:45:00.000,BBG001XJRMF5,-0.0022798164,-8.687624e-05,1138757
20140717,15:45:00.000,BBG000BNGTQ7,-0.00011071372,-0.00645443,1534880
20140717,15:45:00.000,BBG000B9X8C0,0.0041942736,-0.0042797136,883574
20140717,15:45:00.000,BBG000GPXKX9,-0.009748035,-0.024870142,489068
20140717,15:45:00.000,BBG000BV7LP7,0.0062564327,0.0017318984,1564773
20140717,15:45:00.000,BBG001NY45K9,-0.029810365,-0.05108256,4012919
20140717,15:45:00.000,BBG000L8CBX4,-0.003631918,-0.010580333,195869
20140717,15:45:00.000,BBG000BHCP19,0.010765522,-0.011283002,688366
20140717,15:45:00.000,BBG000JKCWS0,-0.0012833884,-0.009333652,229796
20140717,15:45:00.000,BBG000CPHYL4,-0.007340949,-0.019911274,1338612
20140717,15:45:00.000,BBG000F86GP6,0.0012257369,-0.012417637,420876
20140717,15:45:00.000,BBG000V31J96,-0.0036605208,-0.016787238,2004148
20140717,15:45:00.000,BBG000BWVSR1,-0.0041637234,-0.012095035,648593
20140717,15:45:00.000,BBG000DLVDK3,0.023293734,0.038399015,2121932
20140717,15:45:00.000,BBG003641015,-0.00321054,-0.016356623,934053
20140717,15:45:00.000,BBG000BQD1J2,0.0056527536,-0.0018425997,26625342
20140717,15:45:00.000,BBG000BWXL85,-0.007999468,-0.016777935,812944
20140717,15:45:00.000,BBG001J1QN87,-0.0070026196,-0.03785755,405655
20140717,15:45:00.000,BBG000BFJ645,0.0049849804,-0.009828049,5434768
20140717,15:45:00.000,BBG000BPZBB6,0.002258479,-0.0072342795,685121
20140717,15:45:00.000,BBG000RNTSX0,0.011805467,0.00319229,934171
20140717,15:45:00.000,BBG000C23KJ3,0.003122662,-0.012463196,2582691
20140717,15:45:00.000,BBG000CZWZ05,0.01252234,-0.017475532,1677374
20140717,15:45:00.000,BBG000CR90K4,-0.00012732674,-0.025088098,25843492
20140717,15:45:00.000,BBG000BBL0Y1,-0.0024107413,-0.026291404,1050130
20140717,15:45:00.000,BBG000BKQG80,0.0025248944,-0.011552241,808306
20140717,15:45:00.000,BBG000K14Q84,-0.0038354567,-0.022831684,2969901
20140717,15:45:00.000,BBG000Q0BPZ4,0.0008886348,-0.017418347,983532
20140717,15:45:00.000,BBG000BHB3M6,-0.0058270926,-0.021523159,1385360
20140717,15:45:00.000,BBG000BLMZK6,-0.010897538,-0.026999064,1200626
20140717,15:45:00.000,BBG000QFJ7H3,0.011387729,-0.010648571,1040011
20140717,15:45:00.000,BBG000BLDV98,-0.0038367452,-0.018117493,1314836
20140717,15:45:00.000,BBG000PLXQQ3,0.024927761,0.015611932,5045284
20140717,15:45:00.000,BBG000BGYMH7,0.0073805857,-0.011682894,487070
20140717,15:45:00.000,BBG000H9G7X2,-0.008779386,-0.02362305,1741209
20140717,15:45:00.000,BBG000BRZJR8,0.008220828,-0.025850791,2288357
20140717,15:45:00.000,BBG000BJDPC2,-0.010986778,-0.01790506,916944
20140717,15:45:00.000,BBG000BDY3Y7,-0.016854122,-0.032428935,2148086
20140717,15:45:00.000,BBG000BPNP00,0.012247929,-0.0065465076,1911858
20140717,15:45:00.000,BBG000BBB3K1,0.002352116,-0.0065370644,3129399
20140717,15:45:00.000,BBG000BFV115,-9.3519455e-05,-0.021465879,812933
20140717,15:45:00.000,BBG000CXD6X9,-0.0016784848,-0.010591592,1513146
20140717,15:45:00.000,BBG000QN4GY3,-0.02505828,-0.038046706,1701718
20140717,15:45:00.000,BBG000BWCKB6,-0.010747593,-0.014042272,2094214
20140717,15:45:00.000,BBG000BKXFN7,-0.00082753896,-0.02244314,1443714
20140717,15:45:00.000,BBG000F9KJN4,0.0023391284,-0.013276347,1544927
20140717,15:45:00.000,BBG000BQV1S2,0.008251832,-0.021192925,620607
20140717,15:45:00.000,BBG000BTQR96,-0.00028357288,-0.014665689,1020650
20140717,15:45:00.000,BBG000F6ZWH2,0.002689672,-0.009305278,1360310
20140717,15:45:00.000,BBG000BMZ7P7,0.0071498863,-0.0045384658,1132333
20140717,15:45:00.000,BBG000BB29X4,0.0041444516,-0.0048568402,737513
20140717,15:45:00.000,BBG000BBCDZ2,-0.006804001,-0.02032585,571871
20140717,15:45:00.000,BBG000C6F3T8,0.027669612,0.004727632,22063358
20140717,15:45:00.000,BBG000BFVXX0,0.0035944602,-0.0036409714,1358386
20140717,15:45:00.000,BBG000G6BN50,-0.008231084,-0.023166453,379706
20140717,15:45:00.000,BBG000BRXP69,-0.0013613803,-0.014237254,767703
20140717,15:45:00.000,BBG000BPMH90,0.023369115,0.0043201456,1758466
20140717,15:45:00.000,BBG000D9DMK0,-0.00093352306,-0.009210128,1247976
20140717,15:45:00.000,BBG000D14WM3,0.0002632553,-0.024166657,8847024
20140717,15:45:00.000,BBG000PVRDL2,0.008511176,0.023474906,4106595
20140717,15:45:00.000,BBG000BSC0K9,-0.0012093956,-0.0065981965,892127
20140717,15:45:00.000,BBG000R0L5J4,0.012970968,-0.003112232,1949593
20140717,15:45:00.000,BBG000JH6683,-0.001799048,-0.04603185,1450410
20140717,15:45:00.000,BBG000BG14P4,0.016282512,-0.015939327,1242404
20140717,15:45:00.000,BBG000D9KWL9,0.012095394,-0.004661701,905424
20140717,15:45:00.000,BBG000BKWSR6,-0.017005192,-0.031168157,8713543
20140717,15:45:00.000,BBG000BC9938,0.004023823,-0.01058127,1245762
20140717,15:45:00.000,BBG000BB1TH9,-0.0046533365,-0.017240973,726224
20140717,15:45:00.000,BBG000BJ49H3,-0.0031390474,-0.016266817,1429369
20140717,15:45:00.000,BBG000BFS7D3,0.00197239,-0.0062627546,551490
20140717,15:45:00.000,BBG000BN9WT5,0.00484096,-0.013575222,1057726
20140717,15:45:00.000,BBG000BKR1D6,0.00019746055,-0.012395381,1155675
20140717,15:45:00.000,BBG000BFRF55,0.011350414,-0.014000178,4373688
20140717,15:45:00.000,BBG000BKTT89,0.00013096236,-0.021759318,525672
20140717,15:45:00.000,BBG000BQ8KV2,0.0019689081,-0.015245814,1179277
20140717,15:45:00.000,BBG000BQVWZ6,-0.0036220266,-0.028325051,5991112
20140717,15:45:00.000,BBG000BHKYH4,-0.0013027317,-0.00538136,688486
20140717,15:45:00.000,BBG000BS7KS3,-0.009166558,-0.015323176,685523
20140717,15:45:00.000,BBG000CGT2S4,-0.042228144,-0.063712925,6736128
20140717,15:45:00.000,BBG000F7RCJ1,0.0014995603,-0.013047654,366579
20140717,15:45:00.000,BBG000BMTFR4,0.004783337,-0.0017546837,1868759
20140717,15:45:00.000,BBG000TJM7F0,-0.002601767,-0.006237142,941501
20140717,15:45:00.000,BBG000BMKDM3,0.004695986,-0.000908827,1137341
20140717,15:45:00.000,BBG000FLZN98,0.00018950037,-0.016435798,706503
20140717,15:45:00.000,BBG000BKLH74,-0.000764768,-0.006288644,3634807
20140717,15:45:00.000,BBG000BCTQ65,0.0027863118,-0.0056761573,1769036
20140717,15:45:00.000,BBG000D1QCF1,-0.0035654593,-0.013034952,949171
20140717,15:45:00.000,BBG000BSXQV7,0.051395755,0.042991243,1380826
20140717,15:45:00.000,BBG000BG09F5,-0.01638276,-0.037642524,1280437
20140717,15:45:00.000,BBG000FLPRH1,-0.014863871,-0.030696195,793150
20140717,15:45:00.000,BBG000PV2L86,-0.0031835109,-0.015834244,445717
20140717,15:45:00.000,BBG000BGYWY6,0.00038788552,-0.012116658,494181
20140717,15:45:00.000,BBG000C060M4,-0.0033754923,-0.01710277,356288
20140717,15:45:00.000,BBG000BDXGP9,-0.006492249,-0.01166082,2366783
20140717,15:45:00.000,BBG000BGD7W6,-0.003604601,-0.01715256,1872266
20140717,15:45:00.000,BBG000BP8Z50,-0.002363553,-0.009746967,902111
20140717,15:45:00.000,BBG000HW5GX3,0.0013315422,-0.01763648,1327645
20140717,15:45:00.000,BBG000C4ZZ10,-0.010596446,-0.022113817,363611
20140717,15:45:00.000,BBG000BNNYW1,-0.07193571,-0.076617256,12938832
20140717,15:45:00.000,BBG000BR37X2,-0.0016374179,-0.009822595,2799955
20140717,15:45:00.000,BBG000BLW530,0.0026652142,-0.004107459,1068150
20140717,15:45:00.000,BBG000BF1R66,-0.00047677016,-0.009109027,403401
20140717,15:45:00.000,BBG000BKNX95,-0.0030451494,-0.017861122,2098219
20140717,15:45:00.000,BBG000BWP7D9,0.00442251,-0.0070848595,955661
20140717,15:45:00.000,BBG000BBMSJ6,0.0077360384,-0.012025845,915332
20140717,15:45:00.000,BBG000DN7P92,0.0037750667,-0.0075352904,1409542
20140717,15:45:00.000,BBG000BCZYD3,-0.0009053143,-0.011764082,374837
20140717,15:45:00.000,BBG000CVWGS6,-0.012316606,-0.019987369,4314389
20140717,15:45:00.000,BBG000BLHRS2,0.003141225,-0.0015151019,1198986
20140717,15:45:00.000,BBG000BY2Y78,-0.00075449963,-0.015172276,935266
20140717,15:45:00.000,BBG000BK6G19,0.041128665,0.018046824,4870358
20140717,15:45:00.000,BBG002S5ZRF9,0.015959289,-0.0077420278,599297
20140717,15:45:00.000,BBG000BNC3Y9,0.0013118539,-0.01770287,972555
20140717,15:45:00.000,BBG000BTCH57,-0.00024167147,-0.01564502,1032867
20140717,15:45:00.000,BBG000BB03M1,0.0006256321,-0.013143128,1575471
20140717,15:45:00.000,BBG000BN84F3,-0.0043763854,-0.012681971,1098787
20140717,15:45:00.000,BBG000BB5BF6,0.0060560335,-0.009148212,1923201
20140717,15:45:00.000,BBG000FDBX90,0.0053741173,-0.0036092978,2829873
20140717,15:45:00.000,BBG000RGM5P1,0.01693445,0.0023822947,1435586
20140717,15:45:00.000,BBG000BB5373,-0.00083166343,-0.015371523,3883726
20140717,15:45:00.000,BBG000BFDLV8,0.0021787595,-0.011380587,1644738
20140717,15:45:00.000,BBG000BGRKT6,0.0021441472,-0.0053569577,420925
20140717,15:45:00.000,BBG000BTVJ25,-0.008702331,-0.01564376,1745377
20140717,15:45:00.000,BBG000BVMPN3,-0.008761643,-0.020757388,1542375
20140717,15:45:00.000,BBG000C2ZCH8,0.0047924956,-0.0053812535,719393
20140717,15:45:00.000,BBG0014GJCT9,0.006407574,-0.008313703,1291528
20140717,15:45:00.000,BBG000C11MQ5,-0.0013662288,-0.028512262,813742
20140717,15:45:00.000,BBG003P9ZSL3,0.007272585,0.004782415,808093
20140717,15:45:00.000,BBG000BX5ZF5,0.011326222,-0.0038922688,6522415
20140717,15:45:00.000,BBG000C2V3D6,-0.012149354,-0.030720724,3850194
20140717,15:45:00.000,BBG000BQVTF5,0.0016578013,-0.012765587,835031
20140717,15:45:00.000,BBG000D2M0Z7,-0.0041066427,-0.013597961,518980
20140717,15:45:00.000,BBG000CHPY97,-0.011198537,-0.030943785,4039269
20140717,15:45:00.000,BBG000N746D6,0.0015963016,-0.021311993,2747187
20140717,15:45:00.000,BBG000M1R011,0.023732621,0.004261743,1962467
20140717,15:45:00.000,BBG000BHLYP4,0.012703363,0.0002748026,960577
20140717,15:45:00.000,BBG000BB6G37,0.0055759465,-0.01257546,867552
20140717,15:45:00.000,BBG000BR14K5,-0.0025298498,-0.012089426,637059
20140717,15:45:00.000,BBG000PX3XC0,-0.0058869324,-0.028875548,2587751
20140717,15:45:00.000,BBG000J1QLT0,-0.0063849,-0.011864435,835120
20140717,15:45:00.000,BBG0039320N9,-0.007828358,-0.013490505,1802918
20140717,15:45:00.000,BBG000BC4JJ4,-0.002702756,-0.008666964,799768
20140717,15:45:00.000,BBG000BM7HL0,0.0086936345,-0.0025262844,1610486
20140717,15:45:00.000,BBG000BP1Q11,-0.0073293615,-0.015794372,611238
20140717,15:45:00.000,BBG000BF6LY3,-0.0040455926,-0.020143822,1942046
20140717,15:45:00.000,BBG000BF5RY1,0.0053466107,-0.0006238937,2140388
20140717,15:45:00.000,BBG000BFTJ91,-0.0090229465,-0.013896906,1539318
20140717,15:45:00.000,BBG000BR54L0,0.0077011175,-0.026546448,4834641
20140717,15:45:00.000,BBG000J5Q6L2,0.008549774,-0.012282207,3594426
20140717,15:45:00.000,BBG000BCWCG1,-0.021264397,-0.038781125,3154991
20140717,15:45:00.000,BBG000TWC2V5,-0.0034266778,-0.0117749255,568823
20140717,15:45:00.000,BBG000BCYP43,-0.007658854,-0.017984198,566131
20140717,15:45:00.000,BBG000C221G9,-0.0063745156,-0.023622869,1406611
20140717,15:45:00.000,BBG000BZTW70,0.012424196,-0.009632607,3423890
20140717,15:45:00.000,BBG000BKZTP3,-0.0023820864,-0.01215532,1325640
20140717,15:45:00.000,BBG000R8ZVD1,0.006367773,-0.006560707,2156313
20140717,15:45:00.000,BBG000CKVSG8,-0.020881262,-0.040126488,2592945
20140717,15:45:00.000,BBG000DNTSP4,0.00415415,-0.00702786,2177930
20140717,15:45:00.000,BBG000BP4MH0,0.004242637,-0.0069172853,1186441
20140717,15:45:00.000,BBG000BR3KL6,-0.0044525485,-0.02222998,620893
20140717,15:45:00.000,BBG000BJQWD2,0.004769778,-0.013878669,1069611
20140717,15:45:00.000,BBG000G0Z878,-0.004688547,-0.019750617,2113451
20140717,15:45:00.000,BBG000D7RKJ5,0.0047555245,-0.00396162,1503478
20140717,15:45:00.000,BBG000G9CGL0,-0.004736015,-0.024013883,657898
20140717,15:45:00.000,BBG000DTMH63,0.0014325441,-0.014517265,2722291
20140717,15:45:00.000,BBG0029BK2G7,-0.008146768,-0.024920294,1094986
20140717,15:45:00.000,BBG000G3QLY3,0.0009059232,-0.013666566,474048
20140717,15:45:00.000,BBG000BP0KQ8,0.008034298,-0.002693436,3021030
20140717,15:45:00.000,BBG001NVJ6W4,-0.03130831,-0.05715165,5818990
20140717,15:45:00.000,BBG000BSBZH7,0.003732677,0.0009659472,3657723
20140717,15:45:00.000,BBG000BHGCD1,-0.0010646072,-0.026004622,626649
20140717,15:45:00.000,BBG000BL9JQ1,-0.003827704,-0.014484443,1311050
20140717,15:45:00.000,BBG000BH5DV1,-0.00426505,-0.008830439,912996
20140717,15:45:00.000,BBG000QW7VC1,0.00392466,-0.0077050165,6183633
20140717,15:45:00.000,BBG000DQTXY6,-0.0073895156,-0.042112667,4739482
20140717,15:45:00.000,BBG000QY3XZ2,-0.005376811,-0.026899166,1429342
20140717,15:45:00.000,BBG000BBBNC6,0.01335309,0.0011091463,1636377
20140717,15:45:00.000,BBG000F15NW9,-0.0006593603,-0.013005717,1570256
20140717,15:45:00.000,BBG000BNNKG9,-0.0026062373,-0.021072464,2728154
20140717,15:45:00.000,BBG000BFXHL6,-0.0015751102,-0.004603144,1768750
20140717,15:45:00.000,BBG000BRRG02,0.0048695547,0.00031739534,876200
20140717,15:45:00.000,BBG000BHLYS1,0.004652472,-0.006000326,1162494
20140717,15:45:00.000,BBG000CGQ6M4,-0.013332256,-0.014269819,632893
20140717,15:45:00.000,BBG000C1S2X2,0.0022025097,-0.024479521,1281487
20140717,15:45:00.000,BBG000C7LMS8,-0.0050021913,-0.014028357,105872
20140717,15:45:00.000,BBG000MDCQC2,0.0039131967,-0.0058924174,957154
20140717,15:45:00.000,BBG000JG0547,0.0050615156,-0.0069579096,750648
20140717,15:45:00.000,BBG000CJZ2W6,0.015882155,-0.006521694,1384748
20140717,15:45:00.000,BBG0020B4JG7,0.0020213833,-0.020387385,2753381
20140717,15:45:00.000,BBG000BNFLM9,-0.0010913702,-0.008502258,1142001
20140717,15:45:00.000,BBG000BCBCM7,0.0017844703,-0.015185081,4252405
20140717,15:45:00.000,BBG000CS7CT9,0.011861864,-0.00019375315,1930132
20140717,15:45:00.000,BBG000MZFMS2,0.0009294599,-0.017565703,919499
20140717,15:45:00.000,BBG000BKQ3V3,0.0012957315,-0.015727444,1953264
20140717,15:45:00.000,BBG000BLCPY4,-0.0027668956,-0.023316877,593158
20140717,15:45:00.000,BBG000BC15S7,0.00767211,-0.0050230823,787554
20140717,15:45:00.000,BBG000FKJRC5,0.0012235419,-0.008916832,842232
20140717,15:45:00.000,BBG000BRJ809,0.012107314,0.008899141,786446
20140717,15:45:00.000,BBG000C2PW58,-0.009599022,-0.023898194,602270
20140717,15:45:00.000,BBG000BCVMH9,0.027083628,0.019661788,1621730
20140717,15:45:00.000,BBG000BQ2C28,0.007167896,-0.0046319263,644985
20140717,15:45:00.000,BBG000BBJQV0,0.01870667,-0.0046505085,5090883
20140717,15:45:00.000,BBG000G2R6M0,0.014194772,0.026282284,4743338
20140717,15:45:00.000,BBG000BTKGG8,-0.014072056,-0.033460792,3386289
20140717,15:45:00.000,BBG000BMQPL1,-0.029186014,-0.04511863,16327945
20140717,15:45:00.000,BBG000BMF5J0,0.005998121,-0.018401792,7513321
20140717,15:45:00.000,BBG000BB6WG8,0.0003193508,-0.009002516,1994551
20140717,15:45:00.000,BBG000BM6788,-0.0031166342,-0.022558533,1566170
20140717,15:45:00.000,BBG000FVXD63,-0.023206737,-0.04224071,2871969
20140717,15:45:00.000,BBG000C3HSR0,0.018378709,-0.003969017,2346323
20140717,15:45:00.000,BBG000BN5HF7,-0.013500976,-0.034647502,1818581
20140717,15:45:00.000,BBG001QD41M9,0.00059340725,-0.01375645,1420847
20140717,15:45:00.000,BBG000CXYSZ6,0.0058908626,-0.0031450305,627622
20140717,15:45:00.000,BBG000BVMGF2,0.0061977287,-0.0051575834,1565842
20140717,15:45:00.000,BBG0019JZ882,0.010566691,-0.002979831,8674511
20140717,15:45:00.000,BBG000BKPL53,-0.009446793,-0.020439385,646454
20140717,15:45:00.000,BBG000PYZSR8,-0.00629454,-0.0077754552,1274682
20140717,15:45:00.000,BBG000F0KF42,-0.015015112,-0.031318538,2882740
20140717,15:45:00.000,BBG000FW00S1,-0.020388197,-0.03636321,6138440
20140717,15:45:00.000,BBG000BYYLS8,-0.021646265,-0.035592303,4871600
20140717,15:45:00.000,BBG000BB6M98,-0.010371558,-0.01644684,2007706
20140717,15:45:00.000,BBG000D8RG11,-0.017106606,-0.03375367,5902826
20140717,15:45:00.000,BBG000CHWP52,0.01673227,0.014130477,3119310
20140717,15:45:00.000,BBG000D6L294,-0.0019052662,-0.025352614,900271
20140717,15:45:00.000,BBG000C3Y7J6,0.0045698555,-0.0048375824,830948
20140717,15:45:00.000,BBG000BM5SR2,-0.002276662,-0.01357668,4060059
20140717,15:45:00.000,BBG000BS0ZF1,-0.0026416024,-0.0065175192,439805
20140717,15:45:00.000,BBG000C0F570,0.0012705448,-0.016939795,1645570
20140717,15:45:00.000,BBG000C90DH9,-0.010527919,-0.013481915,6241852
20140717,15:45:00.000,BBG000BVWLJ6,-0.0045497925,-0.016837345,1862146
20140717,15:45:00.000,BBG000BRK7L6,0.0029908735,-0.012252345,2349604
20140717,15:45:00.000,BBG000BZ2GG4,0.0047456874,-0.007256016,1192369
20140717,15:45:00.000,BBG000BVL2G3,0.00090100535,-0.018788744,1002170
20140717,15:45:00.000,BBG000C2YHG9,-0.006006599,-0.011680556,1133704
20140717,15:45:00.000,BBG001BPFT54,0.014384027,-0.020740531,2338075
20140717,15:45:00.000,BBG000BH2JM1,0.0101534985,0.0074238307,3911619
20140717,15:45:00.000,BBG000BPVCR1,0.0108821085,-0.0021114848,829794
20140717,15:45:00.000,BBG002BHBHM1,0.006715787,-0.009650807,1430712
20140717,15:45:00.000,BBG000Q3JN03,-0.018781502,-0.03952928,19598044
20140717,15:45:00.000,BBG000BPT0C6,-0.011684459,-0.03106386,1820041
20140717,15:45:00.000,BBG000BQWPC5,-0.0015641595,-0.013266848,1681043
20140717,15:45:00.000,BBG000BQ5DS5,-0.00018215069,-0.008217469,1145604
20140717,15:45:00.000,BBG000DY8ZS4,0.0043917145,-0.012234428,6971970
20140717,15:45:00.000,BBG000R8L7J3,-0.015355919,-0.043113377,9699269
20140717,15:45:00.000,BBG000BS9489,-0.0042776912,-0.00588402,1517900
20140717,15:45:00.000,BBG000D898T9,0.008556268,-0.0060572154,1265324
20140717,15:45:00.000,BBG000BFL116,-0.00015822945,-0.032385025,2190521
20140717,15:45:00.000,BBG001YMS0B8,-0.006986824,-0.013503402,1366132
20140717,15:45:00.000,BBG000QBR5J5,0.010455187,0.0006255223,3114787
20140717,15:45:00.000,BBG000BHC2S1,-0.00549501,-0.014423599,1217012
20140717,15:45:00.000,BBG000BX3TD3,0.012767691,-0.011171353,4918499
20140717,15:45:00.000,BBG000C1FQS9,-0.013631392,-0.022067219,1275978
20140717,15:45:00.000,BBG000BLKK03,0.013904838,0.028017627,1580284
20140717,15:45:00.000,BBG000BKCFC2,0.0020236669,-0.004143426,2177600
20140717,15:45:00.000,BBG000C4DPX1,-0.0018298833,-0.02593556,1491621
20140717,15:45:00.000,BBG000BHZ5J9,-0.025973342,-0.040741734,2184689
20140717,15:45:00.000,BBG000KLB4Q1,-0.009052407,-0.03159938,4743811
20140717,15:45:00.000,BBG000BMBL90,-0.0076506855,-0.01727038,1661851
20140717,15:45:00.000,BBG000C2BXK4,0.008475597,-0.01173923,6063731
20140717,15:45:00.000,BBG000H0QBS7,0.004126166,-0.0058466215,3588571
20140717,15:45:00.000,BBG000BQZMH4,-0.004507311,-0.015406737,2987315
20140717,15:45:00.000,BBG000BLBXT4,-0.0050685233,-0.018681945,1775510
20140717,15:45:00.000,BBG000BJ2VQ6,0.0037075807,-0.014412461,1564875
20140717,15:45:00.000,BBG000BMY992,0.0055006426,-0.0020270147,1736546
20140717,15:45:00.000,BBG000BXM6V2,0.009495713,-0.0082825655,1494451
20140717,15:45:00.000,BBG000BWSV34,-0.0005603184,-0.013477999,805096
20140717,15:45:00.000,BBG000BKFBD7,0.006052453,-0.0062668673,2189154
20140717,15:45:00.000,BBG000FP1N32,0.01104237,-0.0029965644,3091497
20140717,15:45:00.000,BBG000BT4T69,0.013861948,-0.00063708995,1869097
20140717,15:45:00.000,BBG000BFMBQ6,-0.011224177,0.004524204,2792178
20140717,15:45:00.000,BBG000C0HQ54,0.0013550317,-0.013780038,1022143
20140717,15:45:00.000,BBG000C0LW92,-0.01829216,-0.031869512,6689475
20140717,15:45:00.000,BBG000BVPPM1,-0.007312489,-0.018488979,1523658
20140717,15:45:00.000,BBG000BMW2Z0,-0.0052527436,-0.013351032,1014734
20140717,15:45:00.000,BBG000BPWXK1,-0.0012511373,0.010712321,5143948
20140717,15:45:00.000,BBG000GC80B4,-0.0071189054,-0.020074412,7457448
20140717,15:45:00.000,BBG000BXWBN9,0.008520586,0.00046537505,3073784
20140717,15:45:00.000,BBG000BY33P5,0.0074184337,0.0025160683,6779112
20140717,15:45:00.000,BBG000R7RDB4,0.0016335454,-0.019381246,778598
20140717,15:45:00.000,BBG000MBDGM6,0.0022413214,-0.00938265,230870
20140717,15:45:00.000,BBG000BGLRN3,-0.0010525874,-0.009430426,1346427
20140717,15:45:00.000,BBG000BWJFZ4,0.02559823,0.025400417,1306666
20140717,15:45:00.000,BBG000BGVW60,0.0026520537,-0.008026661,1127320
20140717,15:45:00.000,BBG000BNJHS8,0.006149504,-0.018905187,3968426
20140717,15:45:00.000,BBG000DKCC19,0.0029123235,-0.0056069097,1496334
20140717,15:45:00.000,BBG000BXMFC3,0.03471427,0.0120974295,2910770
20140717,15:45:00.000,BBG000BSD7C2,0.0056445003,-0.004280397,801443
20140717,15:45:00.000,BBG000BSLZY7,-0.0001427293,-0.019226095,5751190
20140717,15:45:00.000,BBG000BMDV41,0.0061674854,-0.0107157165,3408001
20140717,15:45:00.000,BBG001C7TST4,-0.0016408003,-0.020842161,1582531
20140717,15:45:00.000,BBG000BRJL00,0.0014592552,-0.009211529,1963535
20140717,15:45:00.000,BBG000BRD0D8,-0.0033977607,-0.02277607,3442998
20140717,15:45:00.000,BBG000BND699,-0.005751488,-0.033714037,2352222
20140717,15:45:00.000,BBG000BB9KF2,-0.004281267,-0.012728702,1538871
20140717,15:45:00.000,BBG000C1BW00,0.012291659,-0.0024443918,913924
20140717,15:45:00.000,BBG000BTZQC4,0.0011955182,0.0008375396,3142061
20140717,15:45:00.000,BBG000BWNFZ9,-0.017032793,-0.032748334,2629249
20140717,15:45:00.000,BBG000BJ98Z0,0.0044284733,-0.013282173,955944
20140717,15:45:00.000,BBG000CNFQW6,-0.009644663,-0.023627458,1049112
20140717,15:45:00.000,BBG000BGPTV6,-0.0024616623,-0.01786596,806694
20140717,15:45:00.000,BBG000BB07P9,0.0041114027,0.014290738,10330147
20140717,15:45:00.000,BBG000C1FB75,0.02215311,0.011993809,1015599
20140717,15:45:00.000,BBG001M8HHB7,0.017066821,-0.010593307,1256483
20140717,15:45:00.000,BBG000DHSPT0,0.0034082986,0.0014313805,2989872
20140717,15:45:00.000,BBG000FQ6PY6,0.0074810633,-3.2727078e-07,1797485
20140717,15:45:00.000,BBG000BBDV81,-0.00047335358,-0.015787587,2906463
20140717,15:45:00.000,BBG000VC0T95,-0.008385307,-0.027257742,1623312
20140717,15:45:00.000,BBG000BKFZM4,0.001587416,-0.015126616,4065852
20140717,15:45:00.000,BBG000D13GN8,-0.015715694,-0.044411696,1153960
20140717,15:45:00.000,BBG000C0MF34,-0.009989947,-0.01137038,479922
20140717,15:45:00.000,BBG000BFNR17,0.018761422,-0.00034513843,1040483
20140717,15:45:00.000,BBG000BK67C7,0.0012885188,-0.0112354,581459
20140717,15:45:00.000,BBG000FJLFX8,0.0042983936,0.016799795,3053768
20140717,15:45:00.000,BBG000BH5LT6,-0.0051946915,-0.025418364,5199504
20140717,15:45:00.000,BBG000BD8PN9,0.006960945,-0.005510773,4250210
20140717,15:45:00.000,BBG000BH3GZ2,-0.052273326,-0.06850893,11104949
20140717,15:45:00.000,BBG000BB5006,-0.0011468248,-0.013955068,1547913
20140717,15:45:00.000,BBG000BTR593,-0.03514686,-0.048173755,6228972
20140717,15:45:00.000,BBG000BRWGG9,0.00018135218,-0.014115235,25273520
20140717,15:45:00.000,BBG000BJ3PD2,-0.0029335744,-0.01560827,1449749
20140717,15:45:00.000,BBG000CSY9H9,0.012181247,0.0016424829,3402700
20140717,15:45:00.000,BBG000FNRZ69,-0.011646125,-0.026375415,5253822
20140717,15:45:00.000,BBG000C734W3,-0.0042638103,-0.033191733,651048
20140717,15:45:00.000,BBG000BCGY17,0.0073361658,-0.0024158393,3785505
20140717,15:45:00.000,BBG000BCVJ77,0.0040889746,-0.0032637892,2144347
20140717,15:45:00.000,BBG000C46HM9,0.00036483014,-0.0087593105,2164912
20140717,15:45:00.000,BBG000BJPDZ1,0.01748416,0.0028008972,422571
20140717,15:45:00.000,BBG000BJL3N0,-0.046490278,-0.061732385,21199972
20140717,15:45:00.000,BBG000BGJRC8,-0.004210845,-0.012510261,5030056
20140717,15:45:00.000,BBG000BBD070,0.0057177474,-0.007911754,1989191
20140717,15:45:00.000,BBG000BFQYY3,-0.0011021555,-0.010656951,1837772
20140717,15:45:00.000,BBG000BPQD31,0.0031982574,-0.010075339,3736394
20140717,15:45:00.000,BBG000BJ81C1,0.00018132225,-0.009570691,814689
20140717,15:45:00.000,BBG000B9WH86,0.0078330375,-0.016882047,19209540
20140717,15:45:00.000,BBG000D42FJ0,0.023034997,-0.005342172,1568783
20140717,15:45:00.000,BBG000BHX7N2,-0.0012695296,-0.013976872,2725332
20140717,15:45:00.000,BBG000BH3JF8,-0.032610256,-0.05563388,8463273
20140717,15:45:00.000,BBG000JWD753,0.0010144182,-0.019340843,8811398
20140717,15:45:00.000,BBG000BHGDH5,0.006923615,-0.0012422382,2042319
20140717,15:45:00.000,BBG0014GG205,9.6716e-05,-0.031386007,4782020
20140717,15:45:00.000,BBG000G30YX4,0.0046492293,-0.027020715,1322810
20140717,15:45:00.000,BBG000BCG930,-0.0058795856,0.00904748,3318118
20140717,15:45:00.000,BBG000BWVCP8,-0.0003994332,-0.014730176,2962144
20140717,15:45:00.000,BBG000C3GN47,-0.019191194,-0.036038436,6164277
20140717,15:45:00.000,BBG000BT9DW0,0.0046054716,-0.005360146,3225428
20140717,15:45:00.000,BBG000BV8DN6,-0.0004283522,-0.0066553173,4820561
20140717,15:45:00.000,BBG0029SNR63,0.012294187,0.0049319784,5440662
20140717,15:45:00.000,BBG000HCJMF9,0.0006830963,-0.017447585,1425846
20140717,15:45:00.000,BBG000D9D830,0.003972917,-0.0060216156,1665428
20140717,15:45:00.000,BBG000F6H8W8,-0.004485918,-0.009843597,1089410
20140717,15:45:00.000,BBG000B9ZXB4,0.030224709,0.019491,10978095
20140717,15:45:00.000,BBG000BVDLH9,0.015945444,-0.0015098935,2370682
20140717,15:45:00.000,BBG000BBVJZ8,-0.008962896,-0.028371131,3241643
20140717,15:45:00.000,BBG000BWXBC2,0.0027600182,-0.0026666499,3295024
20140717,15:45:00.000,BBG000WCFV84,0.0029536958,0.0007037801,1909033
20140717,15:45:00.000,BBG000BFDXW1,0.006773257,-0.015374449,3299661
20140717,15:45:00.000,BBG000DYGNW7,0.012073426,-0.0011148904,894128
20140717,15:45:00.000,BBG000BNBDC2,-0.00064397353,-0.009394237,2409395
20140717,15:45:00.000,BBG000BJSBJ0,0.00022054218,-0.010588514,1084634
20140717,15:45:00.000,BBG000BJF1Z8,-0.0011972744,-0.01584044,1576882
20140717,15:45:00.000,BBG000BY29C7,0.011819717,0.008587065,4551270
20140717,15:45:00.000,BBG000BH13K9,0.002371014,-0.0015374218,3460397
20140717,15:45:00.000,BBG000BH1NH9,-0.010866131,-0.021242037,3464400
20140717,15:45:00.000,BBG000BLZRJ2,0.005303216,-0.010770583,14711620
20140717,15:45:00.000,BBG000BVV7G1,0.001857483,-0.018961685,4022476
20140717,15:45:00.000,BBG000BL4504,-0.017453268,-0.037721816,6880502
20140717,15:45:00.000,BBG000BB6KF5,-0.00037497102,-0.01939116,4315488
20140717,15:45:00.000,BBG000DSMS70,0.0013794269,-0.03247067,885335
20140717,15:45:00.000,BBG000C8H633,0.00044489358,-0.017886443,3096935
20140717,15:45:00.000,BBG001DCCGR8,-0.005694501,-0.022186887,2296390
20140717,15:45:00.000,BBG000QX74T1,0.0044512823,-0.017391073,344132
20140717,15:45:00.000,BBG000M65M61,-0.007091937,-0.035862293,7148551
20140717,15:45:00.000,BBG000F80SZ5,0.007716331,-0.022605801,13512777
20140717,15:45:00.000,BBG000C5HS04,0.0029593236,-0.0055270535,3199111
20140717,15:45:00.000,BBG000H556T9,-0.00093304523,-0.011515389,3149975
20140717,15:45:00.000,BBG000NV1KK7,-0.013355114,-0.021237224,4215214
20140717,15:45:00.000,BBG000L9CV04,-0.0040658535,-0.018177615,2215744
20140717,15:45:00.000,BBG000BXRPH1,0.010010733,-0.015287945,713996
20140717,15:45:00.000,BBG000BNDN65,0.0027338387,-0.008601647,4094853
20140717,15:45:00.000,BBG000BGKTF9,-0.012233812,-0.02234325,3352248
20140717,15:45:00.000,BBG00286S4N9,-0.0048831827,-0.01792962,1843844
20140717,15:45:00.000,BBG000H89QJ6,-0.014598291,-0.017146142,1463728
20140717,15:45:00.000,BBG000BNWG87,-0.010229425,-0.021771902,7958480
20140717,15:45:00.000,BBG000BJX8C8,0.0016855584,-0.009665845,2300292
20140717,15:45:00.000,BBG000BD4VG8,-0.005888183,-0.022179361,3867627
20140717,15:45:00.000,BBG000D4LWF6,0.0037867397,-0.0041958033,5090813
20140717,15:45:00.000,BBG000FL1TC8,-0.008256127,-0.008635812,1985781
20140717,15:45:00.000,BBG000FFDM15,-0.008529086,-0.021869697,9887048
20140717,15:45:00.000,BBG000BBPFB9,0.00499759,-0.0048155966,9810788
20140717,15:45:00.000,BBG000BN2DC2,-0.011456099,-0.025952019,3773478
20140717,15:45:00.000,BBG000BCQZS4,-0.003080351,-0.015667642,2337898
20140717,15:45:00.000,BBG000CPQZ77,0.01774946,0.0065836282,7216657
20140717,15:45:00.000,BBG000BP52R2,0.00798929,-0.017928757,2289182
20140717,15:45:00.000,BBG000J6XT05,-0.016161965,-0.0282367,7898329
20140717,15:45:00.000,BBG000BJDB15,-0.01796798,-0.008497633,7680317
20140717,15:45:00.000,BBG000LD9JQ8,-0.0069957874,-0.024875768,1799096
20140717,15:45:00.000,BBG000FG3C43,-0.12236688,-0.14061132,25207566
20140717,15:45:00.000,BBG000BC2C10,0.008380113,-0.009761515,2512611
20140717,15:45:00.000,BBG000BGRY34,0.003037495,-0.0072964435,1887559
20140717,15:45:00.000,BBG000CTQBF3,-0.0031641996,-0.019434584,3294651
20140717,15:45:00.000,BBG000H8TVT2,0.00032491397,-0.007979853,3648632
20140717,15:45:00.000,BBG0025Y4RY4,0.0075571076,-0.0063376594,16042332
20140717,15:45:00.000,BBG000F1ZSQ2,-0.008244904,-0.024969988,3996388
20140717,15:45:00.000,BBG000CH5208,0.0071299374,0.014808143,5776484
20140717,15:45:00.000,BBG000KHWT55,0.0016240947,-0.012924582,8564696
20140717,15:45:00.000,BBG000BFWKC0,0.0059838053,-0.0054077,2421281
20140717,15:45:00.000,BBG000BP6LJ8,-0.001391559,-0.0059787002,5015808
20140717,15:45:00.000,BBG000BW8S60,0.00031144315,-0.0118936235,3939994
20140717,15:45:00.000,BBG000BWLMJ4,-0.004396708,-0.020376375,3773920
20140717,15:45:00.000,BBG000Q2HM09,0.0055048983,-0.025000531,2453177
20140717,15:45:00.000,BBG000BW3299,-0.00329805,-0.01140158,1707708
20140717,15:45:00.000,BBG000BC40Y8,-0.02101919,-0.039813135,4609449
20140717,15:45:00.000,BBG000BBS2Y0,0.0012471539,-0.020006808,2116557
20140717,15:45:00.000,BBG000DWG505,-0.0036335795,-0.01183024,1943026
20140717,15:45:00.000,BBG000BQQ2S6,-0.0024370695,-0.017645998,2193851
20140717,15:45:00.000,BBG000BZ9223,0.00736098,-0.014131985,1899358
20140717,15:45:00.000,BBG000DH7JK6,0.0011137362,-0.0039246515,2123498
20140717,15:45:00.000,BBG000BHVJJ3,0.004604933,-0.010372691,9810293
20140717,15:45:00.000,BBG000J2XL74,0.005750497,0.0013582484,4632239
20140717,15:45:00.000,BBG000C17X76,0.014524282,-0.0150468955,1405312
20140717,15:45:00.000,BBG000BHBK84,0.00471844,-0.008452653,3317299
20140717,15:45:00.000,BBG000Q9HH23,0.013710838,-0.007165821,1305205
20140717,15:45:00.000,BBG000F0PF65,0.031765375,0.02801356,25298996
20140717,15:45:00.000,BBG000BF0K17,-0.001966621,-0.015176818,2417427
20140717,15:45:00.000,BBG000C15T95,0.0026639048,-0.0060668727,5352972
20140717,15:45:00.000,BBG000NDYB67,0.0012939693,-0.011741749,9235453
20140717,15:45:00.000,BBG000DWYF03,0.0032021373,-0.005152559,33573064
20140717,15:45:00.000,BBG000C6CFJ5,0.00892877,-0.0040769223,3270418
20140717,15:45:00.000,BBG000BKTFN2,-0.004438955,-0.021081481,4918778
20140717,15:45:00.000,BBG000BBGGQ1,-0.009127328,-0.02496778,6217845
20140717,15:45:00.000,BBG000DLFM21,,,2320502
20140717,15:45:00.000,BBG000BBDZG3,0.0005824424,-0.006360432,5543156
20140717,15:45:00.000,BBG000DQLV23,0.0013350327,-0.010861375,4311866
20140717,15:45:00.000,BBG000BCSST7,0.00091002684,-0.010832922,4400615
20140717,15:45:00.000,BBG000BQLTW7,-0.00033013106,-0.00844592,20802628
20140717,15:45:00.000,BBG000BQPC32,0.004333869,-0.0039365795,42656632
20140717,15:45:00.000,BBG000BFC8J2,-0.010193868,-0.034865685,4264880
20140717,15:45:00.000,BBG000BQQH30,0.0013090816,-0.015473751,4130070
20140717,15:45:00.000,BBG000BMX289,0.0015391441,-0.0028520543,6402566
20140717,15:45:00.000,BBG000BNSZP1,0.0042816787,-0.008262676,3317273
20140717,15:45:00.000,BBG005P7Q881,-0.012345148,-0.039221976,11057158
20140717,15:45:00.000,BBG000FH8PX5,,,1485364
20140717,15:45:00.000,BBG000R7Z112,-0.007168392,-0.03564361,14397250
20140717,15:45:00.000,BBG000BH4R78,0.006709371,-0.0048051933,5769049
20140717,15:45:00.000,BBG000BKZB36,0.007564361,-0.0015061017,4451456
20140717,15:45:00.000,BBG000BPD168,0.0026182083,-0.007570185,4984940
20140717,15:45:00.000,BBG000BHQ1H0,0.011862658,-0.0020811886,1094579
20140717,15:45:00.000,BBG000C496P7,,,24260156
20140717,15:45:00.000,BBG000C43RR5,0.016141484,0.0041424707,18829848
20140717,15:45:00.000,BBG000BT41Q8,0.008082431,-0.01044608,4506355
20140717,15:45:00.000,BBG000PSKYX7,-0.0027339396,-0.020243041,1824987
20140717,15:45:00.000,BBG000BR2TH3,0.0042007845,-0.0054375404,4606428
20140717,15:45:00.000,BBG000GFFQN9,0.0013167636,-0.021310445,32663628
20140717,15:45:00.000,BBG000CGC1X8,-0.017340751,-0.020850675,9797773
20140717,15:45:00.000,BBG000BMHYD1,-0.0051528565,-0.014876628,8623956
20140717,15:45:00.000,BBG000BFT2L4,-0.011502598,-0.016351085,12416210
20140717,15:45:00.000,BBG000HS77T5,-0.0026143012,-0.013148796,8832097
20140717,15:45:00.000,BBG000K4ND22,0.007022863,-0.0064561362,3610444
20140717,15:45:00.000,BBG000C3J3C9,-0.012076946,-0.014628564,24852504
20140717,15:45:00.000,BBG000BK6MB5,0.0059503512,-0.014075829,30283294
20140717,15:45:00.000,BBG000BWQFY7,0.010005129,-0.009576188,19705600
20140717,15:45:00.000,BBG000BLNNH6,0.0073681045,7.773922e-05,6232042
20140717,15:45:00.000,BBG000H6HNW3,-0.0026150818,-0.02271179,19394244
20140717,15:45:00.000,BBG000DMBXR2,0.0019763962,-0.015160537,12146767
20140717,15:45:00.000,BBG000BSJK37,-0.001061423,-0.012347207,15357522
20140717,15:45:00.000,BBG000FY4S11,0.0072783986,-0.011241533,20495144
20140717,15:45:00.000,BBG000C5Z1S3,-0.019226296,-0.04704804,30699416
20140717,15:45:00.000,BBG000BR2B91,-0.0017821372,-0.012276304,26474130
20140717,15:45:00.000,BBG000N9MNX3,0.009871892,-0.01546938,4055154
20140717,15:45:00.000,BBG000C0G1D1,-0.008925607,-0.027709626,60922080
20140717,15:45:00.000,BBG002W96FT9,-0.0062231966,-0.022056894,1955730
20140717,15:45:00.000,BBG000BLBVN4,-0.001791958,-0.020702291,798182
20140717,15:45:00.000,BBG000CKGBP2,0.0022327988,-0.023968745,13215631
20140717,15:45:00.000,BBG000GZQ728,-0.0017029778,-0.012722737,5507536
20140717,15:45:00.000,BBG000BVPV84,0.011816022,-0.012109132,2953822
20140717,15:45:00.000,BBG000BPH459,0.012169369,0.0063537625,67921872
20140717,15:45:00.000,BBG000BCTLF6,-0.00011286188,-0.022573145,83693264
20140717,15:45:00.000,BBG000BHSKN9,-0.004163016,-0.021177972,2014678
20140717,15:45:00.000,BBG000CL9VN6,0.008400267,-0.012934856,1693678
20140717,15:45:00.000,BBG000MM2P62,0.004322619,-0.022766698,33366124
20140717,15:45:00.000,BBG000B9XRY4,-0.008491914,-0.022368563,46461968
20140717,16:00:00.000,BBG000PCQQL6,-0.0023851485,-0.009054248,1756347
20140717,16:00:00.000,BBG000BJP882,-0.011070595,-0.011987252,984447
20140717,16:00:00.000,BBG000BMFFQ0,0.0010449502,-0.005702372,890343
20140717,16:00:00.000,BBG000K1J931,0.0045006885,-0.03396276,2298810
20140717,16:00:00.000,BBG000BQ87N0,-0.00253195,-0.009234649,668842
20140717,16:00:00.000,BBG000BBCQD7,0.0069520483,1.0952007e-07,4582265
20140717,16:00:00.000,BBG000BQHGR6,-0.0001899264,-0.012418522,688226
20140717,16:00:00.000,BBG000C75N77,-0.012973243,-0.031050244,1838701
20140717,16:00:00.000,BBG000BJ8YN7,0.0032536774,-0.010765166,2458113
20140717,16:00:00.000,BBG000BLXZN1,0.01301638,0.0024610343,2332238
20140717,16:00:00.000,BBG000BV4XJ1,0.015900256,-0.010421196,407146
20140717,16:00:00.000,BBG000QKPTS5,0.0133027285,-0.0037271162,1072094
20140717,16:00:00.000,BBG000BV75B7,-0.0019400907,-0.015583741,532602
20140717,16:00:00.000,BBG000CB8Q50,-0.00583568,-0.015156872,666358
20140717,16:00:00.000,BBG000BNPSQ9,-0.0040574432,-0.036128074,1601276
20140717,16:00:00.000,BBG000H4YVR7,-0.02071327,-0.044239767,942200
20140717,16:00:00.000,BBG000JB27Y9,0.0057701985,-0.0045091915,1115996
20140717,16:00:00.000,BBG000BVHBM1,0.003005769,-0.028677717,1828827
20140717,16:00:00.000,BBG000BQSQ38,-0.0026971383,-0.013280778,1568736
20140717,16:00:00.000,BBG001XJRMF5,-0.0079967445,-0.0034653987,1271599
20140717,16:00:00.000,BBG000BNGTQ7,0.0007637373,-0.0061057247,1813500
20140717,16:00:00.000,BBG000B9X8C0,0.0056307404,-0.0030210621,1287442
20140717,16:00:00.000,BBG000GPXKX9,-0.011318682,-0.024756543,543001
20140717,16:00:00.000,BBG000BV7LP7,0.006891589,0.0025977795,2183372
20140717,16:00:00.000,BBG001NY45K9,-0.033367656,-0.053363,4601612
20140717,16:00:00.000,BBG000L8CBX4,-0.0032110526,-0.010936145,226434
20140717,16:00:00.000,BBG000BHCP19,0.009248412,-0.012103567,848070
20140717,16:00:00.000,BBG000JKCWS0,0.0009325762,-0.0068569323,271432
20140717,16:00:00.000,BBG000CPHYL4,-0.0076572355,-0.018884944,1498657
20140717,16:00:00.000,BBG000F86GP6,0.0014957644,-0.01153053,494754
20140717,16:00:00.000,BBG000V31J96,-0.004339527,-0.017670857,2418731
20140717,16:00:00.000,BBG000BWVSR1,-0.004725355,-0.012766985,848369
20140717,16:00:00.000,BBG000DLVDK3,0.022224456,0.038149685,2364186
20140717,16:00:00.000,BBG003641015,-0.0026932005,-0.014572226,1202807
20140717,16:00:00.000,BBG000BQD1J2,0.0028076316,-0.003070856,27797880
20140717,16:00:00.000,BBG000BWXL85,-0.008312297,-0.016230911,953232
20140717,16:00:00.000,BBG001J1QN87,-0.007870382,-0.0364369,472061
20140717,16:00:00.000,BBG000BFJ645,0.006292519,-0.00884524,6397153
20140717,16:00:00.000,BBG000BPZBB6,0.002264449,-0.0072343517,836508
20140717,16:00:00.000,BBG000RNTSX0,0.013035231,0.005432583,1051209
20140717,16:00:00.000,BBG000C23KJ3,0.0037798672,-0.011807229,3257559
20140717,16:00:00.000,BBG000CZWZ05,0.017076707,-0.010645041,1819005
20140717,16:00:00.000,BBG000CR90K4,-0.0029193717,-0.02609166,27487444
20140717,16:00:00.000,BBG000BBL0Y1,-0.0017262006,-0.02608917,1173249
20140717,16:00:00.000,BBG000BKQG80,0.00444139,-0.008055882,918392
20140717,16:00:00.000,BBG000K14Q84,-0.0010124131,-0.018987888,3295531
20140717,16:00:00.000,BBG000Q0BPZ4,0.0024047461,-0.015834654,1196325
20140717,16:00:00.000,BBG000BHB3M6,-0.0042630234,-0.020061169,1541186
20140717,16:00:00.000,BBG000BLMZK6,-0.013333218,-0.02832999,1401481
20140717,16:00:00.000,BBG000QFJ7H3,0.011045958,-0.009565696,1172072
20140717,16:00:00.000,BBG000BLDV98,-0.006008262,-0.019345684,1669940
20140717,16:00:00.000,BBG000PLXQQ3,0.021797359,0.014031034,5770368
20140717,16:00:00.000,BBG000BGYMH7,0.008644775,-0.011567377,557978
20140717,16:00:00.000,BBG000H9G7X2,-0.0064219455,-0.020639025,1976946
20140717,16:00:00.000,BBG000BRZJR8,0.007581635,-0.023806829,2515717
20140717,16:00:00.000,BBG000BJDPC2,-0.011930572,-0.018230524,1129654
20140717,16:00:00.000,BBG000BDY3Y7,-0.014870056,-0.028753541,2454361
20140717,16:00:00.000,BBG000BPNP00,0.009071501,-0.009217378,2209479
20140717,16:00:00.000,BBG000BBB3K1,0.0015832837,-0.0072251256,3532274
20140717,16:00:00.000,BBG000BFV115,-0.0014549864,-0.021721443,959791
20140717,16:00:00.000,BBG000CXD6X9,-0.0027463455,-0.011188303,1767376
20140717,16:00:00.000,BBG000QN4GY3,-0.026086828,-0.038046815,1968299
20140717,16:00:00.000,BBG000BWCKB6,-0.014984896,-0.0169946,2562486
20140717,16:00:00.000,BBG000BKXFN7,-0.0008585942,-0.021320868,1630347
20140717,16:00:00.000,BBG000F9KJN4,0.0026122034,-0.010431427,1875219
20140717,16:00:00.000,BBG000BQV1S2,0.006490924,-0.020658605,701915
20140717,16:00:00.000,BBG000BTQR96,-0.00015617868,-0.014375847,1157362
20140717,16:00:00.000,BBG000F6ZWH2,0.0022891655,-0.009078235,1572531
20140717,16:00:00.000,BBG000BMZ7P7,0.008435492,-0.002026329,1350386
20140717,16:00:00.000,BBG000BB29X4,0.0042410507,-0.0047255815,1020307
20140717,16:00:00.000,BBG000BBCDZ2,-0.0075350064,-0.020934416,682801
20140717,16:00:00.000,BBG000C6F3T8,0.023824494,0.0035452184,23247848
20140717,16:00:00.000,BBG000BFVXX0,0.0027906897,-0.004633865,1905491
20140717,16:00:00.000,BBG000G6BN50,-0.008222133,-0.022084203,460836
20140717,16:00:00.000,BBG000BRXP69,-0.0033984256,-0.015742023,886799
20140717,16:00:00.000,BBG000BPMH90,0.02140072,0.0024255002,2016011
20140717,16:00:00.000,BBG000D9DMK0,-0.0013492476,-0.009444995,1407865
20140717,16:00:00.000,BBG000D14WM3,-0.00023822149,-0.02225885,9818300
20140717,16:00:00.000,BBG000PVRDL2,0.008090717,0.024244413,4574181
20140717,16:00:00.000,BBG000BSC0K9,-0.0014893073,-0.0065980596,1105042
20140717,16:00:00.000,BBG000R0L5J4,0.013741377,-0.00047848056,2344192
20140717,16:00:00.000,BBG000JH6683,-0.0028061173,-0.043252427,1703000
20140717,16:00:00.000,BBG000BG14P4,0.017300809,-0.012465504,1474171
20140717,16:00:00.000,BBG000D9KWL9,0.012750363,-0.0029441798,1072758
20140717,16:00:00.000,BBG000BKWSR6,-0.021231353,-0.03428505,11790993
20140717,16:00:00.000,BBG000BC9938,0.0035177928,-0.009624103,1398741
20140717,16:00:00.000,BBG000BB1TH9,-0.0057383208,-0.018270086,903872
20140717,16:00:00.000,BBG000BJ49H3,-0.0034026837,-0.015345808,1619587
20140717,16:00:00.000,BBG000BFS7D3,0.0030422525,-0.006154637,625638
20140717,16:00:00.000,BBG000BN9WT5,0.005171351,-0.012938783,1274511
20140717,16:00:00.000,BBG000BKR1D6,-0.0016960874,-0.014212752,1255507
20140717,16:00:00.000,BBG000BFRF55,0.009259182,-0.013363815,4963510
20140717,16:00:00.000,BBG000BKTT89,-0.0010053716,-0.021017788,624900
20140717,16:00:00.000,BBG000BQ8KV2,0.002701915,-0.014057736,1444368
20140717,16:00:00.000,BBG000BQVWZ6,-0.00016174783,-0.023266695,7652408
20140717,16:00:00.000,BBG000BHKYH4,-0.0023915642,-0.005245689,796084
20140717,16:00:00.000,BBG000BS7KS3,-0.008650361,-0.014908945,870897
20140717,16:00:00.000,BBG000CGT2S4,-0.042820733,-0.06446684,7312817
20140717,16:00:00.000,BBG000F7RCJ1,-0.0010014876,-0.014982081,457124
20140717,16:00:00.000,BBG000BMTFR4,0.004044221,-0.0013499428,2154974
20140717,16:00:00.000,BBG000TJM7F0,-0.0034358974,-0.0072484473,1062963
20140717,16:00:00.000,BBG000BMKDM3,0.0041306783,-0.001514874,1404353
20140717,16:00:00.000,BBG000FLZN98,-0.00042155577,-0.01613353,762106
20140717,16:00:00.000,BBG000BKLH74,0.00075013336,-0.0052825157,4159482
20140717,16:00:00.000,BBG000BCTQ65,0.002230855,-0.0066221105,2118310
20140717,16:00:00.000,BBG000D1QCF1,-0.0048098736,-0.01384969,1171956
20140717,16:00:00.000,BBG000BSXQV7,0.053951636,0.04631337,1624814
20140717,16:00:00.000,BBG000BG09F5,-0.014310209,-0.033779588,1562657
20140717,16:00:00.000,BBG000FLPRH1,-0.0150080845,-0.029448269,915486
20140717,16:00:00.000,BBG000PV2L86,-0.0036295387,-0.015441642,580327
20140717,16:00:00.000,BBG000BGYWY6,-0.0001100334,-0.012149017,565021
20140717,16:00:00.000,BBG000C060M4,-0.0035694954,-0.01603207,401325
20140717,16:00:00.000,BBG000BDXGP9,-0.0065281405,-0.011660926,2813649
20140717,16:00:00.000,BBG000BGD7W6,-0.007427477,-0.020552006,2745855
20140717,16:00:00.000,BBG000BP8Z50,-0.0038338625,-0.011117508,1216308
20140717,16:00:00.000,BBG000HW5GX3,0.003495744,-0.015403971,1524332
20140717,16:00:00.000,BBG000C4ZZ10,-0.010367964,-0.021441134,424639
20140717,16:00:00.000,BBG000BNNYW1,-0.06253059,-0.06585481,14310076
20140717,16:00:00.000,BBG000BR37X2,-0.0027410106,-0.011459634,3713961
20140717,16:00:00.000,BBG000BLW530,0.003175924,-0.0037026193,1215080
20140717,16:00:00.000,BBG000BF1R66,-0.00035602038,-0.0094287265,508743
20140717,16:00:00.000,BBG000BKNX95,-0.005468575,-0.018575406,2446418
20140717,16:00:00.000,BBG000BWP7D9,0.0049948883,-0.0066420473,1168063
20140717,16:00:00.000,BBG000BBMSJ6,0.0070651323,-0.012025805,1148219
20140717,16:00:00.000,BBG000DN7P92,0.0041616354,-0.0070490404,1723413
20140717,16:00:00.000,BBG000BCZYD3,-0.0004418359,-0.011679993,495316
20140717,16:00:00.000,BBG000CVWGS6,-0.012226033,-0.019118348,5160636
20140717,16:00:00.000,BBG000BLHRS2,0.002928084,-0.0018399608,1364499
20140717,16:00:00.000,BBG000BY2Y78,-0.0020101564,-0.015433786,1201977
20140717,16:00:00.000,BBG000BK6G19,0.04351503,0.020859493,5412405
20140717,16:00:00.000,BBG002S5ZRF9,0.016806416,-0.0040904055,682337
20140717,16:00:00.000,BBG000BNC3Y9,0.0013528413,-0.01637023,1196246
20140717,16:00:00.000,BBG000BTCH57,-0.0008715299,-0.016105168,1319656
20140717,16:00:00.000,BBG000BB03M1,0.001435528,-0.011472837,1739688
20140717,16:00:00.000,BBG000BN84F3,-0.0063038394,-0.014145141,1330724
20140717,16:00:00.000,BBG000BB5BF6,0.0072950963,-0.006740563,2199714
20140717,16:00:00.000,BBG000FDBX90,0.0042563663,-0.004812896,3268978
20140717,16:00:00.000,BBG000RGM5P1,0.015805846,0.0017469542,1790493
20140717,16:00:00.000,BBG000BB5373,0.00044476005,-0.013663528,4242817
20140717,16:00:00.000,BBG000BFDLV8,0.004354364,-0.008023306,1994943
20140717,16:00:00.000,BBG000BGRKT6,0.0020098328,-0.0059339097,497359
20140717,16:00:00.000,BBG000BTVJ25,-0.010379936,-0.016992446,2144714
20140717,16:00:00.000,BBG000BVMPN3,-0.0073822984,-0.018376201,1862614
20140717,16:00:00.000,BBG000C2ZCH8,0.0037253564,-0.0062617334,865660
20140717,16:00:00.000,BBG0014GJCT9,0.008426699,-0.003996131,1461508
20140717,16:00:00.000,BBG000C11MQ5,0.0011356522,-0.022799162,918313
20140717,16:00:00.000,BBG003P9ZSL3,0.0049242005,0.004746777,1058543
20140717,16:00:00.000,BBG000BX5ZF5,0.011420122,-0.0023354127,7891047
20140717,16:00:00.000,BBG000C2V3D6,-0.014015117,-0.03177408,4271027
20140717,16:00:00.000,BBG000BQVTF5,0.001103354,-0.012237223,1005499
20140717,16:00:00.000,BBG000D2M0Z7,-0.0031179783,-0.011682606,574879
20140717,16:00:00.000,BBG000CHPY97,-0.010589578,-0.030488811,4614779
20140717,16:00:00.000,BBG000N746D6,-3.5777008e-05,-0.020838413,3345573
20140717,16:00:00.000,BBG000M1R011,0.022301657,0.0052385135,2220019
20140717,16:00:00.000,BBG000BHLYP4,0.012747623,0.0016828344,1226521
20140717,16:00:00.000,BBG000BB6G37,0.0041097803,-0.01360014,1263714
20140717,16:00:00.000,BBG000BR14K5,-0.00275181,-0.012615054,782472
20140717,16:00:00.000,BBG000PX3XC0,-0.008279156,-0.030069362,2945701
20140717,16:00:00.000,BBG000J1QLT0,-0.0067090555,-0.011807136,959685
20140717,16:00:00.000,BBG0039320N9,-0.0076685986,-0.01287733,2056245
20140717,16:00:00.000,BBG000BC4JJ4,-0.0023712767,-0.007896614,919115
20140717,16:00:00.000,BBG000BM7HL0,0.010768083,0.00018052926,1907718
20140717,16:00:00.000,BBG000BP1Q11,-0.006947092,-0.014705082,705275
20140717,16:00:00.000,BBG000BF6LY3,-0.0034489506,-0.018782908,2646091
20140717,16:00:00.000,BBG000BF5RY1,0.005128432,-0.001036725,2314606
20140717,16:00:00.000,BBG000BFTJ91,-0.009859957,-0.012982881,1783399
20140717,16:00:00.000,BBG000BR54L0,0.009388808,-0.023541316,5824558
20140717,16:00:00.000,BBG000J5Q6L2,0.011180084,-0.008597898,4193179
20140717,16:00:00.000,BBG000BCWCG1,-0.020563327,-0.036825612,3746292
20140717,16:00:00.000,BBG000TWC2V5,-0.0035077366,-0.011398574,684149
20140717,16:00:00.000,BBG000BCYP43,-0.007497354,-0.017777327,667562
20140717,16:00:00.000,BBG000C221G9,-0.006340422,-0.022666903,1686110
20140717,16:00:00.000,BBG000BZTW70,0.011644712,-0.009288596,3756305
20140717,16:00:00.000,BBG000BKZTP3,-0.0030846964,-0.011855264,1595454
20140717,16:00:00.000,BBG000R8ZVD1,0.0060345717,-0.0036740538,2371353
20140717,16:00:00.000,BBG000CKVSG8,-0.019741416,-0.038718656,3117505
20140717,16:00:00.000,BBG000DNTSP4,0.003928101,-0.007027834,2493211
20140717,16:00:00.000,BBG000BP4MH0,0.0037647889,-0.0074936585,1374441
20140717,16:00:00.000,BBG000BR3KL6,-0.0039076223,-0.021587826,715104
20140717,16:00:00.000,BBG000BJQWD2,0.003752808,-0.012863258,1299632
20140717,16:00:00.000,BBG000G0Z878,-0.0036493307,-0.018104903,3020294
20140717,16:00:00.000,BBG000D7RKJ5,0.0050863633,-0.004225751,1759762
20140717,16:00:00.000,BBG000G9CGL0,-0.008505987,-0.025046013,741756
20140717,16:00:00.000,BBG000DTMH63,0.0027412882,-0.012702735,3142895
20140717,16:00:00.000,BBG0029BK2G7,-0.006991023,-0.021313384,1208138
20140717,16:00:00.000,BBG000G3QLY3,0.0012124496,-0.012111861,605357
20140717,16:00:00.000,BBG000BP0KQ8,0.007949785,-0.0016158656,3379904
20140717,16:00:00.000,BBG001NVJ6W4,-0.033624437,-0.05683767,6273643
20140717,16:00:00.000,BBG000BSBZH7,0.0042269207,0.0006439943,4131537
20140717,16:00:00.000,BBG000BHGCD1,0.0014732357,-0.020643068,723224
20140717,16:00:00.000,BBG000BL9JQ1,-0.004461499,-0.014484364,1579847
20140717,16:00:00.000,BBG000BH5DV1,-0.00487035,-0.009198357,1096022
20140717,16:00:00.000,BBG000QW7VC1,0.0043420163,-0.0065571642,6805040
20140717,16:00:00.000,BBG000DQTXY6,-0.0067486316,-0.039682712,5552908
20140717,16:00:00.000,BBG000QY3XZ2,-0.0049401075,-0.024946371,1717367
20140717,16:00:00.000,BBG000BBBNC6,0.013861252,0.0015846164,1891075
20140717,16:00:00.000,BBG000F15NW9,-0.00057529856,-0.013153591,1777440
20140717,16:00:00.000,BBG000BNNKG9,-0.0029873198,-0.020604074,3317509
20140717,16:00:00.000,BBG000BFXHL6,-0.0020572864,-0.0050216126,2001349
20140717,16:00:00.000,BBG000BRRG02,0.00515393,0.0013598197,953566
20140717,16:00:00.000,BBG000BHLYS1,0.0046968474,-0.006176769,1529146
20140717,16:00:00.000,BBG000CGQ6M4,-0.013015994,-0.014157356,765197
20140717,16:00:00.000,BBG000C1S2X2,-0.0005697114,-0.024066368,1491859
20140717,16:00:00.000,BBG000C7LMS8,-0.0041309106,-0.013219556,140804
20140717,16:00:00.000,BBG000MDCQC2,0.0060505923,-0.0035625596,1233423
20140717,16:00:00.000,BBG000JG0547,0.0050899945,-0.0063364957,943741
20140717,16:00:00.000,BBG000CJZ2W6,0.015338331,-0.004169497,1553081
20140717,16:00:00.000,BBG0020B4JG7,0.001711033,-0.01735067,3013559
20140717,16:00:00.000,BBG000BNFLM9,-0.00028740836,-0.0061835647,1388410
20140717,16:00:00.000,BBG000BCBCM7,-0.00018527574,-0.016078243,4917777
20140717,16:00:00.000,BBG000CS7CT9,0.011509765,0.00019366243,2145888
20140717,16:00:00.000,BBG000MZFMS2,-0.0005707779,-0.01628662,1066418
20140717,16:00:00.000,BBG000BKQ3V3,-0.00015065688,-0.016500827,2352495
20140717,16:00:00.000,BBG000BLCPY4,-0.0032041227,-0.02323078,711574
20140717,16:00:00.000,BBG000BC15S7,0.0069806674,-0.0057487465,971144
20140717,16:00:00.000,BBG000FKJRC5,0.001876636,-0.008783822,1065523
20140717,16:00:00.000,BBG000BRJ809,0.013091002,0.010357835,918357
20140717,16:00:00.000,BBG000C2PW58,-0.009503506,-0.02259113,738714
20140717,16:00:00.000,BBG000BCVMH9,0.029568829,0.022707546,1759442
20140717,16:00:00.000,BBG000BQ2C28,0.00684336,-0.004875531,743188
20140717,16:00:00.000,BBG000BBJQV0,0.019365465,-0.002583832,7519182
20140717,16:00:00.000,BBG000G2R6M0,0.013666685,0.027012106,5361624
20140717,16:00:00.000,BBG000BTKGG8,-0.013376374,-0.03147786,4046573
20140717,16:00:00.000,BBG000BMQPL1,-0.024642413,-0.039478943,19727568
20140717,16:00:00.000,BBG000BMF5J0,0.006357543,-0.014951339,9195881
20140717,16:00:00.000,BBG000BB6WG8,-0.00030990154,-0.009002438,2417352
20140717,16:00:00.000,BBG000BM6788,-0.003701812,-0.022558546,1764173
20140717,16:00:00.000,BBG000FVXD63,-0.024002425,-0.042549968,3400274
20140717,16:00:00.000,BBG000C3HSR0,0.01776497,-0.0028352088,2607105
20140717,16:00:00.000,BBG000BN5HF7,-0.013785537,-0.033664383,2295411
20140717,16:00:00.000,BBG001QD41M9,1.4597305e-05,-0.013466927,1739620
20140717,16:00:00.000,BBG000CXYSZ6,0.005265595,-0.002278705,766898
20140717,16:00:00.000,BBG000BVMGF2,0.0056688054,-0.005845195,1818767
20140717,16:00:00.000,BBG0019JZ882,0.010100643,-0.0027087503,9755247
20140717,16:00:00.000,BBG000BKPL53,-0.009045772,-0.019952817,774709
20140717,16:00:00.000,BBG000PYZSR8,-0.00592337,-0.0060679256,1500330
20140717,16:00:00.000,BBG000F0KF42,-0.014686527,-0.029524174,3324201
20140717,16:00:00.000,BBG000FW00S1,-0.020086281,-0.035130706,7006758
20140717,16:00:00.000,BBG000BYYLS8,-0.020254558,-0.033572946,5688819
20140717,16:00:00.000,BBG000BB6M98,-0.010108243,-0.016446704,2658182
20140717,16:00:00.000,BBG000D8RG11,-0.016921034,-0.03344969,6796153
20140717,16:00:00.000,BBG000CHWP52,0.019092005,0.018441653,3480249
20140717,16:00:00.000,BBG000D6L294,-0.002210334,-0.02437351,1036111
20140717,16:00:00.000,BBG000C3Y7J6,0.005717437,-0.0036680214,1144819
20140717,16:00:00.000,BBG000BM5SR2,-0.0028551298,-0.013177298,4603811
20140717,16:00:00.000,BBG000BS0ZF1,-0.0015348262,-0.0051252255,508767
20140717,16:00:00.000,BBG000C0F570,-0.00033175285,-0.017972788,2523365
20140717,16:00:00.000,BBG000C90DH9,-0.01200776,-0.013481904,7099123
20140717,16:00:00.000,BBG000BVWLJ6,-0.004598511,-0.016947355,2223812
20140717,16:00:00.000,BBG000BRK7L6,0.0036056153,-0.011531652,2603000
20140717,16:00:00.000,BBG000BZ2GG4,0.0043603433,-0.007184091,1403434
20140717,16:00:00.000,BBG000BVL2G3,0.002134191,-0.016298624,1220244
20140717,16:00:00.000,BBG000C2YHG9,-0.0066561643,-0.010306318,1302547
20140717,16:00:00.000,BBG001BPFT54,0.014127405,-0.017656736,2601976
20140717,16:00:00.000,BBG000BH2JM1,0.009835065,0.007423812,4540739
20140717,16:00:00.000,BBG000BPVCR1,0.00775011,-0.0027975317,933017
20140717,16:00:00.000,BBG002BHBHM1,0.0064297356,-0.008386096,1548204
20140717,16:00:00.000,BBG000Q3JN03,-0.019080684,-0.038588203,22648044
20140717,16:00:00.000,BBG000BPT0C6,-0.012729482,-0.031786203,2087366
20140717,16:00:00.000,BBG000BQWPC5,-0.0015684272,-0.01347746,1931031
20140717,16:00:00.000,BBG000BQ5DS5,-0.0012158889,-0.008644771,1339791
20140717,16:00:00.000,BBG000DY8ZS4,0.006966012,-0.008738719,8349621
20140717,16:00:00.000,BBG000R8L7J3,-0.012299455,-0.037050553,10875460
20140717,16:00:00.000,BBG000BS9489,-0.00386018,-0.0043429,1759110
20140717,16:00:00.000,BBG000D898T9,0.008028214,-0.0059162723,1681612
20140717,16:00:00.000,BBG000BFL116,-0.0014340427,-0.0313607,2539480
20140717,16:00:00.000,BBG001YMS0B8,-0.0069815046,-0.013670201,1592068
20140717,16:00:00.000,BBG000QBR5J5,0.0069776503,-0.0017170073,3645119
20140717,16:00:00.000,BBG000BHC2S1,-0.0060367645,-0.014066466,1392161
20140717,16:00:00.000,BBG000BX3TD3,0.012445681,-0.009681875,5466730
20140717,16:00:00.000,BBG000C1FQS9,-0.01237038,-0.021425804,1555353
20140717,16:00:00.000,BBG000BLKK03,0.013650591,0.02939111,1730777
20140717,16:00:00.000,BBG000BKCFC2,0.00075557653,-0.0052741515,2429639
20140717,16:00:00.000,BBG000C4DPX1,-0.00078422745,-0.023627143,1693093
20140717,16:00:00.000,BBG000BHZ5J9,-0.026407748,-0.04069338,2535438
20140717,16:00:00.000,BBG000KLB4Q1,-0.008982261,-0.03034368,5307434
20140717,16:00:00.000,BBG000BMBL90,-0.00825488,-0.017733958,1853963
20140717,16:00:00.000,BBG000C2BXK4,0.008312914,-0.010174057,7103280
20140717,16:00:00.000,BBG000H0QBS7,0.0029621408,-0.004722348,3967024
20140717,16:00:00.000,BBG000BQZMH4,-0.0040352037,-0.015141156,3531263
20140717,16:00:00.000,BBG000BLBXT4,-0.004763801,-0.017476622,2034395
20140717,16:00:00.000,BBG000BJ2VQ6,0.0044076927,-0.013318002,1776791
20140717,16:00:00.000,BBG000BMY992,0.0056223236,-0.0014192723,2172941
20140717,16:00:00.000,BBG000BXM6V2,0.00824902,-0.006102721,1747392
20140717,16:00:00.000,BBG000BWSV34,-0.00027650208,-0.011770881,945511
20140717,16:00:00.000,BBG000BKFBD7,0.0072096866,-0.0040341103,2727605
20140717,16:00:00.000,BBG000FP1N32,0.008613945,-0.0046236063,3635849
20140717,16:00:00.000,BBG000BT4T69,0.013513827,-0.0003184678,2014060
20140717,16:00:00.000,BBG000BFMBQ6,-0.011207833,0.005854558,2988274
20140717,16:00:00.000,BBG000C0HQ54,0.0021993434,-0.011083926,1229592
20140717,16:00:00.000,BBG000C0LW92,-0.017875234,-0.03109211,7808552
20140717,16:00:00.000,BBG000BVPPM1,-0.0075844754,-0.017984705,1728390
20140717,16:00:00.000,BBG000BMW2Z0,-0.004612282,-0.013701409,1174286
20140717,16:00:00.000,BBG000BPWXK1,-0.0034254645,0.009522172,5837527
20140717,16:00:00.000,BBG000GC80B4,-0.008913776,-0.020973824,8840438
20140717,16:00:00.000,BBG000BXWBN9,0.0072241626,0.0011640878,3496211
20140717,16:00:00.000,BBG000BY33P5,0.005446115,0.0012573592,7598021
20140717,16:00:00.000,BBG000R7RDB4,0.0010930038,-0.01879703,871357
20140717,16:00:00.000,BBG000MBDGM6,0.0036344691,-0.006929928,296371
20140717,16:00:00.000,BBG000BGLRN3,-0.0027186435,-0.01077763,1750409
20140717,16:00:00.000,BBG000BWJFZ4,0.02270591,0.022872917,1485198
20140717,16:00:00.000,BBG000BGVW60,0.0019205426,-0.008886644,1389024
20140717,16:00:00.000,BBG000BNJHS8,0.0065165916,-0.01890519,4869058
20140717,16:00:00.000,BBG000DKCC19,0.0029295897,-0.004587469,1703052
20140717,16:00:00.000,BBG000BXMFC3,0.03739365,0.016299052,3165167
20140717,16:00:00.000,BBG000BSD7C2,0.0058266446,-0.0048089293,1011079
20140717,16:00:00.000,BBG000BSLZY7,0.0013499728,-0.015961101,7679463
20140717,16:00:00.000,BBG000BMDV41,0.005463568,-0.010120426,3812550
20140717,16:00:00.000,BBG001C7TST4,0.00047485705,-0.016222445,1765832
20140717,16:00:00.000,BBG000BRJL00,0.0013218774,-0.009805813,2795675
20140717,16:00:00.000,BBG000BRD0D8,-0.0032031897,-0.021602252,3897298
20140717,16:00:00.000,BBG000BND699,-0.0053801127,-0.031252414,2743451
20140717,16:00:00.000,BBG000BB9KF2,-0.004614024,-0.01328213,1866470
20140717,16:00:00.000,BBG000C1BW00,0.013469587,-0.0012992295,1131189
20140717,16:00:00.000,BBG000BTZQC4,0.0015256377,0.0013956479,3430018
20140717,16:00:00.000,BBG000BWNFZ9,-0.016111484,-0.030328197,3047898
20140717,16:00:00.000,BBG000BJ98Z0,0.0038286264,-0.011491682,1131210
20140717,16:00:00.000,BBG000CNFQW6,-0.009610671,-0.022211106,1171047
20140717,16:00:00.000,BBG000BGPTV6,-0.0023761184,-0.01712,951321
20140717,16:00:00.000,BBG000BB07P9,0.0036754678,0.014819784,12108646
20140717,16:00:00.000,BBG000C1FB75,0.021247856,0.0123909665,1221832
20140717,16:00:00.000,BBG001M8HHB7,0.017581636,-0.007748779,1485515
20140717,16:00:00.000,BBG000DHSPT0,0.0037855827,0.0032054884,3476210
20140717,16:00:00.000,BBG000FQ6PY6,0.0056739333,-0.001104148,2061501
20140717,16:00:00.000,BBG000BBDV81,-0.0014988342,-0.015382782,3457218
20140717,16:00:00.000,BBG000VC0T95,-0.0056761955,-0.022336103,1906478
20140717,16:00:00.000,BBG000BKFZM4,0.0008430703,-0.01512658,5307708
20140717,16:00:00.000,BBG000D13GN8,-0.019044757,-0.04367742,1330845
20140717,16:00:00.000,BBG000C0MF34,-0.010607309,-0.011642161,538834
20140717,16:00:00.000,BBG000BFNR17,0.017067699,-0.00018171372,1153851
20140717,16:00:00.000,BBG000BK67C7,0.00075359177,-0.011703618,756765
20140717,16:00:00.000,BBG000FJLFX8,0.0046491357,0.018625885,3706076
20140717,16:00:00.000,BBG000BH5LT6,-0.006258184,-0.026093211,5681373
20140717,16:00:00.000,BBG000BD8PN9,0.008553544,-0.0028863775,5359598
20140717,16:00:00.000,BBG000BH3GZ2,-0.05300963,-0.06893202,11946398
20140717,16:00:00.000,BBG000BB5006,-0.0015899637,-0.013540574,1866157
20140717,16:00:00.000,BBG000BTR593,-0.036271762,-0.04932596,6886761
20140717,16:00:00.000,BBG000BRWGG9,-0.0014242,-0.014115261,27204800
20140717,16:00:00.000,BBG000BJ3PD2,-0.0032287796,-0.014978769,1860422
20140717,16:00:00.000,BBG000CSY9H9,0.012618257,0.0024640304,3744547
20140717,16:00:00.000,BBG000FNRZ69,-0.012473391,-0.025347754,5792064
20140717,16:00:00.000,BBG000C734W3,-0.0055249035,-0.03155829,760938
20140717,16:00:00.000,BBG000BCGY17,0.008397317,-0.0008335475,4197157
20140717,16:00:00.000,BBG000BCVJ77,0.003460136,-0.0041778944,2397001
20140717,16:00:00.000,BBG000C46HM9,0.00062330737,-0.007708072,2439716
20140717,16:00:00.000,BBG000BJPDZ1,0.01886805,0.0053517628,521967
20140717,16:00:00.000,BBG000BJL3N0,-0.0441843,-0.058483437,24722840
20140717,16:00:00.000,BBG000BGJRC8,-0.005453736,-0.013151691,5996128
20140717,16:00:00.000,BBG000BBD070,0.005612044,-0.0077606975,2209636
20140717,16:00:00.000,BBG000BFQYY3,-0.0014788386,-0.01209713,2241534
20140717,16:00:00.000,BBG000BPQD31,0.008697125,-0.003488206,4703821
20140717,16:00:00.000,BBG000BJ81C1,0.0006025093,-0.009413637,1092584
20140717,16:00:00.000,BBG000B9WH86,0.0072955987,-0.015676048,21536776
20140717,16:00:00.000,BBG000D42FJ0,0.021656275,-0.0029382946,1760281
20140717,16:00:00.000,BBG000BHX7N2,-0.0018907199,-0.014565252,3167028
20140717,16:00:00.000,BBG000BH3JF8,-0.03365983,-0.056016095,9755205
20140717,16:00:00.000,BBG000JWD753,0.0039110812,-0.014774333,9626400
20140717,16:00:00.000,BBG000BHGDH5,0.007717648,-0.0006898923,2598470
20140717,16:00:00.000,BBG0014GG205,0.0020934676,-0.025261628,5473172
20140717,16:00:00.000,BBG000G30YX4,0.00575795,-0.023399387,1493592
20140717,16:00:00.000,BBG000BCG930,-0.0054105166,0.011141979,3641186
20140717,16:00:00.000,BBG000BWVCP8,-1.9375482e-05,-0.013531283,3411420
20140717,16:00:00.000,BBG000C3GN47,-0.020792494,-0.036903333,7108850
20140717,16:00:00.000,BBG000BT9DW0,0.0050795837,-0.005136768,3968098
20140717,16:00:00.000,BBG000BV8DN6,-0.00040162067,-0.007035707,5716834
20140717,16:00:00.000,BBG0029SNR63,0.014131683,0.00937069,6257673
20140717,16:00:00.000,BBG000HCJMF9,0.00030659357,-0.016511617,1740903
20140717,16:00:00.000,BBG000D9D830,0.003175913,-0.0058959685,1929936
20140717,16:00:00.000,BBG000F6H8W8,-0.0042096362,-0.008995253,1298113
20140717,16:00:00.000,BBG000B9ZXB4,0.030807942,0.020465633,11894638
20140717,16:00:00.000,BBG000BVDLH9,0.015046302,-0.0015098698,2623405
20140717,16:00:00.000,BBG000BBVJZ8,-0.008588889,-0.027729224,3743705
20140717,16:00:00.000,BBG000BWXBC2,0.0021429092,-0.0031220757,4103625
20140717,16:00:00.000,BBG000WCFV84,0.0031057277,0.0010055114,2156902
20140717,16:00:00.000,BBG000BFDXW1,0.006958064,-0.014071608,4090302
20140717,16:00:00.000,BBG000DYGNW7,0.013909125,0.001539211,1091016
20140717,16:00:00.000,BBG000BNBDC2,-0.00032584136,-0.008438875,3111918
20140717,16:00:00.000,BBG000BJSBJ0,-0.00022867662,-0.011247021,1343089
20140717,16:00:00.000,BBG000BJF1Z8,-0.0019456339,-0.015937699,1724862
20140717,16:00:00.000,BBG000BY29C7,0.011013083,0.009475287,4996113
20140717,16:00:00.000,BBG000BH13K9,0.0018519567,-0.0018448102,4109402
20140717,16:00:00.000,BBG000BH1NH9,-0.012345531,-0.022471854,3881472
20140717,16:00:00.000,BBG000BLZRJ2,0.00837796,-0.006154612,17415144
20140717,16:00:00.000,BBG000BVV7G1,0.0017674756,-0.018350156,4774648
20140717,16:00:00.000,BBG000BL4504,-0.017623862,-0.03700322,8277613
20140717,16:00:00.000,BBG000BB6KF5,0.00026982775,-0.017604088,5498358
20140717,16:00:00.000,BBG000DSMS70,0.002557833,-0.028904805,1116995
20140717,16:00:00.000,BBG000C8H633,-0.00016301342,-0.018134868,3627848
20140717,16:00:00.000,BBG001DCCGR8,-0.0054225656,-0.021421725,2531343
20140717,16:00:00.000,BBG000QX74T1,0.0053286864,-0.015282799,406789
20140717,16:00:00.000,BBG000M65M61,-0.0067598806,-0.03452597,7944903
20140717,16:00:00.000,BBG000F80SZ5,0.007768693,-0.019193647,15117078
20140717,16:00:00.000,BBG000C5HS04,0.002013692,-0.0049420255,3508087
20140717,16:00:00.000,BBG000H556T9,-0.0020716065,-0.012552829,3548530
20140717,16:00:00.000,BBG000NV1KK7,-0.0138482675,-0.0208775,4787013
20140717,16:00:00.000,BBG000L9CV04,-0.003909015,-0.017890532,2667719
20140717,16:00:00.000,BBG000BXRPH1,0.010151403,-0.013581847,809541
20140717,16:00:00.000,BBG000BNDN65,0.0034253793,-0.0075524836,4813118
20140717,16:00:00.000,BBG000BGKTF9,-0.013426742,-0.022461703,3888964
20140717,16:00:00.000,BBG00286S4N9,-0.0038408025,-0.016445726,2146251
20140717,16:00:00.000,BBG000H89QJ6,-0.015782084,-0.016844727,1936642
20140717,16:00:00.000,BBG000BNWG87,-0.01100781,-0.022407698,9193761
20140717,16:00:00.000,BBG000BJX8C8,0.001979213,-0.008787173,2605624
20140717,16:00:00.000,BBG000BD4VG8,-0.00947712,-0.024733303,4646992
20140717,16:00:00.000,BBG000D4LWF6,0.0041372622,-0.003671194,5978545
20140717,16:00:00.000,BBG000FL1TC8,-0.008218922,-0.007369037,2279277
20140717,16:00:00.000,BBG000FFDM15,-0.009078813,-0.021634687,11144376
20140717,16:00:00.000,BBG000BBPFB9,0.0051886747,-0.003502329,10765056
20140717,16:00:00.000,BBG000BN2DC2,-0.011683108,-0.02428368,4492752
20140717,16:00:00.000,BBG000BCQZS4,-0.004014299,-0.015561793,2857844
20140717,16:00:00.000,BBG000CPQZ77,0.017706271,0.008229443,7902362
20140717,16:00:00.000,BBG000BP52R2,0.008137197,-0.01772351,2654180
20140717,16:00:00.000,BBG000J6XT05,-0.017524922,-0.029754845,8918597
20140717,16:00:00.000,BBG000BJDB15,-0.018502817,-0.008240091,9091991
20140717,16:00:00.000,BBG000LD9JQ8,-0.0064411527,-0.022814875,2031217
20140717,16:00:00.000,BBG000FG3C43,-0.11873705,-0.13551009,26581400
20140717,16:00:00.000,BBG000BC2C10,0.007929715,-0.009711375,2780164
20140717,16:00:00.000,BBG000BGRY34,0.0016030555,-0.00827371,2232721
20140717,16:00:00.000,BBG000CTQBF3,-0.003414755,-0.018799588,3928404
20140717,16:00:00.000,BBG000H8TVT2,0.0004516808,-0.0073148916,4365535
20140717,16:00:00.000,BBG0025Y4RY4,0.010259384,-0.0024231442,17676640
20140717,16:00:00.000,BBG000F1ZSQ2,-0.009478151,-0.024458991,4722884
20140717,16:00:00.000,BBG000CH5208,0.0076895626,0.016599534,6628786
20140717,16:00:00.000,BBG000KHWT55,0.003012447,-0.010626672,12301586
20140717,16:00:00.000,BBG000BFWKC0,0.0062317234,-0.004742058,2779483
20140717,16:00:00.000,BBG000BP6LJ8,-0.00090187124,-0.0057393527,6035976
20140717,16:00:00.000,BBG000BW8S60,-0.0011013014,-0.0137302065,4466789
20140717,16:00:00.000,BBG000BWLMJ4,-0.0022606587,-0.016665071,4770672
20140717,16:00:00.000,BBG000Q2HM09,0.005152769,-0.02169193,2765629
20140717,16:00:00.000,BBG000BW3299,-0.00520814,-0.012777694,2044966
20140717,16:00:00.000,BBG000BC40Y8,-0.021874538,-0.039724287,5192607
20140717,16:00:00.000,BBG000BBS2Y0,0.00061415066,-0.01945453,2474745
20140717,16:00:00.000,BBG000DWG505,-0.0051001795,-0.012533004,2422032
20140717,16:00:00.000,BBG000BQQ2S6,-0.0028511907,-0.017302126,2556537
20140717,16:00:00.000,BBG000BZ9223,0.007510789,-0.013150005,2168652
20140717,16:00:00.000,BBG000DH7JK6,0.00024898685,-0.0051407944,2541235
20140717,16:00:00.000,BBG000BHVJJ3,0.0044523687,-0.009631786,11187860
20140717,16:00:00.000,BBG000J2XL74,0.0036470732,-0.001240144,5487353
20140717,16:00:00.000,BBG000C17X76,0.012922559,-0.014371707,1575797
20140717,16:00:00.000,BBG000BHBK84,0.004450327,-0.007876178,3875595
20140717,16:00:00.000,BBG000Q9HH23,0.014569391,-0.0029805086,1428489
20140717,16:00:00.000,BBG000F0PF65,0.038895253,0.037712917,26459116
20140717,16:00:00.000,BBG000BF0K17,-0.0020319968,-0.0147250425,2819010
20140717,16:00:00.000,BBG000C15T95,0.0030370073,-0.0051569827,6137671
20140717,16:00:00.000,BBG000NDYB67,0.0011370891,-0.01014064,10376780
20140717,16:00:00.000,BBG000DWYF03,-0.00027137945,-0.0066679157,35953180
20140717,16:00:00.000,BBG000C6CFJ5,0.010593847,-0.0014664269,3661551
20140717,16:00:00.000,BBG000BKTFN2,-0.005183483,-0.021012163,5541180
20140717,16:00:00.000,BBG000BBGGQ1,-0.009496748,-0.024368614,6950059
20140717,16:00:00.000,BBG000DLFM21,,,2496383
20140717,16:00:00.000,BBG000BBDZG3,-0.0005506313,-0.005997042,6506907
20140717,16:00:00.000,BBG000DQLV23,0.003435022,-0.0073771826,5378501
20140717,16:00:00.000,BBG000BCSST7,0.00037301928,-0.011735954,5102466
20140717,16:00:00.000,BBG000BQLTW7,-0.00020337966,-0.007948963,22794378
20140717,16:00:00.000,BBG000BQPC32,0.0048357137,-0.0022498176,46087848
20140717,16:00:00.000,BBG000BFC8J2,-0.010571621,-0.033819813,5038551
20140717,16:00:00.000,BBG000BQQH30,0.0016666235,-0.015008341,4654278
20140717,16:00:00.000,BBG000BMX289,0.0027913284,-0.0017831915,8570004
20140717,16:00:00.000,BBG000BNSZP1,0.003999318,-0.008867285,3771141
20140717,16:00:00.000,BBG005P7Q881,-0.014720498,-0.040832136,12710984
20140717,16:00:00.000,BBG000FH8PX5,,,1711673
20140717,16:00:00.000,BBG000R7Z112,-0.006492404,-0.03458753,15964076
20140717,16:00:00.000,BBG000BH4R78,0.0062515233,-0.0039849663,6565421
20140717,16:00:00.000,BBG000BKZB36,0.00743779,-0.0012550611,5548437
20140717,16:00:00.000,BBG000BPD168,2.9119552e-05,-0.009290393,6067842
20140717,16:00:00.000,BBG000BHQ1H0,0.012633387,0.00069340935,1305770
20140717,16:00:00.000,BBG000C496P7,,,26082748
20140717,16:00:00.000,BBG000C43RR5,0.017048528,0.0067067784,20646994
20140717,16:00:00.000,BBG000BT41Q8,0.007870298,-0.010143789,5057196
20140717,16:00:00.000,BBG000PSKYX7,-0.0053593046,-0.020939501,2254112
20140717,16:00:00.000,BBG000BR2TH3,0.00421287,-0.0064261504,5400362
20140717,16:00:00.000,BBG000GFFQN9,0.0030940706,-0.017166693,35940760
20140717,16:00:00.000,BBG000CGC1X8,-0.015868954,-0.018966675,11392164
20140717,16:00:00.000,BBG000BMHYD1,-0.007794036,-0.017617045,10271391
20140717,16:00:00.000,BBG000BFT2L4,-0.012422037,-0.015442643,14497525
20140717,16:00:00.000,BBG000HS77T5,-0.0027863255,-0.012363694,10548946
20140717,16:00:00.000,BBG000K4ND22,0.0073186522,-0.006035855,4368274
20140717,16:00:00.000,BBG000C3J3C9,-0.0121498555,-0.013858544,28061304
20140717,16:00:00.000,BBG000BK6MB5,0.0058188415,-0.013705547,35340384
20140717,16:00:00.000,BBG000BWQFY7,0.009481383,-0.009380836,22913956
20140717,16:00:00.000,BBG000BLNNH6,0.006173566,-0.00041616042,7128450
20140717,16:00:00.000,BBG000H6HNW3,0.0028854047,-0.014428566,21297786
20140717,16:00:00.000,BBG000DMBXR2,0.0016678863,-0.014308936,14404042
20140717,16:00:00.000,BBG000BSJK37,-0.0010805577,-0.011249837,17960244
20140717,16:00:00.000,BBG000FY4S11,0.004189611,-0.012847361,23085684
20140717,16:00:00.000,BBG000C5Z1S3,-0.020133592,-0.045893393,33182042
20140717,16:00:00.000,BBG000BR2B91,-0.003401698,-0.012922525,29130008
20140717,16:00:00.000,BBG000N9MNX3,0.013000995,-0.0081722895,4535479
20140717,16:00:00.000,BBG000C0G1D1,-0.010002053,-0.027420964,66129436
20140717,16:00:00.000,BBG002W96FT9,-0.0014749466,-0.015783016,2377493
20140717,16:00:00.000,BBG000BLBVN4,-0.0009617945,-0.018299239,924676
20140717,16:00:00.000,BBG000CKGBP2,0.0024139816,-0.02212949,14261771
20140717,16:00:00.000,BBG000GZQ728,-0.0026891427,-0.013686743,6835577
20140717,16:00:00.000,BBG000BVPV84,0.011302099,-0.0099458555,3363736
20140717,16:00:00.000,BBG000BPH459,0.015570103,0.010665424,72297488
20140717,16:00:00.000,BBG000BCTLF6,0.0006766234,-0.019993264,96665160
20140717,16:00:00.000,BBG000BHSKN9,-0.0015375466,-0.01659024,2440705
20140717,16:00:00.000,BBG000CL9VN6,0.0071568564,-0.011630216,1853703
20140717,16:00:00.000,BBG000MM2P62,0.0057306336,-0.018035958,36449844
20140717,16:00:00.000,BBG000B9XRY4,-0.005023189,-0.017937027,51858440
