Date,Time,Id,CumReturnResid,CumReturnRaw,CumVolume
20150327,09:45:00.000,BBG000CNZC55,-0.006554664,0.003248577,156672
20150327,09:45:00.000,BBG000FH5YM1,-0.0028057827,-0.0013725505,746108
20150327,09:45:00.000,BBG000BLM0V1,-0.0018146933,0.0018738093,20474
20150327,09:45:00.000,BBG000HGYNZ9,-0.0003255159,-0.0122075975,140369
20150327,09:45:00.000,BBG000BF6RQ9,-0.00015465547,0.014048216,52521
20150327,09:45:00.000,BBG000BFV115,-0.010924566,-0.028389594,44385
20150327,09:45:00.000,BBG0015XMW40,0.0031364106,-0.006243012,9932
20150327,09:45:00.000,BBG000FBMY72,-0.012116508,-0.028891528,143179
20150327,09:45:00.000,BBG000BDWKC5,0.0036717923,0.0047118985,117621
20150327,09:45:00.000,BBG000G6BN50,0.007933936,0.014053919,17006
20150327,09:45:00.000,BBG000BLDV98,-0.009887981,0.00078156,91834
20150327,09:45:00.000,BBG000R0L5J4,-0.00088169496,-0.0010561687,34095
20150327,09:45:00.000,BBG006NV2Q11,0.0137207685,0.013730991,108612
20150327,09:45:00.000,BBG000BC2R71,0.0030387214,-0.004841501,47209
20150327,09:45:00.000,BBG000BN1XR3,0.0032852585,0.005606429,32354
20150327,09:45:00.000,BBG000GPXKX9,0.0010893882,0.005641191,12699
20150327,09:45:00.000,BBG000DV7MX4,0.00909902,0.018064318,339369
20150327,09:45:00.000,BBG000BGRKT6,-0.00027976523,0.0036754233,9963
20150327,09:45:00.000,BBG000BB5BF6,-0.012339311,-0.008124586,978867
20150327,09:45:00.000,BBG000BVB8Q0,0.0052380515,-3.3778984e-09,1359396
20150327,09:45:00.000,BBG000DGPR66,0.006319869,0.0075167073,101386
20150327,09:45:00.000,BBG000BQ74K1,-0.0035687576,-0.0073254732,30220
20150327,09:45:00.000,BBG000RNTSX0,-5.5683242e-05,0.006799688,22774
20150327,09:45:00.000,BBG000N746D6,-0.00019622105,-0.0032781735,157654
20150327,09:45:00.000,BBG000CR90K4,0.03841776,0.038688798,4234679
20150327,09:45:00.000,BBG000BVL2G3,-0.0007291452,-0.00944606,120595
20150327,09:45:00.000,BBG000BPQVR5,-0.0052446546,-0.0028853756,34474
20150327,09:45:00.000,BBG000CB8Q50,0.00074198056,0.0044731665,16643
20150327,09:45:00.000,BBG000D42FJ0,-0.0035372982,-0.015154298,167718
20150327,09:45:00.000,BBG003641015,0.0026727177,0.0037800982,111343
20150327,09:45:00.000,BBG000CPHYL4,0.0031904264,0.0030232328,87450
20150327,09:45:00.000,BBG000BKL348,4.6484465e-06,5.399606e-05,24587
20150327,09:45:00.000,BBG000BMF5J0,-0.00013496244,0.0091562355,536888
20150327,09:45:00.000,BBG000BCHG15,0.004826414,0.0058155525,15555
20150327,09:45:00.000,BBG000BJKPG0,-0.0032894528,0.0002549187,33625
20150327,09:45:00.000,BBG000HS74G6,0.00079745986,-0.006037053,98545
20150327,09:45:00.000,BBG000BVHBM1,-0.006031751,0.008084233,99007
20150327,09:45:00.000,BBG002PHSYX9,-0.015965937,-0.021604693,43880
20150327,09:45:00.000,BBG000D2ZTS8,-0.004830075,0.004630357,66501
20150327,09:45:00.000,BBG000BGYMH7,-0.0033817687,0.004079561,19420
20150327,09:45:00.000,BBG000PV2L86,-0.0045099296,0.0054290053,53480
20150327,09:45:00.000,BBG000FQ6PY6,0.00024923624,-0.0020507344,90588
20150327,09:45:00.000,BBG000R06BX2,0.005837261,0.005463321,64945
20150327,09:45:00.000,BBG000BCWKD6,-0.0013696032,-0.0039355773,78383
20150327,09:45:00.000,BBG000CPBCL8,-0.0012672313,-0.015220719,28231
20150327,09:45:00.000,BBG000B9X8C0,0.00025297503,0.00232077,101203
20150327,09:45:00.000,BBG000BDY3Y7,0.0013098911,0.001528963,33916
20150327,09:45:00.000,BBG001XJRMF5,-0.0086163515,-0.022897432,98328
20150327,09:45:00.000,BBG000BJ26K7,0.021157518,0.01608011,193721
20150327,09:45:00.000,BBG000BQ87N0,-0.0031993324,-0.0010018711,46318
20150327,09:45:00.000,BBG000C37332,0.0042895703,0.004315822,56232
20150327,09:45:00.000,BBG000C4ZZ10,0.011449202,0.013300707,93498
20150327,09:45:00.000,BBG000BPNP00,0.008255718,0.011207854,103788
20150327,09:45:00.000,BBG000BXBHJ4,-0.0006065918,-0.010926519,125685
20150327,09:45:00.000,BBG000FDBX90,0.0010538882,-0.004406455,157907
20150327,09:45:00.000,BBG000BKNX95,-0.004846077,-0.008031979,68546
20150327,09:45:00.000,BBG000BV4XJ1,0.002568471,0.020268835,24265
20150327,09:45:00.000,BBG000MQ1SN9,-0.0028648174,-0.00073987525,61849
20150327,09:45:00.000,BBG000KBQZ88,-0.0058295303,-0.0012402182,39379
20150327,09:45:00.000,BBG000BXNJ07,0.0038083426,0.009911574,369674
20150327,09:45:00.000,BBG000DLVDK3,0.0030253788,-0.0065147076,83233
20150327,09:45:00.000,BBG000BB03M1,0.011113692,-0.001974657,104532
20150327,09:45:00.000,BBG000BWGYF8,-0.0015297297,0.0052971276,26193
20150327,09:45:00.000,BBG000BPZBB6,0.0027989245,0.0009347505,98668
20150327,09:45:00.000,BBG000JKCWS0,-0.0047049546,-0.021156313,54020
20150327,09:45:00.000,BBG000BNPSQ9,0.015971765,0.03895523,72507
20150327,09:45:00.000,BBG000C060M4,-0.0004310364,-0.006505936,8594
20150327,09:45:00.000,BBG000BFDLV8,0.008577457,0.013963676,78843
20150327,09:45:00.000,BBG000C2V3D6,-0.00041825866,0.0027093282,43819
20150327,09:45:00.000,BBG000BC9938,0.0023791501,-0.0005469376,28997
20150327,09:45:00.000,BBG000C22QV7,-0.000322975,0.0033300775,30963
20150327,09:45:00.000,BBG000BMTFR4,-0.002979024,0.0023101887,101977
20150327,09:45:00.000,BBG000BKTT89,0.0010534942,0.004473374,21954
20150327,09:45:00.000,BBG000BWXL85,-0.005441699,-0.0060371608,144456
20150327,09:45:00.000,BBG0014GG205,0.012139899,0.010742525,311640
20150327,09:45:00.000,BBG000BGFZR8,-0.00022604555,0.003913094,72671
20150327,09:45:00.000,BBG000V31J96,0.002717921,0.0032503179,69753
20150327,09:45:00.000,BBG000BNNKG9,-0.0005621401,0.004061158,56724
20150327,09:45:00.000,BBG000BSSC44,-0.0026983828,-0.011848024,155481
20150327,09:45:00.000,BBG000BSY3K9,-0.00598544,-7.233072e-05,66036
20150327,09:45:00.000,BBG000BPMH90,-0.008011916,-0.017417898,46962
20150327,09:45:00.000,BBG000BX5ZF5,-0.0029165745,-0.003128199,341433
20150327,09:45:00.000,BBG000BR37X2,0.0012940238,-0.0022277646,85648
20150327,09:45:00.000,BBG000C9F2F9,-0.017410923,-0.0006353817,81445
20150327,09:45:00.000,BBG000D9KWL9,0.0061807707,-0.0027802277,70764
20150327,09:45:00.000,BBG000PLXQQ3,-0.0020632676,0.00042921305,18347
20150327,09:45:00.000,BBG000HZFZX3,-0.00708392,-0.0012111525,43119
20150327,09:45:00.000,BBG000BDXGP9,0.0133033,0.016836938,164372
20150327,09:45:00.000,BBG000BB29X4,-0.00060978805,0.0001258662,34713
20150327,09:45:00.000,BBG001C7TST4,-0.0019356888,0.002601244,79527
20150327,09:45:00.000,BBG000BMKDM3,0.002023598,0.0034918536,78237
20150327,09:45:00.000,BBG000FFH4P5,-0.002438686,-0.005815497,44572
20150327,09:45:00.000,BBG000C75N77,0.0028312462,-0.008771047,65827
20150327,09:45:00.000,BBG000C221G9,-0.003394339,-0.0062056226,89730
20150327,09:45:00.000,BBG000BKXFN7,-0.0023713375,-0.029588843,185506
20150327,09:45:00.000,BBG000BWP7D9,-0.0033809503,0.0014327356,48701
20150327,09:45:00.000,BBG000DY8ZS4,-0.008717056,-0.02935351,505441
20150327,09:45:00.000,BBG000BFL116,0.0058772955,0.0045281122,110431
20150327,09:45:00.000,BBG000BKLH74,0.0014025071,0.00247676,89586
20150327,09:45:00.000,BBG000BS9489,0.00045793358,0.0035130891,31147
20150327,09:45:00.000,BBG000BP8Z50,0.00040221997,-0.00022925762,66197
20150327,09:45:00.000,BBG000BS7KS3,0.0014973454,0.00027732144,64961
20150327,09:45:00.000,BBG000BMZ7P7,-0.0022673362,-0.008192362,55690
20150327,09:45:00.000,BBG000FBK808,-0.018429821,-0.03785494,529984
20150327,09:45:00.000,BBG000R8ZVD1,-0.008167656,-0.001407166,220996
20150327,09:45:00.000,BBG000BLMZK6,-0.0057682004,0.0036481544,49515
20150327,09:45:00.000,BBG000BQSQ38,-0.0021779372,0.0028561433,94507
20150327,09:45:00.000,BBG000BBL0Y1,-0.0017747186,0.012849317,59224
20150327,09:45:00.000,BBG001QZCPJ2,0.009348459,0.023785252,177874
20150327,09:45:00.000,BBG000CVWGS6,0.0011873619,0.005339638,227830
20150327,09:45:00.000,BBG000BCNYT9,0.0010274688,-0.008866497,413636
20150327,09:45:00.000,BBG000PVRDL2,-0.0011988094,-0.011442226,388653
20150327,09:45:00.000,BBG000BJQWD2,0.0017929196,0.0045752353,57616
20150327,09:45:00.000,BBG000C9W1Y1,-0.001157887,-0.002171993,206587
20150327,09:45:00.000,BBG000BJ49H3,0.004929447,0.0008455282,121189
20150327,09:45:00.000,BBG000BFVXX0,-0.0032596202,0.0004400301,125093
20150327,09:45:00.000,BBG000FLZN98,0.0005537304,0.0048019895,31844
20150327,09:45:00.000,BBG000FLPRH1,-0.0025201011,-0.007607291,75870
20150327,09:45:00.000,BBG000BYWTX7,0.00017409647,0.0040092994,474776
20150327,09:45:00.000,BBG000BY33P5,-0.0024456074,0.0008966359,191245
20150327,09:45:00.000,BBG000BBB3K1,-0.00015077599,0.0037055684,132266
20150327,09:45:00.000,BBG000DN7P92,0.0021245491,0.007182653,77932
20150327,09:45:00.000,BBG000BBMSJ6,0.004169227,0.006652278,114274
20150327,09:45:00.000,BBG000BH2JM1,0.0009909502,0.00042969675,186461
20150327,09:45:00.000,BBG000BFS7D3,-0.002229598,0.00054726336,29310
20150327,09:45:00.000,BBG000CKVSG8,-0.012115449,-0.022433097,183370
20150327,09:45:00.000,BBG000BB6G37,0.00025123937,0.0033092203,96265
20150327,09:45:00.000,BBG000BM7HL0,0.004993843,0.008345416,93959
20150327,09:45:00.000,BBG000BCYP43,0.00046945363,0.006990767,11984
20150327,09:45:00.000,BBG000BV75B7,-0.0034650154,-0.004345474,83682
20150327,09:45:00.000,BBG000TWC2V5,0.00023614278,0.002719167,41618
20150327,09:45:00.000,BBG000BLW530,-0.00043573263,-0.006829027,65767
20150327,09:45:00.000,BBG000BKWSR6,0.0004683535,-0.0055172946,636802
20150327,09:45:00.000,BBG000C2YHG9,-0.004741724,-0.0027012345,50048
20150327,09:45:00.000,BBG000BRQ6L2,-0.0025809014,0.013495286,533731
20150327,09:45:00.000,BBG000BQHGR6,-0.0043986603,-0.014947379,58570
20150327,09:45:00.000,BBG000BN9WT5,0.0025371872,0.004714427,124923
20150327,09:45:00.000,BBG000BVWLJ6,-0.004432207,-0.0036313091,76620
20150327,09:45:00.000,BBG000BKQ3V3,-0.0060816524,-0.032819375,744031
20150327,09:45:00.000,BBG000H0QBS7,-0.0014339883,0.001937142,48986
20150327,09:45:00.000,BBG000H4YVR7,0.003964568,0.023024883,60475
20150327,09:45:00.000,BBG000PYZSR8,0.0024838243,0.0029983926,14000
20150327,09:45:00.000,BBG007TJF1N7,0.013976784,0.02299654,165528
20150327,09:45:00.000,BBG000C2ZCH8,0.0029424147,0.0051330603,79701
20150327,09:45:00.000,BBG000BTCH57,-0.0054887515,-0.0011626239,71788
20150327,09:45:00.000,BBG000BR54L0,0.0053744824,0.019521542,381349
20150327,09:45:00.000,BBG000BB5373,-0.001512612,0.00051587453,315909
20150327,09:45:00.000,BBG000BHZ5J9,0.0032920165,-0.005818079,48623
20150327,09:45:00.000,BBG000CXD6X9,0.004555126,0.010542637,74371
20150327,09:45:00.000,BBG000BKZTP3,0.008108468,0.0009167173,46923
20150327,09:45:00.000,BBG000BB1TH9,-0.0036399602,-0.011396143,38608
20150327,09:45:00.000,BBG000D5S4M0,0.0074387346,0.01292911,32303
20150327,09:45:00.000,BBG000BN84F3,-0.0047095106,-0.0025046978,472100
20150327,09:45:00.000,BBG000HW5GX3,0.0012591603,-0.011975064,221600
20150327,09:45:00.000,BBG000CHPY97,-0.0077640554,-0.021758392,419566
20150327,09:45:00.000,BBG000D2M0Z7,0.0008241117,4.1834217e-05,27155
20150327,09:45:00.000,BBG000BF1R66,0.0056302715,0.0021526895,42960
20150327,09:45:00.000,BBG000BJ8YN7,-0.0013594398,-0.008440898,111525
20150327,09:45:00.000,BBG000G9CGL0,0.0012053249,0.009974783,28577
20150327,09:45:00.000,BBG000BQ8KV2,-0.006300239,-0.015451107,125718
20150327,09:45:00.000,BBG000BVMPN3,0.00231644,-0.002526101,47671
20150327,09:45:00.000,BBG000BGD7W6,-0.001837706,0.0074466867,56611
20150327,09:45:00.000,BBG000BC15S7,0.00561954,0.0030742188,71080
20150327,09:45:00.000,BBG000Q2HM09,0.010143703,0.012142908,104468
20150327,09:45:00.000,BBG000BQVTF5,-0.0025164934,-0.008103946,70813
20150327,09:45:00.000,BBG000VC0T95,-0.0041182567,0.00035684387,69863
20150327,09:45:00.000,BBG000F86GP6,0.0029848816,0.0024492815,36444
20150327,09:45:00.000,BBG000BWVSR1,-0.00036048752,0.0033698631,60570
20150327,09:45:00.000,BBG000BX8DC4,0.006272036,0.0127295265,71292
20150327,09:45:00.000,BBG000BHCP19,-0.0019510512,0.0011410475,56760
20150327,09:45:00.000,BBG000BK6G19,-0.0048243785,-0.014746769,94322
20150327,09:45:00.000,BBG000RGM5P1,-0.0051024454,-0.0004957361,44560
20150327,09:45:00.000,BBG000BF5RY1,-0.0023459562,-0.0028600646,73066
20150327,09:45:00.000,BBG000BP4MH0,-0.00020333777,-0.00044954196,119529
20150327,09:45:00.000,BBG000D8RG11,0.0032808473,0.0040560705,126681
20150327,09:45:00.000,BBG000FP1N32,-0.0050754067,-0.009846629,193765
20150327,09:45:00.000,BBG000BLHRS2,0.0023319486,0.0049507744,27675
20150327,09:45:00.000,BBG000TJM7F0,-0.0037656953,-0.0010111936,92880
20150327,09:45:00.000,BBG000J1QLT0,-0.0026821608,0.002046333,44778
20150327,09:45:00.000,BBG000BBBNC6,0.00314867,-0.0053539616,112257
20150327,09:45:00.000,BBG000BY2Y78,-0.00027003078,-0.005135861,200866
20150327,09:45:00.000,BBG000BM6788,0.00026839218,-0.0004449218,61987
20150327,09:45:00.000,BBG000C1FQS9,-0.00023331921,-0.0007842526,30834
20150327,09:45:00.000,BBG000BBJQV0,0.0013728635,0.0057228636,289238
20150327,09:45:00.000,BBG000BTQR96,0.0033263166,0.0029521682,38065
20150327,09:45:00.000,BBG000CXYSZ6,0.0045409063,0.005836098,27067
20150327,09:45:00.000,BBG000BB5792,0.03633126,0.05105666,813373
20150327,09:45:00.000,BBG000BNGTQ7,0.004153412,0.011249604,61447
20150327,09:45:00.000,BBG000BZTW70,-0.013846831,-0.04183477,631490
20150327,09:45:00.000,BBG000G0Z878,-0.0019918068,-0.0065251333,182788
20150327,09:45:00.000,BBG000BFNR17,0.004047135,0.005653506,21067
20150327,09:45:00.000,BBG002BHBHM1,0.007711231,0.020314699,45550
20150327,09:45:00.000,BBG000BC4JJ4,-0.0021450475,-0.0022491363,55453
20150327,09:45:00.000,BBG000F15NW9,0.0029973197,0.007232771,35503
20150327,09:45:00.000,BBG000BKR1D6,0.0036268393,-0.002880655,17674
20150327,09:45:00.000,BBG000BCTQ65,-0.008301448,-0.007875247,352500
20150327,09:45:00.000,BBG000BNNYW1,-0.012513865,-0.009668237,451888
20150327,09:45:00.000,BBG000BBCDZ2,-0.0009152998,-0.0006174176,116520
20150327,09:45:00.000,BBG000BRK7L6,0.005101287,-0.008869108,340210
20150327,09:45:00.000,BBG000DQTXY6,-0.001046487,0.0138654215,190477
20150327,09:45:00.000,BBG000BRXP69,0.0053524105,0.01448288,36006
20150327,09:45:00.000,BBG000BL9JQ1,-0.00084310095,-0.002221122,95625
20150327,09:45:00.000,BBG000DTMH63,-0.007755824,-0.032027196,324282
20150327,09:45:00.000,BBG000BJPDZ1,-0.006750652,-0.0028851754,22287
20150327,09:45:00.000,BBG000BXWBN9,-0.0006756052,0.0032214655,75537
20150327,09:45:00.000,BBG000C2PW58,0.00068841176,-0.0020157224,24789
20150327,09:45:00.000,BBG000D13GN8,0.0034354401,0.010163868,35185
20150327,09:45:00.000,BBG000BB6M98,0.0030992453,-0.0008645037,63626
20150327,09:45:00.000,BBG000BGYWY6,-0.0031346432,0.0052794483,30174
20150327,09:45:00.000,BBG000BHB3M6,0.006983901,0.0016545892,175460
20150327,09:45:00.000,BBG000G3QLY3,-0.00097425084,-0.00533475,54892
20150327,09:45:00.000,BBG000BSBZH7,-0.002971271,0.004770444,57695
20150327,09:45:00.000,BBG000F7RCJ1,-0.002170689,0.007930723,17603
20150327,09:45:00.000,BBG0039320N9,-0.0070158592,0.000976013,129751
20150327,09:45:00.000,BBG000BTZQC4,-0.008799474,-0.010056438,274640
20150327,09:45:00.000,BBG001M8HHB7,0.0011841559,0.0023321523,38782
20150327,09:45:00.000,BBG000CZWZ05,0.073286444,0.09359996,1155102
20150327,09:45:00.000,BBG000QY3XZ2,0.015768608,0.018111657,67707
20150327,09:45:00.000,BBG000BHLYP4,-0.00863541,-0.0071215266,93547
20150327,09:45:00.000,BBG000CHWP52,-0.0033866707,-0.0074348375,99773
20150327,09:45:00.000,BBG000QFJ7H3,-0.004557504,-0.022976369,392367
20150327,09:45:00.000,BBG000BFTJ91,-0.000954002,-2.4068984e-07,115616
20150327,09:45:00.000,BBG000BZ2GG4,0.006952875,-0.009039188,92972
20150327,09:45:00.000,BBG000FKJRC5,-0.0070778695,-0.0024891784,33675
20150327,09:45:00.000,BBG000BKPL53,0.00095842493,0.005619418,70807
20150327,09:45:00.000,BBG000BNC3Y9,-0.006002375,-0.012538244,51961
20150327,09:45:00.000,BBG000BNFLM9,-0.0024316814,0.006535807,275139
20150327,09:45:00.000,BBG000BWCKB6,0.0017406297,0.009476745,71077
20150327,09:45:00.000,BBG000BR14K5,0.003946392,0.0014922367,71866
20150327,09:45:00.000,BBG0014GJCT9,0.00673313,0.017839396,142465
20150327,09:45:00.000,BBG000BRRG02,-0.0006132809,-0.0016259091,74480
20150327,09:45:00.000,BBG000BP1Q11,-0.00018928324,0.0014398043,99530
20150327,09:45:00.000,BBG000P1F8Q7,-0.011664667,0.00028478773,78126
20150327,09:45:00.000,BBG000BCVMH9,0.0007973586,-0.0063498146,88821
20150327,09:45:00.000,BBG000D7RKJ5,0.0024444931,0.0036808224,76802
20150327,09:45:00.000,BBG000FNRZ69,0.014832333,0.0033956268,357100
20150327,09:45:00.000,BBG000BTKGG8,0.0027101783,-0.0054047974,253436
20150327,09:45:00.000,BBG001QD41M9,-0.0020401531,-0.00058515347,48388
20150327,09:45:00.000,BBG000D9DMK0,0.004129573,0.007670573,75304
20150327,09:45:00.000,BBG000BH5DV1,-0.005350963,-0.0017536678,95710
20150327,09:45:00.000,BBG000BMQPL1,0.0002586076,-0.007069614,505845
20150327,09:45:00.000,BBG000BMDV41,-0.00073514285,-0.0024391194,123389
20150327,09:45:00.000,BBG000BQZMH4,-0.0038608112,-0.0012143407,78260
20150327,09:45:00.000,BBG000BS0ZF1,-0.0010864688,-0.0032196147,21823
20150327,09:45:00.000,BBG000BGLRN3,-0.008421369,-0.010267606,148180
20150327,09:45:00.000,BBG000C0F570,-0.00037811746,0.00075022964,157465
20150327,09:45:00.000,BBG000D6L294,-0.007372601,-0.017250413,31665
20150327,09:45:00.000,BBG000BM5SR2,0.004910125,0.005718897,126320
20150327,09:45:00.000,BBG000BYYLS8,0.0014912294,-0.0051727393,356672
20150327,09:45:00.000,BBG000BF6LY3,0.042335276,0.051873468,1416013
20150327,09:45:00.000,BBG000BCBCM7,-4.5385594e-05,0.0056197913,274126
20150327,09:45:00.000,BBG000BJ2VQ6,0.0010403041,-0.027656134,200316
20150327,09:45:00.000,BBG000BJ98Z0,-0.0015388799,0.0074389135,73966
20150327,09:45:00.000,BBG000BLCPY4,0.007909597,-0.020119952,115412
20150327,09:45:00.000,BBG000D898T9,-0.0016087397,0.0043742023,92558
20150327,09:45:00.000,BBG000BMBL90,0.0037568582,0.0035922201,89651
20150327,09:45:00.000,BBG000BSXQV7,-2.1734446e-05,0.005384808,35424
20150327,09:45:00.000,BBG000FVXD63,0.009282504,-0.006161257,135255
20150327,09:45:00.000,BBG000BVMGF2,-0.0008225414,-0.0031330967,111339
20150327,09:45:00.000,BBG000C11MQ5,-0.023199612,0.0019305355,32620
20150327,09:45:00.000,BBG000BPQD31,-0.0016699029,0.0013734835,279706
20150327,09:45:00.000,BBG000BB5006,-0.0011403535,0.0035634032,133602
20150327,09:45:00.000,BBG000BHKYH4,-0.002903321,-0.0031947396,54181
20150327,09:45:00.000,BBG000D1QCF1,0.0016340665,-0.012571258,93046
20150327,09:45:00.000,BBG000CSY9H9,0.0032670472,0.00887639,149239
20150327,09:45:00.000,BBG000BRJ809,-0.0007319895,0.00029374976,22558
20150327,09:45:00.000,BBG000CNFQW6,-0.0032233326,0.00021290025,26002
20150327,09:45:00.000,BBG000BXM6V2,-0.0031426756,0.006613357,173211
20150327,09:45:00.000,BBG000BCGY17,0.0012312782,0.0024749641,96141
20150327,09:45:00.000,BBG000DKCC19,-0.0024984623,0.0010480962,79458
20150327,09:45:00.000,BBG000BKCFC2,-0.00096965395,0.0005559868,216180
20150327,09:45:00.000,BBG000BTVJ25,0.0031022984,0.0050150673,296498
20150327,09:45:00.000,BBG000BN5HF7,-0.0026206495,0.009409894,107384
20150327,09:45:00.000,BBG000Q3JN03,0.007922847,-0.00214714,1309739
20150327,09:45:00.000,BBG0020B4JG7,-0.012397791,-0.0053428737,345689
20150327,09:45:00.000,BBG000BR3KL6,0.0029036114,-0.00017045565,35150
20150327,09:45:00.000,BBG000BRWGG9,-0.004731524,0.006101276,1050459
20150327,09:45:00.000,BBG001LWHLJ8,0.013287966,0.015156805,506808
20150327,09:45:00.000,BBG000C7LMS8,-0.0023986052,0.0055735507,15481
20150327,09:45:00.000,BBG000BPT0C6,0.0136321215,-0.0029206658,203532
20150327,09:45:00.000,BBG000BSD7C2,-0.0013460747,0.0008272106,119088
20150327,09:45:00.000,BBG000BRJL00,-0.0027527767,-0.0021201326,205385
20150327,09:45:00.000,BBG000C1FB75,-0.0021357534,0.0005007188,16199
20150327,09:45:00.000,BBG000BJ3PD2,-0.0010874976,-0.0023244563,109522
20150327,09:45:00.000,BBG000BHLYS1,0.011078141,0.016837997,847595
20150327,09:45:00.000,BBG000JWD753,-0.004853808,-0.0010055037,193406
20150327,09:45:00.000,BBG000BXMFC3,-0.007985745,-0.016963186,143305
20150327,09:45:00.000,BBG000CGQ6M4,0.0027420302,-0.0005390594,84947
20150327,09:45:00.000,BBG000DNTSP4,0.0030016485,-0.0068084984,176195
20150327,09:45:00.000,BBG000BFXHL6,-0.01087002,-0.0098448275,237953
20150327,09:45:00.000,BBG000BJL3N0,0.0010067751,-0.008962141,830717
20150327,09:45:00.000,BBG000JG0547,-0.0027517986,0.0023694707,95317
20150327,09:45:00.000,BBG000BWSV34,-0.002737288,0.0031365845,19646
20150327,09:45:00.000,BBG000BB6WG8,0.00086273416,-0.00064783794,191014
20150327,09:45:00.000,BBG000BCWCG1,-0.0018936037,0.0063795173,298735
20150327,09:45:00.000,BBG000BB9KF2,0.00246548,0.003162628,139494
20150327,09:45:00.000,BBG000C3HSR0,-0.0025497812,-0.004682779,50199
20150327,09:45:00.000,BBG000BFMBQ6,-0.0001632739,0.011882579,75444
20150327,09:45:00.000,BBG000BP0KQ8,0.013687196,0.024253072,289648
20150327,09:45:00.000,BBG000BQWPC5,-0.007389288,-0.00076946255,92971
20150327,09:45:00.000,BBG001YMS0B8,0.029498804,0.032170236,2322071
20150327,09:45:00.000,BBG000C0LW92,0.004872464,0.012611205,500467
20150327,09:45:00.000,BBG000MDCQC2,0.0032542737,0.008919354,78916
20150327,09:45:00.000,BBG000BK67C7,-0.0010806588,0.0020807537,54668
20150327,09:45:00.000,BBG000BY29C7,0.0028390416,0.009094181,148497
20150327,09:45:00.000,BBG000BSLZY7,0.0016694628,-0.002687579,395574
20150327,09:45:00.000,BBG000BLKK03,-0.0043544774,0.007010448,70534
20150327,09:45:00.000,BBG000C2BXK4,-0.0021928307,0.004204835,478829
20150327,09:45:00.000,BBG000BCZYD3,-0.0010101254,0.0069485097,32198
20150327,09:45:00.000,BBG000R7RDB4,-0.001985513,-0.013774476,41112
20150327,09:45:00.000,BBG000C3GN47,0.009634733,0.00034473062,241020
20150327,09:45:00.000,BBG000BMW2Z0,-0.0011072659,-0.0001880384,64905
20150327,09:45:00.000,BBG000BKFZM4,0.0021158305,0.006231861,458430
20150327,09:45:00.000,BBG000G2R6M0,-0.00059649907,-0.0123754535,433552
20150327,09:45:00.000,BBG000C1S2X2,-0.0060379426,0.010287796,79871
20150327,09:45:00.000,BBG000F0KF42,0.0015621987,-0.004483809,142358
20150327,09:45:00.000,BBG000CS7CT9,-0.005807532,0.0014001405,155977
20150327,09:45:00.000,BBG000CPQZ77,-0.004121016,0.0040264344,145427
20150327,09:45:00.000,BBG000C8H633,-0.0050692093,-0.015539128,343640
20150327,09:45:00.000,BBG000JH6683,0.009708509,0.03393567,368399
20150327,09:45:00.000,BBG000BLBXT4,0.0016809987,0.007253669,209251
20150327,09:45:00.000,BBG000BB07P9,0.0025117183,-0.011499627,716885
20150327,09:45:00.000,BBG000BX3TD3,-0.0010982868,-0.018328357,440908
20150327,09:45:00.000,BBG000F80SZ5,0.0032593722,0.010304722,376947
20150327,09:45:00.000,BBG000BKFBD7,0.0002152241,-0.0056325546,98704
20150327,09:45:00.000,BBG000BPWXK1,0.01920836,0.00902745,618691
20150327,09:45:00.000,BBG000BH5LT6,-0.005912483,-0.036891833,866819
20150327,09:45:00.000,BBG000BBD070,-0.002584103,-0.014662034,86784
20150327,09:45:00.000,BBG000BWJFZ4,-0.0023516999,-0.0004079199,23916
20150327,09:45:00.000,BBG000BWNFZ9,0.0008262743,-0.0011747929,120066
20150327,09:45:00.000,BBG000BH3JF8,-0.00045059255,0.0010673108,97187
20150327,09:45:00.000,BBG000C0HQ54,0.005611798,0.014063743,106775
20150327,09:45:00.000,BBG000FL1TC8,-0.0007907812,-0.0007584213,121348
20150327,09:45:00.000,BBG000BV8DN6,-0.0021018137,0.0023173408,118002
20150327,09:45:00.000,BBG0029SNR63,-0.0048100157,0.0012749002,83786
20150327,09:45:00.000,BBG000DYGNW7,-0.0034905132,0.0011940496,37405
20150327,09:45:00.000,BBG000QW7VC1,0.006578608,0.00834246,93442
20150327,09:45:00.000,BBG000BFQYY3,-0.0003734091,0.0003636299,146244
20150327,09:45:00.000,BBG000BGVW60,-0.0026920817,-0.0010661761,142840
20150327,09:45:00.000,BBG000C1BW00,-0.0066425577,0.00034916986,55300
20150327,09:45:00.000,BBG000BJ81C1,7.652951e-05,-0.002622083,64412
20150327,09:45:00.000,BBG000BFDXW1,0.0043892832,0.0096096285,320759
20150327,09:45:00.000,BBG000BSC0K9,0.0019566312,0.0102449935,94922
20150327,09:45:00.000,BBG000BD8PN9,-0.005574457,-0.009044147,298889
20150327,09:45:00.000,BBG000DSMS70,-0.00918915,0.0054225614,39074
20150327,09:45:00.000,BBG000BQ5DS5,-0.0017022854,-0.008468278,124845
20150327,09:45:00.000,BBG000G30YX4,0.0033149188,0.015874887,71793
20150327,09:45:00.000,BBG000BQ2C28,-0.0019359444,0.0033277238,43639
20150327,09:45:00.000,BBG000BN2DC2,-0.0024004842,0.00075746153,108134
20150327,09:45:00.000,BBG000LD9JQ8,-0.00883125,-0.002995435,72168
20150327,09:45:00.000,BBG000BGKTF9,0.002204137,-0.0032472142,122401
20150327,09:45:00.000,BBG000BBVJZ8,-0.005331325,-0.014650868,124230
20150327,09:45:00.000,BBG000D9D830,-0.009134789,-0.009554638,297339
20150327,09:45:00.000,BBG000BJSBJ0,0.0019995703,0.0028715068,69242
20150327,09:45:00.000,BBG000BH1NH9,0.002591438,-0.0046339924,101436
20150327,09:45:00.000,BBG000BVDLH9,0.0013806282,0.006047235,47408
20150327,09:45:00.000,BBG000FJLFX8,0.0040672077,0.014443621,131679
20150327,09:45:00.000,BBG000MZFMS2,-0.011422777,-2.9136721e-05,55849
20150327,09:45:00.000,BBG000C4DPX1,-0.0031997908,0.008818694,135405
20150327,09:45:00.000,BBG000C0MF34,0.0024552091,-0.0041887364,22045
20150327,09:45:00.000,BBG000QBR5J5,0.0042015365,-0.0014081331,142016
20150327,09:45:00.000,BBG000BCVJ77,-0.002222636,0.0022049842,145051
20150327,09:45:00.000,BBG000QX74T1,0.00244096,0.011136036,25528
20150327,09:45:00.000,BBG000BBDV81,-0.0055890507,-0.0005596256,192719
20150327,09:45:00.000,BBG000HCJMF9,-0.0050973725,-0.01330338,142097
20150327,09:45:00.000,BBG000C46HM9,-0.0013217253,0.0056903646,172984
20150327,09:45:00.000,BBG000BGPTV6,-0.00031499914,-0.003326166,73583
20150327,09:45:00.000,BBG000BRD0D8,0.0024584634,-0.0057841,225880
20150327,09:45:00.000,BBG000BGJRC8,-0.0012721302,-0.0081167035,297253
20150327,09:45:00.000,BBG000DHSPT0,0.0068579046,0.0021556218,156656
20150327,09:45:00.000,BBG000J6XT05,0.0018068854,0.0009226313,410345
20150327,09:45:00.000,BBG000BH3GZ2,9.0809546e-05,0.004328314,75153
20150327,09:45:00.000,BBG000BTR593,-0.0048433254,-0.015531298,245434
20150327,09:45:00.000,BBG000B9ZXB4,0.002205319,0.007526071,208753
20150327,09:45:00.000,BBG000BL4504,-0.0009981429,-0.016859751,1692500
20150327,09:45:00.000,BBG000BNBDC2,-0.0028040495,0.002858555,145004
20150327,09:45:00.000,BBG000C734W3,0.002550796,0.017407442,79140
20150327,09:45:00.000,BBG000BWLMJ4,-0.0014159912,0.0069875526,447474
20150327,09:45:00.000,BBG000H556T9,0.0010393489,0.0009298047,157181
20150327,09:45:00.000,BBG000BVPPM1,0.0008259289,0.0074589793,83262
20150327,09:45:00.000,BBG000BCG930,0.011527706,0.02295094,214429
20150327,09:45:00.000,BBG000BJF1Z8,-0.006291171,-0.0024469108,59204
20150327,09:45:00.000,BBG000BND699,0.010230105,0.017026529,445647
20150327,09:45:00.000,BBG000BD4VG8,0.0021934393,-0.0077159544,165169
20150327,09:45:00.000,BBG000BC2C10,-0.0013727369,-0.011617308,155850
20150327,09:45:00.000,BBG000NV1KK7,0.0052577737,0.009694325,141064
20150327,09:45:00.000,BBG000BLZRJ2,-0.00061840465,-0.0047747083,605780
20150327,09:45:00.000,BBG000F6H8W8,-0.0005404329,0.004763979,115660
20150327,09:45:00.000,BBG000BMY992,-0.0004150134,0.007949641,164367
20150327,09:45:00.000,BBG000BT9DW0,0.004439984,0.0018287197,564344
20150327,09:45:00.000,BBG000PX3XC0,0.0076541626,-0.010150553,869616
20150327,09:45:00.000,BBG000BWXBC2,-0.0045364453,-0.0023205162,328066
20150327,09:45:00.000,BBG000BB6KF5,5.217131e-05,-0.0065225265,365150
20150327,09:45:00.000,BBG000FFDM15,0.0010592372,-0.0059255455,374578
20150327,09:45:00.000,BBG000KLB4Q1,0.004024956,0.016713928,1095678
20150327,09:45:00.000,BBG001DCCGR8,-0.00034832288,0.0009913592,96234
20150327,09:45:00.000,BBG000BVV7G1,-0.0014775608,0.0017919426,201407
20150327,09:45:00.000,BBG000BHGDH5,0.0004386335,0.0023536566,133948
20150327,09:45:00.000,BBG000BWVCP8,0.007326188,-0.0012180147,247385
20150327,09:45:00.000,BBG000C15T95,-0.0023484956,0.002228727,78291
20150327,09:45:00.000,BBG000D4LWF6,-0.0017510678,0.0008591943,879631
20150327,09:45:00.000,BBG000B9WH86,0.005444421,-0.006984793,987605
20150327,09:45:00.000,BBG000Q9HH23,-0.003624344,0.005022325,23022
20150327,09:45:00.000,BBG00286S4N9,0.0025715607,-0.0015931233,127030
20150327,09:45:00.000,BBG000BHX7N2,-0.0032463463,-0.005755825,212142
20150327,09:45:00.000,BBG000L9CV04,-0.006771055,-0.0027418402,175480
20150327,09:45:00.000,BBG000BH13K9,0.00062047195,0.0019511459,390122
20150327,09:45:00.000,BBG000FG3C43,-0.019080998,-0.023868686,1457005
20150327,09:45:00.000,BBG000C496P7,0.009233446,0.008196752,314678
20150327,09:45:00.000,BBG000BXRPH1,-0.00044817393,-0.013015918,44162
20150327,09:45:00.000,BBG000BNJHS8,-0.0010196813,0.015865458,430467
20150327,09:45:00.000,BBG000BBPFB9,0.0014749116,0.0075877807,2077970
20150327,09:45:00.000,BBG000WCFV84,-0.0063652904,-0.011665785,315406
20150327,09:45:00.000,BBG0019JZ882,0.003926389,-3.3100754e-08,416653
20150327,09:45:00.000,BBG000H89QJ6,-0.0016260624,-0.0030071905,51314
20150327,09:45:00.000,BBG000BFWKC0,-0.0005293328,0.00022279484,114496
20150327,09:45:00.000,BBG000C5HS04,-0.001127709,0.0059895455,133711
20150327,09:45:00.000,BBG000BJX8C8,0.011154016,-0.0036776238,337094
20150327,09:45:00.000,BBG000BNDN65,0.0013046025,0.009882688,236328
20150327,09:45:00.000,BBG000BP52R2,-0.0005936846,0.0010763549,96213
20150327,09:45:00.000,BBG000M65M61,0.006729569,0.02293922,286633
20150327,09:45:00.000,BBG000BP6LJ8,-0.0018449017,0.0014001705,477315
20150327,09:45:00.000,BBG000F0PF65,-0.00070582854,0.00017690314,94122
20150327,09:45:00.000,BBG000H8TVT2,0.005426734,0.0103164315,194578
20150327,09:45:00.000,BBG000DQLV23,0.0073703183,0.014383604,308485
20150327,09:45:00.000,BBG000BHBK84,0.03266361,0.031548563,3025101
20150327,09:45:00.000,BBG000DLFM21,-0.013683112,-0.0012095529,75024
20150327,09:45:00.000,BBG000BJDB15,-0.0046391077,-0.025634525,2462357
20150327,09:45:00.000,BBG000CTQBF3,-0.0027701147,0.0058904816,310069
20150327,09:45:00.000,BBG000BQQ2S6,-0.0028304968,-0.013294313,164700
20150327,09:45:00.000,BBG000BHVJJ3,-0.008871217,-0.013552757,2565298
20150327,09:45:00.000,BBG000F1ZSQ2,-0.002902871,-5.6928595e-05,258748
20150327,09:45:00.000,BBG000BQPC32,0.0040378734,-0.00062480837,1386977
20150327,09:45:00.000,BBG000C43RR5,0.00039926288,0.003825208,324383
20150327,09:45:00.000,BBG000CH5208,-0.0028098715,0.006406444,148390
20150327,09:45:00.000,BBG000J2XL74,-0.00020487531,-0.0015721066,269122
20150327,09:45:00.000,BBG000BC40Y8,-0.00054406363,-0.010813239,163410
20150327,09:45:00.000,BBG000KHWT55,-0.0057359864,-0.009370541,1342771
20150327,09:45:00.000,BBG000BW8S60,4.4378576e-05,0.0024551684,166941
20150327,09:45:00.000,BBG000BZ9223,0.0007078877,-0.010015935,195005
20150327,09:45:00.000,BBG000DWYF03,0.00074595935,0.00058930216,700952
20150327,09:45:00.000,BBG000BBGGQ1,-0.0012331683,-0.00023662677,590357
20150327,09:45:00.000,BBG000BBDZG3,0.0026428637,-0.0011075602,584593
20150327,09:45:00.000,BBG000BQLTW7,-0.0050099203,-0.0060486975,1023508
20150327,09:45:00.000,BBG000NDYB67,-0.0013101872,-0.0045521846,622942
20150327,09:45:00.000,BBG000C6CFJ5,-0.00028782414,-0.0048039034,107616
20150327,09:45:00.000,BBG000BGRY34,-0.0015850482,0.007744856,228535
20150327,09:45:00.000,BBG000DH7JK6,-0.0034364488,-0.0026143491,231466
20150327,09:45:00.000,BBG000BW3299,-0.0047438014,-0.008179857,466603
20150327,09:45:00.000,BBG000DWG505,0.004633778,0.002936217,320786
20150327,09:45:00.000,BBG000BF0K17,0.0011222141,-0.009452301,610817
20150327,09:45:00.000,BBG000R7Z112,0.003169733,0.016785666,763088
20150327,09:45:00.000,BBG000BCSST7,0.0011982516,0.0059058163,190934
20150327,09:45:00.000,BBG000BQQH30,-0.0014659271,-0.010987138,365020
20150327,09:45:00.000,BBG000BCQZS4,0.0037371574,-0.0032485374,417909
20150327,09:45:00.000,BBG000BMX289,-0.0036294803,-0.001982975,934993
20150327,09:45:00.000,BBG000BNWG87,0.00096264563,0.0075041736,294995
20150327,09:45:00.000,BBG000BBS2Y0,-0.00082895136,0.009217099,195718
20150327,09:45:00.000,BBG000BH4R78,-0.0024105322,0.0006650173,314848
20150327,09:45:00.000,BBG005P7Q881,0.0033496947,0.02038418,793296
20150327,09:45:00.000,BBG000BKZB36,0.0016122826,0.007919254,330118
20150327,09:45:00.000,BBG000GFFQN9,0.017272394,0.020685766,1959737
20150327,09:45:00.000,BBG0025Y4RY4,0.005190662,0.009512231,413211
20150327,09:45:00.000,BBG000BFC8J2,-0.005612496,0.007903044,579909
20150327,09:45:00.000,BBG000H6HNW3,0.0060500517,0.015222877,1648417
20150327,09:45:00.000,BBG000BNSZP1,-0.0038355535,0.0019495719,207025
20150327,09:45:00.000,BBG000N9MNX3,-0.015006623,-0.013996404,625666
20150327,09:45:00.000,BBG000BPD168,-0.00084728614,0.0036460077,477792
20150327,09:45:00.000,BBG000BKTFN2,0.008577988,-0.0077591715,808856
20150327,09:45:00.000,BBG000C17X76,-0.0056346958,0.007201264,192399
20150327,09:45:00.000,BBG000BR2TH3,0.00054467557,0.00249545,475421
20150327,09:45:00.000,BBG000PSKYX7,-0.0052758255,-0.00022866826,543827
20150327,09:45:00.000,BBG000BT41Q8,0.008220397,-0.007694237,396496
20150327,09:45:00.000,BBG000C5Z1S3,0.006817858,0.009000422,1871167
20150327,09:45:00.000,BBG000BLNNH6,-0.002645376,-0.005510883,289219
20150327,09:45:00.000,BBG000BFT2L4,9.7903125e-05,0.0008944994,1001628
20150327,09:45:00.000,BBG000CGC1X8,0.008510484,0.009828023,796306
20150327,09:45:00.000,BBG000HS77T5,0.003037577,-0.0008259669,799818
20150327,09:45:00.000,BBG000C3J3C9,-0.003154015,0.0003692449,1962885
20150327,09:45:00.000,BBG000FH8PX5,-0.0035118817,0.0067354403,154420
20150327,09:45:00.000,BBG000BLBVN4,-0.0055285096,-0.0025066815,27668
20150327,09:45:00.000,BBG000BSJK37,0.0032707253,-0.001218644,1573752
20150327,09:45:00.000,BBG000CL9VN6,-0.008070888,-0.0030849038,107025
20150327,09:45:00.000,BBG000BVPV84,0.005861059,0.009488491,217134
20150327,09:45:00.000,BBG000K4ND22,-0.0015960617,-0.013109882,362390
20150327,09:45:00.000,BBG000BWQFY7,0.001493199,-0.007157914,1166925
20150327,09:45:00.000,BBG002W96FT9,-0.0067571327,-0.0051507913,133220
20150327,09:45:00.000,BBG000BMHYD1,-0.00025185154,0.0028964763,293078
20150327,09:45:00.000,BBG000BR2B91,-0.0013634996,0.004681867,2243987
20150327,09:45:00.000,BBG000BK6MB5,0.0005302805,-0.0020158067,2128974
20150327,09:45:00.000,BBG000FY4S11,0.00054237485,-0.008202323,2253647
20150327,09:45:00.000,BBG000DMBXR2,-0.0001455809,-0.007809212,1101058
20150327,09:45:00.000,BBG000C0G1D1,-0.007071134,-0.0056505725,2042112
20150327,09:45:00.000,BBG000BHSKN9,-0.008975297,-0.004994363,138281
20150327,09:45:00.000,BBG000CKGBP2,-0.01092788,0.0022261126,768360
20150327,09:45:00.000,BBG000GZQ728,-0.0034277653,-0.009725423,900985
20150327,09:45:00.000,BBG000BPH459,-0.00071355404,3.008715e-08,2135683
20150327,09:45:00.000,BBG000BCTLF6,-0.00013316762,-0.0071312017,6626304
20150327,09:45:00.000,BBG000MM2P62,0.00033918713,0.007647802,2221324
20150327,09:45:00.000,BBG000B9XRY4,-0.003154322,-0.00096573576,3223821
20150327,10:00:00.000,BBG000CNZC55,-0.0080788275,0.003248512,313838
20150327,10:00:00.000,BBG000FH5YM1,-0.0019552337,0.0013726526,926455
20150327,10:00:00.000,BBG000BLM0V1,-0.0034820614,-0.0005626035,48106
20150327,10:00:00.000,BBG000HGYNZ9,0.0026494705,-0.008935714,404024
20150327,10:00:00.000,BBG000BF6RQ9,0.0025667578,0.022667209,107908
20150327,10:00:00.000,BBG000BFV115,-0.0027297803,-0.01811056,105905
20150327,10:00:00.000,BBG0015XMW40,0.002086274,-0.007353939,31725
20150327,10:00:00.000,BBG000FBMY72,-0.0075308136,-0.022396483,236697
20150327,10:00:00.000,BBG000BDWKC5,0.004125395,0.007067599,166330
20150327,10:00:00.000,BBG000G6BN50,0.00617158,0.008903085,21803
20150327,10:00:00.000,BBG000BLDV98,-0.010108189,0.0020322427,145090
20150327,10:00:00.000,BBG000R0L5J4,-0.00025470517,0.00070429646,57090
20150327,10:00:00.000,BBG006NV2Q11,0.007197773,0.005563423,187154
20150327,10:00:00.000,BBG000BC2R71,0.0034917472,-0.0014526166,98241
20150327,10:00:00.000,BBG000BN1XR3,0.0019888831,0.0061354875,56222
20150327,10:00:00.000,BBG000GPXKX9,0.0020075436,0.0066486844,49516
20150327,10:00:00.000,BBG000DV7MX4,0.011311376,0.021505225,539882
20150327,10:00:00.000,BBG000BGRKT6,-0.001125396,0.0044345385,22695
20150327,10:00:00.000,BBG000BB5BF6,-0.02050486,-0.014315065,1524587
20150327,10:00:00.000,BBG000BVB8Q0,0.00496473,-0.0013131533,1595127
20150327,10:00:00.000,BBG000DGPR66,0.0039653615,0.0062427656,164132
20150327,10:00:00.000,BBG000BQ74K1,-0.0038082881,-0.0057454845,39988
20150327,10:00:00.000,BBG000RNTSX0,-0.0013757248,0.006199649,37526
20150327,10:00:00.000,BBG000N746D6,0.0031119152,0.0020032513,246235
20150327,10:00:00.000,BBG000CR90K4,0.03681334,0.035464708,6660635
20150327,10:00:00.000,BBG000BVL2G3,0.003247159,-0.0033422972,231053
20150327,10:00:00.000,BBG000BPQVR5,-0.002381151,0.0010137596,50398
20150327,10:00:00.000,BBG000CB8Q50,-0.00067206466,0.0025987045,28057
20150327,10:00:00.000,BBG000D42FJ0,-0.0058571002,-0.019844828,312964
20150327,10:00:00.000,BBG003641015,-0.0010139877,0.0031703445,176564
20150327,10:00:00.000,BBG000CPHYL4,0.0036631494,0.002317913,222685
20150327,10:00:00.000,BBG000BKL348,0.0028155283,0.0043855617,39234
20150327,10:00:00.000,BBG000BMF5J0,0.0023346343,0.013080239,785710
20150327,10:00:00.000,BBG000BCHG15,0.006216627,0.007754021,27168
20150327,10:00:00.000,BBG000BJKPG0,-0.0034253038,0.0014025354,49417
20150327,10:00:00.000,BBG000HS74G6,-0.0026322815,-0.010285301,170502
20150327,10:00:00.000,BBG000BVHBM1,-0.006874292,0.009909667,152970
20150327,10:00:00.000,BBG002PHSYX9,-0.012576177,-0.018611325,74095
20150327,10:00:00.000,BBG000D2ZTS8,-0.0055559883,0.0065721637,98774
20150327,10:00:00.000,BBG000BGYMH7,-0.00185813,0.004044402,57005
20150327,10:00:00.000,BBG000PV2L86,-0.0036023182,0.009750243,83004
20150327,10:00:00.000,BBG000FQ6PY6,-0.00025500543,-1.7182136e-07,117117
20150327,10:00:00.000,BBG000R06BX2,0.0044623143,0.0062769507,150401
20150327,10:00:00.000,BBG000BCWKD6,-0.004248359,-0.004051393,142967
20150327,10:00:00.000,BBG000CPBCL8,0.00031225674,-0.012232645,54404
20150327,10:00:00.000,BBG000B9X8C0,0.0015169892,0.009893725,173567
20150327,10:00:00.000,BBG000BDY3Y7,-0.003656661,-0.002866606,70578
20150327,10:00:00.000,BBG001XJRMF5,-0.013755224,-0.027594313,179696
20150327,10:00:00.000,BBG000BJ26K7,0.014702,0.0102953175,250918
20150327,10:00:00.000,BBG000BQ87N0,-0.0021799516,0.005610464,107920
20150327,10:00:00.000,BBG000C37332,0.00483201,0.008015059,77811
20150327,10:00:00.000,BBG000C4ZZ10,0.0024851572,0.005520518,138135
20150327,10:00:00.000,BBG000BPNP00,0.00997624,0.014599914,142709
20150327,10:00:00.000,BBG000BXBHJ4,-0.0030343926,-0.010112768,219779
20150327,10:00:00.000,BBG000FDBX90,0.00024024158,0.0004894091,368882
20150327,10:00:00.000,BBG000BKNX95,-0.0042350953,-0.0019124544,125257
20150327,10:00:00.000,BBG000BV4XJ1,0.005814608,0.024358537,38967
20150327,10:00:00.000,BBG000MQ1SN9,0.0004068925,0.0012946436,90982
20150327,10:00:00.000,BBG000KBQZ88,-0.012462601,-0.010025848,95122
20150327,10:00:00.000,BBG000BXNJ07,0.006461839,0.013805468,878363
20150327,10:00:00.000,BBG000DLVDK3,0.005163659,-0.005314566,204274
20150327,10:00:00.000,BBG000BB03M1,0.010954215,-0.0051965076,163391
20150327,10:00:00.000,BBG000BWGYF8,0.0007213195,0.005059055,41307
20150327,10:00:00.000,BBG000BPZBB6,0.004438366,0.0053745275,166766
20150327,10:00:00.000,BBG000JKCWS0,0.0041482607,-0.013098965,71763
20150327,10:00:00.000,BBG000BNPSQ9,0.027014378,0.04898826,179682
20150327,10:00:00.000,BBG000C060M4,-0.0013209169,-0.0052745696,17408
20150327,10:00:00.000,BBG000BFDLV8,0.009381202,0.012788604,132918
20150327,10:00:00.000,BBG000C2V3D6,-0.0022194362,0.0028326495,78974
20150327,10:00:00.000,BBG000BC9938,0.007523808,0.005470174,64415
20150327,10:00:00.000,BBG000C22QV7,-0.0027350248,0.0026641006,91380
20150327,10:00:00.000,BBG000BMTFR4,-0.0016642906,0.008128623,157016
20150327,10:00:00.000,BBG000BKTT89,0.0005203608,0.0032704002,35485
20150327,10:00:00.000,BBG000BWXL85,0.0013951918,0.00192415,261066
20150327,10:00:00.000,BBG0014GG205,0.011672891,0.0072671077,387339
20150327,10:00:00.000,BBG000BGFZR8,0.0032637569,0.008670109,101336
20150327,10:00:00.000,BBG000V31J96,0.002624156,0.009751548,134145
20150327,10:00:00.000,BBG000BNNKG9,0.0017556127,0.009478032,116743
20150327,10:00:00.000,BBG000BSSC44,-0.0025252304,-0.009379508,214556
20150327,10:00:00.000,BBG000BSY3K9,-0.005565558,-3.595811e-05,88870
20150327,10:00:00.000,BBG000BPMH90,-0.005099516,-0.013617602,101507
20150327,10:00:00.000,BBG000BX5ZF5,-0.006357846,-0.0039098635,579009
20150327,10:00:00.000,BBG000BR37X2,0.0020653578,0.00074257294,135004
20150327,10:00:00.000,BBG000C9F2F9,-0.019346498,-0.0037328615,194123
20150327,10:00:00.000,BBG000D9KWL9,0.007239439,0.0022968992,101665
20150327,10:00:00.000,BBG000PLXQQ3,-0.005030659,0.0004769746,85217
20150327,10:00:00.000,BBG000HZFZX3,-0.007495708,0.0001864813,63693
20150327,10:00:00.000,BBG000BDXGP9,0.0145638045,0.019139398,312107
20150327,10:00:00.000,BBG000BB29X4,-0.0010593119,0.0056007947,66274
20150327,10:00:00.000,BBG001C7TST4,-0.0035088488,-0.00041980285,128604
20150327,10:00:00.000,BBG000BMKDM3,0.0011707054,0.003888646,126769
20150327,10:00:00.000,BBG000FFH4P5,-0.0009224044,-0.0023791487,80336
20150327,10:00:00.000,BBG000C75N77,0.005584942,-0.0021094133,90363
20150327,10:00:00.000,BBG000C221G9,-0.006363805,-0.007876505,121758
20150327,10:00:00.000,BBG000BKXFN7,0.0030045335,-0.022257091,358041
20150327,10:00:00.000,BBG000BWP7D9,-0.00075931475,0.00931311,79014
20150327,10:00:00.000,BBG000DY8ZS4,-0.011777563,-0.030146858,758017
20150327,10:00:00.000,BBG000BFL116,-0.0012742287,-0.0006708672,178198
20150327,10:00:00.000,BBG000BKLH74,0.0024464338,0.007666017,168303
20150327,10:00:00.000,BBG000BS9489,-0.00062965625,0.004358824,45691
20150327,10:00:00.000,BBG000BP8Z50,-0.002747771,-0.0015284359,114178
20150327,10:00:00.000,BBG000BS7KS3,0.0018305521,0.0020089748,105276
20150327,10:00:00.000,BBG000BMZ7P7,0.0020459904,-0.004556514,86687
20150327,10:00:00.000,BBG000FBK808,-0.024513787,-0.04164038,975643
20150327,10:00:00.000,BBG000R8ZVD1,-0.0018465068,0.0064878305,388937
20150327,10:00:00.000,BBG000BLMZK6,-0.0062091723,0.0050920164,129368
20150327,10:00:00.000,BBG000BQSQ38,-0.00091931573,0.004386606,140637
20150327,10:00:00.000,BBG000BBL0Y1,-0.0019908857,0.019428788,95576
20150327,10:00:00.000,BBG001QZCPJ2,0.013978298,0.02765216,351347
20150327,10:00:00.000,BBG000CVWGS6,0.0068975263,0.012903502,438171
20150327,10:00:00.000,BBG000BCNYT9,0.014981657,0.006332915,596873
20150327,10:00:00.000,BBG000PVRDL2,-0.0047260225,-0.015001903,607362
20150327,10:00:00.000,BBG000BJQWD2,-0.0018497878,0.0016892487,79179
20150327,10:00:00.000,BBG000C9W1Y1,0.0011436122,0.0025791095,280344
20150327,10:00:00.000,BBG000BJ49H3,0.009534479,0.008029975,170109
20150327,10:00:00.000,BBG000BFVXX0,-0.0020269274,0.007918993,232242
20150327,10:00:00.000,BBG000FLZN98,-0.00055631076,0.0047742752,48298
20150327,10:00:00.000,BBG000FLPRH1,-0.0013155261,-0.0051305536,137198
20150327,10:00:00.000,BBG000BYWTX7,0.0011887528,0.006682354,618956
20150327,10:00:00.000,BBG000BY33P5,-0.002722891,0.0026898824,306718
20150327,10:00:00.000,BBG000BBB3K1,-0.0015476809,0.0031241162,222744
20150327,10:00:00.000,BBG000DN7P92,0.0037275904,0.008717602,137851
20150327,10:00:00.000,BBG000BBMSJ6,0.003478069,0.007375472,177953
20150327,10:00:00.000,BBG000BH2JM1,0.0002612417,0.0019328381,370025
20150327,10:00:00.000,BBG000BFS7D3,-0.0017445026,0.0015049035,47004
20150327,10:00:00.000,BBG000CKVSG8,-0.009420983,-0.019514922,408722
20150327,10:00:00.000,BBG000BB6G37,-0.0018145018,0.0025255,143948
20150327,10:00:00.000,BBG000BM7HL0,0.0038328404,0.008260328,136340
20150327,10:00:00.000,BBG000BCYP43,0.00047149078,0.0060006813,29686
20150327,10:00:00.000,BBG000BV75B7,-0.002448625,-0.001680145,123808
20150327,10:00:00.000,BBG000TWC2V5,-0.0031937063,0.00050338334,54626
20150327,10:00:00.000,BBG000BLW530,0.0012643371,-0.0037051644,180859
20150327,10:00:00.000,BBG000BKWSR6,0.0014583613,-0.0009198781,1060584
20150327,10:00:00.000,BBG000C2YHG9,-0.00576321,-0.0030568063,87751
20150327,10:00:00.000,BBG000BRQ6L2,-0.0026388275,0.021592202,997699
20150327,10:00:00.000,BBG000BQHGR6,-0.009517031,-0.016325656,92891
20150327,10:00:00.000,BBG000BN9WT5,0.0012374583,0.004824238,161637
20150327,10:00:00.000,BBG000BVWLJ6,-0.004821199,-0.0019914082,110772
20150327,10:00:00.000,BBG000BKQ3V3,-0.012450238,-0.03580304,1138319
20150327,10:00:00.000,BBG000H0QBS7,-0.0021711607,0.0028088961,86281
20150327,10:00:00.000,BBG000H4YVR7,-0.004074405,0.014181144,104780
20150327,10:00:00.000,BBG000PYZSR8,0.00020838443,0.0018704836,28557
20150327,10:00:00.000,BBG007TJF1N7,0.030992724,0.041134816,412108
20150327,10:00:00.000,BBG000C2ZCH8,0.0030965246,0.011712979,151069
20150327,10:00:00.000,BBG000BTCH57,-0.00721593,0.00027343153,97355
20150327,10:00:00.000,BBG000BR54L0,0.00027868283,0.016732723,558375
20150327,10:00:00.000,BBG000BB5373,-0.0006867589,0.0036110817,520361
20150327,10:00:00.000,BBG000BHZ5J9,0.004468071,-0.0046921605,67562
20150327,10:00:00.000,BBG000CXD6X9,0.0047110645,0.011274949,115994
20150327,10:00:00.000,BBG000BKZTP3,0.0036210334,-0.0010001771,112943
20150327,10:00:00.000,BBG000BB1TH9,-0.0053945174,-0.013831937,70166
20150327,10:00:00.000,BBG000D5S4M0,0.0056409333,0.0127510335,48555
20150327,10:00:00.000,BBG000BN84F3,0.0009318206,0.0027684802,529441
20150327,10:00:00.000,BBG000HW5GX3,-0.00031555528,-0.012613765,371368
20150327,10:00:00.000,BBG000CHPY97,-0.008882337,-0.02087023,645922
20150327,10:00:00.000,BBG000D2M0Z7,0.0005019271,0.00079655176,469975
20150327,10:00:00.000,BBG000BF1R66,0.0056640324,0.0044553997,59064
20150327,10:00:00.000,BBG000BJ8YN7,-0.00027335878,-0.0077172113,170380
20150327,10:00:00.000,BBG000G9CGL0,0.0041981316,0.011156739,52103
20150327,10:00:00.000,BBG000BQ8KV2,0.0008383637,-0.0062536257,179169
20150327,10:00:00.000,BBG000BVMPN3,0.0020104342,-0.0012322203,78046
20150327,10:00:00.000,BBG000BGD7W6,-0.0034332515,0.007632696,83064
20150327,10:00:00.000,BBG000BC15S7,0.0013164369,0.0006774371,147499
20150327,10:00:00.000,BBG000Q2HM09,0.014005026,0.013236713,139830
20150327,10:00:00.000,BBG000BQVTF5,-0.003952264,-0.007221466,111951
20150327,10:00:00.000,BBG000VC0T95,0.004631439,0.0077357576,133545
20150327,10:00:00.000,BBG000F86GP6,0.003577409,0.005584076,62365
20150327,10:00:00.000,BBG000BWVSR1,-0.0015302236,0.004305961,78800
20150327,10:00:00.000,BBG000BX8DC4,0.005529955,0.0156671,126477
20150327,10:00:00.000,BBG000BHCP19,-0.002775246,0.0019706106,95433
20150327,10:00:00.000,BBG000BK6G19,-0.008457102,-0.015914818,139921
20150327,10:00:00.000,BBG000RGM5P1,-0.0047821486,0.00084965787,77184
20150327,10:00:00.000,BBG000BF5RY1,0.0024280087,0.004461547,190350
20150327,10:00:00.000,BBG000BP4MH0,-0.001221115,-8.986547e-05,178768
20150327,10:00:00.000,BBG000D8RG11,-0.002839166,0.0038531728,192346
20150327,10:00:00.000,BBG000FP1N32,-0.0025014817,-0.006330049,345424
20150327,10:00:00.000,BBG000BLHRS2,0.0006554108,0.0034653142,45978
20150327,10:00:00.000,BBG000TJM7F0,-0.0058241654,-0.00094787014,160977
20150327,10:00:00.000,BBG000J1QLT0,-0.00499578,0.00021762683,65084
20150327,10:00:00.000,BBG000BBBNC6,0.002067017,7.884246e-05,153791
20150327,10:00:00.000,BBG000BY2Y78,0.0018108654,-0.0011272421,303289
20150327,10:00:00.000,BBG000BM6788,-0.0016708026,-0.00044499626,97031
20150327,10:00:00.000,BBG000C1FQS9,0.00022452066,0.0068614995,46025
20150327,10:00:00.000,BBG000BBJQV0,-0.0031932367,0.0023838961,488534
20150327,10:00:00.000,BBG000BTQR96,-0.0010898877,0.00094889145,66708
20150327,10:00:00.000,BBG000CXYSZ6,0.004910361,0.008197051,49928
20150327,10:00:00.000,BBG000BB5792,0.044621166,0.06252106,1342976
20150327,10:00:00.000,BBG000BNGTQ7,0.0010118581,0.012980253,90260
20150327,10:00:00.000,BBG000BZTW70,-0.005613298,-0.031192636,971580
20150327,10:00:00.000,BBG000G0Z878,-0.0035325622,-0.003915162,296811
20150327,10:00:00.000,BBG000BFNR17,0.0039924895,0.006064549,30773
20150327,10:00:00.000,BBG002BHBHM1,0.005400381,0.01767171,133162
20150327,10:00:00.000,BBG000BC4JJ4,0.0012677733,0.0012237048,80592
20150327,10:00:00.000,BBG000F15NW9,0.003868587,0.007617371,43511
20150327,10:00:00.000,BBG000BKR1D6,0.0029026533,-0.0035208066,30596
20150327,10:00:00.000,BBG000BCTQ65,-0.009018393,-0.0021875731,656061
20150327,10:00:00.000,BBG000BNNYW1,-0.008087678,-0.0030762057,632247
20150327,10:00:00.000,BBG000BBCDZ2,-0.0029686627,-0.0025133137,133072
20150327,10:00:00.000,BBG000BRK7L6,0.0058968337,-0.007845826,610551
20150327,10:00:00.000,BBG000DQTXY6,-0.00023564803,0.016863428,333003
20150327,10:00:00.000,BBG000BRXP69,0.0014801186,0.009584837,51745
20150327,10:00:00.000,BBG000BL9JQ1,0.0022698138,0.0003700743,170649
20150327,10:00:00.000,BBG000DTMH63,-0.007114686,-0.027597805,530409
20150327,10:00:00.000,BBG000BJPDZ1,-0.00323581,-0.00071117573,42789
20150327,10:00:00.000,BBG000BXWBN9,-0.000829829,0.0046309405,132151
20150327,10:00:00.000,BBG000C2PW58,0.0011102502,0.00023483293,38288
20150327,10:00:00.000,BBG000D13GN8,0.0026902182,0.0067099957,73536
20150327,10:00:00.000,BBG000BB6M98,0.0074246153,0.0067711207,110804
20150327,10:00:00.000,BBG000BGYWY6,-0.0020717005,0.008120613,48066
20150327,10:00:00.000,BBG000BHB3M6,0.007797585,0.00481977,206754
20150327,10:00:00.000,BBG000G3QLY3,-0.001629005,-0.0040299282,87124
20150327,10:00:00.000,BBG000BSBZH7,-0.0032288942,0.008384285,98972
20150327,10:00:00.000,BBG000F7RCJ1,-0.00071288506,0.010942292,55058
20150327,10:00:00.000,BBG0039320N9,-0.005403204,0.0036871159,241914
20150327,10:00:00.000,BBG000BTZQC4,-0.011547557,-0.013713367,536501
20150327,10:00:00.000,BBG001M8HHB7,-0.0003051645,-0.000777131,67482
20150327,10:00:00.000,BBG000CZWZ05,0.121107005,0.14124383,1931983
20150327,10:00:00.000,BBG000QY3XZ2,0.01231759,0.014284475,115895
20150327,10:00:00.000,BBG000BHLYP4,-0.009246097,-0.006383171,127535
20150327,10:00:00.000,BBG000CHWP52,-0.00054756034,-0.0030707698,194217
20150327,10:00:00.000,BBG000QFJ7H3,-0.0011600053,-0.018380955,711431
20150327,10:00:00.000,BBG000BFTJ91,-0.00084391824,0.0009878984,209605
20150327,10:00:00.000,BBG000BZ2GG4,0.0052431105,-0.008592795,138581
20150327,10:00:00.000,BBG000FKJRC5,-0.0090433685,-0.003339083,78057
20150327,10:00:00.000,BBG000BKPL53,-0.0011219677,0.0028095962,175463
20150327,10:00:00.000,BBG000BNC3Y9,-0.0057503073,-0.0072773704,85391
20150327,10:00:00.000,BBG000BNFLM9,-0.001829853,0.01096327,474439
20150327,10:00:00.000,BBG000BWCKB6,0.00047132417,0.010424218,95371
20150327,10:00:00.000,BBG000BR14K5,0.0014582324,0.0011757351,143991
20150327,10:00:00.000,BBG0014GJCT9,0.0064314795,0.018086612,217534
20150327,10:00:00.000,BBG000BRRG02,0.002340901,0.0038261146,112135
20150327,10:00:00.000,BBG000BP1Q11,-0.0028071983,0.00038386622,126295
20150327,10:00:00.000,BBG000P1F8Q7,-0.013257847,-0.00056887994,131128
20150327,10:00:00.000,BBG000BCVMH9,-0.0036369506,-0.011478395,153024
20150327,10:00:00.000,BBG000D7RKJ5,0.0014299945,0.008776497,117265
20150327,10:00:00.000,BBG000FNRZ69,0.01642026,0.006306214,524845
20150327,10:00:00.000,BBG000BTKGG8,0.0038911023,0.0004911253,322174
20150327,10:00:00.000,BBG001QD41M9,0.0003025191,0.0042922534,77287
20150327,10:00:00.000,BBG000D9DMK0,0.0040727407,0.0071141524,137206
20150327,10:00:00.000,BBG000BH5DV1,-0.0065862397,-0.0020113743,121942
20150327,10:00:00.000,BBG000BMQPL1,-0.00010155007,-0.0035345666,956911
20150327,10:00:00.000,BBG000BMDV41,-0.0010529077,0.00030524458,184524
20150327,10:00:00.000,BBG000BQZMH4,-0.0023174256,0.006193082,136134
20150327,10:00:00.000,BBG000BS0ZF1,-0.002619383,-0.0012120644,41329
20150327,10:00:00.000,BBG000BGLRN3,-0.006493265,-0.006218405,264113
20150327,10:00:00.000,BBG000C0F570,-0.0022551445,0.00037500545,284834
20150327,10:00:00.000,BBG000D6L294,-0.008429796,-0.017602555,66054
20150327,10:00:00.000,BBG000BM5SR2,0.0021038025,0.0037817594,186105
20150327,10:00:00.000,BBG000BYYLS8,0.0038921605,0.0011638117,578135
20150327,10:00:00.000,BBG000BF6LY3,0.056206815,0.06987723,2863540
20150327,10:00:00.000,BBG000BCBCM7,0.0006353868,0.00749283,443283
20150327,10:00:00.000,BBG000BJ2VQ6,0.004164126,-0.021433635,359461
20150327,10:00:00.000,BBG000BJ98Z0,-0.0021013275,0.0045691836,132311
20150327,10:00:00.000,BBG000BLCPY4,0.004676235,-0.020626642,150025
20150327,10:00:00.000,BBG000D898T9,-0.0008399422,0.0044864514,119909
20150327,10:00:00.000,BBG000BMBL90,0.001630282,0.0029156378,235569
20150327,10:00:00.000,BBG000BSXQV7,-0.00020446524,0.0062618097,55133
20150327,10:00:00.000,BBG000FVXD63,0.01140632,-0.003227066,217089
20150327,10:00:00.000,BBG000BVMGF2,-0.0003976959,0.00064086943,150348
20150327,10:00:00.000,BBG000C11MQ5,-0.021843653,0.0019110976,56372
20150327,10:00:00.000,BBG000BPQD31,-0.005886085,-0.0023427852,497075
20150327,10:00:00.000,BBG000BB5006,-0.001580721,0.0037690124,230247
20150327,10:00:00.000,BBG000BHKYH4,-0.001775571,-0.0019694376,80111
20150327,10:00:00.000,BBG000D1QCF1,-0.0007067106,-0.013365189,144057
20150327,10:00:00.000,BBG000CSY9H9,0.0005533644,0.008469742,248688
20150327,10:00:00.000,BBG000BRJ809,0.0004785271,0.0017393455,36617
20150327,10:00:00.000,BBG000CNFQW6,-0.0037793287,-0.0007602411,48782
20150327,10:00:00.000,BBG000BXM6V2,-0.00275549,0.0078215385,284622
20150327,10:00:00.000,BBG000BCGY17,0.001980477,0.0051749423,200783
20150327,10:00:00.000,BBG000DKCC19,-0.0020110884,0.002358166,152808
20150327,10:00:00.000,BBG000BKCFC2,4.1773224e-06,0.002594681,393403
20150327,10:00:00.000,BBG000BTVJ25,0.0018795017,0.004751158,475871
20150327,10:00:00.000,BBG000BN5HF7,-0.0016233075,0.01264795,163055
20150327,10:00:00.000,BBG000Q3JN03,0.008607226,0.0032204983,3026306
20150327,10:00:00.000,BBG0020B4JG7,-0.008874389,-0.005088597,565209
20150327,10:00:00.000,BBG000BR3KL6,0.0022320184,0.0010224396,51625
20150327,10:00:00.000,BBG000BRWGG9,0.0014702721,0.013422805,2122928
20150327,10:00:00.000,BBG001LWHLJ8,0.0057985415,0.005669444,745957
20150327,10:00:00.000,BBG000C7LMS8,0.0033226286,0.013752496,32559
20150327,10:00:00.000,BBG000BPT0C6,0.011867074,-0.003233469,355737
20150327,10:00:00.000,BBG000BSD7C2,-0.002394639,0.0014247042,159133
20150327,10:00:00.000,BBG000BRJL00,-0.001190523,0.0056035374,367850
20150327,10:00:00.000,BBG000C1FB75,-0.0010235086,0.0023936161,32986
20150327,10:00:00.000,BBG000BJ3PD2,-0.0025512006,-0.0023246077,148532
20150327,10:00:00.000,BBG000BHLYS1,0.015410614,0.02729819,1274592
20150327,10:00:00.000,BBG000JWD753,-0.0057669915,9.132823e-05,311589
20150327,10:00:00.000,BBG000BXMFC3,-0.004266168,-0.011693141,273425
20150327,10:00:00.000,BBG000CGQ6M4,0.004452762,0.0013276314,124846
20150327,10:00:00.000,BBG000DNTSP4,0.0014331816,-0.0076420633,307815
20150327,10:00:00.000,BBG000BFXHL6,-0.0111879185,-0.010165876,297435
20150327,10:00:00.000,BBG000BJL3N0,0.00077621907,-0.0042165197,1429736
20150327,10:00:00.000,BBG000JG0547,-0.0010744685,0.0042650593,130435
20150327,10:00:00.000,BBG000BWSV34,0.0011421149,0.0077522653,40563
20150327,10:00:00.000,BBG000BB6WG8,0.001471608,0.0011878143,289774
20150327,10:00:00.000,BBG000BCWCG1,-0.007444202,0.003385135,456599
20150327,10:00:00.000,BBG000BB9KF2,0.0045727137,0.011384969,249371
20150327,10:00:00.000,BBG000C3HSR0,0.0039517786,-6.303132e-05,121643
20150327,10:00:00.000,BBG000BFMBQ6,0.004630238,0.017586196,147587
20150327,10:00:00.000,BBG000BP0KQ8,0.017913718,0.029781288,591995
20150327,10:00:00.000,BBG000BQWPC5,-0.0068380814,0.005393672,137004
20150327,10:00:00.000,BBG001YMS0B8,0.0226811,0.025357075,4189489
20150327,10:00:00.000,BBG000C0LW92,0.005714536,0.012611135,762466
20150327,10:00:00.000,BBG000MDCQC2,0.0028513868,0.006912413,153664
20150327,10:00:00.000,BBG000BK67C7,-0.0006145433,0.0037157838,79505
20150327,10:00:00.000,BBG000BY29C7,0.0050906762,0.013886835,223461
20150327,10:00:00.000,BBG000BSLZY7,0.0073133535,0.0036956025,721757
20150327,10:00:00.000,BBG000BLKK03,-0.0057258797,0.00692508,516794
20150327,10:00:00.000,BBG000C2BXK4,-0.0004670048,0.007942268,1000572
20150327,10:00:00.000,BBG000BCZYD3,0.00028694054,0.008624385,57944
20150327,10:00:00.000,BBG000R7RDB4,-0.0036283631,-0.014758316,100729
20150327,10:00:00.000,BBG000C3GN47,0.0049248436,-0.004312816,366782
20150327,10:00:00.000,BBG000BMW2Z0,-0.0006289058,0.00075234385,101994
20150327,10:00:00.000,BBG000BKFZM4,0.0005290658,0.005341586,652102
20150327,10:00:00.000,BBG000G2R6M0,-0.0052344194,-0.01829415,875178
20150327,10:00:00.000,BBG000C1S2X2,-0.010479823,0.0035285326,136503
20150327,10:00:00.000,BBG000F0KF42,0.0012973334,-0.003549727,194943
20150327,10:00:00.000,BBG000CS7CT9,-0.007324835,0.0036007345,337982
20150327,10:00:00.000,BBG000CPQZ77,-0.0048224814,0.0035471239,242588
20150327,10:00:00.000,BBG000C8H633,-0.010014295,-0.019329118,664144
20150327,10:00:00.000,BBG000JH6683,0.0055645597,0.026330749,602912
20150327,10:00:00.000,BBG000BLBXT4,-0.0044006105,0.0045411587,390710
20150327,10:00:00.000,BBG000BB07P9,2.6162805e-05,-0.014153388,1216011
20150327,10:00:00.000,BBG000BX3TD3,0.0058504986,-0.007452133,743829
20150327,10:00:00.000,BBG000F80SZ5,-0.004723964,0.00483677,579900
20150327,10:00:00.000,BBG000BKFBD7,-0.0008458803,-0.0044111055,217454
20150327,10:00:00.000,BBG000BPWXK1,0.016694905,0.0072220415,893828
20150327,10:00:00.000,BBG000BH5LT6,-0.0076493174,-0.035259474,1320833
20150327,10:00:00.000,BBG000BBD070,-0.0032387748,-0.01451682,138581
20150327,10:00:00.000,BBG000BWJFZ4,-0.0013197515,-0.00015302595,33303
20150327,10:00:00.000,BBG000BWNFZ9,0.00036810563,-0.0012817393,156772
20150327,10:00:00.000,BBG000BH3JF8,-0.0025021108,-0.0011263746,161903
20150327,10:00:00.000,BBG000C0HQ54,0.0055096066,0.013266408,165524
20150327,10:00:00.000,BBG000FL1TC8,-0.005011331,-0.0018666014,193256
20150327,10:00:00.000,BBG000BV8DN6,-0.0038472747,0.0046346327,182218
20150327,10:00:00.000,BBG0029SNR63,-0.0015843695,0.0054737753,128469
20150327,10:00:00.000,BBG000DYGNW7,4.9412218e-05,0.0031838666,61848
20150327,10:00:00.000,BBG000QW7VC1,0.0067883963,0.008670911,178915
20150327,10:00:00.000,BBG000BFQYY3,-0.0025589007,-0.0009458231,226114
20150327,10:00:00.000,BBG000BGVW60,-0.0029357448,0.0037662596,220625
20150327,10:00:00.000,BBG000C1BW00,-0.007842838,0.00039881558,95872
20150327,10:00:00.000,BBG000BJ81C1,0.0020814594,0.0018728137,98636
20150327,10:00:00.000,BBG000BFDXW1,0.002104979,0.008423031,548992
20150327,10:00:00.000,BBG000BSC0K9,-0.0006380376,0.0106770815,154650
20150327,10:00:00.000,BBG000BD8PN9,-0.0044124955,-0.0057782694,446236
20150327,10:00:00.000,BBG000DSMS70,-0.013878927,0.00054216944,59549
20150327,10:00:00.000,BBG000BQ5DS5,0.00047870906,-0.0066397875,296661
20150327,10:00:00.000,BBG000G30YX4,0.0002268611,0.011842388,120665
20150327,10:00:00.000,BBG000BQ2C28,-0.000799125,0.0059020747,88993
20150327,10:00:00.000,BBG000BN2DC2,-0.0032101697,-0.00015166726,166707
20150327,10:00:00.000,BBG000LD9JQ8,-0.010710176,-0.0031137841,136803
20150327,10:00:00.000,BBG000BGKTF9,0.004862059,0.0015919751,199113
20150327,10:00:00.000,BBG000BBVJZ8,-0.0078024515,-0.015649753,196669
20150327,10:00:00.000,BBG000D9D830,-0.010253138,-0.009342168,515718
20150327,10:00:00.000,BBG000BJSBJ0,0.003376639,0.009587914,110649
20150327,10:00:00.000,BBG000BH1NH9,0.000514519,-0.0036615413,181007
20150327,10:00:00.000,BBG000BVDLH9,-0.0009685254,0.005558991,93647
20150327,10:00:00.000,BBG000FJLFX8,0.0030541057,0.014821346,213702
20150327,10:00:00.000,BBG000MZFMS2,-0.010981624,-0.000173908,97848
20150327,10:00:00.000,BBG000C4DPX1,0.0027678767,0.015553126,238518
20150327,10:00:00.000,BBG000C0MF34,0.00772483,0.0017849739,43868
20150327,10:00:00.000,BBG000QBR5J5,0.006961561,0.0034322254,236613
20150327,10:00:00.000,BBG000BCVJ77,-0.0020756323,0.0019110426,189275
20150327,10:00:00.000,BBG000QX74T1,0.0031254522,0.0074189166,49072
20150327,10:00:00.000,BBG000BBDV81,-0.0045741587,0.0010397077,265014
20150327,10:00:00.000,BBG000HCJMF9,-0.0028230678,-0.0069327806,234287
20150327,10:00:00.000,BBG000C46HM9,0.00047293367,0.010590339,249672
20150327,10:00:00.000,BBG000BGPTV6,-0.0025840583,-0.0041669435,164383
20150327,10:00:00.000,BBG000BRD0D8,0.00057111634,-0.0029191987,325693
20150327,10:00:00.000,BBG000BGJRC8,-0.0015173261,-0.008417388,884822
20150327,10:00:00.000,BBG000DHSPT0,0.006896371,0.004608552,207479
20150327,10:00:00.000,BBG000J6XT05,0.0023624853,0.007994085,831704
20150327,10:00:00.000,BBG000BH3GZ2,-6.525497e-05,0.001973144,152663
20150327,10:00:00.000,BBG000BTR593,-0.0020364658,-0.012868858,428234
20150327,10:00:00.000,BBG000B9ZXB4,0.003319489,0.008601081,338159
20150327,10:00:00.000,BBG000BL4504,-0.005570416,-0.018967107,3798403
20150327,10:00:00.000,BBG000BNBDC2,-0.0028675427,0.0031988749,227860
20150327,10:00:00.000,BBG000C734W3,0.0049069906,0.018846119,109105
20150327,10:00:00.000,BBG000BWLMJ4,-0.00015309987,0.008467997,626069
20150327,10:00:00.000,BBG000H556T9,0.0030788279,0.0038656157,248909
20150327,10:00:00.000,BBG000BVPPM1,-0.0021365278,0.0049360543,138039
20150327,10:00:00.000,BBG000BCG930,0.015322601,0.028835678,309168
20150327,10:00:00.000,BBG000BJF1Z8,-0.0086872,-0.0024769926,99582
20150327,10:00:00.000,BBG000BND699,0.0036457577,0.0116929915,776671
20150327,10:00:00.000,BBG000BD4VG8,0.0032774496,-0.005170679,223876
20150327,10:00:00.000,BBG000BC2C10,0.00071633206,-0.008608505,322385
20150327,10:00:00.000,BBG000NV1KK7,0.0027413447,0.010162234,383364
20150327,10:00:00.000,BBG000BLZRJ2,-0.0012097742,-0.0014040247,940480
20150327,10:00:00.000,BBG000F6H8W8,-8.296061e-05,0.0054302053,156910
20150327,10:00:00.000,BBG000BMY992,-0.0032038582,0.0067670704,282860
20150327,10:00:00.000,BBG000BT9DW0,0.007087306,0.007886299,829074
20150327,10:00:00.000,BBG000PX3XC0,0.010953809,-0.008088689,1157723
20150327,10:00:00.000,BBG000BWXBC2,-0.00195675,0.00085502013,530418
20150327,10:00:00.000,BBG000BB6KF5,-0.0008172604,-0.003063833,490981
20150327,10:00:00.000,BBG000FFDM15,-0.00048084446,-0.0047632335,514657
20150327,10:00:00.000,BBG000KLB4Q1,0.018204609,0.03192346,1845320
20150327,10:00:00.000,BBG001DCCGR8,-0.0014525064,0.00064438686,141913
20150327,10:00:00.000,BBG000BVV7G1,-0.0006516206,0.0044800118,302523
20150327,10:00:00.000,BBG000BHGDH5,-0.0025708175,0.005446844,230670
20150327,10:00:00.000,BBG000BWVCP8,0.007993759,-0.0003045864,414493
20150327,10:00:00.000,BBG000C15T95,-0.003357115,-0.00042171584,210575
20150327,10:00:00.000,BBG000D4LWF6,0.0006561118,0.004866667,1430556
20150327,10:00:00.000,BBG000B9WH86,0.0016261092,-0.0077608726,1908745
20150327,10:00:00.000,BBG000Q9HH23,-0.004517007,0.0030486353,47369
20150327,10:00:00.000,BBG00286S4N9,0.007199216,0.004269676,211337
20150327,10:00:00.000,BBG000BHX7N2,-0.00322436,-0.004515984,278587
20150327,10:00:00.000,BBG000L9CV04,-0.008881236,-0.0018106407,308523
20150327,10:00:00.000,BBG000BH13K9,0.0013871497,0.002438883,584567
20150327,10:00:00.000,BBG000FG3C43,-0.015780708,-0.020696249,2258395
20150327,10:00:00.000,BBG000C496P7,0.012719754,0.013606511,498687
20150327,10:00:00.000,BBG000BXRPH1,0.002947211,-0.009540916,177668
20150327,10:00:00.000,BBG000BNJHS8,-6.885056e-05,0.02397191,784456
20150327,10:00:00.000,BBG000BBPFB9,0.0055428194,0.01562157,3402452
20150327,10:00:00.000,BBG000WCFV84,-0.012555349,-0.017640758,541965
20150327,10:00:00.000,BBG0019JZ882,0.0033057542,-0.0007266439,596875
20150327,10:00:00.000,BBG000H89QJ6,-0.0020053922,-0.0017909495,126678
20150327,10:00:00.000,BBG000BFWKC0,-0.00091966754,-0.0008906906,200934
20150327,10:00:00.000,BBG000C5HS04,-0.0046045114,0.005385717,195395
20150327,10:00:00.000,BBG000BJX8C8,0.014098746,0.0007151776,568769
20150327,10:00:00.000,BBG000BNDN65,-0.0018143057,0.008853397,435992
20150327,10:00:00.000,BBG000BP52R2,0.00045773407,0.0016915855,137348
20150327,10:00:00.000,BBG000M65M61,0.011303063,0.034408547,646727
20150327,10:00:00.000,BBG000BP6LJ8,-0.0016201709,0.002800309,802950
20150327,10:00:00.000,BBG000F0PF65,-0.00059270347,0.0022413712,160530
20150327,10:00:00.000,BBG000H8TVT2,0.0049136966,0.011932374,341669
20150327,10:00:00.000,BBG000DQLV23,0.006077121,0.012691467,581544
20150327,10:00:00.000,BBG000BHBK84,0.034849275,0.035532564,3995547
20150327,10:00:00.000,BBG000DLFM21,-0.017632507,-0.0061232783,184664
20150327,10:00:00.000,BBG000BJDB15,-0.008743844,-0.028198123,3599765
20150327,10:00:00.000,BBG000CTQBF3,0.0008281842,0.0064690677,562093
20150327,10:00:00.000,BBG000BQQ2S6,-0.002022332,-0.011937891,271663
20150327,10:00:00.000,BBG000BHVJJ3,-0.010034384,-0.013552745,3409962
20150327,10:00:00.000,BBG000F1ZSQ2,-0.0044044685,-0.00096654857,455466
20150327,10:00:00.000,BBG000BQPC32,0.0041200095,0.0024992258,2374099
20150327,10:00:00.000,BBG000C43RR5,0.0010527119,0.0046944297,545269
20150327,10:00:00.000,BBG000CH5208,-0.0010538433,0.008943208,209926
20150327,10:00:00.000,BBG000J2XL74,-0.0012704877,-0.00072048587,407144
20150327,10:00:00.000,BBG000BC40Y8,-0.0032509114,-0.0129761975,266157
20150327,10:00:00.000,BBG000KHWT55,-0.009938944,-0.011556863,1915025
20150327,10:00:00.000,BBG000BW8S60,0.00040906182,0.0041352827,256374
20150327,10:00:00.000,BBG000BZ9223,-0.00075722113,-0.010672447,269669
20150327,10:00:00.000,BBG000DWYF03,0.0016419338,0.0029458052,949589
20150327,10:00:00.000,BBG000BBGGQ1,-0.00018445084,0.0018938292,726494
20150327,10:00:00.000,BBG000BBDZG3,0.0014411295,0.00193807,764542
20150327,10:00:00.000,BBG000BQLTW7,-0.0035005652,-0.0027918306,1768676
20150327,10:00:00.000,BBG000NDYB67,-0.001049266,-0.0005355277,1213955
20150327,10:00:00.000,BBG000C6CFJ5,0.0006543697,0.0001600323,180617
20150327,10:00:00.000,BBG000BGRY34,-0.00203948,0.008480044,409030
20150327,10:00:00.000,BBG000DH7JK6,-0.0043849093,-0.0009933456,355425
20150327,10:00:00.000,BBG000BW3299,-0.00023778334,-0.0044366443,768818
20150327,10:00:00.000,BBG000DWG505,0.0045318883,0.0026564149,402709
20150327,10:00:00.000,BBG000BF0K17,-0.0012560784,-0.010203382,906900
20150327,10:00:00.000,BBG000R7Z112,0.002877882,0.022570211,1172319
20150327,10:00:00.000,BBG000BCSST7,-0.002195694,0.0031721822,282657
20150327,10:00:00.000,BBG000BQQH30,-0.0003639694,-0.008931865,587300
20150327,10:00:00.000,BBG000BCQZS4,0.005389936,0.00063702126,819191
20150327,10:00:00.000,BBG000BMX289,-0.008267644,-0.004709382,1546858
20150327,10:00:00.000,BBG000BNWG87,0.001565144,0.007373633,452088
20150327,10:00:00.000,BBG000BBS2Y0,-0.0015832568,0.010213537,284071
20150327,10:00:00.000,BBG000BH4R78,-0.0027714462,0.0011874387,482170
20150327,10:00:00.000,BBG005P7Q881,0.0034812759,0.02662627,1316886
20150327,10:00:00.000,BBG000BKZB36,0.0009681783,0.0092094755,508574
20150327,10:00:00.000,BBG000GFFQN9,0.018162724,0.022709718,4738489
20150327,10:00:00.000,BBG0025Y4RY4,0.0047361134,0.009424788,673630
20150327,10:00:00.000,BBG000BFC8J2,-0.0050081597,0.009560237,812406
20150327,10:00:00.000,BBG000H6HNW3,0.002365255,0.009614432,2785186
20150327,10:00:00.000,BBG000BNSZP1,-0.004484545,-0.0010260892,317049
20150327,10:00:00.000,BBG000N9MNX3,-0.01985443,-0.019799761,1093414
20150327,10:00:00.000,BBG000BPD168,-0.00016835639,0.0053823595,729668
20150327,10:00:00.000,BBG000BKTFN2,0.010398085,-0.0044007353,1486816
20150327,10:00:00.000,BBG000C17X76,-0.004116699,0.009019049,278878
20150327,10:00:00.000,BBG000BR2TH3,-0.00060485105,0.001643286,695262
20150327,10:00:00.000,BBG000PSKYX7,-0.006699397,-0.0014477128,988626
20150327,10:00:00.000,BBG000BT41Q8,0.008706941,-0.0054099727,634980
20150327,10:00:00.000,BBG000C5Z1S3,-0.0053898124,-0.001875185,3359701
20150327,10:00:00.000,BBG000BLNNH6,-0.001498397,-0.0018370495,399192
20150327,10:00:00.000,BBG000BFT2L4,-0.00073689735,0.0012521879,1489054
20150327,10:00:00.000,BBG000CGC1X8,0.008255861,0.011019603,1254146
20150327,10:00:00.000,BBG000HS77T5,0.0020832638,0.0006194216,1169461
20150327,10:00:00.000,BBG000C3J3C9,-0.005772356,0.00036919973,2747926
20150327,10:00:00.000,BBG000FH8PX5,-0.0021912847,0.007282967,244357
20150327,10:00:00.000,BBG000BLBVN4,-0.00685584,-0.005232468,48811
20150327,10:00:00.000,BBG000BSJK37,0.0014167987,-0.0009140745,2452051
20150327,10:00:00.000,BBG000CL9VN6,-0.014563325,-0.011646415,277857
20150327,10:00:00.000,BBG000BVPV84,0.0043179346,0.006262175,356828
20150327,10:00:00.000,BBG000K4ND22,-0.0031031258,-0.013442204,603039
20150327,10:00:00.000,BBG000BWQFY7,4.5546072e-05,-0.0047719977,1713816
20150327,10:00:00.000,BBG002W96FT9,-0.004630981,-0.0030702923,198530
20150327,10:00:00.000,BBG000BMHYD1,0.00094741,0.0045446428,466169
20150327,10:00:00.000,BBG000BR2B91,0.0004811689,0.007315411,2996616
20150327,10:00:00.000,BBG000BK6MB5,0.0011300604,0.00040265644,3001418
20150327,10:00:00.000,BBG000FY4S11,0.00020440578,-0.0041011944,3338227
20150327,10:00:00.000,BBG000DMBXR2,0.0014876256,-0.0021830802,1706546
20150327,10:00:00.000,BBG000C0G1D1,-0.0013756541,0.0019945507,3263494
20150327,10:00:00.000,BBG000BHSKN9,-0.0069725793,-0.0031580841,223852
20150327,10:00:00.000,BBG000CKGBP2,-0.010687775,0.0033640142,1018923
20150327,10:00:00.000,BBG000GZQ728,-0.0031769397,-0.009072931,1423382
20150327,10:00:00.000,BBG000BPH459,0.0013926532,0.0031548608,3094725
20150327,10:00:00.000,BBG000BCTLF6,-0.0011357717,-0.004538096,12361903
20150327,10:00:00.000,BBG000MM2P62,-0.0014065339,0.0053594694,3242692
20150327,10:00:00.000,BBG000B9XRY4,-0.0042198184,-0.0018508348,5202139
20150327,10:15:00.000,BBG000CNZC55,-0.0055473,0.0010827411,528600
20150327,10:15:00.000,BBG000FH5YM1,0.00020250278,0.0013726247,1336451
20150327,10:15:00.000,BBG000BLM0V1,-0.0016759842,-0.0014996611,94863
20150327,10:15:00.000,BBG000HGYNZ9,-0.0008838838,-0.0127105685,518200
20150327,10:15:00.000,BBG000BF6RQ9,0.0015603206,0.016084211,152064
20150327,10:15:00.000,BBG000BFV115,0.0031304846,-0.005481888,190165
20150327,10:15:00.000,BBG0015XMW40,0.005858039,-0.0010049363,52338
20150327,10:15:00.000,BBG000FBMY72,-0.003568793,-0.014557801,343058
20150327,10:15:00.000,BBG000BDWKC5,0.0058627035,0.0037694685,273333
20150327,10:15:00.000,BBG000G6BN50,0.008270329,0.0054053618,25863
20150327,10:15:00.000,BBG000BLDV98,-0.011442118,-0.0009378131,191778
20150327,10:15:00.000,BBG000R0L5J4,0.0012909501,-0.0025819184,100068
20150327,10:15:00.000,BBG006NV2Q11,0.0068249265,0.003551224,232127
20150327,10:15:00.000,BBG000BC2R71,0.0030184074,-0.0014525866,130348
20150327,10:15:00.000,BBG000BN1XR3,0.0025777065,0.0039669625,91991
20150327,10:15:00.000,BBG000GPXKX9,-0.0019230442,-0.002484707,68581
20150327,10:15:00.000,BBG000DV7MX4,0.00782981,0.01032246,886324
20150327,10:15:00.000,BBG000BGRKT6,-0.0028682451,-0.0010387802,58950
20150327,10:15:00.000,BBG000BB5BF6,-0.023201238,-0.019989604,1892024
20150327,10:15:00.000,BBG000BVB8Q0,-0.0027725664,4.2637582e-10,2038080
20150327,10:15:00.000,BBG000DGPR66,0.00052613264,0.0035675226,191601
20150327,10:15:00.000,BBG000BQ74K1,-0.0023656962,-0.006822614,64706
20150327,10:15:00.000,BBG000RNTSX0,-0.0028093706,0.0007998857,49761
20150327,10:15:00.000,BBG000N746D6,0.0015406663,-0.0018212664,468859
20150327,10:15:00.000,BBG000CR90K4,0.017054154,0.015045528,9561974
20150327,10:15:00.000,BBG000BVL2G3,0.0021991227,-0.006975559,279864
20150327,10:15:00.000,BBG000BPQVR5,-0.004867368,-0.004445307,61910
20150327,10:15:00.000,BBG000CB8Q50,0.0025382738,0.0031099126,41886
20150327,10:15:00.000,BBG000D42FJ0,0.0011210449,-0.0137108285,382075
20150327,10:15:00.000,BBG003641015,-0.00054349564,-0.00073160284,285098
20150327,10:15:00.000,BBG000CPHYL4,0.0040654717,0.0017133428,298226
20150327,10:15:00.000,BBG000BKL348,0.0015768524,0.0005412707,55961
20150327,10:15:00.000,BBG000BMF5J0,-0.0029200243,0.007848032,1191973
20150327,10:15:00.000,BBG000BCHG15,0.006024279,0.0049054734,61314
20150327,10:15:00.000,BBG000BJKPG0,-0.0034695677,-0.004208331,66373
20150327,10:15:00.000,BBG000HS74G6,-0.0029698275,-0.012819259,261994
20150327,10:15:00.000,BBG000BVHBM1,-0.005449537,0.008866449,181890
20150327,10:15:00.000,BBG002PHSYX9,-0.005635194,-0.0056614876,127535
20150327,10:15:00.000,BBG000D2ZTS8,-0.0075488565,0.00029892105,180433
20150327,10:15:00.000,BBG000BGYMH7,-0.0033546304,0.002743211,116776
20150327,10:15:00.000,BBG000PV2L86,-0.004761368,0.0055399803,121537
20150327,10:15:00.000,BBG000FQ6PY6,-0.0008951066,-0.0053633708,153047
20150327,10:15:00.000,BBG000R06BX2,0.0041229883,0.0040685795,237009
20150327,10:15:00.000,BBG000BCWKD6,-0.001028149,-0.0037039737,214240
20150327,10:15:00.000,BBG000CPBCL8,-0.0014023776,-0.010084861,80693
20150327,10:15:00.000,BBG000B9X8C0,0.0035096158,0.00916069,247446
20150327,10:15:00.000,BBG000BDY3Y7,-0.0052978275,-0.005924416,108862
20150327,10:15:00.000,BBG001XJRMF5,-0.0023819462,-0.01320994,235289
20150327,10:15:00.000,BBG000BJ26K7,0.020221252,0.013433038,278711
20150327,10:15:00.000,BBG000BQ87N0,-0.0027985836,0.0032059944,137747
20150327,10:15:00.000,BBG000C37332,0.006119531,0.0069054672,107847
20150327,10:15:00.000,BBG000C4ZZ10,0.003918249,0.0041496754,181800
20150327,10:15:00.000,BBG000BPNP00,0.009398466,0.0066361567,210107
20150327,10:15:00.000,BBG000BXBHJ4,-0.0044430736,-0.011623939,282290
20150327,10:15:00.000,BBG000FDBX90,-9.30437e-05,-0.0014691494,460927
20150327,10:15:00.000,BBG000BKNX95,-0.0068496475,-0.0072672656,189188
20150327,10:15:00.000,BBG000BV4XJ1,0.00070611405,0.019373404,78634
20150327,10:15:00.000,BBG000MQ1SN9,-0.00090002146,-0.0011715939,130488
20150327,10:15:00.000,BBG000KBQZ88,-0.009882637,-0.009095672,191809
20150327,10:15:00.000,BBG000BXNJ07,0.0016068969,0.0014162656,1234065
20150327,10:15:00.000,BBG000DLVDK3,0.006069149,-0.0013717094,325778
20150327,10:15:00.000,BBG000BB03M1,0.008081532,-0.008626208,253682
20150327,10:15:00.000,BBG000BWGYF8,0.0024591952,0.0054160836,65773
20150327,10:15:00.000,BBG000BPZBB6,0.0044878307,0.0049072835,233012
20150327,10:15:00.000,BBG000JKCWS0,-0.0027114255,-0.01649134,92396
20150327,10:15:00.000,BBG000BNPSQ9,0.038855065,0.06260876,347657
20150327,10:15:00.000,BBG000C060M4,-0.00014406918,-0.0066686734,22569
20150327,10:15:00.000,BBG000BFDLV8,0.0064554736,0.0077422913,163941
20150327,10:15:00.000,BBG000C2V3D6,-0.0010323637,0.0019706646,113141
20150327,10:15:00.000,BBG000BC9938,0.0040037064,-0.0015800423,86493
20150327,10:15:00.000,BBG000C22QV7,-0.002902364,-0.00044388376,147385
20150327,10:15:00.000,BBG000BMTFR4,-0.0026691363,0.0011978057,386890
20150327,10:15:00.000,BBG000BKTT89,-0.00044894562,-0.0013159494,50723
20150327,10:15:00.000,BBG000BWXL85,0.0006963986,-0.002653421,425756
20150327,10:15:00.000,BBG0014GG205,0.008177269,0.0012638265,539543
20150327,10:15:00.000,BBG000BGFZR8,0.002798202,0.0025319885,128901
20150327,10:15:00.000,BBG000V31J96,0.0040009753,0.0102160135,240756
20150327,10:15:00.000,BBG000BNNKG9,-0.0016103272,0.0023201632,186066
20150327,10:15:00.000,BBG000BSSC44,-0.0026545147,-0.010366974,250321
20150327,10:15:00.000,BBG000BSY3K9,-0.0041985502,-0.00025296691,127412
20150327,10:15:00.000,BBG000BPMH90,-0.0051773875,-0.007283704,145153
20150327,10:15:00.000,BBG000BX5ZF5,-0.0025002782,-0.005472918,934900
20150327,10:15:00.000,BBG000BR37X2,0.0040102685,0.00037126004,219397
20150327,10:15:00.000,BBG000C9F2F9,-0.023153156,-0.006750858,259375
20150327,10:15:00.000,BBG000D9KWL9,0.006898806,0.00068492215,131757
20150327,10:15:00.000,BBG000PLXQQ3,-0.0033675272,0.00038149295,115002
20150327,10:15:00.000,BBG000HZFZX3,-7.305913e-05,0.0048450287,130645
20150327,10:15:00.000,BBG000BDXGP9,0.014942338,0.018132117,417269
20150327,10:15:00.000,BBG000BB29X4,-0.0002972022,0.0045310543,91676
20150327,10:15:00.000,BBG001C7TST4,-0.0024411536,-0.005370815,163995
20150327,10:15:00.000,BBG000BMKDM3,0.0021633182,0.004444382,189726
20150327,10:15:00.000,BBG000FFH4P5,0.0019319208,-0.0012336271,114281
20150327,10:15:00.000,BBG000C75N77,0.0071737682,-0.0022207508,148223
20150327,10:15:00.000,BBG000C221G9,-0.007021209,-0.010183734,203412
20150327,10:15:00.000,BBG000BKXFN7,0.0036419618,-0.013616101,458990
20150327,10:15:00.000,BBG000BWP7D9,-0.00060496543,0.006959165,141218
20150327,10:15:00.000,BBG000DY8ZS4,-0.011130651,-0.023799988,927583
20150327,10:15:00.000,BBG000BFL116,0.000110635396,-0.0055345693,264133
20150327,10:15:00.000,BBG000BKLH74,0.0036479274,0.0048355493,245924
20150327,10:15:00.000,BBG000BS9489,-0.00149319,0.0013659535,58311
20150327,10:15:00.000,BBG000BP8Z50,-0.004421205,-0.005196753,193870
20150327,10:15:00.000,BBG000BS7KS3,0.00037935146,-0.0009003039,179319
20150327,10:15:00.000,BBG000BMZ7P7,0.002991172,-0.0061561307,122423
20150327,10:15:00.000,BBG000FBK808,-0.022775097,-0.032807652,1556356
20150327,10:15:00.000,BBG000R8ZVD1,-0.0071178535,-0.0017197835,560617
20150327,10:15:00.000,BBG000BLMZK6,-0.006377597,0.0018999,180636
20150327,10:15:00.000,BBG000BQSQ38,-0.00034750812,-0.0010197618,179802
20150327,10:15:00.000,BBG000BBL0Y1,-0.0040313383,0.011378595,138095
20150327,10:15:00.000,BBG001QZCPJ2,0.019679312,0.024223134,476949
20150327,10:15:00.000,BBG000CVWGS6,0.0067853876,0.008009168,633976
20150327,10:15:00.000,BBG000BCNYT9,0.014769745,0.0063329996,918620
20150327,10:15:00.000,BBG000PVRDL2,-0.00011267712,-0.008136968,757787
20150327,10:15:00.000,BBG000BJQWD2,-0.001253027,-0.0030969896,97482
20150327,10:15:00.000,BBG000C9W1Y1,0.0003485899,0.0002715398,471629
20150327,10:15:00.000,BBG000BJ49H3,0.009970086,0.0060860347,226124
20150327,10:15:00.000,BBG000BFVXX0,-0.002394136,0.0049861963,323120
20150327,10:15:00.000,BBG000FLZN98,0.00059717457,0.002026279,74806
20150327,10:15:00.000,BBG000FLPRH1,-1.7375312e-05,-0.0068997103,267647
20150327,10:15:00.000,BBG000BYWTX7,0.004419815,0.0033412315,873138
20150327,10:15:00.000,BBG000BY33P5,-0.0032118293,-0.0013451001,428966
20150327,10:15:00.000,BBG000BBB3K1,-0.0006158678,0.0017437402,309297
20150327,10:15:00.000,BBG000DN7P92,0.005943538,0.0077855275,186146
20150327,10:15:00.000,BBG000BBMSJ6,0.0047234194,0.0017356626,289470
20150327,10:15:00.000,BBG000BH2JM1,0.0015285304,-0.002146865,607077
20150327,10:15:00.000,BBG000BFS7D3,-0.0034163566,-0.0019154691,64473
20150327,10:15:00.000,BBG000CKVSG8,-0.0058928314,-0.0107607795,561522
20150327,10:15:00.000,BBG000BB6G37,0.0018520345,-0.0013932323,197695
20150327,10:15:00.000,BBG000BM7HL0,0.0021546944,0.0015329571,170746
20150327,10:15:00.000,BBG000BCYP43,0.00020549433,0.0033003485,46980
20150327,10:15:00.000,BBG000BV75B7,0.00038714142,-0.0022014193,150885
20150327,10:15:00.000,BBG000TWC2V5,-0.00188593,0.0011075871,75139
20150327,10:15:00.000,BBG000BLW530,0.0019027505,-0.0047221794,251468
20150327,10:15:00.000,BBG000BKWSR6,0.00023037508,-0.004598139,1321239
20150327,10:15:00.000,BBG000C2YHG9,-0.00064113666,0.00071115507,135709
20150327,10:15:00.000,BBG000BRQ6L2,-0.004239594,0.014034849,1258377
20150327,10:15:00.000,BBG000BQHGR6,-0.0076583726,-0.015159566,195710
20150327,10:15:00.000,BBG000BN9WT5,0.002562706,-0.0010963092,223242
20150327,10:15:00.000,BBG000BVWLJ6,-0.00633753,-0.0066767232,135703
20150327,10:15:00.000,BBG000BKQ3V3,-0.02079133,-0.036797445,1893925
20150327,10:15:00.000,BBG000H0QBS7,0.0008255698,0.0063923327,126355
20150327,10:15:00.000,BBG000H4YVR7,0.004881589,0.02466083,145538
20150327,10:15:00.000,BBG000PYZSR8,-0.0034841944,-0.0019253973,53864
20150327,10:15:00.000,BBG007TJF1N7,0.019916182,0.02196025,604435
20150327,10:15:00.000,BBG000C2ZCH8,0.0022010913,0.008539759,226235
20150327,10:15:00.000,BBG000BTCH57,-0.0074091195,-0.0025300782,165863
20150327,10:15:00.000,BBG000BR54L0,0.00010513365,0.013479147,689122
20150327,10:15:00.000,BBG000BB5373,0.0021407134,0.0010316618,726814
20150327,10:15:00.000,BBG000BHZ5J9,0.005122282,0.0013760963,87041
20150327,10:15:00.000,BBG000CXD6X9,0.0047258907,0.009261358,150293
20150327,10:15:00.000,BBG000BKZTP3,0.005397071,-0.000833303,192127
20150327,10:15:00.000,BBG000BB1TH9,-0.003574999,-0.014179936,101353
20150327,10:15:00.000,BBG000D5S4M0,0.012249787,0.016099053,96416
20150327,10:15:00.000,BBG000BN84F3,-0.00021176258,-0.0011203078,567723
20150327,10:15:00.000,BBG000HW5GX3,-0.0032384759,-0.008143076,449496
20150327,10:15:00.000,BBG000CHPY97,-0.0060243313,-0.010212901,864749
20150327,10:15:00.000,BBG000D2M0Z7,3.3346038e-05,0.00041903148,493670
20150327,10:15:00.000,BBG000BF1R66,0.005762196,0.002503239,91265
20150327,10:15:00.000,BBG000BJ8YN7,-0.00023314364,-0.008681742,219873
20150327,10:15:00.000,BBG000G9CGL0,0.0072682896,0.012857729,78099
20150327,10:15:00.000,BBG000BQ8KV2,0.0001434342,-0.0078575695,238857
20150327,10:15:00.000,BBG000BVMPN3,0.0039564543,-0.001971469,110242
20150327,10:15:00.000,BBG000BGD7W6,-0.005139742,0.003288868,119664
20150327,10:15:00.000,BBG000BC15S7,0.0009438187,-0.0013024262,212508
20150327,10:15:00.000,BBG000Q2HM09,0.020101562,0.015205962,247059
20150327,10:15:00.000,BBG000BQVTF5,-0.0061682416,-0.011233249,155832
20150327,10:15:00.000,BBG000VC0T95,0.0016027882,0.00023759845,188862
20150327,10:15:00.000,BBG000F86GP6,0.004439467,0.0032326235,83229
20150327,10:15:00.000,BBG000BWVSR1,-0.00025972392,0.0017786722,162550
20150327,10:15:00.000,BBG000BX8DC4,0.0074057025,0.013300763,176960
20150327,10:15:00.000,BBG000BHCP19,-0.00092640915,-0.003630636,142826
20150327,10:15:00.000,BBG000BK6G19,-0.003832163,-0.0052560926,210209
20150327,10:15:00.000,BBG000RGM5P1,-0.008295314,-0.0059478725,138701
20150327,10:15:00.000,BBG000BF5RY1,0.003202372,0.0035465143,253772
20150327,10:15:00.000,BBG000BP4MH0,-0.0016875402,-0.0028774585,237505
20150327,10:15:00.000,BBG000D8RG11,-0.0013326278,0.005272766,313825
20150327,10:15:00.000,BBG000FP1N32,-0.0012614933,-0.0075960006,412949
20150327,10:15:00.000,BBG000BLHRS2,0.0019035565,0.004356485,109872
20150327,10:15:00.000,BBG000TJM7F0,-0.0068733385,-0.004360453,228021
20150327,10:15:00.000,BBG000J1QLT0,-0.0053381026,-0.001306255,82252
20150327,10:15:00.000,BBG000BBBNC6,0.0024675513,-0.0037791536,200736
20150327,10:15:00.000,BBG000BY2Y78,0.004632414,-0.0012525865,460576
20150327,10:15:00.000,BBG000BM6788,-0.0050216625,-0.0060027423,198444
20150327,10:15:00.000,BBG000C1FQS9,-0.0005385252,0.004117051,63005
20150327,10:15:00.000,BBG000BBJQV0,-0.002957842,-0.004293784,773729
20150327,10:15:00.000,BBG000BTQR96,0.0007712451,0.00021092068,95579
20150327,10:15:00.000,BBG000CXYSZ6,0.0024082726,0.002316293,75387
20150327,10:15:00.000,BBG000BB5792,0.046123195,0.06045482,1698165
20150327,10:15:00.000,BBG000BNGTQ7,0.00013457627,0.0076257074,116491
20150327,10:15:00.000,BBG000BZTW70,-0.006693178,-0.023486184,1297086
20150327,10:15:00.000,BBG000G0Z878,-0.002627916,-0.006169408,384977
20150327,10:15:00.000,BBG000BFNR17,0.003432705,0.0011819778,43405
20150327,10:15:00.000,BBG002BHBHM1,0.00810812,0.017790176,179833
20150327,10:15:00.000,BBG000BC4JJ4,-0.00028439585,-0.0033407155,100572
20150327,10:15:00.000,BBG000F15NW9,0.0055975528,0.006693899,64792
20150327,10:15:00.000,BBG000BKR1D6,0.0034181986,-0.003990332,46001
20150327,10:15:00.000,BBG000BCTQ65,-0.010950572,-0.0061252457,878902
20150327,10:15:00.000,BBG000BNNYW1,-0.0058727344,-0.0030761808,796547
20150327,10:15:00.000,BBG000BBCDZ2,-0.0027171893,-0.0037037826,199433
20150327,10:15:00.000,BBG000BRK7L6,0.01093468,0.0003414143,834949
20150327,10:15:00.000,BBG000DQTXY6,0.0006151192,0.014989687,428632
20150327,10:15:00.000,BBG000BRXP69,0.000822155,0.006025771,74564
20150327,10:15:00.000,BBG000BL9JQ1,-0.003405639,-0.0046885423,232562
20150327,10:15:00.000,BBG000DTMH63,-0.0037446457,-0.017717041,722595
20150327,10:15:00.000,BBG000BJPDZ1,0.0027640385,0.0030857858,62563
20150327,10:15:00.000,BBG000BXWBN9,0.0006305607,0.006644468,219636
20150327,10:15:00.000,BBG000C2PW58,0.00090581237,-0.0028856725,50696
20150327,10:15:00.000,BBG000D13GN8,-0.0042485404,-0.0043419413,105087
20150327,10:15:00.000,BBG000BB6M98,0.006096372,0.0043217973,174954
20150327,10:15:00.000,BBG000BGYWY6,0.0025191272,0.008736201,87485
20150327,10:15:00.000,BBG000BHB3M6,0.0076253163,0.0028054346,258443
20150327,10:15:00.000,BBG000G3QLY3,-0.0013159581,-0.00667802,131447
20150327,10:15:00.000,BBG000BSBZH7,-0.0019458949,0.0051557873,149007
20150327,10:15:00.000,BBG000F7RCJ1,-0.0016935086,0.006658843,80375
20150327,10:15:00.000,BBG0039320N9,-0.0074703284,-1.0589918e-07,395990
20150327,10:15:00.000,BBG000BTZQC4,-0.013665134,-0.017674975,850270
20150327,10:15:00.000,BBG001M8HHB7,0.000993031,-0.0031688565,142410
20150327,10:15:00.000,BBG000CZWZ05,0.113649264,0.13496941,2593246
20150327,10:15:00.000,BBG000QY3XZ2,0.011633355,0.009864496,164843
20150327,10:15:00.000,BBG000BHLYP4,-0.009981297,-0.010919818,179111
20150327,10:15:00.000,BBG000CHWP52,0.00545816,0.0032328255,378489
20150327,10:15:00.000,BBG000QFJ7H3,0.005865056,-0.004241631,1318400
20150327,10:15:00.000,BBG000BFTJ91,0.0015272776,0.0023353242,314590
20150327,10:15:00.000,BBG000BZ2GG4,0.0066742566,-0.0031247644,200472
20150327,10:15:00.000,BBG000FKJRC5,-0.0047623413,-0.0012750335,119937
20150327,10:15:00.000,BBG000BKPL53,0.0014267262,0.0026796195,275263
20150327,10:15:00.000,BBG000BNC3Y9,-0.00575351,-0.011222925,117187
20150327,10:15:00.000,BBG000BNFLM9,0.0013728522,0.007589946,625294
20150327,10:15:00.000,BBG000BWCKB6,-0.0024163048,0.003790523,127263
20150327,10:15:00.000,BBG000BR14K5,0.0029745162,0.0005882342,191028
20150327,10:15:00.000,BBG0014GJCT9,0.009383883,0.016744269,347327
20150327,10:15:00.000,BBG000BRRG02,-0.0059626647,-0.0062169344,239019
20150327,10:15:00.000,BBG000BP1Q11,-0.0014373909,-0.0013438835,218322
20150327,10:15:00.000,BBG000P1F8Q7,-0.010309483,-0.0003981354,189953
20150327,10:15:00.000,BBG000BCVMH9,-0.00076160947,-0.010637027,194944
20150327,10:15:00.000,BBG000D7RKJ5,0.0014950129,0.0069969166,150283
20150327,10:15:00.000,BBG000FNRZ69,0.017603895,0.006306229,764595
20150327,10:15:00.000,BBG000BTKGG8,0.005369747,4.8339597e-08,444520
20150327,10:15:00.000,BBG001QD41M9,-0.0018766284,-0.00110525,132384
20150327,10:15:00.000,BBG000D9DMK0,0.007595349,0.008028366,183397
20150327,10:15:00.000,BBG000BH5DV1,-0.0065435003,-0.0069626532,151834
20150327,10:15:00.000,BBG000BMQPL1,-0.002032842,-0.007776365,1226415
20150327,10:15:00.000,BBG000BMDV41,-5.5979774e-05,-0.002540461,278108
20150327,10:15:00.000,BBG000BQZMH4,-0.0027262697,0.0031572122,181907
20150327,10:15:00.000,BBG000BS0ZF1,-0.008046716,-0.009014999,67741
20150327,10:15:00.000,BBG000BGLRN3,-0.0050521414,-0.0066522113,392607
20150327,10:15:00.000,BBG000C0F570,-0.001386904,-0.005627097,385112
20150327,10:15:00.000,BBG000D6L294,-0.006846307,-0.01016547,96859
20150327,10:15:00.000,BBG000BM5SR2,0.003985053,0.0021214432,318886
20150327,10:15:00.000,BBG000BYYLS8,0.003435857,-0.0015517675,744802
20150327,10:15:00.000,BBG000BF6LY3,0.049520925,0.05963759,3763426
20150327,10:15:00.000,BBG000BCBCM7,0.0007427777,0.003746462,888546
20150327,10:15:00.000,BBG000BJ2VQ6,0.0038550976,-0.011523507,628463
20150327,10:15:00.000,BBG000BJ98Z0,-0.00031511704,0.005893526,203228
20150327,10:15:00.000,BBG000BLCPY4,0.0058978912,-0.011362718,215960
20150327,10:15:00.000,BBG000D898T9,0.00018691296,0.0016264893,167022
20150327,10:15:00.000,BBG000BMBL90,0.0018803168,0.00057347585,391502
20150327,10:15:00.000,BBG000BSXQV7,-0.0010396043,0.0023246987,75665
20150327,10:15:00.000,BBG000FVXD63,0.010893102,0.0046947254,286040
20150327,10:15:00.000,BBG000BVMGF2,-0.0008326368,-0.0025632696,197348
20150327,10:15:00.000,BBG000C11MQ5,-0.022406407,0.0012285201,95759
20150327,10:15:00.000,BBG000BPQD31,-0.004900981,-0.0029890998,671603
20150327,10:15:00.000,BBG000BB5006,0.00037204102,6.861486e-05,327713
20150327,10:15:00.000,BBG000BHKYH4,-0.0016497133,-0.003719708,113471
20150327,10:15:00.000,BBG000D1QCF1,0.0034846775,-0.007277949,218080
20150327,10:15:00.000,BBG000CSY9H9,0.0021052617,0.0069112284,317794
20150327,10:15:00.000,BBG000BRJ809,0.001264489,-0.000700145,51695
20150327,10:15:00.000,BBG000CNFQW6,-0.0030799734,-0.0013987761,63286
20150327,10:15:00.000,BBG000BXM6V2,-0.003892296,0.0035611382,332572
20150327,10:15:00.000,BBG000BCGY17,0.0032626588,0.0050250296,316036
20150327,10:15:00.000,BBG000DKCC19,-0.0051737144,-0.0018339823,235685
20150327,10:15:00.000,BBG000BKCFC2,0.0013326332,0.003336008,606628
20150327,10:15:00.000,BBG000BTVJ25,0.0033851902,0.005542923,624774
20150327,10:15:00.000,BBG000BN5HF7,-0.0023629619,0.00940987,221706
20150327,10:15:00.000,BBG000Q3JN03,0.007115868,-1.2374984e-07,3860623
20150327,10:15:00.000,BBG0020B4JG7,-0.0022100417,-0.0019083156,832792
20150327,10:15:00.000,BBG000BR3KL6,0.0019616624,-0.0015338337,73099
20150327,10:15:00.000,BBG000BRWGG9,0.0015742067,0.012202651,3045401
20150327,10:15:00.000,BBG001LWHLJ8,-0.0007669311,-0.0016195648,1208592
20150327,10:15:00.000,BBG000C7LMS8,0.004650379,0.011856952,47218
20150327,10:15:00.000,BBG000BPT0C6,0.0141436225,0.006049787,507297
20150327,10:15:00.000,BBG000BSD7C2,-0.0041539813,-0.0033555522,194197
20150327,10:15:00.000,BBG000BRJL00,0.00014011207,0.005603756,503132
20150327,10:15:00.000,BBG000C1FB75,-0.00064017024,0.00023970219,44843
20150327,10:15:00.000,BBG000BJ3PD2,-0.0027353815,-0.0036742908,213936
20150327,10:15:00.000,BBG000BHLYS1,0.015670547,0.024917075,1614207
20150327,10:15:00.000,BBG000JWD753,-0.004886982,0.00036574958,433931
20150327,10:15:00.000,BBG000BXMFC3,-0.009647471,-0.018445384,430243
20150327,10:15:00.000,BBG000CGQ6M4,0.0026034934,-0.0029862116,162786
20150327,10:15:00.000,BBG000DNTSP4,0.001442359,-0.006530445,502006
20150327,10:15:00.000,BBG000BFXHL6,-0.009310475,-0.010808009,390103
20150327,10:15:00.000,BBG000BJL3N0,-0.0023982027,-0.008962075,1898452
20150327,10:15:00.000,BBG000JG0547,-0.0023774898,-0.0019545744,176980
20150327,10:15:00.000,BBG000BWSV34,0.0014653556,0.0042587537,65775
20150327,10:15:00.000,BBG000BB6WG8,0.0015260524,0.00075604854,397182
20150327,10:15:00.000,BBG000BCWCG1,-0.007195261,-0.00078085525,673452
20150327,10:15:00.000,BBG000BB9KF2,0.007109185,0.011927287,426748
20150327,10:15:00.000,BBG000C3HSR0,0.006645939,0.0062652226,218993
20150327,10:15:00.000,BBG000BFMBQ6,0.006936056,0.017784022,237864
20150327,10:15:00.000,BBG000BP0KQ8,0.016306855,0.02238038,758989
20150327,10:15:00.000,BBG000BQWPC5,-0.007612444,0.0020231684,218175
20150327,10:15:00.000,BBG001YMS0B8,0.025131023,0.028022999,5313156
20150327,10:15:00.000,BBG000C0LW92,0.0065099546,0.010891259,937828
20150327,10:15:00.000,BBG000MDCQC2,0.0012775984,0.0027203523,216877
20150327,10:15:00.000,BBG000BK67C7,-0.00066220085,-0.0009287224,101063
20150327,10:15:00.000,BBG000BY29C7,0.004806778,0.010077227,392518
20150327,10:15:00.000,BBG000BSLZY7,0.006944205,0.0008398728,1005385
20150327,10:15:00.000,BBG000BLKK03,-0.004903626,0.005613871,574849
20150327,10:15:00.000,BBG000C2BXK4,0.0031421583,0.011679583,1711570
20150327,10:15:00.000,BBG000BCZYD3,6.7844376e-05,0.0063898675,91427
20150327,10:15:00.000,BBG000R7RDB4,-0.0012190847,-0.0057243593,145541
20150327,10:15:00.000,BBG000C3GN47,0.0017078088,-1.8468634e-07,541421
20150327,10:15:00.000,BBG000BMW2Z0,-0.0012805418,-0.0012228962,132251
20150327,10:15:00.000,BBG000BKFZM4,-0.0010698012,-1.8417823e-07,889384
20150327,10:15:00.000,BBG000G2R6M0,-0.0028333913,-0.011837287,1514312
20150327,10:15:00.000,BBG000C1S2X2,-0.011530335,0.0048464923,194351
20150327,10:15:00.000,BBG000F0KF42,0.003468777,-0.0044840304,334580
20150327,10:15:00.000,BBG000CS7CT9,-0.0028639168,0.005267712,644809
20150327,10:15:00.000,BBG000CPQZ77,-0.0031284953,0.0026841215,422135
20150327,10:15:00.000,BBG000C8H633,-0.012132061,-0.014402144,1001136
20150327,10:15:00.000,BBG000JH6683,0.015986724,0.03794245,908622
20150327,10:15:00.000,BBG000BLBXT4,-0.004369139,0.002064336,650613
20150327,10:15:00.000,BBG000BB07P9,0.00039987825,-0.008846018,1786908
20150327,10:15:00.000,BBG000BX3TD3,0.0026573008,-0.010876027,1052180
20150327,10:15:00.000,BBG000F80SZ5,-0.007046401,-0.00042083775,870273
20150327,10:15:00.000,BBG000BKFBD7,0.00050904084,-0.005361114,334525
20150327,10:15:00.000,BBG000BPWXK1,0.016350247,0.009479165,1257869
20150327,10:15:00.000,BBG000BH5LT6,-0.015606449,-0.032647576,2124120
20150327,10:15:00.000,BBG000BBD070,-0.0034286927,-0.010452159,187812
20150327,10:15:00.000,BBG000BWJFZ4,-0.006484513,-0.007818929,46929
20150327,10:15:00.000,BBG000BWNFZ9,0.0009103732,-0.003844625,215095
20150327,10:15:00.000,BBG000BH3JF8,-0.0006857674,-0.0011262626,249305
20150327,10:15:00.000,BBG000C0HQ54,0.009318525,0.015373089,315287
20150327,10:15:00.000,BBG000FL1TC8,-0.0060242354,-0.003382975,265667
20150327,10:15:00.000,BBG000BV8DN6,-0.0022647728,0.002244931,277808
20150327,10:15:00.000,BBG0029SNR63,-0.0049439482,0.00015016699,166507
20150327,10:15:00.000,BBG000DYGNW7,-0.0017083314,-0.0011056223,93103
20150327,10:15:00.000,BBG000QW7VC1,0.0065403795,0.006634535,252465
20150327,10:15:00.000,BBG000BFQYY3,-0.0034771643,-0.002982557,308316
20150327,10:15:00.000,BBG000BGVW60,-0.0029803757,0.001847567,293201
20150327,10:15:00.000,BBG000C1BW00,-0.004846791,0.0003740308,166209
20150327,10:15:00.000,BBG000BJ81C1,0.0009562702,-0.0015452246,135136
20150327,10:15:00.000,BBG000BFDXW1,0.0021918945,0.0011862507,868497
20150327,10:15:00.000,BBG000BSC0K9,0.002775609,0.010862146,261751
20150327,10:15:00.000,BBG000BD8PN9,-0.0049587796,-0.008290736,729381
20150327,10:15:00.000,BBG000DSMS70,-0.007326289,0.007130665,100705
20150327,10:15:00.000,BBG000BQ5DS5,0.002712531,-0.0070247296,558545
20150327,10:15:00.000,BBG000G30YX4,0.0088528665,0.0211288,206953
20150327,10:15:00.000,BBG000BQ2C28,-0.0024892085,-0.0005651223,198335
20150327,10:15:00.000,BBG000BN2DC2,-0.0019467894,-0.0035603764,265912
20150327,10:15:00.000,BBG000LD9JQ8,-0.008418471,-0.0010642604,171824
20150327,10:15:00.000,BBG000BGKTF9,0.005210941,1.6653652e-07,281099
20150327,10:15:00.000,BBG000BBVJZ8,-0.007925384,-0.008657215,264487
20150327,10:15:00.000,BBG000D9D830,-0.011270517,-0.015552754,738678
20150327,10:15:00.000,BBG000BJSBJ0,0.002074549,0.0062297923,145671
20150327,10:15:00.000,BBG000BH1NH9,0.0003298125,-0.0040047197,299736
20150327,10:15:00.000,BBG000BVDLH9,-0.0023912126,0.0021787353,124840
20150327,10:15:00.000,BBG000FJLFX8,0.0028606397,0.012650217,266705
20150327,10:15:00.000,BBG000MZFMS2,-0.009997525,-0.00017397178,159356
20150327,10:15:00.000,BBG000C4DPX1,0.0025286498,0.006894866,406052
20150327,10:15:00.000,BBG000C0MF34,0.005000903,-0.0012613761,69842
20150327,10:15:00.000,BBG000QBR5J5,0.00566546,0.00026423467,327950
20150327,10:15:00.000,BBG000BCVJ77,-0.0013649641,0.0007352292,248536
20150327,10:15:00.000,BBG000QX74T1,0.0028501346,0.0015322465,65062
20150327,10:15:00.000,BBG000BBDV81,-0.00434279,-0.0044776853,329914
20150327,10:15:00.000,BBG000HCJMF9,-0.004699079,-0.0117419055,314031
20150327,10:15:00.000,BBG000C46HM9,-0.0026230942,0.0048999935,323713
20150327,10:15:00.000,BBG000BGPTV6,-0.0009226232,-0.0040575536,192730
20150327,10:15:00.000,BBG000BRD0D8,0.0019906485,-0.0033516462,420329
20150327,10:15:00.000,BBG000BGJRC8,-0.004496551,-0.013828485,1321434
20150327,10:15:00.000,BBG000DHSPT0,0.0042701084,0.001189382,247424
20150327,10:15:00.000,BBG000J6XT05,0.00440266,0.008301463,1038715
20150327,10:15:00.000,BBG000BH3GZ2,0.0009738985,-0.0027370707,232155
20150327,10:15:00.000,BBG000BTR593,0.0023891476,-0.0017748616,668841
20150327,10:15:00.000,BBG000B9ZXB4,0.0030313462,0.006020733,459344
20150327,10:15:00.000,BBG000BL4504,-0.0065226085,-0.012644555,4540779
20150327,10:15:00.000,BBG000BNBDC2,-0.0041599018,-0.00054425973,349297
20150327,10:15:00.000,BBG000C734W3,0.004084672,0.019291926,155768
20150327,10:15:00.000,BBG000BWLMJ4,0.0017612132,0.008527362,772490
20150327,10:15:00.000,BBG000H556T9,0.0045376616,0.0018105825,401095
20150327,10:15:00.000,BBG000BVPPM1,-0.006425436,-5.4704557e-05,206669
20150327,10:15:00.000,BBG000BCG930,0.013934682,0.025141452,377625
20150327,10:15:00.000,BBG000BJF1Z8,-0.006696247,-0.0036247706,140874
20150327,10:15:00.000,BBG000BND699,0.0035234757,0.0055389283,1076583
20150327,10:15:00.000,BBG000BD4VG8,-0.0007571201,-0.004375179,340628
20150327,10:15:00.000,BBG000BC2C10,-0.0013384485,-0.0026745738,489616
20150327,10:15:00.000,BBG000NV1KK7,0.002227447,0.0072873235,515051
20150327,10:15:00.000,BBG000BLZRJ2,-9.9688994e-05,-0.002246596,1363110
20150327,10:15:00.000,BBG000F6H8W8,-0.0012332912,0.0031982048,194770
20150327,10:15:00.000,BBG000BMY992,-0.0032135693,0.004730341,366261
20150327,10:15:00.000,BBG000BT9DW0,0.0033045942,0.0059431796,1053757
20150327,10:15:00.000,BBG000PX3XC0,-0.0070150467,-0.017129183,1823727
20150327,10:15:00.000,BBG000BWXBC2,-0.0011367649,-0.00054960983,712081
20150327,10:15:00.000,BBG000BB6KF5,-0.0015466046,-0.006720457,632192
20150327,10:15:00.000,BBG000FFDM15,0.0009043184,-0.0047631753,774209
20150327,10:15:00.000,BBG000KLB4Q1,0.024970932,0.029881252,3013203
20150327,10:15:00.000,BBG001DCCGR8,-0.004656951,-0.00044572883,195406
20150327,10:15:00.000,BBG000BVV7G1,0.0005032999,-0.0019709296,482845
20150327,10:15:00.000,BBG000BHGDH5,-0.0020820391,0.004303869,349838
20150327,10:15:00.000,BBG000BWVCP8,0.009072975,0.002232688,568291
20150327,10:15:00.000,BBG000C15T95,-0.0040627946,-0.0034938536,275959
20150327,10:15:00.000,BBG000D4LWF6,0.0019642,0.0051528816,1910792
20150327,10:15:00.000,BBG000B9WH86,-0.00021385237,-0.01086523,3701097
20150327,10:15:00.000,BBG000Q9HH23,-0.0075924206,-0.0047294362,93613
20150327,10:15:00.000,BBG00286S4N9,0.0048314417,0.0023579195,261453
20150327,10:15:00.000,BBG000BHX7N2,-0.0030368767,-0.0046933056,372395
20150327,10:15:00.000,BBG000L9CV04,-0.0062456564,-0.0017589466,465638
20150327,10:15:00.000,BBG000BH13K9,0.0012651269,-0.00013951588,850443
20150327,10:15:00.000,BBG000FG3C43,-0.013151154,-0.02009181,2917770
20150327,10:15:00.000,BBG000C496P7,0.013707372,0.012622886,637182
20150327,10:15:00.000,BBG000BXRPH1,0.007930655,0.0022253732,246650
20150327,10:15:00.000,BBG000BNJHS8,-0.00036323385,0.017486794,1178457
20150327,10:15:00.000,BBG000BBPFB9,0.005328351,0.008926647,4952240
20150327,10:15:00.000,BBG000WCFV84,-0.013134385,-0.022022484,676770
20150327,10:15:00.000,BBG0019JZ882,0.0031266976,0.000969082,883433
20150327,10:15:00.000,BBG000H89QJ6,-0.00015288412,-0.0009122716,184539
20150327,10:15:00.000,BBG000BFWKC0,0.0026299595,0.0004901534,340702
20150327,10:15:00.000,BBG000C5HS04,-0.0049158125,0.0008558033,285262
20150327,10:15:00.000,BBG000BJX8C8,0.016423605,0.0067423903,762231
20150327,10:15:00.000,BBG000BNDN65,-0.0028285624,0.003980753,570502
20150327,10:15:00.000,BBG000BP52R2,0.00039360943,-0.0007377001,185921
20150327,10:15:00.000,BBG000M65M61,0.012018193,0.030944346,964080
20150327,10:15:00.000,BBG000BP6LJ8,-0.0017872503,0.00040000252,1102535
20150327,10:15:00.000,BBG000F0PF65,0.00065074733,0.002300359,246906
20150327,10:15:00.000,BBG000H8TVT2,0.003449753,0.0066499403,505359
20150327,10:15:00.000,BBG000DQLV23,0.005424402,0.010230178,753288
20150327,10:15:00.000,BBG000BHBK84,0.04022322,0.0388703,5339770
20150327,10:15:00.000,BBG000DLFM21,-0.013469704,-0.0033009506,241322
20150327,10:15:00.000,BBG000BJDB15,-0.01370797,-0.030248865,4481012
20150327,10:15:00.000,BBG000CTQBF3,-0.00086231023,-0.00026281332,737180
20150327,10:15:00.000,BBG000BQQ2S6,-0.0011199604,-0.0067148954,356147
20150327,10:15:00.000,BBG000BHVJJ3,-0.009796955,-0.0162632,4986565
20150327,10:15:00.000,BBG000F1ZSQ2,-0.005559433,-0.0073344866,659382
20150327,10:15:00.000,BBG000BQPC32,0.0042224233,0.0006248667,3238966
20150327,10:15:00.000,BBG000C43RR5,0.0045442474,0.0038249765,1047892
20150327,10:15:00.000,BBG000CH5208,-0.0012228212,0.0061915545,282066
20150327,10:15:00.000,BBG000J2XL74,-0.0006277787,-0.0005896403,591213
20150327,10:15:00.000,BBG000BC40Y8,-0.0034486668,-0.0059469775,366966
20150327,10:15:00.000,BBG000KHWT55,-0.009574368,-0.01499275,2776904
20150327,10:15:00.000,BBG000BW8S60,-3.9581122e-05,0.0010771746,349857
20150327,10:15:00.000,BBG000BZ9223,-0.0013391689,-0.0047068116,355415
20150327,10:15:00.000,BBG000DWYF03,-0.00044487198,0.0005889603,1454489
20150327,10:15:00.000,BBG000BBGGQ1,-0.005238515,-0.0032352498,891216
20150327,10:15:00.000,BBG000BBDZG3,0.0009211307,-0.00036928008,964530
20150327,10:15:00.000,BBG000BQLTW7,-0.004486525,-0.007677375,2515981
20150327,10:15:00.000,BBG000NDYB67,0.00075766613,-0.0005354829,1585708
20150327,10:15:00.000,BBG000C6CFJ5,-0.00020689155,-0.0028556692,290956
20150327,10:15:00.000,BBG000BGRY34,-0.0031033207,0.0038725042,572077
20150327,10:15:00.000,BBG000DH7JK6,-0.003068657,-0.0016207487,502161
20150327,10:15:00.000,BBG000BW3299,-0.0008372587,-0.008133575,1136119
20150327,10:15:00.000,BBG000DWG505,0.0041511604,0.00038437665,535140
20150327,10:15:00.000,BBG000BF0K17,-0.003080488,-0.012456884,1360084
20150327,10:15:00.000,BBG000R7Z112,0.0027618406,0.017693039,1588972
20150327,10:15:00.000,BBG000BCSST7,-0.0010039959,0.0017545728,369179
20150327,10:15:00.000,BBG000BQQH30,-0.0017487716,-0.0044265655,726359
20150327,10:15:00.000,BBG000BCQZS4,0.0020203157,-0.0038218054,1204973
20150327,10:15:00.000,BBG000BMX289,-0.006271827,-0.0042135636,2230505
20150327,10:15:00.000,BBG000BNWG87,0.0022184122,0.0053507276,628357
20150327,10:15:00.000,BBG000BBS2Y0,-0.004185612,0.0074111153,369322
20150327,10:15:00.000,BBG000BH4R78,-0.004295306,-0.0023752996,679598
20150327,10:15:00.000,BBG005P7Q881,0.0018354591,0.021554735,1959759
20150327,10:15:00.000,BBG000BKZB36,0.0007582654,0.005872708,742173
20150327,10:15:00.000,BBG000GFFQN9,0.019061698,0.01933701,6536241
20150327,10:15:00.000,BBG0025Y4RY4,0.00036709488,0.0030542586,1188893
20150327,10:15:00.000,BBG000BFC8J2,-0.005071498,0.0095178755,1077964
20150327,10:15:00.000,BBG000H6HNW3,0.0062698885,0.009414128,4010005
20150327,10:15:00.000,BBG000BNSZP1,-0.0031594026,-0.005130581,535730
20150327,10:15:00.000,BBG000N9MNX3,-0.02371865,-0.022609541,1416711
20150327,10:15:00.000,BBG000BPD168,0.00041462597,0.0039932984,946299
20150327,10:15:00.000,BBG000BKTFN2,0.0042632753,-0.005790558,1960668
20150327,10:15:00.000,BBG000C17X76,-0.0050653038,0.008657931,399314
20150327,10:15:00.000,BBG000BR2TH3,-0.0013127085,-0.00018268327,868113
20150327,10:15:00.000,BBG000PSKYX7,-0.006465291,-0.0063235913,1311161
20150327,10:15:00.000,BBG000BT41Q8,0.0043427562,-0.0036066198,865601
20150327,10:15:00.000,BBG000C5Z1S3,-0.008959073,-0.012376146,5225546
20150327,10:15:00.000,BBG000BLNNH6,-0.0012713636,-0.0056974664,571146
20150327,10:15:00.000,BBG000BFT2L4,0.0018464,0.002683223,2359183
20150327,10:15:00.000,BBG000CGC1X8,0.005661148,0.0050631613,1659511
20150327,10:15:00.000,BBG000HS77T5,0.0020385135,0.0008259141,1579076
20150327,10:15:00.000,BBG000C3J3C9,-0.0052043074,-0.0033230225,3627670
20150327,10:15:00.000,BBG000FH8PX5,-0.0013237044,0.0062379395,317564
20150327,10:15:00.000,BBG000BLBVN4,-0.00570925,-0.007336021,79321
20150327,10:15:00.000,BBG000BSJK37,0.0012977901,-0.0012186096,3244876
20150327,10:15:00.000,BBG000CL9VN6,-0.0132350465,-0.013762839,484388
20150327,10:15:00.000,BBG000BVPV84,0.0039703012,0.004138346,510303
20150327,10:15:00.000,BBG000K4ND22,-0.0034864566,-0.009974786,841847
20150327,10:15:00.000,BBG000BWQFY7,-0.0010044882,-0.006790951,2217678
20150327,10:15:00.000,BBG002W96FT9,-0.004219625,-0.0065193386,278478
20150327,10:15:00.000,BBG000BMHYD1,0.00023210558,0.0017977733,643700
20150327,10:15:00.000,BBG000BR2B91,-0.0014179717,0.0035113064,3987663
20150327,10:15:00.000,BBG000BK6MB5,-0.0004942579,-0.0016131434,4011289
20150327,10:15:00.000,BBG000FY4S11,0.00017232982,-0.004296728,4177875
20150327,10:15:00.000,BBG000DMBXR2,0.0018298218,-0.0026867802,2173881
20150327,10:15:00.000,BBG000C0G1D1,-0.0002384608,-0.0036564397,4607804
20150327,10:15:00.000,BBG000BHSKN9,-0.005619916,-0.0059524113,323434
20150327,10:15:00.000,BBG000CKGBP2,-0.010368978,0.0045017065,1380654
20150327,10:15:00.000,BBG000GZQ728,-3.7289425e-05,-0.0053368723,1927530
20150327,10:15:00.000,BBG000BPH459,-0.0005283433,-0.0031550978,4714349
20150327,10:15:00.000,BBG000BCTLF6,-0.005528241,-0.009076084,18202808
20150327,10:15:00.000,BBG000MM2P62,7.4322226e-05,0.0028302106,4316626
20150327,10:15:00.000,BBG000B9XRY4,-0.0042837462,-0.004908842,7350583
20150327,10:30:00.000,BBG000CNZC55,-0.0067670536,-9.3798135e-08,676571
20150327,10:30:00.000,BBG000FH5YM1,0.000334154,0.0013725958,1439625
20150327,10:30:00.000,BBG000BLM0V1,-0.0041412325,-0.0023897737,127103
20150327,10:30:00.000,BBG000HGYNZ9,-0.0005761056,-0.014220566,565369
20150327,10:30:00.000,BBG000BF6RQ9,0.0027385291,0.018934483,183846
20150327,10:30:00.000,BBG000BFV115,0.0018382774,-0.011159914,224899
20150327,10:30:00.000,BBG0015XMW40,0.0062740934,-0.00042306166,72937
20150327,10:30:00.000,BBG000FBMY72,-0.0059865797,-0.017469317,415368
20150327,10:30:00.000,BBG000BDWKC5,0.0042405026,0.002827062,349793
20150327,10:30:00.000,BBG000G6BN50,0.0043594143,0.0027663242,35266
20150327,10:30:00.000,BBG000BLDV98,-0.009665588,0.0007819117,245243
20150327,10:30:00.000,BBG000R0L5J4,-0.0030806542,-0.007628406,132969
20150327,10:30:00.000,BBG006NV2Q11,0.004875137,-0.0016572181,275517
20150327,10:30:00.000,BBG000BC2R71,0.0040978384,-2.1126313e-07,174682
20150327,10:30:00.000,BBG000BN1XR3,0.0012603303,0.0050777,107676
20150327,10:30:00.000,BBG000GPXKX9,-0.0026159605,-0.0025520334,82130
20150327,10:30:00.000,BBG000DV7MX4,0.005647766,0.007741941,1017218
20150327,10:30:00.000,BBG000BGRKT6,-0.0031446016,0.0011983252,73291
20150327,10:30:00.000,BBG000BB5BF6,-0.027084468,-0.022697998,2204986
20150327,10:30:00.000,BBG000BVB8Q0,0.00079394534,-0.0013131476,2726831
20150327,10:30:00.000,BBG000DGPR66,0.0014650337,0.0047141816,222860
20150327,10:30:00.000,BBG000BQ74K1,-0.0023277719,-0.0054582134,83546
20150327,10:30:00.000,BBG000RNTSX0,-0.00307061,0.0023665838,63502
20150327,10:30:00.000,BBG000N746D6,0.0034282042,0.00036427594,641798
20150327,10:30:00.000,BBG000CR90K4,0.025703473,0.02256835,10851394
20150327,10:30:00.000,BBG000BVL2G3,0.005560389,-0.0033422592,309135
20150327,10:30:00.000,BBG000BPQVR5,-0.0033119104,-0.0021056077,66896
20150327,10:30:00.000,BBG000CB8Q50,0.0029519496,0.0047289263,61778
20150327,10:30:00.000,BBG000D42FJ0,0.002371616,-0.012628364,456176
20150327,10:30:00.000,BBG003641015,-0.00034303428,3.0690945e-08,337034
20150327,10:30:00.000,BBG000CPHYL4,0.0032060288,0.0008065596,342215
20150327,10:30:00.000,BBG000BKL348,0.002564562,0.0037359959,62546
20150327,10:30:00.000,BBG000BMF5J0,0.00051170855,0.009156095,1304071
20150327,10:30:00.000,BBG000BCHG15,0.0071913516,0.008703284,72790
20150327,10:30:00.000,BBG000BJKPG0,-0.00441528,-0.003953311,87367
20150327,10:30:00.000,BBG000HS74G6,-0.0033516812,-0.010583408,329331
20150327,10:30:00.000,BBG000BVHBM1,-0.006905927,0.008345008,213523
20150327,10:30:00.000,BBG002PHSYX9,-0.0132540995,-0.017374866,189797
20150327,10:30:00.000,BBG000D2ZTS8,-0.0074926713,0.0023901518,288085
20150327,10:30:00.000,BBG000BGYMH7,-0.0041270335,0.0015124867,131177
20150327,10:30:00.000,BBG000PV2L86,-0.004725314,0.0067586037,140872
20150327,10:30:00.000,BBG000FQ6PY6,1.9418442e-06,-0.0042593363,190541
20150327,10:30:00.000,BBG000R06BX2,0.005429058,0.006742159,337787
20150327,10:30:00.000,BBG000BCWKD6,-0.0014935083,-0.0021991904,366692
20150327,10:30:00.000,BBG000CPBCL8,-0.0022701593,-0.010645242,117775
20150327,10:30:00.000,BBG000B9X8C0,0.002987588,0.010260136,294390
20150327,10:30:00.000,BBG000BDY3Y7,-0.005788834,-0.006593346,140424
20150327,10:30:00.000,BBG001XJRMF5,5.273322e-05,-0.012182369,293402
20150327,10:30:00.000,BBG000BJ26K7,0.021442678,0.016276304,376767
20150327,10:30:00.000,BBG000BQ87N0,-0.002387407,0.0050093336,176238
20150327,10:30:00.000,BBG000C37332,0.003611751,0.0043777484,137649
20150327,10:30:00.000,BBG000C4ZZ10,0.0036415847,0.0053352755,217550
20150327,10:30:00.000,BBG000BPNP00,0.008775539,0.0076684207,232115
20150327,10:30:00.000,BBG000BXBHJ4,-0.0035796945,-0.0104615325,327985
20150327,10:30:00.000,BBG000FDBX90,0.000676535,0.0009786128,560681
20150327,10:30:00.000,BBG000BKNX95,-0.0062235454,-0.0065024346,248589
20150327,10:30:00.000,BBG000BV4XJ1,0.0059020934,0.022776494,97675
20150327,10:30:00.000,BBG000MQ1SN9,-0.00045488626,0.00055495935,156197
20150327,10:30:00.000,BBG000KBQZ88,-0.008452171,-0.0069250343,261009
20150327,10:30:00.000,BBG000BXNJ07,0.0014518554,0.0007083296,1583641
20150327,10:30:00.000,BBG000DLVDK3,0.0046564615,-0.005657635,379429
20150327,10:30:00.000,BBG000BB03M1,0.016118001,-0.0021826434,306417
20150327,10:30:00.000,BBG000BWGYF8,0.0030404525,0.006308957,90351
20150327,10:30:00.000,BBG000BPZBB6,0.0063823955,0.008178644,285296
20150327,10:30:00.000,BBG000JKCWS0,0.004272323,-0.00947055,115879
20150327,10:30:00.000,BBG000BNPSQ9,0.025455598,0.047306962,440719
20150327,10:30:00.000,BBG000C060M4,-0.0018159105,-0.0071566273,29152
20150327,10:30:00.000,BBG000BFDLV8,0.0062494874,0.00947066,185264
20150327,10:30:00.000,BBG000C2V3D6,0.0007125761,0.0046791025,158238
20150327,10:30:00.000,BBG000BC9938,0.0023665566,-0.0033426054,106294
20150327,10:30:00.000,BBG000C22QV7,-0.002238963,0.0014432446,186750
20150327,10:30:00.000,BBG000BMTFR4,-0.002370255,0.001625685,443404
20150327,10:30:00.000,BBG000BKTT89,-0.00281863,-0.0019174492,60524
20150327,10:30:00.000,BBG000BWXL85,0.0005364001,-0.0028524115,522047
20150327,10:30:00.000,BBG0014GG205,0.012059658,0.0031595526,695131
20150327,10:30:00.000,BBG000BGFZR8,0.002851184,0.00299242,181752
20150327,10:30:00.000,BBG000V31J96,0.004534381,0.01114473,602103
20150327,10:30:00.000,BBG000BNNKG9,0.00048591886,0.005028386,228769
20150327,10:30:00.000,BBG000BSSC44,-0.003353751,-0.010449126,279248
20150327,10:30:00.000,BBG000BSY3K9,-0.0068626055,-0.00032521697,174284
20150327,10:30:00.000,BBG000BPMH90,-0.0045374134,-0.01013383,172513
20150327,10:30:00.000,BBG000BX5ZF5,-0.0043980656,-0.007036012,1094263
20150327,10:30:00.000,BBG000BR37X2,0.003302847,0.0014848805,318630
20150327,10:30:00.000,BBG000C9F2F9,-0.017734887,-0.0032562478,321448
20150327,10:30:00.000,BBG000D9KWL9,0.0066832546,0.0010474636,156425
20150327,10:30:00.000,BBG000PLXQQ3,-0.0047545587,0.00038143105,120192
20150327,10:30:00.000,BBG000HZFZX3,-0.0044064024,0.000931989,152987
20150327,10:30:00.000,BBG000BDXGP9,0.016501466,0.021298023,527377
20150327,10:30:00.000,BBG000BB29X4,-0.000553022,0.005852385,107747
20150327,10:30:00.000,BBG001C7TST4,-0.0030402876,-0.0057065706,234398
20150327,10:30:00.000,BBG000BMKDM3,0.002942791,0.006507741,304289
20150327,10:30:00.000,BBG000FFH4P5,-0.00015635767,-0.0025553461,144669
20150327,10:30:00.000,BBG000C75N77,0.0060739196,-0.0032199323,180144
20150327,10:30:00.000,BBG000C221G9,-0.0076489435,-0.00962687,233909
20150327,10:30:00.000,BBG000BKXFN7,-0.0011042716,-0.019376963,549588
20150327,10:30:00.000,BBG000BWP7D9,0.00068544503,0.009927166,180409
20150327,10:30:00.000,BBG000DY8ZS4,-0.01248973,-0.02538676,1111080
20150327,10:30:00.000,BBG000BFL116,-4.5347155e-05,-0.0062056,300764
20150327,10:30:00.000,BBG000BKLH74,0.004156855,0.0070764977,328916
20150327,10:30:00.000,BBG000BS9489,-0.002354636,0.0027973591,72108
20150327,10:30:00.000,BBG000BP8Z50,-0.006788753,-0.0064194053,285893
20150327,10:30:00.000,BBG000BS7KS3,0.0023107196,0.0013856265,235476
20150327,10:30:00.000,BBG000BMZ7P7,0.0047343383,-0.002084157,162477
20150327,10:30:00.000,BBG000FBK808,-0.023814509,-0.03911687,1809052
20150327,10:30:00.000,BBG000R8ZVD1,-0.010513588,-0.0042994916,712784
20150327,10:30:00.000,BBG000BLMZK6,-0.006441545,0.004027992,218001
20150327,10:30:00.000,BBG000BQSQ38,0.0033827135,0.0034684178,258898
20150327,10:30:00.000,BBG000BBL0Y1,-0.005701634,0.012230168,211744
20150327,10:30:00.000,BBG001QZCPJ2,0.013153633,0.017146003,570200
20150327,10:30:00.000,BBG000CVWGS6,0.0059174225,0.007119361,730330
20150327,10:30:00.000,BBG000BCNYT9,0.0073972805,-0.0025332202,1090861
20150327,10:30:00.000,BBG000PVRDL2,0.0042388304,-0.0055944864,907077
20150327,10:30:00.000,BBG000BJQWD2,-0.0025929054,-0.0041529466,124935
20150327,10:30:00.000,BBG000C9W1Y1,0.0013110754,0.002986414,534203
20150327,10:30:00.000,BBG000BJ49H3,0.009936361,0.0067620957,252875
20150327,10:30:00.000,BBG000BFVXX0,-0.0021785186,0.006746013,362579
20150327,10:30:00.000,BBG000FLZN98,-0.00059089885,0.002137474,80249
20150327,10:30:00.000,BBG000FLPRH1,0.00026235654,-0.0052190316,393674
20150327,10:30:00.000,BBG000BYWTX7,0.0023777676,0.0013365268,1510908
20150327,10:30:00.000,BBG000BY33P5,-0.0044459836,-0.002690119,680481
20150327,10:30:00.000,BBG000BBB3K1,0.0025620826,0.0061760284,367519
20150327,10:30:00.000,BBG000DN7P92,0.0040505743,0.007292088,243934
20150327,10:30:00.000,BBG000BBMSJ6,0.0031777835,0.0011571429,324007
20150327,10:30:00.000,BBG000BH2JM1,-0.002670141,-0.0051530944,892691
20150327,10:30:00.000,BBG000BFS7D3,-0.004041894,-0.00027380607,80077
20150327,10:30:00.000,BBG000CKVSG8,-0.009353832,-0.017508661,637108
20150327,10:30:00.000,BBG000BB6G37,0.00019571799,-0.0013931185,323066
20150327,10:30:00.000,BBG000BM7HL0,0.0030721324,0.0023845823,202250
20150327,10:30:00.000,BBG000BCYP43,-0.00093157665,0.003390542,55773
20150327,10:30:00.000,BBG000BV75B7,0.0014063069,-0.000231322,168995
20150327,10:30:00.000,BBG000TWC2V5,-0.0024378118,0.0012588241,88067
20150327,10:30:00.000,BBG000BLW530,0.0058206865,0.00079908135,302460
20150327,10:30:00.000,BBG000BKWSR6,0.00033985634,-0.0036786525,1465381
20150327,10:30:00.000,BBG000C2YHG9,-0.0015099965,0.0013508862,168372
20150327,10:30:00.000,BBG000BRQ6L2,-0.004468012,0.01511448,1535547
20150327,10:30:00.000,BBG000BQHGR6,-0.004919235,-0.011131029,288257
20150327,10:30:00.000,BBG000BN9WT5,0.000873022,-0.0014252558,272763
20150327,10:30:00.000,BBG000BVWLJ6,-0.0060795364,-0.005154011,175248
20150327,10:30:00.000,BBG000BKQ3V3,-0.022401337,-0.039780892,2197029
20150327,10:30:00.000,BBG000H0QBS7,0.00086083595,0.008135581,202897
20150327,10:30:00.000,BBG000H4YVR7,0.005188061,0.02392066,165911
20150327,10:30:00.000,BBG000PYZSR8,-0.0014955109,0.0020080844,62575
20150327,10:30:00.000,BBG007TJF1N7,0.020807208,0.022607971,694983
20150327,10:30:00.000,BBG000C2ZCH8,0.0031836715,0.011619891,263230
20150327,10:30:00.000,BBG000BTCH57,-0.007835937,-0.0028036693,225847
20150327,10:30:00.000,BBG000BR54L0,0.0010053904,0.014873389,762528
20150327,10:30:00.000,BBG000BB5373,0.0051725954,0.005158708,895358
20150327,10:30:00.000,BBG000BHZ5J9,0.0059892363,-0.00025053878,99975
20150327,10:30:00.000,BBG000CXD6X9,0.00792928,0.013214887,193629
20150327,10:30:00.000,BBG000BKZTP3,0.0057544094,-8.342074e-05,219929
20150327,10:30:00.000,BBG000BB1TH9,-0.004752561,-0.015310964,127081
20150327,10:30:00.000,BBG000D5S4M0,0.012663682,0.017630616,121774
20150327,10:30:00.000,BBG000BN84F3,0.00047796,0.00072526303,606934
20150327,10:30:00.000,BBG000HW5GX3,-0.0022902573,-0.010857488,510918
20150327,10:30:00.000,BBG000CHPY97,-0.0054383567,-0.014653554,1007994
20150327,10:30:00.000,BBG000D2M0Z7,-0.0037511166,-0.0022640096,700483
20150327,10:30:00.000,BBG000BF1R66,0.0053961286,0.004305363,146874
20150327,10:30:00.000,BBG000BJ8YN7,0.0025081602,-0.0048230714,294909
20150327,10:30:00.000,BBG000G9CGL0,0.008573211,0.013953194,98500
20150327,10:30:00.000,BBG000BQ8KV2,-0.00038415904,-0.008392215,289379
20150327,10:30:00.000,BBG000BVMPN3,0.0038107026,-0.0009857792,122705
20150327,10:30:00.000,BBG000BGD7W6,-0.0038204754,0.005460803,154434
20150327,10:30:00.000,BBG000BC15S7,0.00070135604,0.00067751156,265769
20150327,10:30:00.000,BBG000Q2HM09,0.021665704,0.015533968,314380
20150327,10:30:00.000,BBG000BQVTF5,-0.006150649,-0.009708817,185477
20150327,10:30:00.000,BBG000VC0T95,-0.006263391,-0.007795907,213329
20150327,10:30:00.000,BBG000F86GP6,0.0048813755,0.0048001576,103057
20150327,10:30:00.000,BBG000BWVSR1,0.00034552743,0.0031827884,191903
20150327,10:30:00.000,BBG000BX8DC4,0.007970785,0.0146878185,216716
20150327,10:30:00.000,BBG000BHCP19,0.0009297105,-0.00051901635,176172
20150327,10:30:00.000,BBG000BK6G19,0.005410821,-0.0010220233,275445
20150327,10:30:00.000,BBG000RGM5P1,-0.008860528,-0.0053814044,173471
20150327,10:30:00.000,BBG000BF5RY1,0.0015728306,0.002974409,308505
20150327,10:30:00.000,BBG000BP4MH0,5.2191157e-05,0.00053926476,288033
20150327,10:30:00.000,BBG000D8RG11,-0.002142006,0.0044615315,380107
20150327,10:30:00.000,BBG000FP1N32,-0.0030133459,-0.008721217,524114
20150327,10:30:00.000,BBG000BLHRS2,0.000447892,0.0042573493,191867
20150327,10:30:00.000,BBG000TJM7F0,-0.0068326155,-0.002527662,288509
20150327,10:30:00.000,BBG000J1QLT0,-0.0060618604,-0.0010014891,101646
20150327,10:30:00.000,BBG000BBBNC6,0.000835136,-0.0034641386,231114
20150327,10:30:00.000,BBG000BY2Y78,0.004659484,3.5071277e-08,498869
20150327,10:30:00.000,BBG000BM6788,-0.0055740527,-0.0047431877,264402
20150327,10:30:00.000,BBG000C1FQS9,-0.00095604954,0.0051624915,81910
20150327,10:30:00.000,BBG000BBJQV0,-0.0056960364,-0.0066787284,1035270
20150327,10:30:00.000,BBG000BTQR96,0.0003601407,0.0013179019,130343
20150327,10:30:00.000,BBG000CXYSZ6,0.005377787,0.0047665415,98043
20150327,10:30:00.000,BBG000BB5792,0.044103023,0.0587219,2091147
20150327,10:30:00.000,BBG000BNGTQ7,0.0017693586,0.010600361,141355
20150327,10:30:00.000,BBG000BZTW70,0.0017491997,-0.016146854,1740738
20150327,10:30:00.000,BBG000G0Z878,-0.0023557814,-0.004271282,453839
20150327,10:30:00.000,BBG000BFNR17,0.0037186334,0.0019870116,54438
20150327,10:30:00.000,BBG002BHBHM1,0.0058312607,0.015936049,210660
20150327,10:30:00.000,BBG000BC4JJ4,-0.0018366559,-0.0024478196,115177
20150327,10:30:00.000,BBG000F15NW9,0.0050721886,0.007540235,85690
20150327,10:30:00.000,BBG000BKR1D6,0.0053648264,-0.00044828415,54318
20150327,10:30:00.000,BBG000BCTQ65,-0.010390914,-0.003791971,1125582
20150327,10:30:00.000,BBG000BNNYW1,-0.005295236,-0.0017577945,1095892
20150327,10:30:00.000,BBG000BBCDZ2,-0.002565703,-0.0030866787,250551
20150327,10:30:00.000,BBG000BRK7L6,0.008951751,-0.0020463415,967315
20150327,10:30:00.000,BBG000DQTXY6,-0.0003819237,0.014240194,525324
20150327,10:30:00.000,BBG000BRXP69,-0.0017361577,0.0041583013,88619
20150327,10:30:00.000,BBG000BL9JQ1,-0.0030981598,-0.005058683,270836
20150327,10:30:00.000,BBG000DTMH63,-0.0049987948,-0.020442959,884476
20150327,10:30:00.000,BBG000BJPDZ1,-2.5500029e-05,0.0017434113,66448
20150327,10:30:00.000,BBG000BXWBN9,0.001380769,0.009060627,277893
20150327,10:30:00.000,BBG000C2PW58,0.0016248279,-0.00031746764,61841
20150327,10:30:00.000,BBG000D13GN8,-0.0044267173,-0.007203585,133591
20150327,10:30:00.000,BBG000BB6M98,0.0033995765,0.0023048364,235156
20150327,10:30:00.000,BBG000BGYWY6,0.0029753852,0.012690175,111039
20150327,10:30:00.000,BBG000BHB3M6,0.008134973,0.004531987,277971
20150327,10:30:00.000,BBG000G3QLY3,-0.0015546514,-0.005142658,155610
20150327,10:30:00.000,BBG000BSBZH7,-0.0038232233,0.0042403727,184947
20150327,10:30:00.000,BBG000F7RCJ1,-0.001439337,0.0093693845,98050
20150327,10:30:00.000,BBG0039320N9,-0.0038450717,0.0039039587,496062
20150327,10:30:00.000,BBG000BTZQC4,-0.015772223,-0.017675122,1012369
20150327,10:30:00.000,BBG001M8HHB7,0.0011631233,-0.0010762416,197932
20150327,10:30:00.000,BBG000CZWZ05,0.108619116,0.12830524,2992890
20150327,10:30:00.000,BBG000QY3XZ2,0.011613676,0.01169711,188204
20150327,10:30:00.000,BBG000BHLYP4,-0.008519213,-0.0077547985,226661
20150327,10:30:00.000,BBG000CHWP52,0.011781937,0.009698001,509575
20150327,10:30:00.000,BBG000QFJ7H3,0.007406525,-0.008483333,1618871
20150327,10:30:00.000,BBG000BFTJ91,0.0021847785,0.0055691483,363263
20150327,10:30:00.000,BBG000BZ2GG4,0.0061726472,-0.003124849,246790
20150327,10:30:00.000,BBG000FKJRC5,-0.0034706988,0.0021250094,177587
20150327,10:30:00.000,BBG000BKPL53,0.001705043,0.0042357477,312429
20150327,10:30:00.000,BBG000BNC3Y9,-0.005022811,-0.009030846,137603
20150327,10:30:00.000,BBG000BNFLM9,0.0025344337,0.008081906,734590
20150327,10:30:00.000,BBG000BWCKB6,-0.002636952,0.005753544,165527
20150327,10:30:00.000,BBG000BR14K5,0.0035368372,0.0035711543,237986
20150327,10:30:00.000,BBG0014GJCT9,0.0077322847,0.014942613,432766
20150327,10:30:00.000,BBG000BRRG02,-0.010381216,-0.010186325,359338
20150327,10:30:00.000,BBG000BP1Q11,-0.004280177,-0.0018238494,258553
20150327,10:30:00.000,BBG000P1F8Q7,-0.01056417,-0.0006256875,222378
20150327,10:30:00.000,BBG000BCVMH9,-0.0008455943,-0.008194928,237329
20150327,10:30:00.000,BBG000D7RKJ5,0.0008368082,0.007886566,181683
20150327,10:30:00.000,BBG000FNRZ69,0.015788972,0.0048511117,880979
20150327,10:30:00.000,BBG000BTKGG8,0.002310129,-0.0024566904,525804
20150327,10:30:00.000,BBG001QD41M9,-0.00040692277,0.0022113437,175191
20150327,10:30:00.000,BBG000D9DMK0,0.007739773,0.0096179815,225227
20150327,10:30:00.000,BBG000BH5DV1,-0.006154836,-0.0059312065,188331
20150327,10:30:00.000,BBG000BMQPL1,-0.0037088105,-0.008483346,1380203
20150327,10:30:00.000,BBG000BMDV41,3.8039725e-05,-0.00071092095,310914
20150327,10:30:00.000,BBG000BQZMH4,-0.0012498526,0.0061928607,216362
20150327,10:30:00.000,BBG000BS0ZF1,-0.005972085,-0.006704729,87474
20150327,10:30:00.000,BBG000BGLRN3,-0.0055554635,-0.006652128,508465
20150327,10:30:00.000,BBG000C0F570,-0.0035021263,-0.0057521397,544253
20150327,10:30:00.000,BBG000D6L294,-0.007836708,-0.014258153,121306
20150327,10:30:00.000,BBG000BM5SR2,0.00528614,0.004519755,426388
20150327,10:30:00.000,BBG000BYYLS8,0.0028684686,-0.0007757464,955419
20150327,10:30:00.000,BBG000BF6LY3,0.05436481,0.06571385,4429512
20150327,10:30:00.000,BBG000BCBCM7,-0.001617899,0.0024977257,1096028
20150327,10:30:00.000,BBG000BJ2VQ6,0.0034402076,-0.013367126,752257
20150327,10:30:00.000,BBG000BJ98Z0,3.686243e-05,0.0062465263,242556
20150327,10:30:00.000,BBG000BLCPY4,0.001745519,-0.015198353,256094
20150327,10:30:00.000,BBG000D898T9,-0.00030081885,0.003308895,198140
20150327,10:30:00.000,BBG000BMBL90,0.001540017,0.002915675,425061
20150327,10:30:00.000,BBG000BSXQV7,-0.0011138534,0.0053848424,81348
20150327,10:30:00.000,BBG000FVXD63,0.012093567,0.0010762057,331393
20150327,10:30:00.000,BBG000BVMGF2,4.7029713e-05,0.00042766027,228259
20150327,10:30:00.000,BBG000C11MQ5,-0.022586161,0.0015015051,146664
20150327,10:30:00.000,BBG000BPQD31,-0.0056255604,-0.00347381,807535
20150327,10:30:00.000,BBG000BB5006,0.0004989254,0.0010281805,395632
20150327,10:30:00.000,BBG000BHKYH4,0.00013470845,0.0012252862,195730
20150327,10:30:00.000,BBG000D1QCF1,0.0017409547,-0.008733592,256703
20150327,10:30:00.000,BBG000CSY9H9,0.0052732443,0.012535193,366448
20150327,10:30:00.000,BBG000BRJ809,0.0014231123,0.002439282,59911
20150327,10:30:00.000,BBG000CNFQW6,0.0012370365,0.003680377,105736
20150327,10:30:00.000,BBG000BXM6V2,-0.0008925924,0.00826665,369854
20150327,10:30:00.000,BBG000BCGY17,0.006373792,0.009750319,390063
20150327,10:30:00.000,BBG000DKCC19,-0.005332151,-0.00078595174,284775
20150327,10:30:00.000,BBG000BKCFC2,0.0004704259,0.0042625847,725752
20150327,10:30:00.000,BBG000BTVJ25,0.0039649303,0.0055430033,737351
20150327,10:30:00.000,BBG000BN5HF7,-0.0033142185,0.009106207,241105
20150327,10:30:00.000,BBG000Q3JN03,0.0060295197,-0.0010736048,4595935
20150327,10:30:00.000,BBG0020B4JG7,-0.0037943714,-0.0050885556,1003130
20150327,10:30:00.000,BBG000BR3KL6,0.0024977534,0.0008093263,93201
20150327,10:30:00.000,BBG000BRWGG9,0.0055642882,0.014643292,3945916
20150327,10:30:00.000,BBG001LWHLJ8,-0.003560513,-0.0049749566,1540694
20150327,10:30:00.000,BBG000C7LMS8,0.0042963,0.0148853315,62186
20150327,10:30:00.000,BBG000BPT0C6,0.016731327,0.0054240236,622010
20150327,10:30:00.000,BBG000BSD7C2,-0.0034037316,4.5684905e-05,224830
20150327,10:30:00.000,BBG000BRJL00,-0.0007535504,0.0060580014,591175
20150327,10:30:00.000,BBG000C1FB75,-1.9705769e-05,0.0013927548,57908
20150327,10:30:00.000,BBG000BJ3PD2,-0.0005892344,-0.0012000293,244344
20150327,10:30:00.000,BBG000BHLYS1,0.012439989,0.023046006,1876658
20150327,10:30:00.000,BBG000JWD753,-0.0054307277,0.00018312378,506008
20150327,10:30:00.000,BBG000BXMFC3,-0.011316923,-0.01844545,609543
20150327,10:30:00.000,BBG000CGQ6M4,0.0014131074,-0.0012856508,195885
20150327,10:30:00.000,BBG000DNTSP4,0.0023020192,-0.004446207,638157
20150327,10:30:00.000,BBG000BFXHL6,-0.0060801385,-0.0053505655,498673
20150327,10:30:00.000,BBG000BJL3N0,-0.0012978987,-0.006853116,2197648
20150327,10:30:00.000,BBG000JG0547,-0.0009262529,0.000473738,252587
20150327,10:30:00.000,BBG000BWSV34,0.005121969,0.010302659,76586
20150327,10:30:00.000,BBG000BB6WG8,-0.00048584671,0.00010825833,507258
20150327,10:30:00.000,BBG000BCWCG1,-0.012522178,-0.0036451283,973570
20150327,10:30:00.000,BBG000BB9KF2,0.006641549,0.013373117,524582
20150327,10:30:00.000,BBG000C3HSR0,0.0019493814,0.0008862421,287450
20150327,10:30:00.000,BBG000BFMBQ6,0.0064324713,0.019883182,298675
20150327,10:30:00.000,BBG000BP0KQ8,0.019235773,0.025233643,964224
20150327,10:30:00.000,BBG000BQWPC5,-0.0073324298,0.0038528147,271606
20150327,10:30:00.000,BBG001YMS0B8,0.030967336,0.03388826,6148127
20150327,10:30:00.000,BBG000C0LW92,0.010241942,0.016050382,1284220
20150327,10:30:00.000,BBG000MDCQC2,0.0042122225,0.007625874,271956
20150327,10:30:00.000,BBG000BK67C7,-0.00094143423,0.001040329,122038
20150327,10:30:00.000,BBG000BY29C7,0.007687425,0.0135183465,477539
20150327,10:30:00.000,BBG000BSLZY7,0.0051420615,-1.0066606e-08,1235250
20150327,10:30:00.000,BBG000BLKK03,-0.004247016,0.008349721,604603
20150327,10:30:00.000,BBG000C2BXK4,0.0003399819,0.0079421885,2720973
20150327,10:30:00.000,BBG000BCZYD3,-0.0009088757,0.00691369,118538
20150327,10:30:00.000,BBG000R7RDB4,-0.0009887058,-0.009033904,171399
20150327,10:30:00.000,BBG000C3GN47,-0.002403616,-0.007590461,626952
20150327,10:30:00.000,BBG000BMW2Z0,-0.0014549751,0.0014103659,165525
20150327,10:30:00.000,BBG000BKFZM4,0.0027369615,0.0053414004,1104266
20150327,10:30:00.000,BBG000G2R6M0,-0.0003963681,-0.01183729,2062309
20150327,10:30:00.000,BBG000C1S2X2,-0.008896673,0.005484352,237076
20150327,10:30:00.000,BBG000F0KF42,0.004693385,-0.0017750195,383964
20150327,10:30:00.000,BBG000CS7CT9,-0.0034314108,0.0063346587,687934
20150327,10:30:00.000,BBG000CPQZ77,-0.007999221,-0.0019175508,636369
20150327,10:30:00.000,BBG000C8H633,-0.0124501,-0.017813096,1154473
20150327,10:30:00.000,BBG000JH6683,0.013626309,0.03254548,1110744
20150327,10:30:00.000,BBG000BLBXT4,-0.0062361746,0.0012388335,798595
20150327,10:30:00.000,BBG000BB07P9,0.003720271,-0.007961515,2227854
20150327,10:30:00.000,BBG000BX3TD3,-0.00091775414,-0.017522603,1270910
20150327,10:30:00.000,BBG000F80SZ5,-0.014208668,-0.009674143,1055137
20150327,10:30:00.000,BBG000BKFBD7,0.0013031889,-0.0031216838,392764
20150327,10:30:00.000,BBG000BPWXK1,0.015084461,0.0067708474,1537660
20150327,10:30:00.000,BBG000BH5LT6,-0.014286723,-0.033300538,2481209
20150327,10:30:00.000,BBG000BBD070,-0.005915583,-0.01284759,225480
20150327,10:30:00.000,BBG000BWJFZ4,-0.0048874486,-0.0041642305,57403
20150327,10:30:00.000,BBG000BWNFZ9,0.0012369099,-0.0024564755,257759
20150327,10:30:00.000,BBG000BH3JF8,-0.0003459869,0.0016602379,356325
20150327,10:30:00.000,BBG000C0HQ54,0.007996642,0.01463293,382527
20150327,10:30:00.000,BBG000FL1TC8,-0.0078086257,-0.0026831476,330321
20150327,10:30:00.000,BBG000BV8DN6,-0.0027563146,0.0033309013,363288
20150327,10:30:00.000,BBG0029SNR63,-0.0036417707,0.0022495983,207523
20150327,10:30:00.000,BBG000DYGNW7,-0.002090809,0.00070726976,112719
20150327,10:30:00.000,BBG000QW7VC1,0.0036440997,0.004861051,308346
20150327,10:30:00.000,BBG000BFQYY3,-0.0054675327,-0.0023277234,416779
20150327,10:30:00.000,BBG000BGVW60,-0.003225975,0.003766134,340545
20150327,10:30:00.000,BBG000C1BW00,-0.0035382884,0.003988404,209284
20150327,10:30:00.000,BBG000BJ81C1,0.0017137902,0.0013576754,170219
20150327,10:30:00.000,BBG000BFDXW1,0.003466646,0.0030845322,1089988
20150327,10:30:00.000,BBG000BSC0K9,0.0011054894,0.011047461,327997
20150327,10:30:00.000,BBG000BD8PN9,-0.003532921,-0.005527376,905797
20150327,10:30:00.000,BBG000DSMS70,-0.006554987,0.00813404,137336
20150327,10:30:00.000,BBG000BQ5DS5,0.0037877844,-0.003367853,654448
20150327,10:30:00.000,BBG000G30YX4,0.013009553,0.02501935,297247
20150327,10:30:00.000,BBG000BQ2C28,-0.0007493456,0.0032649257,222603
20150327,10:30:00.000,BBG000BN2DC2,-0.0006288034,-0.0020455674,326742
20150327,10:30:00.000,BBG000LD9JQ8,-0.009409396,-0.0029166844,199283
20150327,10:30:00.000,BBG000BGKTF9,0.006108273,0.0020375892,330525
20150327,10:30:00.000,BBG000BBVJZ8,-0.007011457,-0.011404232,313271
20150327,10:30:00.000,BBG000D9D830,-0.008012834,-0.010881495,934609
20150327,10:30:00.000,BBG000BJSBJ0,0.0024807423,0.008906516,185595
20150327,10:30:00.000,BBG000BH1NH9,-0.00034238954,-0.0035470792,377143
20150327,10:30:00.000,BBG000BVDLH9,-0.0012167103,0.0045073796,154411
20150327,10:30:00.000,BBG000FJLFX8,0.0037300738,0.01567115,297810
20150327,10:30:00.000,BBG000MZFMS2,-0.010492582,-0.00011617542,256492
20150327,10:30:00.000,BBG000C4DPX1,0.0043088794,0.009901293,487999
20150327,10:30:00.000,BBG000C0MF34,0.006746415,0.0013804887,104088
20150327,10:30:00.000,BBG000QBR5J5,0.0066764327,0.0027282198,418446
20150327,10:30:00.000,BBG000BCVJ77,-0.001484791,0.0021318106,289340
20150327,10:30:00.000,BBG000QX74T1,0.002441645,0.0032238993,77894
20150327,10:30:00.000,BBG000BBDV81,-0.0036043087,-0.0022386173,454531
20150327,10:30:00.000,BBG000HCJMF9,-0.0039579966,-0.009805682,370857
20150327,10:30:00.000,BBG000C46HM9,-0.0015128348,0.007508094,368959
20150327,10:30:00.000,BBG000BGPTV6,-0.00026077582,-0.0019008747,211055
20150327,10:30:00.000,BBG000BRD0D8,-0.0008271233,-0.005297725,540354
20150327,10:30:00.000,BBG000BGJRC8,-0.0027399235,-0.00962005,1606464
20150327,10:30:00.000,BBG000DHSPT0,0.006872647,0.0058722873,302492
20150327,10:30:00.000,BBG000J6XT05,0.0038702334,0.008916572,1158792
20150327,10:30:00.000,BBG000BH3GZ2,-4.1639658e-05,-0.0010819683,284637
20150327,10:30:00.000,BBG000BTR593,0.0026779568,-0.006212416,811981
20150327,10:30:00.000,BBG000B9ZXB4,0.0028718084,0.007740825,530251
20150327,10:30:00.000,BBG000BL4504,-0.009707243,-0.01896695,5417756
20150327,10:30:00.000,BBG000BNBDC2,-0.0051983986,6.816828e-05,448575
20150327,10:30:00.000,BBG000C734W3,0.0037287327,0.01811001,182332
20150327,10:30:00.000,BBG000BWLMJ4,0.0036566432,0.010363113,923069
20150327,10:30:00.000,BBG000H556T9,0.0046264413,0.004648853,481891
20150327,10:30:00.000,BBG000BVPPM1,-0.0030369305,0.0031262278,226287
20150327,10:30:00.000,BBG000BCG930,0.012521598,0.026122207,418375
20150327,10:30:00.000,BBG000BJF1Z8,-0.007607467,-0.0028997178,159383
20150327,10:30:00.000,BBG000BND699,0.0017014735,0.0038977652,1269494
20150327,10:30:00.000,BBG000BD4VG8,0.0017625823,-0.0013523328,412156
20150327,10:30:00.000,BBG000BC2C10,-0.0003681267,-0.005265482,657465
20150327,10:30:00.000,BBG000NV1KK7,0.0008619195,0.007822214,631222
20150327,10:30:00.000,BBG000BLZRJ2,-0.0007278196,-0.0014040064,1666872
20150327,10:30:00.000,BBG000F6H8W8,0.00059987453,0.005196978,289654
20150327,10:30:00.000,BBG000BMY992,-0.0039685816,0.00394217,448709
20150327,10:30:00.000,BBG000BT9DW0,0.0054836585,0.008229192,1258760
20150327,10:30:00.000,BBG000PX3XC0,-0.0029368196,-0.019032622,2290671
20150327,10:30:00.000,BBG000BWXBC2,-0.0026774176,-0.00012218565,878175
20150327,10:30:00.000,BBG000BB6KF5,-0.0011271505,-0.004744061,787284
20150327,10:30:00.000,BBG000FFDM15,0.0013355453,-0.0029034177,925572
20150327,10:30:00.000,BBG000KLB4Q1,0.034166794,0.039716136,3514993
20150327,10:30:00.000,BBG001DCCGR8,-0.003365979,-0.0004458301,242773
20150327,10:30:00.000,BBG000BVV7G1,-0.0003756744,-0.0005374866,641162
20150327,10:30:00.000,BBG000BHGDH5,-0.0028480333,0.0055142045,477435
20150327,10:30:00.000,BBG000BWVCP8,0.004954301,-0.00081210904,1021881
20150327,10:30:00.000,BBG000C15T95,-0.0055160914,-0.003734738,333438
20150327,10:30:00.000,BBG000D4LWF6,-0.0012342426,0.003435457,2425113
20150327,10:30:00.000,BBG000B9WH86,0.0034166675,-0.008536998,4244164
20150327,10:30:00.000,BBG000Q9HH23,-0.0026810814,7.81099e-05,121957
20150327,10:30:00.000,BBG00286S4N9,0.0037839278,0.001720635,303286
20150327,10:30:00.000,BBG000BHX7N2,-0.0023317952,-0.0040733144,442387
20150327,10:30:00.000,BBG000L9CV04,-0.0075309114,-0.0015521412,578204
20150327,10:30:00.000,BBG000BH13K9,0.00094548654,0.0020904278,995110
20150327,10:30:00.000,BBG000FG3C43,-0.0070280936,-0.013746867,3448927
20150327,10:30:00.000,BBG000C496P7,0.013938553,0.014426181,763429
20150327,10:30:00.000,BBG000BXRPH1,0.00064444187,-0.008108182,318895
20150327,10:30:00.000,BBG000BNJHS8,-0.00013166283,0.020150524,1382583
20150327,10:30:00.000,BBG000BBPFB9,0.008502979,0.012050904,6113044
20150327,10:30:00.000,BBG000WCFV84,-0.006255328,-0.011836505,841809
20150327,10:30:00.000,BBG0019JZ882,0.005382403,0.0036331636,1084947
20150327,10:30:00.000,BBG000H89QJ6,-0.0014884761,-0.00013503314,245163
20150327,10:30:00.000,BBG000BFWKC0,0.0034417692,0.0038755243,534905
20150327,10:30:00.000,BBG000C5HS04,-0.0054419227,0.0030703372,370323
20150327,10:30:00.000,BBG000BJX8C8,0.014191103,0.0049036704,979900
20150327,10:30:00.000,BBG000BNDN65,-0.0009711722,0.009402527,689362
20150327,10:30:00.000,BBG000BP52R2,0.00096737227,0.0028601433,232391
20150327,10:30:00.000,BBG000M65M61,0.0118478965,0.03217615,1239352
20150327,10:30:00.000,BBG000BP6LJ8,-0.00081874797,0.0032002064,1322054
20150327,10:30:00.000,BBG000F0PF65,0.0019701521,0.006606391,346362
20150327,10:30:00.000,BBG000H8TVT2,0.004541502,0.010503026,577135
20150327,10:30:00.000,BBG000DQLV23,0.004254191,0.010845585,892494
20150327,10:30:00.000,BBG000BHBK84,0.04078746,0.041454677,6706853
20150327,10:30:00.000,BBG000DLFM21,-0.014073914,-0.0035278657,324115
20150327,10:30:00.000,BBG000BJDB15,-0.01644232,-0.034863286,5185188
20150327,10:30:00.000,BBG000CTQBF3,-0.0017778667,0.0013149161,933839
20150327,10:30:00.000,BBG000BQQ2S6,0.0008965529,-0.0053584888,457060
20150327,10:30:00.000,BBG000BHVJJ3,-0.01231916,-0.0170377,5972148
20150327,10:30:00.000,BBG000F1ZSQ2,-0.0073230225,-0.0077323937,795152
20150327,10:30:00.000,BBG000BQPC32,0.0012485286,-0.00062471087,4784607
20150327,10:30:00.000,BBG000C43RR5,0.0057479013,0.005563502,1337953
20150327,10:30:00.000,BBG000CH5208,-2.2254577e-05,0.010018509,365021
20150327,10:30:00.000,BBG000J2XL74,-0.000538801,0.00091720186,736315
20150327,10:30:00.000,BBG000BC40Y8,-0.003937138,-0.009371357,476746
20150327,10:30:00.000,BBG000KHWT55,-0.012720467,-0.017491458,3515160
20150327,10:30:00.000,BBG000BW8S60,0.0014053836,0.0048674913,420131
20150327,10:30:00.000,BBG000BZ9223,-0.003915912,-0.010070513,436611
20150327,10:30:00.000,BBG000DWYF03,0.00036766313,0.003240481,1704979
20150327,10:30:00.000,BBG000BBGGQ1,-0.008427601,-0.005839303,1060996
20150327,10:30:00.000,BBG000BBDZG3,0.0014393809,0.0023996416,1174134
20150327,10:30:00.000,BBG000BQLTW7,-0.0055454182,-0.0079101045,3194900
20150327,10:30:00.000,BBG000NDYB67,0.0027396253,0.002409977,1885016
20150327,10:30:00.000,BBG000C6CFJ5,0.0010393057,2.6644648e-05,348927
20150327,10:30:00.000,BBG000BGRY34,-0.0039335187,0.004362523,669924
20150327,10:30:00.000,BBG000DH7JK6,-0.0011941171,0.002352884,686932
20150327,10:30:00.000,BBG000BW3299,0.0026581394,-0.0018948531,1470933
20150327,10:30:00.000,BBG000DWG505,0.0028241454,0.0018176241,626810
20150327,10:30:00.000,BBG000BF0K17,-0.0029522064,-0.010766868,1553218
20150327,10:30:00.000,BBG000R7Z112,0.0026534018,0.019734459,1832930
20150327,10:30:00.000,BBG000BCSST7,-0.0014399271,0.0037120332,464139
20150327,10:30:00.000,BBG000BQQH30,-0.00040199232,-0.0050589396,868945
20150327,10:30:00.000,BBG000BCQZS4,0.0013828422,-0.0034395244,1613850
20150327,10:30:00.000,BBG000BMX289,-0.009000164,-0.005204841,2753664
20150327,10:30:00.000,BBG000BNWG87,0.0025682957,0.007699857,770963
20150327,10:30:00.000,BBG000BBS2Y0,-0.0038466519,0.008687747,435476
20150327,10:30:00.000,BBG000BH4R78,-0.005276747,-0.00057048496,822475
20150327,10:30:00.000,BBG005P7Q881,0.0041072913,0.024968332,2371712
20150327,10:30:00.000,BBG000BKZB36,0.0014889651,0.010276986,870645
20150327,10:30:00.000,BBG000GFFQN9,0.017592933,0.018212777,8049843
20150327,10:30:00.000,BBG0025Y4RY4,0.0053913933,0.00890121,1367068
20150327,10:30:00.000,BBG000BFC8J2,-0.0061436403,0.00858321,1340466
20150327,10:30:00.000,BBG000H6HNW3,0.0019757058,0.005408078,4880715
20150327,10:30:00.000,BBG000BNSZP1,-0.0058184816,-0.0049766977,684476
20150327,10:30:00.000,BBG000N9MNX3,-0.028012328,-0.028544288,2084464
20150327,10:30:00.000,BBG000BPD168,0.0017443758,0.007205147,1119840
20150327,10:30:00.000,BBG000BKTFN2,0.0063086175,-0.002779487,2511337
20150327,10:30:00.000,BBG000C17X76,-0.0028889785,0.010848593,462438
20150327,10:30:00.000,BBG000BR2TH3,-0.002032656,0.0019475828,1079314
20150327,10:30:00.000,BBG000PSKYX7,-0.0069705327,-0.005561644,1602768
20150327,10:30:00.000,BBG000BT41Q8,0.0059439973,-0.00198358,1038806
20150327,10:30:00.000,BBG000C5Z1S3,-0.008235703,-0.011250978,6464901
20150327,10:30:00.000,BBG000BLNNH6,-0.0009077111,-0.0042029615,657178
20150327,10:30:00.000,BBG000BFT2L4,0.0025513214,0.0060818307,2960535
20150327,10:30:00.000,BBG000CGC1X8,0.0036484874,0.0035742156,1932320
20150327,10:30:00.000,BBG000HS77T5,0.0022181708,0.0024780536,1952844
20150327,10:30:00.000,BBG000C3J3C9,-0.0044464786,-0.0018463694,4231110
20150327,10:30:00.000,BBG000FH8PX5,0.000379511,0.009555985,382335
20150327,10:30:00.000,BBG000BLBVN4,-0.00469929,-0.00380834,116341
20150327,10:30:00.000,BBG000BSJK37,-0.0005729331,-0.0015232316,3760038
20150327,10:30:00.000,BBG000CL9VN6,-0.020191342,-0.018222947,661973
20150327,10:30:00.000,BBG000BVPV84,0.004542812,0.007146872,619061
20150327,10:30:00.000,BBG000K4ND22,-0.0019332219,-0.008360021,1034724
20150327,10:30:00.000,BBG000BWQFY7,0.0007538611,-0.0036707346,2699315
20150327,10:30:00.000,BBG002W96FT9,-0.0069164885,-0.008509577,422322
20150327,10:30:00.000,BBG000BMHYD1,0.0014602727,0.0053936453,784417
20150327,10:30:00.000,BBG000BR2B91,0.00027058873,0.007315334,4603888
20150327,10:30:00.000,BBG000BK6MB5,-0.0019166027,-0.0008068851,5013142
20150327,10:30:00.000,BBG000FY4S11,0.00073578773,-0.0021485025,4799702
20150327,10:30:00.000,BBG000DMBXR2,0.0026199012,-0.00050373387,2590295
20150327,10:30:00.000,BBG000C0G1D1,0.0010250526,-0.0009972737,5386310
20150327,10:30:00.000,BBG000BHSKN9,-0.008259859,-0.007611437,417749
20150327,10:30:00.000,BBG000CKGBP2,-0.013397482,0.0016327485,1666171
20150327,10:30:00.000,BBG000GZQ728,-0.001981534,-0.005099689,2204479
20150327,10:30:00.000,BBG000BPH459,-0.0030064234,-0.0050964183,6560799
20150327,10:30:00.000,BBG000BCTLF6,-0.0046827947,-0.0071311872,21796072
20150327,10:30:00.000,BBG000MM2P62,-0.0034669484,-0.00018083792,5823655
20150327,10:30:00.000,BBG000B9XRY4,-0.0054116785,-0.00402365,9018050
20150327,10:45:00.000,BBG000CNZC55,-0.007290212,0.0010828032,866097
20150327,10:45:00.000,BBG000FH5YM1,0.00063927023,0.002745265,1624188
20150327,10:45:00.000,BBG000BLM0V1,-0.0018692137,-9.395557e-05,141227
20150327,10:45:00.000,BBG000HGYNZ9,-0.0042777243,-0.01724056,641546
20150327,10:45:00.000,BBG000BF6RQ9,0.0026611832,0.021174066,204099
20150327,10:45:00.000,BBG000BFV115,-0.0025209768,-0.016739773,263970
20150327,10:45:00.000,BBG0015XMW40,0.0059662857,0.00068788626,88168
20150327,10:45:00.000,BBG000FBMY72,-0.010704898,-0.02463618,520458
20150327,10:45:00.000,BBG000BDWKC5,0.0037388818,0.0043977415,392578
20150327,10:45:00.000,BBG000G6BN50,0.0068608406,0.00556442,51803
20150327,10:45:00.000,BBG000BLDV98,-0.008028571,0.0012507788,298984
20150327,10:45:00.000,BBG000R0L5J4,-0.00074880285,-0.0053986404,158297
20150327,10:45:00.000,BBG006NV2Q11,0.005954827,0.0015388938,316080
20150327,10:45:00.000,BBG000BC2R71,0.0038915817,-0.002420869,215208
20150327,10:45:00.000,BBG000BN1XR3,0.0016349142,0.007510502,125136
20150327,10:45:00.000,BBG000GPXKX9,-0.0048677213,-0.0026526488,94992
20150327,10:45:00.000,BBG000DV7MX4,0.0023042292,0.005161323,1161173
20150327,10:45:00.000,BBG000BGRKT6,-0.0054259473,0.000638967,92900
20150327,10:45:00.000,BBG000BB5BF6,-0.018888077,-0.016249722,2499305
20150327,10:45:00.000,BBG000BVB8Q0,0.0014018985,-0.0026262994,4069406
20150327,10:45:00.000,BBG000DGPR66,0.0039332896,0.0071983533,279668
20150327,10:45:00.000,BBG000BQ74K1,-0.0026269413,-0.0050992994,100246
20150327,10:45:00.000,BBG000RNTSX0,-0.002975611,0.0042331577,76365
20150327,10:45:00.000,BBG000N746D6,0.008125845,0.0054633366,762769
20150327,10:45:00.000,BBG000CR90K4,0.03699288,0.03331499,12382527
20150327,10:45:00.000,BBG000BVL2G3,0.008489915,-0.00058081606,350449
20150327,10:45:00.000,BBG000BPQVR5,-0.0042768097,-0.0038212852,75831
20150327,10:45:00.000,BBG000CB8Q50,0.0024445006,0.0051549673,82799
20150327,10:45:00.000,BBG000D42FJ0,-0.003428195,-0.017318977,550274
20150327,10:45:00.000,BBG003641015,0.00229254,0.0037799592,403059
20150327,10:45:00.000,BBG000CPHYL4,0.0072223353,0.006147701,398434
20150327,10:45:00.000,BBG000BKL348,0.00349849,0.00584751,87263
20150327,10:45:00.000,BBG000BMF5J0,0.00041310315,0.0065399692,1533459
20150327,10:45:00.000,BBG000BCHG15,0.006412471,0.00838655,83426
20150327,10:45:00.000,BBG000BJKPG0,-0.0041361013,-0.0019129115,100159
20150327,10:45:00.000,BBG000HS74G6,-0.0025929313,-0.0069315666,364632
20150327,10:45:00.000,BBG000BVHBM1,-0.0061101266,0.008344869,262320
20150327,10:45:00.000,BBG002PHSYX9,-0.014549067,-0.017244915,237546
20150327,10:45:00.000,BBG000D2ZTS8,-0.009725619,0.000598012,376765
20150327,10:45:00.000,BBG000BGYMH7,-0.0016801956,0.0017234904,158349
20150327,10:45:00.000,BBG000PV2L86,-0.0037750818,0.0073126485,169962
20150327,10:45:00.000,BBG000FQ6PY6,0.00030515515,-0.0018930926,227156
20150327,10:45:00.000,BBG000R06BX2,0.0053345803,0.008020868,454798
20150327,10:45:00.000,BBG000BCWKD6,-0.0010062446,-0.0023147175,576742
20150327,10:45:00.000,BBG000CPBCL8,-0.00062724994,-0.010458431,144651
20150327,10:45:00.000,BBG000B9X8C0,0.002602445,0.009405169,351684
20150327,10:45:00.000,BBG000BDY3Y7,-0.0042434707,-0.0054465476,155475
20150327,10:45:00.000,BBG001XJRMF5,-0.009103483,-0.022456834,338474
20150327,10:45:00.000,BBG000BJ26K7,0.027012225,0.020884296,512861
20150327,10:45:00.000,BBG000BQ87N0,-0.0019984955,0.0047088508,202447
20150327,10:45:00.000,BBG000C37332,0.0050402186,0.0035144533,157196
20150327,10:45:00.000,BBG000C4ZZ10,0.0030069067,0.006298369,242667
20150327,10:45:00.000,BBG000BPNP00,0.0072023813,0.0075209187,265099
20150327,10:45:00.000,BBG000BXBHJ4,-0.0001793758,-0.0058121025,358288
20150327,10:45:00.000,BBG000FDBX90,-0.00023879095,-0.000490258,617081
20150327,10:45:00.000,BBG000BKNX95,-0.005670383,-0.0057373377,314304
20150327,10:45:00.000,BBG000BV4XJ1,0.009278844,0.029731669,116316
20150327,10:45:00.000,BBG000MQ1SN9,1.2377462e-06,0.0028979047,174650
20150327,10:45:00.000,BBG000KBQZ88,-0.008294865,-0.0041342,297897
20150327,10:45:00.000,BBG000BXNJ07,-0.0019829979,-0.002123438,1703463
20150327,10:45:00.000,BBG000DLVDK3,0.0071999277,-0.004971809,428564
20150327,10:45:00.000,BBG000BB03M1,0.0113563305,-0.0058199633,344489
20150327,10:45:00.000,BBG000BWGYF8,0.0024948558,0.006368304,105000
20150327,10:45:00.000,BBG000BPZBB6,0.008805622,0.011216283,357048
20150327,10:45:00.000,BBG000JKCWS0,0.008339731,-0.006219389,148788
20150327,10:45:00.000,BBG000BNPSQ9,0.032068558,0.059526123,499893
20150327,10:45:00.000,BBG000C060M4,-0.0017850122,-0.0060877185,34446
20150327,10:45:00.000,BBG000BFDLV8,0.006120418,0.012857757,215552
20150327,10:45:00.000,BBG000C2V3D6,7.7963196e-05,0.0068951333,212282
20150327,10:45:00.000,BBG000BC9938,0.0022408478,-0.0017624649,143358
20150327,10:45:00.000,BBG000C22QV7,-0.0015655773,0.0027751797,208027
20150327,10:45:00.000,BBG000BMTFR4,-0.0037360468,0.0012835526,479571
20150327,10:45:00.000,BBG000BKTT89,-0.000639559,0.003270307,71554
20150327,10:45:00.000,BBG000BWXL85,0.0036630584,0.0032511211,604722
20150327,10:45:00.000,BBG0014GG205,0.010070642,0.0018957191,786112
20150327,10:45:00.000,BBG000BGFZR8,0.0008077081,0.0015345984,285726
20150327,10:45:00.000,BBG000V31J96,0.006981062,0.013466349,657906
20150327,10:45:00.000,BBG000BNNKG9,-0.0016830001,0.0038677219,356417
20150327,10:45:00.000,BBG000BSSC44,-0.0011941852,-0.007569263,316896
20150327,10:45:00.000,BBG000BSY3K9,-0.0070119277,-0.0001081662,202474
20150327,10:45:00.000,BBG000BPMH90,-0.005881419,-0.012878494,208089
20150327,10:45:00.000,BBG000BX5ZF5,-0.006662075,-0.009380546,1277092
20150327,10:45:00.000,BBG000BR37X2,0.0042225374,0.002227555,415043
20150327,10:45:00.000,BBG000C9F2F9,-0.02133755,-0.0022237913,371106
20150327,10:45:00.000,BBG000D9KWL9,0.00709182,0.002981534,190174
20150327,10:45:00.000,BBG000PLXQQ3,-0.005802304,0.00047695413,143932
20150327,10:45:00.000,BBG000HZFZX3,-0.0037393102,0.0036340568,178404
20150327,10:45:00.000,BBG000BDXGP9,0.016973116,0.023312757,706932
20150327,10:45:00.000,BBG000BB29X4,-0.0003328608,0.0057266126,139956
20150327,10:45:00.000,BBG001C7TST4,-0.0015455476,-0.00016824316,276655
20150327,10:45:00.000,BBG000BMKDM3,0.0006783442,0.005475965,345024
20150327,10:45:00.000,BBG000FFH4P5,-0.00062869396,-0.002114751,176981
20150327,10:45:00.000,BBG000C75N77,0.0047754482,-0.003775032,194489
20150327,10:45:00.000,BBG000C221G9,-0.00843712,-0.008751678,265930
20150327,10:45:00.000,BBG000BKXFN7,-0.0037260782,-0.02566131,613594
20150327,10:45:00.000,BBG000BWP7D9,0.00034101817,0.010131789,288880
20150327,10:45:00.000,BBG000DY8ZS4,-0.013228054,-0.027766708,1310996
20150327,10:45:00.000,BBG000BFL116,-0.0026553816,-0.009475972,358730
20150327,10:45:00.000,BBG000BKLH74,0.0063604363,0.0073123532,426229
20150327,10:45:00.000,BBG000BS9489,-0.0022164197,0.004554046,86465
20150327,10:45:00.000,BBG000BP8Z50,-0.007140244,-0.0057316306,355653
20150327,10:45:00.000,BBG000BS7KS3,0.0031199323,0.0022168015,262044
20150327,10:45:00.000,BBG000BMZ7P7,0.0028895335,-0.0015510072,205914
20150327,10:45:00.000,BBG000FBK808,-0.028617589,-0.047949713,2077119
20150327,10:45:00.000,BBG000R8ZVD1,-0.015836572,-0.009771198,818201
20150327,10:45:00.000,BBG000BLMZK6,-0.0029976647,0.009196273,303084
20150327,10:45:00.000,BBG000BQSQ38,0.0052894205,0.006834604,312317
20150327,10:45:00.000,BBG000BBL0Y1,-0.0036411819,0.015635695,249478
20150327,10:45:00.000,BBG001QZCPJ2,0.021448487,0.02757961,635270
20150327,10:45:00.000,BBG000CVWGS6,0.0075955284,0.010678937,807206
20150327,10:45:00.000,BBG000BCNYT9,0.012089101,0.0012665839,1244143
20150327,10:45:00.000,BBG000PVRDL2,0.007832667,-0.0030517753,1000875
20150327,10:45:00.000,BBG000BJQWD2,-3.8999326e-05,-7.042182e-05,167512
20150327,10:45:00.000,BBG000C9W1Y1,0.00014598359,0.0013575559,582412
20150327,10:45:00.000,BBG000BJ49H3,0.011698655,0.010480963,292536
20150327,10:45:00.000,BBG000BFVXX0,-0.0045491033,0.0046929545,432543
20150327,10:45:00.000,BBG000FLZN98,-0.00067181827,0.004219299,88647
20150327,10:45:00.000,BBG000FLPRH1,0.0072517768,0.0032727406,451983
20150327,10:45:00.000,BBG000BYWTX7,0.0005402137,-0.00066811766,1688203
20150327,10:45:00.000,BBG000BY33P5,-0.0016634535,0.0004481211,846196
20150327,10:45:00.000,BBG000BBB3K1,0.0013258964,0.00537655,435729
20150327,10:45:00.000,BBG000DN7P92,0.006032835,0.011568417,274059
20150327,10:45:00.000,BBG000BBMSJ6,0.0023095964,0.0014466022,361122
20150327,10:45:00.000,BBG000BH2JM1,-0.0038576077,-0.0042942036,1059575
20150327,10:45:00.000,BBG000BFS7D3,-0.0034916252,0.002234427,93532
20150327,10:45:00.000,BBG000CKVSG8,-0.013401921,-0.023345022,687451
20150327,10:45:00.000,BBG000BB6G37,-0.0024783558,-0.0025254386,467184
20150327,10:45:00.000,BBG000BM7HL0,0.000617059,0.002299365,249531
20150327,10:45:00.000,BBG000BCYP43,-0.002913896,0.0042606657,67447
20150327,10:45:00.000,BBG000BV75B7,-0.00048275673,-0.0019114403,281819
20150327,10:45:00.000,BBG000TWC2V5,-0.0026936182,0.0022155864,106172
20150327,10:45:00.000,BBG000BLW530,0.0023812847,-0.0023973228,343565
20150327,10:45:00.000,BBG000BKWSR6,0.00028000135,-0.0027591072,1677203
20150327,10:45:00.000,BBG000C2YHG9,-0.0037955195,0.00064005016,201781
20150327,10:45:00.000,BBG000BRQ6L2,-0.0010621555,0.019432819,1689165
20150327,10:45:00.000,BBG000BQHGR6,-0.0023743727,-0.0086927125,316108
20150327,10:45:00.000,BBG000BN9WT5,0.0010214772,-0.000109630855,298286
20150327,10:45:00.000,BBG000BVWLJ6,-0.005168215,-0.0037484267,198988
20150327,10:45:00.000,BBG000BKQ3V3,-0.020306159,-0.04375885,2566503
20150327,10:45:00.000,BBG000H0QBS7,0.00016284257,0.008716694,415992
20150327,10:45:00.000,BBG000H4YVR7,0.0027682784,0.026219307,190520
20150327,10:45:00.000,BBG000PYZSR8,-0.0021489435,0.003163275,76617
20150327,10:45:00.000,BBG007TJF1N7,0.01465317,0.018202836,804138
20150327,10:45:00.000,BBG000C2ZCH8,0.0012748718,0.010080008,329859
20150327,10:45:00.000,BBG000BTCH57,-0.0060597337,0.00040992253,268644
20150327,10:45:00.000,BBG000BR54L0,0.002034606,0.0144086685,842685
20150327,10:45:00.000,BBG000BB5373,0.0075974,0.007222016,1099302
20150327,10:45:00.000,BBG000BHZ5J9,0.0041376343,-0.0025026246,143998
20150327,10:45:00.000,BBG000CXD6X9,0.008330823,0.014276741,226498
20150327,10:45:00.000,BBG000BKZTP3,0.004919719,-0.00041688787,251764
20150327,10:45:00.000,BBG000BB1TH9,-0.004685575,-0.014006175,150401
20150327,10:45:00.000,BBG000D5S4M0,0.01414636,0.018770354,157108
20150327,10:45:00.000,BBG000BN84F3,-0.0010032739,0.00092289364,658981
20150327,10:45:00.000,BBG000HW5GX3,-0.00030279855,-0.009260759,565043
20150327,10:45:00.000,BBG000CHPY97,-0.0017815414,-0.014653508,1117521
20150327,10:45:00.000,BBG000D2M0Z7,-0.0029398631,0.0005863813,714633
20150327,10:45:00.000,BBG000BF1R66,0.008114964,0.0067080637,220020
20150327,10:45:00.000,BBG000BJ8YN7,0.0011429432,-0.0055466155,359922
20150327,10:45:00.000,BBG000G9CGL0,0.009580284,0.018104475,123089
20150327,10:45:00.000,BBG000BQ8KV2,-0.0023713603,-0.00967553,325976
20150327,10:45:00.000,BBG000BVMPN3,0.004839867,0.00036971128,144414
20150327,10:45:00.000,BBG000BGD7W6,-0.0032876912,0.006143316,190730
20150327,10:45:00.000,BBG000BC15S7,-0.0004231532,-0.00010399361,296491
20150327,10:45:00.000,BBG000Q2HM09,0.020459278,0.015752846,381514
20150327,10:45:00.000,BBG000BQVTF5,-0.0048499545,-0.0070610177,204225
20150327,10:45:00.000,BBG000VC0T95,-0.0032408047,-0.00017850584,265977
20150327,10:45:00.000,BBG000F86GP6,0.003741988,0.004947048,121416
20150327,10:45:00.000,BBG000BWVSR1,-0.0009470406,0.0029955439,215367
20150327,10:45:00.000,BBG000BX8DC4,0.009451174,0.0146061415,250787
20150327,10:45:00.000,BBG000BHCP19,-0.0016647202,-0.0015561617,201126
20150327,10:45:00.000,BBG000BK6G19,0.004712206,-0.0036499803,348256
20150327,10:45:00.000,BBG000RGM5P1,-0.009127922,-0.004460889,198144
20150327,10:45:00.000,BBG000BF5RY1,-0.001231895,0.00045748218,378754
20150327,10:45:00.000,BBG000BP4MH0,-0.0011342163,0.00053922285,333233
20150327,10:45:00.000,BBG000D8RG11,-0.0035591568,0.0016224064,440184
20150327,10:45:00.000,BBG000FP1N32,-0.0030539783,-0.008439743,603720
20150327,10:45:00.000,BBG000BLHRS2,-0.001023296,0.0041583907,216163
20150327,10:45:00.000,BBG000TJM7F0,-0.0071737724,-0.0020221495,341063
20150327,10:45:00.000,BBG000J1QLT0,-0.0051073483,0.0013493937,116543
20150327,10:45:00.000,BBG000BBBNC6,-0.0004559599,-0.004015363,295022
20150327,10:45:00.000,BBG000BY2Y78,0.0041953884,0.0005010775,565877
20150327,10:45:00.000,BBG000BM6788,-0.0046131513,-0.0020014602,299012
20150327,10:45:00.000,BBG000C1FQS9,-0.00094910036,0.003071201,94926
20150327,10:45:00.000,BBG000BBJQV0,-0.0017414099,-0.0019090574,1274483
20150327,10:45:00.000,BBG000BTQR96,-0.001109194,0.0010542274,157319
20150327,10:45:00.000,BBG000CXYSZ6,0.009404867,0.009221645,124065
20150327,10:45:00.000,BBG000BB5792,0.042989857,0.056322537,2450650
20150327,10:45:00.000,BBG000BNGTQ7,0.00044577225,0.008599271,161836
20150327,10:45:00.000,BBG000BZTW70,-0.00463147,-0.02642196,1924717
20150327,10:45:00.000,BBG000G0Z878,-0.0023426467,-0.0040338384,523659
20150327,10:45:00.000,BBG000BFNR17,0.0047196476,0.0044539585,60414
20150327,10:45:00.000,BBG002BHBHM1,0.008473523,0.020827482,230882
20150327,10:45:00.000,BBG000BC4JJ4,-0.0036041602,-0.0031422863,134235
20150327,10:45:00.000,BBG000F15NW9,0.0063760225,0.01084934,103078
20150327,10:45:00.000,BBG000BKR1D6,0.0052669775,-6.4072665e-05,60202
20150327,10:45:00.000,BBG000BCTQ65,-0.012351041,-0.0067086397,1731191
20150327,10:45:00.000,BBG000BNNYW1,-0.0017104644,1.7960994e-07,1546259
20150327,10:45:00.000,BBG000BBCDZ2,-0.0027335766,-0.0015433813,285898
20150327,10:45:00.000,BBG000BRK7L6,0.0133205615,0.0010237863,1078608
20150327,10:45:00.000,BBG000DQTXY6,0.000187018,0.013490742,647390
20150327,10:45:00.000,BBG000BRXP69,0.0010607688,0.009725876,112725
20150327,10:45:00.000,BBG000BL9JQ1,-0.004488869,-0.008143169,306302
20150327,10:45:00.000,BBG000DTMH63,-0.004519989,-0.025894435,1095287
20150327,10:45:00.000,BBG000BJPDZ1,-0.0010946671,0.0033563504,89281
20150327,10:45:00.000,BBG000BXWBN9,0.0007418936,0.009664738,432536
20150327,10:45:00.000,BBG000C2PW58,0.0017863242,0.00067661423,82772
20150327,10:45:00.000,BBG000D13GN8,-0.00616819,-0.008288892,175670
20150327,10:45:00.000,BBG000BB6M98,0.0022897418,-3.062239e-07,344091
20150327,10:45:00.000,BBG000BGYWY6,0.0022737605,0.0137557285,128860
20150327,10:45:00.000,BBG000BHB3M6,0.007664672,0.0047479286,298492
20150327,10:45:00.000,BBG000G3QLY3,-0.00061973435,-0.00341557,182861
20150327,10:45:00.000,BBG000BSBZH7,-0.0035749006,0.0033730883,214534
20150327,10:45:00.000,BBG000F7RCJ1,-0.00089879235,0.010741472,121218
20150327,10:45:00.000,BBG0039320N9,-0.005822794,0.0032532103,560740
20150327,10:45:00.000,BBG000BTZQC4,-0.011016288,-0.013103907,1168851
20150327,10:45:00.000,BBG001M8HHB7,0.0002764547,-0.0017339357,230800
20150327,10:45:00.000,BBG000CZWZ05,0.1016092,0.12657456,3279140
20150327,10:45:00.000,BBG000QY3XZ2,0.013242757,0.012505601,218382
20150327,10:45:00.000,BBG000BHLYP4,-0.009267175,-0.007913018,281056
20150327,10:45:00.000,BBG000CHWP52,0.017070644,0.014223613,645167
20150327,10:45:00.000,BBG000QFJ7H3,0.009758185,-0.0098973075,1866343
20150327,10:45:00.000,BBG000BFTJ91,0.0015825566,0.0059285206,404803
20150327,10:45:00.000,BBG000BZ2GG4,0.005911519,-0.005468446,290255
20150327,10:45:00.000,BBG000FKJRC5,-0.0021515975,0.0052821836,232908
20150327,10:45:00.000,BBG000BKPL53,0.0052246936,0.009855341,351034
20150327,10:45:00.000,BBG000BNC3Y9,-0.0058105853,-0.009644742,155545
20150327,10:45:00.000,BBG000BNFLM9,0.0048380434,0.01047119,803537
20150327,10:45:00.000,BBG000BWCKB6,-0.0040249038,0.0048060073,191925
20150327,10:45:00.000,BBG000BR14K5,0.0031504426,0.0032545475,262849
20150327,10:45:00.000,BBG0014GJCT9,0.009516923,0.01999397,488637
20150327,10:45:00.000,BBG000BRRG02,-0.009800641,-0.010425495,461424
20150327,10:45:00.000,BBG000BP1Q11,-0.007576031,-0.003359466,288119
20150327,10:45:00.000,BBG000P1F8Q7,-0.012095642,-0.00017047834,251234
20150327,10:45:00.000,BBG000BCVMH9,-0.00025001366,-0.004938776,250609
20150327,10:45:00.000,BBG000D7RKJ5,0.0015964699,0.007158519,215229
20150327,10:45:00.000,BBG000FNRZ69,0.017323881,0.007276597,1011097
20150327,10:45:00.000,BBG000BTKGG8,0.00275572,-0.0012283269,571601
20150327,10:45:00.000,BBG001QD41M9,-0.002210206,0.0019514192,196976
20150327,10:45:00.000,BBG000D9DMK0,0.007504332,0.010969328,278984
20150327,10:45:00.000,BBG000BH5DV1,-0.0026493683,-4.4279872e-08,255557
20150327,10:45:00.000,BBG000BMQPL1,-0.0042515188,-0.008483269,2157584
20150327,10:45:00.000,BBG000BMDV41,0.00065224373,0.0018299283,338399
20150327,10:45:00.000,BBG000BQZMH4,-0.00032094895,0.0063141542,300045
20150327,10:45:00.000,BBG000BS0ZF1,-0.007535182,-0.0102274455,102707
20150327,10:45:00.000,BBG000BGLRN3,-0.0060287598,-0.007230633,631445
20150327,10:45:00.000,BBG000C0F570,-0.0038091175,-0.0050017964,658987
20150327,10:45:00.000,BBG000D6L294,-0.008813714,-0.015226289,155400
20150327,10:45:00.000,BBG000BM5SR2,0.0050832587,0.0034128446,471102
20150327,10:45:00.000,BBG000BYYLS8,0.0045050024,0.001034716,1107735
20150327,10:45:00.000,BBG000BF6LY3,0.04753357,0.05828748,5047615
20150327,10:45:00.000,BBG000BCBCM7,-0.0009717141,0.0018734699,1397758
20150327,10:45:00.000,BBG000BJ2VQ6,0.0035196906,-0.018898385,846055
20150327,10:45:00.000,BBG000BJ98Z0,0.0022265548,0.009734284,285334
20150327,10:45:00.000,BBG000BLCPY4,0.002829853,-0.017876297,309348
20150327,10:45:00.000,BBG000D898T9,-0.0015700575,0.004150078,241357
20150327,10:45:00.000,BBG000BMBL90,0.0014599708,0.0039045708,447693
20150327,10:45:00.000,BBG000BSXQV7,-3.6585257e-05,0.0071031284,94541
20150327,10:45:00.000,BBG000FVXD63,0.010929977,-0.001466691,395581
20150327,10:45:00.000,BBG000BVMGF2,0.00022490884,0.0003566524,260512
20150327,10:45:00.000,BBG000C11MQ5,-0.028936855,0.00052671676,174168
20150327,10:45:00.000,BBG000BPQD31,0.0021397108,0.0057361126,1111877
20150327,10:45:00.000,BBG000BB5006,0.0011494883,0.0038380113,479535
20150327,10:45:00.000,BBG000BHKYH4,-0.0021291755,7.460605e-08,212668
20150327,10:45:00.000,BBG000D1QCF1,-0.0024623699,-0.0136299515,302888
20150327,10:45:00.000,BBG000CSY9H9,0.0069733686,0.014093622,414503
20150327,10:45:00.000,BBG000BRJ809,0.0018452286,0.003252612,66918
20150327,10:45:00.000,BBG000CNFQW6,0.0024847814,0.0064480957,126024
20150327,10:45:00.000,BBG000BXM6V2,-0.0022984107,0.007885109,398582
20150327,10:45:00.000,BBG000BCGY17,0.0058770375,0.0092253825,491770
20150327,10:45:00.000,BBG000DKCC19,-0.005609177,-0.0007860156,335722
20150327,10:45:00.000,BBG000BKCFC2,-0.0009214935,0.0044479026,868978
20150327,10:45:00.000,BBG000BTVJ25,0.003496761,0.005806778,867572
20150327,10:45:00.000,BBG000BN5HF7,-0.0038888387,0.007487287,277393
20150327,10:45:00.000,BBG000Q3JN03,0.0061890003,-0.0010736285,4895711
20150327,10:45:00.000,BBG0020B4JG7,-0.0042348364,-0.002035449,1131853
20150327,10:45:00.000,BBG000BR3KL6,0.0043928926,0.00396215,111655
20150327,10:45:00.000,BBG000BRWGG9,0.0032848339,0.01342296,4590010
20150327,10:45:00.000,BBG001LWHLJ8,-0.0010868581,-0.0017353608,1765066
20150327,10:45:00.000,BBG000C7LMS8,0.0059846793,0.01781543,76885
20150327,10:45:00.000,BBG000BPT0C6,0.019214422,0.0073016305,760432
20150327,10:45:00.000,BBG000BSD7C2,-0.0034578932,0.0015161821,250858
20150327,10:45:00.000,BBG000BRJL00,0.0014375814,0.0072693196,746300
20150327,10:45:00.000,BBG000C1FB75,-0.003684627,-0.0016970722,123875
20150327,10:45:00.000,BBG000BJ3PD2,-0.00034002154,0.00022465861,288521
20150327,10:45:00.000,BBG000BHLYS1,0.013312134,0.022705797,2015813
20150327,10:45:00.000,BBG000JWD753,-0.0061940933,-0.0023765909,620057
20150327,10:45:00.000,BBG000BXMFC3,-0.0066594644,-0.012681318,762279
20150327,10:45:00.000,BBG000CGQ6M4,0.0010901538,-0.0017005077,214762
20150327,10:45:00.000,BBG000DNTSP4,0.0021774464,-0.004724002,716698
20150327,10:45:00.000,BBG000BFXHL6,-0.0045856936,-0.004708587,699998
20150327,10:45:00.000,BBG000BJL3N0,-0.00083931576,-0.005798514,2461549
20150327,10:45:00.000,BBG000JG0547,-0.0009953594,0.0025471176,299387
20150327,10:45:00.000,BBG000BWSV34,0.0007399179,0.008033032,93623
20150327,10:45:00.000,BBG000BB6WG8,0.0018199532,0.0031313968,587752
20150327,10:45:00.000,BBG000BCWCG1,-0.013450733,-0.0048168423,1101765
20150327,10:45:00.000,BBG000BB9KF2,0.006022606,0.011566061,620496
20150327,10:45:00.000,BBG000C3HSR0,0.0030444132,0.0031644357,304805
20150327,10:45:00.000,BBG000BFMBQ6,0.005086027,0.019764611,332467
20150327,10:45:00.000,BBG000BP0KQ8,0.01543412,0.023985295,1035743
20150327,10:45:00.000,BBG000BQWPC5,-0.007550148,0.003563962,307203
20150327,10:45:00.000,BBG001YMS0B8,0.037321907,0.040938355,7157906
20150327,10:45:00.000,BBG000C0LW92,0.009712285,0.017770214,1570146
20150327,10:45:00.000,BBG000MDCQC2,0.0028251817,0.008740962,339860
20150327,10:45:00.000,BBG000BK67C7,-0.0013150383,0.0023409529,140585
20150327,10:45:00.000,BBG000BY29C7,0.009367854,0.013518405,549069
20150327,10:45:00.000,BBG000BSLZY7,0.0062660477,0.0023517527,1401925
20150327,10:45:00.000,BBG000BLKK03,-0.0024813209,0.0104300035,635600
20150327,10:45:00.000,BBG000C2BXK4,-0.005159023,0.00046728033,3027317
20150327,10:45:00.000,BBG000BCZYD3,-0.0016925709,0.008938914,178022
20150327,10:45:00.000,BBG000R7RDB4,0.0003297711,-0.007423842,206778
20150327,10:45:00.000,BBG000C3GN47,-0.0068594394,-0.012075567,793156
20150327,10:45:00.000,BBG000BMW2Z0,-0.0029574197,0.0021627045,191701
20150327,10:45:00.000,BBG000BKFZM4,0.004246544,0.008012374,1307792
20150327,10:45:00.000,BBG000G2R6M0,0.0026527918,-0.011299198,2311011
20150327,10:45:00.000,BBG000C1S2X2,-0.004509656,0.014624199,307155
20150327,10:45:00.000,BBG000F0KF42,0.0036989248,-0.002428925,443452
20150327,10:45:00.000,BBG000CS7CT9,-0.007015989,0.0023336883,783020
20150327,10:45:00.000,BBG000CPQZ77,-0.008577417,-0.0012466213,710238
20150327,10:45:00.000,BBG000C8H633,-0.0125295175,-0.019708263,1330391
20150327,10:45:00.000,BBG000JH6683,0.011293388,0.034998752,1238348
20150327,10:45:00.000,BBG000BLBXT4,-0.0071896627,-0.0005892314,966494
20150327,10:45:00.000,BBG000BB07P9,0.00593088,-0.008846213,2683219
20150327,10:45:00.000,BBG000BX3TD3,0.0005432039,-0.01893258,1448819
20150327,10:45:00.000,BBG000F80SZ5,-0.011563342,-0.005257595,1291400
20150327,10:45:00.000,BBG000BKFBD7,0.00083251786,-0.0034609928,446303
20150327,10:45:00.000,BBG000BPWXK1,0.016927611,0.0054168995,1678589
20150327,10:45:00.000,BBG000BH5LT6,-0.015406998,-0.04048306,2847286
20150327,10:45:00.000,BBG000BBD070,-0.0047739753,-0.014008943,277048
20150327,10:45:00.000,BBG000BWJFZ4,-0.006923002,-0.006186928,74688
20150327,10:45:00.000,BBG000BWNFZ9,0.002330504,-0.00085476437,323178
20150327,10:45:00.000,BBG000BH3JF8,-0.0003200329,0.0032609452,410982
20150327,10:45:00.000,BBG000C0HQ54,0.0107888,0.019472599,448534
20150327,10:45:00.000,BBG000FL1TC8,-0.008102787,-0.0024498033,370728
20150327,10:45:00.000,BBG000BV8DN6,-0.0006092848,0.0043445034,461975
20150327,10:45:00.000,BBG0029SNR63,-0.004924803,0.000674921,238326
20150327,10:45:00.000,BBG000DYGNW7,-0.0041287285,0.0010390639,135072
20150327,10:45:00.000,BBG000QW7VC1,0.002772567,0.0047952035,471388
20150327,10:45:00.000,BBG000BFQYY3,-0.0059721884,-0.00080006395,481301
20150327,10:45:00.000,BBG000BGVW60,-0.0045858924,0.0026291863,411197
20150327,10:45:00.000,BBG000C1BW00,-0.0051522055,0.0051851505,250680
20150327,10:45:00.000,BBG000BJ81C1,0.002900223,0.0019665249,207151
20150327,10:45:00.000,BBG000BFDXW1,0.0031550846,0.003321542,1306857
20150327,10:45:00.000,BBG000BSC0K9,0.0020348374,0.012281703,394312
20150327,10:45:00.000,BBG000BD8PN9,-0.0026839294,-0.004522422,988038
20150327,10:45:00.000,BBG000DSMS70,-0.010088072,0.009218533,167709
20150327,10:45:00.000,BBG000BQ5DS5,0.0010756095,-0.00404139,709920
20150327,10:45:00.000,BBG000G30YX4,0.011174618,0.028654356,356910
20150327,10:45:00.000,BBG000BQ2C28,-0.002413565,0.0029194844,255140
20150327,10:45:00.000,BBG000BN2DC2,0.0016580358,0.0037115193,377405
20150327,10:45:00.000,BBG000LD9JQ8,-0.0069128247,-0.0024830294,236924
20150327,10:45:00.000,BBG000BGKTF9,0.007853322,0.0027380972,378145
20150327,10:45:00.000,BBG000BBVJZ8,-0.006857446,-0.012736096,367757
20150327,10:45:00.000,BBG000D9D830,-0.007957587,-0.009713961,1115160
20150327,10:45:00.000,BBG000BJSBJ0,0.002183644,0.00841987,216980
20150327,10:45:00.000,BBG000BH1NH9,-0.00060846534,-0.0032610681,425469
20150327,10:45:00.000,BBG000BVDLH9,-8.011044e-05,0.008263389,180557
20150327,10:45:00.000,BBG000FJLFX8,0.0045475825,0.016756758,338672
20150327,10:45:00.000,BBG000MZFMS2,-0.012818218,5.767449e-05,313498
20150327,10:45:00.000,BBG000C4DPX1,0.0070012594,0.014952242,548031
20150327,10:45:00.000,BBG000C0MF34,0.009027204,0.0035938185,127334
20150327,10:45:00.000,BBG000QBR5J5,0.007597413,0.0033441328,472676
20150327,10:45:00.000,BBG000BCVJ77,-0.0018603634,0.0038958965,333098
20150327,10:45:00.000,BBG000QX74T1,0.0019806195,0.0041190996,87675
20150327,10:45:00.000,BBG000BBDV81,-0.001617634,0.0015994741,518798
20150327,10:45:00.000,BBG000HCJMF9,-0.0032239466,-0.009618219,409475
20150327,10:45:00.000,BBG000C46HM9,-0.0020358185,0.006480585,422449
20150327,10:45:00.000,BBG000BGPTV6,-0.0015454738,-0.0020835286,265455
20150327,10:45:00.000,BBG000BRD0D8,0.00014733672,-0.0036219882,635807
20150327,10:45:00.000,BBG000BGJRC8,-0.0048516593,-0.009920627,1816854
20150327,10:45:00.000,BBG000DHSPT0,0.008337578,0.007730651,336828
20150327,10:45:00.000,BBG000J6XT05,0.0005913344,0.003382457,1581446
20150327,10:45:00.000,BBG000BH3GZ2,0.0009373082,0.0007639175,314594
20150327,10:45:00.000,BBG000BTR593,0.0048577613,-0.006656276,945480
20150327,10:45:00.000,BBG000B9ZXB4,0.0023534647,0.009031052,618966
20150327,10:45:00.000,BBG000BL4504,-0.014823871,-0.02880178,6891912
20150327,10:45:00.000,BBG000BNBDC2,-0.0041347058,0.0021780964,513069
20150327,10:45:00.000,BBG000C734W3,0.0039471453,0.022849327,207060
20150327,10:45:00.000,BBG000BWLMJ4,0.0036406121,0.011370068,1043695
20150327,10:45:00.000,BBG000H556T9,0.004942818,0.0064594974,572700
20150327,10:45:00.000,BBG000BVPPM1,-0.0038428346,0.0014260001,262962
20150327,10:45:00.000,BBG000BCG930,0.009894093,0.02347407,456267
20150327,10:45:00.000,BBG000BJF1Z8,-0.0063149384,-0.00066424184,177014
20150327,10:45:00.000,BBG000BND699,0.002201567,0.005487577,1503234
20150327,10:45:00.000,BBG000BD4VG8,0.0027115953,-0.002147598,461587
20150327,10:45:00.000,BBG000BC2C10,0.0016405983,-0.0048474544,802793
20150327,10:45:00.000,BBG000NV1KK7,0.00023906783,0.0076216324,790750
20150327,10:45:00.000,BBG000BLZRJ2,0.00046895916,-0.0011232761,2030063
20150327,10:45:00.000,BBG000F6H8W8,-0.0001876585,0.005963229,361608
20150327,10:45:00.000,BBG000BMY992,-0.0032246292,0.0057161646,523010
20150327,10:45:00.000,BBG000BT9DW0,0.004892907,0.006629068,1396994
20150327,10:45:00.000,BBG000PX3XC0,0.0009059405,-0.017763764,2627146
20150327,10:45:00.000,BBG000BWXBC2,-0.0031195376,-0.00085503364,1015489
20150327,10:45:00.000,BBG000BB6KF5,-0.0005500254,-0.004546517,904765
20150327,10:45:00.000,BBG000FFDM15,0.0012625691,-0.0017411124,1071764
20150327,10:45:00.000,BBG000KLB4Q1,0.04010812,0.04761648,4090902
20150327,10:45:00.000,BBG001DCCGR8,-0.004353551,-0.0025769228,268386
20150327,10:45:00.000,BBG000BVV7G1,0.00012859056,0.0010752836,760502
20150327,10:45:00.000,BBG000BHGDH5,-0.0011575922,0.0055815205,578645
20150327,10:45:00.000,BBG000BWVCP8,0.006843273,0.001522405,1132929
20150327,10:45:00.000,BBG000C15T95,-0.0062203086,-0.002771173,459804
20150327,10:45:00.000,BBG000D4LWF6,-0.0019185245,0.0028629089,2846054
20150327,10:45:00.000,BBG000B9WH86,0.0029364026,-0.010089148,4632500
20150327,10:45:00.000,BBG000Q9HH23,-0.0054965056,-0.00048864353,151807
20150327,10:45:00.000,BBG00286S4N9,0.002483502,-0.0009560541,336091
20150327,10:45:00.000,BBG000BHX7N2,-0.0010882572,-0.0024792578,533736
20150327,10:45:00.000,BBG000L9CV04,-0.0066123703,0.0002584823,645228
20150327,10:45:00.000,BBG000BH13K9,0.0012907176,0.0022299031,1108923
20150327,10:45:00.000,BBG000FG3C43,-0.010250768,-0.017523563,4216032
20150327,10:45:00.000,BBG000C496P7,0.01225816,0.0133607425,881297
20150327,10:45:00.000,BBG000BXRPH1,0.0064914897,-0.0028347764,388763
20150327,10:45:00.000,BBG000BNJHS8,-0.0017447298,0.019687338,1531371
20150327,10:45:00.000,BBG000BBPFB9,0.005321186,0.00892667,6783975
20150327,10:45:00.000,BBG000WCFV84,-0.0077524874,-0.013429738,1014001
20150327,10:45:00.000,BBG0019JZ882,0.0043172324,0.0031486813,1246515
20150327,10:45:00.000,BBG000H89QJ6,-0.0033660647,-0.0011826811,288153
20150327,10:45:00.000,BBG000BFWKC0,0.004907441,0.0051673045,687314
20150327,10:45:00.000,BBG000C5HS04,-0.0054238555,0.0031708325,411329
20150327,10:45:00.000,BBG000BJX8C8,0.015158627,0.0026564247,1144862
20150327,10:45:00.000,BBG000BNDN65,-0.0039871074,0.0074124024,819149
20150327,10:45:00.000,BBG000BP52R2,0.000321396,0.0040287958,276104
20150327,10:45:00.000,BBG000M65M61,0.011833337,0.032330163,1412262
20150327,10:45:00.000,BBG000BP6LJ8,-0.0014071767,0.003000046,1477443
20150327,10:45:00.000,BBG000F0PF65,2.1137459e-05,0.0058986363,399778
20150327,10:45:00.000,BBG000H8TVT2,0.005756847,0.011310953,664612
20150327,10:45:00.000,BBG000DQLV23,0.0034328508,0.011537767,1069290
20150327,10:45:00.000,BBG000BHBK84,0.041863166,0.042639144,7549457
20150327,10:45:00.000,BBG000DLFM21,-0.009217801,0.0034018003,352297
20150327,10:45:00.000,BBG000BJDB15,-0.016411858,-0.036913965,6164920
20150327,10:45:00.000,BBG000CTQBF3,-0.0015091335,0.003050318,1086090
20150327,10:45:00.000,BBG000BQQ2S6,0.0026640496,-0.0043411735,581283
20150327,10:45:00.000,BBG000BHVJJ3,-0.012606577,-0.016650436,7319540
20150327,10:45:00.000,BBG000F1ZSQ2,-0.006262891,-0.0053441087,916321
20150327,10:45:00.000,BBG000BQPC32,0.0025881762,0.001249753,6346607
20150327,10:45:00.000,BBG000C43RR5,0.00660083,0.0067805345,1539836
20150327,10:45:00.000,BBG000CH5208,-0.0012613607,0.009674504,430126
20150327,10:45:00.000,BBG000J2XL74,-0.0007094898,0.0006548753,848886
20150327,10:45:00.000,BBG000BC40Y8,-0.006234228,-0.0117743425,528478
20150327,10:45:00.000,BBG000KHWT55,-0.009188793,-0.014367747,4413360
20150327,10:45:00.000,BBG000BW8S60,0.0031425352,0.007839478,550342
20150327,10:45:00.000,BBG000BZ9223,-0.0044926465,-0.010617719,500330
20150327,10:45:00.000,BBG000DWYF03,0.0023675824,0.0055973674,1944471
20150327,10:45:00.000,BBG000BBGGQ1,-0.008189659,-0.007259771,1325506
20150327,10:45:00.000,BBG000BBDZG3,0.0025434496,0.0020304832,1305597
20150327,10:45:00.000,BBG000BQLTW7,-0.0059087346,-0.006746874,3877128
20150327,10:45:00.000,BBG000NDYB67,0.0015037757,0.0013388743,2105877
20150327,10:45:00.000,BBG000C6CFJ5,0.0015496273,-0.0008271927,391547
20150327,10:45:00.000,BBG000BGRY34,-0.004176265,0.005293882,793334
20150327,10:45:00.000,BBG000DH7JK6,1.7044656e-05,0.0033988617,822715
20150327,10:45:00.000,BBG000BW3299,0.0026142,0.00023075452,1730271
20150327,10:45:00.000,BBG000DWG505,0.00055226055,0.0006288809,680651
20150327,10:45:00.000,BBG000BF0K17,-0.001937106,-0.009514846,1794275
20150327,10:45:00.000,BBG000R7Z112,0.0032995096,0.021322263,2131861
20150327,10:45:00.000,BBG000BCSST7,-0.0020500938,0.0046905805,528392
20150327,10:45:00.000,BBG000BQQH30,-0.0010123946,-0.006639713,964409
20150327,10:45:00.000,BBG000BCQZS4,0.00087381754,-0.0050955308,1875740
20150327,10:45:00.000,BBG000BMX289,-0.0073069083,-0.0039655142,3282689
20150327,10:45:00.000,BBG000BNWG87,0.0021771214,0.009526876,894073
20150327,10:45:00.000,BBG000BBS2Y0,-0.004422968,0.012019504,509861
20150327,10:45:00.000,BBG000BH4R78,0.0002919381,0.0068873726,1494018
20150327,10:45:00.000,BBG005P7Q881,0.0033132029,0.025066007,2674252
20150327,10:45:00.000,BBG000BKZB36,-0.0006923431,0.009031276,966164
20150327,10:45:00.000,BBG000GFFQN9,0.016379874,0.01618913,9080529
20150327,10:45:00.000,BBG0025Y4RY4,0.004475996,0.0085520325,1562128
20150327,10:45:00.000,BBG000BFC8J2,-0.009580865,0.009263064,1513262
20150327,10:45:00.000,BBG000H6HNW3,-0.00044927292,0.0047070878,5519697
20150327,10:45:00.000,BBG000BNSZP1,-0.005865849,-0.004515026,818818
20150327,10:45:00.000,BBG000N9MNX3,-0.029183561,-0.02804529,2367562
20150327,10:45:00.000,BBG000BPD168,0.003004029,0.008854553,1372393
20150327,10:45:00.000,BBG000BKTFN2,0.00753227,-0.0037059106,2864784
20150327,10:45:00.000,BBG000C17X76,-0.0015678066,0.015777448,520162
20150327,10:45:00.000,BBG000BR2TH3,-0.0029929641,0.0027388865,1231516
20150327,10:45:00.000,BBG000PSKYX7,-0.0058725057,-0.0035806438,1803949
20150327,10:45:00.000,BBG000BT41Q8,0.006586561,-0.0028250562,1179743
20150327,10:45:00.000,BBG000C5Z1S3,-0.013134705,-0.016501568,7537059
20150327,10:45:00.000,BBG000BLNNH6,-0.0005214115,-0.0038291845,757278
20150327,10:45:00.000,BBG000BFT2L4,0.0026413046,0.0067972387,3346515
20150327,10:45:00.000,BBG000CGC1X8,0.0055559753,0.005509678,2160911
20150327,10:45:00.000,BBG000HS77T5,0.0028721015,0.0033041404,2349246
20150327,10:45:00.000,BBG000C3J3C9,-0.0049316436,-0.0022154818,4844739
20150327,10:45:00.000,BBG000FH8PX5,-0.00036105435,0.010866811,465636
20150327,10:45:00.000,BBG000BLBVN4,-0.0073098317,-0.006727084,142896
20150327,10:45:00.000,BBG000BSJK37,-0.00078345434,-0.0018279576,4374125
20150327,10:45:00.000,BBG000CL9VN6,-0.017204747,-0.015436777,798432
20150327,10:45:00.000,BBG000BVPV84,0.0085165305,0.010836077,699043
20150327,10:45:00.000,BBG000K4ND22,-0.001209439,-0.009120107,1177079
20150327,10:45:00.000,BBG000BWQFY7,0.00096400385,-0.0022024822,3004456
20150327,10:45:00.000,BBG002W96FT9,-0.007910544,-0.008833804,512163
20150327,10:45:00.000,BBG000BMHYD1,0.0012876003,0.006542409,921360
20150327,10:45:00.000,BBG000BR2B91,-0.0013851757,0.006144935,5188063
20150327,10:45:00.000,BBG000BK6MB5,-0.0014103852,-0.00040371862,5767421
20150327,10:45:00.000,BBG000FY4S11,0.0022502854,-0.0021484622,5196588
20150327,10:45:00.000,BBG000DMBXR2,0.0034076795,-0.00033568853,3006859
20150327,10:45:00.000,BBG000C0G1D1,0.0028757106,0.00033225832,6327062
20150327,10:45:00.000,BBG000BHSKN9,-0.009541216,-0.00797507,495662
20150327,10:45:00.000,BBG000CKGBP2,-0.013465095,0.004798545,1965093
20150327,10:45:00.000,BBG000GZQ728,-0.0027017323,-0.0066415663,2501985
20150327,10:45:00.000,BBG000BPH459,-0.0038631347,-0.0043683182,7774441
20150327,10:45:00.000,BBG000BCTLF6,-0.005185725,-0.008427813,24026176
20150327,10:45:00.000,BBG000MM2P62,-0.0023932003,0.0024688428,6905141
20150327,10:45:00.000,BBG000B9XRY4,-0.0059305797,-0.00337976,10720460
20150327,11:00:00.000,BBG000CNZC55,-0.0069400347,0.0010828032,912432
20150327,11:00:00.000,BBG000FH5YM1,-0.0026408343,-1.6178913e-07,1751478
20150327,11:00:00.000,BBG000BLM0V1,-0.002681522,0.0007963702,146505
20150327,11:00:00.000,BBG000HGYNZ9,-0.004999218,-0.015730677,718412
20150327,11:00:00.000,BBG000BF6RQ9,0.0024804166,0.020834757,222586
20150327,11:00:00.000,BBG000BFV115,-0.003371214,-0.012726121,291479
20150327,11:00:00.000,BBG0015XMW40,0.009733896,0.009152955,108733
20150327,11:00:00.000,BBG000FBMY72,-0.012074373,-0.020828778,565336
20150327,11:00:00.000,BBG000BDWKC5,0.007188417,0.007224992,479423
20150327,11:00:00.000,BBG000G6BN50,0.0059900605,0.0041655176,57218
20150327,11:00:00.000,BBG000BLDV98,-0.004288764,0.0037520123,390089
20150327,11:00:00.000,BBG000R0L5J4,-0.000752421,-0.0050465413,178069
20150327,11:00:00.000,BBG006NV2Q11,0.0026744748,-0.0002367531,359888
20150327,11:00:00.000,BBG000BC2R71,0.0043629142,-0.00096847647,279531
20150327,11:00:00.000,BBG000BN1XR3,0.0031450796,0.008779875,145399
20150327,11:00:00.000,BBG000GPXKX9,-0.003609202,-0.00016768734,106871
20150327,11:00:00.000,BBG000DV7MX4,0.0030176472,0.0060214964,1259305
20150327,11:00:00.000,BBG000BGRKT6,-0.0053499984,0.0013581499,111483
20150327,11:00:00.000,BBG000BB5BF6,-0.029103803,-0.026953936,2689987
20150327,11:00:00.000,BBG000BVB8Q0,-0.0009558069,-0.0026262994,4111614
20150327,11:00:00.000,BBG000DGPR66,0.008088886,0.012294314,321563
20150327,11:00:00.000,BBG000BQ74K1,-0.002492022,-0.0031600853,115230
20150327,11:00:00.000,BBG000RNTSX0,-0.0036911534,0.0027999675,86959
20150327,11:00:00.000,BBG000N746D6,0.0096891485,0.009469833,877205
20150327,11:00:00.000,BBG000CR90K4,0.034849778,0.031165712,13984701
20150327,11:00:00.000,BBG000BVL2G3,0.012942955,0.006103884,391282
20150327,11:00:00.000,BBG000BPQVR5,-0.006485667,-0.006160818,86396
20150327,11:00:00.000,BBG000CB8Q50,0.004546038,0.0075831334,109277
20150327,11:00:00.000,BBG000D42FJ0,-0.0024285165,-0.014793175,666113
20150327,11:00:00.000,BBG003641015,0.001353089,0.004389528,464494
20150327,11:00:00.000,BBG000CPHYL4,0.008055938,0.007961821,427985
20150327,11:00:00.000,BBG000BKL348,0.004497681,0.0072552273,96409
20150327,11:00:00.000,BBG000BMF5J0,0.0010890744,0.007848089,1626498
20150327,11:00:00.000,BBG000BCHG15,0.005384497,0.008702955,91832
20150327,11:00:00.000,BBG000BJKPG0,-0.0029892954,-0.0003189031,111051
20150327,11:00:00.000,BBG000HS74G6,-0.00011872884,-0.003428535,393483
20150327,11:00:00.000,BBG000BVHBM1,-0.006876771,0.0073016877,291470
20150327,11:00:00.000,BBG002PHSYX9,-0.015326541,-0.0130151445,280267
20150327,11:00:00.000,BBG000D2ZTS8,-0.009595142,0.0005980822,421538
20150327,11:00:00.000,BBG000BGYMH7,-0.002604398,-0.0029892342,180481
20150327,11:00:00.000,BBG000PV2L86,-0.005070877,0.0060385936,198993
20150327,11:00:00.000,BBG000FQ6PY6,0.004367622,0.002365977,265904
20150327,11:00:00.000,BBG000R06BX2,0.00075597916,0.0041850666,544496
20150327,11:00:00.000,BBG000BCWKD6,-0.002811064,-0.0032407641,655149
20150327,11:00:00.000,BBG000CPBCL8,-0.00056077715,-0.0066300645,169009
20150327,11:00:00.000,BBG000B9X8C0,0.002188941,0.0092831785,401552
20150327,11:00:00.000,BBG000BDY3Y7,-0.005144088,-0.005446344,170544
20150327,11:00:00.000,BBG001XJRMF5,-0.0017512491,-0.009099918,404285
20150327,11:00:00.000,BBG000BJ26K7,0.027294114,0.02323744,558474
20150327,11:00:00.000,BBG000BQ87N0,-0.0027452572,0.003807236,220504
20150327,11:00:00.000,BBG000C37332,0.007350013,0.0053639794,166296
20150327,11:00:00.000,BBG000C4ZZ10,0.0031145182,0.005742771,261023
20150327,11:00:00.000,BBG000BPNP00,0.005349351,0.005898669,295201
20150327,11:00:00.000,BBG000BXBHJ4,-0.0012789092,-0.0051148385,410293
20150327,11:00:00.000,BBG000FDBX90,0.00093507854,0.0019575865,740923
20150327,11:00:00.000,BBG000BKNX95,-0.0071298443,-0.0049724546,336765
20150327,11:00:00.000,BBG000BV4XJ1,0.008437155,0.031970285,128981
20150327,11:00:00.000,BBG000MQ1SN9,0.0019706641,0.00493273,195092
20150327,11:00:00.000,BBG000KBQZ88,-0.009267861,-0.0037206884,321738
20150327,11:00:00.000,BBG000BXNJ07,-0.003973502,-0.0035393485,1906695
20150327,11:00:00.000,BBG000DLVDK3,0.0038754006,-0.008229254,495361
20150327,11:00:00.000,BBG000BB03M1,0.009196563,-0.0053002546,370404
20150327,11:00:00.000,BBG000BWGYF8,0.0021602279,0.0043445886,125918
20150327,11:00:00.000,BBG000BPZBB6,0.010648541,0.014955108,441390
20150327,11:00:00.000,BBG000JKCWS0,0.005090773,-0.005606724,173003
20150327,11:00:00.000,BBG000BNPSQ9,0.03467307,0.066196136,522183
20150327,11:00:00.000,BBG000C060M4,-0.0024348989,-0.004414852,38915
20150327,11:00:00.000,BBG000BFDLV8,0.005132877,0.012996035,234928
20150327,11:00:00.000,BBG000C2V3D6,-0.00095498044,0.008126157,255282
20150327,11:00:00.000,BBG000BC9938,0.0028948032,-0.00066853984,162561
20150327,11:00:00.000,BBG000C22QV7,-0.0009798836,0.0046622516,221148
20150327,11:00:00.000,BBG000BMTFR4,-0.004206242,0.0021390999,513075
20150327,11:00:00.000,BBG000BKTT89,-0.0016059664,0.003119918,78975
20150327,11:00:00.000,BBG000BWXL85,0.0045748753,0.004843367,673629
20150327,11:00:00.000,BBG0014GG205,0.0070677013,0.0006318864,860843
20150327,11:00:00.000,BBG000BGFZR8,0.0007478095,0.0015345892,420236
20150327,11:00:00.000,BBG000V31J96,0.009924894,0.016716996,841775
20150327,11:00:00.000,BBG000BNNKG9,-0.0011178633,0.005802401,393645
20150327,11:00:00.000,BBG000BSSC44,-0.0017492156,-0.0064995144,340874
20150327,11:00:00.000,BBG000BSY3K9,-0.0054869773,0.00072394,228475
20150327,11:00:00.000,BBG000BPMH90,-0.0045039444,-0.00812831,265934
20150327,11:00:00.000,BBG000BX5ZF5,-0.0074929167,-0.009380483,1485972
20150327,11:00:00.000,BBG000BR37X2,0.004116409,0.0029700366,460194
20150327,11:00:00.000,BBG000C9F2F9,-0.025832247,-0.0025415162,448022
20150327,11:00:00.000,BBG000D9KWL9,0.007349832,0.0049154083,225234
20150327,11:00:00.000,BBG000PLXQQ3,-0.0057607987,0.00047695413,156691
20150327,11:00:00.000,BBG000HZFZX3,-0.0033288393,0.0046589305,196525
20150327,11:00:00.000,BBG000BDXGP9,0.021967819,0.029932559,871518
20150327,11:00:00.000,BBG000BB29X4,0.00029166235,0.0066706566,178041
20150327,11:00:00.000,BBG001C7TST4,-0.0042322977,-0.00058777555,324373
20150327,11:00:00.000,BBG000BMKDM3,-0.0013036752,0.0054761106,366987
20150327,11:00:00.000,BBG000FFH4P5,-0.0020484026,-0.00079289,221251
20150327,11:00:00.000,BBG000C75N77,0.00529305,-0.0011104246,209176
20150327,11:00:00.000,BBG000C221G9,-0.010014902,-0.0074787796,289700
20150327,11:00:00.000,BBG000BKXFN7,-0.0032831023,-0.019900866,678978
20150327,11:00:00.000,BBG000BWP7D9,0.00084101205,0.010541316,332063
20150327,11:00:00.000,BBG000DY8ZS4,-0.014263695,-0.023006693,1430722
20150327,11:00:00.000,BBG000BFL116,-0.005023647,-0.011153064,464057
20150327,11:00:00.000,BBG000BKLH74,0.006791416,0.008020068,596509
20150327,11:00:00.000,BBG000BS9489,-0.0030982823,0.0048140544,97623
20150327,11:00:00.000,BBG000BP8Z50,-0.0080731055,-0.0067251422,407374
20150327,11:00:00.000,BBG000BS7KS3,0.004402594,0.005057038,305405
20150327,11:00:00.000,BBG000BMZ7P7,0.004106835,0.0003879238,251512
20150327,11:00:00.000,BBG000FBK808,-0.02883323,-0.04416434,2313434
20150327,11:00:00.000,BBG000R8ZVD1,-0.019885242,-0.0139140375,995090
20150327,11:00:00.000,BBG000BLMZK6,-0.0015484616,0.011476439,366673
20150327,11:00:00.000,BBG000BQSQ38,0.0051807542,0.007140701,355445
20150327,11:00:00.000,BBG000BBL0Y1,-0.0022925294,0.01633254,281658
20150327,11:00:00.000,BBG001QZCPJ2,0.023743145,0.03203017,693665
20150327,11:00:00.000,BBG000CVWGS6,0.009189343,0.012458697,879887
20150327,11:00:00.000,BBG000BCNYT9,0.00706505,-0.0012667193,1544751
20150327,11:00:00.000,BBG000PVRDL2,0.00615295,-0.00457724,1085341
20150327,11:00:00.000,BBG000BJQWD2,0.00039531564,0.0014078829,201159
20150327,11:00:00.000,BBG000C9W1Y1,0.0005789688,0.0016290001,618126
20150327,11:00:00.000,BBG000BJ49H3,0.009658071,0.010987949,325588
20150327,11:00:00.000,BBG000BFVXX0,-0.0061103227,0.0035197737,557064
20150327,11:00:00.000,BBG000FLZN98,-0.0022974992,0.0032202075,92952
20150327,11:00:00.000,BBG000FLPRH1,0.0068708938,0.0045996723,481735
20150327,11:00:00.000,BBG000BYWTX7,2.0986283e-05,-0.0013364824,2048583
20150327,11:00:00.000,BBG000BY33P5,0.0010145011,0.004034809,1033505
20150327,11:00:00.000,BBG000BBB3K1,0.0021503428,0.007628758,514732
20150327,11:00:00.000,BBG000DN7P92,0.008580799,0.0152964415,325890
20150327,11:00:00.000,BBG000BBMSJ6,0.0024024183,0.0018802374,395990
20150327,11:00:00.000,BBG000BH2JM1,-0.0031307647,-0.00386451,1186371
20150327,11:00:00.000,BBG000BFS7D3,-0.0040223543,0.0013680094,109517
20150327,11:00:00.000,BBG000CKVSG8,-0.012865537,-0.019697368,748804
20150327,11:00:00.000,BBG000BB6G37,-0.0028863635,-0.0022642962,511134
20150327,11:00:00.000,BBG000BM7HL0,0.002054885,0.0041728723,309967
20150327,11:00:00.000,BBG000BCYP43,-0.0039239493,0.0041403985,75877
20150327,11:00:00.000,BBG000BV75B7,-0.0013400674,-0.0029544232,297865
20150327,11:00:00.000,BBG000TWC2V5,-0.002226183,0.0050353208,118423
20150327,11:00:00.000,BBG000BLW530,0.0027836051,0.00036334642,394939
20150327,11:00:00.000,BBG000BKWSR6,0.0012872658,-5.802249e-07,1763262
20150327,11:00:00.000,BBG000C2YHG9,0.0008896561,0.0072512086,236235
20150327,11:00:00.000,BBG000BRQ6L2,0.0037729095,0.024021367,1907695
20150327,11:00:00.000,BBG000BQHGR6,0.0016269597,-0.0010598316,337831
20150327,11:00:00.000,BBG000BN9WT5,0.001594666,0.00054815947,323574
20150327,11:00:00.000,BBG000BVWLJ6,-0.0061737136,-0.003280021,221090
20150327,11:00:00.000,BBG000BKQ3V3,-0.021483198,-0.04077501,2735419
20150327,11:00:00.000,BBG000H0QBS7,-0.0014062417,0.007844987,533647
20150327,11:00:00.000,BBG000H4YVR7,0.0036498178,0.029998241,214535
20150327,11:00:00.000,BBG000PYZSR8,-0.004175941,0.0033281967,87193
20150327,11:00:00.000,BBG007TJF1N7,0.012662705,0.017749315,855931
20150327,11:00:00.000,BBG000C2ZCH8,0.0030711305,0.012226658,436742
20150327,11:00:00.000,BBG000BTCH57,-0.005985454,0.0006148449,289287
20150327,11:00:00.000,BBG000BR54L0,0.00081708306,0.013479115,884934
20150327,11:00:00.000,BBG000BB5373,0.0069222352,0.0077376124,1357896
20150327,11:00:00.000,BBG000BHZ5J9,0.0025256684,-0.0010014435,173122
20150327,11:00:00.000,BBG000CXD6X9,0.012058292,0.019548103,263192
20150327,11:00:00.000,BBG000BKZTP3,0.0035903524,0.0005831918,279572
20150327,11:00:00.000,BBG000BB1TH9,-0.0037015472,-0.011744364,165223
20150327,11:00:00.000,BBG000D5S4M0,0.014181198,0.018485542,172546
20150327,11:00:00.000,BBG000BN84F3,-0.0025834052,-5.003199e-08,697896
20150327,11:00:00.000,BBG000HW5GX3,-0.0016011366,-0.0063867345,600920
20150327,11:00:00.000,BBG000CHPY97,-0.007228595,-0.017317835,1440270
20150327,11:00:00.000,BBG000D2M0Z7,-0.0050112437,4.13341e-05,739159
20150327,11:00:00.000,BBG000BF1R66,0.007504664,0.006557976,273878
20150327,11:00:00.000,BBG000BJ8YN7,0.00230179,-0.0021701655,443802
20150327,11:00:00.000,BBG000G9CGL0,0.0073086945,0.018450413,136562
20150327,11:00:00.000,BBG000BQ8KV2,-0.002757955,-0.007322874,349723
20150327,11:00:00.000,BBG000BVMPN3,0.004575023,0.0017868333,177669
20150327,11:00:00.000,BBG000BGD7W6,-0.0029575126,0.006701852,226445
20150327,11:00:00.000,BBG000BC15S7,-0.00026403405,0.00031273538,328526
20150327,11:00:00.000,BBG000Q2HM09,0.020258106,0.017503183,406336
20150327,11:00:00.000,BBG000BQVTF5,-0.004067693,-0.004333004,222709
20150327,11:00:00.000,BBG000VC0T95,-0.005204303,-5.9607984e-05,293441
20150327,11:00:00.000,BBG000F86GP6,0.0022969728,0.005289832,144129
20150327,11:00:00.000,BBG000BWVSR1,-0.00091798755,0.0037443873,244007
20150327,11:00:00.000,BBG000BX8DC4,0.010412581,0.015422257,295165
20150327,11:00:00.000,BBG000BHCP19,-0.00055522315,0.00031108115,226816
20150327,11:00:00.000,BBG000BK6G19,0.007049734,0.0023362776,380976
20150327,11:00:00.000,BBG000RGM5P1,-0.0083642,-0.0031865358,223838
20150327,11:00:00.000,BBG000BF5RY1,-0.0022768762,0.00091524294,443368
20150327,11:00:00.000,BBG000BP4MH0,-0.00046288644,0.0017982137,401629
20150327,11:00:00.000,BBG000D8RG11,-0.0037802912,0.0020279335,524306
20150327,11:00:00.000,BBG000FP1N32,-0.0018469269,-0.00731433,703998
20150327,11:00:00.000,BBG000BLHRS2,-0.002377875,0.0049011605,232015
20150327,11:00:00.000,BBG000TJM7F0,-0.0060614794,6.332591e-05,389657
20150327,11:00:00.000,BBG000J1QLT0,-0.0063481284,0.0014365796,137093
20150327,11:00:00.000,BBG000BBBNC6,-0.0008628081,-0.0015743793,321428
20150327,11:00:00.000,BBG000BY2Y78,0.0039982772,0.0026304843,588968
20150327,11:00:00.000,BBG000BM6788,-0.0018575765,0.0036302821,358257
20150327,11:00:00.000,BBG000C1FQS9,-0.000694706,0.0029405416,111344
20150327,11:00:00.000,BBG000BBJQV0,-0.0017044088,-0.0019089193,1456187
20150327,11:00:00.000,BBG000BTQR96,0.0002577301,0.0045863097,179221
20150327,11:00:00.000,BBG000CXYSZ6,0.012731592,0.013631961,160457
20150327,11:00:00.000,BBG000BB5792,0.037215076,0.05059011,2661268
20150327,11:00:00.000,BBG000BNGTQ7,-0.00061195,0.0081124725,182046
20150327,11:00:00.000,BBG000BZTW70,-0.005445313,-0.022018295,2044639
20150327,11:00:00.000,BBG000G0Z878,-0.0013172291,-0.0009492284,594255
20150327,11:00:00.000,BBG000BFNR17,0.001196516,0.0020896508,64787
20150327,11:00:00.000,BBG002BHBHM1,0.0074908435,0.02181349,251514
20150327,11:00:00.000,BBG000BC4JJ4,-0.0029705565,-0.0005957443,150905
20150327,11:00:00.000,BBG000F15NW9,0.007196786,0.012927137,117390
20150327,11:00:00.000,BBG000BKR1D6,0.0049929,0.0012162828,65431
20150327,11:00:00.000,BBG000BCTQ65,-0.015432486,-0.009916975,2180127
20150327,11:00:00.000,BBG000BNNYW1,0.0049601584,0.0057131685,1879652
20150327,11:00:00.000,BBG000BBCDZ2,-0.0037167617,-0.0013671266,332395
20150327,11:00:00.000,BBG000BRK7L6,0.013199157,0.004776097,1184551
20150327,11:00:00.000,BBG000DQTXY6,0.0018830165,0.015364331,748174
20150327,11:00:00.000,BBG000BRXP69,-0.0018978962,0.0082107615,129168
20150327,11:00:00.000,BBG000BL9JQ1,-0.005301342,-0.00555229,336015
20150327,11:00:00.000,BBG000DTMH63,-0.0014627947,-0.019080216,1257941
20150327,11:00:00.000,BBG000BJPDZ1,0.0025677953,0.008285059,96000
20150327,11:00:00.000,BBG000BXWBN9,-0.00090004306,0.008658089,563438
20150327,11:00:00.000,BBG000C2PW58,0.001714442,0.0027338718,86941
20150327,11:00:00.000,BBG000D13GN8,-0.0047722077,-0.0052299285,231029
20150327,11:00:00.000,BBG000BB6M98,0.0001247227,-0.00172922,423062
20150327,11:00:00.000,BBG000BGYWY6,0.0018877558,0.0136374915,146779
20150327,11:00:00.000,BBG000BHB3M6,0.009639253,0.009639545,327303
20150327,11:00:00.000,BBG000G3QLY3,-0.0014806688,-0.0021107038,203735
20150327,11:00:00.000,BBG000BSBZH7,-0.0037310536,0.0031803632,238008
20150327,11:00:00.000,BBG000F7RCJ1,-0.0032098691,0.007963976,137441
20150327,11:00:00.000,BBG0039320N9,-0.0061224955,0.004337724,615956
20150327,11:00:00.000,BBG000BTZQC4,-0.014682317,-0.015541863,1252387
20150327,11:00:00.000,BBG001M8HHB7,-0.00094278605,6.005509e-05,259537
20150327,11:00:00.000,BBG000CZWZ05,0.10992417,0.13912323,3486736
20150327,11:00:00.000,BBG000QY3XZ2,0.010349795,0.011966463,242130
20150327,11:00:00.000,BBG000BHLYP4,-0.00990159,-0.0064358828,381219
20150327,11:00:00.000,BBG000CHWP52,0.017582124,0.016163168,1050558
20150327,11:00:00.000,BBG000QFJ7H3,0.014491569,-0.0007068619,2222004
20150327,11:00:00.000,BBG000BFTJ91,0.0010360955,0.0068267104,432892
20150327,11:00:00.000,BBG000BZ2GG4,0.005357993,-0.001897292,324225
20150327,11:00:00.000,BBG000FKJRC5,-0.0027505865,0.0052214377,255344
20150327,11:00:00.000,BBG000BKPL53,0.008770334,0.014653484,441172
20150327,11:00:00.000,BBG000BNC3Y9,-0.0051087565,-0.0060497695,168811
20150327,11:00:00.000,BBG000BNFLM9,0.0055256626,0.012087758,874902
20150327,11:00:00.000,BBG000BWCKB6,-0.0047911117,0.0039936765,209801
20150327,11:00:00.000,BBG000BR14K5,0.0026571592,0.0032092275,296826
20150327,11:00:00.000,BBG0014GJCT9,0.006710415,0.019534621,526177
20150327,11:00:00.000,BBG000BRRG02,-0.012339301,-0.013151289,538424
20150327,11:00:00.000,BBG000BP1Q11,-0.008489728,-0.0022077556,300386
20150327,11:00:00.000,BBG000P1F8Q7,-0.013598407,2.4367756e-07,268546
20150327,11:00:00.000,BBG000BCVMH9,-0.0023553923,-0.0057528024,285476
20150327,11:00:00.000,BBG000D7RKJ5,0.0028430875,0.007967229,274412
20150327,11:00:00.000,BBG000FNRZ69,0.015118515,0.0072767287,1195598
20150327,11:00:00.000,BBG000BTKGG8,0.0032274893,0.0012283103,605858
20150327,11:00:00.000,BBG001QD41M9,-0.00412157,0.0021464583,239735
20150327,11:00:00.000,BBG000D9DMK0,0.005287928,0.008862934,312447
20150327,11:00:00.000,BBG000BH5DV1,-0.0029205177,-0.00010331011,277362
20150327,11:00:00.000,BBG000BMQPL1,-0.006250917,-0.008483193,2903121
20150327,11:00:00.000,BBG000BMDV41,-0.0008703377,0.0023380127,371567
20150327,11:00:00.000,BBG000BQZMH4,0.00039171719,0.0070426567,413412
20150327,11:00:00.000,BBG000BS0ZF1,-0.008991197,-0.011174296,122739
20150327,11:00:00.000,BBG000BGLRN3,-0.005259335,-0.006652107,715574
20150327,11:00:00.000,BBG000C0F570,-0.0034397081,-0.004501639,795423
20150327,11:00:00.000,BBG000D6L294,-0.0075197625,-0.010033722,168416
20150327,11:00:00.000,BBG000BM5SR2,0.004911319,0.0031363878,517809
20150327,11:00:00.000,BBG000BYYLS8,0.0051821237,0.003879803,1177485
20150327,11:00:00.000,BBG000BF6LY3,0.044856045,0.055586815,5442388
20150327,11:00:00.000,BBG000BCBCM7,-0.00088115537,0.001873527,1456705
20150327,11:00:00.000,BBG000BJ2VQ6,0.005208391,-0.013367218,937527
20150327,11:00:00.000,BBG000BJ98Z0,0.0020484442,0.012118445,391116
20150327,11:00:00.000,BBG000BLCPY4,0.0005916598,-0.015994618,343416
20150327,11:00:00.000,BBG000D898T9,-0.0019681053,0.004710759,274809
20150327,11:00:00.000,BBG000BMBL90,0.0020254382,0.006038816,466712
20150327,11:00:00.000,BBG000BSXQV7,0.0011895706,0.008749463,113304
20150327,11:00:00.000,BBG000FVXD63,0.008942571,0.00068474177,463922
20150327,11:00:00.000,BBG000BVMGF2,-0.00013950844,0.0011400236,316664
20150327,11:00:00.000,BBG000C11MQ5,-0.029795386,0.0021449905,236498
20150327,11:00:00.000,BBG000BPQD31,-0.003940833,0.0021005985,1357663
20150327,11:00:00.000,BBG000BB5006,0.0009804498,0.0038379559,576593
20150327,11:00:00.000,BBG000BHKYH4,-0.003597837,-0.0002624365,230940
20150327,11:00:00.000,BBG000D1QCF1,-0.0020562022,-0.010850957,344998
20150327,11:00:00.000,BBG000CSY9H9,0.006654032,0.0131447865,473076
20150327,11:00:00.000,BBG000BRJ809,0.002090525,0.004991844,74734
20150327,11:00:00.000,BBG000CNFQW6,0.004339977,0.0105236145,156712
20150327,11:00:00.000,BBG000BXM6V2,-0.0025372184,0.008075916,441544
20150327,11:00:00.000,BBG000BCGY17,0.006302917,0.010125609,578292
20150327,11:00:00.000,BBG000DKCC19,-0.007145535,-0.0002618823,377765
20150327,11:00:00.000,BBG000BKCFC2,-0.0013304688,0.006115933,997038
20150327,11:00:00.000,BBG000BTVJ25,0.004956519,0.0073904237,956639
20150327,11:00:00.000,BBG000BN5HF7,-0.0035480938,0.008195539,306672
20150327,11:00:00.000,BBG000Q3JN03,0.00519107,-6.5111614e-08,5182310
20150327,11:00:00.000,BBG0020B4JG7,-0.0032223328,0.0015263006,1222931
20150327,11:00:00.000,BBG000BR3KL6,0.0053475313,0.0066463347,128507
20150327,11:00:00.000,BBG000BRWGG9,0.000748437,0.012202624,5037748
20150327,11:00:00.000,BBG001LWHLJ8,-0.0060387608,-0.0060163005,1921951
20150327,11:00:00.000,BBG000C7LMS8,0.006423961,0.017687097,82750
20150327,11:00:00.000,BBG000BPT0C6,0.015641699,0.008344662,839710
20150327,11:00:00.000,BBG000BSD7C2,-0.001570555,0.003998227,289859
20150327,11:00:00.000,BBG000BRJL00,0.0022011478,0.007875237,844027
20150327,11:00:00.000,BBG000C1FB75,-0.0010217205,0.0028288553,130042
20150327,11:00:00.000,BBG000BJ3PD2,-0.00045149383,0.0015742021,322293
20150327,11:00:00.000,BBG000BHLYS1,0.013032141,0.0222806,2094128
20150327,11:00:00.000,BBG000JWD753,-0.0038916618,0.00018312784,712658
20150327,11:00:00.000,BBG000BXMFC3,-0.0086340355,-0.01279114,826077
20150327,11:00:00.000,BBG000CGQ6M4,0.00032339516,-0.00049757335,229216
20150327,11:00:00.000,BBG000DNTSP4,0.005846582,0.002501283,900727
20150327,11:00:00.000,BBG000BFXHL6,-0.0060613644,-0.0051366473,809025
20150327,11:00:00.000,BBG000BJL3N0,2.6822745e-06,-0.0031620662,2630008
20150327,11:00:00.000,BBG000JG0547,-0.0017637155,0.002547265,354339
20150327,11:00:00.000,BBG000BWSV34,-0.00018323606,0.006962162,106928
20150327,11:00:00.000,BBG000BB6WG8,0.0028084533,0.0061550704,653788
20150327,11:00:00.000,BBG000BCWCG1,-0.015451144,-0.0070299734,1229102
20150327,11:00:00.000,BBG000BB9KF2,0.0068095196,0.012108103,732394
20150327,11:00:00.000,BBG000C3HSR0,7.97503e-05,0.0038604576,334484
20150327,11:00:00.000,BBG000BFMBQ6,0.005994794,0.019764673,366659
20150327,11:00:00.000,BBG000BP0KQ8,0.014182332,0.022647819,1101129
20150327,11:00:00.000,BBG000BQWPC5,-0.007824521,0.0031785883,357119
20150327,11:00:00.000,BBG001YMS0B8,0.03503647,0.040464304,8556879
20150327,11:00:00.000,BBG000C0LW92,0.008062321,0.017196946,1748991
20150327,11:00:00.000,BBG000MDCQC2,0.0012249016,0.007670582,396599
20150327,11:00:00.000,BBG000BK67C7,-0.0015036507,0.0027865255,153941
20150327,11:00:00.000,BBG000BY29C7,0.008954271,0.012781047,610254
20150327,11:00:00.000,BBG000BSLZY7,0.0083621675,0.0073912106,1568237
20150327,11:00:00.000,BBG000BLKK03,-0.003126499,0.009147623,699906
20150327,11:00:00.000,BBG000C2BXK4,-0.0040166564,0.0018688902,3318315
20150327,11:00:00.000,BBG000BCZYD3,-0.001411658,0.010719613,226526
20150327,11:00:00.000,BBG000R7RDB4,0.0008158827,-0.00237011,238926
20150327,11:00:00.000,BBG000C3GN47,-0.006344504,-0.007935346,963429
20150327,11:00:00.000,BBG000BMW2Z0,-0.0026114674,0.0027269518,221492
20150327,11:00:00.000,BBG000BKFZM4,0.0053370884,0.010238235,1432517
20150327,11:00:00.000,BBG000G2R6M0,0.00073977344,-0.013451537,2528444
20150327,11:00:00.000,BBG000C1S2X2,-0.007223394,0.015261883,353566
20150327,11:00:00.000,BBG000F0KF42,0.0032842888,-0.0022420394,496584
20150327,11:00:00.000,BBG000CS7CT9,-0.005866303,0.0033340943,834326
20150327,11:00:00.000,BBG000CPQZ77,-0.010694305,-0.0028764731,758744
20150327,11:00:00.000,BBG000C8H633,-0.011444131,-0.01553933,1460665
20150327,11:00:00.000,BBG000JH6683,0.009908987,0.03826983,1340369
20150327,11:00:00.000,BBG000BLBXT4,-0.009447242,-0.0025942575,1145175
20150327,11:00:00.000,BBG000BB07P9,0.008072382,-0.0070770606,3105375
20150327,11:00:00.000,BBG000BX3TD3,-0.0030574112,-0.01973823,1575581
20150327,11:00:00.000,BBG000F80SZ5,-0.009322157,0.00042081936,1612465
20150327,11:00:00.000,BBG000BKFBD7,0.00010375193,-0.0021039024,515961
20150327,11:00:00.000,BBG000BPWXK1,0.014197322,0.00090313953,1874571
20150327,11:00:00.000,BBG000BH5LT6,-0.015820138,-0.03656547,3183228
20150327,11:00:00.000,BBG000BBD070,-0.0054222303,-0.011468569,306619
20150327,11:00:00.000,BBG000BWJFZ4,-0.009049994,-0.0067138257,98977
20150327,11:00:00.000,BBG000BWNFZ9,-0.0011226534,-0.0040047504,374566
20150327,11:00:00.000,BBG000BH3JF8,-0.0006742224,0.00415029,463044
20150327,11:00:00.000,BBG000C0HQ54,0.0129365055,0.023458164,574111
20150327,11:00:00.000,BBG000FL1TC8,-0.007474493,-0.0016332223,462724
20150327,11:00:00.000,BBG000BV8DN6,-7.5145785e-05,0.0052136243,570596
20150327,11:00:00.000,BBG0029SNR63,-0.004149475,0.00075008266,275147
20150327,11:00:00.000,BBG000DYGNW7,-0.004356791,0.0013929633,159851
20150327,11:00:00.000,BBG000QW7VC1,0.0034373929,0.0063060652,567888
20150327,11:00:00.000,BBG000BFQYY3,-0.006056654,-0.0005818041,554052
20150327,11:00:00.000,BBG000BGVW60,-0.0044685137,0.0031264964,494928
20150327,11:00:00.000,BBG000C1BW00,-0.0071261646,0.004811209,283445
20150327,11:00:00.000,BBG000BJ81C1,0.0032223365,0.002855961,284472
20150327,11:00:00.000,BBG000BFDXW1,0.0030494495,0.003796135,1430110
20150327,11:00:00.000,BBG000BSC0K9,-0.00064694346,0.009936534,468569
20150327,11:00:00.000,BBG000BD8PN9,-0.0018201459,-0.0017589938,1080803
20150327,11:00:00.000,BBG000DSMS70,-0.013805228,0.009354255,195817
20150327,11:00:00.000,BBG000BQ5DS5,0.0005666154,-0.0035603726,748006
20150327,11:00:00.000,BBG000G30YX4,0.00984225,0.031863328,385320
20150327,11:00:00.000,BBG000BQ2C28,-0.002168727,0.0036415164,299351
20150327,11:00:00.000,BBG000BN2DC2,0.0014133203,0.0051508816,430332
20150327,11:00:00.000,BBG000LD9JQ8,-0.0058542998,-0.0011037325,261489
20150327,11:00:00.000,BBG000BGKTF9,0.008514172,0.005094071,424067
20150327,11:00:00.000,BBG000BBVJZ8,-0.0066856965,-0.00957287,432588
20150327,11:00:00.000,BBG000D9D830,-0.007820456,-0.008811445,1231315
20150327,11:00:00.000,BBG000BJSBJ0,0.0018910074,0.00841966,270798
20150327,11:00:00.000,BBG000BH1NH9,8.769177e-05,-0.0014878466,474137
20150327,11:00:00.000,BBG000BVDLH9,-0.0018895854,0.008826893,207564
20150327,11:00:00.000,BBG000FJLFX8,0.004775432,0.016284868,387935
20150327,11:00:00.000,BBG000MZFMS2,-0.014817557,0.00014439331,326303
20150327,11:00:00.000,BBG000C4DPX1,0.007941607,0.017317312,619371
20150327,11:00:00.000,BBG000C0MF34,0.008113008,0.0031178272,138349
20150327,11:00:00.000,BBG000QBR5J5,0.008972966,0.0065122643,597288
20150327,11:00:00.000,BBG000BCVJ77,-0.0005808244,0.006027379,380416
20150327,11:00:00.000,BBG000QX74T1,0.0034276538,0.0062356163,102671
20150327,11:00:00.000,BBG000BBDV81,0.0005932158,0.0046381606,565643
20150327,11:00:00.000,BBG000HCJMF9,-0.0032147476,-0.006308119,455922
20150327,11:00:00.000,BBG000C46HM9,-0.0020815574,0.0065595997,476800
20150327,11:00:00.000,BBG000BGPTV6,-0.0010314889,-0.0006217565,284736
20150327,11:00:00.000,BBG000BRD0D8,0.0011192195,-0.0006489648,719665
20150327,11:00:00.000,BBG000BGJRC8,-0.003837723,-0.008116718,1955827
20150327,11:00:00.000,BBG000DHSPT0,0.008543488,0.0092917085,374627
20150327,11:00:00.000,BBG000J6XT05,-0.0008247789,0.0018450842,1705672
20150327,11:00:00.000,BBG000BH3GZ2,-0.0010991931,-0.00050897454,384118
20150327,11:00:00.000,BBG000BTR593,0.006805977,-0.00177494,1091124
20150327,11:00:00.000,BBG000B9ZXB4,0.0022064298,0.0101060225,708248
20150327,11:00:00.000,BBG000BL4504,-0.011534265,-0.021074275,7802996
20150327,11:00:00.000,BBG000BNBDC2,-0.005912039,0.0021100405,609428
20150327,11:00:00.000,BBG000C734W3,0.002942109,0.025982687,228162
20150327,11:00:00.000,BBG000BWLMJ4,0.004268652,0.012673187,1122057
20150327,11:00:00.000,BBG000H556T9,0.003979454,0.0068999594,614221
20150327,11:00:00.000,BBG000BVPPM1,-0.0046145897,0.00334568,287454
20150327,11:00:00.000,BBG000BCG930,0.008590602,0.02138173,504694
20150327,11:00:00.000,BBG000BJF1Z8,-0.0071025495,-0.0016914433,198400
20150327,11:00:00.000,BBG000BND699,0.003910895,0.007949289,1671574
20150327,11:00:00.000,BBG000BD4VG8,0.0013854718,0.0004774914,502740
20150327,11:00:00.000,BBG000BC2C10,-0.0002608028,-0.0033432394,905691
20150327,11:00:00.000,BBG000NV1KK7,-0.0007143545,0.0070868037,1101411
20150327,11:00:00.000,BBG000BLZRJ2,0.003872979,0.0044937716,2379839
20150327,11:00:00.000,BBG000F6H8W8,-0.0015653338,0.0047304537,383438
20150327,11:00:00.000,BBG000BMY992,-0.003815513,0.005387751,576119
20150327,11:00:00.000,BBG000BT9DW0,0.0037393977,0.006172,1814251
20150327,11:00:00.000,BBG000PX3XC0,-0.008968499,-0.022521906,3007337
20150327,11:00:00.000,BBG000BWXBC2,-0.004007562,-0.0010382439,1122432
20150327,11:00:00.000,BBG000BB6KF5,0.0011158609,-0.00059338874,1007176
20150327,11:00:00.000,BBG000FFDM15,0.0011802446,-0.00034646463,1197738
20150327,11:00:00.000,BBG000KLB4Q1,0.039060127,0.04799265,4460743
20150327,11:00:00.000,BBG001DCCGR8,-0.0053195464,-0.00039628413,327853
20150327,11:00:00.000,BBG000BVV7G1,-0.00032256867,0.0010753829,823486
20150327,11:00:00.000,BBG000BHGDH5,-0.00041225486,0.006186571,688538
20150327,11:00:00.000,BBG000BWVCP8,0.0096850265,0.008627127,1251177
20150327,11:00:00.000,BBG000C15T95,-0.008034595,-0.0036747847,540296
20150327,11:00:00.000,BBG000D4LWF6,-0.002385363,0.004007894,3212415
20150327,11:00:00.000,BBG000B9WH86,0.0020164226,-0.009312983,5071116
20150327,11:00:00.000,BBG000Q9HH23,-0.008444201,-0.002228012,173447
20150327,11:00:00.000,BBG00286S4N9,0.0026721228,0.002867519,373524
20150327,11:00:00.000,BBG000BHX7N2,-0.000699664,-0.001062498,621290
20150327,11:00:00.000,BBG000L9CV04,-0.0057464126,0.0011896461,726894
20150327,11:00:00.000,BBG000BH13K9,0.0016235781,0.003414697,1248505
20150327,11:00:00.000,BBG000FG3C43,-0.007991366,-0.014350944,4574496
20150327,11:00:00.000,BBG000C496P7,0.011767809,0.014426189,999383
20150327,11:00:00.000,BBG000BXRPH1,0.0077657457,0.0028351704,433264
20150327,11:00:00.000,BBG000BNJHS8,-0.0038707221,0.017139688,1687514
20150327,11:00:00.000,BBG000BBPFB9,0.0040655998,0.009373111,7055608
20150327,11:00:00.000,BBG000WCFV84,-0.00724744,-0.009275703,1145442
20150327,11:00:00.000,BBG0019JZ882,0.004020417,0.0070241503,1406008
20150327,11:00:00.000,BBG000H89QJ6,-0.0049197394,-0.0009799339,408871
20150327,11:00:00.000,BBG000BFWKC0,0.005460559,0.0071718805,772754
20150327,11:00:00.000,BBG000C5HS04,-0.0053956625,0.003523006,450499
20150327,11:00:00.000,BBG000BJX8C8,0.014775076,0.0062317704,1307005
20150327,11:00:00.000,BBG000BNDN65,-0.0028446736,0.008853568,906057
20150327,11:00:00.000,BBG000BP52R2,-0.0003090066,0.005689332,314853
20150327,11:00:00.000,BBG000M65M61,0.010786779,0.030021008,1515435
20150327,11:00:00.000,BBG000BP6LJ8,-0.002416716,0.003400134,1644824
20150327,11:00:00.000,BBG000F0PF65,0.0018396862,0.008848107,480685
20150327,11:00:00.000,BBG000H8TVT2,0.0034359414,0.009943687,715830
20150327,11:00:00.000,BBG000DQLV23,0.0028212373,0.0124608185,1163127
20150327,11:00:00.000,BBG000BHBK84,0.03980692,0.042208597,8153318
20150327,11:00:00.000,BBG000DLFM21,-0.008856672,0.0060476,380189
20150327,11:00:00.000,BBG000BJDB15,-0.010097242,-0.0276857,6895382
20150327,11:00:00.000,BBG000CTQBF3,-0.0018552076,0.0036288078,1200189
20150327,11:00:00.000,BBG000BQQ2S6,0.0009588946,-0.0031202936,735788
20150327,11:00:00.000,BBG000BHVJJ3,-0.015025925,-0.018586528,8452732
20150327,11:00:00.000,BBG000F1ZSQ2,-0.007029028,-0.0050598397,1021310
20150327,11:00:00.000,BBG000BQPC32,0.0038992637,0.004373785,8035452
20150327,11:00:00.000,BBG000C43RR5,0.005081408,0.0057374,1754217
20150327,11:00:00.000,BBG000CH5208,-0.0009787305,0.010491251,495655
20150327,11:00:00.000,BBG000J2XL74,-0.0011074832,0.00117884,980251
20150327,11:00:00.000,BBG000BC40Y8,-0.0073448177,-0.008890702,588360
20150327,11:00:00.000,BBG000KHWT55,-0.0087284,-0.013743077,4937778
20150327,11:00:00.000,BBG000BW8S60,0.0034583323,0.009605529,634131
20150327,11:00:00.000,BBG000BZ9223,-0.00481512,-0.0066770767,563116
20150327,11:00:00.000,BBG000DWYF03,0.0013050352,0.0053027472,2152401
20150327,11:00:00.000,BBG000BBGGQ1,-0.0086439885,-0.0046556955,1470586
20150327,11:00:00.000,BBG000BBDZG3,0.0018599883,0.0018459162,1419516
20150327,11:00:00.000,BBG000BQLTW7,-0.0059027574,-0.0065141665,4265217
20150327,11:00:00.000,BBG000NDYB67,-7.382828e-05,0.0013389132,2591731
20150327,11:00:00.000,BBG000C6CFJ5,0.0031890369,0.002775602,435060
20150327,11:00:00.000,BBG000BGRY34,-0.0052861976,0.00455859,879390
20150327,11:00:00.000,BBG000DH7JK6,0.00011200805,0.005072261,970081
20150327,11:00:00.000,BBG000BW3299,0.004798287,0.0036506148,1913650
20150327,11:00:00.000,BBG000DWG505,0.001341798,0.001957286,744436
20150327,11:00:00.000,BBG000BF0K17,-0.0031069603,-0.008638594,2069719
20150327,11:00:00.000,BBG000R7Z112,0.00075056445,0.018600171,2350389
20150327,11:00:00.000,BBG000BCSST7,-0.001913181,0.005230458,581819
20150327,11:00:00.000,BBG000BQQH30,-0.0013612714,-0.0033987619,1082190
20150327,11:00:00.000,BBG000BCQZS4,0.00087286806,-0.003311959,2158075
20150327,11:00:00.000,BBG000BMX289,-0.006762877,-0.0022304107,3987621
20150327,11:00:00.000,BBG000BNWG87,0.0022513424,0.011093145,1050282
20150327,11:00:00.000,BBG000BBS2Y0,-0.006980815,0.0135764,566462
20150327,11:00:00.000,BBG000BH4R78,0.001698745,0.009452392,1930429
20150327,11:00:00.000,BBG005P7Q881,0.004587069,0.025553608,2912998
20150327,11:00:00.000,BBG000BKZB36,3.6558882e-05,0.010009778,1035173
20150327,11:00:00.000,BBG000GFFQN9,0.018026125,0.018212749,9668840
20150327,11:00:00.000,BBG0025Y4RY4,0.0018855897,0.008115737,1693618
20150327,11:00:00.000,BBG000BFC8J2,-0.0061638295,0.01708117,1721058
20150327,11:00:00.000,BBG000H6HNW3,0.0008061394,0.007611284,6084982
20150327,11:00:00.000,BBG000BNSZP1,-0.006293531,-0.0045148586,939103
20150327,11:00:00.000,BBG000N9MNX3,-0.022968577,-0.01825047,2631699
20150327,11:00:00.000,BBG000BPD168,0.0028508517,0.010069865,1551225
20150327,11:00:00.000,BBG000BKTFN2,0.0057753026,-0.00069481187,3177195
20150327,11:00:00.000,BBG000C17X76,-0.0038326613,0.017303986,606397
20150327,11:00:00.000,BBG000BR2TH3,-0.0034081377,0.002799789,1370233
20150327,11:00:00.000,BBG000PSKYX7,-0.0061946283,-0.0028187928,1996030
20150327,11:00:00.000,BBG000BT41Q8,0.0058961087,0.0004810174,1310365
20150327,11:00:00.000,BBG000C5Z1S3,-0.008779805,-0.011251154,8644794
20150327,11:00:00.000,BBG000BLNNH6,0.00029682176,-0.0023660639,834327
20150327,11:00:00.000,BBG000BFT2L4,0.0018009559,0.0075127063,3792948
20150327,11:00:00.000,BBG000CGC1X8,0.0034358539,0.0050629578,2337714
20150327,11:00:00.000,BBG000HS77T5,0.0050833044,0.0055758073,2715270
20150327,11:00:00.000,BBG000C3J3C9,-0.002168095,0.0022149258,5641715
20150327,11:00:00.000,BBG000FH8PX5,-0.0015881578,0.011712719,523556
20150327,11:00:00.000,BBG000BLBVN4,-0.0063040364,-0.0037165717,173563
20150327,11:00:00.000,BBG000BSJK37,-2.279199e-05,-0.0009140702,4761508
20150327,11:00:00.000,BBG000CL9VN6,-0.014414815,-0.0099245645,945880
20150327,11:00:00.000,BBG000BVPV84,0.0052378345,0.009855944,759935
20150327,11:00:00.000,BBG000K4ND22,-0.00074836507,-0.005462619,1312994
20150327,11:00:00.000,BBG000BWQFY7,0.0010397122,-0.00018355635,3254296
20150327,11:00:00.000,BBG002W96FT9,-0.006341147,-0.0068257432,571470
20150327,11:00:00.000,BBG000BMHYD1,0.00053253263,0.006842102,1029814
20150327,11:00:00.000,BBG000BR2B91,-0.001462639,0.007315243,5803942
20150327,11:00:00.000,BBG000BK6MB5,-0.00038049478,0.0020150177,6397911
20150327,11:00:00.000,BBG000FY4S11,0.0039190804,0.0005855726,5580370
20150327,11:00:00.000,BBG000DMBXR2,0.0042149564,0.002351184,3300405
20150327,11:00:00.000,BBG000C0G1D1,0.00631545,0.004320755,7188798
20150327,11:00:00.000,BBG000BHSKN9,-0.007916817,-0.0059081656,540898
20150327,11:00:00.000,BBG000CKGBP2,-0.01350867,0.008113124,2178892
20150327,11:00:00.000,BBG000GZQ728,-0.0026367917,-0.004862791,2726175
20150327,11:00:00.000,BBG000BPH459,-0.004331184,-0.0043683155,8723305
20150327,11:00:00.000,BBG000BCTLF6,-0.0064287707,-0.007779471,28253648
20150327,11:00:00.000,BBG000MM2P62,-0.0018495576,0.004155112,7542717
20150327,11:00:00.000,BBG000B9XRY4,-0.0035290539,-0.00032158248,12076093
20150327,11:15:00.000,BBG000CNZC55,-0.0072527104,0.0010828032,984821
20150327,11:15:00.000,BBG000FH5YM1,-0.0021246662,0.0013725329,1944836
20150327,11:15:00.000,BBG000BLM0V1,-0.0036501735,-0.0007031197,166725
20150327,11:15:00.000,BBG000HGYNZ9,-0.005267808,-0.017744131,787906
20150327,11:15:00.000,BBG000BF6RQ9,0.002247337,0.02192059,246634
20150327,11:15:00.000,BBG000BFV115,-0.0036718673,-0.018403899,338795
20150327,11:15:00.000,BBG0015XMW40,0.0065507395,0.0032272807,124786
20150327,11:15:00.000,BBG000FBMY72,-0.011535397,-0.023292307,662593
20150327,11:15:00.000,BBG000BDWKC5,0.0074769566,0.008167403,524784
20150327,11:15:00.000,BBG000G6BN50,0.0075712022,0.007090819,77157
20150327,11:15:00.000,BBG000BLDV98,-0.005278137,0.0034392353,445651
20150327,11:15:00.000,BBG000R0L5J4,0.00043290504,-0.0038730968,196553
20150327,11:15:00.000,BBG006NV2Q11,0.0064791497,0.003077654,455958
20150327,11:15:00.000,BBG000BC2R71,0.0038925775,-0.001936634,331439
20150327,11:15:00.000,BBG000BN1XR3,0.0032205763,0.008198007,157101
20150327,11:15:00.000,BBG000GPXKX9,-0.006155321,-0.0023840494,123758
20150327,11:15:00.000,BBG000DV7MX4,0.0010629836,0.0051612225,1332845
20150327,11:15:00.000,BBG000BGRKT6,-0.0067556845,0.00039938855,134492
20150327,11:15:00.000,BBG000BB5BF6,-0.0252917,-0.022569172,2789532
20150327,11:15:00.000,BBG000BVB8Q0,0.0026327574,-0.0026262994,4472325
20150327,11:15:00.000,BBG000DGPR66,0.009559806,0.013759117,364096
20150327,11:15:00.000,BBG000BQ74K1,-0.0041800337,-0.004165474,129078
20150327,11:15:00.000,BBG000RNTSX0,-0.0044302605,0.0013999641,107288
20150327,11:15:00.000,BBG000N746D6,0.0106300125,0.011290985,999627
20150327,11:15:00.000,BBG000CR90K4,0.031711202,0.027941637,14602648
20150327,11:15:00.000,BBG000BVL2G3,0.009968964,0.0020345775,421129
20150327,11:15:00.000,BBG000BPQVR5,-0.006446354,-0.005771013,100486
20150327,11:15:00.000,BBG000CB8Q50,0.004201674,0.0070719584,145041
20150327,11:15:00.000,BBG000D42FJ0,0.00044747058,-0.01334991,715167
20150327,11:15:00.000,BBG003641015,-0.001828616,0.0012191845,512849
20150327,11:15:00.000,BBG000CPHYL4,0.0092770215,0.008767924,459679
20150327,11:15:00.000,BBG000BKL348,0.005415437,0.008121648,108967
20150327,11:15:00.000,BBG000BMF5J0,-0.00058255193,0.0065400116,1698254
20150327,11:15:00.000,BBG000BCHG15,0.0057471343,0.008979772,104416
20150327,11:15:00.000,BBG000BJKPG0,-0.002834105,0.0004462214,122932
20150327,11:15:00.000,BBG000HS74G6,-0.0007929188,-0.0056644953,414603
20150327,11:15:00.000,BBG000BVHBM1,-0.006373238,0.008866331,347307
20150327,11:15:00.000,BBG002PHSYX9,-0.011188026,-0.012950242,320447
20150327,11:15:00.000,BBG000D2ZTS8,-0.007894857,0.0023904576,456002
20150327,11:15:00.000,BBG000BGYMH7,-0.0058087967,-0.007736821,196323
20150327,11:15:00.000,BBG000PV2L86,-0.0022279867,0.009639595,230536
20150327,11:15:00.000,BBG000FQ6PY6,0.0036910893,0.0014983363,303966
20150327,11:15:00.000,BBG000R06BX2,0.00089970336,0.003952451,578066
20150327,11:15:00.000,BBG000BCWKD6,-0.000976707,-0.0005785847,696619
20150327,11:15:00.000,BBG000CPBCL8,-0.0009700204,-0.0106454035,196411
20150327,11:15:00.000,BBG000B9X8C0,0.0022164208,0.011848071,463378
20150327,11:15:00.000,BBG000BDY3Y7,-0.004394784,-0.0052552554,189686
20150327,11:15:00.000,BBG001XJRMF5,0.008593774,-0.002495016,502748
20150327,11:15:00.000,BBG000BJ26K7,0.025344105,0.020198112,603300
20150327,11:15:00.000,BBG000BQ87N0,-0.0026772984,0.00811533,242799
20150327,11:15:00.000,BBG000C37332,0.0043989974,0.0006163201,206558
20150327,11:15:00.000,BBG000C4ZZ10,0.005288028,0.0074100355,283638
20150327,11:15:00.000,BBG000BPNP00,0.004689379,0.0058986694,327762
20150327,11:15:00.000,BBG000BXBHJ4,-0.0024307943,-0.007439589,435738
20150327,11:15:00.000,BBG000FDBX90,0.00076531805,0.0034261907,856976
20150327,11:15:00.000,BBG000BKNX95,-0.0022886961,-0.0011475742,393333
20150327,11:15:00.000,BBG000BV4XJ1,0.005443497,0.031403206,153200
20150327,11:15:00.000,BBG000MQ1SN9,-9.8334895e-05,0.0025899736,224195
20150327,11:15:00.000,BBG000KBQZ88,-0.009756741,-0.004134074,340839
20150327,11:15:00.000,BBG000BXNJ07,-0.0017589997,5.85461e-07,2044724
20150327,11:15:00.000,BBG000DLVDK3,0.0033172157,-0.011486327,563039
20150327,11:15:00.000,BBG000BB03M1,0.016107941,3.527073e-07,413145
20150327,11:15:00.000,BBG000BWGYF8,-0.00039367666,0.0011305332,141846
20150327,11:15:00.000,BBG000BPZBB6,0.014887587,0.019394755,545510
20150327,11:15:00.000,BBG000JKCWS0,0.000676046,-0.01300436,189660
20150327,11:15:00.000,BBG000BNPSQ9,0.03481553,0.06905465,564728
20150327,11:15:00.000,BBG000C060M4,-0.0028032453,-0.0046472177,42968
20150327,11:15:00.000,BBG000BFDLV8,0.006026938,0.014516875,252846
20150327,11:15:00.000,BBG000C2V3D6,0.00090109074,0.010588301,315534
20150327,11:15:00.000,BBG000BC9938,0.0025231803,-0.0013979644,182885
20150327,11:15:00.000,BBG000C22QV7,-0.0029802537,0.002775272,240463
20150327,11:15:00.000,BBG000BMTFR4,-0.005407432,-8.551574e-05,601317
20150327,11:15:00.000,BBG000BKTT89,-0.0055502695,7.50292e-05,86364
20150327,11:15:00.000,BBG000BWXL85,0.0041714553,0.004644254,779619
20150327,11:15:00.000,BBG0014GG205,0.006025166,-0.0012638723,938302
20150327,11:15:00.000,BBG000BGFZR8,0.0022917297,0.0039131795,441710
20150327,11:15:00.000,BBG000V31J96,0.00664655,0.014395275,927259
20150327,11:15:00.000,BBG000BNNKG9,-0.0012618651,0.005802416,440256
20150327,11:15:00.000,BBG000BSSC44,-0.0034848633,-0.008885538,363084
20150327,11:15:00.000,BBG000BSY3K9,-0.0055324496,0.00050689024,234894
20150327,11:15:00.000,BBG000BPMH90,-0.004349617,-0.011611872,299886
20150327,11:15:00.000,BBG000BX5ZF5,-0.010952129,-0.01250669,1659871
20150327,11:15:00.000,BBG000BR37X2,0.0045501706,0.0040838956,533371
20150327,11:15:00.000,BBG000C9F2F9,-0.023906946,0.0024619803,513360
20150327,11:15:00.000,BBG000D9KWL9,0.009814935,0.0069704307,263760
20150327,11:15:00.000,BBG000PLXQQ3,-0.0052487436,0.00047695413,163415
20150327,11:15:00.000,BBG000HZFZX3,-0.005830961,0.0025161244,218626
20150327,11:15:00.000,BBG000BDXGP9,0.022569789,0.032234944,1044957
20150327,11:15:00.000,BBG000BB29X4,0.00043262093,0.009187955,223078
20150327,11:15:00.000,BBG001C7TST4,-0.0058215596,-0.0011752503,356001
20150327,11:15:00.000,BBG000BMKDM3,-0.0016395798,0.0055555254,400953
20150327,11:15:00.000,BBG000FFH4P5,-0.0015898951,-0.0011452625,250298
20150327,11:15:00.000,BBG000C75N77,0.0043857167,-0.0025538153,223301
20150327,11:15:00.000,BBG000C221G9,-0.0109078605,-0.0084334,314510
20150327,11:15:00.000,BBG000BKXFN7,-0.0027350727,-0.023566725,776436
20150327,11:15:00.000,BBG000BWP7D9,0.0011782955,0.0133045465,361274
20150327,11:15:00.000,BBG000DY8ZS4,-0.0127194,-0.025386663,1596563
20150327,11:15:00.000,BBG000BFL116,-0.0029055357,-0.008385698,508250
20150327,11:15:00.000,BBG000BKLH74,0.008047988,0.008020161,684548
20150327,11:15:00.000,BBG000BS9489,-0.003812622,0.004553765,124091
20150327,11:15:00.000,BBG000BP8Z50,-0.0064944886,-0.0055787144,475107
20150327,11:15:00.000,BBG000BS7KS3,0.007406311,0.008866429,352347
20150327,11:15:00.000,BBG000BMZ7P7,0.00664514,0.0015030873,279367
20150327,11:15:00.000,BBG000FBK808,-0.03317948,-0.052997105,2640468
20150327,11:15:00.000,BBG000R8ZVD1,-0.02229847,-0.016337078,1199979
20150327,11:15:00.000,BBG000BLMZK6,-0.0030902966,0.011096555,410318
20150327,11:15:00.000,BBG000BQSQ38,0.0054530823,0.008466918,393867
20150327,11:15:00.000,BBG000BBL0Y1,-0.0067322403,0.013313695,336669
20150327,11:15:00.000,BBG001QZCPJ2,0.022073481,0.03173838,775473
20150327,11:15:00.000,BBG000CVWGS6,0.006065836,0.009788931,975571
20150327,11:15:00.000,BBG000BCNYT9,0.012057099,0.0050663133,2241775
20150327,11:15:00.000,BBG000PVRDL2,0.008176124,-0.0055942805,1232887
20150327,11:15:00.000,BBG000BJQWD2,-0.00087378285,0.0005632077,210519
20150327,11:15:00.000,BBG000C9W1Y1,0.0005958858,0.002443322,681489
20150327,11:15:00.000,BBG000BJ49H3,0.0076126233,0.008367766,361261
20150327,11:15:00.000,BBG000BFVXX0,-0.004168969,0.00791911,784712
20150327,11:15:00.000,BBG000FLZN98,-0.00011243748,0.005940421,107206
20150327,11:15:00.000,BBG000FLPRH1,0.007728887,0.0038919102,600795
20150327,11:15:00.000,BBG000BYWTX7,-8.045175e-05,-0.00066825486,2189092
20150327,11:15:00.000,BBG000BY33P5,0.000979694,0.0044829864,1192037
20150327,11:15:00.000,BBG000BBB3K1,0.00064892124,0.007047609,598966
20150327,11:15:00.000,BBG000DN7P92,0.008972315,0.016009241,348270
20150327,11:15:00.000,BBG000BBMSJ6,0.0022624119,0.0023140202,452610
20150327,11:15:00.000,BBG000BH2JM1,-0.0033790625,-0.0038643517,1282373
20150327,11:15:00.000,BBG000BFS7D3,-0.004758408,0.0026904065,124939
20150327,11:15:00.000,BBG000CKVSG8,-0.015497182,-0.025533613,825689
20150327,11:15:00.000,BBG000BB6G37,-0.0037928084,-0.0023514782,549640
20150327,11:15:00.000,BBG000BM7HL0,0.0018742337,0.0044282745,336637
20150327,11:15:00.000,BBG000BCYP43,-0.005387581,0.0034503778,105987
20150327,11:15:00.000,BBG000BV75B7,0.0008309355,-0.0019114185,321901
20150327,11:15:00.000,BBG000TWC2V5,-0.002365126,0.005085813,131548
20150327,11:15:00.000,BBG000BLW530,0.0035076735,0.000290714,434960
20150327,11:15:00.000,BBG000BKWSR6,2.090489e-05,-0.00092012587,1853043
20150327,11:15:00.000,BBG000C2YHG9,0.0023974755,0.009241622,288656
20150327,11:15:00.000,BBG000BRQ6L2,0.0029881152,0.024831202,2171983
20150327,11:15:00.000,BBG000BQHGR6,0.001380181,-0.0009537915,371495
20150327,11:15:00.000,BBG000BN9WT5,0.0016034724,0.0012061025,356386
20150327,11:15:00.000,BBG000BVWLJ6,-0.0054899114,-0.003280104,245288
20150327,11:15:00.000,BBG000BKQ3V3,-0.020901022,-0.0447531,3089286
20150327,11:15:00.000,BBG000H0QBS7,-0.0024238038,0.0063921204,572329
20150327,11:15:00.000,BBG000H4YVR7,0.004703172,0.03323178,232642
20150327,11:15:00.000,BBG000PYZSR8,-0.0047278996,0.0029982417,100889
20150327,11:15:00.000,BBG007TJF1N7,0.010644017,0.017101599,979798
20150327,11:15:00.000,BBG000C2ZCH8,0.0018436903,0.012693063,513958
20150327,11:15:00.000,BBG000BTCH57,-0.0050306018,0.0015720818,320198
20150327,11:15:00.000,BBG000BR54L0,0.0012394469,0.015338361,939629
20150327,11:15:00.000,BBG000BB5373,0.0055253985,0.0077375877,1447922
20150327,11:15:00.000,BBG000BHZ5J9,0.003110029,-0.004129339,211452
20150327,11:15:00.000,BBG000CXD6X9,0.009600958,0.017754273,284578
20150327,11:15:00.000,BBG000BKZTP3,0.0038135583,0.0003330865,299033
20150327,11:15:00.000,BBG000BB1TH9,-0.0053753676,-0.0147021655,191605
20150327,11:15:00.000,BBG000D5S4M0,0.01388907,0.01795128,208648
20150327,11:15:00.000,BBG000BN84F3,-0.004860519,-0.00191137,736141
20150327,11:15:00.000,BBG000HW5GX3,-0.0028590045,-0.012294473,663708
20150327,11:15:00.000,BBG000CHPY97,-0.0087229805,-0.02353452,1609981
20150327,11:15:00.000,BBG000D2M0Z7,-0.005165251,-0.00050346175,753414
20150327,11:15:00.000,BBG000BF1R66,0.00992328,0.009711689,341193
20150327,11:15:00.000,BBG000BJ8YN7,0.002449928,-0.0019288892,476854
20150327,11:15:00.000,BBG000G9CGL0,0.00727936,0.019834243,162523
20150327,11:15:00.000,BBG000BQ8KV2,-0.0029841922,-0.008606124,415942
20150327,11:15:00.000,BBG000BVMPN3,0.0048733368,0.0025261194,225774
20150327,11:15:00.000,BBG000BGD7W6,-0.0035831793,0.0065774983,246027
20150327,11:15:00.000,BBG000BC15S7,0.000105464074,0.0011984071,353706
20150327,11:15:00.000,BBG000Q2HM09,0.01916804,0.016081128,444638
20150327,11:15:00.000,BBG000BQVTF5,-0.0069124894,-0.007462346,265185
20150327,11:15:00.000,BBG000VC0T95,-0.005335619,0.00029745547,308134
20150327,11:15:00.000,BBG000F86GP6,0.002614225,0.005191968,155859
20150327,11:15:00.000,BBG000BWVSR1,0.00034451153,0.005054965,272781
20150327,11:15:00.000,BBG000BX8DC4,0.0102488715,0.014279793,343181
20150327,11:15:00.000,BBG000BHCP19,-0.00032191855,0.001452168,266316
20150327,11:15:00.000,BBG000BK6G19,0.003411282,-0.0055480115,434811
20150327,11:15:00.000,BBG000RGM5P1,-0.0095365755,-0.0040362645,267972
20150327,11:15:00.000,BBG000BF5RY1,0.00128941,0.004461765,492580
20150327,11:15:00.000,BBG000BP4MH0,0.0002196772,0.0026971828,457266
20150327,11:15:00.000,BBG000D8RG11,-0.0067301495,0.0004056538,643989
20150327,11:15:00.000,BBG000FP1N32,-0.0021854318,-0.008439482,778589
20150327,11:15:00.000,BBG000BLHRS2,-8.2585844e-05,0.007574778,244496
20150327,11:15:00.000,BBG000TJM7F0,-0.006062055,0.0010112653,429598
20150327,11:15:00.000,BBG000J1QLT0,-0.006668177,0.001915216,157376
20150327,11:15:00.000,BBG000BBBNC6,-7.249184e-05,-0.00094436103,364334
20150327,11:15:00.000,BBG000BY2Y78,0.0019526077,0.0012526264,641837
20150327,11:15:00.000,BBG000BM6788,-0.004264723,0.0012590524,383684
20150327,11:15:00.000,BBG000C1FQS9,-0.0008633761,0.006926671,125570
20150327,11:15:00.000,BBG000BBJQV0,-0.0027837763,-0.0019088497,1582503
20150327,11:15:00.000,BBG000BTQR96,0.00047368614,0.0046389475,276824
20150327,11:15:00.000,BBG000CXYSZ6,0.01551523,0.016483178,189155
20150327,11:15:00.000,BBG000BB5792,0.038416844,0.052989665,2770017
20150327,11:15:00.000,BBG000BNGTQ7,-0.00055058365,0.0070849,206798
20150327,11:15:00.000,BBG000BZTW70,-0.009230645,-0.030091682,2253929
20150327,11:15:00.000,BBG000G0Z878,-0.0021669355,-0.0009493064,642902
20150327,11:15:00.000,BBG000BFNR17,0.003313965,0.0042311265,70025
20150327,11:15:00.000,BBG002BHBHM1,0.010920386,0.02705988,280830
20150327,11:15:00.000,BBG000BC4JJ4,-0.0021547482,6.5787695e-05,170341
20150327,11:15:00.000,BBG000F15NW9,0.0077702,0.01400451,148665
20150327,11:15:00.000,BBG000BKR1D6,0.005604999,0.0020483413,81362
20150327,11:15:00.000,BBG000BCTQ65,-0.011687749,-0.0020417431,2600949
20150327,11:15:00.000,BBG000BNNYW1,0.0010983349,0.0008791375,2301559
20150327,11:15:00.000,BBG000BBCDZ2,-0.00464661,-0.0019404225,389512
20150327,11:15:00.000,BBG000BRK7L6,0.011950519,0.0013647763,1270350
20150327,11:15:00.000,BBG000DQTXY6,0.0026903092,0.01761268,827862
20150327,11:15:00.000,BBG000BRXP69,-0.0031915293,0.0077526765,143471
20150327,11:15:00.000,BBG000BL9JQ1,-0.007732707,-0.00937707,374161
20150327,11:15:00.000,BBG000DTMH63,-0.0039164685,-0.025213065,1394390
20150327,11:15:00.000,BBG000BJPDZ1,0.0041303765,0.010368656,98416
20150327,11:15:00.000,BBG000BXWBN9,-0.0018182945,0.007248507,593058
20150327,11:15:00.000,BBG000C2PW58,0.002097399,0.0036451877,98344
20150327,11:15:00.000,BBG000D13GN8,0.00034167434,0.0005919942,255216
20150327,11:15:00.000,BBG000BB6M98,0.0011887642,0.0017285505,536065
20150327,11:15:00.000,BBG000BGYWY6,0.0016892165,0.014584562,175470
20150327,11:15:00.000,BBG000BHB3M6,0.009944463,0.009567411,354316
20150327,11:15:00.000,BBG000G3QLY3,-0.0020085548,-0.0019955349,245218
20150327,11:15:00.000,BBG000BSBZH7,-0.0022514493,0.0033732567,266444
20150327,11:15:00.000,BBG000F7RCJ1,-0.005026219,0.007227657,166299
20150327,11:15:00.000,BBG0039320N9,-0.005801036,0.0056390804,685620
20150327,11:15:00.000,BBG000BTZQC4,-0.01584141,-0.017370222,1347183
20150327,11:15:00.000,BBG001M8HHB7,-0.0016171462,0.0011362782,272172
20150327,11:15:00.000,BBG000CZWZ05,0.11010277,0.1420658,3701846
20150327,11:15:00.000,BBG000QY3XZ2,0.00784698,0.011266066,268862
20150327,11:15:00.000,BBG000BHLYP4,-0.008306704,-0.0032706582,425149
20150327,11:15:00.000,BBG000CHWP52,0.014702625,0.012607411,1183807
20150327,11:15:00.000,BBG000QFJ7H3,0.0134327235,-0.0070696194,2488606
20150327,11:15:00.000,BBG000BFTJ91,0.0031203956,0.008982684,496398
20150327,11:15:00.000,BBG000BZ2GG4,0.007090013,-0.0041290773,363136
20150327,11:15:00.000,BBG000FKJRC5,-0.0037385302,0.006496338,302678
20150327,11:15:00.000,BBG000BKPL53,0.0066358647,0.013313466,470321
20150327,11:15:00.000,BBG000BNC3Y9,-0.006644997,-0.0071895905,187689
20150327,11:15:00.000,BBG000BNFLM9,0.0055156453,0.011525698,979103
20150327,11:15:00.000,BBG000BWCKB6,-0.0045005274,0.0039258553,227970
20150327,11:15:00.000,BBG000BR14K5,0.0024207751,0.003796815,317077
20150327,11:15:00.000,BBG0014GJCT9,0.0077250777,0.02214879,580492
20150327,11:15:00.000,BBG000BRRG02,-0.013565757,-0.01578161,668775
20150327,11:15:00.000,BBG000BP1Q11,-0.010457697,-0.0035995552,343378
20150327,11:15:00.000,BBG000P1F8Q7,-0.015262117,0.00034165263,281042
20150327,11:15:00.000,BBG000BCVMH9,-0.0055788,-0.010664391,325579
20150327,11:15:00.000,BBG000D7RKJ5,0.004248959,0.013467295,331689
20150327,11:15:00.000,BBG000FNRZ69,0.017385457,0.0077619473,1384192
20150327,11:15:00.000,BBG000BTKGG8,0.0028992603,0.00049132726,645134
20150327,11:15:00.000,BBG001QD41M9,-0.004604198,0.0011059146,276518
20150327,11:15:00.000,BBG000D9DMK0,0.0054126247,0.008942495,366488
20150327,11:15:00.000,BBG000BH5DV1,-0.0030958522,0.00020626544,302293
20150327,11:15:00.000,BBG000BMQPL1,-0.005579932,-0.0077762273,3252866
20150327,11:15:00.000,BBG000BMDV41,-0.0009914512,0.0020330509,395244
20150327,11:15:00.000,BBG000BQZMH4,0.0019038494,0.011656991,471597
20150327,11:15:00.000,BBG000BS0ZF1,-0.0047239177,-0.008712013,145266
20150327,11:15:00.000,BBG000BGLRN3,-0.0073044267,-0.008676581,772054
20150327,11:15:00.000,BBG000C0F570,-0.0008952869,-0.0017505143,906908
20150327,11:15:00.000,BBG000D6L294,-0.0069414503,-0.013422424,194040
20150327,11:15:00.000,BBG000BM5SR2,0.005208033,0.004243201,554040
20150327,11:15:00.000,BBG000BYYLS8,0.0036544118,0.0023280152,1280143
20150327,11:15:00.000,BBG000BF6LY3,0.04144662,0.05243622,5944301
20150327,11:15:00.000,BBG000BCBCM7,-0.002591676,0.0012491585,1510240
20150327,11:15:00.000,BBG000BJ2VQ6,0.00463313,-0.0184374,1031777
20150327,11:15:00.000,BBG000BJ98Z0,0.0040041683,0.014678746,424123
20150327,11:15:00.000,BBG000BLCPY4,0.0009235056,-0.019540984,389460
20150327,11:15:00.000,BBG000D898T9,-0.0023812691,0.004879034,314837
20150327,11:15:00.000,BBG000BMBL90,0.00091833365,0.0048416154,508561
20150327,11:15:00.000,BBG000BSXQV7,-0.0015593409,0.0061546704,130236
20150327,11:15:00.000,BBG000FVXD63,0.010797291,-0.0030315758,557033
20150327,11:15:00.000,BBG000BVMGF2,-0.00029957885,0.0016387732,359422
20150327,11:15:00.000,BBG000C11MQ5,-0.03348187,0.0013453499,264257
20150327,11:15:00.000,BBG000BPQD31,-0.003630742,0.0033124166,1527178
20150327,11:15:00.000,BBG000BB5006,-0.0009904137,0.0024674977,619421
20150327,11:15:00.000,BBG000BHKYH4,-0.002571864,4.3738688e-05,251565
20150327,11:15:00.000,BBG000D1QCF1,-0.0018360583,-0.013232733,389016
20150327,11:15:00.000,BBG000CSY9H9,0.007643659,0.014703312,556686
20150327,11:15:00.000,BBG000BRJ809,0.0007081766,0.0029139393,91747
20150327,11:15:00.000,BBG000CNFQW6,0.0033581867,0.010462668,183060
20150327,11:15:00.000,BBG000BXM6V2,-0.0022978354,0.0081395535,473054
20150327,11:15:00.000,BBG000BCGY17,0.005667248,0.009900471,684654
20150327,11:15:00.000,BBG000DKCC19,-0.007780154,-0.0002619199,425937
20150327,11:15:00.000,BBG000BKCFC2,-0.0023066616,0.00555978,1089322
20150327,11:15:00.000,BBG000BTVJ25,0.0071307155,0.010557913,1040559
20150327,11:15:00.000,BBG000BN5HF7,-0.002563937,0.010522887,339198
20150327,11:15:00.000,BBG000Q3JN03,0.0047075897,-0.0010735828,5698203
20150327,11:15:00.000,BBG0020B4JG7,0.0004002383,0.006360405,1329594
20150327,11:15:00.000,BBG000BR3KL6,0.005500884,0.00634794,150899
20150327,11:15:00.000,BBG000BRWGG9,0.0015673963,0.0134228775,5672037
20150327,11:15:00.000,BBG001LWHLJ8,-0.0072062835,-0.007520505,2131929
20150327,11:15:00.000,BBG000C7LMS8,0.007472157,0.019401575,97730
20150327,11:15:00.000,BBG000BPT0C6,0.015654778,0.0033379914,1004053
20150327,11:15:00.000,BBG000BSD7C2,-0.0015052198,0.0033088138,311403
20150327,11:15:00.000,BBG000BRJL00,0.002060663,0.01120716,988675
20150327,11:15:00.000,BBG000C1FB75,0.0023847846,0.0070064412,140788
20150327,11:15:00.000,BBG000BJ3PD2,-0.0009782114,0.0011992858,348745
20150327,11:15:00.000,BBG000BHLYS1,0.013183714,0.02483195,2223230
20150327,11:15:00.000,BBG000JWD753,-0.0046427976,-0.00091387087,769874
20150327,11:15:00.000,BBG000BXMFC3,-0.0076418826,-0.012516683,914922
20150327,11:15:00.000,BBG000CGQ6M4,0.0009825336,-0.0010367702,248076
20150327,11:15:00.000,BBG000DNTSP4,0.0052334843,0.00027824234,1031329
20150327,11:15:00.000,BBG000BFXHL6,-0.007482092,-0.00727692,900121
20150327,11:15:00.000,BBG000BJL3N0,4.3699896e-05,-0.003689255,2847992
20150327,11:15:00.000,BBG000JG0547,-0.0014180415,0.0034950208,382876
20150327,11:15:00.000,BBG000BWSV34,0.0012649484,0.009359381,121931
20150327,11:15:00.000,BBG000BB6WG8,0.0021780997,0.0058312197,724874
20150327,11:15:00.000,BBG000BCWCG1,-0.014771452,-0.005207239,1404633
20150327,11:15:00.000,BBG000BB9KF2,0.008638831,0.018071664,871495
20150327,11:15:00.000,BBG000C3HSR0,-0.0018893522,0.0001899147,351707
20150327,11:15:00.000,BBG000BFMBQ6,0.005377951,0.01818049,385919
20150327,11:15:00.000,BBG000BP0KQ8,0.017980142,0.027551968,1164385
20150327,11:15:00.000,BBG000BQWPC5,-0.0052909395,0.0078010317,403485
20150327,11:15:00.000,BBG001YMS0B8,0.03977403,0.04615191,9659575
20150327,11:15:00.000,BBG000C0LW92,0.0072735306,0.017197005,1829882
20150327,11:15:00.000,BBG000MDCQC2,0.0016852706,0.0084734,453832
20150327,11:15:00.000,BBG000BK67C7,-0.002448584,0.0019689137,168293
20150327,11:15:00.000,BBG000BY29C7,0.011608749,0.014993221,674495
20150327,11:15:00.000,BBG000BSLZY7,0.009316382,0.009071031,1720082
20150327,11:15:00.000,BBG000BLKK03,-0.0051159123,0.006126896,728905
20150327,11:15:00.000,BBG000C2BXK4,-0.006048474,2.8019718e-07,3685617
20150327,11:15:00.000,BBG000BCZYD3,-0.0008665029,0.012290818,268441
20150327,11:15:00.000,BBG000R7RDB4,0.00035247253,-0.007200282,271669
20150327,11:15:00.000,BBG000C3GN47,-0.0040512118,-0.010695537,1411758
20150327,11:15:00.000,BBG000BMW2Z0,-0.0027160922,0.0048432807,255662
20150327,11:15:00.000,BBG000BKFZM4,0.004803329,0.010238358,1535296
20150327,11:15:00.000,BBG000G2R6M0,-0.004489772,-0.020984473,2891834
20150327,11:15:00.000,BBG000C1S2X2,-0.008376677,0.016622143,395011
20150327,11:15:00.000,BBG000F0KF42,0.0029164613,-0.0029894183,533692
20150327,11:15:00.000,BBG000CS7CT9,-0.008086839,0.0013336006,874504
20150327,11:15:00.000,BBG000CPQZ77,-0.011992491,-0.0028765723,840296
20150327,11:15:00.000,BBG000C8H633,-0.007919334,-0.016297266,1720249
20150327,11:15:00.000,BBG000JH6683,0.0043903994,0.03622566,1444294
20150327,11:15:00.000,BBG000BLBXT4,-0.008394663,-0.0011791053,1336848
20150327,11:15:00.000,BBG000BB07P9,0.0061671087,-0.011942149,3675668
20150327,11:15:00.000,BBG000BX3TD3,-0.006542233,-0.025377741,1745778
20150327,11:15:00.000,BBG000F80SZ5,-0.009922066,-0.00084084517,1706104
20150327,11:15:00.000,BBG000BKFBD7,-0.0005764348,-0.0024431183,582494
20150327,11:15:00.000,BBG000BPWXK1,0.017773231,0.0022572735,2013071
20150327,11:15:00.000,BBG000BH5LT6,-0.01565311,-0.040483303,3758654
20150327,11:15:00.000,BBG000BBD070,-0.0058181975,-0.014371833,352267
20150327,11:15:00.000,BBG000BWJFZ4,-0.008515453,-0.006730694,113498
20150327,11:15:00.000,BBG000BWNFZ9,-0.0007555371,-0.0038979244,445576
20150327,11:15:00.000,BBG000BH3JF8,-0.0002284652,0.0049804705,515726
20150327,11:15:00.000,BBG000C0HQ54,0.012287546,0.024539946,632828
20150327,11:15:00.000,BBG000FL1TC8,-0.00722978,-0.0022164155,509652
20150327,11:15:00.000,BBG000BV8DN6,0.000850632,0.0044170558,734948
20150327,11:15:00.000,BBG0029SNR63,-0.0021341653,0.0011248038,311105
20150327,11:15:00.000,BBG000DYGNW7,-0.0034555637,0.0025205577,189518
20150327,11:15:00.000,BBG000QW7VC1,0.0046323594,0.006831618,640566
20150327,11:15:00.000,BBG000BFQYY3,-0.006124492,0.0013824309,611069
20150327,11:15:00.000,BBG000BGVW60,-0.0042440454,0.0061115255,562501
20150327,11:15:00.000,BBG000C1BW00,-0.0072708577,0.0054595526,326849
20150327,11:15:00.000,BBG000BJ81C1,0.0038512168,0.0043074167,317529
20150327,11:15:00.000,BBG000BFDXW1,-0.0005719164,0.0011860838,1632525
20150327,11:15:00.000,BBG000BSC0K9,0.00049073796,0.010924,518623
20150327,11:15:00.000,BBG000BD8PN9,-0.0036551808,-0.0030152574,1173328
20150327,11:15:00.000,BBG000DSMS70,-0.015634272,0.009733884,215839
20150327,11:15:00.000,BBG000BQ5DS5,0.0012897075,-0.0038974264,798740
20150327,11:15:00.000,BBG000G30YX4,0.010882064,0.03475975,433619
20150327,11:15:00.000,BBG000BQ2C28,-0.0021032419,0.0040182886,354432
20150327,11:15:00.000,BBG000BN2DC2,0.000700673,0.004923873,473058
20150327,11:15:00.000,BBG000LD9JQ8,-0.0051907427,-0.0007882933,284586
20150327,11:15:00.000,BBG000BGKTF9,0.008981869,0.0059853904,514441
20150327,11:15:00.000,BBG000BBVJZ8,-0.006532895,-0.01356862,490270
20150327,11:15:00.000,BBG000D9D830,-0.007811916,-0.008705505,1360766
20150327,11:15:00.000,BBG000BJSBJ0,0.0017974094,0.0110965455,309623
20150327,11:15:00.000,BBG000BH1NH9,0.0007160375,-0.001316062,523674
20150327,11:15:00.000,BBG000BVDLH9,-0.0025068633,0.0084510995,229736
20150327,11:15:00.000,BBG000FJLFX8,0.004186974,0.014679905,489883
20150327,11:15:00.000,BBG000MZFMS2,-0.016060513,0.00026026892,345210
20150327,11:15:00.000,BBG000C4DPX1,0.003959974,0.014671804,670166
20150327,11:15:00.000,BBG000C0MF34,0.010783845,0.003641442,149972
20150327,11:15:00.000,BBG000QBR5J5,0.005637128,0.003344011,728429
20150327,11:15:00.000,BBG000BCVJ77,-0.00022931372,0.006615569,433574
20150327,11:15:00.000,BBG000QX74T1,0.0013698072,0.005590969,110822
20150327,11:15:00.000,BBG000BBDV81,0.0023853758,0.0069570383,637175
20150327,11:15:00.000,BBG000HCJMF9,-0.003108331,-0.0058709146,513344
20150327,11:15:00.000,BBG000C46HM9,-0.0012614836,0.007033938,524606
20150327,11:15:00.000,BBG000BGPTV6,-0.0004402633,-7.344056e-05,301988
20150327,11:15:00.000,BBG000BRD0D8,0.0007814916,-0.0015137538,805425
20150327,11:15:00.000,BBG000BGJRC8,-0.004082166,-0.00961998,2214765
20150327,11:15:00.000,BBG000DHSPT0,0.00853823,0.008622798,429252
20150327,11:15:00.000,BBG000J6XT05,-0.004015367,0.0027675244,1864996
20150327,11:15:00.000,BBG000BH3GZ2,-0.0018792542,-0.00012717793,528355
20150327,11:15:00.000,BBG000BTR593,0.0039862758,-0.008874997,1228060
20150327,11:15:00.000,BBG000B9ZXB4,0.00090217835,0.009675944,782481
20150327,11:15:00.000,BBG000BL4504,-0.010018201,-0.023884162,8361602
20150327,11:15:00.000,BBG000BNBDC2,-0.007343872,0.0016336392,756329
20150327,11:15:00.000,BBG000C734W3,0.0006128722,0.025391698,243066
20150327,11:15:00.000,BBG000BWLMJ4,0.0039470373,0.0135020465,1220544
20150327,11:15:00.000,BBG000H556T9,0.0039921985,0.0062148967,653895
20150327,11:15:00.000,BBG000BVPPM1,-0.0031405315,0.0042782845,327795
20150327,11:15:00.000,BBG000BCG930,0.008801147,0.020695202,529082
20150327,11:15:00.000,BBG000BJF1Z8,-0.0071740844,-0.0024769783,223261
20150327,11:15:00.000,BBG000BND699,0.0057775686,0.009949377,1812224
20150327,11:15:00.000,BBG000BD4VG8,0.0013975952,-0.002704414,538136
20150327,11:15:00.000,BBG000BC2C10,0.001874203,-0.0055998815,1120478
20150327,11:15:00.000,BBG000NV1KK7,-0.0012076838,0.006284551,1174970
20150327,11:15:00.000,BBG000BLZRJ2,0.0021603291,0.002808663,2647128
20150327,11:15:00.000,BBG000F6H8W8,-0.0014920238,0.0057299673,409125
20150327,11:15:00.000,BBG000BMY992,-0.0034171783,0.0070300866,631506
20150327,11:15:00.000,BBG000BT9DW0,0.00820019,0.010972436,1932160
20150327,11:15:00.000,BBG000PX3XC0,-0.007944178,-0.026328431,3499395
20150327,11:15:00.000,BBG000BWXBC2,-0.006072952,-0.0018320585,1298699
20150327,11:15:00.000,BBG000BB6KF5,7.9368314e-05,-0.001383896,1063673
20150327,11:15:00.000,BBG000FFDM15,0.0006691029,-0.0010437929,1351802
20150327,11:15:00.000,BBG000KLB4Q1,0.03960894,0.049927298,4772458
20150327,11:15:00.000,BBG001DCCGR8,-0.0044073267,-0.002279414,349088
20150327,11:15:00.000,BBG000BVV7G1,-0.0008016036,0.0012547603,897550
20150327,11:15:00.000,BBG000BHGDH5,-0.00017085839,0.01035597,826850
20150327,11:15:00.000,BBG000BWVCP8,0.005672993,0.003146509,1346103
20150327,11:15:00.000,BBG000C15T95,-0.0077856504,-0.0034340136,588881
20150327,11:15:00.000,BBG000D4LWF6,-0.0034754188,0.0028628753,3910440
20150327,11:15:00.000,BBG000B9WH86,0.004411154,-0.00853683,5385537
20150327,11:15:00.000,BBG000Q9HH23,-0.006350838,0.00029304915,190783
20150327,11:15:00.000,BBG00286S4N9,0.0029805717,0.00076451025,403086
20150327,11:15:00.000,BBG000BHX7N2,0.00062219094,0.00017732267,703623
20150327,11:15:00.000,BBG000L9CV04,-0.0051527657,0.0009827969,813599
20150327,11:15:00.000,BBG000BH13K9,0.0018081093,0.003066283,1422647
20150327,11:15:00.000,BBG000FG3C43,-0.008611,-0.016163982,4885533
20150327,11:15:00.000,BBG000C496P7,0.010517195,0.01286881,1137023
20150327,11:15:00.000,BBG000BXRPH1,0.004116561,-0.0055473186,468237
20150327,11:15:00.000,BBG000BNJHS8,-0.003814675,0.018761203,1859978
20150327,11:15:00.000,BBG000BBPFB9,0.0018896166,0.006248692,7258152
20150327,11:15:00.000,BBG000WCFV84,-0.0068178046,-0.01001551,1294072
20150327,11:15:00.000,BBG0019JZ882,0.0031168635,0.0046018064,1620893
20150327,11:15:00.000,BBG000H89QJ6,-0.0028241745,0.0010812976,446178
20150327,11:15:00.000,BBG000BFWKC0,0.005099512,0.005568111,823122
20150327,11:15:00.000,BBG000C5HS04,-0.0048651765,0.0033216723,487228
20150327,11:15:00.000,BBG000BJX8C8,0.015242994,0.0036780438,1486840
20150327,11:15:00.000,BBG000BNDN65,-0.0034888322,0.009059531,967567
20150327,11:15:00.000,BBG000BP52R2,-0.00022542434,0.006335096,357933
20150327,11:15:00.000,BBG000M65M61,0.012276457,0.032484457,1650213
20150327,11:15:00.000,BBG000BP6LJ8,-0.002139162,0.0046002464,1793838
20150327,11:15:00.000,BBG000F0PF65,0.0019237401,0.008848078,544512
20150327,11:15:00.000,BBG000H8TVT2,0.00166839,0.009198093,776256
20150327,11:15:00.000,BBG000DQLV23,-0.0005342399,0.010230314,1329545
20150327,11:15:00.000,BBG000BHBK84,0.04092888,0.04296247,8634468
20150327,11:15:00.000,BBG000DLFM21,-0.011784432,0.0044348524,406898
20150327,11:15:00.000,BBG000BJDB15,-0.0063077784,-0.026660314,7575380
20150327,11:15:00.000,BBG000CTQBF3,-0.0016425496,0.00520666,1286385
20150327,11:15:00.000,BBG000BQQ2S6,0.0010182294,-0.0061726314,801373
20150327,11:15:00.000,BBG000BHVJJ3,-0.016257714,-0.020522717,9185071
20150327,11:15:00.000,BBG000F1ZSQ2,-0.008053322,-0.006140041,1127884
20150327,11:15:00.000,BBG000BQPC32,0.004233101,0.0037487296,10006626
20150327,11:15:00.000,BBG000C43RR5,0.0038039084,0.004346396,1867798
20150327,11:15:00.000,BBG000CH5208,0.0002671248,0.011308106,581355
20150327,11:15:00.000,BBG000J2XL74,-0.0016710557,0.00039264874,1112761
20150327,11:15:00.000,BBG000BC40Y8,-0.005239358,-0.011113445,683165
20150327,11:15:00.000,BBG000KHWT55,-0.011462229,-0.016866531,5345289
20150327,11:15:00.000,BBG000BW8S60,0.0034717924,0.009088805,714527
20150327,11:15:00.000,BBG000BZ9223,-0.0031059214,-0.009632727,647797
20150327,11:15:00.000,BBG000DWYF03,0.001122386,0.004713498,2412411
20150327,11:15:00.000,BBG000BBGGQ1,-0.009429902,-0.0070229443,1619210
20150327,11:15:00.000,BBG000BBDZG3,0.0028747576,0.002399593,1544182
20150327,11:15:00.000,BBG000BQLTW7,-0.005535922,-0.006281418,4674345
20150327,11:15:00.000,BBG000NDYB67,-0.0018115777,-0.0010709659,2972348
20150327,11:15:00.000,BBG000C6CFJ5,0.0044975625,0.00416337,505932
20150327,11:15:00.000,BBG000BGRY34,-0.005981637,0.004509573,983402
20150327,11:15:00.000,BBG000DH7JK6,-0.0005945335,0.0042879162,1141003
20150327,11:15:00.000,BBG000BW3299,0.0032310605,0.0006931521,2026322
20150327,11:15:00.000,BBG000DWG505,0.0017141291,0.0026915248,831224
20150327,11:15:00.000,BBG000BF0K17,-0.0017429218,-0.007887351,2245222
20150327,11:15:00.000,BBG000R7Z112,0.0017068045,0.02041484,2589495
20150327,11:15:00.000,BBG000BCSST7,-0.0042708446,0.002227029,692291
20150327,11:15:00.000,BBG000BQQH30,-0.00080385664,-0.0067978045,1172300
20150327,11:15:00.000,BBG000BCQZS4,-0.0008985995,-0.0056051104,2466620
20150327,11:15:00.000,BBG000BMX289,-0.0062833116,-0.0017345696,4440171
20150327,11:15:00.000,BBG000BNWG87,0.002346124,0.011876196,1199890
20150327,11:15:00.000,BBG000BBS2Y0,-0.0070462767,0.015413581,615055
20150327,11:15:00.000,BBG000BH4R78,0.0009404214,0.009072503,2196699
20150327,11:15:00.000,BBG005P7Q881,0.003739227,0.025455866,3256217
20150327,11:15:00.000,BBG000BKZB36,0.0010910968,0.011745112,1120182
20150327,11:15:00.000,BBG000GFFQN9,0.015436396,0.015739415,10512724
20150327,11:15:00.000,BBG0025Y4RY4,0.001640064,0.008639218,1813181
20150327,11:15:00.000,BBG000BFC8J2,-0.008486912,0.01661392,1975451
20150327,11:15:00.000,BBG000H6HNW3,0.001489091,0.008412392,6566332
20150327,11:15:00.000,BBG000BNSZP1,-0.0059464956,-0.0029758865,1055750
20150327,11:15:00.000,BBG000N9MNX3,-0.026212517,-0.022031855,2817826
20150327,11:15:00.000,BBG000BPD168,0.0028510126,0.010590855,1727349
20150327,11:15:00.000,BBG000BKTFN2,0.005953326,-0.004400585,3367855
20150327,11:15:00.000,BBG000C17X76,-0.0059101535,0.0168379,649264
20150327,11:15:00.000,BBG000BR2TH3,-0.0041286713,0.0043824455,1537585
20150327,11:15:00.000,BBG000PSKYX7,-0.0065156897,-0.0029711802,2144670
20150327,11:15:00.000,BBG000BT41Q8,0.0074014207,-0.0022839361,1471691
20150327,11:15:00.000,BBG000C5Z1S3,-0.0034702297,-0.0056259995,9581449
20150327,11:15:00.000,BBG000BLNNH6,0.0008639649,-0.0025528134,890774
20150327,11:15:00.000,BBG000BFT2L4,0.0043267338,0.010017005,4281805
20150327,11:15:00.000,BBG000CGC1X8,0.0028840308,0.004467598,2511648
20150327,11:15:00.000,BBG000HS77T5,0.005331097,0.0045434055,3006685
20150327,11:15:00.000,BBG000C3J3C9,-0.001220475,0.0036917778,6040015
20150327,11:15:00.000,BBG000FH8PX5,7.9707825e-05,0.014632599,596302
20150327,11:15:00.000,BBG000BLBVN4,-0.0026377235,0.0015730705,185889
20150327,11:15:00.000,BBG000BSJK37,0.000503935,-0.00091408455,5167159
20150327,11:15:00.000,BBG000CL9VN6,-0.016716639,-0.010295287,1018481
20150327,11:15:00.000,BBG000BVPV84,0.005685,0.011843661,811640
20150327,11:15:00.000,BBG000K4ND22,0.0008627325,-0.007220107,1455356
20150327,11:15:00.000,BBG000BWQFY7,0.001132004,-0.0009177845,3488013
20150327,11:15:00.000,BBG002W96FT9,-0.005768448,-0.006636623,615884
20150327,11:15:00.000,BBG000BMHYD1,-0.00094758486,0.0066922875,1183239
20150327,11:15:00.000,BBG000BR2B91,0.0007071819,0.010533863,6373445
20150327,11:15:00.000,BBG000BK6MB5,5.624259e-05,0.0024183472,6966774
20150327,11:15:00.000,BBG000FY4S11,0.005051081,0.0009760838,6109445
20150327,11:15:00.000,BBG000DMBXR2,0.0059031546,0.0035266473,3503347
20150327,11:15:00.000,BBG000C0G1D1,0.0072038537,0.0056503424,8115848
20150327,11:15:00.000,BBG000BHSKN9,-0.0073512155,-0.005668648,576057
20150327,11:15:00.000,BBG000CKGBP2,-0.0138551025,0.009151971,2623745
20150327,11:15:00.000,BBG000GZQ728,-0.002884548,-0.006404544,2926515
20150327,11:15:00.000,BBG000BPH459,-0.0030927632,-0.0029121828,9721946
20150327,11:15:00.000,BBG000BCTLF6,-0.003205827,-0.005186274,31236392
20150327,11:15:00.000,BBG000MM2P62,-0.0032360011,0.002709926,8177956
20150327,11:15:00.000,BBG000B9XRY4,-0.0029112115,-0.00016054249,13271360
20150327,11:30:00.000,BBG000CNZC55,-0.0068414584,-5.2363156e-08,1278313
20150327,11:30:00.000,BBG000FH5YM1,-0.0007623297,0.0013725329,2026699
20150327,11:30:00.000,BBG000BLM0V1,-0.0038319135,-0.001968096,205531
20150327,11:30:00.000,BBG000HGYNZ9,-0.0044829133,-0.018247398,892159
20150327,11:30:00.000,BBG000BF6RQ9,0.00081997295,0.016559359,264583
20150327,11:30:00.000,BBG000BFV115,-0.0040734536,-0.019578733,373141
20150327,11:30:00.000,BBG0015XMW40,0.012222019,0.0066663623,142949
20150327,11:30:00.000,BBG000FBMY72,-0.013121962,-0.026428068,843368
20150327,11:30:00.000,BBG000BDWKC5,0.009190826,0.0084815,616395
20150327,11:30:00.000,BBG000G6BN50,0.008258187,0.005246655,94852
20150327,11:30:00.000,BBG000BLDV98,-0.0052804435,0.0025013536,486252
20150327,11:30:00.000,BBG000R0L5J4,-0.0027281754,-0.009036793,213115
20150327,11:30:00.000,BBG006NV2Q11,0.009084987,0.0029592318,540524
20150327,11:30:00.000,BBG000BC2R71,0.0051610637,-0.0019366844,383623
20150327,11:30:00.000,BBG000BN1XR3,0.0025498036,0.0052890093,172244
20150327,11:30:00.000,BBG000GPXKX9,-0.006851598,-0.0054396084,131912
20150327,11:30:00.000,BBG000DV7MX4,-0.0028676102,-0.0017205947,1717608
20150327,11:30:00.000,BBG000BGRKT6,-0.0058795963,-0.0013585205,144449
20150327,11:30:00.000,BBG000BB5BF6,-0.015468296,-0.014573201,3049244
20150327,11:30:00.000,BBG000BVB8Q0,0.00025008767,-0.003939508,4726617
20150327,11:30:00.000,BBG000DGPR66,0.011889851,0.015096602,431410
20150327,11:30:00.000,BBG000BQ74K1,-0.004255762,-0.0056018885,143320
20150327,11:30:00.000,BBG000RNTSX0,-0.0024566965,0.0023334029,120812
20150327,11:30:00.000,BBG000N746D6,0.010782351,0.00983395,1109218
20150327,11:30:00.000,BBG000CR90K4,0.027981047,0.021493513,15929988
20150327,11:30:00.000,BBG000BVL2G3,0.005224485,-0.0053769,477152
20150327,11:30:00.000,BBG000BPQVR5,-0.006860248,-0.009046419,114004
20150327,11:30:00.000,BBG000CB8Q50,0.006221362,0.0072423574,162296
20150327,11:30:00.000,BBG000D42FJ0,0.0018167142,-0.016777702,793408
20150327,11:30:00.000,BBG003641015,-0.00061917823,0.00024355119,546236
20150327,11:30:00.000,BBG000CPHYL4,0.009855382,0.006550974,501826
20150327,11:30:00.000,BBG000BKL348,0.005024061,0.0055769524,123086
20150327,11:30:00.000,BBG000BMF5J0,0.00051074993,0.005232032,1965546
20150327,11:30:00.000,BBG000BCHG15,0.0047680084,0.0068037333,117431
20150327,11:30:00.000,BBG000BJKPG0,-0.00402834,-0.0020406374,139441
20150327,11:30:00.000,BBG000HS74G6,-0.0025757267,-0.00916756,429830
20150327,11:30:00.000,BBG000BVHBM1,-0.0067973263,0.0062584714,392247
20150327,11:30:00.000,BBG002PHSYX9,-0.011962807,-0.014642192,340414
20150327,11:30:00.000,BBG000D2ZTS8,-0.008165733,0.00059823785,493996
20150327,11:30:00.000,BBG000BGYMH7,-0.006037969,-0.010515192,224105
20150327,11:30:00.000,BBG000PV2L86,-0.0014146467,0.009307328,263820
20150327,11:30:00.000,BBG000FQ6PY6,0.005828477,0.0014983806,338239
20150327,11:30:00.000,BBG000R06BX2,0.0008709995,0.0022089602,613765
20150327,11:30:00.000,BBG000BCWKD6,-0.0010401987,-0.002314753,725505
20150327,11:30:00.000,BBG000CPBCL8,-0.0007760085,-0.011018839,217504
20150327,11:30:00.000,BBG000B9X8C0,0.002846736,0.012214442,520302
20150327,11:30:00.000,BBG000BDY3Y7,-0.0042176233,-0.0069752857,206834
20150327,11:30:00.000,BBG001XJRMF5,0.0054042083,-0.008219364,566853
20150327,11:30:00.000,BBG000BJ26K7,0.024158727,0.016570253,638707
20150327,11:30:00.000,BBG000BQ87N0,-0.004440857,0.0075142626,266232
20150327,11:30:00.000,BBG000C37332,0.0053148116,-0.0009250276,248427
20150327,11:30:00.000,BBG000C4ZZ10,0.0039545735,0.0058538103,298394
20150327,11:30:00.000,BBG000BPNP00,0.0053819716,0.0041290605,351548
20150327,11:30:00.000,BBG000BXBHJ4,-0.004977059,-0.010926811,459480
20150327,11:30:00.000,BBG000FDBX90,0.0015339219,0.0034260112,949376
20150327,11:30:00.000,BBG000BKNX95,-0.0032799758,-0.0042073885,438056
20150327,11:30:00.000,BBG000BV4XJ1,0.0018087798,0.024029965,163406
20150327,11:30:00.000,BBG000MQ1SN9,-0.0015044566,-0.00012285315,235845
20150327,11:30:00.000,BBG000KBQZ88,-0.009531684,-0.007234651,360014
20150327,11:30:00.000,BBG000BXNJ07,-0.0049609076,-0.006371122,2169262
20150327,11:30:00.000,BBG000DLVDK3,0.0019849744,-0.015257879,641654
20150327,11:30:00.000,BBG000BB03M1,0.018840007,0.00031201926,459949
20150327,11:30:00.000,BBG000BWGYF8,-0.0015278317,-0.0014883481,155379
20150327,11:30:00.000,BBG000BPZBB6,0.0170254,0.020329468,619467
20150327,11:30:00.000,BBG000JKCWS0,0.0030532193,-0.011967713,219300
20150327,11:30:00.000,BBG000BNPSQ9,0.035289686,0.065299235,597539
20150327,11:30:00.000,BBG000C060M4,-0.0023876652,-0.006389803,48961
20150327,11:30:00.000,BBG000BFDLV8,0.0048571513,0.010576479,272682
20150327,11:30:00.000,BBG000C2V3D6,0.0006196175,0.006402688,350533
20150327,11:30:00.000,BBG000BC9938,0.0011498352,-0.004984075,232606
20150327,11:30:00.000,BBG000C22QV7,-0.0045709903,-0.0011096136,256144
20150327,11:30:00.000,BBG000BMTFR4,-0.0061653457,-0.005476127,650253
20150327,11:30:00.000,BBG000BKTT89,-0.008159818,-0.006390998,98780
20150327,11:30:00.000,BBG000BWXL85,0.007180846,0.00610389,866112
20150327,11:30:00.000,BBG0014GG205,0.005289524,-0.005687261,1020842
20150327,11:30:00.000,BBG000BGFZR8,0.004850497,0.005294108,483253
20150327,11:30:00.000,BBG000V31J96,0.00782104,0.014395182,1034965
20150327,11:30:00.000,BBG000BNNKG9,-0.0015173537,0.0038678683,478308
20150327,11:30:00.000,BBG000BSSC44,-0.0052654585,-0.011353775,400906
20150327,11:30:00.000,BBG000BSY3K9,-0.0060014008,0.0005069375,242572
20150327,11:30:00.000,BBG000BPMH90,-0.0033034296,-0.011400721,322896
20150327,11:30:00.000,BBG000BX5ZF5,-0.0102341,-0.013288282,1817811
20150327,11:30:00.000,BBG000BR37X2,0.0049140574,0.0018562649,623768
20150327,11:30:00.000,BBG000C9F2F9,-0.02071241,0.00071450823,528491
20150327,11:30:00.000,BBG000D9KWL9,0.011041372,0.006285413,313473
20150327,11:30:00.000,BBG000PLXQQ3,-0.004586607,0.00047700465,185421
20150327,11:30:00.000,BBG000HZFZX3,-0.0070571015,-0.0008380675,240582
20150327,11:30:00.000,BBG000BDXGP9,0.020345403,0.028205583,1192240
20150327,11:30:00.000,BBG000BB29X4,0.0026944373,0.011705154,257750
20150327,11:30:00.000,BBG001C7TST4,-0.007397742,-0.00788839,379681
20150327,11:30:00.000,BBG000BMKDM3,-0.002355437,0.003412808,431929
20150327,11:30:00.000,BBG000FFH4P5,0.00039900123,-0.0010571876,276506
20150327,11:30:00.000,BBG000C75N77,0.005114244,-0.004441279,240276
20150327,11:30:00.000,BBG000C221G9,-0.009793077,-0.009388088,340466
20150327,11:30:00.000,BBG000BKXFN7,-0.005177386,-0.028279984,844246
20150327,11:30:00.000,BBG000BWP7D9,0.0037220982,0.015044388,389837
20150327,11:30:00.000,BBG000DY8ZS4,-0.013611684,-0.027766699,1708143
20150327,11:30:00.000,BBG000BFL116,0.00022273553,-0.008637361,544305
20150327,11:30:00.000,BBG000BKLH74,0.0075062425,0.0070764394,773374
20150327,11:30:00.000,BBG000BS9489,-0.0043127527,0.0018862225,158634
20150327,11:30:00.000,BBG000BP8Z50,-0.007797492,-0.008635559,492135
20150327,11:30:00.000,BBG000BS7KS3,0.008793787,0.008866387,412698
20150327,11:30:00.000,BBG000BMZ7P7,0.007043423,-0.0014053765,300991
20150327,11:30:00.000,BBG000FBK808,-0.036158476,-0.056782506,2862767
20150327,11:30:00.000,BBG000R8ZVD1,-0.023500293,-0.019620277,1338068
20150327,11:30:00.000,BBG000BLMZK6,-0.0024378528,0.01010866,450378
20150327,11:30:00.000,BBG000BQSQ38,0.0062951534,0.0076509085,470642
20150327,11:30:00.000,BBG000BBL0Y1,-0.008151594,0.009520964,364506
20150327,11:30:00.000,BBG001QZCPJ2,0.017627457,0.023202054,796568
20150327,11:30:00.000,BBG000CVWGS6,0.006498089,0.008454257,1042975
20150327,11:30:00.000,BBG000BCNYT9,0.009103366,-0.0025335748,3082189
20150327,11:30:00.000,BBG000PVRDL2,0.007504304,-0.008645543,1333542
20150327,11:30:00.000,BBG000BJQWD2,-0.0021475772,-0.0027450682,232291
20150327,11:30:00.000,BBG000C9W1Y1,-0.00020589706,0.000271507,719059
20150327,11:30:00.000,BBG000BJ49H3,0.0067868647,0.0042261267,388330
20150327,11:30:00.000,BBG000BFVXX0,-0.0019389264,0.009825817,992339
20150327,11:30:00.000,BBG000FLZN98,-0.001465623,0.0022485876,113302
20150327,11:30:00.000,BBG000FLPRH1,0.0099465735,0.0031843323,628011
20150327,11:30:00.000,BBG000BYWTX7,-0.0021358735,-0.004677638,2441538
20150327,11:30:00.000,BBG000BY33P5,0.00018547464,0.00044795408,1300818
20150327,11:30:00.000,BBG000BBB3K1,0.00023252459,0.005739716,675566
20150327,11:30:00.000,BBG000DN7P92,0.009233646,0.013980796,388308
20150327,11:30:00.000,BBG000BBMSJ6,0.002555824,1.9247798e-07,495420
20150327,11:30:00.000,BBG000BH2JM1,-0.0006849929,-0.0034349773,1589539
20150327,11:30:00.000,BBG000BFS7D3,-0.0050209872,0.00077480177,139513
20150327,11:30:00.000,BBG000CKVSG8,-0.01698536,-0.028087078,876789
20150327,11:30:00.000,BBG000BB6G37,-0.003378529,-0.0046157013,613283
20150327,11:30:00.000,BBG000BM7HL0,0.0030727736,0.0028954975,351774
20150327,11:30:00.000,BBG000BCYP43,-0.002920388,0.0033302987,136594
20150327,11:30:00.000,BBG000BV75B7,0.0006547734,-0.0037656885,334107
20150327,11:30:00.000,BBG000TWC2V5,-0.001528055,0.0037764714,152287
20150327,11:30:00.000,BBG000BLW530,0.0051374533,-7.248797e-05,508234
20150327,11:30:00.000,BBG000BKWSR6,1.719599e-05,-0.0027592024,2049786
20150327,11:30:00.000,BBG000C2YHG9,0.004372909,0.008246322,346257
20150327,11:30:00.000,BBG000BRQ6L2,0.0063665034,0.025910802,2383576
20150327,11:30:00.000,BBG000BQHGR6,0.0033089789,-0.0005298961,410448
20150327,11:30:00.000,BBG000BN9WT5,0.0014196358,-0.001754238,403402
20150327,11:30:00.000,BBG000BVWLJ6,-0.006016136,-0.0051542725,266003
20150327,11:30:00.000,BBG000BKQ3V3,-0.018170474,-0.04375848,3386603
20150327,11:30:00.000,BBG000H0QBS7,-0.0021885121,0.0042612497,615170
20150327,11:30:00.000,BBG000H4YVR7,0.0070003388,0.03171248,271903
20150327,11:30:00.000,BBG000PYZSR8,-0.006099889,-0.0011280207,129761
20150327,11:30:00.000,BBG007TJF1N7,0.008694087,0.012437542,1068669
20150327,11:30:00.000,BBG000C2ZCH8,0.00243607,0.013066375,568107
20150327,11:30:00.000,BBG000BTCH57,-0.006266765,-0.0017100573,371285
20150327,11:30:00.000,BBG000BR54L0,0.000777926,0.012084786,1010871
20150327,11:30:00.000,BBG000BB5373,0.0047181905,0.0056740865,1525056
20150327,11:30:00.000,BBG000BHZ5J9,0.0075692767,-0.0002505855,239332
20150327,11:30:00.000,BBG000CXD6X9,0.00920089,0.016656095,300435
20150327,11:30:00.000,BBG000BKZTP3,0.0060314564,0.00024962975,398428
20150327,11:30:00.000,BBG000BB1TH9,-0.0063745165,-0.017660005,218802
20150327,11:30:00.000,BBG000D5S4M0,0.016366923,0.017808741,222754
20150327,11:30:00.000,BBG000BN84F3,-0.00450066,-0.0034274543,763584
20150327,11:30:00.000,BBG000HW5GX3,-0.0056309258,-0.014689477,704521
20150327,11:30:00.000,BBG000CHPY97,-0.011451595,-0.026198741,1939576
20150327,11:30:00.000,BBG000D2M0Z7,-0.0072663114,-0.005534001,759530
20150327,11:30:00.000,BBG000BF1R66,0.0075405966,0.0052064597,402277
20150327,11:30:00.000,BBG000BJ8YN7,0.0030936643,-0.0040993528,518942
20150327,11:30:00.000,BBG000G9CGL0,0.012202069,0.020439647,184354
20150327,11:30:00.000,BBG000BQ8KV2,-0.0031424938,-0.010424124,472720
20150327,11:30:00.000,BBG000BVMPN3,0.004543745,0.0004930504,245746
20150327,11:30:00.000,BBG000BGD7W6,-0.0038717806,0.0045297127,267453
20150327,11:30:00.000,BBG000BC15S7,0.0015825601,0.0004167464,373922
20150327,11:30:00.000,BBG000Q2HM09,0.021578932,0.014221368,484101
20150327,11:30:00.000,BBG000BQVTF5,-0.004871746,-0.0073019117,289709
20150327,11:30:00.000,BBG000VC0T95,-0.004524767,-0.0027374665,319148
20150327,11:30:00.000,BBG000F86GP6,0.0013701582,0.0025468392,182803
20150327,11:30:00.000,BBG000BWVSR1,-0.0004094873,0.0032766424,295428
20150327,11:30:00.000,BBG000BX8DC4,0.008544799,0.012321368,394954
20150327,11:30:00.000,BBG000BHCP19,0.00028810764,-0.0010371972,322505
20150327,11:30:00.000,BBG000BK6G19,0.0017150389,-0.0072998954,477122
20150327,11:30:00.000,BBG000RGM5P1,-0.010961809,-0.00693945,295493
20150327,11:30:00.000,BBG000BF5RY1,0.0017710064,0.0037752823,550136
20150327,11:30:00.000,BBG000BP4MH0,-0.00013719308,0.00035937905,495556
20150327,11:30:00.000,BBG000D8RG11,-0.0068810913,-0.0012167749,720858
20150327,11:30:00.000,BBG000FP1N32,-0.0034636646,-0.011815559,964464
20150327,11:30:00.000,BBG000BLHRS2,0.0016393387,0.007723249,260772
20150327,11:30:00.000,BBG000TJM7F0,-0.007573871,-0.00050547166,463057
20150327,11:30:00.000,BBG000J1QLT0,-0.007686472,-8.769456e-05,168369
20150327,11:30:00.000,BBG000BBBNC6,-6.368988e-07,-0.0019679575,401327
20150327,11:30:00.000,BBG000BY2Y78,0.0027198861,6.096188e-08,672121
20150327,11:30:00.000,BBG000BM6788,-0.0057783527,-0.0013345574,396422
20150327,11:30:00.000,BBG000C1FQS9,-0.00038585966,0.008952431,146457
20150327,11:30:00.000,BBG000BBJQV0,-0.0037932922,-0.0057245507,1654277
20150327,11:30:00.000,BBG000BTQR96,0.0013411388,0.004322679,299073
20150327,11:30:00.000,BBG000CXYSZ6,0.013912098,0.011582777,203969
20150327,11:30:00.000,BBG000BB5792,0.04414044,0.05725523,2875978
20150327,11:30:00.000,BBG000BNGTQ7,-0.00057878694,0.006922424,228265
20150327,11:30:00.000,BBG000BZTW70,-0.008827725,-0.03155953,2540515
20150327,11:30:00.000,BBG000G0Z878,-0.0032821337,-0.0040340107,674127
20150327,11:30:00.000,BBG000BFNR17,0.0037330983,0.003031712,77157
20150327,11:30:00.000,BBG002BHBHM1,0.010773041,0.024259243,305642
20150327,11:30:00.000,BBG000BC4JJ4,-0.0013132327,-0.0007942391,190439
20150327,11:30:00.000,BBG000F15NW9,0.006293988,0.009849196,164175
20150327,11:30:00.000,BBG000BKR1D6,0.0044473987,-0.0013016111,90743
20150327,11:30:00.000,BBG000BCTQ65,-0.010421396,0.0005832857,2796189
20150327,11:30:00.000,BBG000BNNYW1,0.0013002111,-0.0013182424,2505911
20150327,11:30:00.000,BBG000BBCDZ2,-0.0044625597,-0.0042773224,423976
20150327,11:30:00.000,BBG000BRK7L6,0.011482889,0.00034149262,1339182
20150327,11:30:00.000,BBG000DQTXY6,0.003948766,0.01611385,944399
20150327,11:30:00.000,BBG000BRXP69,-0.002914117,0.005497634,152948
20150327,11:30:00.000,BBG000BL9JQ1,-0.005230806,-0.0082666185,420511
20150327,11:30:00.000,BBG000DTMH63,-0.0032214602,-0.025894506,1539497
20150327,11:30:00.000,BBG000BJPDZ1,0.0017148348,0.0049387864,101282
20150327,11:30:00.000,BBG000BXWBN9,-0.0013499588,0.0054363874,626613
20150327,11:30:00.000,BBG000C2PW58,0.00085646694,0.0009115927,116889
20150327,11:30:00.000,BBG000D13GN8,-0.0048608887,-0.008239753,270259
20150327,11:30:00.000,BBG000BB6M98,0.0015045509,0.002592809,610576
20150327,11:30:00.000,BBG000BGYWY6,0.0021821472,0.013661298,184255
20150327,11:30:00.000,BBG000BHB3M6,0.010197434,0.007912863,440507
20150327,11:30:00.000,BBG000G3QLY3,-0.0016506423,-0.0035692502,254163
20150327,11:30:00.000,BBG000BSBZH7,-0.0024159271,0.002891528,285348
20150327,11:30:00.000,BBG000F7RCJ1,-0.0040473524,0.007227588,182554
20150327,11:30:00.000,BBG0039320N9,-0.0056421184,0.0034702506,764312
20150327,11:30:00.000,BBG000BTZQC4,-0.015600687,-0.017674882,1438127
20150327,11:30:00.000,BBG001M8HHB7,-0.002108177,-0.0026306342,284928
20150327,11:30:00.000,BBG000CZWZ05,0.09704617,0.12415071,3871993
20150327,11:30:00.000,BBG000QY3XZ2,0.008319689,0.009810679,288603
20150327,11:30:00.000,BBG000BHLYP4,-0.006928657,-0.0030068175,466322
20150327,11:30:00.000,BBG000CHWP52,0.016565088,0.011314443,1327733
20150327,11:30:00.000,BBG000QFJ7H3,0.013327691,-0.009190505,2770439
20150327,11:30:00.000,BBG000BFTJ91,0.0030623311,0.0068268925,541586
20150327,11:30:00.000,BBG000BZ2GG4,0.0051869107,-0.007142401,409141
20150327,11:30:00.000,BBG000FKJRC5,-0.003356452,0.004249944,336401
20150327,11:30:00.000,BBG000BKPL53,0.010026169,0.0139617715,510519
20150327,11:30:00.000,BBG000BNC3Y9,-0.0073948423,-0.009907695,203349
20150327,11:30:00.000,BBG000BNFLM9,0.004652226,0.0055519473,1078872
20150327,11:30:00.000,BBG000BWCKB6,-0.00482108,0.0018274047,244147
20150327,11:30:00.000,BBG000BR14K5,0.0021529486,0.0014464776,342363
20150327,11:30:00.000,BBG0014GJCT9,0.005665175,0.016567294,611312
20150327,11:30:00.000,BBG000BRRG02,-0.016768157,-0.020372707,746468
20150327,11:30:00.000,BBG000BP1Q11,-0.0076259864,-0.0028316225,377776
20150327,11:30:00.000,BBG000P1F8Q7,-0.013532326,-0.0001137081,298029
20150327,11:30:00.000,BBG000BCVMH9,-0.0032890742,-0.0105284825,340143
20150327,11:30:00.000,BBG000D7RKJ5,0.0044679027,0.015003977,412546
20150327,11:30:00.000,BBG000FNRZ69,0.01889803,0.0058215894,1491830
20150327,11:30:00.000,BBG000BTKGG8,0.0035536108,-0.0009825297,671212
20150327,11:30:00.000,BBG001QD41M9,-0.003237043,0.00058568816,337485
20150327,11:30:00.000,BBG000D9DMK0,0.00599231,0.0077105896,400773
20150327,11:30:00.000,BBG000BH5DV1,-0.0030750597,-0.0017536223,322563
20150327,11:30:00.000,BBG000BMQPL1,-0.005758645,-0.009897054,3442924
20150327,11:30:00.000,BBG000BMDV41,-0.0025468506,-0.0016258291,419108
20150327,11:30:00.000,BBG000BQZMH4,0.0018815232,0.011657053,532335
20150327,11:30:00.000,BBG000BS0ZF1,-0.00508534,-0.010871092,159737
20150327,11:30:00.000,BBG000BGLRN3,-0.0067049745,-0.0089658,868040
20150327,11:30:00.000,BBG000C0F570,-0.0020215865,-0.005251837,964521
20150327,11:30:00.000,BBG000D6L294,-0.0061345533,-0.013114393,220862
20150327,11:30:00.000,BBG000BM5SR2,0.004341689,0.001199064,573049
20150327,11:30:00.000,BBG000BYYLS8,0.0035361946,0.00077625754,1341635
20150327,11:30:00.000,BBG000BF6LY3,0.048538227,0.058287486,6306937
20150327,11:30:00.000,BBG000BCBCM7,-0.0031763448,3.3947057e-07,1649216
20150327,11:30:00.000,BBG000BJ2VQ6,0.006899615,-0.018437298,1147351
20150327,11:30:00.000,BBG000BJ98Z0,0.0014481619,0.009116378,478456
20150327,11:30:00.000,BBG000BLCPY4,0.0025577515,-0.02019239,429136
20150327,11:30:00.000,BBG000D898T9,-0.0030286585,0.0022432841,365413
20150327,11:30:00.000,BBG000BMBL90,0.0012799172,0.0037486788,552224
20150327,11:30:00.000,BBG000BSXQV7,-0.0007418243,0.005653614,152621
20150327,11:30:00.000,BBG000FVXD63,0.013544606,-0.00029327226,627985
20150327,11:30:00.000,BBG000BVMGF2,-0.00015567693,8.0928675e-07,390143
20150327,11:30:00.000,BBG000C11MQ5,-0.030585025,0.0010140059,279149
20150327,11:30:00.000,BBG000BPQD31,-0.0040330384,-0.000323156,1645130
20150327,11:30:00.000,BBG000BB5006,-0.0029669306,-0.0019183639,663628
20150327,11:30:00.000,BBG000BHKYH4,-0.003883508,-0.0026694278,264276
20150327,11:30:00.000,BBG000D1QCF1,0.00037089005,-0.0125712715,449869
20150327,11:30:00.000,BBG000CSY9H9,0.006172092,0.011789736,600817
20150327,11:30:00.000,BBG000BRJ809,0.0014950951,0.0018523168,107808
20150327,11:30:00.000,BBG000CNFQW6,0.0001522949,0.0040147062,202959
20150327,11:30:00.000,BBG000BXM6V2,-0.0007973028,0.007058476,503036
20150327,11:30:00.000,BBG000BCGY17,0.006289356,0.010500711,741466
20150327,11:30:00.000,BBG000DKCC19,-0.007624088,-0.0020960113,488659
20150327,11:30:00.000,BBG000BKCFC2,-0.0023673081,0.0044475906,1149888
20150327,11:30:00.000,BBG000BTVJ25,0.0046731457,0.0071265097,1159250
20150327,11:30:00.000,BBG000BN5HF7,-0.00316395,0.007689744,365419
20150327,11:30:00.000,BBG000Q3JN03,0.0039168787,-0.0042943014,5952699
20150327,11:30:00.000,BBG0020B4JG7,-0.0020731539,-0.0011448463,1486113
20150327,11:30:00.000,BBG000BR3KL6,0.00583055,0.0039194464,168146
20150327,11:30:00.000,BBG000BRWGG9,0.004790264,0.015863394,6220056
20150327,11:30:00.000,BBG001LWHLJ8,-0.003173789,-0.0065948735,2302682
20150327,11:30:00.000,BBG000C7LMS8,0.008561014,0.019952973,109186
20150327,11:30:00.000,BBG000BPT0C6,0.017916795,0.0046937983,1104211
20150327,11:30:00.000,BBG000BSD7C2,-0.00096411444,0.0013322679,337799
20150327,11:30:00.000,BBG000BRJL00,0.0020599833,0.01181292,1094204
20150327,11:30:00.000,BBG000C1FB75,0.0016625678,0.00485246,144111
20150327,11:30:00.000,BBG000BJ3PD2,-0.001619556,-0.0014999888,371745
20150327,11:30:00.000,BBG000BHLYS1,0.01631695,0.027553258,2331515
20150327,11:30:00.000,BBG000JWD753,-0.003977789,-0.001096644,859210
20150327,11:30:00.000,BBG000BXMFC3,-0.009288373,-0.0169084,998141
20150327,11:30:00.000,BBG000CGQ6M4,0.0008895718,-0.0026543082,263308
20150327,11:30:00.000,BBG000DNTSP4,0.0068120696,0.0008339162,1116889
20150327,11:30:00.000,BBG000BFXHL6,-0.01110548,-0.011771431,990384
20150327,11:30:00.000,BBG000BJL3N0,0.0012390565,-0.004216651,2977440
20150327,11:30:00.000,BBG000JG0547,-0.0011872072,0.0020734584,406104
20150327,11:30:00.000,BBG000BWSV34,0.0023376616,0.00762542,130730
20150327,11:30:00.000,BBG000BB6WG8,0.00058849255,0.002591736,792827
20150327,11:30:00.000,BBG000BCWCG1,-0.014227626,-0.0065091415,1552480
20150327,11:30:00.000,BBG000BB9KF2,0.009349635,0.019969257,984751
20150327,11:30:00.000,BBG000C3HSR0,-0.0027151448,-0.0018982599,378304
20150327,11:30:00.000,BBG000BFMBQ6,0.0076112323,0.017230073,436444
20150327,11:30:00.000,BBG000BP0KQ8,0.017697213,0.026036132,1266395
20150327,11:30:00.000,BBG000BQWPC5,-0.0057800775,0.0066454485,460998
20150327,11:30:00.000,BBG001YMS0B8,0.05177575,0.05871184,11984247
20150327,11:30:00.000,BBG000C0LW92,0.0076121874,0.015477417,2051040
20150327,11:30:00.000,BBG000MDCQC2,0.0030090322,0.008517862,491318
20150327,11:30:00.000,BBG000BK67C7,-0.003019915,-0.00044600503,193240
20150327,11:30:00.000,BBG000BY29C7,0.011467684,0.012781324,730752
20150327,11:30:00.000,BBG000BSLZY7,0.012435027,0.010078829,1906970
20150327,11:30:00.000,BBG000BLKK03,-0.0048868037,0.0031631482,745720
20150327,11:30:00.000,BBG000C2BXK4,-0.010386306,-0.006073026,4105341
20150327,11:30:00.000,BBG000BCZYD3,0.0014902415,0.012430679,333961
20150327,11:30:00.000,BBG000R7RDB4,0.0022779966,-0.005813837,307463
20150327,11:30:00.000,BBG000C3GN47,-0.003601536,-0.01035056,1518576
20150327,11:30:00.000,BBG000BMW2Z0,-0.003372089,0.0021627669,284669
20150327,11:30:00.000,BBG000BKFZM4,0.00591164,0.008903003,1657974
20150327,11:30:00.000,BBG000G2R6M0,-0.004364,-0.023136817,3208751
20150327,11:30:00.000,BBG000C1S2X2,-0.006525114,0.013689025,432629
20150327,11:30:00.000,BBG000F0KF42,0.0015626887,-0.0068193534,593422
20150327,11:30:00.000,BBG000CS7CT9,-0.009168846,-6.682734e-05,1016746
20150327,11:30:00.000,BBG000CPQZ77,-0.01515607,-0.008053396,941912
20150327,11:30:00.000,BBG000C8H633,-0.0077437116,-0.01629736,1853510
20150327,11:30:00.000,BBG000JH6683,0.013259075,0.039660178,1679474
20150327,11:30:00.000,BBG000BLBXT4,-0.013229884,-0.0072531775,1493298
20150327,11:30:00.000,BBG000BB07P9,0.0074978606,-0.012384695,3902711
20150327,11:30:00.000,BBG000BX3TD3,-0.0017307361,-0.022557998,1936622
20150327,11:30:00.000,BBG000F80SZ5,-0.003747137,4.3606548e-07,2022499
20150327,11:30:00.000,BBG000BKFBD7,-0.0005357679,-0.003936072,612627
20150327,11:30:00.000,BBG000BPWXK1,0.015059255,-0.0022563778,2167510
20150327,11:30:00.000,BBG000BH5LT6,-0.018554153,-0.045053985,3954365
20150327,11:30:00.000,BBG000BBD070,-0.0067847543,-0.016186433,394049
20150327,11:30:00.000,BBG000BWJFZ4,-0.010869537,-0.009960228,124443
20150327,11:30:00.000,BBG000BWNFZ9,-0.002677824,-0.008222606,498770
20150327,11:30:00.000,BBG000BH3JF8,-0.0006188024,0.0027867346,556229
20150327,11:30:00.000,BBG000C0HQ54,0.014123995,0.0231733,732994
20150327,11:30:00.000,BBG000FL1TC8,-0.0071927127,-0.002974725,552565
20150327,11:30:00.000,BBG000BV8DN6,0.00086368376,0.0040548514,822581
20150327,11:30:00.000,BBG0029SNR63,-0.0048237205,-0.003448911,346070
20150327,11:30:00.000,BBG000DYGNW7,-0.0030185361,0.0010835314,212482
20150327,11:30:00.000,BBG000QW7VC1,0.003944455,0.00479522,697284
20150327,11:30:00.000,BBG000BFQYY3,-0.0061115124,-0.00065456517,644776
20150327,11:30:00.000,BBG000BGVW60,-0.0041638035,0.0061116777,604150
20150327,11:30:00.000,BBG000C1BW00,-0.0055225594,0.004910867,362830
20150327,11:30:00.000,BBG000BJ81C1,0.0033945432,0.0021068568,346645
20150327,11:30:00.000,BBG000BFDXW1,-0.001626008,-0.0023729678,1765772
20150327,11:30:00.000,BBG000BSC0K9,0.0012008459,0.010245019,544116
20150327,11:30:00.000,BBG000BD8PN9,-0.0071232268,-0.0072860625,1323573
20150327,11:30:00.000,BBG000DSMS70,-0.0139129,0.006643065,237595
20150327,11:30:00.000,BBG000BQ5DS5,0.0025549578,-0.004811578,920524
20150327,11:30:00.000,BBG000G30YX4,0.010344048,0.028568747,488143
20150327,11:30:00.000,BBG000BQ2C28,-0.0017039112,0.0026053444,381309
20150327,11:30:00.000,BBG000BN2DC2,0.00017015864,0.0013635864,510779
20150327,11:30:00.000,BBG000LD9JQ8,-0.008096776,-0.0053211125,305369
20150327,11:30:00.000,BBG000BGKTF9,0.008667801,0.0045846957,613645
20150327,11:30:00.000,BBG000BBVJZ8,-0.006263273,-0.012819672,565373
20150327,11:30:00.000,BBG000D9D830,-0.0069040842,-0.009023884,1477157
20150327,11:30:00.000,BBG000BJSBJ0,0.0023189804,0.011777797,346072
20150327,11:30:00.000,BBG000BH1NH9,0.001038098,-0.0014303207,578917
20150327,11:30:00.000,BBG000BVDLH9,-0.002110346,0.006084821,267689
20150327,11:30:00.000,BBG000FJLFX8,0.0028369173,0.010478761,516918
20150327,11:30:00.000,BBG000MZFMS2,-0.014040098,-5.8311e-05,358481
20150327,11:30:00.000,BBG000C4DPX1,0.0024353133,0.010422917,731835
20150327,11:30:00.000,BBG000C0MF34,0.010172056,0.00035728954,164053
20150327,11:30:00.000,BBG000QBR5J5,0.003785259,0.00035202608,791858
20150327,11:30:00.000,BBG000BCVJ77,-0.0017991668,0.0030138558,482702
20150327,11:30:00.000,BBG000QX74T1,0.00025481882,0.0016689969,117880
20150327,11:30:00.000,BBG000BBDV81,0.0017720404,0.0048779706,689840
20150327,11:30:00.000,BBG000HCJMF9,-0.0036392575,-0.0081817135,549756
20150327,11:30:00.000,BBG000C46HM9,-0.0030321581,0.0041098036,570261
20150327,11:30:00.000,BBG000BGPTV6,-0.00055054436,-0.0017913365,315845
20150327,11:30:00.000,BBG000BRD0D8,0.00060917425,-0.0034597472,888797
20150327,11:30:00.000,BBG000BGJRC8,-0.004133015,-0.011423496,2368503
20150327,11:30:00.000,BBG000DHSPT0,0.008860314,0.006318535,458552
20150327,11:30:00.000,BBG000J6XT05,-0.004419145,0.0033824975,1997275
20150327,11:30:00.000,BBG000BH3GZ2,-0.002190286,-0.0028640376,592957
20150327,11:30:00.000,BBG000BTR593,0.0034314103,-0.010650013,1540983
20150327,11:30:00.000,BBG000B9ZXB4,0.00017008063,0.006665611,848213
20150327,11:30:00.000,BBG000BL4504,-0.0069339694,-0.02177661,8779466
20150327,11:30:00.000,BBG000BNBDC2,-0.0049385084,0.0018378044,935257
20150327,11:30:00.000,BBG000C734W3,-0.000792744,0.01936988,258030
20150327,11:30:00.000,BBG000BWLMJ4,0.0040810215,0.01255455,1294443
20150327,11:30:00.000,BBG000H556T9,0.003271706,0.0030834042,709146
20150327,11:30:00.000,BBG000BVPPM1,-0.0042944783,0.003016879,358113
20150327,11:30:00.000,BBG000BCG930,0.008090795,0.016968088,558157
20150327,11:30:00.000,BBG000BJF1Z8,-0.006769558,-0.0035043114,242061
20150327,11:30:00.000,BBG000BND699,0.0070184716,0.009180085,1993983
20150327,11:30:00.000,BBG000BD4VG8,-0.00023994352,-0.0041362015,575075
20150327,11:30:00.000,BBG000BC2C10,-0.00031072725,-0.008357874,1222947
20150327,11:30:00.000,BBG000NV1KK7,-0.0028152252,0.0034095896,1307022
20150327,11:30:00.000,BBG000BLZRJ2,0.003132426,0.0028087057,2862314
20150327,11:30:00.000,BBG000F6H8W8,-0.0023500253,0.0040973406,431460
20150327,11:30:00.000,BBG000BMY992,-0.003333989,0.006833154,696722
20150327,11:30:00.000,BBG000BT9DW0,0.008712046,0.012801294,2022458
20150327,11:30:00.000,BBG000PX3XC0,-0.0053927735,-0.026962783,3742968
20150327,11:30:00.000,BBG000BWXBC2,-0.008308426,-0.0042749178,1454296
20150327,11:30:00.000,BBG000BB6KF5,0.0012036894,-0.0025698515,1186389
20150327,11:30:00.000,BBG000FFDM15,-0.0013510202,-0.0042981505,1577860
20150327,11:30:00.000,BBG000KLB4Q1,0.03347697,0.040791135,5209743
20150327,11:30:00.000,BBG001DCCGR8,-0.0054980367,-0.003419238,373319
20150327,11:30:00.000,BBG000BVV7G1,0.0011941679,0.0010756383,1056354
20150327,11:30:00.000,BBG000BHGDH5,-0.0008189605,0.011163018,1031773
20150327,11:30:00.000,BBG000BWVCP8,0.010087311,0.0065973466,1448050
20150327,11:30:00.000,BBG000C15T95,-0.0069718985,-0.0047592376,639251
20150327,11:30:00.000,BBG000D4LWF6,-0.003272334,0.0020040998,4361042
20150327,11:30:00.000,BBG000B9WH86,0.0053055105,-0.010088964,5658720
20150327,11:30:00.000,BBG000Q9HH23,-0.0059023364,-0.0014658413,211531
20150327,11:30:00.000,BBG00286S4N9,0.0022110562,-0.001019872,432021
20150327,11:30:00.000,BBG000BHX7N2,0.0011608404,-0.0005311,808441
20150327,11:30:00.000,BBG000L9CV04,-0.0044129267,0.00036215552,901185
20150327,11:30:00.000,BBG000BH13K9,0.00083114154,0.00083631626,1580914
20150327,11:30:00.000,BBG000FG3C43,-0.0068035275,-0.017523404,5250663
20150327,11:30:00.000,BBG000C496P7,0.009458981,0.0092622,1301595
20150327,11:30:00.000,BBG000BXRPH1,0.0052898764,-0.004968,495751
20150327,11:30:00.000,BBG000BNJHS8,-0.0036131525,0.016676748,2024967
20150327,11:30:00.000,BBG000BBPFB9,-0.00085918023,-0.0013389601,7583032
20150327,11:30:00.000,BBG000WCFV84,-0.0074641304,-0.013145299,1364826
20150327,11:30:00.000,BBG0019JZ882,0.0045371586,0.005328414,1761900
20150327,11:30:00.000,BBG000H89QJ6,-0.0024429986,-0.0010812138,471228
20150327,11:30:00.000,BBG000BFWKC0,0.006577211,0.0058353604,911515
20150327,11:30:00.000,BBG000C5HS04,-0.0042911205,0.0021138324,549594
20150327,11:30:00.000,BBG000BJX8C8,0.017069798,0.004495376,1625372
20150327,11:30:00.000,BBG000BNDN65,-0.0049055237,0.0065886765,1027104
20150327,11:30:00.000,BBG000BP52R2,0.0005827774,0.00501284,430737
20150327,11:30:00.000,BBG000M65M61,0.012297545,0.030713959,1721807
20150327,11:30:00.000,BBG000BP6LJ8,-0.0015225117,0.0046002883,1966505
20150327,11:30:00.000,BBG000F0PF65,0.0018266013,0.0070785577,591721
20150327,11:30:00.000,BBG000H8TVT2,0.0025912176,0.009571127,841481
20150327,11:30:00.000,BBG000DQLV23,-0.0013348396,0.007230726,1410568
20150327,11:30:00.000,BBG000BHBK84,0.043890122,0.04414692,9186471
20150327,11:30:00.000,BBG000DLFM21,-0.013211805,0.00062977726,419512
20150327,11:30:00.000,BBG000BJDB15,-0.011607815,-0.035888754,8104424
20150327,11:30:00.000,BBG000CTQBF3,-0.0025320118,0.0025243415,1413143
20150327,11:30:00.000,BBG000BQQ2S6,-0.0008642473,-0.008275418,882213
20150327,11:30:00.000,BBG000BHVJJ3,-0.0122839855,-0.018586598,10714605
20150327,11:30:00.000,BBG000F1ZSQ2,-0.008898969,-0.008812224,1264749
20150327,11:30:00.000,BBG000BQPC32,0.0033981188,0.0012498596,12041436
20150327,11:30:00.000,BBG000C43RR5,0.005431022,0.0046941685,1984706
20150327,11:30:00.000,BBG000CH5208,0.00016277723,0.00812634,639586
20150327,11:30:00.000,BBG000J2XL74,-0.00042990578,0.0013098636,1268009
20150327,11:30:00.000,BBG000BC40Y8,-0.0055869054,-0.011834204,732630
20150327,11:30:00.000,BBG000KHWT55,-0.012577747,-0.019365227,5676185
20150327,11:30:00.000,BBG000BW8S60,0.0034474477,0.006935272,783033
20150327,11:30:00.000,BBG000BZ9223,-0.0038127447,-0.010563223,725991
20150327,11:30:00.000,BBG000DWYF03,-9.377327e-05,0.0017675858,2578169
20150327,11:30:00.000,BBG000BBGGQ1,-0.01077552,-0.008206324,1718180
20150327,11:30:00.000,BBG000BBDZG3,0.00266947,0.00036914047,1751590
20150327,11:30:00.000,BBG000BQLTW7,-0.0055001834,-0.007444556,5124647
20150327,11:30:00.000,BBG000NDYB67,-0.0011060294,-0.0018740745,3284908
20150327,11:30:00.000,BBG000C6CFJ5,0.0042537167,0.0031757015,542535
20150327,11:30:00.000,BBG000BGRY34,-0.0060254633,0.0037251431,1069740
20150327,11:30:00.000,BBG000DH7JK6,-0.0013920364,0.0030327723,1207628
20150327,11:30:00.000,BBG000BW3299,0.002891024,-0.0022183084,2274886
20150327,11:30:00.000,BBG000DWG505,0.0019174693,0.0018176174,914569
20150327,11:30:00.000,BBG000BF0K17,0.0011402944,-0.006760535,2440139
20150327,11:30:00.000,BBG000R7Z112,0.0020489232,0.01837335,2778282
20150327,11:30:00.000,BBG000BCSST7,-0.0049659307,-0.000742773,790296
20150327,11:30:00.000,BBG000BQQH30,-0.0024438407,-0.008378741,1314555
20150327,11:30:00.000,BBG000BCQZS4,-0.001167234,-0.006879124,2812317
20150327,11:30:00.000,BBG000BMX289,-0.007307992,-0.0029739498,4911884
20150327,11:30:00.000,BBG000BNWG87,0.0017960683,0.009005156,1402190
20150327,11:30:00.000,BBG000BBS2Y0,-0.008006844,0.01049369,678239
20150327,11:30:00.000,BBG000BH4R78,-0.00018530004,0.0063649095,2374870
20150327,11:30:00.000,BBG005P7Q881,0.0039788256,0.023602735,3460026
20150327,11:30:00.000,BBG000BKZB36,0.00085227005,0.010499355,1235727
20150327,11:30:00.000,BBG000GFFQN9,0.015399146,0.015064846,11233228
20150327,11:30:00.000,BBG0025Y4RY4,0.0022192162,0.006108471,1958532
20150327,11:30:00.000,BBG000BFC8J2,-0.006830441,0.013937065,2173454
20150327,11:30:00.000,BBG000H6HNW3,0.0024754738,0.0076111406,7217719
20150327,11:30:00.000,BBG000BNSZP1,-0.0050120126,-0.003488987,1204922
20150327,11:30:00.000,BBG000N9MNX3,-0.02929431,-0.028859314,3049036
20150327,11:30:00.000,BBG000BPD168,0.0017945505,0.007812679,1864518
20150327,11:30:00.000,BBG000BKTFN2,0.004932637,-0.0062535172,3503862
20150327,11:30:00.000,BBG000C17X76,-0.004865752,0.014018008,688475
20150327,11:30:00.000,BBG000BR2TH3,-0.003210306,0.0034084625,1692346
20150327,11:30:00.000,BBG000PSKYX7,-0.006512563,-0.004418673,2282710
20150327,11:30:00.000,BBG000BT41Q8,0.005894686,-0.004207547,1585085
20150327,11:30:00.000,BBG000C5Z1S3,-0.007209592,-0.012751449,10145415
20150327,11:30:00.000,BBG000BLNNH6,-0.00016215743,-0.004483065,969073
20150327,11:30:00.000,BBG000BFT2L4,0.004491006,0.0078704525,4567857
20150327,11:30:00.000,BBG000CGC1X8,0.0014472824,0.00014920627,2694570
20150327,11:30:00.000,BBG000HS77T5,0.006654175,0.004543454,3335352
20150327,11:30:00.000,BBG000C3J3C9,0.00044037192,0.0025839605,6584817
20150327,11:30:00.000,BBG000FH8PX5,-0.0014192347,0.010037118,690375
20150327,11:30:00.000,BBG000BLBVN4,-0.0036629133,-0.0016214831,199483
20150327,11:30:00.000,BBG000BSJK37,0.0011236671,-0.0015232493,5487741
20150327,11:30:00.000,BBG000CL9VN6,-0.017136427,-0.013129236,1091693
20150327,11:30:00.000,BBG000BVPV84,0.006675422,0.011938767,917000
20150327,11:30:00.000,BBG000K4ND22,0.001211869,-0.0068399645,1563725
20150327,11:30:00.000,BBG000BWQFY7,-0.0005956331,-0.0038543798,3757247
20150327,11:30:00.000,BBG002W96FT9,-0.005702561,-0.0075641964,668928
20150327,11:30:00.000,BBG000BMHYD1,-0.00012617465,0.0052939244,1313458
20150327,11:30:00.000,BBG000BR2B91,0.00050081155,0.00877815,6959555
20150327,11:30:00.000,BBG000BK6MB5,8.345055e-05,0.0020151115,7516978
20150327,11:30:00.000,BBG000FY4S11,0.005455173,-2.925688e-07,6507687
20150327,11:30:00.000,BBG000DMBXR2,0.0056014475,0.0021831526,3703054
20150327,11:30:00.000,BBG000C0G1D1,0.0073351,0.0039881957,9546772
20150327,11:30:00.000,BBG000BHSKN9,-0.0074464576,-0.00675107,621424
20150327,11:30:00.000,BBG000CKGBP2,-0.012506504,0.007025083,2882458
20150327,11:30:00.000,BBG000GZQ728,-0.0018013931,-0.0059300456,3172597
20150327,11:30:00.000,BBG000BPH459,-0.003508478,-0.0050961007,10503122
20150327,11:30:00.000,BBG000BCTLF6,-0.0027204847,-0.0058347224,34150160
20150327,11:30:00.000,BBG000MM2P62,-0.0024349156,0.0023486875,8631976
20150327,11:30:00.000,BBG000B9XRY4,-0.005232765,-0.0037016033,14380971
20150327,11:45:00.000,BBG000CNZC55,-0.007618668,0.0010828655,1741788
20150327,11:45:00.000,BBG000FH5YM1,-0.00031883622,0.0013725329,2081966
20150327,11:45:00.000,BBG000BLM0V1,-0.004377041,-0.002389784,293338
20150327,11:45:00.000,BBG000HGYNZ9,-0.00809421,-0.019757386,968267
20150327,11:45:00.000,BBG000BF6RQ9,0.0021635161,0.020563493,278241
20150327,11:45:00.000,BBG000BFV115,0.0014284261,-0.011257418,407647
20150327,11:45:00.000,BBG0015XMW40,0.014142829,0.010475678,160592
20150327,11:45:00.000,BBG000FBMY72,-0.00862996,-0.020157062,901447
20150327,11:45:00.000,BBG000BDWKC5,0.009627252,0.009423908,662124
20150327,11:45:00.000,BBG000G6BN50,0.0066737807,0.0048015034,98623
20150327,11:45:00.000,BBG000BLDV98,-0.008816453,0.00031268006,540920
20150327,11:45:00.000,BBG000R0L5J4,-0.0004903597,-0.0064548,229222
20150327,11:45:00.000,BBG006NV2Q11,0.0055032116,0.0009469168,571261
20150327,11:45:00.000,BBG000BC2R71,0.0041124863,-0.0024209793,409205
20150327,11:45:00.000,BBG000BN1XR3,0.0025007585,0.00507729,181085
20150327,11:45:00.000,BBG000GPXKX9,-0.0067367684,-0.0043314635,140007
20150327,11:45:00.000,BBG000DV7MX4,-0.0027379133,-7.793227e-08,1865527
20150327,11:45:00.000,BBG000BGRKT6,-0.006528649,-0.001398486,158215
20150327,11:45:00.000,BBG000BB5BF6,-0.016167406,-0.013154566,3165694
20150327,11:45:00.000,BBG000BVB8Q0,-0.00026357963,-0.0026262593,5267923
20150327,11:45:00.000,BBG000DGPR66,0.010673458,0.015032931,479871
20150327,11:45:00.000,BBG000BQ74K1,-0.0043346733,-0.005745642,154468
20150327,11:45:00.000,BBG000RNTSX0,-0.000629793,0.005766424,139632
20150327,11:45:00.000,BBG000N746D6,0.010350801,0.009834039,1164522
20150327,11:45:00.000,BBG000CR90K4,0.022351472,0.018269472,16402094
20150327,11:45:00.000,BBG000BVL2G3,0.00689144,-0.00087182136,512225
20150327,11:45:00.000,BBG000BPQVR5,-0.008655908,-0.009670261,138400
20150327,11:45:00.000,BBG000CB8Q50,0.004801551,0.006262469,170380
20150327,11:45:00.000,BBG000D42FJ0,0.00042889058,-0.016236495,828621
20150327,11:45:00.000,BBG003641015,-0.003019739,-0.0012196687,581555
20150327,11:45:00.000,BBG000CPHYL4,0.007889992,0.0059465547,527829
20150327,11:45:00.000,BBG000BKL348,0.0057553956,0.006984683,130665
20150327,11:45:00.000,BBG000BMF5J0,-0.0036518516,0.0039239973,2047984
20150327,11:45:00.000,BBG000BCHG15,0.0058440636,0.007634497,131015
20150327,11:45:00.000,BBG000BJKPG0,-0.0037513205,-0.0015941476,155114
20150327,11:45:00.000,BBG000HS74G6,-0.004695342,-0.011030741,460200
20150327,11:45:00.000,BBG000BVHBM1,-0.0074600703,0.0059976517,422172
20150327,11:45:00.000,BBG002PHSYX9,-0.009036412,-0.008785361,371464
20150327,11:45:00.000,BBG000D2ZTS8,-0.0067041125,0.0035855216,537521
20150327,11:45:00.000,BBG000BGYMH7,-0.0028614805,-0.005521145,240088
20150327,11:45:00.000,BBG000PV2L86,0.00025576114,0.011689325,291995
20150327,11:45:00.000,BBG000FQ6PY6,0.005233821,0.0014984381,363754
20150327,11:45:00.000,BBG000R06BX2,0.0011569774,0.0023251958,640740
20150327,11:45:00.000,BBG000BCWKD6,-0.0006018037,-0.0021989609,829162
20150327,11:45:00.000,BBG000CPBCL8,-0.00023158599,-0.0096183,239887
20150327,11:45:00.000,BBG000B9X8C0,0.0021895838,0.012214509,597297
20150327,11:45:00.000,BBG000BDY3Y7,-0.0047849203,-0.0068798284,216713
20150327,11:45:00.000,BBG001XJRMF5,-0.011225583,-0.021135787,643985
20150327,11:45:00.000,BBG000BJ26K7,0.018744944,0.011275642,686070
20150327,11:45:00.000,BBG000BQ87N0,-0.0015916233,0.009718647,296243
20150327,11:45:00.000,BBG000C37332,0.0034582056,-0.0018500069,265547
20150327,11:45:00.000,BBG000C4ZZ10,0.004285141,0.006928352,318570
20150327,11:45:00.000,BBG000BPNP00,0.0036123944,0.0029492995,390996
20150327,11:45:00.000,BBG000BXBHJ4,-0.0056645432,-0.012786559,497478
20150327,11:45:00.000,BBG000FDBX90,0.00320258,0.00538433,998406
20150327,11:45:00.000,BBG000BKNX95,-0.0008521518,-0.0015303196,464049
20150327,11:45:00.000,BBG000BV4XJ1,0.0015815404,0.026895821,171708
20150327,11:45:00.000,BBG000MQ1SN9,0.001280094,0.0026516088,254352
20150327,11:45:00.000,BBG000KBQZ88,-0.010762075,-0.007544576,392001
20150327,11:45:00.000,BBG000BXNJ07,-0.0044507473,-0.0042470484,2241466
20150327,11:45:00.000,BBG000DLVDK3,0.00107436,-0.009943335,749224
20150327,11:45:00.000,BBG000BB03M1,0.0218586,0.0057164785,499614
20150327,11:45:00.000,BBG000BWGYF8,-0.00024809263,0.0010710234,171006
20150327,11:45:00.000,BBG000BPZBB6,0.018616041,0.022198847,697659
20150327,11:45:00.000,BBG000JKCWS0,0.0028535193,-0.009988622,230701
20150327,11:45:00.000,BBG000BNPSQ9,0.035104547,0.0694471,621830
20150327,11:45:00.000,BBG000C060M4,-0.0008203631,-0.004368322,53178
20150327,11:45:00.000,BBG000BFDLV8,0.0052767755,0.012166339,292051
20150327,11:45:00.000,BBG000C2V3D6,0.00051848707,0.0073876143,372721
20150327,11:45:00.000,BBG000BC9938,6.2456274e-05,-0.0051056016,265732
20150327,11:45:00.000,BBG000C22QV7,-0.0029745593,0.001887192,321497
20150327,11:45:00.000,BBG000BMTFR4,-0.0046606176,-0.0032511924,683639
20150327,11:45:00.000,BBG000BKTT89,-0.0018687737,0.0026312657,108686
20150327,11:45:00.000,BBG000BWXL85,0.0060254284,0.006037814,927451
20150327,11:45:00.000,BBG0014GG205,0.0060883663,-0.0025275366,1109221
20150327,11:45:00.000,BBG000BGFZR8,0.0045048706,0.004910637,632378
20150327,11:45:00.000,BBG000V31J96,0.007855099,0.015323859,1084799
20150327,11:45:00.000,BBG000BNNKG9,-0.004004488,0.001739798,535531
20150327,11:45:00.000,BBG000BSSC44,-0.005875773,-0.013163993,437958
20150327,11:45:00.000,BBG000BSY3K9,-0.004691463,0.00043478407,246380
20150327,11:45:00.000,BBG000BPMH90,-0.0041677686,-0.0100284135,338974
20150327,11:45:00.000,BBG000BX5ZF5,-0.0102345105,-0.013288282,1919949
20150327,11:45:00.000,BBG000BR37X2,0.005389489,0.0018562032,689907
20150327,11:45:00.000,BBG000C9F2F9,-0.025814002,-0.0012712886,583477
20150327,11:45:00.000,BBG000D9KWL9,0.008688211,0.0029006372,345116
20150327,11:45:00.000,BBG000PLXQQ3,-0.0041317563,0.00047705515,199276
20150327,11:45:00.000,BBG000HZFZX3,-0.005189462,0.0009322338,266846
20150327,11:45:00.000,BBG000BDXGP9,0.023419203,0.032234766,1332432
20150327,11:45:00.000,BBG000BB29X4,0.0021844062,0.011138625,286625
20150327,11:45:00.000,BBG001C7TST4,-0.007006827,-0.0041961907,410478
20150327,11:45:00.000,BBG000BMKDM3,-0.0031512226,0.0035715804,468885
20150327,11:45:00.000,BBG000FFH4P5,0.0011380325,0.00035277943,301584
20150327,11:45:00.000,BBG000C75N77,0.0031825865,-0.0065508382,263322
20150327,11:45:00.000,BBG000C221G9,-0.008691964,-0.0077967993,370175
20150327,11:45:00.000,BBG000BKXFN7,0.00096630043,-0.020948399,897388
20150327,11:45:00.000,BBG000BWP7D9,0.0035151057,0.015146906,437468
20150327,11:45:00.000,BBG000DY8ZS4,-0.015417222,-0.027766703,1793364
20150327,11:45:00.000,BBG000BFL116,0.0033357663,-0.0032704778,575199
20150327,11:45:00.000,BBG000BKLH74,0.0077299094,0.007076345,918806
20150327,11:45:00.000,BBG000BS9489,-0.0039512706,0.001561012,169840
20150327,11:45:00.000,BBG000BP8Z50,-0.009915509,-0.010622668,528106
20150327,11:45:00.000,BBG000BS7KS3,0.008065855,0.00852012,447393
20150327,11:45:00.000,BBG000BMZ7P7,0.0041561825,-0.0031989948,325524
20150327,11:45:00.000,BBG000FBK808,-0.037009284,-0.055520676,3103241
20150327,11:45:00.000,BBG000R8ZVD1,-0.018602736,-0.013366795,1434111
20150327,11:45:00.000,BBG000BLMZK6,-0.0036052521,0.011020839,487423
20150327,11:45:00.000,BBG000BQSQ38,0.0066480404,0.008161024,513575
20150327,11:45:00.000,BBG000BBL0Y1,-0.0071776425,0.012617056,395418
20150327,11:45:00.000,BBG001QZCPJ2,0.018882368,0.028090477,817633
20150327,11:45:00.000,BBG000CVWGS6,0.007995763,0.0106789535,1125453
20150327,11:45:00.000,BBG000BCNYT9,0.010085137,-4.3300565e-07,3167570
20150327,11:45:00.000,BBG000PVRDL2,0.009009269,-0.0020346583,1441289
20150327,11:45:00.000,BBG000BJQWD2,-0.0023157336,-0.0023226477,256847
20150327,11:45:00.000,BBG000C9W1Y1,0.0010140752,0.00054300955,780844
20150327,11:45:00.000,BBG000BJ49H3,0.0071021044,0.0050713653,409787
20150327,11:45:00.000,BBG000BFVXX0,-0.004321294,0.0082125375,1130115
20150327,11:45:00.000,BBG000FLZN98,-0.0017412462,0.0027204233,125547
20150327,11:45:00.000,BBG000FLPRH1,0.010950489,0.005395688,670246
20150327,11:45:00.000,BBG000BYWTX7,-0.0017834851,-0.0040095164,2513886
20150327,11:45:00.000,BBG000BY33P5,-0.0006931984,0.00044795408,1359747
20150327,11:45:00.000,BBG000BBB3K1,0.00422706,0.010389758,754185
20150327,11:45:00.000,BBG000DN7P92,0.009971492,0.014912547,415830
20150327,11:45:00.000,BBG000BBMSJ6,0.0042296094,0.0023140432,576576
20150327,11:45:00.000,BBG000BH2JM1,-0.0021605124,-0.0038644134,1682319
20150327,11:45:00.000,BBG000BFS7D3,-0.004038181,0.0025990484,150183
20150327,11:45:00.000,BBG000CKVSG8,-0.015358685,-0.02516916,945829
20150327,11:45:00.000,BBG000BB6G37,-0.0027878836,-0.0032223267,637209
20150327,11:45:00.000,BBG000BM7HL0,0.0018159606,0.0028102244,373641
20150327,11:45:00.000,BBG000BCYP43,-0.002600579,0.004170376,157072
20150327,11:45:00.000,BBG000BV75B7,0.00079334964,-0.0023752286,351869
20150327,11:45:00.000,BBG000TWC2V5,-0.0031633277,0.0036757467,169539
20150327,11:45:00.000,BBG000BLW530,0.0038580673,-0.0010895161,589820
20150327,11:45:00.000,BBG000BKWSR6,-0.00053592806,-0.003678742,2097624
20150327,11:45:00.000,BBG000C2YHG9,0.0029927236,0.007322263,418286
20150327,11:45:00.000,BBG000BRQ6L2,0.006468914,0.028609991,2595746
20150327,11:45:00.000,BBG000BQHGR6,0.0053642467,0.0024382682,462353
20150327,11:45:00.000,BBG000BN9WT5,0.00182504,-0.00065770396,434433
20150327,11:45:00.000,BBG000BVWLJ6,-0.0074194055,-0.006325435,286571
20150327,11:45:00.000,BBG000BKQ3V3,-0.016133474,-0.03978026,3629947
20150327,11:45:00.000,BBG000H0QBS7,-0.00054254103,0.006585614,644147
20150327,11:45:00.000,BBG000H4YVR7,0.0058898893,0.034400955,290084
20150327,11:45:00.000,BBG000PYZSR8,-0.0062423516,-0.00044055993,151798
20150327,11:45:00.000,BBG007TJF1N7,0.005606775,0.0114656305,1162796
20150327,11:45:00.000,BBG000C2ZCH8,0.005089676,0.01670618,707253
20150327,11:45:00.000,BBG000BTCH57,-0.0071644285,-0.0018466561,414138
20150327,11:45:00.000,BBG000BR54L0,0.00093260995,0.013014292,1062519
20150327,11:45:00.000,BBG000BB5373,0.003694923,0.005158301,1619064
20150327,11:45:00.000,BBG000BHZ5J9,0.008200347,0.0016888138,273203
20150327,11:45:00.000,BBG000CXD6X9,0.0049870815,0.012958639,348334
20150327,11:45:00.000,BBG000BKZTP3,0.00814233,0.0027499627,419641
20150327,11:45:00.000,BBG000BB1TH9,-0.005024175,-0.01539792,239551
20150327,11:45:00.000,BBG000D5S4M0,0.015581338,0.01844992,239430
20150327,11:45:00.000,BBG000BN84F3,-0.0047127744,-0.0032297513,795034
20150327,11:45:00.000,BBG000HW5GX3,-0.005827164,-0.013731669,776565
20150327,11:45:00.000,BBG000CHPY97,-0.011507213,-0.024422463,2147791
20150327,11:45:00.000,BBG000D2M0Z7,-0.0032791886,-0.0011741039,776462
20150327,11:45:00.000,BBG000BF1R66,0.007486786,0.0042553092,462061
20150327,11:45:00.000,BBG000BJ8YN7,0.0032650842,-0.0043403995,554655
20150327,11:45:00.000,BBG000G9CGL0,0.01086183,0.020929782,198983
20150327,11:45:00.000,BBG000BQ8KV2,-0.004881049,-0.011386509,507348
20150327,11:45:00.000,BBG000BVMPN3,0.0038015638,-0.0004925243,295264
20150327,11:45:00.000,BBG000BGD7W6,-0.0039952532,0.0053363284,288097
20150327,11:45:00.000,BBG000BC15S7,0.00045510053,-0.0011462397,395585
20150327,11:45:00.000,BBG000Q2HM09,0.02314944,0.018269075,555768
20150327,11:45:00.000,BBG000BQVTF5,-0.005418788,-0.0070612365,306717
20150327,11:45:00.000,BBG000VC0T95,-0.0010544185,0.0028563559,392985
20150327,11:45:00.000,BBG000F86GP6,0.0015687104,0.0029876414,208332
20150327,11:45:00.000,BBG000BWVSR1,-0.0009599249,0.0026214963,365712
20150327,11:45:00.000,BBG000BX8DC4,0.007550963,0.0112606855,422379
20150327,11:45:00.000,BBG000BHCP19,0.0017037588,0.0014522332,366913
20150327,11:45:00.000,BBG000BK6G19,0.0074031665,0.0011683329,626102
20150327,11:45:00.000,BBG000RGM5P1,-0.011168321,-0.007506011,314653
20150327,11:45:00.000,BBG000BF5RY1,0.0010107198,0.003432027,591966
20150327,11:45:00.000,BBG000BP4MH0,-0.00042641687,-2.702793e-07,540551
20150327,11:45:00.000,BBG000D8RG11,-0.007478534,-0.0008112813,772821
20150327,11:45:00.000,BBG000FP1N32,-0.0056388117,-0.014066182,1360501
20150327,11:45:00.000,BBG000BLHRS2,0.0009526836,0.008218115,270463
20150327,11:45:00.000,BBG000TJM7F0,-0.007466818,-0.00088445714,496413
20150327,11:45:00.000,BBG000J1QLT0,-0.008104832,0.00013006074,185479
20150327,11:45:00.000,BBG000BBBNC6,0.0015493828,-0.0022041653,438282
20150327,11:45:00.000,BBG000BY2Y78,0.0014587495,-0.0012527007,705516
20150327,11:45:00.000,BBG000BM6788,-0.006880608,-0.002075599,419848
20150327,11:45:00.000,BBG000C1FQS9,0.00031447044,0.008560328,166129
20150327,11:45:00.000,BBG000BBJQV0,-0.002610066,-0.0038166395,1760264
20150327,11:45:00.000,BBG000BTQR96,0.00288577,0.005851471,319807
20150327,11:45:00.000,BBG000CXYSZ6,0.014629716,0.013186573,221543
20150327,11:45:00.000,BBG000BB5792,0.040820226,0.054789133,2965817
20150327,11:45:00.000,BBG000BNGTQ7,-0.0023367878,0.005191762,261380
20150327,11:45:00.000,BBG000BZTW70,-0.00956713,-0.030825343,2693955
20150327,11:45:00.000,BBG000G0Z878,-0.0027629628,-0.004508633,704724
20150327,11:45:00.000,BBG000BFNR17,0.0044459887,0.004607999,85185
20150327,11:45:00.000,BBG002BHBHM1,0.0102690235,0.02556085,323404
20150327,11:45:00.000,BBG000BC4JJ4,-0.0029632824,-0.001951822,206045
20150327,11:45:00.000,BBG000F15NW9,0.0062761777,0.010233892,174061
20150327,11:45:00.000,BBG000BKR1D6,0.006031289,-0.0005550203,104840
20150327,11:45:00.000,BBG000BCTQ65,-0.007044444,0.0029167128,3024237
20150327,11:45:00.000,BBG000BNNYW1,-0.0021335976,-0.0039549177,2876073
20150327,11:45:00.000,BBG000BBCDZ2,-0.0054142936,-0.0043654535,453201
20150327,11:45:00.000,BBG000BRK7L6,0.007582741,-0.004775553,1483894
20150327,11:45:00.000,BBG000DQTXY6,0.0041909916,0.017237922,1014490
20150327,11:45:00.000,BBG000BRXP69,-0.0020051543,0.007435607,173408
20150327,11:45:00.000,BBG000BL9JQ1,-0.009923136,-0.013325333,470957
20150327,11:45:00.000,BBG000DTMH63,-0.005894346,-0.02725745,1694370
20150327,11:45:00.000,BBG000BJPDZ1,0.00081263785,0.0048988573,102839
20150327,11:45:00.000,BBG000BXWBN9,0.00021639958,0.007651087,650446
20150327,11:45:00.000,BBG000C2PW58,0.0010890366,0.00096684956,123791
20150327,11:45:00.000,BBG000D13GN8,-0.0042384616,-0.0053288294,289848
20150327,11:45:00.000,BBG000BB6M98,-0.00048810124,0.0005758198,659861
20150327,11:45:00.000,BBG000BGYWY6,0.0029094622,0.015579083,198403
20150327,11:45:00.000,BBG000BHB3M6,0.008979314,0.0071216375,467067
20150327,11:45:00.000,BBG000G3QLY3,-0.0027375617,-0.004183104,264569
20150327,11:45:00.000,BBG000BSBZH7,-0.0016819468,0.003421526,299325
20150327,11:45:00.000,BBG000F7RCJ1,-0.00518588,0.0071605123,260595
20150327,11:45:00.000,BBG0039320N9,-0.007020363,0.0028194303,858489
20150327,11:45:00.000,BBG000BTZQC4,-0.01657015,-0.019198585,1516420
20150327,11:45:00.000,BBG001M8HHB7,-8.944685e-05,0.0012561069,299847
20150327,11:45:00.000,BBG000CZWZ05,0.09073665,0.120991655,3963606
20150327,11:45:00.000,BBG000QY3XZ2,0.007879847,0.01083485,312349
20150327,11:45:00.000,BBG000BHLYP4,-0.0057229297,-0.0026373942,492485
20150327,11:45:00.000,BBG000CHWP52,0.01632947,0.010991284,1415156
20150327,11:45:00.000,BBG000QFJ7H3,0.007990853,-0.011311515,3066824
20150327,11:45:00.000,BBG000BFTJ91,0.0025650256,0.0055693868,563911
20150327,11:45:00.000,BBG000BZ2GG4,0.0073452615,-0.0036832122,459136
20150327,11:45:00.000,BBG000FKJRC5,-0.0041537276,0.0038248827,361475
20150327,11:45:00.000,BBG000BKPL53,0.008795902,0.013270034,530501
20150327,11:45:00.000,BBG000BNC3Y9,-0.0068940185,-0.009820017,222288
20150327,11:45:00.000,BBG000BNFLM9,0.0043343194,0.005973563,1108258
20150327,11:45:00.000,BBG000BWCKB6,-0.004440085,0.0029781589,261501
20150327,11:45:00.000,BBG000BR14K5,0.0027398276,0.00085881946,368958
20150327,11:45:00.000,BBG0014GJCT9,0.011149196,0.024056334,652442
20150327,11:45:00.000,BBG000BRRG02,-0.014104273,-0.01673813,829377
20150327,11:45:00.000,BBG000BP1Q11,-0.005678966,-0.0008638068,415702
20150327,11:45:00.000,BBG000P1F8Q7,-0.014050006,0.00045526683,346873
20150327,11:45:00.000,BBG000BCVMH9,-0.005618148,-0.012048145,376097
20150327,11:45:00.000,BBG000D7RKJ5,0.005053756,0.014842146,467795
20150327,11:45:00.000,BBG000FNRZ69,0.020420851,0.008247149,1590554
20150327,11:45:00.000,BBG000BTKGG8,0.0027118924,-0.002702101,717544
20150327,11:45:00.000,BBG001QD41M9,-0.0039929184,0.00013041936,354971
20150327,11:45:00.000,BBG000D9DMK0,0.004283932,0.006756748,434945
20150327,11:45:00.000,BBG000BH5DV1,-0.0042263316,-0.0019600755,343454
20150327,11:45:00.000,BBG000BMQPL1,-0.0054216655,-0.009897054,3556637
20150327,11:45:00.000,BBG000BMDV41,-0.0024750286,-0.0018289572,448183
20150327,11:45:00.000,BBG000BQZMH4,0.00095651497,0.010685436,569558
20150327,11:45:00.000,BBG000BS0ZF1,-0.0048997193,-0.010265056,177345
20150327,11:45:00.000,BBG000BGLRN3,-0.0056084697,-0.009544232,976721
20150327,11:45:00.000,BBG000C0F570,-0.0017719084,-0.004251396,1021247
20150327,11:45:00.000,BBG000D6L294,-0.00573633,-0.0108262105,237348
20150327,11:45:00.000,BBG000BM5SR2,0.0056838235,0.0033208772,627897
20150327,11:45:00.000,BBG000BYYLS8,0.0020319666,-0.001292887,1435063
20150327,11:45:00.000,BBG000BF6LY3,0.04593397,0.055586953,6589863
20150327,11:45:00.000,BBG000BCBCM7,-0.0034656455,0.0006247737,1739297
20150327,11:45:00.000,BBG000BJ2VQ6,0.008190344,-0.01659348,1259426
20150327,11:45:00.000,BBG000BJ98Z0,0.0036384752,0.0134427305,500637
20150327,11:45:00.000,BBG000BLCPY4,0.0044398233,-0.01787647,477604
20150327,11:45:00.000,BBG000D898T9,-0.0024168594,0.0033089065,399896
20150327,11:45:00.000,BBG000BMBL90,0.0019079477,0.004685553,570014
20150327,11:45:00.000,BBG000BSXQV7,-0.000102083344,0.0068705725,163862
20150327,11:45:00.000,BBG000FVXD63,0.014480359,0.002151644,677800
20150327,11:45:00.000,BBG000BVMGF2,-0.0006161158,-0.0014231995,440784
20150327,11:45:00.000,BBG000C11MQ5,-0.033900764,0.0020084193,298362
20150327,11:45:00.000,BBG000BPQD31,-0.0007852199,0.00436251,1747430
20150327,11:45:00.000,BBG000BB5006,-0.0039217416,-0.0018498921,693798
20150327,11:45:00.000,BBG000BHKYH4,-0.0020729322,-0.0015318051,283919
20150327,11:45:00.000,BBG000D1QCF1,-0.0009577397,-0.012703611,482744
20150327,11:45:00.000,BBG000CSY9H9,0.0050831917,0.012128637,630669
20150327,11:45:00.000,BBG000BRJ809,0.0016770747,0.0019198997,116110
20150327,11:45:00.000,BBG000CNFQW6,0.00020800745,0.00498791,217208
20150327,11:45:00.000,BBG000BXM6V2,-0.0013923963,0.008584686,538069
20150327,11:45:00.000,BBG000BCGY17,0.008228851,0.012750726,834686
20150327,11:45:00.000,BBG000DKCC19,-0.007720763,-0.0005238412,540005
20150327,11:45:00.000,BBG000BKCFC2,-0.0012974937,0.0063010366,1245906
20150327,11:45:00.000,BBG000BTVJ25,0.004475158,0.007654363,1252698
20150327,11:45:00.000,BBG000BN5HF7,-0.0032515128,0.0084993355,384622
20150327,11:45:00.000,BBG000Q3JN03,0.0047402494,-0.004294204,6286548
20150327,11:45:00.000,BBG0020B4JG7,0.0010891156,0.00585181,1560534
20150327,11:45:00.000,BBG000BR3KL6,0.006874753,0.0056661074,181259
20150327,11:45:00.000,BBG000BRWGG9,0.0024625068,0.01586344,6590279
20150327,11:45:00.000,BBG001LWHLJ8,-0.0031588248,-0.003239656,2394787
20150327,11:45:00.000,BBG000C7LMS8,0.008991747,0.021229055,120932
20150327,11:45:00.000,BBG000BPT0C6,0.01702206,0.005424087,1171507
20150327,11:45:00.000,BBG000BSD7C2,2.2663232e-06,0.0022974287,365979
20150327,11:45:00.000,BBG000BRJL00,-0.00063362427,0.008784138,1144287
20150327,11:45:00.000,BBG000C1FB75,0.0029219824,0.0060273507,151377
20150327,11:45:00.000,BBG000BJ3PD2,-0.0016351499,-0.0012751985,393159
20150327,11:45:00.000,BBG000BHLYS1,0.013971593,0.025682267,2430570
20150327,11:45:00.000,BBG000JWD753,-0.002349264,0.0010972,957862
20150327,11:45:00.000,BBG000BXMFC3,-0.0096064145,-0.015755503,1050978
20150327,11:45:00.000,BBG000CGQ6M4,0.0005676988,-0.0032764846,297981
20150327,11:45:00.000,BBG000DNTSP4,0.009111383,0.0022234786,1204217
20150327,11:45:00.000,BBG000BFXHL6,-0.012104816,-0.0126273995,1069835
20150327,11:45:00.000,BBG000BJL3N0,6.66268e-05,-0.0063255792,3170921
20150327,11:45:00.000,BBG000JG0547,-0.00076957163,0.002488199,429429
20150327,11:45:00.000,BBG000BWSV34,0.0011804096,0.008008076,147476
20150327,11:45:00.000,BBG000BB6WG8,0.003634397,0.006911136,865466
20150327,11:45:00.000,BBG000BCWCG1,-0.01504089,-0.005467655,1639363
20150327,11:45:00.000,BBG000BB9KF2,0.008078692,0.017529586,1066422
20150327,11:45:00.000,BBG000C3HSR0,-0.0033726834,-0.0003795093,396237
20150327,11:45:00.000,BBG000BFMBQ6,0.0074337134,0.01786367,484989
20150327,11:45:00.000,BBG000BP0KQ8,0.017685566,0.027462708,1343256
20150327,11:45:00.000,BBG000BQWPC5,-0.0069005825,0.00577881,545631
20150327,11:45:00.000,BBG001YMS0B8,0.042222116,0.049588144,13732349
20150327,11:45:00.000,BBG000C0LW92,0.00838537,0.017196974,2156316
20150327,11:45:00.000,BBG000MDCQC2,0.0033686648,0.009498951,529583
20150327,11:45:00.000,BBG000BK67C7,-0.0033192846,-0.0007063241,213235
20150327,11:45:00.000,BBG000BY29C7,0.011859691,0.014501767,828625
20150327,11:45:00.000,BBG000BSLZY7,0.013020549,0.0107505815,2070288
20150327,11:45:00.000,BBG000BLKK03,-0.0028985967,0.006012985,761883
20150327,11:45:00.000,BBG000C2BXK4,-0.0106393,-0.0042045005,4365230
20150327,11:45:00.000,BBG000BCZYD3,-0.00045693503,0.011208527,355711
20150327,11:45:00.000,BBG000R7RDB4,0.0056346185,-0.00071570615,335996
20150327,11:45:00.000,BBG000C3GN47,-0.0029351409,-0.007935361,1614399
20150327,11:45:00.000,BBG000BMW2Z0,-0.0027511967,0.0032445204,311197
20150327,11:45:00.000,BBG000BKFZM4,0.006263756,0.009348073,1756988
20150327,11:45:00.000,BBG000G2R6M0,-0.0012099523,-0.014527686,3382853
20150327,11:45:00.000,BBG000C1S2X2,-0.007639357,0.016579805,471142
20150327,11:45:00.000,BBG000F0KF42,-0.0008308443,-0.008594212,696837
20150327,11:45:00.000,BBG000CS7CT9,-0.008710367,0.0008668982,1042162
20150327,11:45:00.000,BBG000CPQZ77,-0.014294384,-0.006136102,1023572
20150327,11:45:00.000,BBG000C8H633,-0.008753295,-0.015539557,2004223
20150327,11:45:00.000,BBG000JH6683,0.012004888,0.04374886,1766558
20150327,11:45:00.000,BBG000BLBXT4,-0.0076439106,-0.001120201,1674174
20150327,11:45:00.000,BBG000BB07P9,0.008688922,-0.005308146,4244033
20150327,11:45:00.000,BBG000BX3TD3,-0.0017756174,-0.02054385,2026268
20150327,11:45:00.000,BBG000F80SZ5,-0.0017928428,0.0050477493,2133157
20150327,11:45:00.000,BBG000BKFBD7,9.6468735e-05,-0.0034610126,634182
20150327,11:45:00.000,BBG000BPWXK1,0.018294305,0.006770826,2304369
20150327,11:45:00.000,BBG000BH5LT6,-0.020181986,-0.046359837,4289520
20150327,11:45:00.000,BBG000BBD070,-0.0066149905,-0.01517035,438804
20150327,11:45:00.000,BBG000BWJFZ4,-0.011836034,-0.010368347,138178
20150327,11:45:00.000,BBG000BWNFZ9,-0.004987352,-0.010198038,601558
20150327,11:45:00.000,BBG000BH3JF8,-0.0013963092,0.0025496176,597015
20150327,11:45:00.000,BBG000C0HQ54,0.013871877,0.024539694,801552
20150327,11:45:00.000,BBG000FL1TC8,-0.0054832213,-0.0022165612,603185
20150327,11:45:00.000,BBG000BV8DN6,0.0019141157,0.004779178,893473
20150327,11:45:00.000,BBG0029SNR63,-0.00590585,-0.0036736645,376659
20150327,11:45:00.000,BBG000DYGNW7,-0.004732644,-0.00048628342,227203
20150327,11:45:00.000,BBG000QW7VC1,0.0037081332,0.0053208084,746147
20150327,11:45:00.000,BBG000BFQYY3,-0.0066043898,-0.00058179017,678441
20150327,11:45:00.000,BBG000BGVW60,-0.0049560876,0.0051167263,658106
20150327,11:45:00.000,BBG000C1BW00,-0.0052824295,0.0059081344,394122
20150327,11:45:00.000,BBG000BJ81C1,0.004279888,0.0020599645,368524
20150327,11:45:00.000,BBG000BFDXW1,0.0005237176,0.0004744211,1870087
20150327,11:45:00.000,BBG000BSC0K9,0.0016030136,0.011479155,577169
20150327,11:45:00.000,BBG000BD8PN9,-0.00535777,-0.006029803,1406153
20150327,11:45:00.000,BBG000DSMS70,-0.014506867,0.009245712,251691
20150327,11:45:00.000,BBG000BQ5DS5,0.002061913,-0.0047634956,1008176
20150327,11:45:00.000,BBG000G30YX4,0.010819319,0.032033373,522931
20150327,11:45:00.000,BBG000BQ2C28,-0.0007723266,0.0039554564,404123
20150327,11:45:00.000,BBG000BN2DC2,-0.0022831336,0.00037855515,557607
20150327,11:45:00.000,BBG000LD9JQ8,-0.00702356,-0.0029167898,322002
20150327,11:45:00.000,BBG000BGKTF9,0.008341584,0.0042025796,692636
20150327,11:45:00.000,BBG000BBVJZ8,-0.0067738183,-0.011903936,628075
20150327,11:45:00.000,BBG000D9D830,-0.008632876,-0.010987971,1749548
20150327,11:45:00.000,BBG000BJSBJ0,0.0016544353,0.01090172,375749
20150327,11:45:00.000,BBG000BH1NH9,0.00050767214,-0.0019452849,636321
20150327,11:45:00.000,BBG000BVDLH9,-0.001974577,0.007249124,295054
20150327,11:45:00.000,BBG000FJLFX8,0.0039562327,0.012036408,541115
20150327,11:45:00.000,BBG000MZFMS2,-0.016098136,0.0001442809,391710
20150327,11:45:00.000,BBG000C4DPX1,0.006409628,0.016435929,811983
20150327,11:45:00.000,BBG000C0MF34,0.011071453,0.0034750896,203267
20150327,11:45:00.000,BBG000QBR5J5,0.003563411,0.0001759717,858685
20150327,11:45:00.000,BBG000BCVJ77,-0.0015399449,0.003087393,555854
20150327,11:45:00.000,BBG000QX74T1,0.00334001,0.006744049,142934
20150327,11:45:00.000,BBG000BBDV81,0.0013646858,0.0051179915,809191
20150327,11:45:00.000,BBG000HCJMF9,-0.004603926,-0.009930547,582919
20150327,11:45:00.000,BBG000C46HM9,-0.003114099,0.0044258996,606321
20150327,11:45:00.000,BBG000BGPTV6,-0.00017091374,-0.00080430944,347017
20150327,11:45:00.000,BBG000BRD0D8,-5.0860916e-05,-0.005189558,1128678
20150327,11:45:00.000,BBG000BGJRC8,4.5762925e-05,-0.006914387,2613293
20150327,11:45:00.000,BBG000DHSPT0,0.008459997,0.005500967,523748
20150327,11:45:00.000,BBG000J6XT05,-0.0044416827,0.0024601724,2098998
20150327,11:45:00.000,BBG000BH3GZ2,-0.0021061874,-0.0012090227,619221
20150327,11:45:00.000,BBG000BTR593,0.008593526,-0.0035498294,1679705
20150327,11:45:00.000,BBG000B9ZXB4,0.0009408347,0.007525566,934870
20150327,11:45:00.000,BBG000BL4504,-0.007290201,-0.020371726,9402466
20150327,11:45:00.000,BBG000BNBDC2,-0.004732991,0.002450477,1012642
20150327,11:45:00.000,BBG000C734W3,-0.003451956,0.019938573,279073
20150327,11:45:00.000,BBG000BWLMJ4,0.0055079577,0.014745397,1351471
20150327,11:45:00.000,BBG000H556T9,0.0042694947,0.0036707022,764141
20150327,11:45:00.000,BBG000BVPPM1,-0.0069574174,5.5225235e-05,391345
20150327,11:45:00.000,BBG000BCG930,0.0072087804,0.016543001,581583
20150327,11:45:00.000,BBG000BJF1Z8,-0.0065984507,-0.0034738749,263327
20150327,11:45:00.000,BBG000BND699,0.0059394552,0.009436654,2177276
20150327,11:45:00.000,BBG000BD4VG8,0.00095750566,-0.0017497948,608872
20150327,11:45:00.000,BBG000BC2C10,0.00025367722,-0.0061013335,1293207
20150327,11:45:00.000,BBG000NV1KK7,-0.003360814,0.003342728,1452979
20150327,11:45:00.000,BBG000BLZRJ2,0.00372164,0.0030895968,3026715
20150327,11:45:00.000,BBG000F6H8W8,-0.002818676,0.0043639154,448245
20150327,11:45:00.000,BBG000BMY992,-0.002517389,0.008409898,752104
20150327,11:45:00.000,BBG000BT9DW0,0.007975623,0.011658332,2142840
20150327,11:45:00.000,BBG000PX3XC0,-0.0043064854,-0.02283901,4100795
20150327,11:45:00.000,BBG000BWXBC2,-0.007675971,-0.004396857,1560350
20150327,11:45:00.000,BBG000BB6KF5,0.001744705,-0.0029651579,1349874
20150327,11:45:00.000,BBG000FFDM15,-0.00069787784,-0.0045305775,1704681
20150327,11:45:00.000,BBG000KLB4Q1,0.03547812,0.04503682,5415682
20150327,11:45:00.000,BBG001DCCGR8,-0.008948122,-0.0060458863,408085
20150327,11:45:00.000,BBG000BVV7G1,0.0014055251,0.001792401,1140772
20150327,11:45:00.000,BBG000BHGDH5,-0.0012561165,0.00941474,1352277
20150327,11:45:00.000,BBG000BWVCP8,0.010987486,0.006901784,1507138
20150327,11:45:00.000,BBG000C15T95,-0.0072688404,-0.004819533,675492
20150327,11:45:00.000,BBG000D4LWF6,-0.003139408,0.0025766848,4773752
20150327,11:45:00.000,BBG000B9WH86,0.004176313,-0.009312794,5936249
20150327,11:45:00.000,BBG000Q9HH23,-0.009948309,-0.0044363,226685
20150327,11:45:00.000,BBG00286S4N9,0.0006223177,-0.0029318319,472727
20150327,11:45:00.000,BBG000BHX7N2,0.00048803954,-0.0012395614,890303
20150327,11:45:00.000,BBG000L9CV04,-0.0045313705,-5.1729694e-05,946574
20150327,11:45:00.000,BBG000BH13K9,0.0012275719,0.0009754349,1651627
20150327,11:45:00.000,BBG000FG3C43,-0.010177045,-0.01963847,5564030
20150327,11:45:00.000,BBG000C496P7,0.008036501,0.008114607,1372921
20150327,11:45:00.000,BBG000BXRPH1,0.005811008,-0.0024379843,532167
20150327,11:45:00.000,BBG000BNJHS8,-0.0022529766,0.020150976,2205240
20150327,11:45:00.000,BBG000BBPFB9,-0.0028879112,-0.0026779503,8147394
20150327,11:45:00.000,BBG000WCFV84,-0.008857485,-0.013941876,1443547
20150327,11:45:00.000,BBG0019JZ882,0.0030924848,0.0031485313,1962588
20150327,11:45:00.000,BBG000H89QJ6,-0.0034397382,-0.0022976757,506087
20150327,11:45:00.000,BBG000BFWKC0,0.0075457953,0.006637394,999785
20150327,11:45:00.000,BBG000C5HS04,-0.0059761666,0.0009058799,613223
20150327,11:45:00.000,BBG000BJX8C8,0.017804667,0.0059253313,1792373
20150327,11:45:00.000,BBG000BNDN65,-0.0037348717,0.009127922,1115448
20150327,11:45:00.000,BBG000BP52R2,-0.00030427167,0.00479755,460371
20150327,11:45:00.000,BBG000M65M61,0.011563718,0.03271547,1787474
20150327,11:45:00.000,BBG000BP6LJ8,-0.00092764565,0.0052003944,2181168
20150327,11:45:00.000,BBG000F0PF65,0.0005235787,0.0051319445,665635
20150327,11:45:00.000,BBG000H8TVT2,0.0039301296,0.010813837,948118
20150327,11:45:00.000,BBG000DQLV23,-0.0009214042,0.007846065,1511343
20150327,11:45:00.000,BBG000BHBK84,0.042329688,0.04328549,9786772
20150327,11:45:00.000,BBG000DLFM21,-0.014476337,0.0006801221,436149
20150327,11:45:00.000,BBG000BJDB15,-0.016976804,-0.03588871,8751594
20150327,11:45:00.000,BBG000CTQBF3,-0.0027559751,0.0036812422,1540337
20150327,11:45:00.000,BBG000BQQ2S6,0.0005123086,-0.007122292,925874
20150327,11:45:00.000,BBG000BHVJJ3,-0.015764128,-0.022458913,11640984
20150327,11:45:00.000,BBG000F1ZSQ2,-0.009122204,-0.008698518,1365313
20150327,11:45:00.000,BBG000BQPC32,0.0024401983,0.00062495586,12300778
20150327,11:45:00.000,BBG000C43RR5,0.0042936825,0.003650911,2118827
20150327,11:45:00.000,BBG000CH5208,0.0008672191,0.0090293,681979
20150327,11:45:00.000,BBG000J2XL74,0.0016238387,0.0028820096,1468698
20150327,11:45:00.000,BBG000BC40Y8,-0.0056636273,-0.009972216,784048
20150327,11:45:00.000,BBG000KHWT55,-0.010615356,-0.017491087,5890896
20150327,11:45:00.000,BBG000BW8S60,0.0031726628,0.006332276,853455
20150327,11:45:00.000,BBG000BZ9223,-0.0024193467,-0.007717095,782406
20150327,11:45:00.000,BBG000DWYF03,0.00033948864,0.0014731197,2721232
20150327,11:45:00.000,BBG000BBGGQ1,-0.015925832,-0.013966451,1938322
20150327,11:45:00.000,BBG000BBDZG3,0.0028923515,-5.8600236e-11,1860850
20150327,11:45:00.000,BBG000BQLTW7,-0.0061467127,-0.0076772217,5505808
20150327,11:45:00.000,BBG000NDYB67,-0.0014652667,-0.002142117,3478908
20150327,11:45:00.000,BBG000C6CFJ5,0.0045543173,0.0032289058,584406
20150327,11:45:00.000,BBG000BGRY34,-0.0032222704,0.006666266,1181916
20150327,11:45:00.000,BBG000DH7JK6,-0.001216845,0.002719037,1330864
20150327,11:45:00.000,BBG000BW3299,0.00396916,-0.00041587194,2424713
20150327,11:45:00.000,BBG000DWG505,0.0034080164,0.0027614008,970876
20150327,11:45:00.000,BBG000BF0K17,0.00096449535,-0.0070110606,2576305
20150327,11:45:00.000,BBG000R7Z112,0.0007748913,0.019053727,2964229
20150327,11:45:00.000,BBG000BCSST7,-0.005823957,-0.0017552614,870899
20150327,11:45:00.000,BBG000BQQH30,-0.0021314332,-0.006718733,1405738
20150327,11:45:00.000,BBG000BCQZS4,-0.001744326,-0.007643503,3107723
20150327,11:45:00.000,BBG000BMX289,-0.0071075475,-0.0037175647,5167863
20150327,11:45:00.000,BBG000BNWG87,0.0020914166,0.009788086,1530257
20150327,11:45:00.000,BBG000BBS2Y0,-0.008098014,0.012579927,731091
20150327,11:45:00.000,BBG000BH4R78,-0.0005597016,0.00550981,2503079
20150327,11:45:00.000,BBG005P7Q881,0.0049359943,0.027699098,3745339
20150327,11:45:00.000,BBG000BKZB36,0.0018136261,0.012590379,1326404
20150327,11:45:00.000,BBG000GFFQN9,0.016555486,0.016413726,11677916
20150327,11:45:00.000,BBG0025Y4RY4,0.0025496099,0.007330401,2158261
20150327,11:45:00.000,BBG000BFC8J2,-0.008063514,0.015424274,2263437
20150327,11:45:00.000,BBG000H6HNW3,0.005851387,0.013620202,7820047
20150327,11:45:00.000,BBG000BNSZP1,-0.004591212,-0.0022577476,1312552
20150327,11:45:00.000,BBG000N9MNX3,-0.029133763,-0.026627352,3162863
20150327,11:45:00.000,BBG000BPD168,0.0019548573,0.007812626,1984258
20150327,11:45:00.000,BBG000BKTFN2,0.0060429815,-0.0034739657,3646845
20150327,11:45:00.000,BBG000C17X76,-0.006555029,0.015113496,713881
20150327,11:45:00.000,BBG000BR2TH3,-0.003831598,0.0027996541,1835069
20150327,11:45:00.000,BBG000PSKYX7,-0.0074087013,-0.0049519376,2428385
20150327,11:45:00.000,BBG000BT41Q8,0.008271629,-0.0014425458,1721262
20150327,11:45:00.000,BBG000C5Z1S3,-0.008932843,-0.012751638,10892809
20150327,11:45:00.000,BBG000BLNNH6,-0.0003493091,-0.0051058154,1051851
20150327,11:45:00.000,BBG000BFT2L4,0.0035692565,0.0064394777,4866119
20150327,11:45:00.000,BBG000CGC1X8,-0.0008133492,-0.0019356117,2990723
20150327,11:45:00.000,BBG000HS77T5,0.006905156,0.0037175356,3662416
20150327,11:45:00.000,BBG000C3J3C9,0.0016376484,0.0040607937,7003848
20150327,11:45:00.000,BBG000FH8PX5,0.00024701116,0.0131890215,779173
20150327,11:45:00.000,BBG000BLBVN4,-0.003923557,-0.00094672054,206928
20150327,11:45:00.000,BBG000BSJK37,0.0015800465,-0.0027418192,6087347
20150327,11:45:00.000,BBG000CL9VN6,-0.017731939,-0.0120771285,1152885
20150327,11:45:00.000,BBG000BVPV84,0.00746717,0.013068607,984730
20150327,11:45:00.000,BBG000K4ND22,0.0016304122,-0.006697373,1715710
20150327,11:45:00.000,BBG000BWQFY7,-0.0006605622,-0.0047722906,4040258
20150327,11:45:00.000,BBG002W96FT9,-0.006302321,-0.00851903,731347
20150327,11:45:00.000,BBG000BMHYD1,0.0004980148,0.00574352,1422767
20150327,11:45:00.000,BBG000BR2B91,0.00167404,0.0099485405,7607475
20150327,11:45:00.000,BBG000BK6MB5,0.0008432006,0.0024183902,8022404
20150327,11:45:00.000,BBG000FY4S11,0.0031249418,-0.0027344513,6927273
20150327,11:45:00.000,BBG000DMBXR2,0.004428133,0.0008397066,3900955
20150327,11:45:00.000,BBG000C0G1D1,0.0058680098,0.0023261074,10773663
20150327,11:45:00.000,BBG000BHSKN9,-0.007871076,-0.007371923,659568
20150327,11:45:00.000,BBG000CKGBP2,-0.014358304,0.007915528,3012717
20150327,11:45:00.000,BBG000GZQ728,-0.00045996564,-0.005218437,3348098
20150327,11:45:00.000,BBG000BPH459,-0.0038527427,-0.005096218,11039126
20150327,11:45:00.000,BBG000BCTLF6,-0.004324054,-0.007779626,35173224
20150327,11:45:00.000,BBG000MM2P62,-0.002319834,0.0031917442,9116957
20150327,11:45:00.000,BBG000B9XRY4,-0.0047763656,-0.0029773084,15228959
20150327,12:00:00.000,BBG000CNZC55,-0.008289336,-0.0010827889,2167413
20150327,12:00:00.000,BBG000FH5YM1,0.0013468054,0.0013725329,2140425
20150327,12:00:00.000,BBG000BLM0V1,-0.0060239146,-0.0032800608,308424
20150327,12:00:00.000,BBG000HGYNZ9,-0.0044181664,-0.01271053,1051457
20150327,12:00:00.000,BBG000BF6RQ9,0.001667981,0.018663472,305625
20150327,12:00:00.000,BBG000BFV115,0.0032318756,-0.0022509834,447780
20150327,12:00:00.000,BBG0015XMW40,0.01362227,0.013332676,193377
20150327,12:00:00.000,BBG000FBMY72,-0.0061948113,-0.011198389,1002523
20150327,12:00:00.000,BBG000BDWKC5,0.011288966,0.010052029,768077
20150327,12:00:00.000,BBG000G6BN50,0.009775332,0.0071544237,108779
20150327,12:00:00.000,BBG000BLDV98,-0.008765247,-0.0006252754,598908
20150327,12:00:00.000,BBG000R0L5J4,-0.0018520535,-0.007511093,245006
20150327,12:00:00.000,BBG006NV2Q11,0.0044748103,0.00059193064,639002
20150327,12:00:00.000,BBG000BC2R71,0.0032201218,-0.0029050403,469261
20150327,12:00:00.000,BBG000BN1XR3,0.002769864,0.0044953944,192618
20150327,12:00:00.000,BBG000GPXKX9,-0.0064821173,-0.004935918,146541
20150327,12:00:00.000,BBG000DV7MX4,-0.0018306827,-0.00086036057,1963046
20150327,12:00:00.000,BBG000BGRKT6,-0.0054535633,-0.0017179914,162206
20150327,12:00:00.000,BBG000BB5BF6,-0.010492306,-0.007479999,3315947
20150327,12:00:00.000,BBG000BVB8Q0,-0.007521955,-0.005252748,5971708
20150327,12:00:00.000,BBG000DGPR66,0.014370265,0.01777201,554022
20150327,12:00:00.000,BBG000BQ74K1,-0.0034876955,-0.0056020324,169839
20150327,12:00:00.000,BBG000RNTSX0,0.0012883386,0.0061329543,154173
20150327,12:00:00.000,BBG000N746D6,0.009938657,0.009105635,1246015
20150327,12:00:00.000,BBG000CR90K4,0.025570594,0.020418817,16832992
20150327,12:00:00.000,BBG000BVL2G3,0.0077506197,0.0014533568,557379
20150327,12:00:00.000,BBG000BPQVR5,-0.009149895,-0.009358245,202517
20150327,12:00:00.000,BBG000CB8Q50,0.006332577,0.0070293862,186910
20150327,12:00:00.000,BBG000D42FJ0,-0.0008821953,-0.01659719,867562
20150327,12:00:00.000,BBG003641015,-0.0024698148,-0.0002442803,616114
20150327,12:00:00.000,BBG000CPHYL4,0.0065784464,0.0049389,549156
20150327,12:00:00.000,BBG000BKL348,0.006620069,0.006443151,144121
20150327,12:00:00.000,BBG000BMF5J0,-0.005057346,0.002615927,2118831
20150327,12:00:00.000,BBG000BCHG15,0.00420726,0.0074365777,140427
20150327,12:00:00.000,BBG000BJKPG0,-0.003987131,-0.0027417499,166426
20150327,12:00:00.000,BBG000HS74G6,-0.005141871,-0.011999581,483624
20150327,12:00:00.000,BBG000BVHBM1,-0.0074397684,0.010431101,460936
20150327,12:00:00.000,BBG002PHSYX9,-0.012353959,-0.0068332315,404623
20150327,12:00:00.000,BBG000D2ZTS8,-0.006894722,0.001793081,610349
20150327,12:00:00.000,BBG000BGYMH7,-0.0011057343,-0.0018988892,253040
20150327,12:00:00.000,BBG000PV2L86,-0.00040592835,0.010969276,320693
20150327,12:00:00.000,BBG000FQ6PY6,0.0055482206,0.001892899,389645
20150327,12:00:00.000,BBG000R06BX2,0.00076984963,0.0011628562,676366
20150327,12:00:00.000,BBG000BCWKD6,0.0004966489,-0.0012729568,882057
20150327,12:00:00.000,BBG000CPBCL8,-3.944306e-05,-0.0033616552,265292
20150327,12:00:00.000,BBG000B9X8C0,0.0018722524,0.011481715,652185
20150327,12:00:00.000,BBG000BDY3Y7,-0.0057729366,-0.007453235,222859
20150327,12:00:00.000,BBG001XJRMF5,0.0025054475,-0.00058695127,788485
20150327,12:00:00.000,BBG000BJ26K7,0.022490649,0.017354744,736757
20150327,12:00:00.000,BBG000BQ87N0,-0.0014013845,0.00911756,326989
20150327,12:00:00.000,BBG000C37332,0.0059501985,0.0010478328,279979
20150327,12:00:00.000,BBG000C4ZZ10,0.0018392374,0.0043348265,329819
20150327,12:00:00.000,BBG000BPNP00,0.004992572,0.003244134,422672
20150327,12:00:00.000,BBG000BXBHJ4,-0.0065627317,-0.014646244,546783
20150327,12:00:00.000,BBG000FDBX90,0.0055681346,0.007832168,1134862
20150327,12:00:00.000,BBG000BKNX95,-0.0012974353,-0.0019127297,499220
20150327,12:00:00.000,BBG000BV4XJ1,0.0010329665,0.024269098,181577
20150327,12:00:00.000,BBG000MQ1SN9,0.0011269771,0.0020349384,274412
20150327,12:00:00.000,BBG000KBQZ88,-0.012264147,-0.010231936,422588
20150327,12:00:00.000,BBG000BXNJ07,-0.0059127575,-0.0070789265,2353308
20150327,12:00:00.000,BBG000DLVDK3,-0.001938722,-0.012686232,852803
20150327,12:00:00.000,BBG000BB03M1,0.020813763,0.01070499,543045
20150327,12:00:00.000,BBG000BWGYF8,0.0004124059,0.003630357,185395
20150327,12:00:00.000,BBG000BPZBB6,0.017622136,0.020796701,782711
20150327,12:00:00.000,BBG000JKCWS0,0.0064537153,-0.00042353218,247004
20150327,12:00:00.000,BBG000BNPSQ9,0.037341367,0.06832603,662009
20150327,12:00:00.000,BBG000C060M4,-0.003455911,-0.0074355877,59538
20150327,12:00:00.000,BBG000BFDLV8,0.005306196,0.009470306,311648
20150327,12:00:00.000,BBG000C2V3D6,0.0008087928,0.0066491673,395781
20150327,12:00:00.000,BBG000BC9938,0.00095029926,-0.004376312,285650
20150327,12:00:00.000,BBG000C22QV7,-0.00069216307,0.0046622367,391933
20150327,12:00:00.000,BBG000BMTFR4,-0.0044445386,-0.004278269,734955
20150327,12:00:00.000,BBG000BKTT89,-0.0022797375,0.0021423427,120312
20150327,12:00:00.000,BBG000BWXL85,0.003959718,0.00378231,997749
20150327,12:00:00.000,BBG0014GG205,3.7557915e-05,-0.007582862,1194766
20150327,12:00:00.000,BBG000BGFZR8,0.005350886,0.0053709364,669584
20150327,12:00:00.000,BBG000V31J96,0.0068202373,0.014859321,1199005
20150327,12:00:00.000,BBG000BNNKG9,-0.0021491833,0.0038680062,585736
20150327,12:00:00.000,BBG000BSSC44,-0.0069664405,-0.014974284,474473
20150327,12:00:00.000,BBG000BSY3K9,-0.005559645,0.00021794373,254785
20150327,12:00:00.000,BBG000BPMH90,-0.0060752663,-0.0070725414,371166
20150327,12:00:00.000,BBG000BX5ZF5,-0.011684521,-0.014851373,2219019
20150327,12:00:00.000,BBG000BR37X2,0.004603215,0.0007422268,791578
20150327,12:00:00.000,BBG000C9F2F9,-0.026194109,-0.0038922932,614946
20150327,12:00:00.000,BBG000D9KWL9,0.008942824,0.002739354,366639
20150327,12:00:00.000,BBG000PLXQQ3,-0.0030290333,0.0003815826,212261
20150327,12:00:00.000,BBG000HZFZX3,-0.0029329548,0.0016776627,289597
20150327,12:00:00.000,BBG000BDXGP9,0.020414263,0.028781218,1455595
20150327,12:00:00.000,BBG000BB29X4,0.0030567357,0.01195673,345438
20150327,12:00:00.000,BBG001C7TST4,-0.007870293,-0.0059583867,436354
20150327,12:00:00.000,BBG000BMKDM3,-0.0014053416,0.0044443454,507941
20150327,12:00:00.000,BBG000FFH4P5,0.0018559836,0.0023792246,323470
20150327,12:00:00.000,BBG000C75N77,0.0040500294,-0.005884903,278448
20150327,12:00:00.000,BBG000C221G9,-0.0083222315,-0.006284964,391931
20150327,12:00:00.000,BBG000BKXFN7,0.004579688,-0.009426903,1027192
20150327,12:00:00.000,BBG000BWP7D9,0.004170159,0.015351399,505040
20150327,12:00:00.000,BBG000DY8ZS4,-0.014182401,-0.019833367,1930291
20150327,12:00:00.000,BBG000BFL116,0.0047580153,-0.0015095383,611964
20150327,12:00:00.000,BBG000BKLH74,0.008771831,0.008019906,1039261
20150327,12:00:00.000,BBG000BS9489,-0.0042535737,-6.5468324e-05,183987
20150327,12:00:00.000,BBG000BP8Z50,-0.007919685,-0.010011088,576624
20150327,12:00:00.000,BBG000BS7KS3,0.005297733,0.0061651263,488193
20150327,12:00:00.000,BBG000BMZ7P7,0.0039386624,-0.0037805694,344333
20150327,12:00:00.000,BBG000FBK808,-0.0319389,-0.042902485,3413400
20150327,12:00:00.000,BBG000R8ZVD1,-0.018387277,-0.013992103,1520438
20150327,12:00:00.000,BBG000BLMZK6,-0.0021826464,0.011704953,516680
20150327,12:00:00.000,BBG000BQSQ38,0.007907231,0.00816101,589553
20150327,12:00:00.000,BBG000BBL0Y1,-0.004938813,0.013468494,423023
20150327,12:00:00.000,BBG001QZCPJ2,0.017591162,0.025901604,848572
20150327,12:00:00.000,BBG000CVWGS6,0.008645589,0.010678983,1220542
20150327,12:00:00.000,BBG000BCNYT9,0.012677893,0.005066147,3323603
20150327,12:00:00.000,BBG000PVRDL2,0.011377365,0.001016401,1541328
20150327,12:00:00.000,BBG000BJQWD2,-0.0034300906,-0.0040119593,297216
20150327,12:00:00.000,BBG000C9W1Y1,0.0005385516,0.00027160076,829493
20150327,12:00:00.000,BBG000BJ49H3,0.0072697178,0.0044795284,432734
20150327,12:00:00.000,BBG000BFVXX0,-0.0026268938,0.009385848,1269517
20150327,12:00:00.000,BBG000FLZN98,-0.00023954413,0.004524689,132804
20150327,12:00:00.000,BBG000FLPRH1,0.011630233,0.006545414,703890
20150327,12:00:00.000,BBG000BYWTX7,-0.0019439112,-0.0046777166,2612940
20150327,12:00:00.000,BBG000BY33P5,-0.0012477522,-0.0017935813,1467716
20150327,12:00:00.000,BBG000BBB3K1,0.007355471,0.012642247,874683
20150327,12:00:00.000,BBG000DN7P92,0.009515572,0.012664567,448326
20150327,12:00:00.000,BBG000BBMSJ6,0.0049469876,0.002314019,639464
20150327,12:00:00.000,BBG000BH2JM1,-0.0031028541,-0.0060115843,1813638
20150327,12:00:00.000,BBG000BFS7D3,-0.0043624286,0.0015045841,171257
20150327,12:00:00.000,BBG000CKVSG8,-0.014565575,-0.021886066,1021339
20150327,12:00:00.000,BBG000BB6G37,-0.003007301,-0.004441709,675572
20150327,12:00:00.000,BBG000BM7HL0,0.0017676679,0.0016180618,401158
20150327,12:00:00.000,BBG000BCYP43,-0.003701032,0.00096007774,186274
20150327,12:00:00.000,BBG000BV75B7,0.0033397418,-0.00028935823,370440
20150327,12:00:00.000,BBG000TWC2V5,-0.0011304545,0.004431013,195924
20150327,12:00:00.000,BBG000BLW530,0.00486024,0.0015983431,618081
20150327,12:00:00.000,BBG000BKWSR6,0.00081636984,-0.002759313,2235498
20150327,12:00:00.000,BBG000C2YHG9,0.0026773873,0.0051184916,456904
20150327,12:00:00.000,BBG000BRQ6L2,0.006387855,0.027530437,2785838
20150327,12:00:00.000,BBG000BQHGR6,0.008501028,0.0065726005,495309
20150327,12:00:00.000,BBG000BN9WT5,0.0029901713,-0.0004384404,478333
20150327,12:00:00.000,BBG000BVWLJ6,-0.0077014416,-0.0060912604,313357
20150327,12:00:00.000,BBG000BKQ3V3,-0.012045211,-0.027845886,3972671
20150327,12:00:00.000,BBG000H0QBS7,-0.0004076892,0.0053265407,690618
20150327,12:00:00.000,BBG000H4YVR7,0.0046213614,0.030232204,303803
20150327,12:00:00.000,BBG000PYZSR8,-0.0063615483,-0.0023111624,165044
20150327,12:00:00.000,BBG007TJF1N7,0.0077817724,0.012372579,1228243
20150327,12:00:00.000,BBG000C2ZCH8,0.004977262,0.016006423,781157
20150327,12:00:00.000,BBG000BTCH57,-0.0066597243,-0.0011631594,471068
20150327,12:00:00.000,BBG000BR54L0,0.0039479104,0.02045083,1201944
20150327,12:00:00.000,BBG000BB5373,0.0040617883,0.0056739333,1753980
20150327,12:00:00.000,BBG000BHZ5J9,0.009040934,0.0055674342,289653
20150327,12:00:00.000,BBG000CXD6X9,0.0087174475,0.016363295,383742
20150327,12:00:00.000,BBG000BKZTP3,0.009528535,0.0035830883,451503
20150327,12:00:00.000,BBG000BB1TH9,-0.0047203037,-0.012005164,263968
20150327,12:00:00.000,BBG000D5S4M0,0.016211607,0.017773222,259751
20150327,12:00:00.000,BBG000BN84F3,-0.0034189774,-0.002307016,848920
20150327,12:00:00.000,BBG000HW5GX3,-0.009068237,-0.011496098,839409
20150327,12:00:00.000,BBG000CHPY97,-0.014329946,-0.021757975,2299479
20150327,12:00:00.000,BBG000D2M0Z7,-0.003400325,-0.0015095514,784062
20150327,12:00:00.000,BBG000BF1R66,0.006473572,0.0032040612,494660
20150327,12:00:00.000,BBG000BJ8YN7,0.00022481814,-0.0069931783,613057
20150327,12:00:00.000,BBG000G9CGL0,0.011990136,0.020785673,246434
20150327,12:00:00.000,BBG000BQ8KV2,-0.0028020986,-0.0074295,548778
20150327,12:00:00.000,BBG000BVMPN3,0.004338327,-0.00092376414,311666
20150327,12:00:00.000,BBG000BGD7W6,-0.0051518437,0.0029782937,330647
20150327,12:00:00.000,BBG000BC15S7,0.0019562705,-0.00036467917,431795
20150327,12:00:00.000,BBG000Q2HM09,0.023399478,0.018925518,613690
20150327,12:00:00.000,BBG000BQVTF5,-0.004504945,-0.006660137,332558
20150327,12:00:00.000,BBG000VC0T95,-0.0030201408,5.9334416e-05,416855
20150327,12:00:00.000,BBG000F86GP6,0.00187484,0.0027916813,242181
20150327,12:00:00.000,BBG000BWVSR1,-9.0092915e-05,0.0026216176,396454
20150327,12:00:00.000,BBG000BX8DC4,0.00805274,0.0113425255,450380
20150327,12:00:00.000,BBG000BHCP19,0.0015786804,0.00062239874,434081
20150327,12:00:00.000,BBG000BK6G19,0.010395006,0.009928818,719954
20150327,12:00:00.000,BBG000RGM5P1,-0.011422876,-0.008497237,344440
20150327,12:00:00.000,BBG000BF5RY1,0.00069521414,0.0036606975,636287
20150327,12:00:00.000,BBG000BP4MH0,0.00043329538,-0.00018010505,585276
20150327,12:00:00.000,BBG000D8RG11,-0.009769258,-0.0020279842,910349
20150327,12:00:00.000,BBG000FP1N32,-0.0035132873,-0.012940888,1510197
20150327,12:00:00.000,BBG000BLHRS2,0.00055595033,0.006534838,282943
20150327,12:00:00.000,BBG000TJM7F0,-0.008714197,-0.0017059224,589648
20150327,12:00:00.000,BBG000J1QLT0,-0.0075043193,0.0003043027,208241
20150327,12:00:00.000,BBG000BBBNC6,0.0010816426,-0.0020467243,474144
20150327,12:00:00.000,BBG000BY2Y78,0.0008206889,-0.0027558478,757366
20150327,12:00:00.000,BBG000BM6788,-0.0072296057,-0.0014826049,442089
20150327,12:00:00.000,BBG000C1FQS9,-0.00071050966,0.0070575145,188226
20150327,12:00:00.000,BBG000BBJQV0,-0.0033830728,-0.00572444,1941103
20150327,12:00:00.000,BBG000BTQR96,0.00039680244,0.0038481643,357537
20150327,12:00:00.000,BBG000CXYSZ6,0.015336984,0.012740964,253541
20150327,12:00:00.000,BBG000BB5792,0.047097363,0.060787924,3045462
20150327,12:00:00.000,BBG000BNGTQ7,2.7122212e-05,0.0062734294,276022
20150327,12:00:00.000,BBG000BZTW70,-0.00734303,-0.020550089,2960173
20150327,12:00:00.000,BBG000G0Z878,-0.003127444,-0.0045085703,754649
20150327,12:00:00.000,BBG000BFNR17,0.0049351444,0.0048992014,94693
20150327,12:00:00.000,BBG002BHBHM1,0.005111543,0.01917061,346769
20150327,12:00:00.000,BBG000BC4JJ4,-0.00023565906,0.0010911619,228380
20150327,12:00:00.000,BBG000F15NW9,0.0068683974,0.008925556,189447
20150327,12:00:00.000,BBG000BKR1D6,0.0048357276,-0.0013230982,116426
20150327,12:00:00.000,BBG000BCTQ65,-0.0059705223,0.0032083183,3207684
20150327,12:00:00.000,BBG000BNNYW1,-0.002340607,-0.0048337965,3248784
20150327,12:00:00.000,BBG000BBCDZ2,-0.0053227786,-0.0046742857,478196
20150327,12:00:00.000,BBG000BRK7L6,0.008924694,-0.0027287623,1553081
20150327,12:00:00.000,BBG000DQTXY6,0.0022345742,0.019486254,1233156
20150327,12:00:00.000,BBG000BRXP69,-0.0025024505,0.0045460854,181011
20150327,12:00:00.000,BBG000BL9JQ1,-0.0063691176,-0.009500559,565436
20150327,12:00:00.000,BBG000DTMH63,-0.0041767093,-0.017717477,1880682
20150327,12:00:00.000,BBG000BJPDZ1,-0.0024877337,-0.00019040133,112453
20150327,12:00:00.000,BBG000BXWBN9,0.00036239056,0.00624173,688290
20150327,12:00:00.000,BBG000C2PW58,0.0010113145,-0.00022044653,133081
20150327,12:00:00.000,BBG000D13GN8,-0.0073922635,-0.009128018,307329
20150327,12:00:00.000,BBG000BB6M98,-0.0024047047,-0.0002884289,840663
20150327,12:00:00.000,BBG000BGYWY6,0.002509943,0.014229455,214850
20150327,12:00:00.000,BBG000BHB3M6,0.007638861,0.0073374053,519345
20150327,12:00:00.000,BBG000G3QLY3,-0.0036672223,-0.006255698,281415
20150327,12:00:00.000,BBG000BSBZH7,-0.0022243476,0.0016386503,317340
20150327,12:00:00.000,BBG000F7RCJ1,-0.0031580692,0.008566074,312290
20150327,12:00:00.000,BBG0039320N9,-0.007347319,0.0015180036,927186
20150327,12:00:00.000,BBG000BTZQC4,-0.019311575,-0.020417446,1695823
20150327,12:00:00.000,BBG001M8HHB7,-0.00072289095,0.0007178049,314339
20150327,12:00:00.000,BBG000CZWZ05,0.096994184,0.12492978,4091626
20150327,12:00:00.000,BBG000QY3XZ2,0.0068077766,0.009810589,324381
20150327,12:00:00.000,BBG000BHLYP4,-0.0057590995,-0.0036924346,515454
20150327,12:00:00.000,BBG000CHWP52,0.015951991,0.010344676,1464435
20150327,12:00:00.000,BBG000QFJ7H3,0.006503997,-0.0049488363,3375952
20150327,12:00:00.000,BBG000BFTJ91,0.0032365657,0.00413223,617987
20150327,12:00:00.000,BBG000BZ2GG4,0.0067310412,0.0018963573,509983
20150327,12:00:00.000,BBG000FKJRC5,-0.0029461652,0.004735638,394793
20150327,12:00:00.000,BBG000BKPL53,0.009084382,0.011627239,569297
20150327,12:00:00.000,BBG000BNC3Y9,-0.006808706,-0.009293714,245570
20150327,12:00:00.000,BBG000BNFLM9,0.0033022643,0.0035840601,1137626
20150327,12:00:00.000,BBG000BWCKB6,-0.0048261276,0.0011505119,276148
20150327,12:00:00.000,BBG000BR14K5,0.002454792,0.0004972375,398622
20150327,12:00:00.000,BBG0014GJCT9,0.01060826,0.021406967,680995
20150327,12:00:00.000,BBG000BRRG02,-0.0162015,-0.018172778,888620
20150327,12:00:00.000,BBG000BP1Q11,-0.0077096582,-0.0044150725,437756
20150327,12:00:00.000,BBG000P1F8Q7,-0.012888941,0.00034134233,375207
20150327,12:00:00.000,BBG000BCVMH9,-0.0033000964,-0.009877153,409125
20150327,12:00:00.000,BBG000D7RKJ5,0.0037424292,0.012496503,541488
20150327,12:00:00.000,BBG000FNRZ69,0.018779058,0.007762267,1723132
20150327,12:00:00.000,BBG000BTKGG8,0.0035636115,-0.0024563933,754259
20150327,12:00:00.000,BBG001QD41M9,-0.0046813483,-0.0010401855,378719
20150327,12:00:00.000,BBG000D9DMK0,0.0032644994,0.0049285064,472986
20150327,12:00:00.000,BBG000BH5DV1,-0.0040084324,-0.0033010605,368728
20150327,12:00:00.000,BBG000BMQPL1,-0.0038223807,-0.0084831575,4004680
20150327,12:00:00.000,BBG000BMDV41,-0.0043615294,-0.0034549898,492888
20150327,12:00:00.000,BBG000BQZMH4,0.0014551672,0.010685334,643292
20150327,12:00:00.000,BBG000BS0ZF1,-0.007346384,-0.012272603,187277
20150327,12:00:00.000,BBG000BGLRN3,-0.0049987873,-0.009833542,1036896
20150327,12:00:00.000,BBG000C0F570,-0.0013947414,-0.004501513,1087828
20150327,12:00:00.000,BBG000D6L294,-0.0063018347,-0.0060734753,269155
20150327,12:00:00.000,BBG000BM5SR2,0.0066210227,0.0055344636,738123
20150327,12:00:00.000,BBG000BYYLS8,0.0028493854,-0.00077547296,1490686
20150327,12:00:00.000,BBG000BF6LY3,0.04870477,0.058962602,6776262
20150327,12:00:00.000,BBG000BCBCM7,-0.008161321,-0.004995093,1898702
20150327,12:00:00.000,BBG000BJ2VQ6,0.0073227594,-0.009448785,1394525
20150327,12:00:00.000,BBG000BJ98Z0,0.002993301,0.010529096,532004
20150327,12:00:00.000,BBG000BLCPY4,0.0041086883,-0.010783771,521792
20150327,12:00:00.000,BBG000D898T9,-0.0021143418,0.002075253,442472
20150327,12:00:00.000,BBG000BMBL90,0.0012033139,0.004269262,593600
20150327,12:00:00.000,BBG000BSXQV7,0.00015453118,0.006405215,172624
20150327,12:00:00.000,BBG000FVXD63,0.015750423,0.009877772,753160
20150327,12:00:00.000,BBG000BVMGF2,-0.0012193288,-0.0021354302,487472
20150327,12:00:00.000,BBG000C11MQ5,-0.030162726,0.0025544912,331590
20150327,12:00:00.000,BBG000BPQD31,-0.0030975656,0.0020196827,1841903
20150327,12:00:00.000,BBG000BB5006,-0.0013310063,-0.0006850637,756458
20150327,12:00:00.000,BBG000BHKYH4,-0.0025382307,-0.001006516,305964
20150327,12:00:00.000,BBG000D1QCF1,0.00093785924,-0.0072781243,553178
20150327,12:00:00.000,BBG000CSY9H9,0.0036974186,0.010163531,666647
20150327,12:00:00.000,BBG000BRJ809,0.0010059658,0.0021682451,122209
20150327,12:00:00.000,BBG000CNFQW6,-0.001106422,0.0035585233,228301
20150327,12:00:00.000,BBG000BXM6V2,-0.0009129885,0.0073765987,569644
20150327,12:00:00.000,BBG000BCGY17,0.009392035,0.0132006975,925306
20150327,12:00:00.000,BBG000DKCC19,-0.008945228,-0.0026199012,630916
20150327,12:00:00.000,BBG000BKCFC2,-0.00017152721,0.006671615,1351343
20150327,12:00:00.000,BBG000BTVJ25,0.005226232,0.0068624415,1365461
20150327,12:00:00.000,BBG000BN5HF7,-0.0030942797,0.012344359,420323
20150327,12:00:00.000,BBG000Q3JN03,0.0057827127,-0.0032206227,6883325
20150327,12:00:00.000,BBG0020B4JG7,0.0023507043,0.0057245293,1643800
20150327,12:00:00.000,BBG000BR3KL6,0.006859611,0.005964147,200641
20150327,12:00:00.000,BBG000BRWGG9,0.0053390334,0.017083742,7360276
20150327,12:00:00.000,BBG001LWHLJ8,-0.003062082,-0.0010414213,2525826
20150327,12:00:00.000,BBG000C7LMS8,0.00900847,0.02032286,132441
20150327,12:00:00.000,BBG000BPT0C6,0.017269498,0.011786748,1270638
20150327,12:00:00.000,BBG000BSD7C2,0.0005977634,0.0019296394,410561
20150327,12:00:00.000,BBG000BRJL00,-0.00036507563,0.008481228,1234635
20150327,12:00:00.000,BBG000C1FB75,0.0014554785,0.0037645095,161191
20150327,12:00:00.000,BBG000BJ3PD2,-0.0014965459,-0.0007501943,428287
20150327,12:00:00.000,BBG000BHLYS1,0.012842636,0.023811338,2522522
20150327,12:00:00.000,BBG000JWD753,-0.0017586324,0.0021941508,1042399
20150327,12:00:00.000,BBG000BXMFC3,-0.007406129,-0.012681329,1088741
20150327,12:00:00.000,BBG000CGQ6M4,-0.0004859559,-0.0026957523,316258
20150327,12:00:00.000,BBG000DNTSP4,0.009700354,0.0030569462,1310895
20150327,12:00:00.000,BBG000BFXHL6,-0.01102168,-0.01005919,1159119
20150327,12:00:00.000,BBG000BJL3N0,0.0017094276,-0.004743738,3555842
20150327,12:00:00.000,BBG000JG0547,-0.0008710565,0.0011851283,463107
20150327,12:00:00.000,BBG000BWSV34,0.0031452866,0.010328404,162077
20150327,12:00:00.000,BBG000BB6WG8,0.0015715219,0.0038877956,945423
20150327,12:00:00.000,BBG000BCWCG1,-0.016423305,-0.0080715,1775328
20150327,12:00:00.000,BBG000BB9KF2,0.00888669,0.0173488,1156051
20150327,12:00:00.000,BBG000C3HSR0,-0.004771247,0.00038007362,422020
20150327,12:00:00.000,BBG000BFMBQ6,0.008648674,0.017032158,542569
20150327,12:00:00.000,BBG000BP0KQ8,0.019280965,0.027284471,1442757
20150327,12:00:00.000,BBG000BQWPC5,-0.005496023,0.0066453875,608317
20150327,12:00:00.000,BBG001YMS0B8,0.040054645,0.04775146,14627847
20150327,12:00:00.000,BBG000C0LW92,0.011059027,0.017770274,2377577
20150327,12:00:00.000,BBG000MDCQC2,0.0023907737,0.0073584095,580339
20150327,12:00:00.000,BBG000BK67C7,-0.0034133883,-0.001672456,232900
20150327,12:00:00.000,BBG000BY29C7,0.009465357,0.010814965,877516
20150327,12:00:00.000,BBG000BSLZY7,0.012169565,0.009406704,2227160
20150327,12:00:00.000,BBG000BLKK03,-0.0050515323,0.0019090776,809435
20150327,12:00:00.000,BBG000C2BXK4,-0.009289208,-0.0023357982,4582494
20150327,12:00:00.000,BBG000BCZYD3,0.00015765605,0.009846901,377376
20150327,12:00:00.000,BBG000R7RDB4,0.0071970196,0.006439814,381350
20150327,12:00:00.000,BBG000C3GN47,-0.0011595882,-0.0013803015,1839680
20150327,12:00:00.000,BBG000BMW2Z0,-0.0038343756,0.001410648,344447
20150327,12:00:00.000,BBG000BKFZM4,0.005808619,0.0071223755,1865984
20150327,12:00:00.000,BBG000G2R6M0,0.0010726313,-0.011837096,3511928
20150327,12:00:00.000,BBG000C1S2X2,-0.008992187,0.012498574,509858
20150327,12:00:00.000,BBG000F0KF42,-0.0024171493,-0.011396648,768845
20150327,12:00:00.000,BBG000CS7CT9,-0.008330458,0.00040014417,1070763
20150327,12:00:00.000,BBG000CPQZ77,-0.01550087,-0.009107838,1081068
20150327,12:00:00.000,BBG000C8H633,-0.010057032,-0.011749499,2163522
20150327,12:00:00.000,BBG000JH6683,0.012411144,0.041214027,1866890
20150327,12:00:00.000,BBG000BLBXT4,-0.00990645,-0.0025355525,1786119
20150327,12:00:00.000,BBG000BB07P9,0.012154126,-0.00088532397,4508685
20150327,12:00:00.000,BBG000BX3TD3,-0.0026962322,-0.0165155,2149724
20150327,12:00:00.000,BBG000F80SZ5,-1.0476681e-05,0.006519718,2226169
20150327,12:00:00.000,BBG000BKFBD7,7.537967e-05,-0.003800156,659192
20150327,12:00:00.000,BBG000BPWXK1,0.018534003,0.0072222063,2454764
20150327,12:00:00.000,BBG000BH5LT6,-0.023380231,-0.04113618,4551914
20150327,12:00:00.000,BBG000BBD070,-0.005349433,-0.011323226,490230
20150327,12:00:00.000,BBG000BWJFZ4,-0.013775048,-0.011150339,156194
20150327,12:00:00.000,BBG000BWNFZ9,-0.0045827352,-0.01137261,642193
20150327,12:00:00.000,BBG000BH3JF8,-0.0024053885,0.0014231387,644769
20150327,12:00:00.000,BBG000C0HQ54,0.013708784,0.023344237,858666
20150327,12:00:00.000,BBG000FL1TC8,-0.0045606047,-0.0025666617,652068
20150327,12:00:00.000,BBG000BV8DN6,0.002811672,0.004923966,1014428
20150327,12:00:00.000,BBG0029SNR63,-0.005488284,-0.0039735893,413195
20150327,12:00:00.000,BBG000DYGNW7,-0.005673454,-0.0026529555,245540
20150327,12:00:00.000,BBG000QW7VC1,0.0010733843,0.0021018847,784559
20150327,12:00:00.000,BBG000BFQYY3,-0.006562763,-0.0013091844,724085
20150327,12:00:00.000,BBG000BGVW60,-0.004787273,0.004548303,730745
20150327,12:00:00.000,BBG000C1BW00,-0.006810009,0.0028668188,422525
20150327,12:00:00.000,BBG000BJ81C1,0.004504036,0.002106972,413813
20150327,12:00:00.000,BBG000BFDXW1,0.00055199553,-0.000712008,1992946
20150327,12:00:00.000,BBG000BSC0K9,0.00032326666,0.008701816,614178
20150327,12:00:00.000,BBG000BD8PN9,-0.004513634,-0.005527387,1505165
20150327,12:00:00.000,BBG000DSMS70,-0.012602817,0.00916421,262431
20150327,12:00:00.000,BBG000BQ5DS5,0.0027837926,-0.004282376,1104933
20150327,12:00:00.000,BBG000G30YX4,0.0113694165,0.030641804,550343
20150327,12:00:00.000,BBG000BQ2C28,-0.0014557174,0.0019777103,432652
20150327,12:00:00.000,BBG000BN2DC2,-0.0009686596,0.000681644,593188
20150327,12:00:00.000,BBG000LD9JQ8,-0.008268072,-0.003665727,344926
20150327,12:00:00.000,BBG000BGKTF9,0.008753788,0.0043301405,830729
20150327,12:00:00.000,BBG000BBVJZ8,-0.008221494,-0.008491013,710900
20150327,12:00:00.000,BBG000D9D830,-0.006233352,-0.008811524,1958342
20150327,12:00:00.000,BBG000BJSBJ0,0.0016131841,0.010317729,404476
20150327,12:00:00.000,BBG000BH1NH9,0.00062880566,-0.002059682,673198
20150327,12:00:00.000,BBG000BVDLH9,-0.0025605476,0.0058970023,324843
20150327,12:00:00.000,BBG000FJLFX8,0.0041183624,0.010289946,574988
20150327,12:00:00.000,BBG000MZFMS2,-0.014927661,5.742357e-05,403796
20150327,12:00:00.000,BBG000C4DPX1,0.004094099,0.012146821,916239
20150327,12:00:00.000,BBG000C0MF34,0.011632778,0.0046652094,217856
20150327,12:00:00.000,BBG000QBR5J5,0.0041910545,0.00017578315,917411
20150327,12:00:00.000,BBG000BCVJ77,0.00082269,0.0038224827,706874
20150327,12:00:00.000,BBG000QX74T1,0.0034091019,0.0053635323,165542
20150327,12:00:00.000,BBG000BBDV81,-0.00037280086,0.0023994509,835040
20150327,12:00:00.000,BBG000HCJMF9,-0.0046428544,-0.0093060015,636503
20150327,12:00:00.000,BBG000C46HM9,-0.0029933588,0.0036355788,658740
20150327,12:00:00.000,BBG000BGPTV6,-0.0006702203,-0.0010600826,368337
20150327,12:00:00.000,BBG000BRD0D8,0.0019296686,-0.0038380579,1256470
20150327,12:00:00.000,BBG000BGJRC8,-0.0010167266,-0.008116861,2762714
20150327,12:00:00.000,BBG000DHSPT0,0.00929716,0.0055752234,561165
20150327,12:00:00.000,BBG000J6XT05,-0.0019292139,0.004612388,2305144
20150327,12:00:00.000,BBG000BH3GZ2,-0.0026715552,-0.0029275974,650091
20150327,12:00:00.000,BBG000BTR593,0.010968382,0.0031065946,1845661
20150327,12:00:00.000,BBG000B9ZXB4,0.00133207,0.006450425,991889
20150327,12:00:00.000,BBG000BL4504,-0.014987918,-0.0217767,9862475
20150327,12:00:00.000,BBG000BNBDC2,-0.0025288647,0.0038117466,1200726
20150327,12:00:00.000,BBG000C734W3,-0.002575101,0.018767582,297843
20150327,12:00:00.000,BBG000BWLMJ4,0.0038752519,0.011074028,1408190
20150327,12:00:00.000,BBG000H556T9,0.0052174036,0.004159969,863209
20150327,12:00:00.000,BBG000BVPPM1,-0.0071258643,-0.0004931606,424681
20150327,12:00:00.000,BBG000BCG930,0.008036019,0.015333297,620012
20150327,12:00:00.000,BBG000BJF1Z8,-0.006908949,-0.0040478674,279974
20150327,12:00:00.000,BBG000BND699,0.0068589337,0.008872588,2261906
20150327,12:00:00.000,BBG000BD4VG8,-0.0025979963,-0.00015888631,649871
20150327,12:00:00.000,BBG000BC2C10,0.002067683,0.0008354941,1394657
20150327,12:00:00.000,BBG000NV1KK7,-0.0041091293,0.0020055103,1527408
20150327,12:00:00.000,BBG000BLZRJ2,0.0030503906,0.0022469,3201647
20150327,12:00:00.000,BBG000F6H8W8,-0.0010894161,0.0041639167,475774
20150327,12:00:00.000,BBG000BMY992,-0.0043837265,0.0045995256,809461
20150327,12:00:00.000,BBG000BT9DW0,0.0052539366,0.010515333,2286633
20150327,12:00:00.000,BBG000PX3XC0,-0.0065258183,-0.019032365,4541146
20150327,12:00:00.000,BBG000BWXBC2,-0.0065091476,-0.004030411,1701845
20150327,12:00:00.000,BBG000BB6KF5,0.0023819553,-0.0015816253,1485877
20150327,12:00:00.000,BBG000FFDM15,-0.00021022919,-0.0052279234,1812176
20150327,12:00:00.000,BBG000KLB4Q1,0.034357514,0.041704576,5643229
20150327,12:00:00.000,BBG001DCCGR8,-0.011771867,-0.007284772,441109
20150327,12:00:00.000,BBG000BVV7G1,0.0035937382,0.0026886582,1317544
20150327,12:00:00.000,BBG000BHGDH5,-0.0015208527,0.0082715675,1445832
20150327,12:00:00.000,BBG000BWVCP8,0.011042904,0.007104788,1604456
20150327,12:00:00.000,BBG000C15T95,-0.0063997908,-0.004699074,708838
20150327,12:00:00.000,BBG000D4LWF6,-0.0030296403,0.002576651,5034300
20150327,12:00:00.000,BBG000B9WH86,0.004805046,-0.0062083914,6608430
20150327,12:00:00.000,BBG000Q9HH23,-0.009714843,-0.0053937887,241222
20150327,12:00:00.000,BBG00286S4N9,-0.00042103912,-0.0029319534,519993
20150327,12:00:00.000,BBG000BHX7N2,-0.00056608353,-0.0010625501,1026118
20150327,12:00:00.000,BBG000L9CV04,-0.0046174047,-0.00046536105,1000966
20150327,12:00:00.000,BBG000BH13K9,0.0018434535,0.0019512307,1748132
20150327,12:00:00.000,BBG000FG3C43,-0.015868329,-0.026134465,5964306
20150327,12:00:00.000,BBG000C496P7,0.0075206314,0.006639125,1552882
20150327,12:00:00.000,BBG000BXRPH1,0.0050750226,0.002561197,559777
20150327,12:00:00.000,BBG000BNJHS8,-0.002039858,0.018297968,2371665
20150327,12:00:00.000,BBG000BBPFB9,-0.0015540938,-0.0022316764,8477478
20150327,12:00:00.000,BBG000WCFV84,-0.008118587,-0.010356722,1509819
20150327,12:00:00.000,BBG0019JZ882,0.0036965853,0.004601735,2096151
20150327,12:00:00.000,BBG000H89QJ6,-0.0015250905,-0.0019598757,541988
20150327,12:00:00.000,BBG000BFWKC0,0.007134761,0.0073499265,1082432
20150327,12:00:00.000,BBG000C5HS04,-0.005674344,0.00020120892,689159
20150327,12:00:00.000,BBG000BJX8C8,0.015070371,0.008990118,2036777
20150327,12:00:00.000,BBG000BNDN65,-0.0033700094,0.0076867407,1189889
20150327,12:00:00.000,BBG000BP52R2,0.00015156869,0.003352277,519832
20150327,12:00:00.000,BBG000M65M61,0.012699681,0.032330595,1899572
20150327,12:00:00.000,BBG000BP6LJ8,-0.00028810275,0.005000562,2495768
20150327,12:00:00.000,BBG000F0PF65,0.001313169,0.0046012406,734941
20150327,12:00:00.000,BBG000H8TVT2,0.004674819,0.011000347,1047569
20150327,12:00:00.000,BBG000DQLV23,0.00038440776,0.007999819,1629250
20150327,12:00:00.000,BBG000BHBK84,0.04043405,0.042423956,10390607
20150327,12:00:00.000,BBG000DLFM21,-0.017795479,-0.004032159,468543
20150327,12:00:00.000,BBG000BJDB15,-0.015559594,-0.031787172,9245996
20150327,12:00:00.000,BBG000CTQBF3,-0.0040438096,0.0006834562,1651083
20150327,12:00:00.000,BBG000BQQ2S6,-0.0005875939,-0.0058336705,1008551
20150327,12:00:00.000,BBG000BHVJJ3,-0.017627198,-0.025169434,12700990
20150327,12:00:00.000,BBG000F1ZSQ2,-0.008481323,-0.009096663,1536279
20150327,12:00:00.000,BBG000BQPC32,0.0035118568,0.001249815,13987773
20150327,12:00:00.000,BBG000C43RR5,0.0043506613,0.003129216,2202729
20150327,12:00:00.000,BBG000CH5208,0.0019082276,0.008255148,748081
20150327,12:00:00.000,BBG000J2XL74,0.00020989362,0.0013098216,1587959
20150327,12:00:00.000,BBG000BC40Y8,-0.006494547,-0.0060070944,856885
20150327,12:00:00.000,BBG000KHWT55,-0.011339787,-0.018740404,6570078
20150327,12:00:00.000,BBG000BW8S60,0.0037010098,0.0064184368,920180
20150327,12:00:00.000,BBG000BZ9223,-0.0036677478,-0.003940424,836984
20150327,12:00:00.000,BBG000DWYF03,-0.0010858354,-0.00088368985,2881791
20150327,12:00:00.000,BBG000BBGGQ1,-0.019390933,-0.017359445,2235379
20150327,12:00:00.000,BBG000BBDZG3,0.0025830604,-0.00018442802,2058240
20150327,12:00:00.000,BBG000BQLTW7,-0.0063717547,-0.008840326,5957694
20150327,12:00:00.000,BBG000NDYB67,0.00027369702,-0.0012049202,3643626
20150327,12:00:00.000,BBG000C6CFJ5,0.004085378,0.002455057,621932
20150327,12:00:00.000,BBG000BGRY34,-0.0013923855,0.0067641474,1332232
20150327,12:00:00.000,BBG000DH7JK6,-0.0023029232,0.0018825874,1557923
20150327,12:00:00.000,BBG000BW3299,0.002753899,-0.002587905,2556901
20150327,12:00:00.000,BBG000DWG505,0.0047317822,0.0030410986,1084435
20150327,12:00:00.000,BBG000BF0K17,0.00069092447,-0.0056337845,2691934
20150327,12:00:00.000,BBG000R7Z112,-0.0012403234,0.01587805,3219315
20150327,12:00:00.000,BBG000BCSST7,-0.0055523613,-0.0027338692,953128
20150327,12:00:00.000,BBG000BQQH30,-0.0033948526,-0.003319704,1535000
20150327,12:00:00.000,BBG000BCQZS4,-0.0009820908,-0.007388789,3361149
20150327,12:00:00.000,BBG000BMX289,-0.008859372,-0.0049567916,5717886
20150327,12:00:00.000,BBG000BNWG87,0.0017723939,0.007177935,1672261
20150327,12:00:00.000,BBG000BBS2Y0,-0.008412967,0.01071171,781445
20150327,12:00:00.000,BBG000BH4R78,-0.00050055404,0.0039422866,2591624
20150327,12:00:00.000,BBG005P7Q881,0.003790477,0.025163382,3960177
20150327,12:00:00.000,BBG000BKZB36,0.0016231488,0.010677336,1393968
20150327,12:00:00.000,BBG000GFFQN9,0.014631893,0.014614974,12128194
20150327,12:00:00.000,BBG0025Y4RY4,0.0016414983,0.0054105544,2324045
20150327,12:00:00.000,BBG000BFC8J2,-0.009020659,0.012407275,2427912
20150327,12:00:00.000,BBG000H6HNW3,0.0037525026,0.011016327,8400826
20150327,12:00:00.000,BBG000BNSZP1,-0.003519516,-0.0021550348,1439389
20150327,12:00:00.000,BBG000N9MNX3,-0.032125585,-0.030644886,3403353
20150327,12:00:00.000,BBG000BPD168,0.0031656304,0.008333652,2117136
20150327,12:00:00.000,BBG000BKTFN2,0.002216673,-0.0013896157,3925598
20150327,12:00:00.000,BBG000C17X76,-0.005953174,0.01397163,760606
20150327,12:00:00.000,BBG000BR2TH3,-0.0032835063,0.0027996835,2032712
20150327,12:00:00.000,BBG000PSKYX7,-0.0058862744,-0.0044947597,2587806
20150327,12:00:00.000,BBG000BT41Q8,0.00540124,0.0012626535,1882139
20150327,12:00:00.000,BBG000C5Z1S3,-0.011558355,-0.01575184,11847651
20150327,12:00:00.000,BBG000BLNNH6,-0.0008125398,-0.005385858,1137265
20150327,12:00:00.000,BBG000BFT2L4,0.0037880724,0.0048295693,5311100
20150327,12:00:00.000,BBG000CGC1X8,0.0003298722,-0.0020843765,3260063
20150327,12:00:00.000,BBG000HS77T5,0.0057848333,0.001652524,3893025
20150327,12:00:00.000,BBG000C3J3C9,0.00199552,0.0025839324,7619841
20150327,12:00:00.000,BBG000FH8PX5,-0.0016450117,0.010318928,817880
20150327,12:00:00.000,BBG000BLBVN4,-0.0045216493,-0.0018759142,213055
20150327,12:00:00.000,BBG000BSJK37,0.002088967,-0.0027418013,6530110
20150327,12:00:00.000,BBG000CL9VN6,-0.015672583,-0.010546421,1234722
20150327,12:00:00.000,BBG000BVPV84,0.00740528,0.012415096,1050781
20150327,12:00:00.000,BBG000K4ND22,0.00089901243,-0.0050348095,1826334
20150327,12:00:00.000,BBG000BWQFY7,-0.0008623554,-0.006332312,4351243
20150327,12:00:00.000,BBG002W96FT9,-0.005760287,-0.008635992,827353
20150327,12:00:00.000,BBG000BMHYD1,0.00047233142,0.0049943193,1544572
20150327,12:00:00.000,BBG000BR2B91,0.0026428306,0.009948476,8093460
20150327,12:00:00.000,BBG000BK6MB5,0.0012071363,0.0024184326,8626662
20150327,12:00:00.000,BBG000FY4S11,0.002403376,-0.0035155984,7316400
20150327,12:00:00.000,BBG000DMBXR2,0.004992379,0.00050365785,4112406
20150327,12:00:00.000,BBG000C0G1D1,0.0067144623,0.0026586694,11785172
20150327,12:00:00.000,BBG000BHSKN9,-0.007934169,-0.008108167,711599
20150327,12:00:00.000,BBG000CKGBP2,-0.0146421455,0.006134931,3226345
20150327,12:00:00.000,BBG000GZQ728,0.0017244398,-0.0032023226,3655762
20150327,12:00:00.000,BBG000BPH459,-0.004034664,-0.0063096927,11936266
20150327,12:00:00.000,BBG000BCTLF6,-0.0018523879,-0.0058348505,37369648
20150327,12:00:00.000,BBG000MM2P62,-0.0020796936,0.002710105,9471556
20150327,12:00:00.000,BBG000B9XRY4,-0.004233817,-0.0041843774,16094244
20150327,12:15:00.000,BBG000CNZC55,-0.008357164,-0.002165645,2212741
20150327,12:15:00.000,BBG000FH5YM1,0.0004442665,-1.9580023e-07,2215485
20150327,12:15:00.000,BBG000BLM0V1,-0.0069938162,-0.004732346,317358
20150327,12:15:00.000,BBG000HGYNZ9,-0.0067292666,-0.017240625,1127965
20150327,12:15:00.000,BBG000BF6RQ9,0.0030010482,0.02097079,326537
20150327,12:15:00.000,BBG000BFV115,0.002326662,-0.0085163945,494477
20150327,12:15:00.000,BBG0015XMW40,0.012093713,0.009417618,206902
20150327,12:15:00.000,BBG000FBMY72,-0.0033455044,-0.011646579,1081076
20150327,12:15:00.000,BBG000BDWKC5,0.010569975,0.009423968,832783
20150327,12:15:00.000,BBG000G6BN50,0.0098521,0.006868097,141897
20150327,12:15:00.000,BBG000BLDV98,-0.007919804,0.0012506547,651506
20150327,12:15:00.000,BBG000R0L5J4,-0.0014794192,-0.007745667,258353
20150327,12:15:00.000,BBG006NV2Q11,-0.0007107858,-0.0055635753,747153
20150327,12:15:00.000,BBG000BC2R71,0.004561536,-0.0019367766,515129
20150327,12:15:00.000,BBG000BN1XR3,0.0034030874,0.0058705825,197597
20150327,12:15:00.000,BBG000GPXKX9,-0.0062037734,-0.0044660666,173411
20150327,12:15:00.000,BBG000DV7MX4,-0.0032293405,-0.0017206267,2043795
20150327,12:15:00.000,BBG000BGRKT6,-0.0053397347,-0.0007193473,169146
20150327,12:15:00.000,BBG000BB5BF6,-0.015184241,-0.013154637,3445678
20150327,12:15:00.000,BBG000BVB8Q0,-0.0037696143,-0.0039395704,6474690
20150327,12:15:00.000,BBG000DGPR66,0.013845208,0.01719871,617027
20150327,12:15:00.000,BBG000BQ74K1,-0.0038477182,-0.0063199163,179100
20150327,12:15:00.000,BBG000RNTSX0,6.743106e-05,0.0034995386,166058
20150327,12:15:00.000,BBG000N746D6,0.010094782,0.008741527,1291079
20150327,12:15:00.000,BBG000CR90K4,0.026163585,0.020418778,17122478
20150327,12:15:00.000,BBG000BVL2G3,0.0047641173,-0.002615877,592614
20150327,12:15:00.000,BBG000BPQVR5,-0.008744826,-0.01044983,226478
20150327,12:15:00.000,BBG000CB8Q50,0.0051068845,0.0071146735,199830
20150327,12:15:00.000,BBG000D42FJ0,-0.0020250557,-0.019483682,941763
20150327,12:15:00.000,BBG003641015,-0.0019362051,0.00012147975,657250
20150327,12:15:00.000,BBG000CPHYL4,0.009011788,0.008062881,576131
20150327,12:15:00.000,BBG000BKL348,0.0070492453,0.006930411,152226
20150327,12:15:00.000,BBG000BMF5J0,-0.00952777,-0.0013081753,2209868
20150327,12:15:00.000,BBG000BCHG15,0.0048305625,0.008227808,148360
20150327,12:15:00.000,BBG000BJKPG0,-0.003325035,-0.0016577967,184360
20150327,12:15:00.000,BBG000HS74G6,-0.0068770316,-0.013117428,503332
20150327,12:15:00.000,BBG000BVHBM1,-0.0066072745,0.010952585,495451
20150327,12:15:00.000,BBG002PHSYX9,-0.0150238825,-0.012885048,425998
20150327,12:15:00.000,BBG000D2ZTS8,-0.0056188027,0.004182949,685728
20150327,12:15:00.000,BBG000BGYMH7,-0.00012386825,-0.0009141128,264423
20150327,12:15:00.000,BBG000PV2L86,-0.0017091146,0.010914035,340980
20150327,12:15:00.000,BBG000FQ6PY6,0.0057591344,0.0016562681,416853
20150327,12:15:00.000,BBG000R06BX2,0.0047736317,0.005114909,724229
20150327,12:15:00.000,BBG000BCWKD6,-4.8184947e-06,-0.0025462722,918502
20150327,12:15:00.000,BBG000CPBCL8,-0.0019098417,-0.008310817,283668
20150327,12:15:00.000,BBG000B9X8C0,0.0031883477,0.013191733,687095
20150327,12:15:00.000,BBG000BDY3Y7,-0.003730783,-0.0045864373,241640
20150327,12:15:00.000,BBG001XJRMF5,0.007752276,0.00044074433,883293
20150327,12:15:00.000,BBG000BJ26K7,0.02242791,0.016472409,757442
20150327,12:15:00.000,BBG000BQ87N0,-0.0010524818,0.009618387,363133
20150327,12:15:00.000,BBG000C37332,0.005706238,0.000369431,287526
20150327,12:15:00.000,BBG000C4ZZ10,0.004267437,0.004816389,354605
20150327,12:15:00.000,BBG000BPNP00,0.0044816504,0.0032441246,459326
20150327,12:15:00.000,BBG000BXBHJ4,-0.0076949135,-0.016273448,578202
20150327,12:15:00.000,BBG000FDBX90,0.006425993,0.008321822,1179635
20150327,12:15:00.000,BBG000BKNX95,-0.0037276295,-0.00573763,531653
20150327,12:15:00.000,BBG000BV4XJ1,0.0005808497,0.024358682,188430
20150327,12:15:00.000,BBG000MQ1SN9,0.0014763584,0.0035763695,286305
20150327,12:15:00.000,BBG000KBQZ88,-0.013581256,-0.01054209,441593
20150327,12:15:00.000,BBG000BXNJ07,-0.0066111074,-0.00707888,2444938
20150327,12:15:00.000,BBG000DLVDK3,-0.0039801407,-0.015086418,938107
20150327,12:15:00.000,BBG000BB03M1,0.026263895,0.012991564,650890
20150327,12:15:00.000,BBG000BWGYF8,-0.0018847955,0.0016067113,199255
20150327,12:15:00.000,BBG000BPZBB6,0.022392958,0.025353096,922279
20150327,12:15:00.000,BBG000JKCWS0,0.0047929226,-0.004946899,262506
20150327,12:15:00.000,BBG000BNPSQ9,0.034302495,0.066980965,694373
20150327,12:15:00.000,BBG000C060M4,-0.0034502468,-0.008016528,65971
20150327,12:15:00.000,BBG000BFDLV8,0.0072967545,0.012926645,329587
20150327,12:15:00.000,BBG000C2V3D6,-0.0011192026,0.0049256226,415333
20150327,12:15:00.000,BBG000BC9938,-0.00074601726,-0.0065035345,302541
20150327,12:15:00.000,BBG000C22QV7,-0.0013422136,0.003774376,420114
20150327,12:15:00.000,BBG000BMTFR4,-0.0067703305,-0.0059896796,764802
20150327,12:15:00.000,BBG000BKTT89,-0.003727694,0.0006008601,128864
20150327,12:15:00.000,BBG000BWXL85,0.0066855596,0.006237122,1088673
20150327,12:15:00.000,BBG0014GG205,-0.00025551755,-0.009478668,1291211
20150327,12:15:00.000,BBG000BGFZR8,0.0059729856,0.0058311736,691956
20150327,12:15:00.000,BBG000V31J96,0.0077408343,0.015323733,1256736
20150327,12:15:00.000,BBG000BNNKG9,-0.0017627836,0.0046418584,630610
20150327,12:15:00.000,BBG000BSSC44,-0.006408446,-0.015056802,522596
20150327,12:15:00.000,BBG000BSY3K9,-0.0062155942,0.00029004182,262504
20150327,12:15:00.000,BBG000BPMH90,-0.0074582263,-0.011189522,400813
20150327,12:15:00.000,BBG000BX5ZF5,-0.014565256,-0.017977484,2399662
20150327,12:15:00.000,BBG000BR37X2,0.004773953,-0.00037159715,878606
20150327,12:15:00.000,BBG000C9F2F9,-0.023838082,0.00015817666,656475
20150327,12:15:00.000,BBG000D9KWL9,0.009335957,0.002578123,380678
20150327,12:15:00.000,BBG000PLXQQ3,-0.0029947578,0.0003815826,215872
20150327,12:15:00.000,BBG000HZFZX3,-0.0045407326,0.0003734569,308903
20150327,12:15:00.000,BBG000BDXGP9,0.019802984,0.028493354,1533381
20150327,12:15:00.000,BBG000BB29X4,0.0029703798,0.011831207,391657
20150327,12:15:00.000,BBG001C7TST4,-0.0050719436,-0.0027697925,463860
20150327,12:15:00.000,BBG000BMKDM3,-0.0011592902,0.0048411214,585482
20150327,12:15:00.000,BBG000FFH4P5,0.0017194378,0.002379229,341580
20150327,12:15:00.000,BBG000C75N77,0.00371497,-0.0071062096,301589
20150327,12:15:00.000,BBG000C221G9,-0.010560105,-0.008273927,414791
20150327,12:15:00.000,BBG000BKXFN7,0.001467536,-0.01780613,1082884
20150327,12:15:00.000,BBG000BWP7D9,0.0055138986,0.016988728,547468
20150327,12:15:00.000,BBG000DY8ZS4,-0.01411402,-0.023006665,2037230
20150327,12:15:00.000,BBG000BFL116,0.0032097748,-0.0039412123,630266
20150327,12:15:00.000,BBG000BKLH74,0.005903265,0.0037742252,1133791
20150327,12:15:00.000,BBG000BS9489,-0.0026795864,0.0012355873,200392
20150327,12:15:00.000,BBG000BP8Z50,-0.004723005,-0.007107007,604069
20150327,12:15:00.000,BBG000BS7KS3,0.004302642,0.0054724733,517482
20150327,12:15:00.000,BBG000BMZ7P7,0.004236879,-0.0032957061,358606
20150327,12:15:00.000,BBG000FBK808,-0.033390112,-0.049211714,3603040
20150327,12:15:00.000,BBG000R8ZVD1,-0.016792724,-0.012350643,1578679
20150327,12:15:00.000,BBG000BLMZK6,-0.0032672712,0.010868861,545163
20150327,12:15:00.000,BBG000BQSQ38,0.008604071,0.009181011,688771
20150327,12:15:00.000,BBG000BBL0Y1,-0.0055141095,0.013700806,435420
20150327,12:15:00.000,BBG001QZCPJ2,0.013394735,0.022399578,881676
20150327,12:15:00.000,BBG000CVWGS6,0.007263845,0.009344217,1292310
20150327,12:15:00.000,BBG000BCNYT9,0.0069642523,-0.0012669053,3422879
20150327,12:15:00.000,BBG000PVRDL2,0.011116696,-6.684759e-07,1626421
20150327,12:15:00.000,BBG000BJQWD2,-0.0031369214,-0.0038008715,304005
20150327,12:15:00.000,BBG000C9W1Y1,0.00014623677,-0.0013571697,930364
20150327,12:15:00.000,BBG000BJ49H3,0.0069457893,0.0037187897,459204
20150327,12:15:00.000,BBG000BFVXX0,-0.0027415564,0.009679227,1339501
20150327,12:15:00.000,BBG000FLZN98,-0.002477757,0.0025261506,144164
20150327,12:15:00.000,BBG000FLPRH1,0.009822297,0.005041627,737893
20150327,12:15:00.000,BBG000BYWTX7,-0.0031655503,-0.0060142083,2713024
20150327,12:15:00.000,BBG000BY33P5,-0.0014351116,-0.0013452745,1528713
20150327,12:15:00.000,BBG000BBB3K1,0.0075683664,0.013805092,949398
20150327,12:15:00.000,BBG000DN7P92,0.009260988,0.013596831,476486
20150327,12:15:00.000,BBG000BBMSJ6,0.004170794,0.0017355572,684445
20150327,12:15:00.000,BBG000BH2JM1,-0.0030976934,-0.0060115433,1923743
20150327,12:15:00.000,BBG000BFS7D3,-0.004380797,0.002325483,187384
20150327,12:15:00.000,BBG000CKVSG8,-0.010519993,-0.020062108,1235373
20150327,12:15:00.000,BBG000BB6G37,-0.0021371231,-0.003135421,739730
20150327,12:15:00.000,BBG000BM7HL0,0.0024001522,0.0028101553,424793
20150327,12:15:00.000,BBG000BCYP43,-0.0044549927,0.001320241,192679
20150327,12:15:00.000,BBG000BV75B7,0.0041263895,-0.0013324249,385303
20150327,12:15:00.000,BBG000TWC2V5,-0.0012926792,0.004682796,209881
20150327,12:15:00.000,BBG000BLW530,0.0052499315,0.0012352513,640091
20150327,12:15:00.000,BBG000BKWSR6,0.0013587355,-0.002759313,2272839
20150327,12:15:00.000,BBG000C2YHG9,0.0037337802,0.006540275,482708
20150327,12:15:00.000,BBG000BRQ6L2,0.01096699,0.032928687,2991481
20150327,12:15:00.000,BBG000BQHGR6,0.007841308,0.0048763785,517962
20150327,12:15:00.000,BBG000BN9WT5,0.003412444,0.00032913667,511625
20150327,12:15:00.000,BBG000BVWLJ6,-0.0064419843,-0.004685534,342235
20150327,12:15:00.000,BBG000BKQ3V3,-0.011256706,-0.03281857,4211253
20150327,12:15:00.000,BBG000H0QBS7,-0.0006862163,0.005617068,826729
20150327,12:15:00.000,BBG000H4YVR7,0.0010299494,0.02746605,324715
20150327,12:15:00.000,BBG000PYZSR8,-0.005896119,-0.001595817,188394
20150327,12:15:00.000,BBG007TJF1N7,0.005650949,0.010558784,1284940
20150327,12:15:00.000,BBG000C2ZCH8,0.0059004803,0.01745305,818406
20150327,12:15:00.000,BBG000BTCH57,-0.008308191,-0.0019835148,496892
20150327,12:15:00.000,BBG000BR54L0,0.0043495144,0.020450871,1404871
20150327,12:15:00.000,BBG000BB5373,0.002853196,0.0036105614,1900115
20150327,12:15:00.000,BBG000BHZ5J9,0.008424479,0.0023770013,309036
20150327,12:15:00.000,BBG000CXD6X9,0.0063815196,0.014789327,401654
20150327,12:15:00.000,BBG000BKZTP3,0.0068265107,0.00024955202,485558
20150327,12:15:00.000,BBG000BB1TH9,-0.0062719313,-0.014788921,291692
20150327,12:15:00.000,BBG000D5S4M0,0.015851304,0.018165037,271894
20150327,12:15:00.000,BBG000BN84F3,-0.0035022674,-0.0013841675,879919
20150327,12:15:00.000,BBG000HW5GX3,-0.0074501443,-0.013411932,919042
20150327,12:15:00.000,BBG000CHPY97,-0.012990966,-0.02442229,2439934
20150327,12:15:00.000,BBG000D2M0Z7,-0.003360543,-0.0007547354,791556
20150327,12:15:00.000,BBG000BF1R66,0.0070615364,0.0025031345,525441
20150327,12:15:00.000,BBG000BJ8YN7,-0.0007520138,-0.007957762,633118
20150327,12:15:00.000,BBG000G9CGL0,0.012214698,0.02078567,263471
20150327,12:15:00.000,BBG000BQ8KV2,-0.0032857838,-0.008926739,588330
20150327,12:15:00.000,BBG000BVMPN3,0.004723823,-0.0010470684,329362
20150327,12:15:00.000,BBG000BGD7W6,-0.006537356,0.003226265,366452
20150327,12:15:00.000,BBG000BC15S7,0.0012965732,-0.0020842052,474657
20150327,12:15:00.000,BBG000Q2HM09,0.020494174,0.014987367,628918
20150327,12:15:00.000,BBG000BQVTF5,-0.004518805,-0.006740402,354819
20150327,12:15:00.000,BBG000VC0T95,-0.0022311292,0.0010711006,431625
20150327,12:15:00.000,BBG000F86GP6,0.0022888363,0.0033303043,256468
20150327,12:15:00.000,BBG000BWVSR1,-0.0006409111,0.0029962403,420221
20150327,12:15:00.000,BBG000BX8DC4,0.0070885955,0.009384243,466015
20150327,12:15:00.000,BBG000BHCP19,0.002767004,0.0021781852,453523
20150327,12:15:00.000,BBG000BK6G19,0.007884148,0.0030664753,755311
20150327,12:15:00.000,BBG000RGM5P1,-0.010647991,-0.007505991,364827
20150327,12:15:00.000,BBG000BF5RY1,0.0009358349,0.00411833,675296
20150327,12:15:00.000,BBG000BP4MH0,0.00034202906,-0.000539862,621454
20150327,12:15:00.000,BBG000D8RG11,-0.012663922,-0.0052726227,1043991
20150327,12:15:00.000,BBG000FP1N32,-0.002484684,-0.012940809,1719251
20150327,12:15:00.000,BBG000BLHRS2,0.0010715063,0.0074259946,302388
20150327,12:15:00.000,BBG000TJM7F0,-0.00851266,-0.0011370928,632339
20150327,12:15:00.000,BBG000J1QLT0,-0.007870441,0.0007833072,220242
20150327,12:15:00.000,BBG000BBBNC6,0.0030443338,-0.0020467436,514832
20150327,12:15:00.000,BBG000BY2Y78,0.0021413313,-0.0020042702,794882
20150327,12:15:00.000,BBG000BM6788,-0.0067232926,-0.00051929493,477141
20150327,12:15:00.000,BBG000C1FQS9,-0.0004721296,0.0071881665,211962
20150327,12:15:00.000,BBG000BBJQV0,-0.0023412385,-0.0042934944,2036799
20150327,12:15:00.000,BBG000BTQR96,-0.0002018212,0.0035844748,379602
20150327,12:15:00.000,BBG000CXYSZ6,0.014544247,0.012072657,275204
20150327,12:15:00.000,BBG000BB5792,0.04617193,0.061254475,3194960
20150327,12:15:00.000,BBG000BNGTQ7,1.3602412e-06,0.0061111576,295892
20150327,12:15:00.000,BBG000BZTW70,-0.00907272,-0.027155612,3117234
20150327,12:15:00.000,BBG000G0Z878,-0.0019792805,-0.0047457544,801566
20150327,12:15:00.000,BBG000BFNR17,0.006248854,0.005961677,99846
20150327,12:15:00.000,BBG002BHBHM1,0.0019922305,0.016093837,364245
20150327,12:15:00.000,BBG000BC4JJ4,-4.6582794e-05,0.0010582771,254473
20150327,12:15:00.000,BBG000F15NW9,0.0069047976,0.009925893,205056
20150327,12:15:00.000,BBG000BKR1D6,0.0061468715,-2.1478514e-05,125559
20150327,12:15:00.000,BBG000BCTQ65,-0.0057098195,0.003499773,3306511
20150327,12:15:00.000,BBG000BNNYW1,-0.0034941442,-0.0061519877,3462984
20150327,12:15:00.000,BBG000BBCDZ2,-0.0057442626,-0.004674363,500409
20150327,12:15:00.000,BBG000BRK7L6,0.007203382,-0.00614019,1659938
20150327,12:15:00.000,BBG000DQTXY6,0.0018013272,0.018549584,1357800
20150327,12:15:00.000,BBG000BRXP69,-0.00068884087,0.007435563,192238
20150327,12:15:00.000,BBG000BL9JQ1,-0.007237087,-0.011721405,631598
20150327,12:15:00.000,BBG000DTMH63,-0.005903019,-0.024531856,2042865
20150327,12:15:00.000,BBG000BJPDZ1,-0.0028111981,0.00021025557,114653
20150327,12:15:00.000,BBG000BXWBN9,2.0413141e-05,0.006644519,745913
20150327,12:15:00.000,BBG000C2PW58,0.0010728864,-0.00035831903,144149
20150327,12:15:00.000,BBG000D13GN8,-0.009450088,-0.011298741,341231
20150327,12:15:00.000,BBG000BB6M98,-0.0022475594,-0.0002883662,950241
20150327,12:15:00.000,BBG000BGYWY6,0.0028107455,0.014963427,224524
20150327,12:15:00.000,BBG000BHB3M6,0.0062243026,0.0061145714,540332
20150327,12:15:00.000,BBG000G3QLY3,-0.0051483205,-0.0079442,302134
20150327,12:15:00.000,BBG000BSBZH7,-0.0023455515,0.0011087126,333058
20150327,12:15:00.000,BBG000F7RCJ1,-0.0032908048,0.008532376,330863
20150327,12:15:00.000,BBG0039320N9,-0.0055241645,0.0030364995,968288
20150327,12:15:00.000,BBG000BTZQC4,-0.019072536,-0.021331739,1777750
20150327,12:15:00.000,BBG001M8HHB7,-0.0012599161,-0.0011955982,330337
20150327,12:15:00.000,BBG000CZWZ05,0.09822481,0.12756965,4197602
20150327,12:15:00.000,BBG000QY3XZ2,0.0067754774,0.008570638,339712
20150327,12:15:00.000,BBG000BHLYP4,-0.005220634,-0.002954047,541301
20150327,12:15:00.000,BBG000CHWP52,0.015150581,0.008404942,1505447
20150327,12:15:00.000,BBG000QFJ7H3,0.008754015,-0.0077766655,3596063
20150327,12:15:00.000,BBG000BFTJ91,0.0018594111,0.0028748137,691745
20150327,12:15:00.000,BBG000BZ2GG4,0.00706944,-0.0011166863,552449
20150327,12:15:00.000,BBG000FKJRC5,0.001020374,0.009410733,458187
20150327,12:15:00.000,BBG000BKPL53,0.009500517,0.013183527,594242
20150327,12:15:00.000,BBG000BNC3Y9,-0.0074968715,-0.011398148,262986
20150327,12:15:00.000,BBG000BNFLM9,0.0018689828,0.0028112896,1199654
20150327,12:15:00.000,BBG000BWCKB6,-0.0041234368,0.002639729,294374
20150327,12:15:00.000,BBG000BR14K5,0.003551833,0.0003164515,421836
20150327,12:15:00.000,BBG0014GJCT9,0.011006778,0.02285522,715216
20150327,12:15:00.000,BBG000BRRG02,-0.01597533,-0.01941611,938931
20150327,12:15:00.000,BBG000BP1Q11,-0.008594313,-0.0049909917,463673
20150327,12:15:00.000,BBG000P1F8Q7,-0.012838329,0.00045538685,389359
20150327,12:15:00.000,BBG000BCVMH9,-0.005026308,-0.011586704,424779
20150327,12:15:00.000,BBG000D7RKJ5,0.0027330134,0.011525952,572842
20150327,12:15:00.000,BBG000FNRZ69,0.020368034,0.008732354,1794082
20150327,12:15:00.000,BBG000BTKGG8,0.0028155854,-0.003684807,812265
20150327,12:15:00.000,BBG001QD41M9,-0.0049173217,-0.0008452213,398998
20150327,12:15:00.000,BBG000D9DMK0,0.002294072,0.0050079916,505497
20150327,12:15:00.000,BBG000BH5DV1,-0.0042195884,-0.002940052,386887
20150327,12:15:00.000,BBG000BMQPL1,-0.004467159,-0.00989701,4107805
20150327,12:15:00.000,BBG000BMDV41,-0.0050859135,-0.004064968,557746
20150327,12:15:00.000,BBG000BQZMH4,0.0017692161,0.010928414,699930
20150327,12:15:00.000,BBG000BS0ZF1,-0.005180273,-0.0113257365,202432
20150327,12:15:00.000,BBG000BGLRN3,-0.0053928834,-0.011279789,1121368
20150327,12:15:00.000,BBG000C0F570,-0.0016401968,-0.0050017145,1154647
20150327,12:15:00.000,BBG000D6L294,-0.005924377,-0.009153908,286655
20150327,12:15:00.000,BBG000BM5SR2,0.0047628353,0.0024905168,792477
20150327,12:15:00.000,BBG000BYYLS8,0.0035949822,-0.00051680254,1556981
20150327,12:15:00.000,BBG000BF6LY3,0.048439752,0.059637826,7169632
20150327,12:15:00.000,BBG000BCBCM7,-0.010489557,-0.008741551,1996538
20150327,12:15:00.000,BBG000BJ2VQ6,0.0062509254,-0.016132275,1476867
20150327,12:15:00.000,BBG000BJ98Z0,-0.0013835398,0.006555905,566012
20150327,12:15:00.000,BBG000BLCPY4,0.008415702,-0.012303594,552366
20150327,12:15:00.000,BBG000D898T9,-0.0010016478,0.004486519,498829
20150327,12:15:00.000,BBG000BMBL90,0.0012589336,0.0048419028,635459
20150327,12:15:00.000,BBG000BSXQV7,0.0019862445,0.00917903,197793
20150327,12:15:00.000,BBG000FVXD63,0.018858852,0.008606477,800914
20150327,12:15:00.000,BBG000BVMGF2,-0.0010635891,-0.0032746398,541494
20150327,12:15:00.000,BBG000C11MQ5,-0.03257785,0.0016770029,348166
20150327,12:15:00.000,BBG000BPQD31,-0.0009645463,0.0033124087,1914112
20150327,12:15:00.000,BBG000BB5006,-0.0024801006,-0.00082228647,798724
20150327,12:15:00.000,BBG000BHKYH4,-0.0025179754,-0.0004376213,332730
20150327,12:15:00.000,BBG000D1QCF1,-0.0012648872,-0.011512804,595585
20150327,12:15:00.000,BBG000CSY9H9,0.005134605,0.0111799585,714121
20150327,12:15:00.000,BBG000BRJ809,0.000984313,0.0023264363,129375
20150327,12:15:00.000,BBG000CNFQW6,-0.00023896967,0.0039538792,238501
20150327,12:15:00.000,BBG000BXM6V2,-0.0013848424,0.007885138,596917
20150327,12:15:00.000,BBG000BCGY17,0.009446049,0.013800632,952356
20150327,12:15:00.000,BBG000DKCC19,-0.009768547,-0.0034060816,666357
20150327,12:15:00.000,BBG000BKCFC2,0.00077875005,0.0075981985,1436802
20150327,12:15:00.000,BBG000BTVJ25,0.003952263,0.0055425884,1455786
20150327,12:15:00.000,BBG000BN5HF7,-0.004258923,0.01113016,452401
20150327,12:15:00.000,BBG000Q3JN03,0.004641515,-0.0053676805,7155608
20150327,12:15:00.000,BBG0020B4JG7,0.0003639974,0.0044524088,1704996
20150327,12:15:00.000,BBG000BR3KL6,0.005638186,0.0051120836,226595
20150327,12:15:00.000,BBG000BRWGG9,0.009237132,0.020744534,7941875
20150327,12:15:00.000,BBG001LWHLJ8,0.004753226,0.0048592757,2677516
20150327,12:15:00.000,BBG000C7LMS8,0.010063318,0.021538697,156349
20150327,12:15:00.000,BBG000BPT0C6,0.01951314,0.010117888,1381387
20150327,12:15:00.000,BBG000BSD7C2,0.0004250345,0.002526991,436547
20150327,12:15:00.000,BBG000BRJL00,0.0008093733,0.00939002,1285476
20150327,12:15:00.000,BBG000C1FB75,0.0018335744,0.0037428164,166391
20150327,12:15:00.000,BBG000BJ3PD2,-0.0019734947,-0.0014998472,451476
20150327,12:15:00.000,BBG000BHLYS1,0.012295148,0.023811234,2587711
20150327,12:15:00.000,BBG000JWD753,-0.0009405505,0.0032910488,1167949
20150327,12:15:00.000,BBG000BXMFC3,-0.008051763,-0.014986923,1120252
20150327,12:15:00.000,BBG000CGQ6M4,0.0005429203,-0.0023638718,329063
20150327,12:15:00.000,BBG000DNTSP4,0.009298938,0.0013895126,1352532
20150327,12:15:00.000,BBG000BFXHL6,-0.011957574,-0.011985369,1256187
20150327,12:15:00.000,BBG000BJL3N0,0.0016062526,-0.0057983203,3671565
20150327,12:15:00.000,BBG000JG0547,-0.00088444346,0.0016591629,508342
20150327,12:15:00.000,BBG000BWSV34,0.001505857,0.0084667755,181531
20150327,12:15:00.000,BBG000BB6WG8,0.00083888264,0.0030238302,1037389
20150327,12:15:00.000,BBG000BCWCG1,-0.017933175,-0.009894095,1917235
20150327,12:15:00.000,BBG000BB9KF2,0.007547808,0.015993506,1196814
20150327,12:15:00.000,BBG000C3HSR0,-0.0057042236,-0.0015815549,450865
20150327,12:15:00.000,BBG000BFMBQ6,0.0086920345,0.018616512,579882
20150327,12:15:00.000,BBG000BP0KQ8,0.01796019,0.026392816,1526957
20150327,12:15:00.000,BBG000BQWPC5,-0.00633151,0.0060676234,644374
20150327,12:15:00.000,BBG001YMS0B8,0.038544256,0.04544085,15385087
20150327,12:15:00.000,BBG000C0LW92,0.008690574,0.016623847,2537846
20150327,12:15:00.000,BBG000MDCQC2,0.0030987412,0.009543483,630371
20150327,12:15:00.000,BBG000BK67C7,-0.0035260627,-0.0013380207,259515
20150327,12:15:00.000,BBG000BY29C7,0.0090847295,0.010569206,921763
20150327,12:15:00.000,BBG000BSLZY7,0.012578211,0.009070668,2317167
20150327,12:15:00.000,BBG000BLKK03,-0.0044277934,0.0042174817,837009
20150327,12:15:00.000,BBG000C2BXK4,-0.008424837,-0.0004670339,4713989
20150327,12:15:00.000,BBG000BCZYD3,-0.00082660944,0.010091289,389727
20150327,12:15:00.000,BBG000R7RDB4,0.005927673,0.001386075,432548
20150327,12:15:00.000,BBG000C3GN47,-0.0016188099,-0.005175525,1939775
20150327,12:15:00.000,BBG000BMW2Z0,-0.0034828759,0.0024451828,376389
20150327,12:15:00.000,BBG000BKFZM4,0.0049855793,0.0066773924,1964400
20150327,12:15:00.000,BBG000G2R6M0,0.0029402513,-0.010222846,3711625
20150327,12:15:00.000,BBG000C1S2X2,-0.0072449,0.015559446,538553
20150327,12:15:00.000,BBG000F0KF42,-0.003818421,-0.0136388615,828243
20150327,12:15:00.000,BBG000CS7CT9,-0.009143647,-0.00086672715,1195892
20150327,12:15:00.000,BBG000CPQZ77,-0.01435693,-0.007861531,1137207
20150327,12:15:00.000,BBG000C8H633,-0.010485381,-0.015539505,2258377
20150327,12:15:00.000,BBG000JH6683,0.01300316,0.043503523,1937933
20150327,12:15:00.000,BBG000BLBXT4,-0.008506952,-0.0007075893,1895868
20150327,12:15:00.000,BBG000BB07P9,0.013777937,-8.80465e-07,4913332
20150327,12:15:00.000,BBG000BX3TD3,-0.0028168245,-0.01973805,2318790
20150327,12:15:00.000,BBG000F80SZ5,-0.0026824868,0.004626934,2348344
20150327,12:15:00.000,BBG000BKFBD7,0.00018119739,-0.004343065,676804
20150327,12:15:00.000,BBG000BPWXK1,0.016994223,0.0054169404,2583349
20150327,12:15:00.000,BBG000BH5LT6,-0.020789327,-0.04440092,4772854
20150327,12:15:00.000,BBG000BBD070,-0.007214783,-0.015097596,532923
20150327,12:15:00.000,BBG000BWJFZ4,-0.014687284,-0.01324108,162398
20150327,12:15:00.000,BBG000BWNFZ9,-0.004143126,-0.01153271,700850
20150327,12:15:00.000,BBG000BH3JF8,-0.000999877,0.0026088634,683710
20150327,12:15:00.000,BBG000C0HQ54,0.015088644,0.024824621,957449
20150327,12:15:00.000,BBG000FL1TC8,-0.0038673645,-0.0025083025,698448
20150327,12:15:00.000,BBG000BV8DN6,0.0029089025,0.0043449216,1071341
20150327,12:15:00.000,BBG0029SNR63,-0.008022808,-0.006972701,453205
20150327,12:15:00.000,BBG000DYGNW7,-0.0045556533,-8.830058e-05,258498
20150327,12:15:00.000,BBG000QW7VC1,-0.0017045685,0.00032821976,833512
20150327,12:15:00.000,BBG000BFQYY3,-0.0065548704,-0.0005091958,762008
20150327,12:15:00.000,BBG000BGVW60,-0.0047690948,0.004761569,814616
20150327,12:15:00.000,BBG000C1BW00,-0.0070255464,0.0034153447,443997
20150327,12:15:00.000,BBG000BJ81C1,0.004902382,0.0010769367,458813
20150327,12:15:00.000,BBG000BFDXW1,0.0029411507,0.0018980935,2109783
20150327,12:15:00.000,BBG000BSC0K9,0.00019150875,0.008578299,648200
20150327,12:15:00.000,BBG000BD8PN9,-0.004660157,-0.006281037,1576216
20150327,12:15:00.000,BBG000DSMS70,-0.014189697,0.008730456,274656
20150327,12:15:00.000,BBG000BQ5DS5,0.0025992414,-0.0044749645,1151138
20150327,12:15:00.000,BBG000G30YX4,0.0150708845,0.0351002,590782
20150327,12:15:00.000,BBG000BQ2C28,-0.00019376737,0.004018465,460815
20150327,12:15:00.000,BBG000BN2DC2,-0.0019396432,7.550273e-05,617936
20150327,12:15:00.000,BBG000LD9JQ8,-0.0077852155,-0.0029168548,359870
20150327,12:15:00.000,BBG000BGKTF9,0.008680048,0.0034386497,898837
20150327,12:15:00.000,BBG000BBVJZ8,-0.00679837,-0.010572037,778952
20150327,12:15:00.000,BBG000D9D830,-0.006196557,-0.009236439,2034463
20150327,12:15:00.000,BBG000BJSBJ0,0.0007616491,0.009538848,439275
20150327,12:15:00.000,BBG000BH1NH9,0.00033147752,-0.0024029824,719719
20150327,12:15:00.000,BBG000BVDLH9,-0.0036144734,0.0052210195,345831
20150327,12:15:00.000,BBG000FJLFX8,0.0039827507,0.011611464,612430
20150327,12:15:00.000,BBG000MZFMS2,-0.01477176,5.742357e-05,411701
20150327,12:15:00.000,BBG000C4DPX1,0.002538377,0.011425376,956415
20150327,12:15:00.000,BBG000C0MF34,0.011512091,0.004189201,234548
20150327,12:15:00.000,BBG000QBR5J5,0.004738022,8.7772656e-05,1000812
20150327,12:15:00.000,BBG000BCVJ77,0.00032803023,0.0038961417,735679
20150327,12:15:00.000,BBG000QX74T1,0.001442367,0.003224175,170126
20150327,12:15:00.000,BBG000BBDV81,0.001445748,0.0039984453,870572
20150327,12:15:00.000,BBG000HCJMF9,-0.0051305722,-0.011242061,669092
20150327,12:15:00.000,BBG000C46HM9,-0.0049282648,0.001264587,730505
20150327,12:15:00.000,BBG000BGPTV6,0.00023269889,-0.00043862284,382670
20150327,12:15:00.000,BBG000BRD0D8,0.0013651708,-0.004865127,1303730
20150327,12:15:00.000,BBG000BGJRC8,-0.00117386,-0.008417612,2855026
20150327,12:15:00.000,BBG000DHSPT0,0.009918756,0.0050547603,595425
20150327,12:15:00.000,BBG000J6XT05,-0.0016097844,0.0046124063,2402653
20150327,12:15:00.000,BBG000BH3GZ2,-0.0011779303,-0.0017818534,685908
20150327,12:15:00.000,BBG000BTR593,0.010124755,-0.0013309139,1961705
20150327,12:15:00.000,BBG000B9ZXB4,0.0017811126,0.007525585,1045316
20150327,12:15:00.000,BBG000BL4504,-0.011994022,-0.022479134,10548291
20150327,12:15:00.000,BBG000BNBDC2,-0.00065891806,0.005581355,1299327
20150327,12:15:00.000,BBG000C734W3,-0.0036088964,0.018455412,316471
20150327,12:15:00.000,BBG000BWLMJ4,0.0032736075,0.010541132,1473673
20150327,12:15:00.000,BBG000H556T9,0.004648529,0.003573008,946810
20150327,12:15:00.000,BBG000BVPPM1,-0.009725803,-0.004332106,463971
20150327,12:15:00.000,BBG000BCG930,0.008088059,0.01716422,638941
20150327,12:15:00.000,BBG000BJF1Z8,-0.0067820507,-0.0033226695,299556
20150327,12:15:00.000,BBG000BND699,0.0055617574,0.0077444785,2343036
20150327,12:15:00.000,BBG000BD4VG8,-0.0027020364,-0.003022645,698367
20150327,12:15:00.000,BBG000BC2C10,0.0039880304,8.337823e-05,1515777
20150327,12:15:00.000,BBG000NV1KK7,-0.0028132899,0.0025404182,1653280
20150327,12:15:00.000,BBG000BLZRJ2,0.0031391836,0.0019660369,3387546
20150327,12:15:00.000,BBG000F6H8W8,-0.0013102439,0.004064093,493161
20150327,12:15:00.000,BBG000BMY992,-0.0063284184,0.0029570265,929330
20150327,12:15:00.000,BBG000BT9DW0,0.006775262,0.010743754,2365745
20150327,12:15:00.000,BBG000PX3XC0,-0.0011561008,-0.017763458,4962264
20150327,12:15:00.000,BBG000BWXBC2,-0.0068317004,-0.004885295,1817770
20150327,12:15:00.000,BBG000BB6KF5,0.0024800065,-0.0035580355,1605022
20150327,12:15:00.000,BBG000FFDM15,0.0012698154,-0.0042980695,1961503
20150327,12:15:00.000,BBG000KLB4Q1,0.035597317,0.043693237,5812628
20150327,12:15:00.000,BBG001DCCGR8,-0.009814936,-0.0074831266,494445
20150327,12:15:00.000,BBG000BVV7G1,0.003540811,0.0032262695,1421522
20150327,12:15:00.000,BBG000BHGDH5,-0.0017136215,0.008204226,1507397
20150327,12:15:00.000,BBG000BWVCP8,0.011104044,0.005481023,1654885
20150327,12:15:00.000,BBG000C15T95,-0.006212129,-0.00349443,774732
20150327,12:15:00.000,BBG000D4LWF6,-0.0013710577,0.004580386,5446398
20150327,12:15:00.000,BBG000B9WH86,0.0050433977,-0.0077606593,7031398
20150327,12:15:00.000,BBG000Q9HH23,-0.011528266,-0.007308982,266028
20150327,12:15:00.000,BBG00286S4N9,0.000100791236,-0.0043973997,566116
20150327,12:15:00.000,BBG000BHX7N2,-2.0080335e-05,-0.00088547525,1095279
20150327,12:15:00.000,BBG000L9CV04,-0.004264487,0.00077626907,1036290
20150327,12:15:00.000,BBG000BH13K9,0.0029070205,0.00285699,1851009
20150327,12:15:00.000,BBG000FG3C43,-0.016987339,-0.02855151,6533190
20150327,12:15:00.000,BBG000C496P7,0.0076610986,0.0061475327,1685702
20150327,12:15:00.000,BBG000BXRPH1,0.003801679,-0.002407261,588483
20150327,12:15:00.000,BBG000BNJHS8,-0.0023990914,0.01899291,2596696
20150327,12:15:00.000,BBG000BBPFB9,0.002075728,0.0017854682,8764832
20150327,12:15:00.000,BBG000WCFV84,-0.010414452,-0.014681629,1602689
20150327,12:15:00.000,BBG0019JZ882,0.0049915803,0.0043593952,2235069
20150327,12:15:00.000,BBG000H89QJ6,-0.00074793084,-0.001655777,579399
20150327,12:15:00.000,BBG000BFWKC0,0.0076909135,0.0069937054,1127720
20150327,12:15:00.000,BBG000C5HS04,-0.005779744,0.00075485016,712699
20150327,12:15:00.000,BBG000BJX8C8,0.015035164,0.0057211425,2163029
20150327,12:15:00.000,BBG000BNDN65,-0.0043409886,0.007274846,1282166
20150327,12:15:00.000,BBG000BP52R2,0.00024049297,0.0035366782,583417
20150327,12:15:00.000,BBG000M65M61,0.011984096,0.03179183,1983761
20150327,12:15:00.000,BBG000BP6LJ8,-0.00097073865,0.0052003,2683764
20150327,12:15:00.000,BBG000F0PF65,0.000667491,0.003244775,809829
20150327,12:15:00.000,BBG000H8TVT2,0.0043698023,0.009943788,1099492
20150327,12:15:00.000,BBG000DQLV23,-0.0010480678,0.0065385266,1698754
20150327,12:15:00.000,BBG000BHBK84,0.04295706,0.04446992,10743803
20150327,12:15:00.000,BBG000DLFM21,-0.01741643,-0.0037046873,482766
20150327,12:15:00.000,BBG000BJDB15,-0.020117272,-0.037939474,9817856
20150327,12:15:00.000,BBG000CTQBF3,-0.002839617,0.0018405785,1787062
20150327,12:15:00.000,BBG000BQQ2S6,-0.00022430082,-0.00786844,1110238
20150327,12:15:00.000,BBG000BHVJJ3,-0.018594084,-0.027105452,13729708
20150327,12:15:00.000,BBG000F1ZSQ2,-0.008696932,-0.009210368,1685274
20150327,12:15:00.000,BBG000BQPC32,0.0047457693,0.0018745909,16101268
20150327,12:15:00.000,BBG000C43RR5,0.0036013382,0.002086025,2291232
20150327,12:15:00.000,BBG000CH5208,0.002500941,0.01019002,801023
20150327,12:15:00.000,BBG000J2XL74,0.00011648901,0.0014406033,1739617
20150327,12:15:00.000,BBG000BC40Y8,-0.006883673,-0.009551484,940500
20150327,12:15:00.000,BBG000KHWT55,-0.014709522,-0.023113256,7712599
20150327,12:15:00.000,BBG000BW8S60,0.0035875007,0.006935295,1024242
20150327,12:15:00.000,BBG000BZ9223,-0.0064437995,-0.010289247,931397
20150327,12:15:00.000,BBG000DWYF03,9.065285e-06,-0.0008836948,3025557
20150327,12:15:00.000,BBG000BBGGQ1,-0.017863804,-0.017675025,2439727
20150327,12:15:00.000,BBG000BBDZG3,0.0021605182,-0.0012920533,2154836
20150327,12:15:00.000,BBG000BQLTW7,-0.0065469495,-0.009072926,6448950
20150327,12:15:00.000,BBG000NDYB67,0.0012223022,-0.0013390587,3928876
20150327,12:15:00.000,BBG000C6CFJ5,0.0048813676,0.0025885985,648178
20150327,12:15:00.000,BBG000BGRY34,-0.0020130952,0.0060288766,1432215
20150327,12:15:00.000,BBG000DH7JK6,-0.0017884803,0.0028239242,1650149
20150327,12:15:00.000,BBG000BW3299,0.0051255166,0.00023117533,2713237
20150327,12:15:00.000,BBG000DWG505,0.0039677205,0.0020972646,1176842
20150327,12:15:00.000,BBG000BF0K17,0.0010794438,-0.006259843,2838463
20150327,12:15:00.000,BBG000R7Z112,-0.001576388,0.016104706,3396291
20150327,12:15:00.000,BBG000BCSST7,-0.005421671,-0.0020590173,1011383
20150327,12:15:00.000,BBG000BQQH30,-0.0026851047,-0.0056908485,1656464
20150327,12:15:00.000,BBG000BCQZS4,-0.0024210361,-0.009427107,3971141
20150327,12:15:00.000,BBG000BMX289,-0.00885465,-0.0047089057,5934314
20150327,12:15:00.000,BBG000BNWG87,0.001387646,0.00783048,1791631
20150327,12:15:00.000,BBG000BBS2Y0,-0.008238677,0.011489953,824483
20150327,12:15:00.000,BBG000BH4R78,-0.00039655238,0.0037997365,2764350
20150327,12:15:00.000,BBG005P7Q881,0.004709535,0.025943771,4105434
20150327,12:15:00.000,BBG000BKZB36,0.0014675056,0.0108996825,1484571
20150327,12:15:00.000,BBG000GFFQN9,0.014035316,0.01304093,12704716
20150327,12:15:00.000,BBG0025Y4RY4,0.000261691,0.0036651385,2651427
20150327,12:15:00.000,BBG000BFC8J2,-0.010813927,0.011430073,2602133
20150327,12:15:00.000,BBG000H6HNW3,0.0042880066,0.010615661,8804516
20150327,12:15:00.000,BBG000BNSZP1,-0.0039300597,-0.0031811886,1533627
20150327,12:15:00.000,BBG000N9MNX3,-0.03176443,-0.030959927,3564703
20150327,12:15:00.000,BBG000BPD168,0.0017464646,0.006423813,2290686
20150327,12:15:00.000,BBG000BKTFN2,0.0022097158,-0.004863706,4151845
20150327,12:15:00.000,BBG000C17X76,-0.0066660536,0.013901582,800862
20150327,12:15:00.000,BBG000BR2TH3,-0.004056885,0.002556245,2197087
20150327,12:15:00.000,BBG000PSKYX7,-0.0056625227,-0.0041137184,2759493
20150327,12:15:00.000,BBG000BT41Q8,0.006239928,-0.0016829157,1984063
20150327,12:15:00.000,BBG000C5Z1S3,-0.008110399,-0.013126724,12440996
20150327,12:15:00.000,BBG000BLNNH6,-0.00038608015,-0.005821678,1194214
20150327,12:15:00.000,BBG000BFT2L4,0.0030369195,0.003577359,5683000
20150327,12:15:00.000,BBG000CGC1X8,0.00013703955,-0.0025309662,3477878
20150327,12:15:00.000,BBG000HS77T5,0.0069048204,0.0018591754,4176281
20150327,12:15:00.000,BBG000C3J3C9,0.0016027694,0.0025839957,8410918
20150327,12:15:00.000,BBG000FH8PX5,-0.0015221292,0.010285831,856977
20150327,12:15:00.000,BBG000BLBVN4,-0.0037721368,-0.0025375737,217065
20150327,12:15:00.000,BBG000BSJK37,0.0028413371,-0.0030464455,6901778
20150327,12:15:00.000,BBG000CL9VN6,-0.013848103,-0.01005598,1265302
20150327,12:15:00.000,BBG000BVPV84,0.004725533,0.008331107,1144400
20150327,12:15:00.000,BBG000K4ND22,0.0016339337,-0.006792199,1979887
20150327,12:15:00.000,BBG000BWQFY7,-0.00096937025,-0.0069745746,4689845
20150327,12:15:00.000,BBG002W96FT9,-0.006156059,-0.009185476,890983
20150327,12:15:00.000,BBG000BMHYD1,0.0003788642,0.004944338,1682228
20150327,12:15:00.000,BBG000BR2B91,0.0009898121,0.007900364,8728963
20150327,12:15:00.000,BBG000BK6MB5,-0.0005033791,0.00040257708,9862692
20150327,12:15:00.000,BBG000FY4S11,0.0014912491,-0.0054684593,7661319
20150327,12:15:00.000,BBG000DMBXR2,0.0041612396,-0.0010077492,4444481
20150327,12:15:00.000,BBG000C0G1D1,0.005934071,0.0016612776,12644319
20150327,12:15:00.000,BBG000BHSKN9,-0.008149272,-0.008844573,760284
20150327,12:15:00.000,BBG000CKGBP2,-0.013541447,0.0069760056,3373474
20150327,12:15:00.000,BBG000GZQ728,0.0014288374,-0.0046255193,3917748
20150327,12:15:00.000,BBG000BPH459,-0.0026596894,-0.005096159,12910159
20150327,12:15:00.000,BBG000BCTLF6,-0.0023567239,-0.0071314583,39210068
20150327,12:15:00.000,BBG000MM2P62,-0.0023088136,0.0017465902,9882272
20150327,12:15:00.000,BBG000B9XRY4,-0.004790208,-0.005713369,17680932
20150327,12:30:00.000,BBG000CNZC55,-0.009140582,-0.0021656887,2332188
20150327,12:30:00.000,BBG000FH5YM1,0.0013531846,-1.9580023e-07,2317340
20150327,12:30:00.000,BBG000BLM0V1,-0.005751665,-0.0051072417,322819
20150327,12:30:00.000,BBG000HGYNZ9,-0.007071241,-0.018247262,1194087
20150327,12:30:00.000,BBG000BF6RQ9,0.003786263,0.020902907,342024
20150327,12:30:00.000,BBG000BFV115,0.002030243,-0.007929069,525619
20150327,12:30:00.000,BBG0015XMW40,0.015443726,0.0125918435,234552
20150327,12:30:00.000,BBG000FBMY72,-0.0060268333,-0.014782067,1145170
20150327,12:30:00.000,BBG000BDWKC5,0.010705287,0.009109803,898289
20150327,12:30:00.000,BBG000G6BN50,0.010513741,0.006423161,149833
20150327,12:30:00.000,BBG000BLDV98,-0.010317162,-0.0018759128,696363
20150327,12:30:00.000,BBG000R0L5J4,-0.0008767761,-0.0082151005,274197
20150327,12:30:00.000,BBG006NV2Q11,-0.0004865834,-0.006391952,781353
20150327,12:30:00.000,BBG000BC2R71,0.0059228563,-0.0019367707,571333
20150327,12:30:00.000,BBG000BN1XR3,0.0028698642,0.004971559,211882
20150327,12:30:00.000,BBG000GPXKX9,-0.0066291946,-0.0056077004,179622
20150327,12:30:00.000,BBG000DV7MX4,-0.0043500746,-0.004301259,2219777
20150327,12:30:00.000,BBG000BGRKT6,-0.0064280303,-0.001957796,181819
20150327,12:30:00.000,BBG000BB5BF6,-0.004196766,-0.0012896738,3588929
20150327,12:30:00.000,BBG000BVB8Q0,-0.004588693,-0.0039395704,6505840
20150327,12:30:00.000,BBG000DGPR66,0.015270404,0.018918432,675736
20150327,12:30:00.000,BBG000BQ74K1,-0.004465479,-0.008330887,186308
20150327,12:30:00.000,BBG000RNTSX0,-0.0011045312,0.0034328457,178576
20150327,12:30:00.000,BBG000N746D6,0.01092786,0.008741683,1354209
20150327,12:30:00.000,BBG000CR90K4,0.029059945,0.02256823,17719016
20150327,12:30:00.000,BBG000BVL2G3,0.0062934863,-0.0013079268,644073
20150327,12:30:00.000,BBG000BPQVR5,-0.0075612715,-0.009670008,238625
20150327,12:30:00.000,BBG000CB8Q50,0.0045828014,0.006773967,227578
20150327,12:30:00.000,BBG000D42FJ0,-0.00093331427,-0.019483624,975638
20150327,12:30:00.000,BBG003641015,-0.0033723149,-0.0015855079,694930
20150327,12:30:00.000,BBG000CPHYL4,0.009667949,0.008163658,611818
20150327,12:30:00.000,BBG000BKL348,0.008616381,0.0076885903,162039
20150327,12:30:00.000,BBG000BMF5J0,-0.011472298,-0.0039243237,2340073
20150327,12:30:00.000,BBG000BCHG15,0.00492268,0.0075947735,155820
20150327,12:30:00.000,BBG000BJKPG0,-0.0038191106,-0.0026143512,198348
20150327,12:30:00.000,BBG000HS74G6,-0.007924173,-0.0132663995,533776
20150327,12:30:00.000,BBG000BVHBM1,-0.007810571,0.011474143,543854
20150327,12:30:00.000,BBG002PHSYX9,-0.015493448,-0.011778835,466184
20150327,12:30:00.000,BBG000D2ZTS8,-0.0042840494,0.0065730796,766454
20150327,12:30:00.000,BBG000BGYMH7,-0.0019196772,-0.0031649086,278211
20150327,12:30:00.000,BBG000PV2L86,-0.0010589829,0.010913948,357823
20150327,12:30:00.000,BBG000FQ6PY6,0.0063322084,0.0014984586,442841
20150327,12:30:00.000,BBG000R06BX2,0.0053612483,0.005114964,772094
20150327,12:30:00.000,BBG000BCWKD6,0.0010521649,-0.0026618682,1004787
20150327,12:30:00.000,BBG000CPBCL8,-0.0007225123,-0.008404167,295550
20150327,12:30:00.000,BBG000B9X8C0,0.0028349406,0.011970085,740085
20150327,12:30:00.000,BBG000BDY3Y7,-0.006428148,-0.007357516,249324
20150327,12:30:00.000,BBG001XJRMF5,0.0056498116,-0.0026416634,936094
20150327,12:30:00.000,BBG000BJ26K7,0.023337057,0.0154918805,786514
20150327,12:30:00.000,BBG000BQ87N0,-0.00022060642,0.009918921,382723
20150327,12:30:00.000,BBG000C37332,0.007164785,0.0016025623,296322
20150327,12:30:00.000,BBG000C4ZZ10,0.0058179856,0.0068912664,377454
20150327,12:30:00.000,BBG000BPNP00,0.005709018,0.0026543427,483553
20150327,12:30:00.000,BBG000BXBHJ4,-0.007534092,-0.017900717,603736
20150327,12:30:00.000,BBG000FDBX90,0.0075951163,0.008321712,1320515
20150327,12:30:00.000,BBG000BKNX95,-0.0022333083,-0.004590011,598641
20150327,12:30:00.000,BBG000BV4XJ1,-0.001631076,0.02247797,196619
20150327,12:30:00.000,BBG000MQ1SN9,0.001454732,0.003514752,303869
20150327,12:30:00.000,BBG000KBQZ88,-0.010837667,-0.0077512525,469516
20150327,12:30:00.000,BBG000BXNJ07,-0.009939327,-0.012034686,2795418
20150327,12:30:00.000,BBG000DLVDK3,-0.00080541614,-0.011143295,992354
20150327,12:30:00.000,BBG000BB03M1,0.03018051,0.014550224,734192
20150327,12:30:00.000,BBG000BWGYF8,-0.0010394263,0.0016659589,214055
20150327,12:30:00.000,BBG000BPZBB6,0.020671548,0.023366932,1054001
20150327,12:30:00.000,BBG000JKCWS0,0.004239451,-0.0065489854,280478
20150327,12:30:00.000,BBG000BNPSQ9,0.032279283,0.06574767,748847
20150327,12:30:00.000,BBG000C060M4,-0.0036530984,-0.009526787,70348
20150327,12:30:00.000,BBG000BFDLV8,0.005060228,0.011267782,346424
20150327,12:30:00.000,BBG000C2V3D6,-0.00062382483,0.004679468,443391
20150327,12:30:00.000,BBG000BC9938,-0.0007372856,-0.00711139,324653
20150327,12:30:00.000,BBG000C22QV7,-0.0014127163,0.0033303068,437583
20150327,12:30:00.000,BBG000BMTFR4,-0.0064250976,-0.0070165712,811026
20150327,12:30:00.000,BBG000BKTT89,-0.0064052534,-0.0030454595,138719
20150327,12:30:00.000,BBG000BWXL85,0.0060107834,0.0056399587,1163025
20150327,12:30:00.000,BBG0014GG205,0.028549658,0.017377637,2198001
20150327,12:30:00.000,BBG000BGFZR8,0.0062135532,0.0050637894,712699
20150327,12:30:00.000,BBG000V31J96,0.007900451,0.01439505,1306091
20150327,12:30:00.000,BBG000BNNKG9,-0.0013624114,0.0050285514,690863
20150327,12:30:00.000,BBG000BSSC44,-0.007039083,-0.01752503,540088
20150327,12:30:00.000,BBG000BSY3K9,-0.00649579,-0.000107889326,270810
20150327,12:30:00.000,BBG000BPMH90,-0.0065855393,-0.00981703,423277
20150327,12:30:00.000,BBG000BX5ZF5,-0.01609189,-0.020322207,2531016
20150327,12:30:00.000,BBG000BR37X2,0.0044930917,-0.0022278745,938553
20150327,12:30:00.000,BBG000C9F2F9,-0.027322207,-0.0030188279,682705
20150327,12:30:00.000,BBG000D9KWL9,0.008913901,0.00016067851,399852
20150327,12:30:00.000,BBG000PLXQQ3,-0.0028800117,0.0004771562,226561
20150327,12:30:00.000,BBG000HZFZX3,-0.0048403195,-0.0008376683,323012
20150327,12:30:00.000,BBG000BDXGP9,0.022558851,0.031659245,1672113
20150327,12:30:00.000,BBG000BB29X4,0.003933801,0.012145663,426021
20150327,12:30:00.000,BBG001C7TST4,-0.0074381772,-0.006042347,497677
20150327,12:30:00.000,BBG000BMKDM3,-3.4345296e-05,0.0062697786,627367
20150327,12:30:00.000,BBG000FFH4P5,0.001993243,0.0020267912,385358
20150327,12:30:00.000,BBG000C75N77,0.0028683369,-0.00999292,315286
20150327,12:30:00.000,BBG000C221G9,-0.010086384,-0.008273761,426136
20150327,12:30:00.000,BBG000BKXFN7,0.0008763759,-0.019900953,1149108
20150327,12:30:00.000,BBG000BWP7D9,0.006263929,0.016784174,592091
20150327,12:30:00.000,BBG000DY8ZS4,-0.017355764,-0.026973376,2158302
20150327,12:30:00.000,BBG000BFL116,0.001252559,-0.007630993,654375
20150327,12:30:00.000,BBG000BKLH74,0.0066732136,0.0042460165,1212102
20150327,12:30:00.000,BBG000BS9489,-0.0033230905,-3.681162e-07,212517
20150327,12:30:00.000,BBG000BP8Z50,-0.0033236041,-0.006648622,641202
20150327,12:30:00.000,BBG000BS7KS3,0.00551799,0.006165347,548951
20150327,12:30:00.000,BBG000BMZ7P7,0.002737269,-0.0043621715,379283
20150327,12:30:00.000,BBG000FBK808,-0.03572987,-0.05173525,3845489
20150327,12:30:00.000,BBG000R8ZVD1,-0.016309075,-0.01055278,1637840
20150327,12:30:00.000,BBG000BLMZK6,-0.002937158,0.012389179,566443
20150327,12:30:00.000,BBG000BQSQ38,0.008485366,0.008161081,762596
20150327,12:30:00.000,BBG000BBL0Y1,-0.0065999776,0.011843237,450998
20150327,12:30:00.000,BBG001QZCPJ2,0.012736671,0.021086186,905649
20150327,12:30:00.000,BBG000CVWGS6,0.005104334,0.0066745835,1373829
20150327,12:30:00.000,BBG000BCNYT9,0.006441809,-0.0025335662,3504122
20150327,12:30:00.000,BBG000PVRDL2,0.010670068,-6.480671e-07,1715885
20150327,12:30:00.000,BBG000BJQWD2,-0.0038426223,-0.005138174,316079
20150327,12:30:00.000,BBG000C9W1Y1,-0.00046694404,-0.0032575768,991079
20150327,12:30:00.000,BBG000BJ49H3,0.008434116,0.004479406,470856
20150327,12:30:00.000,BBG000BFVXX0,-0.0037977146,0.007919383,1400248
20150327,12:30:00.000,BBG000FLZN98,-0.0021750897,0.0028591154,156128
20150327,12:30:00.000,BBG000FLPRH1,0.0077668806,0.0038030157,770176
20150327,12:30:00.000,BBG000BYWTX7,-0.0034523977,-0.008018851,2825611
20150327,12:30:00.000,BBG000BY33P5,-0.0013469188,-0.002241951,1604676
20150327,12:30:00.000,BBG000BBB3K1,0.004748668,0.010825992,1150023
20150327,12:30:00.000,BBG000DN7P92,0.009704431,0.0137610985,506051
20150327,12:30:00.000,BBG000BBMSJ6,0.0037699905,-0.00086747605,730307
20150327,12:30:00.000,BBG000BH2JM1,-0.0021802133,-0.00558209,1999801
20150327,12:30:00.000,BBG000BFS7D3,-0.0042141797,0.0029180588,195238
20150327,12:30:00.000,BBG000CKVSG8,-0.013302546,-0.022615388,1283187
20150327,12:30:00.000,BBG000BB6G37,-0.0022954596,-0.0052255266,767174
20150327,12:30:00.000,BBG000BM7HL0,0.0025142543,0.0024696912,444221
20150327,12:30:00.000,BBG000BCYP43,-0.0047285813,0.0010501802,196980
20150327,12:30:00.000,BBG000BV75B7,0.0041986485,-0.0012165831,404159
20150327,12:30:00.000,BBG000TWC2V5,-0.0014409362,0.0049851327,225649
20150327,12:30:00.000,BBG000BLW530,0.005028284,-0.00036298938,657058
20150327,12:30:00.000,BBG000BKWSR6,0.00024540172,-0.0055178986,2357785
20150327,12:30:00.000,BBG000C2YHG9,0.0035154303,0.0059004556,511595
20150327,12:30:00.000,BBG000BRQ6L2,0.008988508,0.03076969,3133757
20150327,12:30:00.000,BBG000BQHGR6,0.008632649,0.004664307,539408
20150327,12:30:00.000,BBG000BN9WT5,0.0025250174,-0.0025216304,530583
20150327,12:30:00.000,BBG000BVWLJ6,-0.0048654294,-0.0039827293,385739
20150327,12:30:00.000,BBG000BKQ3V3,-0.0120209325,-0.035802223,4351235
20150327,12:30:00.000,BBG000H0QBS7,-0.00050856697,0.0054233246,873241
20150327,12:30:00.000,BBG000H4YVR7,0.0011032916,0.028284073,333712
20150327,12:30:00.000,BBG000PYZSR8,-0.005757544,-0.0013757459,194728
20150327,12:30:00.000,BBG007TJF1N7,0.014150676,0.018332433,1350655
20150327,12:30:00.000,BBG000C2ZCH8,0.0056913053,0.016519658,867592
20150327,12:30:00.000,BBG000BTCH57,-0.00843576,-0.0011629515,529442
20150327,12:30:00.000,BBG000BR54L0,0.0036751723,0.021380354,1485810
20150327,12:30:00.000,BBG000BB5373,0.00302727,0.0030947165,2009615
20150327,12:30:00.000,BBG000BHZ5J9,0.010077016,0.0043161837,334154
20150327,12:30:00.000,BBG000CXD6X9,0.00687785,0.015814362,423192
20150327,12:30:00.000,BBG000BKZTP3,0.0077043544,-7.0713503e-07,509763
20150327,12:30:00.000,BBG000BB1TH9,-0.008549224,-0.019051516,357103
20150327,12:30:00.000,BBG000D5S4M0,0.014908456,0.017737627,286677
20150327,12:30:00.000,BBG000BN84F3,-0.003634385,-0.0015160823,898977
20150327,12:30:00.000,BBG000HW5GX3,-0.0106419,-0.015966639,981607
20150327,12:30:00.000,BBG000CHPY97,-0.0155627085,-0.027086385,2574217
20150327,12:30:00.000,BBG000D2M0Z7,-0.002039284,-5.168057e-08,797742
20150327,12:30:00.000,BBG000BF1R66,0.0072316243,0.001101553,545043
20150327,12:30:00.000,BBG000BJ8YN7,-0.0009182098,-0.008681331,657728
20150327,12:30:00.000,BBG000G9CGL0,0.012603389,0.020901194,288251
20150327,12:30:00.000,BBG000BQ8KV2,-0.0030721682,-0.009140431,633412
20150327,12:30:00.000,BBG000BVMPN3,0.0041022217,-0.0031418777,374026
20150327,12:30:00.000,BBG000BGD7W6,-0.0069085583,0.002791965,392965
20150327,12:30:00.000,BBG000BC15S7,0.0008447047,-0.0038557907,507668
20150327,12:30:00.000,BBG000Q2HM09,0.022308208,0.015315615,684762
20150327,12:30:00.000,BBG000BQVTF5,-0.0045072916,-0.0073020547,392094
20150327,12:30:00.000,BBG000VC0T95,-0.0001853088,0.0022613506,442587
20150327,12:30:00.000,BBG000F86GP6,0.002600438,0.0028404205,269408
20150327,12:30:00.000,BBG000BWVSR1,-0.0006524349,0.002621896,441063
20150327,12:30:00.000,BBG000BX8DC4,0.0075085936,0.009629121,482327
20150327,12:30:00.000,BBG000BHCP19,0.0025874272,0.0002074341,470532
20150327,12:30:00.000,BBG000BK6G19,0.009932366,0.0059864796,792208
20150327,12:30:00.000,BBG000RGM5P1,-0.01155407,-0.009063674,388961
20150327,12:30:00.000,BBG000BF5RY1,0.0010093248,0.0035462773,728445
20150327,12:30:00.000,BBG000BP4MH0,0.00059814233,-0.0014391554,649031
20150327,12:30:00.000,BBG000D8RG11,-0.011639022,-0.0056782793,1157260
20150327,12:30:00.000,BBG000FP1N32,-0.002125553,-0.013503512,1803712
20150327,12:30:00.000,BBG000BLHRS2,0.00010401911,0.006980322,316602
20150327,12:30:00.000,BBG000TJM7F0,-0.0075582312,-0.00025253743,683324
20150327,12:30:00.000,BBG000J1QLT0,-0.008869813,-0.0001309796,236829
20150327,12:30:00.000,BBG000BBBNC6,0.0035399713,-0.0036214744,566131
20150327,12:30:00.000,BBG000BY2Y78,0.0005318468,-0.0051358854,831530
20150327,12:30:00.000,BBG000BM6788,-0.006747556,-0.0007416957,490473
20150327,12:30:00.000,BBG000C1FQS9,-0.0005555767,0.0064694555,227733
20150327,12:30:00.000,BBG000BBJQV0,0.00016606526,-0.0038165734,2117774
20150327,12:30:00.000,BBG000BTQR96,-0.00075162284,0.0027410078,401168
20150327,12:30:00.000,BBG000CXYSZ6,0.01593575,0.012740888,291288
20150327,12:30:00.000,BBG000BB5792,0.04883478,0.06312065,3326590
20150327,12:30:00.000,BBG000BNGTQ7,-3.056588e-05,0.0064355475,308854
20150327,12:30:00.000,BBG000BZTW70,-0.008750657,-0.028623428,3282346
20150327,12:30:00.000,BBG000G0Z878,-0.0020299796,-0.006406713,879703
20150327,12:30:00.000,BBG000BFNR17,0.004776485,0.0037001667,108597
20150327,12:30:00.000,BBG002BHBHM1,0.000408494,0.014752449,382906
20150327,12:30:00.000,BBG000BC4JJ4,0.0009385136,0.0008599917,279766
20150327,12:30:00.000,BBG000F15NW9,0.0070864023,0.009772057,218936
20150327,12:30:00.000,BBG000BKR1D6,0.0056383344,-0.0008324402,135618
20150327,12:30:00.000,BBG000BCTQ65,-0.0066487403,0.0020415452,3379868
20150327,12:30:00.000,BBG000BNNYW1,-0.0026350229,-0.006151971,3632106
20150327,12:30:00.000,BBG000BBCDZ2,-0.005527098,-0.00511549,524940
20150327,12:30:00.000,BBG000BRK7L6,0.0059095914,-0.007163452,1759906
20150327,12:30:00.000,BBG000DQTXY6,0.0010272139,0.019486405,1403864
20150327,12:30:00.000,BBG000BRXP69,-0.0027223486,0.0058147646,206655
20150327,12:30:00.000,BBG000BL9JQ1,-0.008675328,-0.013448687,672643
20150327,12:30:00.000,BBG000DTMH63,-0.005882469,-0.0265761,2174150
20150327,12:30:00.000,BBG000BJPDZ1,-0.0045419335,-0.0015129701,118176
20150327,12:30:00.000,BBG000BXWBN9,0.00015682176,0.006443107,817096
20150327,12:30:00.000,BBG000C2PW58,0.001495695,-0.0012695267,151635
20150327,12:30:00.000,BBG000D13GN8,-0.007615354,-0.01036133,368240
20150327,12:30:00.000,BBG000BB6M98,-0.002099141,-0.001152679,1052033
20150327,12:30:00.000,BBG000BGYWY6,0.0028570418,0.016076036,233635
20150327,12:30:00.000,BBG000BHB3M6,0.0052160644,0.004460108,556725
20150327,12:30:00.000,BBG000G3QLY3,-0.005061297,-0.009210728,320120
20150327,12:30:00.000,BBG000BSBZH7,-0.0022679092,0.0011569104,344954
20150327,12:30:00.000,BBG000F7RCJ1,-0.004186261,0.008465457,351803
20150327,12:30:00.000,BBG0039320N9,-0.0060693515,0.0023857644,1016433
20150327,12:30:00.000,BBG000BTZQC4,-0.018787246,-0.023160027,1881231
20150327,12:30:00.000,BBG001M8HHB7,-0.0028699937,-0.0035874362,340491
20150327,12:30:00.000,BBG000CZWZ05,0.09269729,0.12203051,4255123
20150327,12:30:00.000,BBG000QY3XZ2,0.005546818,0.006953637,352677
20150327,12:30:00.000,BBG000BHLYP4,-0.0070884936,-0.0060662245,569787
20150327,12:30:00.000,BBG000CHWP52,0.014869207,0.007111809,1552518
20150327,12:30:00.000,BBG000QFJ7H3,0.010404812,-0.006362659,3779496
20150327,12:30:00.000,BBG000BFTJ91,0.0019093156,0.0026951588,725087
20150327,12:30:00.000,BBG000BZ2GG4,0.00944339,-0.00022391017,604742
20150327,12:30:00.000,BBG000FKJRC5,0.0025500066,0.011596418,526300
20150327,12:30:00.000,BBG000BKPL53,0.010650328,0.014350636,612638
20150327,12:30:00.000,BBG000BNC3Y9,-0.0072754575,-0.012888712,290771
20150327,12:30:00.000,BBG000BNFLM9,0.0034410183,0.0030219732,1234888
20150327,12:30:00.000,BBG000BWCKB6,-0.0040220716,0.0033168178,311142
20150327,12:30:00.000,BBG000BR14K5,0.0034647128,-0.0014010466,443879
20150327,12:30:00.000,BBG0014GJCT9,0.012931217,0.02501026,781127
20150327,12:30:00.000,BBG000BRRG02,-0.0158084,-0.019463824,965441
20150327,12:30:00.000,BBG000BP1Q11,-0.008986037,-0.0060467958,477852
20150327,12:30:00.000,BBG000P1F8Q7,-0.013283748,0.0005691443,420546
20150327,12:30:00.000,BBG000BCVMH9,-0.005255923,-0.010962506,441158
20150327,12:30:00.000,BBG000D7RKJ5,0.0016657764,0.009827356,604796
20150327,12:30:00.000,BBG000FNRZ69,0.02028503,0.008732327,1904793
20150327,12:30:00.000,BBG000BTKGG8,0.0021159279,-0.006387374,844124
20150327,12:30:00.000,BBG001QD41M9,-0.0042250906,-0.0003249,426360
20150327,12:30:00.000,BBG000D9DMK0,0.001942616,0.0048491512,524903
20150327,12:30:00.000,BBG000BH5DV1,-0.0049623135,-0.003919845,405578
20150327,12:30:00.000,BBG000BMQPL1,-0.0061143776,-0.0134318685,4255572
20150327,12:30:00.000,BBG000BMDV41,-0.005291788,-0.0045732385,595549
20150327,12:30:00.000,BBG000BQZMH4,0.001684235,0.009957092,733079
20150327,12:30:00.000,BBG000BS0ZF1,-0.003821583,-0.01087124,212479
20150327,12:30:00.000,BBG000BGLRN3,-0.0062191435,-0.013882666,1290881
20150327,12:30:00.000,BBG000C0F570,-0.0031318977,-0.008502943,1220487
20150327,12:30:00.000,BBG000D6L294,-0.005874416,-0.008493932,306833
20150327,12:30:00.000,BBG000BM5SR2,0.0038684017,0.0007378878,830413
20150327,12:30:00.000,BBG000BYYLS8,0.002222175,-0.003620386,1677956
20150327,12:30:00.000,BBG000BF6LY3,0.05387214,0.064814106,7436761
20150327,12:30:00.000,BBG000BCBCM7,-0.009634178,-0.0074927346,2190011
20150327,12:30:00.000,BBG000BJ2VQ6,0.007684303,-0.017515237,1618993
20150327,12:30:00.000,BBG000BJ98Z0,-0.0034963856,0.00448109,586046
20150327,12:30:00.000,BBG000BLCPY4,0.0071231797,-0.015560449,591337
20150327,12:30:00.000,BBG000D898T9,-0.0010188412,0.0044865734,536013
20150327,12:30:00.000,BBG000BMBL90,0.0020420176,0.0052063754,684709
20150327,12:30:00.000,BBG000BSXQV7,-0.00020437999,0.007568531,205236
20150327,12:30:00.000,BBG000FVXD63,0.022003584,0.012127014,860182
20150327,12:30:00.000,BBG000BVMGF2,-0.0005607262,-0.0041291513,589926
20150327,12:30:00.000,BBG000C11MQ5,-0.032348122,0.0027686441,356129
20150327,12:30:00.000,BBG000BPQD31,-0.003980977,-0.00016155084,1979098
20150327,12:30:00.000,BBG000BB5006,-0.0035722337,-0.0026040375,870221
20150327,12:30:00.000,BBG000BHKYH4,-0.0017821342,-0.00026242645,363520
20150327,12:30:00.000,BBG000D1QCF1,0.0017194205,-0.009527705,646859
20150327,12:30:00.000,BBG000CSY9H9,0.0054575116,0.01246724,742176
20150327,12:30:00.000,BBG000BRJ809,0.0010025027,0.001219681,140130
20150327,12:30:00.000,BBG000CNFQW6,0.0011715284,0.0048055225,256239
20150327,12:30:00.000,BBG000BXM6V2,-0.0014510129,0.0090296175,627177
20150327,12:30:00.000,BBG000BCGY17,0.008019127,0.012450638,1305578
20150327,12:30:00.000,BBG000DKCC19,-0.0067156716,1.5850979e-07,848251
20150327,12:30:00.000,BBG000BKCFC2,0.001294934,0.008525006,1570896
20150327,12:30:00.000,BBG000BTVJ25,0.0043546837,0.005278582,1571755
20150327,12:30:00.000,BBG000BN5HF7,-0.0049301004,0.011636135,470881
20150327,12:30:00.000,BBG000Q3JN03,0.0015342447,-0.010735431,7484784
20150327,12:30:00.000,BBG0020B4JG7,0.0016854435,0.0057245065,1751923
20150327,12:30:00.000,BBG000BR3KL6,0.0044076703,0.003279944,239801
20150327,12:30:00.000,BBG000BRWGG9,0.008523831,0.020744413,8400753
20150327,12:30:00.000,BBG001LWHLJ8,0.0022937045,0.0011567478,2812776
20150327,12:30:00.000,BBG000C7LMS8,0.011013582,0.023525005,176858
20150327,12:30:00.000,BBG000BPT0C6,0.020736633,0.0114738755,1462134
20150327,12:30:00.000,BBG000BSD7C2,0.00036286347,0.0021133549,447770
20150327,12:30:00.000,BBG000BRJL00,0.0008915834,0.0084813675,1335149
20150327,12:30:00.000,BBG000C1FB75,0.0013257114,0.0018280783,176957
20150327,12:30:00.000,BBG000BJ3PD2,-0.0006810459,-0.0014997771,492129
20150327,12:30:00.000,BBG000BHLYS1,0.011055142,0.021685092,2657885
20150327,12:30:00.000,BBG000JWD753,-0.0039551295,-0.0008226999,1264056
20150327,12:30:00.000,BBG000BXMFC3,-0.009362095,-0.016194893,1153044
20150327,12:30:00.000,BBG000CGQ6M4,0.0016391764,-0.003276446,344915
20150327,12:30:00.000,BBG000DNTSP4,0.008499642,0.0005557219,1434461
20150327,12:30:00.000,BBG000BFXHL6,-0.013956088,-0.016051708,1397251
20150327,12:30:00.000,BBG000BJL3N0,1.3404215e-05,-0.009489382,3833075
20150327,12:30:00.000,BBG000JG0547,-0.0016298507,0.00011905678,548950
20150327,12:30:00.000,BBG000BWSV34,0.001499507,0.0072682435,192625
20150327,12:30:00.000,BBG000BB6WG8,-0.00078762154,0.001727889,1119099
20150327,12:30:00.000,BBG000BCWCG1,-0.021618532,-0.0127582755,2097651
20150327,12:30:00.000,BBG000BB9KF2,0.0068820002,0.014547828,1237948
20150327,12:30:00.000,BBG000C3HSR0,-0.006658326,-0.0020875887,517054
20150327,12:30:00.000,BBG000BFMBQ6,0.0085702725,0.01960666,611296
20150327,12:30:00.000,BBG000BP0KQ8,0.019445883,0.028354457,1598997
20150327,12:30:00.000,BBG000BQWPC5,-0.0052310755,0.0062603066,687261
20150327,12:30:00.000,BBG001YMS0B8,0.03682239,0.044137545,16321068
20150327,12:30:00.000,BBG000C0LW92,0.008204192,0.016623847,2681904
20150327,12:30:00.000,BBG000MDCQC2,0.0029047786,0.009989466,680321
20150327,12:30:00.000,BBG000BK67C7,-0.002576195,-0.0009665343,275208
20150327,12:30:00.000,BBG000BY29C7,0.007285614,0.009340255,959514
20150327,12:30:00.000,BBG000BSLZY7,0.011380934,0.0063827215,2445639
20150327,12:30:00.000,BBG000BLKK03,-0.003934815,0.006041258,861829
20150327,12:30:00.000,BBG000C2BXK4,-0.010897994,-0.0037373644,4908283
20150327,12:30:00.000,BBG000BCZYD3,-0.0018368259,0.009113542,425029
20150327,12:30:00.000,BBG000R7RDB4,0.004442656,0.00067045167,455942
20150327,12:30:00.000,BBG000C3GN47,-0.0011053849,-0.0037954214,2025794
20150327,12:30:00.000,BBG000BMW2Z0,-0.0043326695,0.0020218894,402345
20150327,12:30:00.000,BBG000BKFZM4,0.004769623,0.0062321518,2072323
20150327,12:30:00.000,BBG000G2R6M0,0.002566954,-0.010222891,3844830
20150327,12:30:00.000,BBG000C1S2X2,-0.0051464164,0.017174792,577621
20150327,12:30:00.000,BBG000F0KF42,-0.0038365505,-0.01401244,885277
20150327,12:30:00.000,BBG000CS7CT9,-0.0070985514,0.00093360513,1230338
20150327,12:30:00.000,BBG000CPQZ77,-0.013150984,-0.0069028204,1185770
20150327,12:30:00.000,BBG000C8H633,-0.0102740275,-0.01516051,2392037
20150327,12:30:00.000,BBG000JH6683,0.013871493,0.04432123,2022090
20150327,12:30:00.000,BBG000BLBXT4,-0.007095776,-0.00017668492,2027184
20150327,12:30:00.000,BBG000BB07P9,0.014544539,0.0008836461,5142740
20150327,12:30:00.000,BBG000BX3TD3,-0.0035783404,-0.020745093,2427970
20150327,12:30:00.000,BBG000F80SZ5,-0.0016847528,0.0054681995,2456919
20150327,12:30:00.000,BBG000BKFBD7,0.0003118873,-0.0057004713,733047
20150327,12:30:00.000,BBG000BPWXK1,0.01744588,0.006319553,2693145
20150327,12:30:00.000,BBG000BH5LT6,-0.022832077,-0.04897156,5331567
20150327,12:30:00.000,BBG000BBD070,-0.007225125,-0.015170269,576252
20150327,12:30:00.000,BBG000BWJFZ4,-0.016320275,-0.016402597,195690
20150327,12:30:00.000,BBG000BWNFZ9,-0.0046502887,-0.012547223,734981
20150327,12:30:00.000,BBG000BH3JF8,-0.0011863123,0.0019565832,716737
20150327,12:30:00.000,BBG000C0HQ54,0.016676486,0.026305044,1025841
20150327,12:30:00.000,BBG000FL1TC8,-0.0035697352,-0.0022750394,717349
20150327,12:30:00.000,BBG000BV8DN6,0.00319614,0.0044896742,1142586
20150327,12:30:00.000,BBG0029SNR63,-0.007337621,-0.0064477054,526510
20150327,12:30:00.000,BBG000DYGNW7,-0.0033979751,0.0011720654,273073
20150327,12:30:00.000,BBG000QW7VC1,-0.00061601424,0.0017076237,916278
20150327,12:30:00.000,BBG000BFQYY3,-0.0064798924,0.00021847858,793889
20150327,12:30:00.000,BBG000BGVW60,-0.0039305394,0.004619616,879465
20150327,12:30:00.000,BBG000C1BW00,-0.007064218,0.0030415745,468478
20150327,12:30:00.000,BBG000BJ81C1,0.0052099247,-4.67836e-05,503473
20150327,12:30:00.000,BBG000BFDXW1,0.0028809996,-3.4624126e-08,2213164
20150327,12:30:00.000,BBG000BSC0K9,-0.0010407796,0.007158869,708711
20150327,12:30:00.000,BBG000BD8PN9,-0.0045859516,-0.00753721,1696899
20150327,12:30:00.000,BBG000DSMS70,-0.01262745,0.01003192,284175
20150327,12:30:00.000,BBG000BQ5DS5,0.0031593454,-0.0033202972,1220950
20150327,12:30:00.000,BBG000G30YX4,0.017691512,0.0371451,654276
20150327,12:30:00.000,BBG000BQ2C28,0.000118682336,0.0040498218,486995
20150327,12:30:00.000,BBG000BN2DC2,-0.00047140743,0.0012875282,645988
20150327,12:30:00.000,BBG000LD9JQ8,-0.009282018,-0.0058729597,377215
20150327,12:30:00.000,BBG000BGKTF9,0.008341821,0.0016557521,946235
20150327,12:30:00.000,BBG000BBVJZ8,-0.007827904,-0.01090495,829029
20150327,12:30:00.000,BBG000D9D830,-0.0010926863,-0.0049368255,2217138
20150327,12:30:00.000,BBG000BJSBJ0,0.0010831099,0.009100575,470150
20150327,12:30:00.000,BBG000BH1NH9,0.00048456396,-0.0025173305,759208
20150327,12:30:00.000,BBG000BVDLH9,-0.0033751098,0.005033148,364334
20150327,12:30:00.000,BBG000FJLFX8,0.0032444047,0.0118474765,643667
20150327,12:30:00.000,BBG000MZFMS2,-0.015791388,5.742357e-05,416043
20150327,12:30:00.000,BBG000C4DPX1,0.00013896011,0.007937957,1011636
20150327,12:30:00.000,BBG000C0MF34,0.012215175,0.004593826,246521
20150327,12:30:00.000,BBG000QBR5J5,0.0052547795,-0.00088049925,1059646
20150327,12:30:00.000,BBG000BCVJ77,0.0018389133,0.0049250494,775949
20150327,12:30:00.000,BBG000QX74T1,0.0029139922,0.0036565955,175221
20150327,12:30:00.000,BBG000BBDV81,0.0016676689,0.0037585318,925571
20150327,12:30:00.000,BBG000HCJMF9,-0.0043560793,-0.012553599,760016
20150327,12:30:00.000,BBG000C46HM9,-0.004380232,0.0010274658,774791
20150327,12:30:00.000,BBG000BGPTV6,0.0002380955,-0.00091372343,400277
20150327,12:30:00.000,BBG000BRD0D8,0.0011367771,-0.0069193067,1360715
20150327,12:30:00.000,BBG000BGJRC8,-0.0012830833,-0.007816381,2941516
20150327,12:30:00.000,BBG000DHSPT0,0.00998261,0.0040142033,637125
20150327,12:30:00.000,BBG000J6XT05,-0.0010616134,0.004305019,2506425
20150327,12:30:00.000,BBG000BH3GZ2,-0.0010338267,-0.0026728865,718672
20150327,12:30:00.000,BBG000BTR593,0.0127228405,0.0008876882,2113908
20150327,12:30:00.000,BBG000B9ZXB4,0.0022064936,0.0077406093,1106510
20150327,12:30:00.000,BBG000BL4504,-0.0066590565,-0.017561669,11502469
20150327,12:30:00.000,BBG000BNBDC2,-0.00023818327,0.005717238,1443690
20150327,12:30:00.000,BBG000C734W3,-0.0062380433,0.015868142,335017
20150327,12:30:00.000,BBG000BWLMJ4,0.0035923354,0.0107188225,1525794
20150327,12:30:00.000,BBG000H556T9,0.0060340883,0.004062309,1069903
20150327,12:30:00.000,BBG000BVPPM1,-0.009079117,-0.0030705174,487018
20150327,12:30:00.000,BBG000BCG930,0.008698841,0.019093134,658301
20150327,12:30:00.000,BBG000BJF1Z8,-0.0079916315,-0.0038964371,314921
20150327,12:30:00.000,BBG000BND699,0.005655283,0.0068725375,2475132
20150327,12:30:00.000,BBG000BD4VG8,-0.0032965264,-0.0038181294,815713
20150327,12:30:00.000,BBG000BC2C10,0.002939238,-0.0006689149,1668116
20150327,12:30:00.000,BBG000NV1KK7,-0.0027743953,0.002005487,1733531
20150327,12:30:00.000,BBG000BLZRJ2,0.0013913331,-0.0011233583,3651200
20150327,12:30:00.000,BBG000F6H8W8,-0.0015058938,0.0036311394,517624
20150327,12:30:00.000,BBG000BMY992,-0.007116146,0.0024314546,963142
20150327,12:30:00.000,BBG000BT9DW0,0.0058820453,0.009600717,2450107
20150327,12:30:00.000,BBG000PX3XC0,0.00030000805,-0.01712923,5239944
20150327,12:30:00.000,BBG000BWXBC2,-0.006542639,-0.0052517843,1902232
20150327,12:30:00.000,BBG000BB6KF5,0.0015237181,-0.0067204023,1709959
20150327,12:30:00.000,BBG000FFDM15,0.0011628314,-0.006157638,2057171
20150327,12:30:00.000,BBG000KLB4Q1,0.03973954,0.047079038,5979594
20150327,12:30:00.000,BBG001DCCGR8,-0.011665018,-0.0089699365,539385
20150327,12:30:00.000,BBG000BVV7G1,0.0033961977,0.0014343949,1486302
20150327,12:30:00.000,BBG000BHGDH5,-0.0009630074,0.008271682,1586125
20150327,12:30:00.000,BBG000BWVCP8,0.012100945,0.006698918,1699060
20150327,12:30:00.000,BBG000C15T95,-0.005405207,-0.0028317743,896983
20150327,12:30:00.000,BBG000D4LWF6,-0.002562843,0.0031489604,5624360
20150327,12:30:00.000,BBG000B9WH86,0.0023805369,-0.010865052,7536976
20150327,12:30:00.000,BBG000Q9HH23,-0.010085244,-0.00639062,280808
20150327,12:30:00.000,BBG00286S4N9,-0.0001827909,-0.004779864,614705
20150327,12:30:00.000,BBG000BHX7N2,0.00050642685,-0.0017711521,1180022
20150327,12:30:00.000,BBG000L9CV04,-0.0051007923,0.00041445313,1078447
20150327,12:30:00.000,BBG000BH13K9,0.0016302749,0.0004182134,1944125
20150327,12:30:00.000,BBG000FG3C43,-0.015157894,-0.02749409,7059780
20150327,12:30:00.000,BBG000C496P7,0.006208257,0.003934333,1870465
20150327,12:30:00.000,BBG000BXRPH1,0.0065852525,0.00091527385,614575
20150327,12:30:00.000,BBG000BNJHS8,-0.0030495157,0.01783485,2736874
20150327,12:30:00.000,BBG000BBPFB9,0.0022590496,0.00044656475,8988617
20150327,12:30:00.000,BBG000WCFV84,-0.010044428,-0.016673183,1668349
20150327,12:30:00.000,BBG0019JZ882,0.004991572,0.0046016905,2399396
20150327,12:30:00.000,BBG000H89QJ6,0.0003086674,-0.0010812498,612752
20150327,12:30:00.000,BBG000BFWKC0,0.00707102,0.0042316145,1173961
20150327,12:30:00.000,BBG000C5HS04,-0.0046327976,0.0023654697,767325
20150327,12:30:00.000,BBG000BJX8C8,0.015530654,0.004597433,2257673
20150327,12:30:00.000,BBG000BNDN65,-0.0055747665,0.0072748787,1352115
20150327,12:30:00.000,BBG000BP52R2,0.00042344336,0.0041516055,649375
20150327,12:30:00.000,BBG000M65M61,0.012752454,0.031714763,2037308
20150327,12:30:00.000,BBG000BP6LJ8,-0.0013027735,0.004600199,2861118
20150327,12:30:00.000,BBG000F0PF65,0.00088427804,0.0032448315,922473
20150327,12:30:00.000,BBG000H8TVT2,0.0051428,0.010254478,1152645
20150327,12:30:00.000,BBG000DQLV23,-0.0015277189,0.005769228,1795093
20150327,12:30:00.000,BBG000BHBK84,0.037839253,0.038763095,11067838
20150327,12:30:00.000,BBG000DLFM21,-0.01629109,-0.0019912415,512498
20150327,12:30:00.000,BBG000BJDB15,-0.02083206,-0.0389649,10373865
20150327,12:30:00.000,BBG000CTQBF3,-0.0030635344,0.0011569344,1845094
20150327,12:30:00.000,BBG000BQQ2S6,-0.0011739287,-0.008750155,1190603
20150327,12:30:00.000,BBG000BHVJJ3,-0.017426044,-0.026718328,15240111
20150327,12:30:00.000,BBG000F1ZSQ2,-0.009549363,-0.010631908,1800304
20150327,12:30:00.000,BBG000BQPC32,0.0031422945,1.8400165e-07,17447496
20150327,12:30:00.000,BBG000C43RR5,0.0054128617,0.0029552707,2441363
20150327,12:30:00.000,BBG000CH5208,0.0024640048,0.010748954,859003
20150327,12:30:00.000,BBG000J2XL74,-0.0004543627,-5.927333e-07,1894831
20150327,12:30:00.000,BBG000BC40Y8,-0.006630805,-0.008650307,1026452
20150327,12:30:00.000,BBG000KHWT55,-0.017450131,-0.02686152,8576514
20150327,12:30:00.000,BBG000BW8S60,0.0030110036,0.0057726223,1101580
20150327,12:30:00.000,BBG000BZ9223,-0.0058609857,-0.00897536,1012448
20150327,12:30:00.000,BBG000DWYF03,-0.00071092776,-0.0023567502,3160797
20150327,12:30:00.000,BBG000BBGGQ1,-0.02147424,-0.020910332,2564574
20150327,12:30:00.000,BBG000BBDZG3,0.0020470228,-0.002399516,2382758
20150327,12:30:00.000,BBG000BQLTW7,-0.0068977517,-0.009770806,6804757
20150327,12:30:00.000,BBG000NDYB67,0.0018642772,-0.0013392535,4072770
20150327,12:30:00.000,BBG000C6CFJ5,0.0041485108,0.0003735613,683002
20150327,12:30:00.000,BBG000BGRY34,-0.0017354296,0.006273952,1492018
20150327,12:30:00.000,BBG000DH7JK6,-0.0012886961,0.0028759611,1733657
20150327,12:30:00.000,BBG000BW3299,0.0068595693,0.0025418487,2849816
20150327,12:30:00.000,BBG000DWG505,0.0045741857,0.0019574498,1261993
20150327,12:30:00.000,BBG000BF0K17,0.0022640326,-0.006134761,2961978
20150327,12:30:00.000,BBG000R7Z112,-0.000765421,0.01610471,3536952
20150327,12:30:00.000,BBG000BCSST7,-0.004772704,-0.0017891857,1061150
20150327,12:30:00.000,BBG000BQQH30,-0.002591682,-0.005295465,1729383
20150327,12:30:00.000,BBG000BCQZS4,-0.0007805651,-0.00936372,4229926
20150327,12:30:00.000,BBG000BMX289,-0.009241746,-0.005948199,6238920
20150327,12:30:00.000,BBG000BNWG87,0.0013127347,0.007830508,1876164
20150327,12:30:00.000,BBG000BBS2Y0,-0.0078985095,0.01142755,857290
20150327,12:30:00.000,BBG000BH4R78,-5.3184394e-05,0.0039422754,2872115
20150327,12:30:00.000,BBG005P7Q881,0.004158389,0.02457838,4263165
20150327,12:30:00.000,BBG000BKZB36,0.0013967098,0.011922931,1558477
20150327,12:30:00.000,BBG000GFFQN9,0.015373884,0.013940382,13157742
20150327,12:30:00.000,BBG0025Y4RY4,0.00051029446,0.0032289797,2793075
20150327,12:30:00.000,BBG000BFC8J2,-0.010879929,0.011302599,2732652
20150327,12:30:00.000,BBG000H6HNW3,0.0005143414,0.0066094855,9141228
20150327,12:30:00.000,BBG000BNSZP1,-0.002950355,-0.0034890745,1593212
20150327,12:30:00.000,BBG000N9MNX3,-0.03556145,-0.034899026,3906727
20150327,12:30:00.000,BBG000BPD168,0.0016892685,0.005902761,2449216
20150327,12:30:00.000,BBG000BKTFN2,0.0014387381,-0.00648513,4431964
20150327,12:30:00.000,BBG000C17X76,-0.0081306035,0.012549961,832405
20150327,12:30:00.000,BBG000BR2TH3,-0.0040367963,0.0028608628,2341999
20150327,12:30:00.000,BBG000PSKYX7,-0.0054281144,-0.0044185664,2884045
20150327,12:30:00.000,BBG000BT41Q8,0.0066855773,-0.0020437418,2100216
20150327,12:30:00.000,BBG000C5Z1S3,-0.009550093,-0.01687687,12781326
20150327,12:30:00.000,BBG000BLNNH6,-0.0013210628,-0.007969962,1306508
20150327,12:30:00.000,BBG000BFT2L4,0.0029636293,0.0030408758,5890602
20150327,12:30:00.000,BBG000CGC1X8,0.001182817,-0.002754413,3629742
20150327,12:30:00.000,BBG000HS77T5,0.007523093,0.001239765,4409043
20150327,12:30:00.000,BBG000C3J3C9,0.0013867479,0.0014764321,8712092
20150327,12:30:00.000,BBG000FH8PX5,-0.0010847399,0.010617914,894471
20150327,12:30:00.000,BBG000BLBVN4,-0.0039084563,-0.0034710758,221586
20150327,12:30:00.000,BBG000BSJK37,0.0038376395,-0.0033510304,7467763
20150327,12:30:00.000,BBG000CL9VN6,-0.01414409,-0.010223397,1361929
20150327,12:30:00.000,BBG000BVPV84,0.0037929076,0.007568726,1206420
20150327,12:30:00.000,BBG000K4ND22,0.0016316347,-0.0066021835,2113583
20150327,12:30:00.000,BBG000BWQFY7,-0.000902075,-0.00862647,4925725
20150327,12:30:00.000,BBG002W96FT9,-0.007773812,-0.011698002,941430
20150327,12:30:00.000,BBG000BMHYD1,0.00040060643,0.0046446533,1796969
20150327,12:30:00.000,BBG000BR2B91,0.00012457935,0.0067298063,9131265
20150327,12:30:00.000,BBG000BK6MB5,-0.0005612836,-0.00040375855,10483081
20150327,12:30:00.000,BBG000FY4S11,0.0014404571,-0.0072260792,8015617
20150327,12:30:00.000,BBG000DMBXR2,0.0042377254,-0.0026871373,4687346
20150327,12:30:00.000,BBG000C0G1D1,0.005207839,-0.000997685,13182148
20150327,12:30:00.000,BBG000BHSKN9,-0.009558916,-0.011301677,795172
20150327,12:30:00.000,BBG000CKGBP2,-0.013505586,0.006778117,3547461
20150327,12:30:00.000,BBG000GZQ728,0.0013002104,-0.004921867,4084248
20150327,12:30:00.000,BBG000BPH459,-0.0026363467,-0.005824196,13445479
20150327,12:30:00.000,BBG000BCTLF6,-0.0018241879,-0.008428094,41097528
20150327,12:30:00.000,BBG000MM2P62,-0.0027499436,0.00090335694,10332943
20150327,12:30:00.000,BBG000B9XRY4,-0.00557818,-0.0065181213,18435572
20150327,12:45:00.000,BBG000CNZC55,-0.009897752,-0.0021656887,2348629
20150327,12:45:00.000,BBG000FH5YM1,0.0016843649,0.0013724989,2416078
20150327,12:45:00.000,BBG000BLM0V1,-0.0064024585,-0.005482174,343750
20150327,12:45:00.000,BBG000HGYNZ9,-0.005023199,-0.014724102,1273043
20150327,12:45:00.000,BBG000BF6RQ9,0.0032426333,0.022735309,360727
20150327,12:45:00.000,BBG000BFV115,0.004189013,-0.0046985755,552941
20150327,12:45:00.000,BBG0015XMW40,0.015283453,0.013385583,259158
20150327,12:45:00.000,BBG000FBMY72,-0.010380861,-0.016125852,1204001
20150327,12:45:00.000,BBG000BDWKC5,0.010201875,0.0097380895,942275
20150327,12:45:00.000,BBG000G6BN50,0.012081786,0.008489902,160511
20150327,12:45:00.000,BBG000BLDV98,-0.008551756,-0.00046894405,733765
20150327,12:45:00.000,BBG000R0L5J4,-0.0014183183,-0.006337351,287864
20150327,12:45:00.000,BBG006NV2Q11,-0.0029882917,-0.0066286423,813588
20150327,12:45:00.000,BBG000BC2R71,0.0051229373,-0.0014526264,593817
20150327,12:45:00.000,BBG000BN1XR3,0.002616036,0.005976584,221633
20150327,12:45:00.000,BBG000GPXKX9,-0.0069179186,-0.0034587875,191938
20150327,12:45:00.000,BBG000DV7MX4,-0.0015369573,-0.00086043705,2439051
20150327,12:45:00.000,BBG000BGRKT6,-0.007073552,-0.0015582124,190589
20150327,12:45:00.000,BBG000BB5BF6,-0.011832172,-0.008511538,3782087
20150327,12:45:00.000,BBG000BVB8Q0,-0.0046758223,-0.0039395704,6533753
20150327,12:45:00.000,BBG000DGPR66,0.011543236,0.015224038,739766
20150327,12:45:00.000,BBG000BQ74K1,-0.004116664,-0.007684579,198608
20150327,12:45:00.000,BBG000RNTSX0,-0.002357181,0.0025996391,184506
20150327,12:45:00.000,BBG000N746D6,0.011404762,0.00983419,1408575
20150327,12:45:00.000,BBG000CR90K4,0.028128589,0.022568205,18030604
20150327,12:45:00.000,BBG000BVL2G3,0.007547532,0.001889271,674068
20150327,12:45:00.000,BBG000BPQVR5,-0.008457417,-0.010294015,265700
20150327,12:45:00.000,BBG000CB8Q50,0.00442716,0.0067313663,237578
20150327,12:45:00.000,BBG000D42FJ0,-0.002773576,-0.019122707,1015271
20150327,12:45:00.000,BBG003641015,-0.0023768488,0.0007309855,727766
20150327,12:45:00.000,BBG000CPHYL4,0.008784648,0.008365323,618984
20150327,12:45:00.000,BBG000BKL348,0.008253942,0.008175783,172450
20150327,12:45:00.000,BBG000BMF5J0,-0.01187456,-0.002616257,2444790
20150327,12:45:00.000,BBG000BCHG15,0.004103602,0.007555232,167354
20150327,12:45:00.000,BBG000BJKPG0,-0.0056409216,-0.002614543,210868
20150327,12:45:00.000,BBG000HS74G6,-0.0076049585,-0.010955728,551018
20150327,12:45:00.000,BBG000BVHBM1,-0.007938075,0.01303888,599771
20150327,12:45:00.000,BBG002PHSYX9,-0.01826396,-0.013796101,483279
20150327,12:45:00.000,BBG000D2ZTS8,-0.0062350715,0.0049300715,877039
20150327,12:45:00.000,BBG000BGYMH7,-0.0004932898,0.0004924676,290095
20150327,12:45:00.000,BBG000PV2L86,0.0001637815,0.012298714,379304
20150327,12:45:00.000,BBG000FQ6PY6,0.0046513234,0.0014196102,458916
20150327,12:45:00.000,BBG000R06BX2,0.00501583,0.006044811,796162
20150327,12:45:00.000,BBG000BCWKD6,-0.0013557329,-0.0046296995,1046978
20150327,12:45:00.000,BBG000CPBCL8,-0.0005569993,-0.00550951,306008
20150327,12:45:00.000,BBG000B9X8C0,0.0040712347,0.012703102,791389
20150327,12:45:00.000,BBG000BDY3Y7,-0.0070598377,-0.007262044,256968
20150327,12:45:00.000,BBG001XJRMF5,0.0069798413,0.0019082102,980075
20150327,12:45:00.000,BBG000BJ26K7,0.025618538,0.018825583,813033
20150327,12:45:00.000,BBG000BQ87N0,-0.001086606,0.008415882,399637
20150327,12:45:00.000,BBG000C37332,0.009102394,0.004623823,304515
20150327,12:45:00.000,BBG000C4ZZ10,0.0061081285,0.008002908,397163
20150327,12:45:00.000,BBG000BPNP00,0.005038325,0.002949018,553775
20150327,12:45:00.000,BBG000BXBHJ4,-0.0067726746,-0.016970828,623456
20150327,12:45:00.000,BBG000FDBX90,0.0087056,0.00930096,1397300
20150327,12:45:00.000,BBG000BKNX95,-0.00056092313,-0.0011476092,629487
20150327,12:45:00.000,BBG000BV4XJ1,0.0015299681,0.026269125,217003
20150327,12:45:00.000,BBG000MQ1SN9,0.0030316024,0.0053642713,317658
20150327,12:45:00.000,BBG000KBQZ88,-0.011086725,-0.0067175385,487728
20150327,12:45:00.000,BBG000BXNJ07,-0.0074224095,-0.008494859,2906061
20150327,12:45:00.000,BBG000DLVDK3,0.0007850512,-0.006685801,1042421
20150327,12:45:00.000,BBG000BB03M1,0.023594117,0.009561593,822870
20150327,12:45:00.000,BBG000BWGYF8,-0.00061636884,0.003034666,223605
20150327,12:45:00.000,BBG000BPZBB6,0.021508114,0.024067951,1094688
20150327,12:45:00.000,BBG000JKCWS0,0.006797859,-0.0017896332,298739
20150327,12:45:00.000,BBG000BNPSQ9,0.02971112,0.06401004,787664
20150327,12:45:00.000,BBG000C060M4,-0.006362962,-0.0115019,80996
20150327,12:45:00.000,BBG000BFDLV8,0.006259501,0.013687299,360473
20150327,12:45:00.000,BBG000C2V3D6,0.0020589775,0.008618712,493057
20150327,12:45:00.000,BBG000BC9938,-0.00046748744,-0.005470146,348249
20150327,12:45:00.000,BBG000C22QV7,-0.0020890338,0.0033302174,451831
20150327,12:45:00.000,BBG000BMTFR4,-0.0058286563,-0.005818609,835024
20150327,12:45:00.000,BBG000BKTT89,-0.002933897,0.0016537162,147972
20150327,12:45:00.000,BBG000BWXL85,0.005871498,0.0070997006,1273481
20150327,12:45:00.000,BBG0014GG205,0.02807235,0.020221118,3981252
20150327,12:45:00.000,BBG000BGFZR8,0.0038366711,0.0047571226,738809
20150327,12:45:00.000,BBG000V31J96,0.0071144016,0.013466309,1352812
20150327,12:45:00.000,BBG000BNNKG9,-0.0005108205,0.0065761884,725625
20150327,12:45:00.000,BBG000BSSC44,-0.006123313,-0.016619919,565918
20150327,12:45:00.000,BBG000BSY3K9,-0.006813125,8.5393174e-07,279264
20150327,12:45:00.000,BBG000BPMH90,-0.007351785,-0.010344879,443449
20150327,12:45:00.000,BBG000BX5ZF5,-0.014366368,-0.016414335,2754364
20150327,12:45:00.000,BBG000BR37X2,0.0059146285,-0.00074292376,1000374
20150327,12:45:00.000,BBG000C9F2F9,-0.026059967,-0.00063613325,704356
20150327,12:45:00.000,BBG000D9KWL9,0.0080482,3.9730137e-05,412460
20150327,12:45:00.000,BBG000PLXQQ3,-0.0040313313,0.0002863394,277064
20150327,12:45:00.000,BBG000HZFZX3,-0.0041917292,0.0010258579,345864
20150327,12:45:00.000,BBG000BDXGP9,0.02339494,0.03252276,1770928
20150327,12:45:00.000,BBG000BB29X4,0.003916934,0.0115165105,456468
20150327,12:45:00.000,BBG001C7TST4,-0.0032768562,-8.443976e-05,541902
20150327,12:45:00.000,BBG000BMKDM3,5.349357e-05,0.006190293,675572
20150327,12:45:00.000,BBG000FFH4P5,0.002398368,0.0037009753,421292
20150327,12:45:00.000,BBG000C75N77,0.0028216785,-0.009326947,331227
20150327,12:45:00.000,BBG000C221G9,-0.010199145,-0.0072393115,441921
20150327,12:45:00.000,BBG000BKXFN7,0.003244985,-0.015973365,1205768
20150327,12:45:00.000,BBG000BWP7D9,0.0069130263,0.016988738,646066
20150327,12:45:00.000,BBG000DY8ZS4,-0.01695989,-0.023006644,2256021
20150327,12:45:00.000,BBG000BFL116,0.005311876,-0.002264242,684729
20150327,12:45:00.000,BBG000BKLH74,0.0070117568,0.0058969907,1286434
20150327,12:45:00.000,BBG000BS9489,-0.0041808346,6.475963e-05,222533
20150327,12:45:00.000,BBG000BP8Z50,-0.003256656,-0.005655332,653608
20150327,12:45:00.000,BBG000BS7KS3,0.0060227267,0.006373162,599250
20150327,12:45:00.000,BBG000BMZ7P7,0.0018362885,-0.0027624061,437940
20150327,12:45:00.000,BBG000FBK808,-0.039344467,-0.054259017,4001654
20150327,12:45:00.000,BBG000R8ZVD1,-0.01576125,-0.00961474,1686342
20150327,12:45:00.000,BBG000BLMZK6,-0.004193054,0.0118571,584761
20150327,12:45:00.000,BBG000BQSQ38,0.0073727337,0.0086713005,843246
20150327,12:45:00.000,BBG000BBL0Y1,-0.008830403,0.01122396,470446
20150327,12:45:00.000,BBG001QZCPJ2,0.012055929,0.022034546,920532
20150327,12:45:00.000,BBG000CVWGS6,0.00634673,0.00934421,1461987
20150327,12:45:00.000,BBG000BCNYT9,0.0071343663,-3.5867578e-07,3878206
20150327,12:45:00.000,BBG000PVRDL2,0.009677083,0.0020333626,1771120
20150327,12:45:00.000,BBG000BJQWD2,-0.0019622727,-0.0009852952,342170
20150327,12:45:00.000,BBG000C9W1Y1,0.00039127364,-0.0019000915,1033947
20150327,12:45:00.000,BBG000BJ49H3,0.009588947,0.007606832,487596
20150327,12:45:00.000,BBG000BFVXX0,-0.003381106,0.007919567,1435515
20150327,12:45:00.000,BBG000FLZN98,-0.002553391,0.0034141834,163740
20150327,12:45:00.000,BBG000FLPRH1,0.006303289,0.0051299883,794425
20150327,12:45:00.000,BBG000BYWTX7,-0.003676085,-0.0073507507,3003529
20150327,12:45:00.000,BBG000BY33P5,-0.0022769999,-0.00224196,1658723
20150327,12:45:00.000,BBG000BBB3K1,0.0024064153,0.0073383665,1222008
20150327,12:45:00.000,BBG000DN7P92,0.008910844,0.013925517,529413
20150327,12:45:00.000,BBG000BBMSJ6,0.0036156576,3.7284713e-07,749877
20150327,12:45:00.000,BBG000BH2JM1,-0.0014458334,-0.0038639414,2080479
20150327,12:45:00.000,BBG000BFS7D3,-0.005739529,0.0015499191,206945
20150327,12:45:00.000,BBG000CKVSG8,-0.011157708,-0.020062167,1337423
20150327,12:45:00.000,BBG000BB6G37,-0.0022735267,-0.004354788,804406
20150327,12:45:00.000,BBG000BM7HL0,0.0007031415,0.0019587025,483799
20150327,12:45:00.000,BBG000BCYP43,-0.0038612373,0.0031503933,202309
20150327,12:45:00.000,BBG000BV75B7,0.0047425693,0.00017407494,431591
20150327,12:45:00.000,BBG000TWC2V5,-0.00093107723,0.005388105,234422
20150327,12:45:00.000,BBG000BLW530,0.0037075994,-0.0005083057,743839
20150327,12:45:00.000,BBG000BKWSR6,0.0005935837,-0.0045984904,2452471
20150327,12:45:00.000,BBG000C2YHG9,0.0037555078,0.007037767,525820
20150327,12:45:00.000,BBG000BRQ6L2,0.010361728,0.034548175,3231859
20150327,12:45:00.000,BBG000BQHGR6,0.008306314,0.004770259,572221
20150327,12:45:00.000,BBG000BN9WT5,0.00396205,-0.00010956065,563745
20150327,12:45:00.000,BBG000BVWLJ6,-0.004107417,-0.0025771149,427837
20150327,12:45:00.000,BBG000BKQ3V3,-0.008751624,-0.030829737,4579032
20150327,12:45:00.000,BBG000H0QBS7,-0.0013712116,0.005713871,906352
20150327,12:45:00.000,BBG000H4YVR7,0.00080132164,0.028634865,347191
20150327,12:45:00.000,BBG000PYZSR8,-0.006653428,-0.001018088,199204
20150327,12:45:00.000,BBG007TJF1N7,0.013075927,0.0183322,1420003
20150327,12:45:00.000,BBG000C2ZCH8,0.004468244,0.015072827,904337
20150327,12:45:00.000,BBG000BTCH57,-0.007873755,-0.00061589485,555264
20150327,12:45:00.000,BBG000BR54L0,0.005761002,0.025098722,1738770
20150327,12:45:00.000,BBG000BB5373,0.0071871653,0.009285067,2232562
20150327,12:45:00.000,BBG000BHZ5J9,0.009460378,0.003940821,352262
20150327,12:45:00.000,BBG000CXD6X9,0.0037887795,0.011824336,437846
20150327,12:45:00.000,BBG000BKZTP3,0.0067208023,0.00016617669,531846
20150327,12:45:00.000,BBG000BB1TH9,-0.007486624,-0.016963538,393408
20150327,12:45:00.000,BBG000D5S4M0,0.015871828,0.019233752,300425
20150327,12:45:00.000,BBG000BN84F3,-0.0026825396,-0.00019785517,923388
20150327,12:45:00.000,BBG000HW5GX3,-0.010476152,-0.015327968,1023627
20150327,12:45:00.000,BBG000CHPY97,-0.012147247,-0.023533892,2733443
20150327,12:45:00.000,BBG000D2M0Z7,-0.0019879243,0.0012994129,809035
20150327,12:45:00.000,BBG000BF1R66,0.0076489747,0.0017523888,603253
20150327,12:45:00.000,BBG000BJ8YN7,-0.0009935381,-0.0074754856,674827
20150327,12:45:00.000,BBG000G9CGL0,0.01084775,0.020439655,307500
20150327,12:45:00.000,BBG000BQ8KV2,-0.0027607074,-0.007429272,661057
20150327,12:45:00.000,BBG000BVMPN3,0.00425531,-0.0028953606,417067
20150327,12:45:00.000,BBG000BGD7W6,-0.00648027,0.0029781575,435434
20150327,12:45:00.000,BBG000BC15S7,0.0022235927,-0.0022407847,529461
20150327,12:45:00.000,BBG000Q2HM09,0.022843348,0.019035265,739314
20150327,12:45:00.000,BBG000BQVTF5,-0.004743845,-0.0060986723,434956
20150327,12:45:00.000,BBG000VC0T95,-0.00015222216,0.004284687,451334
20150327,12:45:00.000,BBG000F86GP6,0.0016480058,0.0026934128,295656
20150327,12:45:00.000,BBG000BWVSR1,-0.00091566605,0.0028092996,480707
20150327,12:45:00.000,BBG000BX8DC4,0.0055903643,0.009221226,504694
20150327,12:45:00.000,BBG000BHCP19,0.003066649,0.0020745052,493856
20150327,12:45:00.000,BBG000BK6G19,0.009421399,0.0055483696,835431
20150327,12:45:00.000,BBG000RGM5P1,-0.010308211,-0.007435357,411023
20150327,12:45:00.000,BBG000BF5RY1,0.0016417232,0.0040036472,773148
20150327,12:45:00.000,BBG000BP4MH0,-0.00016861034,-0.0017988738,704022
20150327,12:45:00.000,BBG000D8RG11,-0.013526537,-0.00730061,1234435
20150327,12:45:00.000,BBG000FP1N32,-0.003126998,-0.013784998,1914331
20150327,12:45:00.000,BBG000BLHRS2,-0.0006746322,0.0057921284,330463
20150327,12:45:00.000,BBG000TJM7F0,-0.008909947,-0.002337784,718459
20150327,12:45:00.000,BBG000J1QLT0,-0.008654334,-0.00039213838,253588
20150327,12:45:00.000,BBG000BBBNC6,0.0042493464,-0.0031490838,596508
20150327,12:45:00.000,BBG000BY2Y78,-9.9724995e-05,-0.005261068,887833
20150327,12:45:00.000,BBG000BM6788,-0.006791322,-7.4961914e-05,505896
20150327,12:45:00.000,BBG000C1FQS9,-0.0012875505,0.004966696,236983
20150327,12:45:00.000,BBG000BBJQV0,0.00056135934,-0.002385403,2186944
20150327,12:45:00.000,BBG000BTQR96,-0.00077380036,0.0035318902,421181
20150327,12:45:00.000,BBG000CXYSZ6,0.015525588,0.013319988,303369
20150327,12:45:00.000,BBG000BB5792,0.04698228,0.061387543,3426672
20150327,12:45:00.000,BBG000BNGTQ7,7.652327e-05,0.007787742,322920
20150327,12:45:00.000,BBG000BZTW70,-0.0085984515,-0.026421549,3432786
20150327,12:45:00.000,BBG000G0Z878,-0.0026289173,-0.006881149,925611
20150327,12:45:00.000,BBG000BFNR17,0.0052885166,0.0064926166,116143
20150327,12:45:00.000,BBG002BHBHM1,0.002145578,0.017198136,394173
20150327,12:45:00.000,BBG000BC4JJ4,0.002078105,0.0024144782,296609
20150327,12:45:00.000,BBG000F15NW9,0.006300108,0.010233581,230625
20150327,12:45:00.000,BBG000BKR1D6,0.0053163324,-2.1440766e-05,151109
20150327,12:45:00.000,BBG000BCTQ65,-0.0053687943,0.0026247958,3478383
20150327,12:45:00.000,BBG000BNNYW1,-0.0017032946,-0.004394231,3840730
20150327,12:45:00.000,BBG000BBCDZ2,-0.0058905603,-0.004145365,545886
20150327,12:45:00.000,BBG000BRK7L6,0.0082087405,-0.00477546,1810875
20150327,12:45:00.000,BBG000DQTXY6,0.0009404496,0.020985242,1523512
20150327,12:45:00.000,BBG000BRXP69,-0.0039163707,0.0057091196,215181
20150327,12:45:00.000,BBG000BL9JQ1,-0.009830529,-0.0146827195,701318
20150327,12:45:00.000,BBG000DTMH63,-0.0070566214,-0.025894638,2270190
20150327,12:45:00.000,BBG000BJPDZ1,-0.0022449302,0.0019933726,122160
20150327,12:45:00.000,BBG000BXWBN9,-0.0007015658,0.0066445614,893442
20150327,12:45:00.000,BBG000C2PW58,0.0012465206,-0.0012003996,155917
20150327,12:45:00.000,BBG000D13GN8,-0.009623777,-0.0099172555,383708
20150327,12:45:00.000,BBG000BB6M98,-0.0034117969,-0.0028815547,1099856
20150327,12:45:00.000,BBG000BGYWY6,0.0041452693,0.017638588,247921
20150327,12:45:00.000,BBG000BHB3M6,0.0058016675,0.006258516,579919
20150327,12:45:00.000,BBG000G3QLY3,-0.0055896947,-0.009479486,333455
20150327,12:45:00.000,BBG000BSBZH7,-0.0012288709,0.0031807267,356347
20150327,12:45:00.000,BBG000F7RCJ1,-0.003401229,0.009502933,372291
20150327,12:45:00.000,BBG0039320N9,-0.00457507,0.004663117,1084904
20150327,12:45:00.000,BBG000BTZQC4,-0.017516814,-0.021636393,1976970
20150327,12:45:00.000,BBG001M8HHB7,-0.0024406048,-0.0007174038,354031
20150327,12:45:00.000,BBG000CZWZ05,0.099960506,0.1308585,4310693
20150327,12:45:00.000,BBG000QY3XZ2,0.004631845,0.008031628,366265
20150327,12:45:00.000,BBG000BHLYP4,-0.006215751,-0.005222158,592866
20150327,12:45:00.000,BBG000CHWP52,0.015472287,0.009374548,1641018
20150327,12:45:00.000,BBG000QFJ7H3,0.009282668,-0.0063625625,3921414
20150327,12:45:00.000,BBG000BFTJ91,0.0014907018,0.0026950897,748139
20150327,12:45:00.000,BBG000BZ2GG4,0.009440443,0.0025661162,645164
20150327,12:45:00.000,BBG000FKJRC5,0.0020634893,0.01159653,573358
20150327,12:45:00.000,BBG000BKPL53,0.009466478,0.014307284,632191
20150327,12:45:00.000,BBG000BNC3Y9,-0.006743976,-0.011836593,310126
20150327,12:45:00.000,BBG000BNFLM9,0.0031906571,0.0029516623,1271108
20150327,12:45:00.000,BBG000BWCKB6,-0.004997667,0.0027077643,331472
20150327,12:45:00.000,BBG000BR14K5,0.003549233,-0.0009488613,467393
20150327,12:45:00.000,BBG0014GJCT9,0.01234552,0.02543436,848199
20150327,12:45:00.000,BBG000BRRG02,-0.014481019,-0.016833426,1010205
20150327,12:45:00.000,BBG000BP1Q11,-0.009594889,-0.0062387516,490050
20150327,12:45:00.000,BBG000P1F8Q7,-0.013692322,0.0006829315,433506
20150327,12:45:00.000,BBG000BCVMH9,-0.0032035464,-0.006593697,456114
20150327,12:45:00.000,BBG000D7RKJ5,0.0021982968,0.009342236,622779
20150327,12:45:00.000,BBG000FNRZ69,0.017353889,0.008732349,2051633
20150327,12:45:00.000,BBG000BTKGG8,0.0014258057,-0.0066331816,901209
20150327,12:45:00.000,BBG001QD41M9,-0.0051707914,-0.00019492913,450173
20150327,12:45:00.000,BBG000D9DMK0,0.0038198333,0.0067171967,548108
20150327,12:45:00.000,BBG000BH5DV1,-0.0043939464,-0.0026305488,427194
20150327,12:45:00.000,BBG000BMQPL1,-0.006728407,-0.01343195,4410979
20150327,12:45:00.000,BBG000BMDV41,-0.004896863,-0.0030485466,642731
20150327,12:45:00.000,BBG000BQZMH4,0.0020065273,0.009471449,762761
20150327,12:45:00.000,BBG000BS0ZF1,-0.006653479,-0.012348575,227900
20150327,12:45:00.000,BBG000BGLRN3,-0.0064311833,-0.013304223,1374979
20150327,12:45:00.000,BBG000C0F570,-0.003088079,-0.0075027193,1285904
20150327,12:45:00.000,BBG000D6L294,-0.0033373614,-0.0055015986,335813
20150327,12:45:00.000,BBG000BM5SR2,0.0043681734,0.0009222327,881600
20150327,12:45:00.000,BBG000BYYLS8,0.0021446408,-0.0033617644,1766956
20150327,12:45:00.000,BBG000BF6LY3,0.050383665,0.06143843,7613138
20150327,12:45:00.000,BBG000BCBCM7,-0.009808405,-0.0068683806,2265915
20150327,12:45:00.000,BBG000BJ2VQ6,0.0086742,-0.01567132,1719947
20150327,12:45:00.000,BBG000BJ98Z0,-0.0029845824,0.0047899294,612739
20150327,12:45:00.000,BBG000BLCPY4,0.0057214247,-0.016428936,628628
20150327,12:45:00.000,BBG000D898T9,-0.0026020473,0.0034210598,578047
20150327,12:45:00.000,BBG000BMBL90,0.0018635666,0.0053104856,704780
20150327,12:45:00.000,BBG000BSXQV7,0.0003503972,0.008212918,211208
20150327,12:45:00.000,BBG000FVXD63,0.021971356,0.013105051,919113
20150327,12:45:00.000,BBG000BVMGF2,-0.00012849887,-0.0037019223,627654
20150327,12:45:00.000,BBG000C11MQ5,-0.032001514,0.0031584532,370127
20150327,12:45:00.000,BBG000BPQD31,-0.004186709,0.00072724314,2043431
20150327,12:45:00.000,BBG000BB5006,-0.0031383228,-0.0015077798,903965
20150327,12:45:00.000,BBG000BHKYH4,-0.0025465551,-8.749021e-05,399669
20150327,12:45:00.000,BBG000D1QCF1,0.0036715926,-0.005160953,705030
20150327,12:45:00.000,BBG000CSY9H9,0.0064683612,0.013619133,775901
20150327,12:45:00.000,BBG000BRJ809,0.0016963568,0.0024394041,176802
20150327,12:45:00.000,BBG000CNFQW6,-0.0005077995,0.0039539444,269561
20150327,12:45:00.000,BBG000BXM6V2,-0.0036810816,0.007630467,673314
20150327,12:45:00.000,BBG000BCGY17,0.008267514,0.011550505,1333478
20150327,12:45:00.000,BBG000DKCC19,-0.006473315,7.851852e-08,944343
20150327,12:45:00.000,BBG000BKCFC2,0.0017455021,0.008710256,1673304
20150327,12:45:00.000,BBG000BTVJ25,0.004226983,0.0052785766,1639279
20150327,12:45:00.000,BBG000BN5HF7,-0.004703066,0.013457645,515026
20150327,12:45:00.000,BBG000Q3JN03,0.0031069175,-0.008588475,8122726
20150327,12:45:00.000,BBG0020B4JG7,0.0033468294,0.009540757,1942463
20150327,12:45:00.000,BBG000BR3KL6,0.004718731,0.0048989863,256749
20150327,12:45:00.000,BBG000BRWGG9,0.007826234,0.020744355,8844082
20150327,12:45:00.000,BBG001LWHLJ8,-0.0013317993,-0.0010416225,2918754
20150327,12:45:00.000,BBG000C7LMS8,0.014970364,0.027625676,204494
20150327,12:45:00.000,BBG000BPT0C6,0.01993795,0.01147393,1524745
20150327,12:45:00.000,BBG000BSD7C2,0.00047205144,0.0034004278,467656
20150327,12:45:00.000,BBG000BRJL00,-0.0002465941,0.006664174,1370217
20150327,12:45:00.000,BBG000C1FB75,0.0015504006,0.0022849957,183427
20150327,12:45:00.000,BBG000BJ3PD2,-0.0013251333,-0.0008998739,525606
20150327,12:45:00.000,BBG000BHLYS1,0.010837774,0.020664604,2712610
20150327,12:45:00.000,BBG000JWD753,-0.0032809835,0.00045722176,1341594
20150327,12:45:00.000,BBG000BXMFC3,-0.0068050353,-0.011913063,1183151
20150327,12:45:00.000,BBG000CGQ6M4,0.0022587061,-0.0021979928,362715
20150327,12:45:00.000,BBG000DNTSP4,0.008386057,0.00055567926,1519139
20150327,12:45:00.000,BBG000BFXHL6,-0.013066595,-0.014981496,1483681
20150327,12:45:00.000,BBG000BJL3N0,0.00043743418,-0.008434736,3987316
20150327,12:45:00.000,BBG000JG0547,-0.00235283,0.00047436752,588010
20150327,12:45:00.000,BBG000BWSV34,0.0012048484,0.007880229,203489
20150327,12:45:00.000,BBG000BB6WG8,-0.0009093887,0.0015119265,1177309
20150327,12:45:00.000,BBG000BCWCG1,-0.022332475,-0.013539388,2300412
20150327,12:45:00.000,BBG000BB9KF2,0.0065226615,0.013373078,1277367
20150327,12:45:00.000,BBG000C3HSR0,-0.007990809,-0.0035430004,561472
20150327,12:45:00.000,BBG000BFMBQ6,0.00738487,0.021072226,663185
20150327,12:45:00.000,BBG000BP0KQ8,0.018845266,0.028532933,1651965
20150327,12:45:00.000,BBG000BQWPC5,-0.0059504607,0.0046231444,718412
20150327,12:45:00.000,BBG001YMS0B8,0.03463069,0.041886337,17257868
20150327,12:45:00.000,BBG000C0LW92,0.0070509324,0.016623829,2768432
20150327,12:45:00.000,BBG000MDCQC2,0.0029659108,0.009989297,723183
20150327,12:45:00.000,BBG000BK67C7,-0.003382736,-0.00055808784,293879
20150327,12:45:00.000,BBG000BY29C7,0.00806839,0.010323395,1001449
20150327,12:45:00.000,BBG000BSLZY7,0.009729148,0.0050388756,2523469
20150327,12:45:00.000,BBG000BLKK03,-0.002398614,0.010287517,906856
20150327,12:45:00.000,BBG000C2BXK4,-0.013205271,-0.005138932,5001181
20150327,12:45:00.000,BBG000BCZYD3,-0.002896637,0.009078532,441497
20150327,12:45:00.000,BBG000R7RDB4,0.004506755,0.0013413101,478237
20150327,12:45:00.000,BBG000C3GN47,-0.0019028265,-0.004140247,2100165
20150327,12:45:00.000,BBG000BMW2Z0,-0.0061815483,0.000564075,440267
20150327,12:45:00.000,BBG000BKFZM4,0.0062935385,0.00845783,2175899
20150327,12:45:00.000,BBG000G2R6M0,0.0035423117,-0.0064563546,3999546
20150327,12:45:00.000,BBG000C1S2X2,-0.011021145,0.0119033735,606696
20150327,12:45:00.000,BBG000F0KF42,-0.004407842,-0.013825932,958120
20150327,12:45:00.000,BBG000CS7CT9,-0.0066633737,0.0020672265,1255867
20150327,12:45:00.000,BBG000CPQZ77,-0.011683548,-0.005560612,1242095
20150327,12:45:00.000,BBG000C8H633,-0.00834471,-0.012886534,2493412
20150327,12:45:00.000,BBG000JH6683,0.015802339,0.047510408,2114008
20150327,12:45:00.000,BBG000BLBXT4,-0.0075137084,-0.00023586904,2185320
20150327,12:45:00.000,BBG000BB07P9,0.011707019,0.00088351447,5342804
20150327,12:45:00.000,BBG000BX3TD3,-0.003777432,-0.01832819,2537468
20150327,12:45:00.000,BBG000F80SZ5,-0.0028712652,0.006309395,2565381
20150327,12:45:00.000,BBG000BKFBD7,0.00034665654,-0.0051574195,750478
20150327,12:45:00.000,BBG000BPWXK1,0.017092826,0.008125053,2782464
20150327,12:45:00.000,BBG000BH5LT6,-0.027170986,-0.052236337,5516719
20150327,12:45:00.000,BBG000BBD070,-0.009077654,-0.016113767,618180
20150327,12:45:00.000,BBG000BWJFZ4,-0.015227413,-0.015212799,205120
20150327,12:45:00.000,BBG000BWNFZ9,-0.0037460309,-0.01105203,806908
20150327,12:45:00.000,BBG000BH3JF8,-0.000716841,0.0032608924,752361
20150327,12:45:00.000,BBG000C0HQ54,0.015680945,0.026191002,1120148
20150327,12:45:00.000,BBG000FL1TC8,-0.005290292,-0.0033249005,747927
20150327,12:45:00.000,BBG000BV8DN6,0.0026710236,0.005069185,1201901
20150327,12:45:00.000,BBG0029SNR63,-0.007643137,-0.005922903,550836
20150327,12:45:00.000,BBG000DYGNW7,-0.0050527495,-0.00037565106,286043
20150327,12:45:00.000,BBG000QW7VC1,-0.0012580752,0.0010508479,941325
20150327,12:45:00.000,BBG000BFQYY3,-0.007868343,-0.0010181337,825817
20150327,12:45:00.000,BBG000BGVW60,-0.0040528676,0.003837872,922681
20150327,12:45:00.000,BBG000C1BW00,-0.007027168,0.0038392951,495882
20150327,12:45:00.000,BBG000BJ81C1,0.0056602564,0.00037467424,539314
20150327,12:45:00.000,BBG000BFDXW1,0.0044842376,0.0018981479,2344862
20150327,12:45:00.000,BBG000BSC0K9,-0.00020268477,0.008640084,780790
20150327,12:45:00.000,BBG000BD8PN9,-0.004936601,-0.0075372793,1795374
20150327,12:45:00.000,BBG000DSMS70,-0.0112176,0.012390884,294519
20150327,12:45:00.000,BBG000BQ5DS5,0.0019423222,-0.0025503656,1272378
20150327,12:45:00.000,BBG000G30YX4,0.015935963,0.03657717,696048
20150327,12:45:00.000,BBG000BQ2C28,0.00028315227,0.005336909,505379
20150327,12:45:00.000,BBG000BN2DC2,0.0013992881,0.0046206815,676601
20150327,12:45:00.000,BBG000LD9JQ8,-0.007937946,-0.0037839627,396100
20150327,12:45:00.000,BBG000BGKTF9,0.008927276,0.0022925395,997868
20150327,12:45:00.000,BBG000BBVJZ8,-0.0071135242,-0.010239053,878031
20150327,12:45:00.000,BBG000D9D830,-0.0020349554,-0.0039812704,2362493
20150327,12:45:00.000,BBG000BJSBJ0,0.0020998972,0.00939257,504549
20150327,12:45:00.000,BBG000BH1NH9,-0.00084154087,-0.0026316494,813631
20150327,12:45:00.000,BBG000BVDLH9,-0.003370408,0.006009675,380481
20150327,12:45:00.000,BBG000FJLFX8,0.0033568693,0.014396542,689609
20150327,12:45:00.000,BBG000MZFMS2,-0.016445398,0.00011528203,462316
20150327,12:45:00.000,BBG000C4DPX1,-0.00051789155,0.008058205,1056751
20150327,12:45:00.000,BBG000C0MF34,0.011410071,0.005498258,257781
20150327,12:45:00.000,BBG000QBR5J5,0.0043983413,-0.0014085169,1129822
20150327,12:45:00.000,BBG000BCVJ77,0.0010415387,0.005439731,809103
20150327,12:45:00.000,BBG000QX74T1,0.0043574497,0.005583387,178205
20150327,12:45:00.000,BBG000BBDV81,0.0009478741,0.004638299,956915
20150327,12:45:00.000,BBG000HCJMF9,-0.0030518183,-0.011054637,806413
20150327,12:45:00.000,BBG000C46HM9,-0.0058906395,0.00047408594,828504
20150327,12:45:00.000,BBG000BGPTV6,0.0009844614,0.0011696125,417148
20150327,12:45:00.000,BBG000BRD0D8,0.001787803,-0.0060542976,1455697
20150327,12:45:00.000,BBG000BGJRC8,-0.00051566353,-0.0051107537,3091341
20150327,12:45:00.000,BBG000DHSPT0,0.0110171465,0.006095468,663854
20150327,12:45:00.000,BBG000J6XT05,-0.0002516799,0.0043052007,2597550
20150327,12:45:00.000,BBG000BH3GZ2,-0.00053375075,-0.0015909133,762916
20150327,12:45:00.000,BBG000BTR593,0.014247006,0.0026629362,2225454
20150327,12:45:00.000,BBG000B9ZXB4,0.0014679867,0.0077405684,1217355
20150327,12:45:00.000,BBG000BL4504,-0.0018415265,-0.011239144,12339010
20150327,12:45:00.000,BBG000BNBDC2,-0.0012370652,0.00490062,1583234
20150327,12:45:00.000,BBG000C734W3,-0.007129341,0.01580129,351693
20150327,12:45:00.000,BBG000BWLMJ4,0.004776201,0.011666413,1575876
20150327,12:45:00.000,BBG000H556T9,0.0056334203,0.004404741,1151077
20150327,12:45:00.000,BBG000BVPPM1,-0.01036955,-0.0047708983,511964
20150327,12:45:00.000,BBG000BCG930,0.008540792,0.021545254,687323
20150327,12:45:00.000,BBG000BJF1Z8,-0.007943638,-0.0037454872,332921
20150327,12:45:00.000,BBG000BND699,0.0051608724,0.007590653,2567284
20150327,12:45:00.000,BBG000BD4VG8,-0.0006951027,0.0011140701,911403
20150327,12:45:00.000,BBG000BC2C10,0.004674525,0.0017548274,1775869
20150327,12:45:00.000,BBG000NV1KK7,-0.003247429,0.0025405404,1846967
20150327,12:45:00.000,BBG000BLZRJ2,0.0021804443,0.00028097755,3878903
20150327,12:45:00.000,BBG000F6H8W8,-0.0015119042,0.0035311054,534709
20150327,12:45:00.000,BBG000BMY992,-0.0070524644,0.002168575,1008024
20150327,12:45:00.000,BBG000BT9DW0,0.006238035,0.009143489,2519974
20150327,12:45:00.000,BBG000PX3XC0,-0.000109680994,-0.016494736,5719487
20150327,12:45:00.000,BBG000BWXBC2,-0.0077980673,-0.0062287278,1998465
20150327,12:45:00.000,BBG000BB6KF5,0.0025631357,-0.0053366423,1861801
20150327,12:45:00.000,BBG000FFDM15,0.0013179496,-0.0059252987,2148612
20150327,12:45:00.000,BBG000KLB4Q1,0.03891018,0.04713289,6103138
20150327,12:45:00.000,BBG001DCCGR8,-0.011274795,-0.0092671625,570010
20150327,12:45:00.000,BBG000BVV7G1,0.0032643066,0.0017928414,1584363
20150327,12:45:00.000,BBG000BHGDH5,-0.0016193325,0.0067250924,1668559
20150327,12:45:00.000,BBG000BWVCP8,0.011358936,0.0059884046,1774221
20150327,12:45:00.000,BBG000C15T95,-0.005121823,-0.0027112842,935895
20150327,12:45:00.000,BBG000D4LWF6,-0.0028581168,0.0025764909,5804940
20150327,12:45:00.000,BBG000B9WH86,0.0022932894,-0.009312709,7801622
20150327,12:45:00.000,BBG000Q9HH23,-0.008371545,-0.00244291,296585
20150327,12:45:00.000,BBG00286S4N9,-0.00012133286,-0.0050348365,656640
20150327,12:45:00.000,BBG000BHX7N2,0.0009279195,-0.00053133914,1238027
20150327,12:45:00.000,BBG000L9CV04,-0.005351387,-0.00030984293,1123751
20150327,12:45:00.000,BBG000BH13K9,0.0022468113,0.0011847351,2002748
20150327,12:45:00.000,BBG000FG3C43,-0.01885493,-0.029911181,7315377
20150327,12:45:00.000,BBG000C496P7,0.008797261,0.007459073,2041546
20150327,12:45:00.000,BBG000BXRPH1,0.0041304887,-0.0010964193,648241
20150327,12:45:00.000,BBG000BNJHS8,-0.0026211129,0.019571938,2827617
20150327,12:45:00.000,BBG000BBPFB9,0.0024514874,0.0008927425,9135744
20150327,12:45:00.000,BBG000WCFV84,-0.009494199,-0.015421343,1738538
20150327,12:45:00.000,BBG0019JZ882,0.005143195,0.0043595205,2556520
20150327,12:45:00.000,BBG000H89QJ6,-0.002301223,-0.0028384514,724071
20150327,12:45:00.000,BBG000BFWKC0,0.0043749698,0.0016035179,1241615
20150327,12:45:00.000,BBG000C5HS04,-0.005536384,0.0017111305,798902
20150327,12:45:00.000,BBG000BJX8C8,0.012142953,0.0034737065,2384223
20150327,12:45:00.000,BBG000BNDN65,-0.005670678,0.0069315513,1432284
20150327,12:45:00.000,BBG000BP52R2,0.0004955495,0.0052587776,693491
20150327,12:45:00.000,BBG000M65M61,0.010811139,0.031329896,2132139
20150327,12:45:00.000,BBG000BP6LJ8,-0.0008082139,0.0036002821,3005214
20150327,12:45:00.000,BBG000F0PF65,0.0007615099,0.0039525684,999019
20150327,12:45:00.000,BBG000H8TVT2,0.0037794805,0.009757253,1266676
20150327,12:45:00.000,BBG000DQLV23,-0.0017047233,0.005845898,1872566
20150327,12:45:00.000,BBG000BHBK84,0.037426855,0.039193813,11288673
20150327,12:45:00.000,BBG000DLFM21,-0.015370241,-0.00047927347,526731
20150327,12:45:00.000,BBG000BJDB15,-0.023076627,-0.037426807,10666895
20150327,12:45:00.000,BBG000CTQBF3,-0.003829359,0.0003677834,1967296
20150327,12:45:00.000,BBG000BQQ2S6,-0.0017294862,-0.009157148,1253864
20150327,12:45:00.000,BBG000BHVJJ3,-0.0138001405,-0.02245904,15974617
20150327,12:45:00.000,BBG000F1ZSQ2,-0.0112863295,-0.010631954,1976446
20150327,12:45:00.000,BBG000BQPC32,0.0041657733,0.002499474,19281116
20150327,12:45:00.000,BBG000C43RR5,0.004594884,0.0039985874,2525212
20150327,12:45:00.000,BBG000CH5208,0.0025504162,0.012511821,907947
20150327,12:45:00.000,BBG000J2XL74,0.00068013615,0.00026154364,1992096
20150327,12:45:00.000,BBG000BC40Y8,-0.008411116,-0.010272117,1121305
20150327,12:45:00.000,BBG000KHWT55,-0.017618122,-0.02592455,9187486
20150327,12:45:00.000,BBG000BW8S60,0.0026234789,0.0060742833,1145563
20150327,12:45:00.000,BBG000BZ9223,-0.00606805,-0.009030184,1085117
20150327,12:45:00.000,BBG000DWYF03,-0.0006839603,-0.0014730262,3282368
20150327,12:45:00.000,BBG000BBGGQ1,-0.023746097,-0.023829801,2853097
20150327,12:45:00.000,BBG000BBDZG3,0.0016893592,-0.0018458739,2508601
20150327,12:45:00.000,BBG000BQLTW7,-0.00828163,-0.010468731,7175740
20150327,12:45:00.000,BBG000NDYB67,0.0023037593,0.0002673335,4384767
20150327,12:45:00.000,BBG000C6CFJ5,0.0042814226,0.0006671506,714531
20150327,12:45:00.000,BBG000BGRY34,-0.0016166717,0.0061268816,1545149
20150327,12:45:00.000,BBG000DH7JK6,-0.00036135936,0.002875926,1851668
20150327,12:45:00.000,BBG000BW3299,0.0082097445,0.005776561,3012073
20150327,12:45:00.000,BBG000DWG505,0.0048522255,0.0025516613,1341902
20150327,12:45:00.000,BBG000BF0K17,0.0034716069,-0.0033804625,3060090
20150327,12:45:00.000,BBG000R7Z112,-0.0021715544,0.016218213,3661189
20150327,12:45:00.000,BBG000BCSST7,-0.0036009687,0.00026970325,1108865
20150327,12:45:00.000,BBG000BQQH30,-0.0019354004,-0.004900181,1850235
20150327,12:45:00.000,BBG000BCQZS4,5.8461057e-05,-0.008280806,4404901
20150327,12:45:00.000,BBG000BMX289,-0.009548968,-0.0071874643,6503403
20150327,12:45:00.000,BBG000BNWG87,0.0017628875,0.009135402,1991349
20150327,12:45:00.000,BBG000BBS2Y0,-0.008370694,0.011552091,886788
20150327,12:45:00.000,BBG000BH4R78,0.00026727375,0.0047496366,2974030
20150327,12:45:00.000,BBG005P7Q881,0.0035018679,0.026138926,4415794
20150327,12:45:00.000,BBG000BKZB36,0.0015759479,0.011922785,1640489
20150327,12:45:00.000,BBG000GFFQN9,0.017227381,0.017762693,13639657
20150327,12:45:00.000,BBG0025Y4RY4,9.789376e-05,0.0031419394,3008071
20150327,12:45:00.000,BBG000BFC8J2,-0.012336842,0.010367721,2852770
20150327,12:45:00.000,BBG000H6HNW3,0.001950194,0.010214883,9557861
20150327,12:45:00.000,BBG000BNSZP1,-0.0033382366,-0.0035405057,1656617
20150327,12:45:00.000,BBG000N9MNX3,-0.03174327,-0.028806817,4136090
20150327,12:45:00.000,BBG000BPD168,0.000106622836,0.0045136595,2608967
20150327,12:45:00.000,BBG000BKTFN2,0.0029909897,-0.0025476567,4744387
20150327,12:45:00.000,BBG000C17X76,-0.007824243,0.013470683,853366
20150327,12:45:00.000,BBG000BR2TH3,-0.0055357316,0.0014608136,2488352
20150327,12:45:00.000,BBG000PSKYX7,-0.0064495015,-0.0038089703,3025091
20150327,12:45:00.000,BBG000BT41Q8,0.007108093,-0.00090155454,2227435
20150327,12:45:00.000,BBG000C5Z1S3,-0.010860251,-0.017251866,13304004
20150327,12:45:00.000,BBG000BLNNH6,-0.0015485293,-0.007035863,1372722
20150327,12:45:00.000,BBG000BFT2L4,0.0027318327,0.003219595,6272226
20150327,12:45:00.000,BBG000CGC1X8,0.00031962257,-0.0032755053,3754048
20150327,12:45:00.000,BBG000HS77T5,0.009061059,0.0033047714,4734163
20150327,12:45:00.000,BBG000C3J3C9,0.0018611004,0.0022149219,9037488
20150327,12:45:00.000,BBG000FH8PX5,-0.00014059947,0.012260441,955408
20150327,12:45:00.000,BBG000BLBVN4,-0.0041692606,-0.00223079,228341
20150327,12:45:00.000,BBG000BSJK37,0.004105378,-0.002436948,8217028
20150327,12:45:00.000,BBG000CL9VN6,-0.01300303,-0.007293887,1430329
20150327,12:45:00.000,BBG000BVPV84,0.004801961,0.010059957,1252925
20150327,12:45:00.000,BBG000K4ND22,0.0013754054,-0.007219627,2245715
20150327,12:45:00.000,BBG000BWQFY7,-0.00022891494,-0.008076103,5183129
20150327,12:45:00.000,BBG002W96FT9,-0.006622492,-0.008843392,1026192
20150327,12:45:00.000,BBG000BMHYD1,0.00031729112,0.0047444915,1886104
20150327,12:45:00.000,BBG000BR2B91,0.00012393926,0.0067297807,9584437
20150327,12:45:00.000,BBG000BK6MB5,0.00064728287,0.0016118821,11305821
20150327,12:45:00.000,BBG000FY4S11,0.0031073268,-0.0050779977,8418896
20150327,12:45:00.000,BBG000DMBXR2,0.0052514425,-0.0016794609,4861698
20150327,12:45:00.000,BBG000C0G1D1,0.002547802,-0.0033244286,14006618
20150327,12:45:00.000,BBG000BHSKN9,-0.008554048,-0.008498543,858167
20150327,12:45:00.000,BBG000CKGBP2,-0.013468434,0.00707505,3709450
20150327,12:45:00.000,BBG000GZQ728,0.00064068084,-0.005989535,4292862
20150327,12:45:00.000,BBG000BPH459,-0.0031157003,-0.005581595,13943787
20150327,12:45:00.000,BBG000BCTLF6,-0.00077097723,-0.007131448,42175748
20150327,12:45:00.000,BBG000MM2P62,-0.0037659463,0.0018668325,10652360
20150327,12:45:00.000,BBG000B9XRY4,-0.0060300725,-0.006840047,19158116
20150327,13:00:00.000,BBG000CNZC55,-0.010339448,-0.0010828765,2589200
20150327,13:00:00.000,BBG000FH5YM1,0.0007116622,0.0013724989,2457954
20150327,13:00:00.000,BBG000BLM0V1,-0.006486834,-0.004170312,354302
20150327,13:00:00.000,BBG000HGYNZ9,-0.0060450593,-0.01623421,1344147
20150327,13:00:00.000,BBG000BF6RQ9,0.0015632532,0.024499696,395817
20150327,13:00:00.000,BBG000BFV115,0.0069916435,-0.004013375,583007
20150327,13:00:00.000,BBG0015XMW40,0.014253375,0.0121686235,267935
20150327,13:00:00.000,BBG000FBMY72,-0.012500755,-0.019261412,1257341
20150327,13:00:00.000,BBG000BDWKC5,0.009183846,0.010052166,967630
20150327,13:00:00.000,BBG000G6BN50,0.011601355,0.008394668,173738
20150327,13:00:00.000,BBG000BLDV98,-0.0066502597,0.0025013562,867086
20150327,13:00:00.000,BBG000R0L5J4,0.00018452214,-0.0038728209,317020
20150327,13:00:00.000,BBG006NV2Q11,-0.004042131,-0.0065102093,848256
20150327,13:00:00.000,BBG000BC2R71,0.0049439026,-0.0019366749,607146
20150327,13:00:00.000,BBG000BN1XR3,0.002390817,0.006505346,227949
20150327,13:00:00.000,BBG000GPXKX9,-0.0077141123,-0.0029215051,202584
20150327,13:00:00.000,BBG000DV7MX4,-0.00034036834,0.0008601306,2647466
20150327,13:00:00.000,BBG000BGRKT6,-0.0074848477,-0.0010789174,199069
20150327,13:00:00.000,BBG000BB5BF6,-0.015185188,-0.011090874,3874799
20150327,13:00:00.000,BBG000BVB8Q0,-0.0021375297,-0.0039395704,6554540
20150327,13:00:00.000,BBG000DGPR66,0.011922527,0.015670039,780590
20150327,13:00:00.000,BBG000BQ74K1,-0.0031630576,-0.005745417,218171
20150327,13:00:00.000,BBG000RNTSX0,-0.0028176806,0.0033661202,192042
20150327,13:00:00.000,BBG000N746D6,0.011335922,0.010562586,1457313
20150327,13:00:00.000,BBG000CR90K4,0.030799862,0.025792297,18231968
20150327,13:00:00.000,BBG000BVL2G3,0.008094017,0.0027612506,815983
20150327,13:00:00.000,BBG000BPQVR5,-0.0068753753,-0.00764274,282601
20150327,13:00:00.000,BBG000CB8Q50,0.002531484,0.005922069,245018
20150327,13:00:00.000,BBG000D42FJ0,-0.0018282301,-0.01731855,1039641
20150327,13:00:00.000,BBG003641015,-0.001296963,0.0031698013,750525
20150327,13:00:00.000,BBG000CPHYL4,0.00919882,0.009574751,633454
20150327,13:00:00.000,BBG000BKL348,0.006433268,0.008176014,181804
20150327,13:00:00.000,BBG000BMF5J0,-0.014690573,-0.0052323565,2555655
20150327,13:00:00.000,BBG000BCHG15,0.0042206184,0.008662811,176054
20150327,13:00:00.000,BBG000BJKPG0,-0.0054904846,-0.0013392553,226144
20150327,13:00:00.000,BBG000HS74G6,-0.0074314224,-0.010061116,566878
20150327,13:00:00.000,BBG000BVHBM1,-0.008249049,0.014342708,635082
20150327,13:00:00.000,BBG002PHSYX9,-0.01821328,-0.014837296,497030
20150327,13:00:00.000,BBG000D2ZTS8,-0.007571032,0.004780906,989673
20150327,13:00:00.000,BBG000BGYMH7,-0.0013647856,0.00091457844,298328
20150327,13:00:00.000,BBG000PV2L86,-0.00061516644,0.012686531,417231
20150327,13:00:00.000,BBG000FQ6PY6,0.005195141,0.0031549903,477888
20150327,13:00:00.000,BBG000R06BX2,0.0039672065,0.006044822,812302
20150327,13:00:00.000,BBG000BCWKD6,-0.0017578081,-0.0043982957,1093722
20150327,13:00:00.000,BBG000CPBCL8,-0.0018948687,-0.007657319,313371
20150327,13:00:00.000,BBG000B9X8C0,0.00428037,0.013680265,827270
20150327,13:00:00.000,BBG000BDY3Y7,-0.005435059,-0.0052554435,265259
20150327,13:00:00.000,BBG001XJRMF5,0.009588545,0.004256682,1047300
20150327,13:00:00.000,BBG000BJ26K7,0.023974443,0.018237272,849977
20150327,13:00:00.000,BBG000BQ87N0,-0.0007070301,0.009617971,410676
20150327,13:00:00.000,BBG000C37332,0.010180077,0.0057952497,313452
20150327,13:00:00.000,BBG000C4ZZ10,0.0053809187,0.0079658795,410832
20150327,13:00:00.000,BBG000BPNP00,0.0047155633,0.0032439537,573665
20150327,13:00:00.000,BBG000BXBHJ4,-0.0051070917,-0.0148785785,691301
20150327,13:00:00.000,BBG000FDBX90,0.009395375,0.010769678,1440888
20150327,13:00:00.000,BBG000BKNX95,0.001016207,0.00038227957,652154
20150327,13:00:00.000,BBG000BV4XJ1,0.0017998387,0.02800053,234396
20150327,13:00:00.000,BBG000MQ1SN9,0.003482016,0.006473994,334546
20150327,13:00:00.000,BBG000KBQZ88,-0.009108519,-0.0035133888,506408
20150327,13:00:00.000,BBG000BXNJ07,-0.0035098062,-0.0035393406,3082474
20150327,13:00:00.000,BBG000DLVDK3,0.00019344858,-0.0121717,1095408
20150327,13:00:00.000,BBG000BB03M1,0.02369663,0.0098732505,887241
20150327,13:00:00.000,BBG000BWGYF8,0.000111394125,0.004641751,233195
20150327,13:00:00.000,BBG000BPZBB6,0.023048943,0.025937205,1130211
20150327,13:00:00.000,BBG000JKCWS0,0.0061949706,-0.002826224,310579
20150327,13:00:00.000,BBG000BNPSQ9,0.028327145,0.064178325,820594
20150327,13:00:00.000,BBG000C060M4,-0.0075116092,-0.011431987,101661
20150327,13:00:00.000,BBG000BFDLV8,0.005805507,0.014793352,381823
20150327,13:00:00.000,BBG000C2V3D6,0.0029149957,0.01108081,558582
20150327,13:00:00.000,BBG000BC9938,-0.00083343487,-0.0046191644,361552
20150327,13:00:00.000,BBG000C22QV7,-0.0014882004,0.0051063066,504583
20150327,13:00:00.000,BBG000BMTFR4,-0.006995502,-0.006331897,859642
20150327,13:00:00.000,BBG000BKTT89,-0.0019719354,0.0053378073,157925
20150327,13:00:00.000,BBG000BWXL85,0.00825314,0.010748541,1354051
20150327,13:00:00.000,BBG0014GG205,0.027437564,0.020221204,4370783
20150327,13:00:00.000,BBG000BGFZR8,0.0034587623,0.005140652,821156
20150327,13:00:00.000,BBG000V31J96,0.0070143524,0.013466239,1389116
20150327,13:00:00.000,BBG000BNNKG9,0.0004142718,0.008897779,781624
20150327,13:00:00.000,BBG000BSSC44,-0.006800476,-0.016619794,595248
20150327,13:00:00.000,BBG000BSY3K9,-0.00678729,0.00010937975,283354
20150327,13:00:00.000,BBG000BPMH90,-0.0062466003,-0.010661465,455725
20150327,13:00:00.000,BBG000BX5ZF5,-0.013744467,-0.014851251,2872872
20150327,13:00:00.000,BBG000BR37X2,0.0074681835,0.002598332,1074540
20150327,13:00:00.000,BBG000C9F2F9,-0.02710364,0.00015804051,730534
20150327,13:00:00.000,BBG000D9KWL9,0.00848782,0.0010065427,427352
20150327,13:00:00.000,BBG000PLXQQ3,-0.0034285744,0.00038161493,290435
20150327,13:00:00.000,BBG000HZFZX3,-0.0046528284,0.0011190911,369007
20150327,13:00:00.000,BBG000BDXGP9,0.024211263,0.03424971,1842980
20150327,13:00:00.000,BBG000BB29X4,0.0043702843,0.012586268,484254
20150327,13:00:00.000,BBG001C7TST4,-0.00062864966,0.005202077,564145
20150327,13:00:00.000,BBG000BMKDM3,-0.00030121388,0.006586953,704899
20150327,13:00:00.000,BBG000FFH4P5,0.002128081,0.0038771862,445531
20150327,13:00:00.000,BBG000C75N77,0.0017558022,-0.00954895,337859
20150327,13:00:00.000,BBG000C221G9,-0.010347597,-0.006921014,457311
20150327,13:00:00.000,BBG000BKXFN7,0.009057712,-0.011522061,1569627
20150327,13:00:00.000,BBG000BWP7D9,0.008005036,0.018933227,715102
20150327,13:00:00.000,BBG000DY8ZS4,-0.016163588,-0.023006836,2326226
20150327,13:00:00.000,BBG000BFL116,0.0055307304,-0.0017611545,713376
20150327,13:00:00.000,BBG000BKLH74,0.005491572,0.005307272,1324303
20150327,13:00:00.000,BBG000BS9489,-0.001997917,0.0034477431,236015
20150327,13:00:00.000,BBG000BP8Z50,-0.002551291,-0.004432658,679368
20150327,13:00:00.000,BBG000BS7KS3,0.006566443,0.008035596,654083
20150327,13:00:00.000,BBG000BMZ7P7,0.0010973177,-0.0026655039,448604
20150327,13:00:00.000,BBG000FBK808,-0.039396048,-0.056782685,4184376
20150327,13:00:00.000,BBG000R8ZVD1,-0.014212338,-0.0073480112,1750332
20150327,13:00:00.000,BBG000BLMZK6,-0.0036374845,0.013529131,600759
20150327,13:00:00.000,BBG000BQSQ38,0.0068373885,0.009793417,937391
20150327,13:00:00.000,BBG000BBL0Y1,-0.0081015965,0.015094191,481985
20150327,13:00:00.000,BBG001QZCPJ2,0.013518004,0.024588251,941182
20150327,13:00:00.000,BBG000CVWGS6,0.0061751967,0.010234025,1552756
20150327,13:00:00.000,BBG000BCNYT9,0.008464291,0.0025328337,3989193
20150327,13:00:00.000,BBG000PVRDL2,0.009091074,-0.003560258,1846831
20150327,13:00:00.000,BBG000BJQWD2,-0.000624853,0.0016894839,370199
20150327,13:00:00.000,BBG000C9W1Y1,0.00083005073,-0.00054254546,1062337
20150327,13:00:00.000,BBG000BJ49H3,0.010255636,0.009128377,578221
20150327,13:00:00.000,BBG000BFVXX0,-0.0027047622,0.009386143,1483371
20150327,13:00:00.000,BBG000FLZN98,-0.0032154056,0.0048022643,172580
20150327,13:00:00.000,BBG000FLPRH1,0.0048558544,0.004245365,852915
20150327,13:00:00.000,BBG000BYWTX7,-0.0049152006,-0.008687032,3117582
20150327,13:00:00.000,BBG000BY33P5,-0.0030467778,-0.0022419237,1693957
20150327,13:00:00.000,BBG000BBB3K1,0.002526771,0.00900956,1291529
20150327,13:00:00.000,BBG000DN7P92,0.008555868,0.015021826,551619
20150327,13:00:00.000,BBG000BBMSJ6,0.0037639618,0.00057891716,764538
20150327,13:00:00.000,BBG000BH2JM1,-0.0012600744,-0.0021459463,2230014
20150327,13:00:00.000,BBG000BFS7D3,-0.0050865826,0.0036022263,216791
20150327,13:00:00.000,BBG000CKVSG8,-0.014865721,-0.024804143,1380899
20150327,13:00:00.000,BBG000BB6G37,-0.0012910175,-0.0025260418,828391
20150327,13:00:00.000,BBG000BM7HL0,-0.00064403145,0.002213931,526172
20150327,13:00:00.000,BBG000BCYP43,-0.002933771,0.005280676,210916
20150327,13:00:00.000,BBG000BV75B7,0.0056141233,0.0023760013,450630
20150327,13:00:00.000,BBG000TWC2V5,-3.9595856e-05,0.007402248,245792
20150327,13:00:00.000,BBG000BLW530,0.0057544196,0.0022522933,772670
20150327,13:00:00.000,BBG000BKWSR6,-0.0011093693,-0.005517936,2534851
20150327,13:00:00.000,BBG000C2YHG9,0.002020123,0.0063268146,543178
20150327,13:00:00.000,BBG000BRQ6L2,0.009369369,0.036707345,3344091
20150327,13:00:00.000,BBG000BQHGR6,0.0063685714,0.0038162433,595244
20150327,13:00:00.000,BBG000BN9WT5,0.0037728245,0.0004386255,585260
20150327,13:00:00.000,BBG000BVWLJ6,-0.0025851224,-0.0001173058,462365
20150327,13:00:00.000,BBG000BKQ3V3,-0.010259264,-0.03381334,4703948
20150327,13:00:00.000,BBG000H0QBS7,-0.0013251641,0.006101231,932877
20150327,13:00:00.000,BBG000H4YVR7,0.0042006383,0.03342652,361482
20150327,13:00:00.000,BBG000PYZSR8,-0.0070246677,-0.0004401678,204891
20150327,13:00:00.000,BBG007TJF1N7,0.012421016,0.018915303,1476378
20150327,13:00:00.000,BBG000C2ZCH8,0.0050962227,0.01661292,926235
20150327,13:00:00.000,BBG000BTCH57,-0.008589401,0.00034127713,589504
20150327,13:00:00.000,BBG000BR54L0,0.0064398595,0.027887508,1802415
20150327,13:00:00.000,BBG000BB5373,0.008373632,0.011864609,2565918
20150327,13:00:00.000,BBG000BHZ5J9,0.009345102,0.002627075,369586
20150327,13:00:00.000,BBG000CXD6X9,0.002137066,0.011238751,461145
20150327,13:00:00.000,BBG000BKZTP3,0.008140184,0.0023330038,556042
20150327,13:00:00.000,BBG000BB1TH9,-0.0076665236,-0.016441489,422476
20150327,13:00:00.000,BBG000D5S4M0,0.015547633,0.020124111,313730
20150327,13:00:00.000,BBG000BN84F3,-0.0036437213,0.00032949133,942308
20150327,13:00:00.000,BBG000HW5GX3,-0.010127071,-0.016605357,1094313
20150327,13:00:00.000,BBG000CHPY97,-0.014372692,-0.027974335,2830108
20150327,13:00:00.000,BBG000D2M0Z7,-0.0014878617,0.0025150005,816890
20150327,13:00:00.000,BBG000BF1R66,0.007729721,0.003304047,627901
20150327,13:00:00.000,BBG000BJ8YN7,-0.0014378646,-0.0063902875,693119
20150327,13:00:00.000,BBG000G9CGL0,0.01071233,0.022025421,325141
20150327,13:00:00.000,BBG000BQ8KV2,-0.0037121216,-0.008605749,690070
20150327,13:00:00.000,BBG000BVMPN3,0.0041256556,-0.0017865029,438855
20150327,13:00:00.000,BBG000BGD7W6,-0.006113412,0.004963956,457623
20150327,13:00:00.000,BBG000BC15S7,0.0013352882,-0.0015633733,602204
20150327,13:00:00.000,BBG000Q2HM09,0.021821586,0.01914457,777195
20150327,13:00:00.000,BBG000BQVTF5,-0.00619373,-0.007061487,466936
20150327,13:00:00.000,BBG000VC0T95,-0.0011198613,0.0054154214,460156
20150327,13:00:00.000,BBG000F86GP6,0.00089686544,0.0032319592,324128
20150327,13:00:00.000,BBG000BWVSR1,-0.0017145079,0.0033710278,503226
20150327,13:00:00.000,BBG000BX8DC4,0.0060060224,0.0106084505,521057
20150327,13:00:00.000,BBG000BHCP19,0.00303812,0.0030079167,509624
20150327,13:00:00.000,BBG000BK6G19,0.008498243,0.0029203387,941865
20150327,13:00:00.000,BBG000RGM5P1,-0.009019316,-0.0051696673,428766
20150327,13:00:00.000,BBG000BF5RY1,0.0018079831,0.0051475465,803019
20150327,13:00:00.000,BBG000BP4MH0,3.1800388e-05,-3.8726617e-07,732421
20150327,13:00:00.000,BBG000D8RG11,-0.013634332,-0.0077062,1348805
20150327,13:00:00.000,BBG000FP1N32,-0.00302884,-0.0126598105,2285246
20150327,13:00:00.000,BBG000BLHRS2,-0.00047993654,0.0067823795,340119
20150327,13:00:00.000,BBG000TJM7F0,-0.00982405,-0.002527182,750163
20150327,13:00:00.000,BBG000J1QLT0,-0.00792259,0.0011753759,268804
20150327,13:00:00.000,BBG000BBBNC6,0.004551393,-0.0029916542,623382
20150327,13:00:00.000,BBG000BY2Y78,-0.00027274725,-0.0040084147,914175
20150327,13:00:00.000,BBG000BM6788,-0.0054783258,0.0017778344,522342
20150327,13:00:00.000,BBG000C1FQS9,-0.0012394532,0.0056853965,254896
20150327,13:00:00.000,BBG000BBJQV0,0.001426877,-0.0009544227,2257185
20150327,13:00:00.000,BBG000BTQR96,-0.0003110359,0.004586235,441034
20150327,13:00:00.000,BBG000CXYSZ6,0.016294872,0.014923896,318836
20150327,13:00:00.000,BBG000BB5792,0.04784738,0.06358731,3553220
20150327,13:00:00.000,BBG000BNGTQ7,-0.0014887522,0.0077875867,335325
20150327,13:00:00.000,BBG000BZTW70,-0.008690388,-0.02788949,3557867
20150327,13:00:00.000,BBG000G0Z878,-0.0024946993,-0.0061692484,961117
20150327,13:00:00.000,BBG000BFNR17,0.005858689,0.007983118,123556
20150327,13:00:00.000,BBG002BHBHM1,0.0061233887,0.0228785,408699
20150327,13:00:00.000,BBG000BC4JJ4,0.0023670534,0.004200574,309660
20150327,13:00:00.000,BBG000F15NW9,0.007158501,0.012388217,248316
20150327,13:00:00.000,BBG000BKR1D6,0.0041295122,-8.563545e-05,157038
20150327,13:00:00.000,BBG000BCTQ65,-0.005949912,0.002916531,3586903
20150327,13:00:00.000,BBG000BNNYW1,-0.0030373372,-0.005273167,3976538
20150327,13:00:00.000,BBG000BBCDZ2,-0.0065269605,-0.003484125,561701
20150327,13:00:00.000,BBG000BRK7L6,0.0074944757,-0.0061401078,1856150
20150327,13:00:00.000,BBG000DQTXY6,0.001153619,0.023233825,1587850
20150327,13:00:00.000,BBG000BRXP69,-0.0046126842,0.0065195486,232967
20150327,13:00:00.000,BBG000BL9JQ1,-0.01155543,-0.016903631,747005
20150327,13:00:00.000,BBG000DTMH63,-0.006367011,-0.026576022,2422810
20150327,13:00:00.000,BBG000BJPDZ1,-0.0026688147,0.0028549498,125094
20150327,13:00:00.000,BBG000BXWBN9,-0.00063740095,0.007047321,934659
20150327,13:00:00.000,BBG000C2PW58,0.0019872773,0.0008154705,161626
20150327,13:00:00.000,BBG000D13GN8,-0.01021004,-0.008782395,420721
20150327,13:00:00.000,BBG000BB6M98,-0.0026559725,-0.0017288432,1253508
20150327,13:00:00.000,BBG000BGYWY6,0.0031350101,0.01789888,258595
20150327,13:00:00.000,BBG000BHB3M6,0.005493928,0.0065463637,593787
20150327,13:00:00.000,BBG000G3QLY3,-0.006587517,-0.009134186,360009
20150327,13:00:00.000,BBG000BSBZH7,-0.0020319258,0.0037106695,368774
20150327,13:00:00.000,BBG000F7RCJ1,-0.0011157731,0.012514778,391773
20150327,13:00:00.000,BBG0039320N9,-0.0033409223,0.007157444,1160522
20150327,13:00:00.000,BBG000BTZQC4,-0.01793839,-0.021026867,2040631
20150327,13:00:00.000,BBG001M8HHB7,-0.0024678293,0.00071766524,366329
20150327,13:00:00.000,BBG000CZWZ05,0.098573774,0.13098794,4364707
20150327,13:00:00.000,BBG000QY3XZ2,0.004223419,0.008732511,377168
20150327,13:00:00.000,BBG000BHLYP4,-0.0056961905,-0.0035342101,624307
20150327,13:00:00.000,BBG000CHWP52,0.01816333,0.01260713,1710035
20150327,13:00:00.000,BBG000QFJ7H3,0.0075705512,-0.010604333,4065666
20150327,13:00:00.000,BBG000BFTJ91,0.0015379187,0.0037728278,763292
20150327,13:00:00.000,BBG000BZ2GG4,0.009974874,0.0022311544,678644
20150327,13:00:00.000,BBG000FKJRC5,0.0010295734,0.011960825,592471
20150327,13:00:00.000,BBG000BKPL53,0.008726914,0.014955918,657167
20150327,13:00:00.000,BBG000BNC3Y9,-0.006055351,-0.010696517,326304
20150327,13:00:00.000,BBG000BNFLM9,0.0028630088,0.0032330356,1315600
20150327,13:00:00.000,BBG000BWCKB6,-0.0049173157,0.0037909504,343619
20150327,13:00:00.000,BBG000BR14K5,0.0034730418,0.00036196556,483983
20150327,13:00:00.000,BBG0014GJCT9,0.014375706,0.029108282,894865
20150327,13:00:00.000,BBG000BRRG02,-0.018255956,-0.02037243,1124566
20150327,13:00:00.000,BBG000BP1Q11,-0.009891967,-0.004990953,503246
20150327,13:00:00.000,BBG000P1F8Q7,-0.01519556,0.00079666224,453124
20150327,13:00:00.000,BBG000BCVMH9,-0.002060485,-0.0048299287,482011
20150327,13:00:00.000,BBG000D7RKJ5,0.0023591446,0.01031284,639308
20150327,13:00:00.000,BBG000FNRZ69,0.017864894,0.009702415,2133094
20150327,13:00:00.000,BBG000BTKGG8,0.00083955645,-0.0066332505,957825
20150327,13:00:00.000,BBG001QD41M9,-0.004844479,0.00091063185,475167
20150327,13:00:00.000,BBG000D9DMK0,0.0032989904,0.007472298,568994
20150327,13:00:00.000,BBG000BH5DV1,-0.004901143,-0.0015991501,443951
20150327,13:00:00.000,BBG000BMQPL1,-0.008033641,-0.014138929,4512059
20150327,13:00:00.000,BBG000BMDV41,-0.004078211,-0.0008124688,664728
20150327,13:00:00.000,BBG000BQZMH4,0.0022785717,0.010685816,794310
20150327,13:00:00.000,BBG000BS0ZF1,-0.0048033213,-0.009621436,252617
20150327,13:00:00.000,BBG000BGLRN3,-0.0059013567,-0.012436418,1433957
20150327,13:00:00.000,BBG000C0F570,-0.0025132955,-0.0067522787,1331146
20150327,13:00:00.000,BBG000D6L294,-0.0043315636,-0.00792191,352419
20150327,13:00:00.000,BBG000BM5SR2,0.0041914433,0.0016599848,903202
20150327,13:00:00.000,BBG000BYYLS8,0.0012683442,-0.0036205088,1814092
20150327,13:00:00.000,BBG000BF6LY3,0.051726207,0.06368914,7753452
20150327,13:00:00.000,BBG000BCBCM7,-0.0118281385,-0.008117202,2390163
20150327,13:00:00.000,BBG000BJ2VQ6,0.007332342,-0.018436955,1807580
20150327,13:00:00.000,BBG000BJ98Z0,-0.0027662185,0.0060260925,631009
20150327,13:00:00.000,BBG000BLCPY4,0.0065451344,-0.01606706,671976
20150327,13:00:00.000,BBG000D898T9,-0.00077933597,0.00672969,630347
20150327,13:00:00.000,BBG000BMBL90,0.0013424478,0.005987133,737425
20150327,13:00:00.000,BBG000BSXQV7,0.00023646203,0.009358462,216226
20150327,13:00:00.000,BBG000FVXD63,0.02193641,0.010953389,966666
20150327,13:00:00.000,BBG000BVMGF2,-0.0006918022,-0.0031324588,659221
20150327,13:00:00.000,BBG000C11MQ5,-0.033620827,0.0030414618,397861
20150327,13:00:00.000,BBG000BPQD31,-0.004121495,0.00234302,2084458
20150327,13:00:00.000,BBG000BB5006,-0.0036617378,-0.0004113676,945136
20150327,13:00:00.000,BBG000BHKYH4,-0.0014913364,0.0018818283,413333
20150327,13:00:00.000,BBG000D1QCF1,0.0050015273,-0.004499576,753252
20150327,13:00:00.000,BBG000CSY9H9,0.0068793404,0.014838922,809147
20150327,13:00:00.000,BBG000BRJ809,0.0015146456,0.0037268766,192485
20150327,13:00:00.000,BBG000CNFQW6,0.0007633063,0.0063871373,280048
20150327,13:00:00.000,BBG000BXM6V2,-0.0038693673,0.008711534,768402
20150327,13:00:00.000,BBG000BCGY17,0.008127495,0.012300621,1350876
20150327,13:00:00.000,BBG000DKCC19,-0.0071558664,-0.00026181788,1045664
20150327,13:00:00.000,BBG000BKCFC2,0.0012653543,0.00889549,1753329
20150327,13:00:00.000,BBG000BTVJ25,0.004337559,0.0060704695,1702643
20150327,13:00:00.000,BBG000BN5HF7,-0.0048468476,0.014975265,532647
20150327,13:00:00.000,BBG000Q3JN03,0.0005511193,-0.010735556,8517328
20150327,13:00:00.000,BBG0020B4JG7,0.003515341,0.011957893,2018169
20150327,13:00:00.000,BBG000BR3KL6,0.0032676787,0.0045156474,271450
20150327,13:00:00.000,BBG000BRWGG9,0.008624033,0.021964584,9242356
20150327,13:00:00.000,BBG001LWHLJ8,0.0042907577,0.0061320425,3002033
20150327,13:00:00.000,BBG000C7LMS8,0.010837131,0.0241065,211644
20150327,13:00:00.000,BBG000BPT0C6,0.019534886,0.0095962575,1577274
20150327,13:00:00.000,BBG000BSD7C2,-0.000574785,0.0033545292,523395
20150327,13:00:00.000,BBG000BRJL00,0.00025619907,0.007875836,1416182
20150327,13:00:00.000,BBG000C1FB75,0.0021204639,0.0036557135,186926
20150327,13:00:00.000,BBG000BJ3PD2,-0.00074731465,0.00029969247,549447
20150327,13:00:00.000,BBG000BHLYS1,0.009721929,0.020239376,2843103
20150327,13:00:00.000,BBG000JWD753,-0.0044696783,0.0001830566,1379456
20150327,13:00:00.000,BBG000BXMFC3,-0.0053130784,-0.009387573,1210924
20150327,13:00:00.000,BBG000CGQ6M4,0.002539097,-0.00053892174,382466
20150327,13:00:00.000,BBG000DNTSP4,0.00846533,0.00055562664,1565590
20150327,13:00:00.000,BBG000BFXHL6,-0.013205747,-0.014125485,1556455
20150327,13:00:00.000,BBG000BJL3N0,0.00023289512,-0.008434751,4146105
20150327,13:00:00.000,BBG000JG0547,-0.002627188,0.0018365686,621647
20150327,13:00:00.000,BBG000BWSV34,0.0025079402,0.011246568,212499
20150327,13:00:00.000,BBG000BB6WG8,-0.0012533071,0.0019436756,1222960
20150327,13:00:00.000,BBG000BCWCG1,-0.019259464,-0.009113036,2464288
20150327,13:00:00.000,BBG000BB9KF2,0.006760447,0.014457462,1313170
20150327,13:00:00.000,BBG000C3HSR0,-0.00987501,-0.0060743033,577880
20150327,13:00:00.000,BBG000BFMBQ6,0.007515424,0.023329753,708565
20150327,13:00:00.000,BBG000BP0KQ8,0.018024474,0.029246287,1736468
20150327,13:00:00.000,BBG000BQWPC5,-0.005049925,0.0060675377,751806
20150327,13:00:00.000,BBG001YMS0B8,0.03484715,0.042241674,17898428
20150327,13:00:00.000,BBG000C0LW92,0.005929768,0.016623808,2903521
20150327,13:00:00.000,BBG000MDCQC2,0.003648974,0.0122192325,768013
20150327,13:00:00.000,BBG000BK67C7,-0.0032807325,0.00063079095,310320
20150327,13:00:00.000,BBG000BY29C7,0.008719091,0.012043871,1034012
20150327,13:00:00.000,BBG000BSLZY7,0.010456856,0.007054781,2632283
20150327,13:00:00.000,BBG000BLKK03,-0.0019118544,0.012909119,937767
20150327,13:00:00.000,BBG000C2BXK4,-0.0138610685,-0.0051389276,5251223
20150327,13:00:00.000,BBG000BCZYD3,-0.0035020607,0.009672018,458712
20150327,13:00:00.000,BBG000R7RDB4,0.0011155739,-0.0034885951,502520
20150327,13:00:00.000,BBG000C3GN47,-0.0047374587,-0.008625294,2259666
20150327,13:00:00.000,BBG000BMW2Z0,-0.0060133375,0.0020218957,472456
20150327,13:00:00.000,BBG000BKFZM4,0.006728835,0.010238399,2246493
20150327,13:00:00.000,BBG000G2R6M0,0.0028376128,-0.012375002,4129515
20150327,13:00:00.000,BBG000C1S2X2,-0.008283461,0.016409567,633606
20150327,13:00:00.000,BBG000F0KF42,-0.0033040887,-0.01121047,1010612
20150327,13:00:00.000,BBG000CS7CT9,-0.0045561376,0.005334434,1299269
20150327,13:00:00.000,BBG000CPQZ77,-0.011583722,-0.00460191,1290998
20150327,13:00:00.000,BBG000C8H633,-0.005986472,-0.012507666,2711587
20150327,13:00:00.000,BBG000JH6683,0.01737446,0.051353864,2195715
20150327,13:00:00.000,BBG000BLBXT4,-0.008387923,-5.90208e-05,2266525
20150327,13:00:00.000,BBG000BB07P9,0.011200065,-0.0053086304,5642369
20150327,13:00:00.000,BBG000BX3TD3,-0.006605543,-0.022960462,2625859
20150327,13:00:00.000,BBG000F80SZ5,0.0036104242,0.0134598175,2668873
20150327,13:00:00.000,BBG000BKFBD7,-0.0004914285,-0.005157426,790459
20150327,13:00:00.000,BBG000BPWXK1,0.01627562,0.0018060679,2898055
20150327,13:00:00.000,BBG000BH5LT6,-0.026271788,-0.052889425,5843803
20150327,13:00:00.000,BBG000BBD070,-0.010942115,-0.019017138,683219
20150327,13:00:00.000,BBG000BWJFZ4,-0.013794474,-0.012697165,213890
20150327,13:00:00.000,BBG000BWNFZ9,-0.004298876,-0.010304427,870273
20150327,13:00:00.000,BBG000BH3JF8,-0.00034592833,0.0047431355,784028
20150327,13:00:00.000,BBG000C0HQ54,0.014412473,0.026361808,1184018
20150327,13:00:00.000,BBG000FL1TC8,-0.005965699,-0.0037913998,794404
20150327,13:00:00.000,BBG000BV8DN6,0.0017642905,0.005358853,1246183
20150327,13:00:00.000,BBG0029SNR63,-0.0074759764,-0.0056230226,586860
20150327,13:00:00.000,BBG000DYGNW7,-0.002757047,0.0032061785,298381
20150327,13:00:00.000,BBG000QW7VC1,-0.0016858788,0.0015764097,958257
20150327,13:00:00.000,BBG000BFQYY3,-0.008153271,4.441615e-07,852626
20150327,13:00:00.000,BBG000BGVW60,-0.0034610832,0.005330267,954364
20150327,13:00:00.000,BBG000C1BW00,-0.0072301463,0.005035895,518809
20150327,13:00:00.000,BBG000BJ81C1,0.005494306,0.0015451214,560521
20150327,13:00:00.000,BBG000BFDXW1,0.0051195896,0.0030844903,2446918
20150327,13:00:00.000,BBG000BSC0K9,-0.00043385694,0.009935984,826930
20150327,13:00:00.000,BBG000BD8PN9,-0.0056880005,-0.007788557,1873613
20150327,13:00:00.000,BBG000DSMS70,-0.009931825,0.015508803,320355
20150327,13:00:00.000,BBG000BQ5DS5,0.0007641008,-0.0029834323,1339780
20150327,13:00:00.000,BBG000G30YX4,0.013678679,0.036207624,720173
20150327,13:00:00.000,BBG000BQ2C28,0.000927146,0.007220551,529101
20150327,13:00:00.000,BBG000BN2DC2,0.001190265,0.006287153,720190
20150327,13:00:00.000,BBG000LD9JQ8,-0.009579404,-0.004532744,407134
20150327,13:00:00.000,BBG000BGKTF9,0.00893154,0.0026745913,1046718
20150327,13:00:00.000,BBG000BBVJZ8,-0.006838784,-0.011987226,924231
20150327,13:00:00.000,BBG000D9D830,-0.003044631,-0.0037689053,2459614
20150327,13:00:00.000,BBG000BJSBJ0,0.0017847802,0.00992786,533059
20150327,13:00:00.000,BBG000BH1NH9,-0.00014983163,-0.0024028823,881752
20150327,13:00:00.000,BBG000BVDLH9,-0.0030604,0.007624724,427993
20150327,13:00:00.000,BBG000FJLFX8,0.0034091787,0.016331708,732947
20150327,13:00:00.000,BBG000MZFMS2,-0.017585423,0.00020201427,490434
20150327,13:00:00.000,BBG000C4DPX1,-0.00017871577,0.009581475,1087744
20150327,13:00:00.000,BBG000C0MF34,0.013149968,0.005069823,273571
20150327,13:00:00.000,BBG000QBR5J5,0.0037249615,-0.001584551,1199932
20150327,13:00:00.000,BBG000BCVJ77,0.00055118924,0.005880599,844751
20150327,13:00:00.000,BBG000QX74T1,0.002574736,0.004839809,183754
20150327,13:00:00.000,BBG000BBDV81,-2.2119337e-05,0.0048779827,993551
20150327,13:00:00.000,BBG000HCJMF9,-0.0027881826,-0.010680028,831369
20150327,13:00:00.000,BBG000C46HM9,-0.0057362914,0.0017386725,889317
20150327,13:00:00.000,BBG000BGPTV6,0.0013702981,0.0019007165,430984
20150327,13:00:00.000,BBG000BRD0D8,0.0021334568,-0.0051893615,1481258
20150327,13:00:00.000,BBG000BGJRC8,-0.0010048669,-0.0051106396,3177553
20150327,13:00:00.000,BBG000DHSPT0,0.012659532,0.008548391,700854
20150327,13:00:00.000,BBG000J6XT05,-0.0010475517,0.004305156,2656382
20150327,13:00:00.000,BBG000BH3GZ2,-0.00020649226,-0.00019087845,797832
20150327,13:00:00.000,BBG000BTR593,0.013639515,0.0004440843,2295622
20150327,13:00:00.000,BBG000B9ZXB4,0.0018741164,0.009460791,1275933
20150327,13:00:00.000,BBG000BL4504,-0.0034848936,-0.014751563,12633096
20150327,13:00:00.000,BBG000BNBDC2,-0.0021553843,0.005445229,1683451
20150327,13:00:00.000,BBG000C734W3,-0.006944671,0.017608013,362605
20150327,13:00:00.000,BBG000BWLMJ4,0.0022430215,0.009889978,1629109
20150327,13:00:00.000,BBG000H556T9,0.0050395834,0.005138594,1225910
20150327,13:00:00.000,BBG000BVPPM1,-0.009634044,-0.0044417763,551169
20150327,13:00:00.000,BBG000BCG930,0.007919989,0.022951102,719967
20150327,13:00:00.000,BBG000BJF1Z8,-0.008277822,-0.0032922758,361495
20150327,13:00:00.000,BBG000BND699,0.0034214032,0.0061547374,2671068
20150327,13:00:00.000,BBG000BD4VG8,-0.0015033412,-0.0006359798,1018748
20150327,13:00:00.000,BBG000BC2C10,0.003210393,-0.0016717635,1805268
20150327,13:00:00.000,BBG000NV1KK7,-0.0037993672,0.0031422256,1909874
20150327,13:00:00.000,BBG000BLZRJ2,0.0015970921,2.2939535e-07,4026422
20150327,13:00:00.000,BBG000F6H8W8,-0.00046994473,0.0052967267,572662
20150327,13:00:00.000,BBG000BMY992,-0.006688298,0.0031538277,1050628
20150327,13:00:00.000,BBG000BT9DW0,0.0078055677,0.010286517,2592049
20150327,13:00:00.000,BBG000PX3XC0,-0.0013742665,-0.01934971,5860706
20150327,13:00:00.000,BBG000BWXBC2,-0.0077437833,-0.005862438,2091531
20150327,13:00:00.000,BBG000BB6KF5,0.0021257522,-0.0051391306,1935134
20150327,13:00:00.000,BBG000FFDM15,0.0012084449,-0.005460555,2206113
20150327,13:00:00.000,BBG000KLB4Q1,0.041391734,0.051109903,6236123
20150327,13:00:00.000,BBG001DCCGR8,-0.010908567,-0.009713366,606297
20150327,13:00:00.000,BBG000BVV7G1,0.0043378454,0.003584799,1734079
20150327,13:00:00.000,BBG000BHGDH5,-0.0016895158,0.007263002,1743023
20150327,13:00:00.000,BBG000BWVCP8,0.010639003,0.005278226,1817944
20150327,13:00:00.000,BBG000C15T95,-0.005699493,-0.002048389,993230
20150327,13:00:00.000,BBG000D4LWF6,-0.0028681392,0.0031490698,6742445
20150327,13:00:00.000,BBG000B9WH86,0.0024343354,-0.010088797,8015740
20150327,13:00:00.000,BBG000Q9HH23,-0.0072093303,7.8195364e-05,316387
20150327,13:00:00.000,BBG00286S4N9,0.00065570546,-0.004652531,716526
20150327,13:00:00.000,BBG000BHX7N2,0.0011391852,0.00017693755,1299884
20150327,13:00:00.000,BBG000L9CV04,-0.005242135,0.00093185896,1169951
20150327,13:00:00.000,BBG000BH13K9,0.002393152,0.0025784061,2064101
20150327,13:00:00.000,BBG000FG3C43,-0.017349016,-0.02726737,7542488
20150327,13:00:00.000,BBG000C496P7,0.0064862478,0.0059836833,2152066
20150327,13:00:00.000,BBG000BXRPH1,0.005897537,-0.000822183,668691
20150327,13:00:00.000,BBG000BNJHS8,-0.003816528,0.021772254,2906727
20150327,13:00:00.000,BBG000BBPFB9,0.0030865138,0.00223164,9244793
20150327,13:00:00.000,BBG000WCFV84,-0.009545555,-0.013771131,1789031
20150327,13:00:00.000,BBG0019JZ882,0.0058692433,0.004843963,2687362
20150327,13:00:00.000,BBG000H89QJ6,-0.005132326,-0.0046630134,774709
20150327,13:00:00.000,BBG000BFWKC0,0.0057677035,0.0041424194,1307650
20150327,13:00:00.000,BBG000C5HS04,-0.005656308,0.002617278,830034
20150327,13:00:00.000,BBG000BJX8C8,0.014541529,0.005108171,2523942
20150327,13:00:00.000,BBG000BNDN65,-0.005397047,0.008647543,1537370
20150327,13:00:00.000,BBG000BP52R2,-0.00045304603,0.0061815893,717640
20150327,13:00:00.000,BBG000M65M61,0.011029562,0.034100942,2206260
20150327,13:00:00.000,BBG000BP6LJ8,-0.0015317377,0.004200369,3166827
20150327,13:00:00.000,BBG000F0PF65,0.0005815317,0.0044834735,1064943
20150327,13:00:00.000,BBG000H8TVT2,0.0040558605,0.011062263,1331053
20150327,13:00:00.000,BBG000DQLV23,-0.0014184915,0.0073843533,1955946
20150327,13:00:00.000,BBG000BHBK84,0.040510576,0.043501068,11566124
20150327,13:00:00.000,BBG000DLFM21,-0.016197983,-0.00010121061,545907
20150327,13:00:00.000,BBG000BJDB15,-0.021213945,-0.039990317,11058376
20150327,13:00:00.000,BBG000CTQBF3,-0.0028347718,0.0023662995,2050165
20150327,13:00:00.000,BBG000BQQ2S6,-0.001305062,-0.009631919,1313655
20150327,13:00:00.000,BBG000BHVJJ3,-0.012942657,-0.020522794,16423919
20150327,13:00:00.000,BBG000F1ZSQ2,-0.009823516,-0.0077888896,2125545
20150327,13:00:00.000,BBG000BQPC32,0.0008162781,-0.00062461104,22032880
20150327,13:00:00.000,BBG000C43RR5,0.004626833,0.004694074,2572322
20150327,13:00:00.000,BBG000CH5208,0.002238654,0.014360583,975292
20150327,13:00:00.000,BBG000J2XL74,-0.00045260697,-3.9771743e-07,2098362
20150327,13:00:00.000,BBG000BC40Y8,-0.00888723,-0.012194425,1159761
20150327,13:00:00.000,BBG000KHWT55,-0.017236268,-0.024675211,9571270
20150327,13:00:00.000,BBG000BW8S60,0.0022569,0.0064618387,1202297
20150327,13:00:00.000,BBG000BZ9223,-0.005596159,-0.009905721,1135285
20150327,13:00:00.000,BBG000DWYF03,0.00036685303,-2.2732343e-07,3451548
20150327,13:00:00.000,BBG000BBGGQ1,-0.026720755,-0.027459731,3146081
20150327,13:00:00.000,BBG000BBDZG3,0.0013247356,-0.0020305994,2583221
20150327,13:00:00.000,BBG000BQLTW7,-0.008530162,-0.009538172,7649918
20150327,13:00:00.000,BBG000NDYB67,0.0027066756,0.0008028679,4572779
20150327,13:00:00.000,BBG000C6CFJ5,0.0046703364,0.0012807354,745419
20150327,13:00:00.000,BBG000BGRY34,-0.0002146763,0.008528738,1613210
20150327,13:00:00.000,BBG000DH7JK6,-0.00082851737,0.003346435,1933156
20150327,13:00:00.000,BBG000BW3299,0.008251567,0.0069319312,3138829
20150327,13:00:00.000,BBG000DWG505,0.005514129,0.0037052776,1414223
20150327,13:00:00.000,BBG000BF0K17,0.0023050709,-0.004131594,3240372
20150327,13:00:00.000,BBG000R7Z112,-0.003199005,0.017919406,3770312
20150327,13:00:00.000,BBG000BCSST7,-0.0033947416,0.0014509041,1162806
20150327,13:00:00.000,BBG000BQQH30,-0.0020147692,-0.0063230786,1900137
20150327,13:00:00.000,BBG000BCQZS4,0.00013520851,-0.007771293,4541900
20150327,13:00:00.000,BBG000BMX289,-0.00924652,-0.0061959666,6742748
20150327,13:00:00.000,BBG000BNWG87,0.0030708795,0.011876178,2085420
20150327,13:00:00.000,BBG000BBS2Y0,-0.0074724895,0.014074455,920084
20150327,13:00:00.000,BBG000BH4R78,0.00048933714,0.0060796407,3027343
20150327,13:00:00.000,BBG005P7Q881,0.0032128112,0.028479645,4598221
20150327,13:00:00.000,BBG000BKZB36,0.0009658271,0.012679122,1700649
20150327,13:00:00.000,BBG000GFFQN9,0.01603292,0.016638426,14122901
20150327,13:00:00.000,BBG0025Y4RY4,0.00082738686,0.0055854423,3187101
20150327,13:00:00.000,BBG000BFC8J2,-0.010292497,0.014234359,2960075
20150327,13:00:00.000,BBG000H6HNW3,-3.713729e-05,0.009213573,9811913
20150327,13:00:00.000,BBG000BNSZP1,-0.004224743,-0.0036944852,1728384
20150327,13:00:00.000,BBG000N9MNX3,-0.032383233,-0.028911967,4268024
20150327,13:00:00.000,BBG000BPD168,0.00085368584,0.006423481,2752655
20150327,13:00:00.000,BBG000BKTFN2,0.0029100461,-0.0032425732,5026701
20150327,13:00:00.000,BBG000C17X76,-0.008126951,0.014624201,883601
20150327,13:00:00.000,BBG000BR2TH3,-0.005737369,0.0025563578,2612513
20150327,13:00:00.000,BBG000PSKYX7,-0.0071547898,-0.0031233411,3169003
20150327,13:00:00.000,BBG000BT41Q8,0.006923149,-0.0018632826,2390486
20150327,13:00:00.000,BBG000C5Z1S3,-0.013159246,-0.019127037,13803315
20150327,13:00:00.000,BBG000BLNNH6,-0.001722282,-0.006381997,1419416
20150327,13:00:00.000,BBG000BFT2L4,0.0026352468,0.004114151,6519487
20150327,13:00:00.000,BBG000CGC1X8,-0.0007246423,-0.0035733394,3934213
20150327,13:00:00.000,BBG000HS77T5,0.009057758,0.0035113462,4892993
20150327,13:00:00.000,BBG000C3J3C9,0.0010522958,0.002584218,9395909
20150327,13:00:00.000,BBG000FH8PX5,-0.0010216401,0.012824472,991162
20150327,13:00:00.000,BBG000BLBVN4,-0.0053706886,-0.0025680945,232243
20150327,13:00:00.000,BBG000BSJK37,0.003885762,-0.002436956,8431051
20150327,13:00:00.000,BBG000CL9VN6,-0.01150672,-0.0048069316,1502758
20150327,13:00:00.000,BBG000BVPV84,0.0061177625,0.011802321,1292710
20150327,13:00:00.000,BBG000K4ND22,0.0010649083,-0.008454639,2347088
20150327,13:00:00.000,BBG000BWQFY7,-0.0007103514,-0.0078927055,5365535
20150327,13:00:00.000,BBG002W96FT9,-0.0069316337,-0.008447079,1050179
20150327,13:00:00.000,BBG000BMHYD1,0.0003590934,0.00614278,2005796
20150327,13:00:00.000,BBG000BR2B91,0.0019120872,0.009655762,9877511
20150327,13:00:00.000,BBG000BK6MB5,0.0014800534,0.0028213083,11874133
20150327,13:00:00.000,BBG000FY4S11,0.0036584956,-0.0044921045,8733006
20150327,13:00:00.000,BBG000DMBXR2,0.006104729,-0.0005040001,5071378
20150327,13:00:00.000,BBG000C0G1D1,0.0016512609,-0.003989408,14541515
20150327,13:00:00.000,BBG000BHSKN9,-0.008288414,-0.0076026786,881940
20150327,13:00:00.000,BBG000CKGBP2,-0.014327177,0.00727323,3827703
20150327,13:00:00.000,BBG000GZQ728,-8.804443e-05,-0.0066417377,4443493
20150327,13:00:00.000,BBG000BPH459,-0.005309589,-0.006309573,14658622
20150327,13:00:00.000,BBG000BCTLF6,0.0006883799,-0.005834883,43182708
20150327,13:00:00.000,BBG000MM2P62,-0.0035872306,0.0030711987,10908168
20150327,13:00:00.000,BBG000B9XRY4,-0.0066676615,-0.006196116,20353624
20150327,13:15:00.000,BBG000CNZC55,-0.010559678,-0.0010829204,2701588
20150327,13:15:00.000,BBG000FH5YM1,0.0015112921,0.0013724989,2517200
20150327,13:15:00.000,BBG000BLM0V1,-0.0067362855,-0.005482197,360281
20150327,13:15:00.000,BBG000HGYNZ9,-0.00272473,-0.013214283,1421721
20150327,13:15:00.000,BBG000BF6RQ9,-0.0011525626,0.022192338,440854
20150327,13:15:00.000,BBG000BFV115,0.00047883997,-0.01086595,615191
20150327,13:15:00.000,BBG0015XMW40,0.0120540615,0.0104756765,279657
20150327,13:15:00.000,BBG000FBMY72,-0.014902487,-0.020605326,1308702
20150327,13:15:00.000,BBG000BDWKC5,0.008093583,0.008481508,1000829
20150327,13:15:00.000,BBG000G6BN50,0.011424814,0.0081721125,183590
20150327,13:15:00.000,BBG000BLDV98,-0.00876235,0.00062534213,894576
20150327,13:15:00.000,BBG000R0L5J4,-0.0018694239,-0.006689292,335112
20150327,13:15:00.000,BBG006NV2Q11,-0.004879645,-0.007102143,891697
20150327,13:15:00.000,BBG000BC2R71,0.0058861063,-0.0024209737,666975
20150327,13:15:00.000,BBG000BN1XR3,0.0030323023,0.007827652,236852
20150327,13:15:00.000,BBG000GPXKX9,-0.0072359582,-0.0029885974,212057
20150327,13:15:00.000,BBG000DV7MX4,0.00072626764,0.0017203473,2713145
20150327,13:15:00.000,BBG000BGRKT6,-0.007272925,-0.0010390382,212600
20150327,13:15:00.000,BBG000BB5BF6,-0.017576655,-0.0130254235,3972259
20150327,13:15:00.000,BBG000BVB8Q0,-0.0008888704,-0.0026263099,6808140
20150327,13:15:00.000,BBG000DGPR66,0.012004208,0.015670145,824613
20150327,13:15:00.000,BBG000BQ74K1,-0.0032116468,-0.0069665243,234983
20150327,13:15:00.000,BBG000RNTSX0,0.00056727463,0.0071660937,209790
20150327,13:15:00.000,BBG000N746D6,0.011290486,0.009469926,1484294
20150327,13:15:00.000,BBG000CR90K4,0.030622564,0.025792332,18475468
20150327,13:15:00.000,BBG000BVL2G3,0.007596443,0.0020346837,851968
20150327,13:15:00.000,BBG000BPQVR5,-0.0066225203,-0.0077987537,297272
20150327,13:15:00.000,BBG000CB8Q50,0.0034717661,0.005538581,261856
20150327,13:15:00.000,BBG000D42FJ0,-0.0016979314,-0.016957698,1066605
20150327,13:15:00.000,BBG003641015,-0.0006643435,0.0034136744,806352
20150327,13:15:00.000,BBG000CPHYL4,0.008819372,0.007962321,652821
20150327,13:15:00.000,BBG000BKL348,0.005208408,0.006822362,188354
20150327,13:15:00.000,BBG000BMF5J0,-0.017830344,-0.00784841,2714914
20150327,13:15:00.000,BBG000BCHG15,0.004526251,0.007634053,185140
20150327,13:15:00.000,BBG000BJKPG0,-0.0051954133,-0.0018492736,238787
20150327,13:15:00.000,BBG000HS74G6,-0.008754121,-0.012446159,588664
20150327,13:15:00.000,BBG000BVHBM1,-0.009088728,0.01460337,672209
20150327,13:15:00.000,BBG002PHSYX9,-0.01779017,-0.014707185,513419
20150327,13:15:00.000,BBG000D2ZTS8,-0.006005694,0.0062744,1117747
20150327,13:15:00.000,BBG000BGYMH7,-0.0010503912,0.001020058,305152
20150327,13:15:00.000,BBG000PV2L86,0.00075612403,0.014293127,445882
20150327,13:15:00.000,BBG000FQ6PY6,0.005852675,0.0035494997,495786
20150327,13:15:00.000,BBG000R06BX2,0.0039763227,0.0055798846,833070
20150327,13:15:00.000,BBG000BCWKD6,-0.0014254628,-0.004861258,1122037
20150327,13:15:00.000,BBG000CPBCL8,0.00021089561,-0.0039223908,330213
20150327,13:15:00.000,BBG000B9X8C0,0.0035921084,0.0100158,859886
20150327,13:15:00.000,BBG000BDY3Y7,-0.0043884157,-0.0056376797,276355
20150327,13:15:00.000,BBG001XJRMF5,0.007924935,0.004550507,1153411
20150327,13:15:00.000,BBG000BJ26K7,0.022395466,0.015197861,888596
20150327,13:15:00.000,BBG000BQ87N0,-0.0010020464,0.0067122676,424751
20150327,13:15:00.000,BBG000C37332,0.0109763155,0.006596777,323733
20150327,13:15:00.000,BBG000C4ZZ10,0.006253288,0.008373212,429627
20150327,13:15:00.000,BBG000BPNP00,0.006383823,0.0047187665,625824
20150327,13:15:00.000,BBG000BXBHJ4,-0.006070466,-0.016738452,740419
20150327,13:15:00.000,BBG000FDBX90,0.009574205,0.008321828,1490851
20150327,13:15:00.000,BBG000BKNX95,-0.00034340197,-0.0011476247,692483
20150327,13:15:00.000,BBG000BV4XJ1,0.0019947872,0.027612543,246797
20150327,13:15:00.000,BBG000MQ1SN9,0.0015798802,0.0030829462,352319
20150327,13:15:00.000,BBG000KBQZ88,-0.011938555,-0.0071311463,523712
20150327,13:15:00.000,BBG000BXNJ07,-0.0038622888,-0.0042470098,3365641
20150327,13:15:00.000,BBG000DLVDK3,-0.00014416753,-0.01028579,1135210
20150327,13:15:00.000,BBG000BB03M1,0.024198133,0.008106421,922361
20150327,13:15:00.000,BBG000BWGYF8,-0.0005640452,0.003570349,241407
20150327,13:15:00.000,BBG000BPZBB6,0.020571329,0.02173105,1163649
20150327,13:15:00.000,BBG000JKCWS0,0.006609371,-0.0017424329,320627
20150327,13:15:00.000,BBG000BNPSQ9,0.02627408,0.06232868,856096
20150327,13:15:00.000,BBG000C060M4,-0.005410981,-0.010200507,139056
20150327,13:15:00.000,BBG000BFDLV8,0.00638329,0.0152770635,412421
20150327,13:15:00.000,BBG000C2V3D6,0.0010452793,0.008372441,588237
20150327,13:15:00.000,BBG000BC9938,-0.0027761084,-0.0066248965,384708
20150327,13:15:00.000,BBG000C22QV7,-0.0028031154,0.003552336,533909
20150327,13:15:00.000,BBG000BMTFR4,-0.0068744835,-0.0074443812,878310
20150327,13:15:00.000,BBG000BKTT89,0.00045897232,0.0069544297,166334
20150327,13:15:00.000,BBG000BWXL85,0.0060986383,0.008559183,1426732
20150327,13:15:00.000,BBG0014GG205,0.030780477,0.024012448,4700152
20150327,13:15:00.000,BBG000BGFZR8,0.0037214956,0.004526879,840786
20150327,13:15:00.000,BBG000V31J96,0.0065937447,0.009751288,1487964
20150327,13:15:00.000,BBG000BNNKG9,0.0016868821,0.010058515,828319
20150327,13:15:00.000,BBG000BSSC44,-0.0074998043,-0.018265324,634433
20150327,13:15:00.000,BBG000BSY3K9,-0.006101702,1.004032e-06,286030
20150327,13:15:00.000,BBG000BPMH90,-0.0066671185,-0.012244695,471624
20150327,13:15:00.000,BBG000BX5ZF5,-0.014047266,-0.016414305,2943259
20150327,13:15:00.000,BBG000BR37X2,0.007446599,0.0022269865,1109849
20150327,13:15:00.000,BBG000C9F2F9,-0.025894087,0.0007141312,761511
20150327,13:15:00.000,BBG000D9KWL9,0.008650208,0.00016040208,445323
20150327,13:15:00.000,BBG000PLXQQ3,-0.003831986,0.00038161493,295670
20150327,13:15:00.000,BBG000HZFZX3,-0.0023007137,0.0036348165,386327
20150327,13:15:00.000,BBG000BDXGP9,0.026041668,0.035688955,1952250
20150327,13:15:00.000,BBG000BB29X4,0.0049689496,0.010446845,529823
20150327,13:15:00.000,BBG001C7TST4,-0.0036428191,0.002432983,587255
20150327,13:15:00.000,BBG000BMKDM3,-0.00080857007,0.005872724,750480
20150327,13:15:00.000,BBG000FFH4P5,0.0020199362,0.0037889506,491253
20150327,13:15:00.000,BBG000C75N77,0.00096688844,-0.011547382,356424
20150327,13:15:00.000,BBG000C221G9,-0.010202906,-0.006841412,471981
20150327,13:15:00.000,BBG000BKXFN7,0.008192078,-0.012569573,1672354
20150327,13:15:00.000,BBG000BWP7D9,0.006156033,0.013918369,747805
20150327,13:15:00.000,BBG000DY8ZS4,-0.012820642,-0.018246934,2491285
20150327,13:15:00.000,BBG000BFL116,0.0044591636,-0.003773632,737252
20150327,13:15:00.000,BBG000BKLH74,0.0051355585,0.0047176722,1364473
20150327,13:15:00.000,BBG000BS9489,6.9675334e-05,0.0046837525,254515
20150327,13:15:00.000,BBG000BP8Z50,-0.004028351,-0.0064196805,699582
20150327,13:15:00.000,BBG000BS7KS3,0.00402558,0.0046416554,709889
20150327,13:15:00.000,BBG000BMZ7P7,0.0012390979,-0.0037318396,460563
20150327,13:15:00.000,BBG000FBK808,-0.03692099,-0.055520885,4344391
20150327,13:15:00.000,BBG000R8ZVD1,-0.0131678935,-0.006097285,1812010
20150327,13:15:00.000,BBG000BLMZK6,-0.0053263917,0.012464859,631962
20150327,13:15:00.000,BBG000BQSQ38,0.008066202,0.009997345,988382
20150327,13:15:00.000,BBG000BBL0Y1,-0.0073778997,0.015790904,496553
20150327,13:15:00.000,BBG001QZCPJ2,0.014392234,0.025901563,959618
20150327,13:15:00.000,BBG000CVWGS6,0.0044105477,0.008009307,1677425
20150327,13:15:00.000,BBG000BCNYT9,0.007951275,0.001266194,4058046
20150327,13:15:00.000,BBG000PVRDL2,0.009121811,-0.0015263197,1911710
20150327,13:15:00.000,BBG000BJQWD2,-0.0013909644,0.00021131359,385437
20150327,13:15:00.000,BBG000C9W1Y1,0.0008266989,-0.000814076,1128137
20150327,13:15:00.000,BBG000BJ49H3,0.010614085,0.009635675,600139
20150327,13:15:00.000,BBG000BFVXX0,-0.0027280152,0.006453342,1514419
20150327,13:15:00.000,BBG000FLZN98,-0.0028316288,0.004608083,179928
20150327,13:15:00.000,BBG000FLPRH1,0.005627182,0.0039803605,878126
20150327,13:15:00.000,BBG000BYWTX7,-0.0063532894,-0.010691693,3280046
20150327,13:15:00.000,BBG000BY33P5,-0.0035911142,-0.0026903353,1741016
20150327,13:15:00.000,BBG000BBB3K1,0.0010198678,0.0069751274,1346180
20150327,13:15:00.000,BBG000DN7P92,0.009066188,0.014967177,583633
20150327,13:15:00.000,BBG000BBMSJ6,0.002431211,-0.0011564725,801000
20150327,13:15:00.000,BBG000BH2JM1,-0.00046679194,-0.0017164116,2314882
20150327,13:15:00.000,BBG000BFS7D3,-0.0050167344,0.0028726028,232197
20150327,13:15:00.000,BBG000CKVSG8,-0.012662226,-0.022980366,1447184
20150327,13:15:00.000,BBG000BB6G37,-0.0016647093,-0.0033097956,869221
20150327,13:15:00.000,BBG000BM7HL0,-5.144385e-05,0.002724879,574623
20150327,13:15:00.000,BBG000BCYP43,-0.0034043554,0.0042306804,219354
20150327,13:15:00.000,BBG000BV75B7,0.006398211,0.00295562,480483
20150327,13:15:00.000,BBG000TWC2V5,-4.333491e-05,0.0074527925,260623
20150327,13:15:00.000,BBG000BLW530,0.004051506,-0.00014507098,871295
20150327,13:15:00.000,BBG000BKWSR6,-0.00077111623,-0.006437481,2582377
20150327,13:15:00.000,BBG000C2YHG9,0.002444965,0.006397913,559218
20150327,13:15:00.000,BBG000BRQ6L2,0.007172032,0.03454814,3512001
20150327,13:15:00.000,BBG000BQHGR6,0.005528432,0.00116599,617067
20150327,13:15:00.000,BBG000BN9WT5,0.0040969797,0.0004386147,615174
20150327,13:15:00.000,BBG000BVWLJ6,-0.003006848,-0.0011716298,492160
20150327,13:15:00.000,BBG000BKQ3V3,-0.012613877,-0.035802405,4847785
20150327,13:15:00.000,BBG000H0QBS7,-0.002786238,0.005035761,981709
20150327,13:15:00.000,BBG000H4YVR7,0.0047717486,0.034322534,379015
20150327,13:15:00.000,BBG000PYZSR8,-0.008104187,-0.0019805434,222429
20150327,13:15:00.000,BBG007TJF1N7,0.012128369,0.018461648,1525796
20150327,13:15:00.000,BBG000C2ZCH8,0.0038949477,0.01269301,948935
20150327,13:15:00.000,BBG000BTCH57,-0.008553845,-0.00061616214,609101
20150327,13:15:00.000,BBG000BR54L0,0.005766523,0.027887497,1952767
20150327,13:15:00.000,BBG000BB5373,0.010789067,0.012896116,2890618
20150327,13:15:00.000,BBG000BHZ5J9,0.010329384,0.0033777908,391907
20150327,13:15:00.000,BBG000CXD6X9,0.0007875452,0.009994193,475311
20150327,13:15:00.000,BBG000BKZTP3,0.00707888,0.000832798,587719
20150327,13:15:00.000,BBG000BB1TH9,-0.008115592,-0.018268341,446956
20150327,13:15:00.000,BBG000D5S4M0,0.014307723,0.01877062,324987
20150327,13:15:00.000,BBG000BN84F3,-0.0024820333,-0.00046142706,969764
20150327,13:15:00.000,BBG000HW5GX3,-0.011020501,-0.018201986,1139099
20150327,13:15:00.000,BBG000CHPY97,-0.0140593685,-0.028862284,2984723
20150327,13:15:00.000,BBG000D2M0Z7,0.0002966217,0.0049464167,830096
20150327,13:15:00.000,BBG000BF1R66,0.007835489,0.0029533992,653906
20150327,13:15:00.000,BBG000BJ8YN7,-0.0016243407,-0.006631458,719634
20150327,13:15:00.000,BBG000G9CGL0,0.009031927,0.019805547,336153
20150327,13:15:00.000,BBG000BQ8KV2,-0.0047256476,-0.00946137,740796
20150327,13:15:00.000,BBG000BVMPN3,0.004170146,-0.0026490616,458290
20150327,13:15:00.000,BBG000BGD7W6,-0.004803643,0.005956829,522104
20150327,13:15:00.000,BBG000BC15S7,0.0017626336,-0.0011467634,652142
20150327,13:15:00.000,BBG000Q2HM09,0.025759012,0.023629911,825354
20150327,13:15:00.000,BBG000BQVTF5,-0.0049655633,-0.0059382566,498980
20150327,13:15:00.000,BBG000VC0T95,-0.0022377225,0.00458224,476307
20150327,13:15:00.000,BBG000F86GP6,0.0007971914,0.0026442283,336667
20150327,13:15:00.000,BBG000BWVSR1,-0.0011343918,0.0033711568,527174
20150327,13:15:00.000,BBG000BX8DC4,0.0059399204,0.010445202,538340
20150327,13:15:00.000,BBG000BHCP19,0.0036350028,0.0031116565,573451
20150327,13:15:00.000,BBG000BK6G19,0.0058705285,-0.00072984316,1082032
20150327,13:15:00.000,BBG000RGM5P1,-0.009729678,-0.0065857572,448360
20150327,13:15:00.000,BBG000BF5RY1,0.0016953046,0.004346515,840938
20150327,13:15:00.000,BBG000BP4MH0,0.00031909766,-0.00018032653,767373
20150327,13:15:00.000,BBG000D8RG11,-0.014259215,-0.011762249,1445477
20150327,13:15:00.000,BBG000FP1N32,-0.0033141985,-0.013785185,2370493
20150327,13:15:00.000,BBG000BLHRS2,-0.0017719792,0.0055447584,350125
20150327,13:15:00.000,BBG000TJM7F0,-0.010876644,-0.0041702497,783035
20150327,13:15:00.000,BBG000J1QLT0,-0.010730782,-0.0019159645,285941
20150327,13:15:00.000,BBG000BBBNC6,0.00410256,-0.0039365375,659321
20150327,13:15:00.000,BBG000BY2Y78,-0.00093052373,-0.0060127005,941863
20150327,13:15:00.000,BBG000BM6788,-0.006863161,-7.485918e-05,541118
20150327,13:15:00.000,BBG000C1FQS9,-0.0019916215,0.0021567594,269799
20150327,13:15:00.000,BBG000BBJQV0,0.00041163433,-0.0023853532,2323647
20150327,13:15:00.000,BBG000BTQR96,0.00014632639,0.0046391417,468437
20150327,13:15:00.000,BBG000CXYSZ6,0.015754292,0.014567505,329279
20150327,13:15:00.000,BBG000BB5792,0.048671015,0.06465395,3606730
20150327,13:15:00.000,BBG000BNGTQ7,-0.002356431,0.00670577,350515
20150327,13:15:00.000,BBG000BZTW70,-0.012075839,-0.030825214,3721752
20150327,13:15:00.000,BBG000G0Z878,-0.0034148747,-0.0075929123,1001290
20150327,13:15:00.000,BBG000BFNR17,0.005626125,0.0070581874,128578
20150327,13:15:00.000,BBG002BHBHM1,0.004997743,0.021182485,418602
20150327,13:15:00.000,BBG000BC4JJ4,0.0023964865,0.0033736557,327816
20150327,13:15:00.000,BBG000F15NW9,0.0070213582,0.011464889,274015
20150327,13:15:00.000,BBG000BKR1D6,0.005695801,0.0014079695,165718
20150327,13:15:00.000,BBG000BCTQ65,-0.0053239944,0.00087465177,3677133
20150327,13:15:00.000,BBG000BNNYW1,-0.0040469477,-0.0065915645,4102781
20150327,13:15:00.000,BBG000BBCDZ2,-0.006527249,-0.004365959,586474
20150327,13:15:00.000,BBG000BRK7L6,0.0038597463,-0.010574551,2033729
20150327,13:15:00.000,BBG000DQTXY6,0.0035757138,0.026606461,1693833
20150327,13:15:00.000,BBG000BRXP69,-0.0040627057,0.006660542,246307
20150327,13:15:00.000,BBG000BL9JQ1,-0.013612058,-0.019494679,800918
20150327,13:15:00.000,BBG000DTMH63,-0.0038181767,-0.024531819,2560585
20150327,13:15:00.000,BBG000BJPDZ1,-0.00043672248,0.004708504,128689
20150327,13:15:00.000,BBG000BXWBN9,-0.001515507,0.0066448115,1001857
20150327,13:15:00.000,BBG000C2PW58,0.0007946894,-0.0015453675,167030
20150327,13:15:00.000,BBG000D13GN8,-0.011488546,-0.01006528,448607
20150327,13:15:00.000,BBG000BB6M98,-0.002269362,-0.0037457105,1414394
20150327,13:15:00.000,BBG000BGYWY6,0.002330543,0.017590968,268696
20150327,13:15:00.000,BBG000BHB3M6,0.0051346226,0.005754833,604797
20150327,13:15:00.000,BBG000G3QLY3,-0.0064071626,-0.010208867,376866
20150327,13:15:00.000,BBG000BSBZH7,-0.0030172288,0.0026987894,387825
20150327,13:15:00.000,BBG000F7RCJ1,-0.00225331,0.011879046,415000
20150327,13:15:00.000,BBG0039320N9,-0.0024442144,0.0073743234,1265076
20150327,13:15:00.000,BBG000BTZQC4,-0.017360033,-0.021636426,2087571
20150327,13:15:00.000,BBG001M8HHB7,-0.0024368705,0.00047855085,379848
20150327,13:15:00.000,BBG000CZWZ05,0.09959257,0.13206989,4412673
20150327,13:15:00.000,BBG000QY3XZ2,0.0045072357,0.008355071,393670
20150327,13:15:00.000,BBG000BHLYP4,-0.004811995,-0.0036924079,646907
20150327,13:15:00.000,BBG000CHWP52,0.02195297,0.015839737,1802327
20150327,13:15:00.000,BBG000QFJ7H3,0.015307285,-0.0035344933,4299555
20150327,13:15:00.000,BBG000BFTJ91,0.001681185,0.003413447,785657
20150327,13:15:00.000,BBG000BZ2GG4,0.010548346,0.0042398497,718843
20150327,13:15:00.000,BBG000FKJRC5,0.0014020097,0.012021525,615701
20150327,13:15:00.000,BBG000BKPL53,0.008722435,0.014091409,684978
20150327,13:15:00.000,BBG000BNC3Y9,-0.006076588,-0.011924152,342965
20150327,13:15:00.000,BBG000BNFLM9,0.00079361576,-0.00021068384,1343635
20150327,13:15:00.000,BBG000BWCKB6,-0.0040088394,0.004535334,359517
20150327,13:15:00.000,BBG000BR14K5,0.003105281,-0.00045165233,497519
20150327,13:15:00.000,BBG0014GJCT9,0.016987318,0.03207564,958077
20150327,13:15:00.000,BBG000BRRG02,-0.015822936,-0.017981015,1205372
20150327,13:15:00.000,BBG000BP1Q11,-0.010248722,-0.006046723,512444
20150327,13:15:00.000,BBG000P1F8Q7,-0.015113558,-1.2646927e-07,503115
20150327,13:15:00.000,BBG000BCVMH9,-0.0028868786,-0.006729382,510606
20150327,13:15:00.000,BBG000D7RKJ5,0.0025004488,0.0077245506,658664
20150327,13:15:00.000,BBG000FNRZ69,0.017887592,0.008247325,2274078
20150327,13:15:00.000,BBG000BTKGG8,0.0010889039,-0.0076158973,993632
20150327,13:15:00.000,BBG001QD41M9,-0.002985835,0.002991771,602790
20150327,13:15:00.000,BBG000D9DMK0,0.0011660377,0.00373628,618092
20150327,13:15:00.000,BBG000BH5DV1,-0.0040213577,-0.0009286161,471248
20150327,13:15:00.000,BBG000BMQPL1,-0.00819664,-0.01555282,4595676
20150327,13:15:00.000,BBG000BMDV41,-0.0050728954,-0.0022351975,691223
20150327,13:15:00.000,BBG000BQZMH4,0.0019109574,0.0072857966,816008
20150327,13:15:00.000,BBG000BS0ZF1,-0.004324736,-0.009507676,266112
20150327,13:15:00.000,BBG000BGLRN3,-0.0050454773,-0.012147174,1485820
20150327,13:15:00.000,BBG000C0F570,-0.0039383164,-0.008252904,1377350
20150327,13:15:00.000,BBG000D6L294,-0.0037550516,-0.0080099,370789
20150327,13:15:00.000,BBG000BM5SR2,0.0044135,0.0011987175,919950
20150327,13:15:00.000,BBG000BYYLS8,-0.0005170359,-0.0067241597,1903013
20150327,13:15:00.000,BBG000BF6LY3,0.051264014,0.06278883,7871411
20150327,13:15:00.000,BBG000BCBCM7,-0.012779601,-0.00936609,2488947
20150327,13:15:00.000,BBG000BJ2VQ6,0.008671397,-0.017975857,1925165
20150327,13:15:00.000,BBG000BJ98Z0,-0.0037775203,0.0055845105,673933
20150327,13:15:00.000,BBG000BLCPY4,0.0049892906,-0.018599823,740111
20150327,13:15:00.000,BBG000D898T9,-0.0020880648,0.0042621754,656241
20150327,13:15:00.000,BBG000BMBL90,0.0028918972,0.0066119772,791076
20150327,13:15:00.000,BBG000BSXQV7,0.00028411913,0.009215403,234160
20150327,13:15:00.000,BBG000FVXD63,0.024832638,0.013594025,1057638
20150327,13:15:00.000,BBG000BVMGF2,-0.00048775386,-0.0034169958,696036
20150327,13:15:00.000,BBG000C11MQ5,-0.034581345,0.0023589646,414284
20150327,13:15:00.000,BBG000BPQD31,-0.0029907804,0.0023429277,2128841
20150327,13:15:00.000,BBG000BB5006,-0.0032293673,-2.1817522e-07,974380
20150327,13:15:00.000,BBG000BHKYH4,-0.0013737782,0.0008315429,435545
20150327,13:15:00.000,BBG000D1QCF1,0.006001504,-0.0026469443,800715
20150327,13:15:00.000,BBG000CSY9H9,0.0070043714,0.015652098,854558
20150327,13:15:00.000,BBG000BRJ809,0.0014712836,0.0024845132,201899
20150327,13:15:00.000,BBG000CNFQW6,-0.0013827602,0.0034673673,292554
20150327,13:15:00.000,BBG000BXM6V2,-0.0040380433,0.008965727,823012
20150327,13:15:00.000,BBG000BCGY17,0.007220616,0.011250466,1418671
20150327,13:15:00.000,BBG000DKCC19,-0.0075778957,-0.0007858779,1117587
20150327,13:15:00.000,BBG000BKCFC2,0.0020222673,0.009451466,1835161
20150327,13:15:00.000,BBG000BTVJ25,0.0062738205,0.0071263365,1800184
20150327,13:15:00.000,BBG000BN5HF7,-0.004008908,0.015987242,558568
20150327,13:15:00.000,BBG000Q3JN03,-0.0012799496,-0.013956247,8813991
20150327,13:15:00.000,BBG0020B4JG7,0.0056717955,0.014374761,2150025
20150327,13:15:00.000,BBG000BR3KL6,0.0035414353,0.0046858997,286383
20150327,13:15:00.000,BBG000BRWGG9,0.016422166,0.030506315,11204725
20150327,13:15:00.000,BBG001LWHLJ8,0.0033435205,0.004975246,3112342
20150327,13:15:00.000,BBG000C7LMS8,0.012294547,0.026304198,225465
20150327,13:15:00.000,BBG000BPT0C6,0.017512782,0.0066755614,1656278
20150327,13:15:00.000,BBG000BSD7C2,0.000536998,0.004825282,562156
20150327,13:15:00.000,BBG000BRJL00,0.0006365604,0.0051497817,1467364
20150327,13:15:00.000,BBG000C1FB75,0.0019441326,0.0026328382,190719
20150327,13:15:00.000,BBG000BJ3PD2,-0.001464773,-0.0011999826,619168
20150327,13:15:00.000,BBG000BHLYS1,0.008388191,0.015732218,2923053
20150327,13:15:00.000,BBG000JWD753,-0.0034931386,0.0014628884,1436473
20150327,13:15:00.000,BBG000BXMFC3,-0.0076738996,-0.01213249,1249579
20150327,13:15:00.000,BBG000CGQ6M4,0.0035936,-0.00070474274,408253
20150327,13:15:00.000,BBG000DNTSP4,0.008124228,-0.0002780175,1645656
20150327,13:15:00.000,BBG000BFXHL6,-0.012030125,-0.014339698,1637163
20150327,13:15:00.000,BBG000BJL3N0,-9.7251264e-05,-0.010016674,4366617
20150327,13:15:00.000,BBG000JG0547,-0.0030393614,0.0005334897,661970
20150327,13:15:00.000,BBG000BWSV34,0.002720204,0.010226433,217657
20150327,13:15:00.000,BBG000BB6WG8,-0.0009045108,0.0019436297,1273062
20150327,13:15:00.000,BBG000BCWCG1,-0.019723628,-0.009113022,2553609
20150327,13:15:00.000,BBG000BB9KF2,0.007158809,0.012288814,1353513
20150327,13:15:00.000,BBG000C3HSR0,-0.0091379015,-0.0052515366,585824
20150327,13:15:00.000,BBG000BFMBQ6,0.010146114,0.022300065,766528
20150327,13:15:00.000,BBG000BP0KQ8,0.022950146,0.034061402,1870456
20150327,13:15:00.000,BBG000BQWPC5,-0.0034131971,0.004430306,799726
20150327,13:15:00.000,BBG001YMS0B8,0.03490466,0.042063642,18385484
20150327,13:15:00.000,BBG000C0LW92,0.007381605,0.017770214,3103823
20150327,13:15:00.000,BBG000MDCQC2,0.004301742,0.01128247,825567
20150327,13:15:00.000,BBG000BK67C7,-0.0018484835,0.0017455816,351349
20150327,13:15:00.000,BBG000BY29C7,0.010723532,0.014010252,1083005
20150327,13:15:00.000,BBG000BSLZY7,0.008628378,0.004031112,2751665
20150327,13:15:00.000,BBG000BLKK03,-0.0032679257,0.008150068,958801
20150327,13:15:00.000,BBG000C2BXK4,-0.014501887,-0.005138969,5391721
20150327,13:15:00.000,BBG000BCZYD3,-0.0035676653,0.008834137,478404
20150327,13:15:00.000,BBG000R7RDB4,0.004073656,-0.0010288872,521443
20150327,13:15:00.000,BBG000C3GN47,-0.000944478,-0.0048299753,2330577
20150327,13:15:00.000,BBG000BMW2Z0,-0.006292716,0.0012225395,503785
20150327,13:15:00.000,BBG000BKFZM4,0.005177934,0.0075676516,2364674
20150327,13:15:00.000,BBG000G2R6M0,0.004200727,-0.009146541,4243675
20150327,13:15:00.000,BBG000C1S2X2,-0.005076323,0.019512704,687716
20150327,13:15:00.000,BBG000F0KF42,-0.0024629727,-0.011490852,1095826
20150327,13:15:00.000,BBG000CS7CT9,-0.004565159,0.005067816,1346536
20150327,13:15:00.000,BBG000CPQZ77,-0.012185472,-0.0055608135,1340951
20150327,13:15:00.000,BBG000C8H633,-0.0064096297,-0.014023716,2860563
20150327,13:15:00.000,BBG000JH6683,0.017009987,0.05061793,2256290
20150327,13:15:00.000,BBG000BLBXT4,-0.008319745,0.00023571808,2371490
20150327,13:15:00.000,BBG000BB07P9,0.014198652,-0.00088581594,5877408
20150327,13:15:00.000,BBG000BX3TD3,-0.0062057385,-0.021550551,2715598
20150327,13:15:00.000,BBG000F80SZ5,0.007356975,0.01598338,2852390
20150327,13:15:00.000,BBG000BKFBD7,0.00093743735,-0.0049537662,818649
20150327,13:15:00.000,BBG000BPWXK1,0.015104824,0.002257527,2975218
20150327,13:15:00.000,BBG000BH5LT6,-0.023076907,-0.050930694,6326184
20150327,13:15:00.000,BBG000BBD070,-0.011635664,-0.019888023,735965
20150327,13:15:00.000,BBG000BWJFZ4,-0.01815928,-0.018238412,231934
20150327,13:15:00.000,BBG000BWNFZ9,-0.0040497803,-0.010945066,904400
20150327,13:15:00.000,BBG000BH3JF8,-0.00040751288,0.004269022,836494
20150327,13:15:00.000,BBG000C0HQ54,0.016401473,0.027728245,1234142
20150327,13:15:00.000,BBG000FL1TC8,-0.0055368063,-0.0036164536,816845
20150327,13:15:00.000,BBG000BV8DN6,0.001291633,0.004779554,1302278
20150327,13:15:00.000,BBG0029SNR63,-0.008138417,-0.0054730466,610113
20150327,13:15:00.000,BBG000DYGNW7,-0.0046566334,-0.00017664648,311534
20150327,13:15:00.000,BBG000QW7VC1,-0.0024944237,-0.00065702014,991325
20150327,13:15:00.000,BBG000BFQYY3,-0.008383518,-0.0007270605,883490
20150327,13:15:00.000,BBG000BGVW60,-0.0038374732,0.002132304,1003551
20150327,13:15:00.000,BBG000C1BW00,-0.006956526,0.0048365556,543176
20150327,13:15:00.000,BBG000BJ81C1,0.006210552,0.0015451441,583763
20150327,13:15:00.000,BBG000BFDXW1,0.0038621407,0.0011862883,2585601
20150327,13:15:00.000,BBG000BSC0K9,-0.00095320883,0.0095040705,854852
20150327,13:15:00.000,BBG000BD8PN9,-0.006168391,-0.009547325,1917308
20150327,13:15:00.000,BBG000DSMS70,-0.012216251,0.012933064,331736
20150327,13:15:00.000,BBG000BQ5DS5,0.0017607384,-0.0037053425,1398832
20150327,13:15:00.000,BBG000G30YX4,0.01319598,0.0354693,762724
20150327,13:15:00.000,BBG000BQ2C28,0.0016195645,0.007566139,551376
20150327,13:15:00.000,BBG000BN2DC2,-0.00032644754,0.004847813,763850
20150327,13:15:00.000,BBG000LD9JQ8,-0.010496824,-0.0050057224,428252
20150327,13:15:00.000,BBG000BGKTF9,0.008344105,0.0006370527,1085764
20150327,13:15:00.000,BBG000BBVJZ8,-0.0063619367,-0.012486647,969010
20150327,13:15:00.000,BBG000D9D830,-0.0043172874,-0.006157441,2516330
20150327,13:15:00.000,BBG000BJSBJ0,0.0023648767,0.007737708,568746
20150327,13:15:00.000,BBG000BH1NH9,0.0004098652,-0.0021169737,957225
20150327,13:15:00.000,BBG000BVDLH9,-0.002325607,0.0076996633,457537
20150327,13:15:00.000,BBG000FJLFX8,0.0029567957,0.0125084175,756601
20150327,13:15:00.000,BBG000MZFMS2,-0.017154833,0.00023091998,519649
20150327,13:15:00.000,BBG000C4DPX1,0.0013281684,0.011064687,1113864
20150327,13:15:00.000,BBG000C0MF34,0.012906703,0.0056886873,288590
20150327,13:15:00.000,BBG000QBR5J5,0.0035800154,-0.002816681,1256219
20150327,13:15:00.000,BBG000BCVJ77,0.00070567155,0.005145651,884579
20150327,13:15:00.000,BBG000QX74T1,0.0032941853,0.005438908,186810
20150327,13:15:00.000,BBG000BBDV81,-3.4313252e-05,0.00407834,1112593
20150327,13:15:00.000,BBG000HCJMF9,-0.004023654,-0.013053525,879044
20150327,13:15:00.000,BBG000C46HM9,-0.005163684,0.0023709128,973811
20150327,13:15:00.000,BBG000BGPTV6,0.0012239275,0.0015717593,442532
20150327,13:15:00.000,BBG000BRD0D8,0.002025495,-0.006486646,1513782
20150327,13:15:00.000,BBG000BGJRC8,-0.0014053753,-0.0069143763,3274901
20150327,13:15:00.000,BBG000DHSPT0,0.012023695,0.0071362513,746318
20150327,13:15:00.000,BBG000J6XT05,-0.0021957764,0.00030811367,2838120
20150327,13:15:00.000,BBG000BH3GZ2,-0.00018179523,-0.00070008606,835695
20150327,13:15:00.000,BBG000BTR593,0.015048958,0.0013316128,2400300
20150327,13:15:00.000,BBG000B9ZXB4,0.00076298334,0.007310517,1334704
20150327,13:15:00.000,BBG000BL4504,-0.00049777544,-0.011941473,12911022
20150327,13:15:00.000,BBG000BNBDC2,-0.0018996177,0.0049006185,1790206
20150327,13:15:00.000,BBG000C734W3,-0.0063327164,0.01820999,375940
20150327,13:15:00.000,BBG000BWLMJ4,0.002708882,0.0098898485,1673094
20150327,13:15:00.000,BBG000H556T9,0.005025303,0.004649336,1307017
20150327,13:15:00.000,BBG000BVPPM1,-0.010437871,-0.005483684,571201
20150327,13:15:00.000,BBG000BCG930,0.008443857,0.01974689,735339
20150327,13:15:00.000,BBG000BJF1Z8,-0.008038145,-0.0038663552,375815
20150327,13:15:00.000,BBG000BND699,0.002129265,0.0053340173,2753191
20150327,13:15:00.000,BBG000BD4VG8,-0.0018770975,0.00031842964,1118026
20150327,13:15:00.000,BBG000BC2C10,-0.000802796,-0.0061848983,1849456
20150327,13:15:00.000,BBG000NV1KK7,-0.0024185246,0.0044126273,1984389
20150327,13:15:00.000,BBG000BLZRJ2,0.0022566004,-0.00056136394,4172633
20150327,13:15:00.000,BBG000F6H8W8,-0.0020468258,0.0030979642,595124
20150327,13:15:00.000,BBG000BMY992,-0.0072610388,0.0019054705,1089090
20150327,13:15:00.000,BBG000BT9DW0,0.005456521,0.0064004785,2732383
20150327,13:15:00.000,BBG000PX3XC0,-0.004388023,-0.022838954,6074162
20150327,13:15:00.000,BBG000BWXBC2,-0.0074806977,-0.006473298,2172798
20150327,13:15:00.000,BBG000BB6KF5,0.00076879957,-0.007510936,1999827
20150327,13:15:00.000,BBG000FFDM15,0.001562685,-0.0061580543,2295271
20150327,13:15:00.000,BBG000KLB4Q1,0.041033935,0.05078748,6380937
20150327,13:15:00.000,BBG001DCCGR8,-0.011926995,-0.011249614,635335
20150327,13:15:00.000,BBG000BVV7G1,0.002971769,0.0017928486,1787676
20150327,13:15:00.000,BBG000BHGDH5,-0.0015584321,0.0047747963,1807390
20150327,13:15:00.000,BBG000BWVCP8,0.012208209,0.006090115,1947506
20150327,13:15:00.000,BBG000C15T95,-0.0053792344,-0.0034338029,1030801
20150327,13:15:00.000,BBG000D4LWF6,-0.0025808013,0.00314902,6961695
20150327,13:15:00.000,BBG000B9WH86,0.0012981769,-0.010088772,8527429
20150327,13:15:00.000,BBG000Q9HH23,-0.006978477,0.00033214645,329058
20150327,13:15:00.000,BBG00286S4N9,0.00038434917,-0.0055447198,749385
20150327,13:15:00.000,BBG000BHX7N2,0.00021498234,-0.0017711357,1375024
20150327,13:15:00.000,BBG000L9CV04,-0.0059742783,-0.0003095557,1229968
20150327,13:15:00.000,BBG000BH13K9,0.0016417468,0.0004184494,2129413
20150327,13:15:00.000,BBG000FG3C43,-0.019704752,-0.029911282,7730489
20150327,13:15:00.000,BBG000C496P7,0.007038155,0.005983642,2263207
20150327,13:15:00.000,BBG000BXRPH1,0.0037771275,-0.0034130644,692273
20150327,13:15:00.000,BBG000BNJHS8,-0.0037127868,0.022003865,3034071
20150327,13:15:00.000,BBG000BBPFB9,0.00058729487,-0.0017853981,9411950
20150327,13:15:00.000,BBG000WCFV84,-0.009865386,-0.01587648,1828455
20150327,13:15:00.000,BBG0019JZ882,0.0058781067,0.004117395,2792304
20150327,13:15:00.000,BBG000H89QJ6,-0.0038323144,-0.003919688,826111
20150327,13:15:00.000,BBG000BFWKC0,0.0064472146,0.0037415556,1366773
20150327,13:15:00.000,BBG000C5HS04,-0.0066681392,0.0014594658,865616
20150327,13:15:00.000,BBG000BJX8C8,0.01573822,0.006946941,2648627
20150327,13:15:00.000,BBG000BNDN65,-0.0062902817,0.008235656,1601407
20150327,13:15:00.000,BBG000BP52R2,-0.00031724165,0.005720171,747223
20150327,13:15:00.000,BBG000M65M61,0.011239244,0.034408975,2297075
20150327,13:15:00.000,BBG000BP6LJ8,-0.00033899277,0.0046002814,3300188
20150327,13:15:00.000,BBG000F0PF65,0.0016647312,0.0050732372,1109355
20150327,13:15:00.000,BBG000H8TVT2,0.0059737964,0.0126780765,1504761
20150327,13:15:00.000,BBG000DQLV23,0.0005458464,0.008614955,2026953
20150327,13:15:00.000,BBG000BHBK84,0.03797989,0.040055405,11750111
20150327,13:15:00.000,BBG000DLFM21,-0.01778287,-0.0021927685,585492
20150327,13:15:00.000,BBG000BJDB15,-0.021960292,-0.040502973,11594192
20150327,13:15:00.000,BBG000CTQBF3,-0.0026656163,0.0021557088,2141198
20150327,13:15:00.000,BBG000BQQ2S6,-0.0013119415,-0.010445745,1352874
20150327,13:15:00.000,BBG000BHVJJ3,-0.015842399,-0.02439503,16890218
20150327,13:15:00.000,BBG000F1ZSQ2,-0.011563894,-0.0101770405,2244342
20150327,13:15:00.000,BBG000BQPC32,0.0009989011,-0.0012494015,24594374
20150327,13:15:00.000,BBG000C43RR5,0.003959587,0.0034770695,2649157
20150327,13:15:00.000,BBG000CH5208,0.0021109849,0.011221746,1035474
20150327,13:15:00.000,BBG000J2XL74,0.000727904,0.0004581444,2216653
20150327,13:15:00.000,BBG000BC40Y8,-0.0070804707,-0.011053023,1229564
20150327,13:15:00.000,BBG000KHWT55,-0.01856074,-0.027173946,10074185
20150327,13:15:00.000,BBG000BW8S60,0.0024131811,0.0067204484,1255406
20150327,13:15:00.000,BBG000BZ9223,-0.0037029171,-0.008756449,1204974
20150327,13:15:00.000,BBG000DWYF03,-0.00037442058,-0.0014731714,3622558
20150327,13:15:00.000,BBG000BBGGQ1,-0.024905412,-0.026355097,3274447
20150327,13:15:00.000,BBG000BBDZG3,0.0030583069,-0.0022151053,2678317
20150327,13:15:00.000,BBG000BQLTW7,-0.009563969,-0.011166765,7945833
20150327,13:15:00.000,BBG000NDYB67,0.0029302132,0.0008029509,4751282
20150327,13:15:00.000,BBG000C6CFJ5,0.0055724108,0.00064021617,767043
20150327,13:15:00.000,BBG000BGRY34,-0.0011190511,0.0068620634,1663055
20150327,13:15:00.000,BBG000DH7JK6,-0.0004969862,0.0030327088,2020162
20150327,13:15:00.000,BBG000BW3299,0.008037626,0.0053606634,3296010
20150327,13:15:00.000,BBG000DWG505,0.00621564,0.0037751612,1487806
20150327,13:15:00.000,BBG000BF0K17,0.0019797843,-0.0051331846,3322998
20150327,13:15:00.000,BBG000R7Z112,-0.0044232267,0.016558383,3978402
20150327,13:15:00.000,BBG000BCSST7,-0.0030989284,0.0020921398,1204546
20150327,13:15:00.000,BBG000BQQH30,-0.0020114507,-0.007587787,1958241
20150327,13:15:00.000,BBG000BCQZS4,-0.00020994146,-0.008917895,4773826
20150327,13:15:00.000,BBG000BMX289,-0.00886132,-0.0064438228,6898156
20150327,13:15:00.000,BBG000BNWG87,0.002372471,0.010309947,2201261
20150327,13:15:00.000,BBG000BBS2Y0,-0.0076515526,0.01295334,955375
20150327,13:15:00.000,BBG000BH4R78,-0.0003474063,0.004559561,3101823
20150327,13:15:00.000,BBG005P7Q881,0.0030669514,0.028284531,4820067
20150327,13:15:00.000,BBG000BKZB36,0.00037728733,0.012545712,1762584
20150327,13:15:00.000,BBG000GFFQN9,0.015020409,0.014389855,14355702
20150327,13:15:00.000,BBG0025Y4RY4,0.00043874988,0.004363787,3344160
20150327,13:15:00.000,BBG000BFC8J2,-0.011247651,0.012577213,3108928
20150327,13:15:00.000,BBG000H6HNW3,-1.0461054e-05,0.00961411,10033970
20150327,13:15:00.000,BBG000BNSZP1,-0.004360309,-0.004720598,1810334
20150327,13:15:00.000,BBG000N9MNX3,-0.035230346,-0.031380545,4409148
20150327,13:15:00.000,BBG000BPD168,0.00093141245,0.005555342,2904406
20150327,13:15:00.000,BBG000BKTFN2,0.0023789648,-0.002547653,5259117
20150327,13:15:00.000,BBG000C17X76,-0.009469978,0.013027934,923897
20150327,13:15:00.000,BBG000BR2TH3,-0.006241457,0.0010956506,2717417
20150327,13:15:00.000,BBG000PSKYX7,-0.007111462,-0.0039614844,3291473
20150327,13:15:00.000,BBG000BT41Q8,0.0072156196,-0.0016228443,2482187
20150327,13:15:00.000,BBG000C5Z1S3,-0.0118595455,-0.01875187,14436896
20150327,13:15:00.000,BBG000BLNNH6,-0.0010891756,-0.006818005,1472263
20150327,13:15:00.000,BBG000BFT2L4,0.0031861675,0.003935154,6771172
20150327,13:15:00.000,BBG000CGC1X8,-0.00059446663,-0.0038711606,4103116
20150327,13:15:00.000,BBG000HS77T5,0.008855901,0.0030984697,5057112
20150327,13:15:00.000,BBG000C3J3C9,0.0013269574,0.0022152292,9625669
20150327,13:15:00.000,BBG000FH8PX5,-0.0014304152,0.011563661,1023582
20150327,13:15:00.000,BBG000BLBVN4,-0.005156565,-0.0028923468,236208
20150327,13:15:00.000,BBG000BSJK37,0.0042711636,-0.002741693,8714377
20150327,13:15:00.000,BBG000CL9VN6,-0.010852424,-0.0040895897,1563197
20150327,13:15:00.000,BBG000BVPV84,0.006169787,0.01161164,1333874
20150327,13:15:00.000,BBG000K4ND22,0.0017621367,-0.008739615,2453532
20150327,13:15:00.000,BBG000BWQFY7,-0.00031380568,-0.008626866,5546379
20150327,13:15:00.000,BBG002W96FT9,-0.0068477243,-0.008834603,1088987
20150327,13:15:00.000,BBG000BMHYD1,-0.00025598102,0.00454456,2091303
20150327,13:15:00.000,BBG000BR2B91,0.0025750396,0.009070738,10231989
20150327,13:15:00.000,BBG000BK6MB5,0.0014370502,0.0020150503,12388176
20150327,13:15:00.000,BBG000FY4S11,0.0036986433,-0.0054684347,8990846
20150327,13:15:00.000,BBG000DMBXR2,0.0068715457,-0.0013437545,5303803
20150327,13:15:00.000,BBG000C0G1D1,0.0034508114,-0.0029923385,15087348
20150327,13:15:00.000,BBG000BHSKN9,-0.008359734,-0.00812605,906821
20150327,13:15:00.000,BBG000CKGBP2,-0.013615832,0.0073724077,4046938
20150327,13:15:00.000,BBG000GZQ728,0.0013854653,-0.006048929,4610588
20150327,13:15:00.000,BBG000BPH459,-0.0051426315,-0.0067948923,15164460
20150327,13:15:00.000,BBG000BCTLF6,-6.626359e-05,-0.0077797356,44047040
20150327,13:15:00.000,BBG000MM2P62,-0.0024498662,0.0037936615,11291499
20150327,13:15:00.000,BBG000B9XRY4,-0.0057306783,-0.0061156233,20923846
20150327,13:30:00.000,BBG000CNZC55,-0.011386697,-0.0010829204,2710978
20150327,13:30:00.000,BBG000FH5YM1,0.0017535252,0.0013724989,2592688
20150327,13:30:00.000,BBG000BLM0V1,-0.0066169966,-0.0054355045,387066
20150327,13:30:00.000,BBG000HGYNZ9,-0.0050190664,-0.014724121,1509127
20150327,13:30:00.000,BBG000BF6RQ9,0.00076688325,0.024499785,466010
20150327,13:30:00.000,BBG000BFV115,0.0057100733,-0.0042091273,645279
20150327,13:30:00.000,BBG0015XMW40,0.013721136,0.013068213,303687
20150327,13:30:00.000,BBG000FBMY72,-0.014605198,-0.018365998,1348183
20150327,13:30:00.000,BBG000BDWKC5,0.007868902,0.0084815,1108319
20150327,13:30:00.000,BBG000G6BN50,0.012258711,0.0091579985,207177
20150327,13:30:00.000,BBG000BLDV98,-0.008535396,-0.00062515365,918334
20150327,13:30:00.000,BBG000R0L5J4,-0.0013476043,-0.0053984965,357633
20150327,13:30:00.000,BBG006NV2Q11,-0.0069533256,-0.008759336,947924
20150327,13:30:00.000,BBG000BC2R71,0.0055086524,-0.0024210776,707270
20150327,13:30:00.000,BBG000BN1XR3,0.0031949377,0.00856815,247106
20150327,13:30:00.000,BBG000GPXKX9,-0.009888189,-0.0053054746,225430
20150327,13:30:00.000,BBG000DV7MX4,-0.00089249125,0.0008600989,2771475
20150327,13:30:00.000,BBG000BGRKT6,-0.0076484308,-0.0009990886,228813
20150327,13:30:00.000,BBG000BB5BF6,-0.014062467,-0.009672356,4049650
20150327,13:30:00.000,BBG000BVB8Q0,0.0010888401,-5.1893196e-09,7614540
20150327,13:30:00.000,BBG000DGPR66,0.013750507,0.017899645,881981
20150327,13:30:00.000,BBG000BQ74K1,-0.002871255,-0.0064636916,254778
20150327,13:30:00.000,BBG000RNTSX0,-7.775379e-05,0.007165846,217999
20150327,13:30:00.000,BBG000N746D6,0.012227685,0.010562588,1556595
20150327,13:30:00.000,BBG000CR90K4,0.02557416,0.021493576,18903080
20150327,13:30:00.000,BBG000BVL2G3,0.008248162,0.0034880324,898888
20150327,13:30:00.000,BBG000BPQVR5,-0.004983205,-0.005381281,313158
20150327,13:30:00.000,BBG000CB8Q50,0.0039092572,0.0056239376,281882
20150327,13:30:00.000,BBG000D42FJ0,0.0002185197,-0.015153574,1086470
20150327,13:30:00.000,BBG003641015,-0.003990978,0.000609137,843123
20150327,13:30:00.000,BBG000CPHYL4,0.009218057,0.008264851,673875
20150327,13:30:00.000,BBG000BKL348,0.0042706802,0.0060642576,198228
20150327,13:30:00.000,BBG000BMF5J0,-0.016372126,-0.0065401997,2859775
20150327,13:30:00.000,BBG000BCHG15,0.0047843843,0.007871502,197838
20150327,13:30:00.000,BBG000BJKPG0,-0.005347602,-0.0013392057,253972
20150327,13:30:00.000,BBG000HS74G6,-0.0078044333,-0.0114026675,611219
20150327,13:30:00.000,BBG000BVHBM1,-0.009217112,0.016689736,726294
20150327,13:30:00.000,BBG002PHSYX9,-0.020528806,-0.016919501,534033
20150327,13:30:00.000,BBG000D2ZTS8,-0.0046819826,0.008515103,1219118
20150327,13:30:00.000,BBG000BGYMH7,-0.0013030835,0.0016882139,344485
20150327,13:30:00.000,BBG000PV2L86,0.0028842485,0.015179456,483855
20150327,13:30:00.000,BBG000FQ6PY6,0.005374182,0.003865153,512698
20150327,13:30:00.000,BBG000R06BX2,0.0042795157,0.006045035,867317
20150327,13:30:00.000,BBG000BCWKD6,-0.0009476545,-0.004282441,1150837
20150327,13:30:00.000,BBG000CPBCL8,-0.00057719,-0.0025217298,373256
20150327,13:30:00.000,BBG000B9X8C0,0.004197357,0.010504134,886952
20150327,13:30:00.000,BBG000BDY3Y7,-0.0033671872,-0.004490881,290743
20150327,13:30:00.000,BBG001XJRMF5,-0.0005723003,-0.00146741,1205727
20150327,13:30:00.000,BBG000BJ26K7,0.022323519,0.015688036,917431
20150327,13:30:00.000,BBG000BQ87N0,-0.0012881702,0.006211391,439576
20150327,13:30:00.000,BBG000C37332,0.010427725,0.0073981155,331543
20150327,13:30:00.000,BBG000C4ZZ10,0.0048845303,0.007743269,443368
20150327,13:30:00.000,BBG000BPNP00,0.00682429,0.005603564,659378
20150327,13:30:00.000,BBG000BXBHJ4,-0.00543545,-0.016040893,762752
20150327,13:30:00.000,BBG000FDBX90,0.009365609,0.008321777,1583518
20150327,13:30:00.000,BBG000BKNX95,0.00040027575,-2.0930746e-07,735422
20150327,13:30:00.000,BBG000BV4XJ1,0.0041118953,0.028448282,262187
20150327,13:30:00.000,BBG000MQ1SN9,0.0023568608,0.0036378026,365528
20150327,13:30:00.000,BBG000KBQZ88,-0.01077556,-0.006407534,571927
20150327,13:30:00.000,BBG000BXNJ07,-0.009849476,-0.0099108005,3496634
20150327,13:30:00.000,BBG000DLVDK3,0.002905288,-0.0053140474,1177155
20150327,13:30:00.000,BBG000BB03M1,0.024732059,0.010392938,948135
20150327,13:30:00.000,BBG000BWGYF8,-0.00089024496,0.0044633863,252148
20150327,13:30:00.000,BBG000BPZBB6,0.021776095,0.023133116,1201574
20150327,13:30:00.000,BBG000JKCWS0,0.007510858,0.0012730332,336732
20150327,13:30:00.000,BBG000BNPSQ9,0.023758315,0.057676453,882121
20150327,13:30:00.000,BBG000C060M4,-0.0048021185,-0.009433718,146699
20150327,13:30:00.000,BBG000BFDLV8,0.0059453226,0.014862315,445555
20150327,13:30:00.000,BBG000C2V3D6,0.0021914134,0.00886475,624924
20150327,13:30:00.000,BBG000BC9938,-0.0052552996,-0.008691461,420325
20150327,13:30:00.000,BBG000C22QV7,-0.002590878,0.004218184,561348
20150327,13:30:00.000,BBG000BMTFR4,-0.00570469,-0.005733137,918068
20150327,13:30:00.000,BBG000BKTT89,0.0020383405,0.008909375,181355
20150327,13:30:00.000,BBG000BWXL85,0.007224173,0.010417,1499842
20150327,13:30:00.000,BBG0014GG205,0.030792613,0.024644434,4989870
20150327,13:30:00.000,BBG000BGFZR8,0.0039458503,0.0056778817,931610
20150327,13:30:00.000,BBG000V31J96,0.008471903,0.012073281,1561261
20150327,13:30:00.000,BBG000BNNKG9,0.0022104143,0.010832416,883223
20150327,13:30:00.000,BBG000BSSC44,-0.007192503,-0.017854,654938
20150327,13:30:00.000,BBG000BSY3K9,-0.006378807,1.0414462e-06,291310
20150327,13:30:00.000,BBG000BPMH90,-0.0062524728,-0.01161137,487231
20150327,13:30:00.000,BBG000BX5ZF5,-0.014699417,-0.016414221,3117806
20150327,13:30:00.000,BBG000BR37X2,0.0072541,0.0022269683,1171741
20150327,13:30:00.000,BBG000C9F2F9,-0.02766594,-0.0029394259,827050
20150327,13:30:00.000,BBG000D9KWL9,0.007457932,-0.0012096092,476810
20150327,13:30:00.000,BBG000PLXQQ3,-0.0038649843,0.00038161493,299274
20150327,13:30:00.000,BBG000HZFZX3,-0.0032530164,0.0024234345,404693
20150327,13:30:00.000,BBG000BDXGP9,0.029633053,0.039718263,2181779
20150327,13:30:00.000,BBG000BB29X4,0.0049381056,0.010509738,569281
20150327,13:30:00.000,BBG001C7TST4,0.00014879461,0.006544781,623192
20150327,13:30:00.000,BBG000BMKDM3,5.5754077e-05,0.0071425727,790338
20150327,13:30:00.000,BBG000FFH4P5,0.002029423,0.003965089,518091
20150327,13:30:00.000,BBG000C75N77,0.0021551894,-0.009993041,376872
20150327,13:30:00.000,BBG000C221G9,-0.010294028,-0.0071596345,492296
20150327,13:30:00.000,BBG000BKXFN7,0.00919213,-0.008903779,1784973
20150327,13:30:00.000,BBG000BWP7D9,0.0063087367,0.013918344,785300
20150327,13:30:00.000,BBG000DY8ZS4,-0.013373394,-0.016660351,2681133
20150327,13:30:00.000,BBG000BFL116,0.0037295958,-0.0043606814,765652
20150327,13:30:00.000,BBG000BKLH74,0.0050746035,0.0058970363,1469031
20150327,13:30:00.000,BBG000BS9489,-0.00037000928,0.0041633626,266332
20150327,13:30:00.000,BBG000BP8Z50,-0.0035057194,-0.005884711,718386
20150327,13:30:00.000,BBG000BS7KS3,0.004233952,0.005334258,752000
20150327,13:30:00.000,BBG000BMZ7P7,0.0006103408,-0.0042649833,472729
20150327,13:30:00.000,BBG000FBK808,-0.035459436,-0.052997105,4498561
20150327,13:30:00.000,BBG000R8ZVD1,-0.010447565,-0.002267062,1890882
20150327,13:30:00.000,BBG000BLMZK6,-0.0058686156,0.012161015,676272
20150327,13:30:00.000,BBG000BQSQ38,0.009299199,0.01162942,1104723
20150327,13:30:00.000,BBG000BBL0Y1,-0.009156111,0.014784588,535816
20150327,13:30:00.000,BBG001QZCPJ2,0.014256962,0.025755638,987731
20150327,13:30:00.000,BBG000CVWGS6,0.004204639,0.008009395,1752091
20150327,13:30:00.000,BBG000BCNYT9,0.009206614,0.002532845,4204826
20150327,13:30:00.000,BBG000PVRDL2,0.011284937,0.0025418694,1967568
20150327,13:30:00.000,BBG000BJQWD2,-0.0022296566,-7.027845e-05,396018
20150327,13:30:00.000,BBG000C9W1Y1,0.0005115223,-0.0010855612,1179459
20150327,13:30:00.000,BBG000BJ49H3,0.009762804,0.008621543,624863
20150327,13:30:00.000,BBG000BFVXX0,-0.0033361125,0.005866385,1568737
20150327,13:30:00.000,BBG000FLZN98,-0.003061389,0.0047746524,193502
20150327,13:30:00.000,BBG000FLPRH1,0.0034282333,0.002122843,905688
20150327,13:30:00.000,BBG000BYWTX7,-0.0035643764,-0.0073506334,3485225
20150327,13:30:00.000,BBG000BY33P5,-0.0058133635,-0.004931944,1845521
20150327,13:30:00.000,BBG000BBB3K1,0.002480898,0.008719126,1407378
20150327,13:30:00.000,BBG000DN7P92,0.008496732,0.014528448,613095
20150327,13:30:00.000,BBG000BBMSJ6,0.003866672,0.0008681074,865244
20150327,13:30:00.000,BBG000BH2JM1,-9.6527445e-05,-0.0008573484,2398503
20150327,13:30:00.000,BBG000BFS7D3,-0.0053361957,0.0024622076,243781
20150327,13:30:00.000,BBG000CKVSG8,-0.011123895,-0.020791786,1492450
20150327,13:30:00.000,BBG000BB6G37,-0.0010170834,-0.0023516933,909045
20150327,13:30:00.000,BBG000BM7HL0,-0.00014411587,0.0029801778,626475
20150327,13:30:00.000,BBG000BCYP43,-0.0037295476,0.004230616,229555
20150327,13:30:00.000,BBG000BV75B7,0.007346918,0.004461899,508401
20150327,13:30:00.000,BBG000TWC2V5,-0.00071609096,0.007100399,270493
20150327,13:30:00.000,BBG000BLW530,0.0042210002,0.00029065326,947621
20150327,13:30:00.000,BBG000BKWSR6,-0.0007075555,-0.0064375037,2694043
20150327,13:30:00.000,BBG000C2YHG9,0.0034442865,0.0074642566,573890
20150327,13:30:00.000,BBG000BRQ6L2,0.0076925377,0.035627812,3740463
20150327,13:30:00.000,BBG000BQHGR6,0.003637283,-0.0006361155,647353
20150327,13:30:00.000,BBG000BN9WT5,0.003929911,0.00043853617,640765
20150327,13:30:00.000,BBG000BVWLJ6,-0.0032880397,-0.0016402283,526730
20150327,13:30:00.000,BBG000BKQ3V3,-0.014414158,-0.034807876,4994015
20150327,13:30:00.000,BBG000H0QBS7,-0.003257629,0.004648206,1007467
20150327,13:30:00.000,BBG000H4YVR7,0.0048326952,0.0322968,411991
20150327,13:30:00.000,BBG000PYZSR8,-0.008568816,-0.002255596,235767
20150327,13:30:00.000,BBG007TJF1N7,0.013319065,0.020016441,1595229
20150327,13:30:00.000,BBG000C2ZCH8,0.0042736535,0.012599535,980054
20150327,13:30:00.000,BBG000BTCH57,-0.00837381,-0.0008896119,642972
20150327,13:30:00.000,BBG000BR54L0,0.0048067765,0.028817143,2024395
20150327,13:30:00.000,BBG000BB5373,0.00833744,0.0113487635,3129250
20150327,13:30:00.000,BBG000BHZ5J9,0.011637698,0.005317279,417587
20150327,13:30:00.000,BBG000CXD6X9,-0.00033865296,0.009115662,492694
20150327,13:30:00.000,BBG000BKZTP3,0.006584056,0.0005826073,636014
20150327,13:30:00.000,BBG000BB1TH9,-0.0060157627,-0.014962692,474115
20150327,13:30:00.000,BBG000D5S4M0,0.013818804,0.018913114,335431
20150327,13:30:00.000,BBG000BN84F3,-0.0042730602,-0.0025705975,1009658
20150327,13:30:00.000,BBG000HW5GX3,-0.012054875,-0.018521214,1190588
20150327,13:30:00.000,BBG000CHPY97,-0.013157264,-0.027085813,3206772
20150327,13:30:00.000,BBG000D2M0Z7,0.00015901592,0.005533252,844998
20150327,13:30:00.000,BBG000BF1R66,0.007657128,0.0027532275,676361
20150327,13:30:00.000,BBG000BJ8YN7,-0.0025917205,-0.0074754613,754835
20150327,13:30:00.000,BBG000G9CGL0,0.0077966074,0.01770114,349620
20150327,13:30:00.000,BBG000BQ8KV2,-0.0043539517,-0.009354128,787297
20150327,13:30:00.000,BBG000BVMPN3,0.0044262586,-0.0025257966,486149
20150327,13:30:00.000,BBG000BGD7W6,-0.004002439,0.0054603457,559557
20150327,13:30:00.000,BBG000BC15S7,0.0019507372,-0.0008860727,687870
20150327,13:30:00.000,BBG000Q2HM09,0.02683848,0.025271015,888855
20150327,13:30:00.000,BBG000BQVTF5,-0.0049757017,-0.005777853,527256
20150327,13:30:00.000,BBG000VC0T95,-0.0013441789,0.005772641,530112
20150327,13:30:00.000,BBG000F86GP6,0.0010728858,0.0030849534,366287
20150327,13:30:00.000,BBG000BWVSR1,-0.0013885152,0.0033712809,567583
20150327,13:30:00.000,BBG000BX8DC4,0.0051819547,0.010689975,561725
20150327,13:30:00.000,BBG000BHCP19,0.0038576906,0.0034229408,594675
20150327,13:30:00.000,BBG000BK6G19,0.0054685175,0.00029216512,1191632
20150327,13:30:00.000,BBG000RGM5P1,-0.008438768,-0.005594446,468241
20150327,13:30:00.000,BBG000BF5RY1,0.00024414386,0.0032023764,878041
20150327,13:30:00.000,BBG000BP4MH0,0.0007594022,0.00017927004,810779
20150327,13:30:00.000,BBG000D8RG11,-0.016807357,-0.014601512,1554171
20150327,13:30:00.000,BBG000FP1N32,-0.0030826812,-0.0129414145,2513094
20150327,13:30:00.000,BBG000BLHRS2,-0.0027247013,0.004653452,370010
20150327,13:30:00.000,BBG000TJM7F0,-0.012763674,-0.0056235935,812782
20150327,13:30:00.000,BBG000J1QLT0,-0.010850182,-0.002046435,304024
20150327,13:30:00.000,BBG000BBBNC6,0.0048963,-0.003306949,707582
20150327,13:30:00.000,BBG000BY2Y78,-0.0006015321,-0.0057621044,977058
20150327,13:30:00.000,BBG000BM6788,-0.0075298483,-0.00066778244,569146
20150327,13:30:00.000,BBG000C1FQS9,-0.0018154096,0.0024180834,294917
20150327,13:30:00.000,BBG000BBJQV0,0.000759826,-0.001908467,2393833
20150327,13:30:00.000,BBG000BTQR96,0.00026893607,0.004955354,499926
20150327,13:30:00.000,BBG000CXYSZ6,0.01348615,0.012295425,349605
20150327,13:30:00.000,BBG000BB5792,0.049774062,0.06425403,3689153
20150327,13:30:00.000,BBG000BNGTQ7,-0.0019641244,0.008057773,364243
20150327,13:30:00.000,BBG000BZTW70,-0.008901575,-0.02495361,3845798
20150327,13:30:00.000,BBG000G0Z878,-0.0035552122,-0.007830134,1042588
20150327,13:30:00.000,BBG000BFNR17,0.005366938,0.00746926,132216
20150327,13:30:00.000,BBG002BHBHM1,0.004688037,0.020393627,436871
20150327,13:30:00.000,BBG000BC4JJ4,0.0031712623,0.0039359066,342042
20150327,13:30:00.000,BBG000F15NW9,0.0067839096,0.011618744,298132
20150327,13:30:00.000,BBG000BKR1D6,0.006139616,0.0018560353,175411
20150327,13:30:00.000,BBG000BCTQ65,-0.005017436,0.0011662657,3753911
20150327,13:30:00.000,BBG000BNNYW1,-0.0036525626,-0.005273148,4195228
20150327,13:30:00.000,BBG000BBCDZ2,-0.0066158934,-0.00493923,607607
20150327,13:30:00.000,BBG000BRK7L6,0.005884961,-0.00818685,2096901
20150327,13:30:00.000,BBG000DQTXY6,0.0031593512,0.028105555,1812529
20150327,13:30:00.000,BBG000BRXP69,-0.0034163261,0.007823245,270632
20150327,13:30:00.000,BBG000BL9JQ1,-0.014945223,-0.020728463,884482
20150327,13:30:00.000,BBG000DTMH63,-0.0034761217,-0.021806197,2676280
20150327,13:30:00.000,BBG000BJPDZ1,-0.001410376,0.004187552,129558
20150327,13:30:00.000,BBG000BXWBN9,-0.0016570169,0.006644897,1022315
20150327,13:30:00.000,BBG000C2PW58,0.0008841438,-0.0017937673,172639
20150327,13:30:00.000,BBG000D13GN8,-0.006252947,-0.0047366684,474414
20150327,13:30:00.000,BBG000BB6M98,-0.002480704,-0.0031692956,1492955
20150327,13:30:00.000,BBG000BGYWY6,0.0023401147,0.017590826,279570
20150327,13:30:00.000,BBG000BHB3M6,0.0057669287,0.0062584756,621621
20150327,13:30:00.000,BBG000G3QLY3,-0.0067405254,-0.010707746,397017
20150327,13:30:00.000,BBG000BSBZH7,-0.0036755549,0.00327711,404892
20150327,13:30:00.000,BBG000F7RCJ1,0.0005357223,0.014790607,438333
20150327,13:30:00.000,BBG0039320N9,-0.002588706,0.0069404496,1322892
20150327,13:30:00.000,BBG000BTZQC4,-0.016870415,-0.021331774,2158972
20150327,13:30:00.000,BBG001M8HHB7,-0.0027658208,0.00059803657,395015
20150327,13:30:00.000,BBG000CZWZ05,0.0934082,0.123848,4457130
20150327,13:30:00.000,BBG000QY3XZ2,0.004209742,0.0086245965,424256
20150327,13:30:00.000,BBG000BHLYP4,-0.004811333,-0.004009019,668391
20150327,13:30:00.000,BBG000CHWP52,0.020479534,0.014385133,1899322
20150327,13:30:00.000,BBG000QFJ7H3,0.02022315,0.002828276,4578981
20150327,13:30:00.000,BBG000BFTJ91,0.0010757005,0.0025152073,812203
20150327,13:30:00.000,BBG000BZ2GG4,0.0087033985,0.0047977977,755398
20150327,13:30:00.000,BBG000FKJRC5,0.001922432,0.011657325,643534
20150327,13:30:00.000,BBG000BKPL53,0.008152006,0.013659244,706556
20150327,13:30:00.000,BBG000BNC3Y9,-0.0062022195,-0.012274969,360539
20150327,13:30:00.000,BBG000BNFLM9,-0.0009402022,-0.0014056886,1404012
20150327,13:30:00.000,BBG000BWCKB6,-0.003421245,0.0058214106,381404
20150327,13:30:00.000,BBG000BR14K5,0.0035850406,-0.00022560255,510040
20150327,13:30:00.000,BBG0014GJCT9,0.017028404,0.031969786,1042239
20150327,13:30:00.000,BBG000BRRG02,-0.015066003,-0.016211664,1275331
20150327,13:30:00.000,BBG000BP1Q11,-0.009791599,-0.0056148055,531229
20150327,13:30:00.000,BBG000P1F8Q7,-0.014870865,-1.2646927e-07,515467
20150327,13:30:00.000,BBG000BCVMH9,-0.0022400322,-0.0059425924,529417
20150327,13:30:00.000,BBG000D7RKJ5,0.0025502148,0.0078053,688921
20150327,13:30:00.000,BBG000FNRZ69,0.01816367,0.008732443,2404459
20150327,13:30:00.000,BBG000BTKGG8,0.0007989335,-0.007861734,1040448
20150327,13:30:00.000,BBG001QD41M9,-0.00072718936,0.0050728563,622817
20150327,13:30:00.000,BBG000D9DMK0,0.0031858147,0.0056837727,652882
20150327,13:30:00.000,BBG000BH5DV1,-0.005042346,-0.0018568296,499475
20150327,13:30:00.000,BBG000BMQPL1,-0.0069217794,-0.014138886,4696368
20150327,13:30:00.000,BBG000BMDV41,-0.0055197007,-0.0025402217,728798
20150327,13:30:00.000,BBG000BQZMH4,0.0022076606,0.00752876,856553
20150327,13:30:00.000,BBG000BS0ZF1,-0.002766363,-0.0067048226,277968
20150327,13:30:00.000,BBG000BGLRN3,-0.005796116,-0.013014786,1549649
20150327,13:30:00.000,BBG000C0F570,-0.004126602,-0.0077526816,1435094
20150327,13:30:00.000,BBG000D6L294,-0.004147287,-0.0075698537,391942
20150327,13:30:00.000,BBG000BM5SR2,0.0044467472,0.0019366556,935888
20150327,13:30:00.000,BBG000BYYLS8,-0.0012323288,-0.0072413054,1981991
20150327,13:30:00.000,BBG000BF6LY3,0.048794504,0.059188034,8120503
20150327,13:30:00.000,BBG000BCBCM7,-0.011542087,-0.0074928254,2554145
20150327,13:30:00.000,BBG000BJ2VQ6,0.010789655,-0.013366531,2041507
20150327,13:30:00.000,BBG000BJ98Z0,-0.0027516163,0.006688346,690773
20150327,13:30:00.000,BBG000BLCPY4,0.0047521368,-0.016500928,805813
20150327,13:30:00.000,BBG000D898T9,-0.002217387,0.004093916,693066
20150327,13:30:00.000,BBG000BMBL90,0.0014075881,0.005258733,823585
20150327,13:30:00.000,BBG000BSXQV7,-0.001164031,0.007729898,253251
20150327,13:30:00.000,BBG000FVXD63,0.02252921,0.012420211,1148714
20150327,13:30:00.000,BBG000BVMGF2,-0.00030676418,-0.0032746794,730994
20150327,13:30:00.000,BBG000C11MQ5,-0.032968495,0.001968776,423928
20150327,13:30:00.000,BBG000BPQD31,-0.00471761,0.00016142697,2180739
20150327,13:30:00.000,BBG000BB5006,-0.0028743034,0.00075364765,1016913
20150327,13:30:00.000,BBG000BHKYH4,-0.0020569663,0.00021887802,463232
20150327,13:30:00.000,BBG000D1QCF1,0.004208613,-0.0027792568,845929
20150327,13:30:00.000,BBG000CSY9H9,0.0035782608,0.012399684,901348
20150327,13:30:00.000,BBG000BRJ809,0.0027790233,0.0035235197,214518
20150327,13:30:00.000,BBG000CNFQW6,-0.0007916589,0.0037410064,304653
20150327,13:30:00.000,BBG000BXM6V2,-0.0024484547,0.010682764,858732
20150327,13:30:00.000,BBG000BCGY17,0.0071954746,0.011700599,1512509
20150327,13:30:00.000,BBG000DKCC19,-0.010091603,-0.0028821197,1159355
20150327,13:30:00.000,BBG000BKCFC2,0.00075844064,0.008524805,1946570
20150327,13:30:00.000,BBG000BTVJ25,0.005050758,0.005806599,1877933
20150327,13:30:00.000,BBG000BN5HF7,-0.0043894486,0.017201424,590897
20150327,13:30:00.000,BBG000Q3JN03,0.0029478702,-0.00966213,9246998
20150327,13:30:00.000,BBG0020B4JG7,0.006990458,0.015519672,2280333
20150327,13:30:00.000,BBG000BR3KL6,0.0033744145,0.004472992,304891
20150327,13:30:00.000,BBG000BRWGG9,0.017464843,0.03172651,12409595
20150327,13:30:00.000,BBG001LWHLJ8,0.0014225878,0.0038182223,3169825
20150327,13:30:00.000,BBG000C7LMS8,0.011928266,0.026213393,235700
20150327,13:30:00.000,BBG000BPT0C6,0.017761491,0.0078229,1750065
20150327,13:30:00.000,BBG000BSD7C2,0.0013185409,0.005882562,595494
20150327,13:30:00.000,BBG000BRJL00,0.0012019345,0.0054527656,1538646
20150327,13:30:00.000,BBG000C1FB75,0.0019170837,0.0023064232,197182
20150327,13:30:00.000,BBG000BJ3PD2,-0.0019825464,-0.0023996274,653913
20150327,13:30:00.000,BBG000BHLYS1,0.008937636,0.0159873,3055119
20150327,13:30:00.000,BBG000JWD753,-0.0041351845,-0.0010968014,1502735
20150327,13:30:00.000,BBG000BXMFC3,-0.0060993237,-0.010101217,1289282
20150327,13:30:00.000,BBG000CGQ6M4,0.003078374,-0.0014512787,424985
20150327,13:30:00.000,BBG000DNTSP4,0.0073921,-0.0008337154,1715544
20150327,13:30:00.000,BBG000BFXHL6,-0.01292818,-0.015195612,1737071
20150327,13:30:00.000,BBG000BJL3N0,0.0013173033,-0.008434901,4543120
20150327,13:30:00.000,BBG000JG0547,-0.002538074,0.0011259222,689995
20150327,13:30:00.000,BBG000BWSV34,0.0039269794,0.011705593,230872
20150327,13:30:00.000,BBG000BB6WG8,-0.0018768085,0.0012954802,1354473
20150327,13:30:00.000,BBG000BCWCG1,-0.020797413,-0.009894195,2696396
20150327,13:30:00.000,BBG000BB9KF2,0.0075049764,0.012469531,1404098
20150327,13:30:00.000,BBG000C3HSR0,-0.0108685335,-0.0067702387,604633
20150327,13:30:00.000,BBG000BFMBQ6,0.007912199,0.01948796,810227
20150327,13:30:00.000,BBG000BP0KQ8,0.02213246,0.03352641,1928566
20150327,13:30:00.000,BBG000BQWPC5,-0.0043134685,0.0035637228,835149
20150327,13:30:00.000,BBG001YMS0B8,0.03433861,0.04200418,18983296
20150327,13:30:00.000,BBG000C0LW92,0.0077378093,0.018343411,3309328
20150327,13:30:00.000,BBG000MDCQC2,0.0020486466,0.0085173445,916669
20150327,13:30:00.000,BBG000BK67C7,-0.0031390518,0.00089103903,380952
20150327,13:30:00.000,BBG000BY29C7,0.010084233,0.014256131,1110404
20150327,13:30:00.000,BBG000BSLZY7,0.010922276,0.0063829883,2948995
20150327,13:30:00.000,BBG000BLKK03,-0.004281683,0.006497047,971861
20150327,13:30:00.000,BBG000C2BXK4,-0.019015605,-0.0112124,5982596
20150327,13:30:00.000,BBG000BCZYD3,-0.0037450257,0.0086597605,501295
20150327,13:30:00.000,BBG000R7RDB4,0.0032079755,-0.00076055,553600
20150327,13:30:00.000,BBG000C3GN47,-0.002021001,-0.005175215,2408061
20150327,13:30:00.000,BBG000BMW2Z0,-0.0059312973,0.0011284307,553533
20150327,13:30:00.000,BBG000BKFZM4,0.004623357,0.0071226754,2453402
20150327,13:30:00.000,BBG000G2R6M0,0.006029153,-0.0059182197,4436587
20150327,13:30:00.000,BBG000C1S2X2,-0.0037707065,0.01874743,733667
20150327,13:30:00.000,BBG000F0KF42,-0.0047657616,-0.013826191,1164214
20150327,13:30:00.000,BBG000CS7CT9,-0.0047158347,0.0052011926,1402484
20150327,13:30:00.000,BBG000CPQZ77,-0.012666153,-0.006327796,1388734
20150327,13:30:00.000,BBG000C8H633,-0.0069617955,-0.014402608,2987775
20150327,13:30:00.000,BBG000JH6683,0.015929176,0.047673997,2318749
20150327,13:30:00.000,BBG000BLBXT4,-0.0075977365,-0.00023590482,2466332
20150327,13:30:00.000,BBG000BB07P9,0.016727502,0.0035370276,6167509
20150327,13:30:00.000,BBG000BX3TD3,0.0017953044,-0.0140984645,2875738
20150327,13:30:00.000,BBG000F80SZ5,0.0065143793,0.0151422685,2975800
20150327,13:30:00.000,BBG000BKFBD7,0.00070416386,-0.0052251657,867119
20150327,13:30:00.000,BBG000BPWXK1,0.017389396,0.00631983,3089218
20150327,13:30:00.000,BBG000BH5LT6,-0.02386308,-0.048972044,6511244
20150327,13:30:00.000,BBG000BBD070,-0.012848138,-0.020468527,825271
20150327,13:30:00.000,BBG000BWJFZ4,-0.020260219,-0.020261053,245742
20150327,13:30:00.000,BBG000BWNFZ9,-0.0055179256,-0.01238656,960474
20150327,13:30:00.000,BBG000BH3JF8,-0.0005889009,0.0039134556,880311
20150327,13:30:00.000,BBG000C0HQ54,0.015873298,0.026475744,1282303
20150327,13:30:00.000,BBG000FL1TC8,-0.0057509155,-0.0033247618,835293
20150327,13:30:00.000,BBG000BV8DN6,0.0012288296,0.0056486656,1375422
20150327,13:30:00.000,BBG0029SNR63,-0.008188136,-0.0045732427,660532
20150327,13:30:00.000,BBG000DYGNW7,-0.0046073874,-0.00088412676,331492
20150327,13:30:00.000,BBG000QW7VC1,-0.0014090139,0.0003940575,1023887
20150327,13:30:00.000,BBG000BFQYY3,-0.008608301,-0.0013817229,913011
20150327,13:30:00.000,BBG000BGVW60,-0.004364161,0.001421391,1051200
20150327,13:30:00.000,BBG000C1BW00,-0.0055063004,0.0059581734,564208
20150327,13:30:00.000,BBG000BJ81C1,0.006705296,0.0020133944,636080
20150327,13:30:00.000,BBG000BFDXW1,0.004901075,0.0028472254,2774229
20150327,13:30:00.000,BBG000BSC0K9,-0.0006756925,0.009935798,896401
20150327,13:30:00.000,BBG000BD8PN9,-0.0061875237,-0.009547313,2017847
20150327,13:30:00.000,BBG000DSMS70,-0.011692964,0.011821546,348422
20150327,13:30:00.000,BBG000BQ5DS5,0.00046154528,-0.0050043864,1439404
20150327,13:30:00.000,BBG000G30YX4,0.010180734,0.030527992,794010
20150327,13:30:00.000,BBG000BQ2C28,0.0012126364,0.007409359,578832
20150327,13:30:00.000,BBG000BN2DC2,-9.798146e-05,0.005075192,794696
20150327,13:30:00.000,BBG000LD9JQ8,-0.011429195,-0.007488934,464672
20150327,13:30:00.000,BBG000BGKTF9,0.00860054,0.0008919457,1134249
20150327,13:30:00.000,BBG000BBVJZ8,-0.007012043,-0.012653075,1034234
20150327,13:30:00.000,BBG000D9D830,-0.0044990736,-0.005998288,2581520
20150327,13:30:00.000,BBG000BJSBJ0,0.0022748813,0.0074942918,596004
20150327,13:30:00.000,BBG000BH1NH9,0.000283111,-0.0020026916,1004684
20150327,13:30:00.000,BBG000BVDLH9,-0.0036621382,0.0056715296,542037
20150327,13:30:00.000,BBG000FJLFX8,0.0026928014,0.011517188,789454
20150327,13:30:00.000,BBG000MZFMS2,-0.016788768,0.00017297005,529464
20150327,13:30:00.000,BBG000C4DPX1,0.0008637633,0.010864369,1155307
20150327,13:30:00.000,BBG000C0MF34,0.013939974,0.007925912,315797
20150327,13:30:00.000,BBG000QBR5J5,0.0024638928,-0.0036967327,1322986
20150327,13:30:00.000,BBG000BCVJ77,0.0015739216,0.00617463,932908
20150327,13:30:00.000,BBG000QX74T1,0.0045413193,0.006462875,196464
20150327,13:30:00.000,BBG000BBDV81,-0.000838384,0.0040783565,1180046
20150327,13:30:00.000,BBG000HCJMF9,-0.0036192308,-0.012928464,930126
20150327,13:30:00.000,BBG000C46HM9,-0.0047425497,0.0025288854,1027968
20150327,13:30:00.000,BBG000BGPTV6,0.00087082037,0.0010602273,453851
20150327,13:30:00.000,BBG000BRD0D8,0.0010281162,-0.0075677196,1566222
20150327,13:30:00.000,BBG000BGJRC8,-0.0018820637,-0.007214791,3368148
20150327,13:30:00.000,BBG000DHSPT0,0.011876628,0.0071363254,798633
20150327,13:30:00.000,BBG000J6XT05,-0.0014464365,0.00092306314,2915368
20150327,13:30:00.000,BBG000BH3GZ2,0.00034213217,-0.00031812905,869664
20150327,13:30:00.000,BBG000BTR593,0.015131636,0.0022191214,2504448
20150327,13:30:00.000,BBG000B9ZXB4,0.0010812749,0.007095492,1391078
20150327,13:30:00.000,BBG000BL4504,-0.0017427445,-0.011941447,13338607
20150327,13:30:00.000,BBG000BNBDC2,-0.0014588452,0.0046964716,1916234
20150327,13:30:00.000,BBG000C734W3,-0.005089203,0.01727342,387818
20150327,13:30:00.000,BBG000BWLMJ4,0.0042887274,0.010837354,1744299
20150327,13:30:00.000,BBG000H556T9,0.0048624445,0.004355769,1379065
20150327,13:30:00.000,BBG000BVPPM1,-0.011487864,-0.0061419574,596150
20150327,13:30:00.000,BBG000BCG930,0.0095890835,0.02017196,755104
20150327,13:30:00.000,BBG000BJF1Z8,-0.007744067,-0.003715336,402549
20150327,13:30:00.000,BBG000BND699,0.00385852,0.0072830413,2868633
20150327,13:30:00.000,BBG000BD4VG8,-0.0022645902,0.001431896,1191694
20150327,13:30:00.000,BBG000BC2C10,-0.00073497207,-0.005934115,1888730
20150327,13:30:00.000,BBG000NV1KK7,-0.004449136,0.0024068134,2120988
20150327,13:30:00.000,BBG000BLZRJ2,0.003256548,0.00028135328,4395406
20150327,13:30:00.000,BBG000F6H8W8,-0.0019041522,0.0028315037,625355
20150327,13:30:00.000,BBG000BMY992,-0.0070749596,0.0019712553,1128537
20150327,13:30:00.000,BBG000BT9DW0,0.004197287,0.005257528,2956339
20150327,13:30:00.000,BBG000PX3XC0,-0.0030829944,-0.020618407,6502170
20150327,13:30:00.000,BBG000BWXBC2,-0.007120205,-0.006106951,2281005
20150327,13:30:00.000,BBG000BB6KF5,0.0017526972,-0.006917925,2082684
20150327,13:30:00.000,BBG000FFDM15,0.0012058818,-0.006622951,2372951
20150327,13:30:00.000,BBG000KLB4Q1,0.041334152,0.051271148,6538370
20150327,13:30:00.000,BBG001DCCGR8,-0.011594683,-0.01045685,681801
20150327,13:30:00.000,BBG000BVV7G1,0.0030703521,0.0019721373,1883759
20150327,13:30:00.000,BBG000BHGDH5,-0.00052482856,0.0055146343,1874704
20150327,13:30:00.000,BBG000BWVCP8,0.011598539,0.0056840675,2093200
20150327,13:30:00.000,BBG000C15T95,-0.0066483407,-0.0051204474,1080668
20150327,13:30:00.000,BBG000D4LWF6,-0.0016001625,0.004007715,7540826
20150327,13:30:00.000,BBG000B9WH86,0.0012313096,-0.01086494,8795737
20150327,13:30:00.000,BBG000Q9HH23,-0.00612875,0.0014850071,342084
20150327,13:30:00.000,BBG00286S4N9,0.0011850086,-0.004652623,793264
20150327,13:30:00.000,BBG000BHX7N2,0.0005674481,-0.0021253224,1576511
20150327,13:30:00.000,BBG000L9CV04,-0.0056354534,-0.00041287747,1289533
20150327,13:30:00.000,BBG000BH13K9,0.0029813356,0.0015333096,2202760
20150327,13:30:00.000,BBG000FG3C43,-0.021942256,-0.032026075,8072170
20150327,13:30:00.000,BBG000C496P7,0.006682977,0.0054920088,2380958
20150327,13:30:00.000,BBG000BXRPH1,0.0051838295,-0.0012491511,721718
20150327,13:30:00.000,BBG000BNJHS8,-0.0030227832,0.023393432,3217726
20150327,13:30:00.000,BBG000BBPFB9,0.0008564088,-0.0008928743,9565512
20150327,13:30:00.000,BBG000WCFV84,-0.009923085,-0.01633171,1869945
20150327,13:30:00.000,BBG0019JZ882,0.005691199,0.0041173454,2896984
20150327,13:30:00.000,BBG000H89QJ6,-0.0046410263,-0.004629078,861671
20150327,13:30:00.000,BBG000BFWKC0,0.00705153,0.0040980508,1428654
20150327,13:30:00.000,BBG000C5HS04,-0.006757947,0.001962995,892246
20150327,13:30:00.000,BBG000BJX8C8,0.015747419,0.008581343,2796861
20150327,13:30:00.000,BBG000BNDN65,-0.0056280587,0.0089221,1674891
20150327,13:30:00.000,BBG000BP52R2,-0.00056441687,0.0053511956,786462
20150327,13:30:00.000,BBG000M65M61,0.011659533,0.03548648,2356546
20150327,13:30:00.000,BBG000BP6LJ8,-0.00038419335,0.0048002973,3446808
20150327,13:30:00.000,BBG000F0PF65,0.0010642055,0.0042473874,1166506
20150327,13:30:00.000,BBG000H8TVT2,0.008149027,0.015226078,1700977
20150327,13:30:00.000,BBG000DQLV23,-0.0012614266,0.005999969,2136626
20150327,13:30:00.000,BBG000BHBK84,0.037836622,0.040055383,11951684
20150327,13:30:00.000,BBG000DLFM21,-0.015931258,-0.0012353306,619047
20150327,13:30:00.000,BBG000BJDB15,-0.02481435,-0.042041007,12093336
20150327,13:30:00.000,BBG000CTQBF3,-0.0034875523,0.0011039671,2201920
20150327,13:30:00.000,BBG000BQQ2S6,-0.0012083144,-0.010242347,1525356
20150327,13:30:00.000,BBG000BHVJJ3,-0.01574013,-0.02400784,17638248
20150327,13:30:00.000,BBG000F1ZSQ2,-0.012068304,-0.010631857,2380902
20150327,13:30:00.000,BBG000BQPC32,0.00034203788,-0.0018742513,27244068
20150327,13:30:00.000,BBG000C43RR5,0.0042825798,0.0041724932,2750419
20150327,13:30:00.000,BBG000CH5208,0.0023237532,0.010748853,1077067
20150327,13:30:00.000,BBG000J2XL74,0.0020438912,0.0018337381,2307854
20150327,13:30:00.000,BBG000BC40Y8,-0.0048787757,-0.008349395,1321061
20150327,13:30:00.000,BBG000KHWT55,-0.016665712,-0.024675135,10838733
20150327,13:30:00.000,BBG000BW8S60,0.0032604167,0.0075387503,1315997
20150327,13:30:00.000,BBG000BZ9223,-0.00451014,-0.008920639,1250377
20150327,13:30:00.000,BBG000DWYF03,-0.0012372625,-0.0026515457,3760254
20150327,13:30:00.000,BBG000BBGGQ1,-0.024696996,-0.026039457,3485987
20150327,13:30:00.000,BBG000BBDZG3,0.002652091,-0.0035072123,2916995
20150327,13:30:00.000,BBG000BQLTW7,-0.010214318,-0.011631971,8318609
20150327,13:30:00.000,BBG000NDYB67,0.0020450251,-4.14059e-07,5068618
20150327,13:30:00.000,BBG000C6CFJ5,0.0052462462,0.00031989443,801170
20150327,13:30:00.000,BBG000BGRY34,-0.0007184597,0.0069599994,1714548
20150327,13:30:00.000,BBG000DH7JK6,-0.00033400493,0.003398804,2124433
20150327,13:30:00.000,BBG000BW3299,0.008026198,0.004944745,3407484
20150327,13:30:00.000,BBG000DWG505,0.0063573504,0.0036703125,1556423
20150327,13:30:00.000,BBG000BF0K17,0.0019936925,-0.004882699,3423561
20150327,13:30:00.000,BBG000R7Z112,-0.0033931031,0.017919362,4147733
20150327,13:30:00.000,BBG000BCSST7,-0.0024334814,0.0027333,1253400
20150327,13:30:00.000,BBG000BQQH30,-0.001336682,-0.0067971945,2015815
20150327,13:30:00.000,BBG000BCQZS4,0.00020524468,-0.008535658,4935250
20150327,13:30:00.000,BBG000BMX289,-0.009073859,-0.006691666,7102178
20150327,13:30:00.000,BBG000BNWG87,0.0014068844,0.009200583,2292724
20150327,13:30:00.000,BBG000BBS2Y0,-0.0062752436,0.012735433,1010834
20150327,13:30:00.000,BBG000BH4R78,0.00010424086,0.0047021657,3163711
20150327,13:30:00.000,BBG005P7Q881,0.003998878,0.029064763,5080637
20150327,13:30:00.000,BBG000BKZB36,0.00095204345,0.012857137,1835878
20150327,13:30:00.000,BBG000GFFQN9,0.013254289,0.012815967,14613198
20150327,13:30:00.000,BBG0025Y4RY4,0.0010116773,0.004189481,3480246
20150327,13:30:00.000,BBG000BFC8J2,-0.012764506,0.0094754,3226766
20150327,13:30:00.000,BBG000H6HNW3,-0.0014576416,0.008612693,10232930
20150327,13:30:00.000,BBG000BNSZP1,-0.004296194,-0.0049257064,1879094
20150327,13:30:00.000,BBG000N9MNX3,-0.036182024,-0.03353381,4591805
20150327,13:30:00.000,BBG000BPD168,-5.639246e-05,0.003819121,3038922
20150327,13:30:00.000,BBG000BKTFN2,0.0020440724,-0.0011581768,5484494
20150327,13:30:00.000,BBG000C17X76,-0.008471359,0.012037447,960114
20150327,13:30:00.000,BBG000BR2TH3,-0.0061874595,0.00036529006,2857359
20150327,13:30:00.000,BBG000PSKYX7,-0.006966749,-0.0038852168,3377500
20150327,13:30:00.000,BBG000BT41Q8,0.0068707084,-0.00054097874,2573564
20150327,13:30:00.000,BBG000C5Z1S3,-0.012781601,-0.019501764,14832267
20150327,13:30:00.000,BBG000BLNNH6,-0.00090604223,-0.00619531,1520606
20150327,13:30:00.000,BBG000BFT2L4,0.002702687,0.0032195773,6969138
20150327,13:30:00.000,BBG000CGC1X8,-0.0009611602,-0.004467067,4295771
20150327,13:30:00.000,BBG000HS77T5,0.008853925,0.003098471,5234409
20150327,13:30:00.000,BBG000C3J3C9,0.0017697513,0.002215286,10047086
20150327,13:30:00.000,BBG000FH8PX5,-0.0015980053,0.010136976,1072948
20150327,13:30:00.000,BBG000BLBVN4,-0.0055379877,-0.003041312,242385
20150327,13:30:00.000,BBG000BSJK37,0.0041929157,-0.0033509736,9161027
20150327,13:30:00.000,BBG000CL9VN6,-0.012046313,-0.004974574,1614987
20150327,13:30:00.000,BBG000BVPV84,0.006545555,0.01233321,1418382
20150327,13:30:00.000,BBG000K4ND22,0.0016761654,-0.00869213,2527769
20150327,13:30:00.000,BBG000BWQFY7,-0.00027419702,-0.00862696,5794899
20150327,13:30:00.000,BBG002W96FT9,-0.007819768,-0.009572893,1111960
20150327,13:30:00.000,BBG000BMHYD1,-0.00014577468,0.0038452828,2189196
20150327,13:30:00.000,BBG000BR2B91,0.003777791,0.009363351,10651986
20150327,13:30:00.000,BBG000BK6MB5,0.0014206275,0.0016119588,12923270
20150327,13:30:00.000,BBG000FY4S11,0.0042092716,-0.005273156,9272783
20150327,13:30:00.000,BBG000DMBXR2,0.0073981355,-0.0010079801,5560239
20150327,13:30:00.000,BBG000C0G1D1,0.0051287436,-0.0013303448,15561394
20150327,13:30:00.000,BBG000BHSKN9,-0.00945017,-0.008986528,930384
20150327,13:30:00.000,BBG000CKGBP2,-0.014709459,0.0045528533,4174609
20150327,13:30:00.000,BBG000GZQ728,0.0011114151,-0.006582734,4757322
20150327,13:30:00.000,BBG000BPH459,-0.005488005,-0.00728033,15594032
20150327,13:30:00.000,BBG000BCTLF6,-0.00047500932,-0.008428039,44950312
20150327,13:30:00.000,BBG000MM2P62,-0.0027599942,0.0033119002,11520268
20150327,13:30:00.000,BBG000B9XRY4,-0.004825316,-0.0051496984,21684066
20150327,13:45:00.000,BBG000CNZC55,-0.009972787,-1.241134e-07,2774260
20150327,13:45:00.000,BBG000FH5YM1,0.0014277812,0.0013724989,2650678
20150327,13:45:00.000,BBG000BLM0V1,-0.004158937,-0.00346764,399044
20150327,13:45:00.000,BBG000HGYNZ9,-0.0066118333,-0.014724047,1576533
20150327,13:45:00.000,BBG000BF6RQ9,0.0028873908,0.024839122,499526
20150327,13:45:00.000,BBG000BFV115,0.0075342893,0.004210054,675572
20150327,13:45:00.000,BBG0015XMW40,0.011700906,0.01380872,326527
20150327,13:45:00.000,BBG000FBMY72,-0.013427591,-0.012095001,1394093
20150327,13:45:00.000,BBG000BDWKC5,0.008433257,0.00973796,1198350
20150327,13:45:00.000,BBG000G6BN50,0.013520797,0.009730199,225078
20150327,13:45:00.000,BBG000BLDV98,-0.007648341,0.00031272334,944987
20150327,13:45:00.000,BBG000R0L5J4,-0.0025723272,-0.0056331786,379660
20150327,13:45:00.000,BBG006NV2Q11,-0.015875733,-0.01645369,1079407
20150327,13:45:00.000,BBG000BC2R71,0.0037376278,-0.0024210776,726815
20150327,13:45:00.000,BBG000BN1XR3,0.0020340476,0.00819782,260210
20150327,13:45:00.000,BBG000GPXKX9,-0.009513297,-0.0049362206,237411
20150327,13:45:00.000,BBG000DV7MX4,-0.001569304,-1.7089944e-07,2892167
20150327,13:45:00.000,BBG000BGRKT6,-0.008993513,-0.0016382693,269530
20150327,13:45:00.000,BBG000BB5BF6,-0.011005018,-0.0052874475,4125292
20150327,13:45:00.000,BBG000BVB8Q0,-0.0014303952,0.0013132063,8087528
20150327,13:45:00.000,BBG000DGPR66,0.014276548,0.018791366,913238
20150327,13:45:00.000,BBG000BQ74K1,-0.0030758926,-0.0069664256,279561
20150327,13:45:00.000,BBG000RNTSX0,0.00016247967,0.0069325953,226308
20150327,13:45:00.000,BBG000N746D6,0.0112856105,0.009834104,1596332
20150327,13:45:00.000,BBG000CR90K4,0.01941156,0.016120104,19222592
20150327,13:45:00.000,BBG000BVL2G3,0.010526449,0.00901065,942010
20150327,13:45:00.000,BBG000BPQVR5,-0.0037059484,-0.0028078654,329659
20150327,13:45:00.000,BBG000CB8Q50,0.004148325,0.005410974,289921
20150327,13:45:00.000,BBG000D42FJ0,0.0016376227,-0.012266979,1115931
20150327,13:45:00.000,BBG003641015,-0.0021215477,0.004023456,885128
20150327,13:45:00.000,BBG000CPHYL4,0.00967187,0.009171915,689865
20150327,13:45:00.000,BBG000BKL348,0.0033692226,0.0055227224,208283
20150327,13:45:00.000,BBG000BMF5J0,-0.012196887,-0.0013079653,3074052
20150327,13:45:00.000,BBG000BCHG15,0.005075898,0.007911053,208416
20150327,13:45:00.000,BBG000BJKPG0,-0.0046963934,-0.00082917436,271314
20150327,13:45:00.000,BBG000HS74G6,-0.0076000346,-0.011775131,633701
20150327,13:45:00.000,BBG000BVHBM1,-0.008557761,0.017211214,778305
20150327,13:45:00.000,BBG002PHSYX9,-0.01745709,-0.010282077,558572
20150327,13:45:00.000,BBG000D2ZTS8,-0.0039696647,0.01015816,1331635
20150327,13:45:00.000,BBG000BGYMH7,-0.0032242793,0.00017591189,351008
20150327,13:45:00.000,BBG000PV2L86,0.0009467654,0.013129745,505517
20150327,13:45:00.000,BBG000FQ6PY6,0.0052975276,0.0049692886,533614
20150327,13:45:00.000,BBG000R06BX2,0.0058822995,0.008137229,904475
20150327,13:45:00.000,BBG000BCWKD6,0.0010931852,-0.0016201658,1178410
20150327,13:45:00.000,BBG000CPBCL8,-0.002106796,-0.000280887,408247
20150327,13:45:00.000,BBG000B9X8C0,0.0041828295,0.010992746,910070
20150327,13:45:00.000,BBG000BDY3Y7,-0.0052008876,-0.0054464517,311318
20150327,13:45:00.000,BBG001XJRMF5,-0.0031566657,0.000881231,1279529
20150327,13:45:00.000,BBG000BJ26K7,0.016913557,0.0112758195,949106
20150327,13:45:00.000,BBG000BQ87N0,-0.0017602387,0.0054097427,459557
20150327,13:45:00.000,BBG000C37332,0.009486781,0.009124411,344877
20150327,13:45:00.000,BBG000C4ZZ10,0.0043245507,0.0070764273,458172
20150327,13:45:00.000,BBG000BPNP00,0.006469989,0.0047187563,690179
20150327,13:45:00.000,BBG000BXBHJ4,-0.005598903,-0.016505882,788242
20150327,13:45:00.000,BBG000FDBX90,0.0072683943,0.0073425006,1733882
20150327,13:45:00.000,BBG000BKNX95,-0.0001063077,0.0011472567,767030
20150327,13:45:00.000,BBG000BV4XJ1,0.004784166,0.027403466,280162
20150327,13:45:00.000,BBG000MQ1SN9,0.0022707528,0.0030210589,380040
20150327,13:45:00.000,BBG000KBQZ88,-0.009931981,-0.0056840307,602606
20150327,13:45:00.000,BBG000BXNJ07,-0.009889625,-0.010618841,3660927
20150327,13:45:00.000,BBG000DLVDK3,0.0018487979,-0.00274249,1238213
20150327,13:45:00.000,BBG000BB03M1,0.02732196,0.016317014,992394
20150327,13:45:00.000,BBG000BWGYF8,-0.00087612093,0.0045822365,258332
20150327,13:45:00.000,BBG000BPZBB6,0.019277254,0.021731125,1244388
20150327,13:45:00.000,BBG000JKCWS0,0.008871591,0.0059849964,368189
20150327,13:45:00.000,BBG000BNPSQ9,0.025728459,0.05689169,903678
20150327,13:45:00.000,BBG000C060M4,-0.0041558435,-0.00880629,151843
20150327,13:45:00.000,BBG000BFDLV8,0.006126867,0.014447421,466967
20150327,13:45:00.000,BBG000C2V3D6,0.0032785854,0.009110875,664273
20150327,13:45:00.000,BBG000BC9938,-0.005423113,-0.00777975,445192
20150327,13:45:00.000,BBG000C22QV7,-0.002717468,0.0044401404,602353
20150327,13:45:00.000,BBG000BMTFR4,-0.0052111344,-0.0059043425,937792
20150327,13:45:00.000,BBG000BKTT89,0.0006766571,0.007631036,194691
20150327,13:45:00.000,BBG000BWXL85,0.005898727,0.00981978,1570639
20150327,13:45:00.000,BBG0014GG205,0.02767603,0.023380602,5186071
20150327,13:45:00.000,BBG000BGFZR8,0.0039832233,0.0062149377,973413
20150327,13:45:00.000,BBG000V31J96,0.008994394,0.014395168,1644369
20150327,13:45:00.000,BBG000BNNKG9,0.0027909987,0.011993112,938059
20150327,13:45:00.000,BBG000BSSC44,-0.006934368,-0.017854055,676203
20150327,13:45:00.000,BBG000BSY3K9,-0.0058297734,1.060506e-06,314658
20150327,13:45:00.000,BBG000BPMH90,-0.006482611,-0.00781103,504361
20150327,13:45:00.000,BBG000BX5ZF5,-0.014326604,-0.014851125,3321256
20150327,13:45:00.000,BBG000BR37X2,0.007676257,0.0022269322,1255934
20150327,13:45:00.000,BBG000C9F2F9,-0.02670534,-0.0045277886,852974
20150327,13:45:00.000,BBG000D9KWL9,0.007651388,-0.0013303707,493037
20150327,13:45:00.000,BBG000PLXQQ3,-0.0033785687,0.000477138,308145
20150327,13:45:00.000,BBG000HZFZX3,-0.0035544399,0.0019575108,420938
20150327,13:45:00.000,BBG000BDXGP9,0.029051686,0.03914276,2401464
20150327,13:45:00.000,BBG000BB29X4,0.0040377355,0.010195119,593446
20150327,13:45:00.000,BBG001C7TST4,0.0016397542,0.008390987,670684
20150327,13:45:00.000,BBG000BMKDM3,0.0014038457,0.007936026,859847
20150327,13:45:00.000,BBG000FFH4P5,0.001813706,0.0049343095,541831
20150327,13:45:00.000,BBG000C75N77,0.0008821344,-0.010659135,402088
20150327,13:45:00.000,BBG000C221G9,-0.0105136875,-0.006363898,512409
20150327,13:45:00.000,BBG000BKXFN7,0.0129221575,0.00052275776,1899612
20150327,13:45:00.000,BBG000BWP7D9,0.0054978407,0.013508915,819872
20150327,13:45:00.000,BBG000DY8ZS4,-0.01193683,-0.0103136785,2817311
20150327,13:45:00.000,BBG000BFL116,0.005728664,-0.00075500825,801880
20150327,13:45:00.000,BBG000BKLH74,0.00565753,0.007076591,1504322
20150327,13:45:00.000,BBG000BS9489,0.00018597484,0.0044233804,304348
20150327,13:45:00.000,BBG000BP8Z50,-0.0012191182,-0.0035920276,743294
20150327,13:45:00.000,BBG000BS7KS3,0.008880837,0.011360391,875320
20150327,13:45:00.000,BBG000BMZ7P7,-0.00052668044,-0.0056222724,504333
20150327,13:45:00.000,BBG000FBK808,-0.035716634,-0.046687834,4740575
20150327,13:45:00.000,BBG000R8ZVD1,-0.0117470715,-0.0021107683,1986823
20150327,13:45:00.000,BBG000BLMZK6,-0.007976931,0.010185036,706245
20150327,13:45:00.000,BBG000BQSQ38,0.010169638,0.012037615,1155206
20150327,13:45:00.000,BBG000BBL0Y1,-0.009673172,0.012617219,554283
20150327,13:45:00.000,BBG001QZCPJ2,0.0120786745,0.022326408,1039192
20150327,13:45:00.000,BBG000CVWGS6,0.0044652377,0.008899358,1801539
20150327,13:45:00.000,BBG000BCNYT9,0.008636755,0.0037995505,4314452
20150327,13:45:00.000,BBG000PVRDL2,0.0135720745,0.00813554,2053294
20150327,13:45:00.000,BBG000BJQWD2,-0.0030258216,-0.0005629926,403813
20150327,13:45:00.000,BBG000C9W1Y1,0.0011188452,-0.0008139512,1293123
20150327,13:45:00.000,BBG000BJ49H3,0.009185696,0.0085368985,654728
20150327,13:45:00.000,BBG000BFVXX0,-0.0036767276,0.005866303,1609955
20150327,13:45:00.000,BBG000FLZN98,-0.0017861575,0.006301321,201836
20150327,13:45:00.000,BBG000FLPRH1,0.005121735,0.0039801495,943452
20150327,13:45:00.000,BBG000BYWTX7,-0.0037885178,-0.0073507167,3586773
20150327,13:45:00.000,BBG000BY33P5,-0.0060384246,-0.00448352,1945493
20150327,13:45:00.000,BBG000BBB3K1,0.0012045003,0.007701965,1457143
20150327,13:45:00.000,BBG000DN7P92,0.008043642,0.0137608955,637818
20150327,13:45:00.000,BBG000BBMSJ6,0.003994205,0.00086810754,889916
20150327,13:45:00.000,BBG000BH2JM1,0.0015001475,0.0017195536,2462751
20150327,13:45:00.000,BBG000BFS7D3,-0.0046886187,0.0025534704,256968
20150327,13:45:00.000,BBG000CKVSG8,-0.008888389,-0.0149556035,1545371
20150327,13:45:00.000,BBG000BB6G37,-1.449778e-05,-0.0018293604,988605
20150327,13:45:00.000,BBG000BM7HL0,-0.00015252175,0.0032356717,662972
20150327,13:45:00.000,BBG000BCYP43,-0.003831116,0.0037505373,243620
20150327,13:45:00.000,BBG000BV75B7,0.005948414,0.0035928474,536810
20150327,13:45:00.000,BBG000TWC2V5,-0.000295532,0.006798288,279971
20150327,13:45:00.000,BBG000BLW530,0.0038372364,0.0013077955,1021231
20150327,13:45:00.000,BBG000BKWSR6,-0.0015027199,-0.0073570865,2731852
20150327,13:45:00.000,BBG000C2YHG9,0.001182875,0.005118381,587909
20150327,13:45:00.000,BBG000BRQ6L2,0.0094115045,0.03616747,3886048
20150327,13:45:00.000,BBG000BQHGR6,0.0021574753,-0.0009539195,685817
20150327,13:45:00.000,BBG000BN9WT5,0.0039114016,-0.0002193327,668516
20150327,13:45:00.000,BBG000BVWLJ6,-0.0041884272,-0.0021087264,547516
20150327,13:45:00.000,BBG000BKQ3V3,-0.012621094,-0.025857175,5218293
20150327,13:45:00.000,BBG000H0QBS7,-0.0036595466,0.0035828613,1043841
20150327,13:45:00.000,BBG000H4YVR7,0.0020520778,0.027232112,435113
20150327,13:45:00.000,BBG000PYZSR8,-0.009655193,-0.003328457,253794
20150327,13:45:00.000,BBG007TJF1N7,0.011642513,0.01781399,1640075
20150327,13:45:00.000,BBG000C2ZCH8,0.0053645135,0.013626221,1013744
20150327,13:45:00.000,BBG000BTCH57,-0.00844348,-0.0006158641,663302
20150327,13:45:00.000,BBG000BR54L0,0.0044569895,0.028352378,2189393
20150327,13:45:00.000,BBG000BB5373,0.006697588,0.010316924,3370613
20150327,13:45:00.000,BBG000BHZ5J9,0.011460011,0.00831997,431263
20150327,13:45:00.000,BBG000CXD6X9,-9.900645e-05,0.009481626,504986
20150327,13:45:00.000,BBG000BKZTP3,0.0050827553,-0.00025069478,666362
20150327,13:45:00.000,BBG000BB1TH9,-0.004230521,-0.011308814,491484
20150327,13:45:00.000,BBG000D5S4M0,0.01261508,0.018841976,351544
20150327,13:45:00.000,BBG000BN84F3,-0.0032371746,-0.0018457266,1035697
20150327,13:45:00.000,BBG000HW5GX3,-0.013330421,-0.015327911,1247878
20150327,13:45:00.000,BBG000CHPY97,-0.011572161,-0.0199808,3343692
20150327,13:45:00.000,BBG000D2M0Z7,0.001968407,0.0069167214,873401
20150327,13:45:00.000,BBG000BF1R66,0.007272238,0.0020022804,708976
20150327,13:45:00.000,BBG000BJ8YN7,-0.0036677227,-0.0074755275,813480
20150327,13:45:00.000,BBG000G9CGL0,0.008922488,0.018479535,361573
20150327,13:45:00.000,BBG000BQ8KV2,-0.0021144324,-0.006894422,824505
20150327,13:45:00.000,BBG000BVMPN3,0.0041732728,-0.0031416914,509502
20150327,13:45:00.000,BBG000BGD7W6,-0.0041863727,0.0042192554,573709
20150327,13:45:00.000,BBG000BC15S7,0.002579475,-0.0011467577,709849
20150327,13:45:00.000,BBG000Q2HM09,0.030542482,0.030193636,954749
20150327,13:45:00.000,BBG000BQVTF5,-0.005194394,-0.0053766966,555967
20150327,13:45:00.000,BBG000VC0T95,0.0047395295,0.012080587,573505
20150327,13:45:00.000,BBG000F86GP6,0.0022311092,0.0040155738,389749
20150327,13:45:00.000,BBG000BWVSR1,-0.0018236794,0.0029971814,595664
20150327,13:45:00.000,BBG000BX8DC4,0.0044151926,0.010037413,594097
20150327,13:45:00.000,BBG000BHCP19,0.0026402061,0.0016596908,619111
20150327,13:45:00.000,BBG000BK6G19,0.011893509,0.012264799,1320238
20150327,13:45:00.000,BBG000RGM5P1,-0.007869215,-0.0053112768,509540
20150327,13:45:00.000,BBG000BF5RY1,-0.0007751303,0.0032023736,906064
20150327,13:45:00.000,BBG000BP4MH0,0.0010768654,-0.0001804045,848051
20150327,13:45:00.000,BBG000D8RG11,-0.014522431,-0.010140135,1653721
20150327,13:45:00.000,BBG000FP1N32,-0.0035435546,-0.012941388,3107023
20150327,13:45:00.000,BBG000BLHRS2,-0.0022384592,0.0042077787,385132
20150327,13:45:00.000,BBG000TJM7F0,-0.01367848,-0.00619256,848568
20150327,13:45:00.000,BBG000J1QLT0,-0.010135254,-0.0010015095,322073
20150327,13:45:00.000,BBG000BBBNC6,0.0046282103,-0.0034643903,748715
20150327,13:45:00.000,BBG000BY2Y78,-0.0012768393,-0.0065139183,1022879
20150327,13:45:00.000,BBG000BM6788,-0.007438589,-7.506358e-05,593760
20150327,13:45:00.000,BBG000C1FQS9,-0.0010217645,0.0035289158,305124
20150327,13:45:00.000,BBG000BBJQV0,0.0005800221,-0.0023853166,2466570
20150327,13:45:00.000,BBG000BTQR96,-0.00028108587,0.004902685,532131
20150327,13:45:00.000,BBG000CXYSZ6,0.014218366,0.013676539,373898
20150327,13:45:00.000,BBG000BB5792,0.049352866,0.06392097,3800912
20150327,13:45:00.000,BBG000BNGTQ7,-0.00027573222,0.0089769,379341
20150327,13:45:00.000,BBG000BZTW70,-0.0060437233,-0.016146371,3975727
20150327,13:45:00.000,BBG000G0Z878,-0.0030460695,-0.007118386,1075309
20150327,13:45:00.000,BBG000BFNR17,0.007554005,0.010107597,138006
20150327,13:45:00.000,BBG002BHBHM1,0.0050123786,0.020275459,450590
20150327,13:45:00.000,BBG000BC4JJ4,0.0039405096,0.0042998465,376699
20150327,13:45:00.000,BBG000F15NW9,0.006697162,0.011541805,319186
20150327,13:45:00.000,BBG000BKR1D6,0.005104711,0.0017920559,182045
20150327,13:45:00.000,BBG000BCTQ65,-0.0057483227,0.0002910113,3822376
20150327,13:45:00.000,BBG000BNNYW1,-0.0058249948,-0.0052730185,4321757
20150327,13:45:00.000,BBG000BBCDZ2,-0.0056749866,-0.0033518139,627095
20150327,13:45:00.000,BBG000BRK7L6,0.0064871367,-0.0054577766,2226587
20150327,13:45:00.000,BBG000DQTXY6,0.0031821462,0.028105445,1916231
20150327,13:45:00.000,BBG000BRXP69,-0.0035296076,0.007435601,300508
20150327,13:45:00.000,BBG000BL9JQ1,-0.015510151,-0.01986469,983519
20150327,13:45:00.000,BBG000DTMH63,-0.0027793692,-0.014991895,2826886
20150327,13:45:00.000,BBG000BJPDZ1,-0.002792292,0.0028952335,131646
20150327,13:45:00.000,BBG000BXWBN9,-0.00251606,0.0050341226,1050643
20150327,13:45:00.000,BBG000C2PW58,0.0023829571,-0.0010066947,179683
20150327,13:45:00.000,BBG000D13GN8,-0.0036281233,-0.0018256506,504679
20150327,13:45:00.000,BBG000BB6M98,-0.0020629542,-0.0017285802,1529418
20150327,13:45:00.000,BBG000BGYWY6,0.0026960287,0.017259322,288961
20150327,13:45:00.000,BBG000BHB3M6,0.004941426,0.006546216,644375
20150327,13:45:00.000,BBG000G3QLY3,-0.0073619615,-0.011628732,413675
20150327,13:45:00.000,BBG000BSBZH7,-0.0036364677,0.0027473483,422624
20150327,13:45:00.000,BBG000F7RCJ1,0.0014438024,0.015326198,461318
20150327,13:45:00.000,BBG0039320N9,-0.0026727093,0.006506685,1402530
20150327,13:45:00.000,BBG000BTZQC4,-0.015961219,-0.02072212,2220070
20150327,13:45:00.000,BBG001M8HHB7,-0.00035264806,0.0038867588,404500
20150327,13:45:00.000,BBG000CZWZ05,0.08866281,0.11618864,4548829
20150327,13:45:00.000,BBG000QY3XZ2,0.0041065076,0.009271448,455880
20150327,13:45:00.000,BBG000BHLYP4,-0.0048858263,-0.00516959,694612
20150327,13:45:00.000,BBG000CHWP52,0.020246416,0.015516458,1943193
20150327,13:45:00.000,BBG000QFJ7H3,0.018823294,0.008130473,4964127
20150327,13:45:00.000,BBG000BFTJ91,0.0016815098,0.0028745353,830493
20150327,13:45:00.000,BBG000BZ2GG4,0.0063813757,0.0070300484,787799
20150327,13:45:00.000,BBG000FKJRC5,0.002589305,0.011717998,674728
20150327,13:45:00.000,BBG000BKPL53,0.008202049,0.013529617,720199
20150327,13:45:00.000,BBG000BNC3Y9,-0.006145408,-0.0114858495,388500
20150327,13:45:00.000,BBG000BNFLM9,-0.0006573726,-0.001686949,1457378
20150327,13:45:00.000,BBG000BWCKB6,-0.004083958,0.0060245073,404610
20150327,13:45:00.000,BBG000BR14K5,0.0037683405,-0.00058715494,533458
20150327,13:45:00.000,BBG0014GJCT9,0.017680774,0.03175794,1100917
20150327,13:45:00.000,BBG000BRRG02,-0.0137687195,-0.012911718,1360933
20150327,13:45:00.000,BBG000BP1Q11,-0.00782983,-0.0047509233,547854
20150327,13:45:00.000,BBG000P1F8Q7,-0.014352585,-1.2646927e-07,540973
20150327,13:45:00.000,BBG000BCVMH9,-0.0025019392,-0.006376706,549548
20150327,13:45:00.000,BBG000D7RKJ5,0.0018356118,0.006915546,719936
20150327,13:45:00.000,BBG000FNRZ69,0.017352529,0.009217443,2592065
20150327,13:45:00.000,BBG000BTKGG8,0.0010192763,-0.007616152,1079781
20150327,13:45:00.000,BBG001QD41M9,-7.4015734e-05,0.005658,644758
20150327,13:45:00.000,BBG000D9DMK0,0.0048127994,0.00691584,685770
20150327,13:45:00.000,BBG000BH5DV1,-0.003857196,-0.0007737694,518023
20150327,13:45:00.000,BBG000BMQPL1,-0.008003281,-0.01484585,4754771
20150327,13:45:00.000,BBG000BMDV41,-0.0047961613,-0.001422192,756556
20150327,13:45:00.000,BBG000BQZMH4,0.0018858322,0.0077718366,886266
20150327,13:45:00.000,BBG000BS0ZF1,-0.0021160112,-0.0040912367,283002
20150327,13:45:00.000,BBG000BGLRN3,-0.0055747326,-0.011857831,1617957
20150327,13:45:00.000,BBG000C0F570,-0.0038376865,-0.007252305,1513417
20150327,13:45:00.000,BBG000D6L294,-0.004739417,-0.003961485,406499
20150327,13:45:00.000,BBG000BM5SR2,0.0037544763,0.0035969918,962723
20150327,13:45:00.000,BBG000BYYLS8,-0.0017971678,-0.007758755,2059645
20150327,13:45:00.000,BBG000BF6LY3,0.049909957,0.060988486,8278314
20150327,13:45:00.000,BBG000BCBCM7,-0.009810566,-0.004995304,2624336
20150327,13:45:00.000,BBG000BJ2VQ6,0.0077704345,-0.010600679,2213828
20150327,13:45:00.000,BBG000BJ98Z0,-0.0054698344,0.0032447837,728022
20150327,13:45:00.000,BBG000BLCPY4,0.005509525,-0.010855622,853983
20150327,13:45:00.000,BBG000D898T9,-0.001776785,0.0037575427,733133
20150327,13:45:00.000,BBG000BMBL90,0.0028606963,0.0065079834,877282
20150327,13:45:00.000,BBG000BSXQV7,-0.00067731313,0.0075330883,263062
20150327,13:45:00.000,BBG000FVXD63,0.02312898,0.018288003,1230569
20150327,13:45:00.000,BBG000BVMGF2,-0.00010085169,-0.0034170102,766827
20150327,13:45:00.000,BBG000C11MQ5,-0.030929793,0.0009549729,436906
20150327,13:45:00.000,BBG000BPQD31,-0.0063263183,-0.0010503373,2240765
20150327,13:45:00.000,BBG000BB5006,-0.0016462406,0.0017814273,1065879
20150327,13:45:00.000,BBG000BHKYH4,-0.0028736328,-0.00070007157,494694
20150327,13:45:00.000,BBG000D1QCF1,0.0032878018,-0.00026480356,882984
20150327,13:45:00.000,BBG000CSY9H9,0.0032753204,0.012738466,939304
20150327,13:45:00.000,BBG000BRJ809,0.0039484184,0.0041787047,225484
20150327,13:45:00.000,BBG000CNFQW6,0.0005138344,0.005292155,319981
20150327,13:45:00.000,BBG000BXM6V2,-0.0009514373,0.01290839,914932
20150327,13:45:00.000,BBG000BCGY17,0.0063976375,0.0114006065,1598736
20150327,13:45:00.000,BBG000DKCC19,-0.010887483,-0.0034062068,1205704
20150327,13:45:00.000,BBG000BKCFC2,0.0013361282,0.008524687,2068867
20150327,13:45:00.000,BBG000BTVJ25,0.0053027426,0.006334627,1953879
20150327,13:45:00.000,BBG000BN5HF7,-0.0057553067,0.015683586,651625
20150327,13:45:00.000,BBG000Q3JN03,0.0022235583,-0.00966213,9309316
20150327,13:45:00.000,BBG0020B4JG7,0.007084837,0.015519682,2418927
20150327,13:45:00.000,BBG000BR3KL6,0.0027281498,0.004984047,320630
20150327,13:45:00.000,BBG000BRWGG9,0.019240411,0.03416711,13572469
20150327,13:45:00.000,BBG001LWHLJ8,-0.008060211,-0.0045120236,3366994
20150327,13:45:00.000,BBG000C7LMS8,0.011018095,0.02483902,240439
20150327,13:45:00.000,BBG000BPT0C6,0.01629254,0.011160903,1810072
20150327,13:45:00.000,BBG000BSD7C2,0.0018333124,0.0072152694,639939
20150327,13:45:00.000,BBG000BRJL00,0.0011507346,0.0057557863,1592180
20150327,13:45:00.000,BBG000C1FB75,0.0029935485,0.0025893066,213372
20150327,13:45:00.000,BBG000BJ3PD2,-0.0023041589,-0.0014248729,693510
20150327,13:45:00.000,BBG000BHLYS1,0.009817951,0.017348053,3132138
20150327,13:45:00.000,BBG000JWD753,-0.004604074,-0.0009139961,1560621
20150327,13:45:00.000,BBG000BXMFC3,-0.0062608058,-0.008454339,1379840
20150327,13:45:00.000,BBG000CGQ6M4,0.00307203,-0.0020319545,443646
20150327,13:45:00.000,BBG000DNTSP4,0.007089161,0.00027786175,1777444
20150327,13:45:00.000,BBG000BFXHL6,-0.01262949,-0.014981526,1816013
20150327,13:45:00.000,BBG000BJL3N0,0.00033223888,-0.008962236,4672745
20150327,13:45:00.000,BBG000JG0547,-0.0018331616,0.0013626838,717823
20150327,13:45:00.000,BBG000BWSV34,0.00411699,0.011654756,239738
20150327,13:45:00.000,BBG000BB6WG8,-0.00081350654,0.002807195,1398698
20150327,13:45:00.000,BBG000BCWCG1,-0.015899798,-0.0041655493,2805649
20150327,13:45:00.000,BBG000BB9KF2,0.007438888,0.0122887995,1446959
20150327,13:45:00.000,BBG000C3HSR0,-0.012374572,-0.007023449,636439
20150327,13:45:00.000,BBG000BFMBQ6,0.0073738107,0.01782431,859914
20150327,13:45:00.000,BBG000BP0KQ8,0.021528967,0.032723732,1984302
20150327,13:45:00.000,BBG000BQWPC5,-0.0048698448,0.003756231,880555
20150327,13:45:00.000,BBG001YMS0B8,0.031399745,0.039575074,19530416
20150327,13:45:00.000,BBG000C0LW92,0.007356658,0.017770305,3412305
20150327,13:45:00.000,BBG000MDCQC2,0.0024798699,0.007625534,959284
20150327,13:45:00.000,BBG000BK67C7,-0.003618979,0.00070511433,403794
20150327,13:45:00.000,BBG000BY29C7,0.009541568,0.015730925,1143776
20150327,13:45:00.000,BBG000BSLZY7,0.012241813,0.0073908395,3198759
20150327,13:45:00.000,BBG000BLKK03,-0.0032523929,0.0065825675,995641
20150327,13:45:00.000,BBG000C2BXK4,-0.018696139,-0.0098109525,6215360
20150327,13:45:00.000,BBG000BCZYD3,-0.0035624076,0.007996124,519427
20150327,13:45:00.000,BBG000R7RDB4,0.006106173,0.006618721,587342
20150327,13:45:00.000,BBG000C3GN47,-0.0037498728,-0.0031052467,2485521
20150327,13:45:00.000,BBG000BMW2Z0,-0.0053902124,0.0012692272,584340
20150327,13:45:00.000,BBG000BKFZM4,0.0063637123,0.0089034485,2513863
20150327,13:45:00.000,BBG000G2R6M0,0.007360327,-0.0010758807,4738480
20150327,13:45:00.000,BBG000C1S2X2,-0.0036926484,0.016536811,761604
20150327,13:45:00.000,BBG000F0KF42,-0.006170137,-0.014853627,1279593
20150327,13:45:00.000,BBG000CS7CT9,-0.00446453,0.005934468,1505476
20150327,13:45:00.000,BBG000CPQZ77,-0.0104935765,-0.0045064986,1425786
20150327,13:45:00.000,BBG000C8H633,-0.006994378,-0.009854762,3143090
20150327,13:45:00.000,BBG000JH6683,0.0129609415,0.042113464,2376313
20150327,13:45:00.000,BBG000BLBXT4,-0.008199813,-0.00035389146,2527219
20150327,13:45:00.000,BBG000BB07P9,0.019024922,0.009728914,6508183
20150327,13:45:00.000,BBG000BX3TD3,0.0016577198,-0.01288997,3037544
20150327,13:45:00.000,BBG000F80SZ5,0.007030553,0.014721836,3066101
20150327,13:45:00.000,BBG000BKFBD7,0.00025946132,-0.005564245,888807
20150327,13:45:00.000,BBG000BPWXK1,0.019033141,0.011736417,3205949
20150327,13:45:00.000,BBG000BH5LT6,-0.022676606,-0.041789625,6936936
20150327,13:45:00.000,BBG000BBD070,-0.013241782,-0.01778282,884640
20150327,13:45:00.000,BBG000BWJFZ4,-0.019630264,-0.019666161,259421
20150327,13:45:00.000,BBG000BWNFZ9,-0.0057268045,-0.012493418,1038283
20150327,13:45:00.000,BBG000BH3JF8,-0.0003186305,0.004565838,961201
20150327,13:45:00.000,BBG000C0HQ54,0.016190052,0.026418677,1353267
20150327,13:45:00.000,BBG000FL1TC8,-0.006105354,-0.0036747016,880933
20150327,13:45:00.000,BBG000BV8DN6,0.000632922,0.0046351147,1422604
20150327,13:45:00.000,BBG0029SNR63,-0.006518472,-0.0007496766,694102
20150327,13:45:00.000,BBG000DYGNW7,-0.004136276,-0.0016138159,385581
20150327,13:45:00.000,BBG000QW7VC1,-0.0019207153,-0.0005914727,1084858
20150327,13:45:00.000,BBG000BFQYY3,-0.008452767,-0.0018908951,960628
20150327,13:45:00.000,BBG000BGVW60,-0.00484386,0.0008529333,1111278
20150327,13:45:00.000,BBG000C1BW00,-0.0038154302,0.0068058423,598886
20150327,13:45:00.000,BBG000BJ81C1,0.006489447,0.0015452483,678009
20150327,13:45:00.000,BBG000BFDXW1,0.0044634794,0.0021354253,2890886
20150327,13:45:00.000,BBG000BSC0K9,-0.0016410368,0.008763137,935886
20150327,13:45:00.000,BBG000BD8PN9,-0.006431341,-0.009798596,2104909
20150327,13:45:00.000,BBG000DSMS70,-0.010018367,0.011333631,364592
20150327,13:45:00.000,BBG000BQ5DS5,0.0006655656,-0.004956323,1473708
20150327,13:45:00.000,BBG000G30YX4,0.010528139,0.02893762,846828
20150327,13:45:00.000,BBG000BQ2C28,0.0013275793,0.007660414,608792
20150327,13:45:00.000,BBG000BN2DC2,0.0018006823,0.007044872,915986
20150327,13:45:00.000,BBG000LD9JQ8,-0.008707583,-0.0039022274,492171
20150327,13:45:00.000,BBG000BGKTF9,0.007932264,0.0008918412,1168388
20150327,13:45:00.000,BBG000BBVJZ8,-0.007270941,-0.008490933,1083610
20150327,13:45:00.000,BBG000D9D830,-0.004868205,-0.0064761764,2649077
20150327,13:45:00.000,BBG000BJSBJ0,0.002177303,0.0075429142,621175
20150327,13:45:00.000,BBG000BH1NH9,0.0008936854,-0.0010302442,1036037
20150327,13:45:00.000,BBG000BVDLH9,-0.005317389,0.003530419,592296
20150327,13:45:00.000,BBG000FJLFX8,0.0035829535,0.011422731,817928
20150327,13:45:00.000,BBG000MZFMS2,-0.016385265,-7.9832523e-07,574274
20150327,13:45:00.000,BBG000C4DPX1,-0.00070430903,0.008098427,1182658
20150327,13:45:00.000,BBG000C0MF34,0.012120016,0.0084257675,333823
20150327,13:45:00.000,BBG000QBR5J5,0.0030196256,-0.002816732,1371298
20150327,13:45:00.000,BBG000BCVJ77,0.0016175508,0.0060275276,972147
20150327,13:45:00.000,BBG000QX74T1,0.005395405,0.0063337134,200019
20150327,13:45:00.000,BBG000BBDV81,0.0007589307,0.005677653,1308252
20150327,13:45:00.000,BBG000HCJMF9,-0.0028264765,-0.01130459,963875
20150327,13:45:00.000,BBG000C46HM9,-0.0029866346,0.0047419337,1103966
20150327,13:45:00.000,BBG000BGPTV6,0.0011192589,0.0023029929,465956
20150327,13:45:00.000,BBG000BRD0D8,0.0001825108,-0.008648625,1631734
20150327,13:45:00.000,BBG000BGJRC8,-0.0019451715,-0.0072147916,3480909
20150327,13:45:00.000,BBG000DHSPT0,0.012522849,0.008771818,889764
20150327,13:45:00.000,BBG000J6XT05,-0.00094121206,0.0018453953,2975728
20150327,13:45:00.000,BBG000BH3GZ2,0.00044889937,-0.00082716055,901059
20150327,13:45:00.000,BBG000BTR593,0.015303982,0.007100434,2650566
20150327,13:45:00.000,BBG000B9ZXB4,0.0005154833,0.005805422,1446670
20150327,13:45:00.000,BBG000BL4504,-0.0060286587,-0.01053649,14001033
20150327,13:45:00.000,BBG000BNBDC2,-0.00091558875,0.004764913,2040663
20150327,13:45:00.000,BBG000C734W3,-0.0038290718,0.016437095,401064
20150327,13:45:00.000,BBG000BWLMJ4,0.0033253066,0.009534613,1823299
20150327,13:45:00.000,BBG000H556T9,0.0052728537,0.0045513404,1465045
20150327,13:45:00.000,BBG000BVPPM1,-0.011882282,-0.0057581426,636941
20150327,13:45:00.000,BBG000BCG930,0.009177288,0.018831285,772204
20150327,13:45:00.000,BBG000BJF1Z8,-0.0075739934,-0.0036850013,420290
20150327,13:45:00.000,BBG000BND699,0.0059590377,0.00918043,3027590
20150327,13:45:00.000,BBG000BD4VG8,-0.0024985124,0.004613791,1325731
20150327,13:45:00.000,BBG000BC2C10,-0.00017311577,-0.001337331,1931038
20150327,13:45:00.000,BBG000NV1KK7,-0.0058633704,0.0014708719,2229706
20150327,13:45:00.000,BBG000BLZRJ2,0.0036337026,0.0008433063,4546450
20150327,13:45:00.000,BBG000F6H8W8,-0.0017809229,0.0025647476,657257
20150327,13:45:00.000,BBG000BMY992,-0.007947071,0.0006571433,1180032
20150327,13:45:00.000,BBG000BT9DW0,0.0042124647,0.0066292137,3049889
20150327,13:45:00.000,BBG000PX3XC0,-0.0066523985,-0.018397903,6928037
20150327,13:45:00.000,BBG000BWXBC2,-0.007317479,-0.0063511524,2376845
20150327,13:45:00.000,BBG000BB6KF5,0.0014590458,-0.0067202006,2155014
20150327,13:45:00.000,BBG000FFDM15,0.0016536579,-0.0066231634,2430985
20150327,13:45:00.000,BBG000KLB4Q1,0.03836829,0.047401834,6686468
20150327,13:45:00.000,BBG001DCCGR8,-0.011430192,-0.008077912,716861
20150327,13:45:00.000,BBG000BVV7G1,0.0038087235,0.0017929892,1966930
20150327,13:45:00.000,BBG000BHGDH5,0.0004389258,0.006052531,1934530
20150327,13:45:00.000,BBG000BWVCP8,0.010012632,0.0053796284,2187254
20150327,13:45:00.000,BBG000C15T95,-0.0070193643,-0.0062046717,1117785
20150327,13:45:00.000,BBG000D4LWF6,-0.00023761591,0.0054389164,8075550
20150327,13:45:00.000,BBG000B9WH86,-0.0015909784,-0.013969357,9530317
20150327,13:45:00.000,BBG000Q9HH23,-0.0086209625,-0.0013093895,358035
20150327,13:45:00.000,BBG00286S4N9,-0.00017179825,-0.0042065238,828562
20150327,13:45:00.000,BBG000BHX7N2,0.0017482877,0.00044281152,1689180
20150327,13:45:00.000,BBG000L9CV04,-0.0053209034,-0.00010234928,1394380
20150327,13:45:00.000,BBG000BH13K9,0.0026039344,0.0004184,2297033
20150327,13:45:00.000,BBG000FG3C43,-0.024348648,-0.03323473,8578634
20150327,13:45:00.000,BBG000C496P7,0.006285085,0.005819848,2499174
20150327,13:45:00.000,BBG000BXRPH1,0.0059974664,0.00390238,747581
20150327,13:45:00.000,BBG000BNJHS8,-0.0040661995,0.020382473,3303616
20150327,13:45:00.000,BBG000BBPFB9,0.00050572166,-0.001785396,9733330
20150327,13:45:00.000,BBG000WCFV84,-0.009459203,-0.015421329,1948637
20150327,13:45:00.000,BBG0019JZ882,0.005170131,0.004601794,3046878
20150327,13:45:00.000,BBG000H89QJ6,-0.0041842144,-0.0037168243,888678
20150327,13:45:00.000,BBG000BFWKC0,0.0066518434,0.00285077,1498601
20150327,13:45:00.000,BBG000C5HS04,-0.0068548266,0.002566931,942415
20150327,13:45:00.000,BBG000BJX8C8,0.015655706,0.012871878,3014497
20150327,13:45:00.000,BBG000BNDN65,-0.006079288,0.007892551,1724202
20150327,13:45:00.000,BBG000BP52R2,-0.0006105017,0.0052282,829537
20150327,13:45:00.000,BBG000M65M61,0.012668712,0.035332464,2425583
20150327,13:45:00.000,BBG000BP6LJ8,-0.000897739,0.0042001125,3600348
20150327,13:45:00.000,BBG000F0PF65,0.0011138979,0.004483437,1212441
20150327,13:45:00.000,BBG000H8TVT2,0.007936604,0.015412405,1869790
20150327,13:45:00.000,BBG000DQLV23,-0.0014019074,0.0049230903,2254574
20150327,13:45:00.000,BBG000BHBK84,0.035133947,0.03833263,12278060
20150327,13:45:00.000,BBG000DLFM21,-0.015139987,-0.001436844,642338
20150327,13:45:00.000,BBG000BJDB15,-0.023080762,-0.035888795,12553677
20150327,13:45:00.000,BBG000CTQBF3,-0.0022188139,0.0010514372,2272034
20150327,13:45:00.000,BBG000BQQ2S6,-0.0012862042,-0.008004108,1643312
20150327,13:45:00.000,BBG000BHVJJ3,-0.013918614,-0.022071496,18026602
20150327,13:45:00.000,BBG000F1ZSQ2,-0.012113114,-0.011143697,2511306
20150327,13:45:00.000,BBG000BQPC32,-0.0003220508,-0.0018742083,30022208
20150327,13:45:00.000,BBG000C43RR5,0.0031749664,0.003303211,2842974
20150327,13:45:00.000,BBG000CH5208,0.0017832735,0.0088138785,1126453
20150327,13:45:00.000,BBG000J2XL74,0.0022054021,0.0022267832,2413547
20150327,13:45:00.000,BBG000BC40Y8,-0.0058909603,-0.005646035,1393697
20150327,13:45:00.000,BBG000KHWT55,-0.017178709,-0.024050532,11301671
20150327,13:45:00.000,BBG000BW8S60,0.0029157314,0.007624841,1367801
20150327,13:45:00.000,BBG000BZ9223,-0.0060648588,-0.0066766874,1298932
20150327,13:45:00.000,BBG000DWYF03,-0.0013246498,-0.002357034,3868243
20150327,13:45:00.000,BBG000BBGGQ1,-0.022617407,-0.022646619,3711244
20150327,13:45:00.000,BBG000BBDZG3,0.0023045628,-0.003507239,3052202
20150327,13:45:00.000,BBG000BQLTW7,-0.009595761,-0.010468797,8664609
20150327,13:45:00.000,BBG000NDYB67,0.0023767184,0.0013382821,5244652
20150327,13:45:00.000,BBG000C6CFJ5,0.0040700356,-0.00045408882,828850
20150327,13:45:00.000,BBG000BGRY34,0.00010487186,0.006763856,1767183
20150327,13:45:00.000,BBG000DH7JK6,-0.0010596369,0.0027190698,2225532
20150327,13:45:00.000,BBG000BW3299,0.008701303,0.0048061055,3509281
20150327,13:45:00.000,BBG000DWG505,0.0057997387,0.002621606,1633295
20150327,13:45:00.000,BBG000BF0K17,0.0015049075,-0.0040689744,3505969
20150327,13:45:00.000,BBG000R7Z112,-0.0048291865,0.015197289,4261841
20150327,13:45:00.000,BBG000BCSST7,-0.0025074678,0.0028684256,1315992
20150327,13:45:00.000,BBG000BQQH30,-0.002461012,-0.004346755,2080125
20150327,13:45:00.000,BBG000BCQZS4,0.0026413412,-0.0059879236,5162730
20150327,13:45:00.000,BBG000BMX289,-0.010268706,-0.007683056,7277294
20150327,13:45:00.000,BBG000BNWG87,0.0015455848,0.008743598,2376323
20150327,13:45:00.000,BBG000BBS2Y0,-0.005444502,0.011988032,1061655
20150327,13:45:00.000,BBG000BH4R78,0.000103952356,0.004274436,3231549
20150327,13:45:00.000,BBG005P7Q881,0.0027692914,0.026333923,5264838
20150327,13:45:00.000,BBG000BKZB36,0.00056987884,0.011833869,1888983
20150327,13:45:00.000,BBG000GFFQN9,0.014667847,0.015289196,14879283
20150327,13:45:00.000,BBG0025Y4RY4,0.0017547447,0.004712945,3633965
20150327,13:45:00.000,BBG000BFC8J2,-0.010591854,0.009560564,3327858
20150327,13:45:00.000,BBG000H6HNW3,-0.004274226,0.0062091067,10540341
20150327,13:45:00.000,BBG000BNSZP1,-0.004346261,-0.0059005073,1956862
20150327,13:45:00.000,BBG000N9MNX3,-0.036319733,-0.03366502,4845121
20150327,13:45:00.000,BBG000BPD168,0.00036140138,0.0039927224,3187625
20150327,13:45:00.000,BBG000BKTFN2,0.0015756259,0.0025476129,5746186
20150327,13:45:00.000,BBG000C17X76,-0.009056734,0.009567331,992555
20150327,13:45:00.000,BBG000BR2TH3,-0.0064285044,-0.00048688677,2984564
20150327,13:45:00.000,BBG000PSKYX7,-0.0063543497,-0.0038852773,3468206
20150327,13:45:00.000,BBG000BT41Q8,0.0053057675,0.001382625,2693853
20150327,13:45:00.000,BBG000C5Z1S3,-0.012016005,-0.018001659,15344173
20150327,13:45:00.000,BBG000BLNNH6,-0.0006574242,-0.00507456,1596771
20150327,13:45:00.000,BBG000BFT2L4,0.0028295873,0.0033983376,7148212
20150327,13:45:00.000,BBG000CGC1X8,-0.0010099185,-0.0040203673,4493494
20150327,13:45:00.000,BBG000HS77T5,0.007886536,0.0018595029,5491993
20150327,13:45:00.000,BBG000C3J3C9,0.0016394764,0.0022154106,10425812
20150327,13:45:00.000,BBG000FH8PX5,0.0006498023,0.011397946,1129979
20150327,13:45:00.000,BBG000BLBVN4,-0.0052357046,-0.0024057725,248010
20150327,13:45:00.000,BBG000BSJK37,0.004610493,-0.0030464279,9626783
20150327,13:45:00.000,BBG000CL9VN6,-0.012153017,-0.004603947,1687999
20150327,13:45:00.000,BBG000BVPV84,0.006574835,0.0124965785,1466482
20150327,13:45:00.000,BBG000K4ND22,0.00086333253,-0.006744555,2615014
20150327,13:45:00.000,BBG000BWQFY7,-0.00012388485,-0.008994007,6099881
20150327,13:45:00.000,BBG002W96FT9,-0.008339876,-0.009951226,1139326
20150327,13:45:00.000,BBG000BMHYD1,0.00018703184,0.0036953485,2273792
20150327,13:45:00.000,BBG000BR2B91,0.0034310892,0.008485347,10957437
20150327,13:45:00.000,BBG000BK6MB5,0.0013867269,0.0024183542,13436835
20150327,13:45:00.000,BBG000FY4S11,0.0031719625,-0.005663684,9579783
20150327,13:45:00.000,BBG000DMBXR2,0.00753215,-0.0006721427,5794929
20150327,13:45:00.000,BBG000C0G1D1,0.0030477778,-0.0036571368,16147379
20150327,13:45:00.000,BBG000BHSKN9,-0.010024168,-0.009412088,954136
20150327,13:45:00.000,BBG000CKGBP2,-0.014295545,0.0035140095,4349693
20150327,13:45:00.000,BBG000GZQ728,0.0009847448,-0.0059302174,4896900
20150327,13:45:00.000,BBG000BPH459,-0.0054144827,-0.0067948946,16037859
20150327,13:45:00.000,BBG000BCTLF6,-0.0009641892,-0.00842794,45835224
20150327,13:45:00.000,BBG000MM2P62,-0.002699134,0.0030712192,11811018
20150327,13:45:00.000,BBG000B9XRY4,-0.0054808315,-0.006517876,22171208
20150327,14:00:00.000,BBG000CNZC55,-0.008960396,0.0021656493,3023867
20150327,14:00:00.000,BBG000FH5YM1,0.00017425929,0.0013724989,2694410
20150327,14:00:00.000,BBG000BLM0V1,-0.0029694964,-0.002811768,404413
20150327,14:00:00.000,BBG000HGYNZ9,-0.0053532626,-0.012207456,1636190
20150327,14:00:00.000,BBG000BF6RQ9,0.0050667617,0.028639564,536835
20150327,14:00:00.000,BBG000BFV115,0.009904295,0.0062658647,709380
20150327,14:00:00.000,BBG0015XMW40,0.012977238,0.014020249,345635
20150327,14:00:00.000,BBG000FBMY72,-0.011471013,-0.010751207,1453017
20150327,14:00:00.000,BBG000BDWKC5,0.008337623,0.010051925,1270385
20150327,14:00:00.000,BBG000G6BN50,0.012780058,0.009475732,279991
20150327,14:00:00.000,BBG000BLDV98,-0.0075728195,0.0006252573,979992
20150327,14:00:00.000,BBG000R0L5J4,-0.001711241,-0.0037553192,406289
20150327,14:00:00.000,BBG006NV2Q11,-0.019863246,-0.019294491,1211778
20150327,14:00:00.000,BBG000BC2R71,0.0037126907,-0.0019368326,753147
20150327,14:00:00.000,BBG000BN1XR3,0.0020485697,0.009149825,273091
20150327,14:00:00.000,BBG000GPXKX9,-0.009374074,-0.0042314716,247184
20150327,14:00:00.000,BBG000DV7MX4,0.0003615374,0.0025804117,3014270
20150327,14:00:00.000,BBG000BGRKT6,-0.009171584,-0.0013986757,302029
20150327,14:00:00.000,BBG000BB5BF6,-0.014996797,-0.007479892,4192301
20150327,14:00:00.000,BBG000BVB8Q0,9.9491925e-05,0.0013132063,8229458
20150327,14:00:00.000,BBG000DGPR66,0.01424254,0.019173369,969793
20150327,14:00:00.000,BBG000BQ74K1,-0.0022721195,-0.005745493,306226
20150327,14:00:00.000,BBG000RNTSX0,-0.00047900985,0.007232655,234726
20150327,14:00:00.000,BBG000N746D6,0.012535776,0.012019557,1636558
20150327,14:00:00.000,BBG000CR90K4,0.020584397,0.017194863,19671694
20150327,14:00:00.000,BBG000BVL2G3,0.008973101,0.008720283,1001958
20150327,14:00:00.000,BBG000BPQVR5,-0.0036615224,-0.0012481655,339702
20150327,14:00:00.000,BBG000CB8Q50,0.0033465645,0.0053256983,308055
20150327,14:00:00.000,BBG000D42FJ0,0.0036215952,-0.0093802735,1142289
20150327,14:00:00.000,BBG003641015,-0.0067868223,-0.0001223741,919592
20150327,14:00:00.000,BBG000CPHYL4,0.008490746,0.008567316,704968
20150327,14:00:00.000,BBG000BKL348,0.0035533463,0.0057393094,216594
20150327,14:00:00.000,BBG000BMF5J0,-0.009330605,0.0013080626,3223266
20150327,14:00:00.000,BBG000BCHG15,0.00376431,0.006130757,215935
20150327,14:00:00.000,BBG000BJKPG0,-0.00514253,-0.0008290049,287143
20150327,14:00:00.000,BBG000HS74G6,-0.008996878,-0.013265648,671949
20150327,14:00:00.000,BBG000BVHBM1,-0.006587543,0.01695052,823283
20150327,14:00:00.000,BBG002PHSYX9,-0.017416537,-0.010737516,592261
20150327,14:00:00.000,BBG000D2ZTS8,-0.0027658693,0.0115024075,1422539
20150327,14:00:00.000,BBG000BGYMH7,-0.0030085144,0.0007383686,363861
20150327,14:00:00.000,BBG000PV2L86,0.0003342778,0.012631292,540661
20150327,14:00:00.000,BBG000FQ6PY6,0.0044421316,0.004496081,557325
20150327,14:00:00.000,BBG000R06BX2,0.008022811,0.010462037,964328
20150327,14:00:00.000,BBG000BCWKD6,0.001486551,-0.0004626731,1205159
20150327,14:00:00.000,BBG000CPBCL8,-0.0014948675,-0.0008411418,430311
20150327,14:00:00.000,BBG000B9X8C0,0.0047291424,0.011725577,936883
20150327,14:00:00.000,BBG000BDY3Y7,-0.007856378,-0.00745324,337547
20150327,14:00:00.000,BBG001XJRMF5,-0.0027412684,0.00073439674,1343289
20150327,14:00:00.000,BBG000BJ26K7,0.016810946,0.010589556,979104
20150327,14:00:00.000,BBG000BQ87N0,-0.0016870229,0.006211338,478254
20150327,14:00:00.000,BBG000C37332,0.008359228,0.00801452,357614
20150327,14:00:00.000,BBG000C4ZZ10,0.0044451146,0.008076599,491250
20150327,14:00:00.000,BBG000BPNP00,0.005713025,0.0041287793,724430
20150327,14:00:00.000,BBG000BXBHJ4,-0.0053673484,-0.015808515,813435
20150327,14:00:00.000,BBG000FDBX90,0.007890169,0.00783186,1812489
20150327,14:00:00.000,BBG000BKNX95,-0.001943704,-0.00038252218,788100
20150327,14:00:00.000,BBG000BV4XJ1,0.003570595,0.027492879,289159
20150327,14:00:00.000,BBG000MQ1SN9,0.0034278345,0.0046858774,398788
20150327,14:00:00.000,BBG000KBQZ88,-0.007797129,-0.0026865886,636558
20150327,14:00:00.000,BBG000BXNJ07,-0.0076661105,-0.0077870083,3797072
20150327,14:00:00.000,BBG000DLVDK3,0.003512105,0.000686381,1294649
20150327,14:00:00.000,BBG000BB03M1,0.030190399,0.020578051,1062926
20150327,14:00:00.000,BBG000BWGYF8,-0.0020007512,0.0035703809,282902
20150327,14:00:00.000,BBG000BPZBB6,0.020610908,0.023133226,1298617
20150327,14:00:00.000,BBG000JKCWS0,0.008792014,0.005230969,396241
20150327,14:00:00.000,BBG000BNPSQ9,0.02817274,0.060254842,939190
20150327,14:00:00.000,BBG000C060M4,-0.0040578814,-0.0080161225,159823
20150327,14:00:00.000,BBG000BFDLV8,0.004313267,0.0132724345,499999
20150327,14:00:00.000,BBG000C2V3D6,0.0028149358,0.008864558,700515
20150327,14:00:00.000,BBG000BC9938,-0.005129928,-0.0066857543,469363
20150327,14:00:00.000,BBG000C22QV7,-0.0014946408,0.006216165,645205
20150327,14:00:00.000,BBG000BMTFR4,-0.003312634,-0.0041928715,958039
20150327,14:00:00.000,BBG000BKTT89,-1.1148762e-05,0.0076686726,208914
20150327,14:00:00.000,BBG000BWXL85,0.004453096,0.009156307,1639766
20150327,14:00:00.000,BBG0014GG205,0.02726833,0.024012338,5361965
20150327,14:00:00.000,BBG000BGFZR8,0.002979409,0.0058314158,988734
20150327,14:00:00.000,BBG000V31J96,0.006483071,0.012073268,1732914
20150327,14:00:00.000,BBG000BNNKG9,0.0023106723,0.011993282,1254410
20150327,14:00:00.000,BBG000BSSC44,-0.0068151774,-0.017031187,700462
20150327,14:00:00.000,BBG000BSY3K9,-0.0055815293,-7.131928e-05,322074
20150327,14:00:00.000,BBG000BPMH90,-0.0052174386,-0.007916728,522759
20150327,14:00:00.000,BBG000BX5ZF5,-0.01581585,-0.015632661,3527945
20150327,14:00:00.000,BBG000BR37X2,0.0074075945,0.0022268961,1291212
20150327,14:00:00.000,BBG000C9F2F9,-0.02132766,0.0023022753,875197
20150327,14:00:00.000,BBG000D9KWL9,0.0078958105,-0.000403714,515064
20150327,14:00:00.000,BBG000PLXQQ3,-0.0029994112,0.000477138,316126
20150327,14:00:00.000,BBG000HZFZX3,-0.0018114466,0.0044733034,435268
20150327,14:00:00.000,BBG000BDXGP9,0.026259597,0.036264602,2538163
20150327,14:00:00.000,BBG000BB29X4,0.005013096,0.0113907475,628490
20150327,14:00:00.000,BBG001C7TST4,0.001556099,0.008894369,698237
20150327,14:00:00.000,BBG000BMKDM3,0.0008219202,0.0076186,917384
20150327,14:00:00.000,BBG000FFH4P5,0.0006565504,0.0043174806,565546
20150327,14:00:00.000,BBG000C75N77,0.00028034477,-0.010436978,444935
20150327,14:00:00.000,BBG000C221G9,-0.011193463,-0.006204732,532703
20150327,14:00:00.000,BBG000BKXFN7,0.01581695,0.0010464807,1993328
20150327,14:00:00.000,BBG000BWP7D9,0.006507435,0.014941753,854069
20150327,14:00:00.000,BBG000DY8ZS4,-0.015729623,-0.015073655,2947530
20150327,14:00:00.000,BBG000BFL116,0.0047017215,-0.00033578867,815780
20150327,14:00:00.000,BBG000BKLH74,0.0056203795,0.008020177,1539397
20150327,14:00:00.000,BBG000BS9489,-8.176178e-05,0.0046185693,314029
20150327,14:00:00.000,BBG000BP8Z50,-0.0016080762,-0.0041270526,775288
20150327,14:00:00.000,BBG000BS7KS3,0.009112105,0.012330131,944528
20150327,14:00:00.000,BBG000BMZ7P7,0.00014653607,-0.005137531,518523
20150327,14:00:00.000,BBG000FBK808,-0.03647499,-0.047949824,5077502
20150327,14:00:00.000,BBG000R8ZVD1,-0.010140313,0.00039051927,2041693
20150327,14:00:00.000,BBG000BLMZK6,-0.0070559583,0.012464868,747085
20150327,14:00:00.000,BBG000BQSQ38,0.009433257,0.011833585,1200703
20150327,14:00:00.000,BBG000BBL0Y1,-0.00959004,0.0139331,565920
20150327,14:00:00.000,BBG001QZCPJ2,0.008852387,0.020210467,1087978
20150327,14:00:00.000,BBG000CVWGS6,0.004596102,0.009344307,1901105
20150327,14:00:00.000,BBG000BCNYT9,0.008701164,0.0037996664,4403633
20150327,14:00:00.000,BBG000PVRDL2,0.014143736,0.010169511,2190584
20150327,14:00:00.000,BBG000BJQWD2,-0.00137074,0.0019709882,419720
20150327,14:00:00.000,BBG000C9W1Y1,0.0013616522,-0.00027088713,1335936
20150327,14:00:00.000,BBG000BJ49H3,0.008161156,0.007860841,686510
20150327,14:00:00.000,BBG000BFVXX0,-0.0023722784,0.0073329606,1658780
20150327,14:00:00.000,BBG000FLZN98,-0.0030627474,0.005718408,212759
20150327,14:00:00.000,BBG000FLPRH1,0.0030993365,0.0018572335,968286
20150327,14:00:00.000,BBG000BYWTX7,-0.0032048824,-0.0060142977,3676874
20150327,14:00:00.000,BBG000BY33P5,-0.0040220805,-0.0022417882,2040962
20150327,14:00:00.000,BBG000BBB3K1,-0.00018636642,0.0066846283,1500753
20150327,14:00:00.000,BBG000DN7P92,0.0074937516,0.013377213,668852
20150327,14:00:00.000,BBG000BBMSJ6,0.0054786704,0.0026032627,926375
20150327,14:00:00.000,BBG000BH2JM1,0.0017423918,0.0021489963,2521697
20150327,14:00:00.000,BBG000BFS7D3,-0.004178899,0.002781405,266626
20150327,14:00:00.000,BBG000CKVSG8,-0.011049654,-0.017508743,1609962
20150327,14:00:00.000,BBG000BB6G37,0.0002432923,-0.0011327268,1015442
20150327,14:00:00.000,BBG000BM7HL0,-0.0007200688,0.0029801277,714741
20150327,14:00:00.000,BBG000BCYP43,-0.0030741044,0.0048605944,255337
20150327,14:00:00.000,BBG000BV75B7,0.0047980063,0.0034190596,571031
20150327,14:00:00.000,BBG000TWC2V5,-0.0013226913,0.0061435793,286637
20150327,14:00:00.000,BBG000BLW530,0.0024609778,1.0534228e-07,1103893
20150327,14:00:00.000,BBG000BKWSR6,-0.0021906523,-0.0073571107,2863525
20150327,14:00:00.000,BBG000C2YHG9,0.0015495493,0.0059714173,605028
20150327,14:00:00.000,BBG000BRQ6L2,0.004861716,0.033468403,4072097
20150327,14:00:00.000,BBG000BQHGR6,0.0019002311,-0.0013782007,714257
20150327,14:00:00.000,BBG000BN9WT5,0.0041722213,0.00043859964,693363
20150327,14:00:00.000,BBG000BVWLJ6,-0.0017215403,0.00023388011,602669
20150327,14:00:00.000,BBG000BKQ3V3,-0.014268855,-0.028840799,5338284
20150327,14:00:00.000,BBG000H0QBS7,-0.004408246,0.0029048745,1073205
20150327,14:00:00.000,BBG000H4YVR7,0.0027833022,0.02894629,457731
20150327,14:00:00.000,BBG000PYZSR8,-0.010751065,-0.004236313,272803
20150327,14:00:00.000,BBG007TJF1N7,0.010039024,0.017813925,1682765
20150327,14:00:00.000,BBG000C2ZCH8,0.004567622,0.012879601,1042594
20150327,14:00:00.000,BBG000BTCH57,-0.008186072,0.00075161963,702360
20150327,14:00:00.000,BBG000BR54L0,0.0044859094,0.02649327,2449051
20150327,14:00:00.000,BBG000BB5373,0.008312593,0.0128962025,3463988
20150327,14:00:00.000,BBG000BHZ5J9,0.010990049,0.0071314136,453932
20150327,14:00:00.000,BBG000CXD6X9,0.000985705,0.011421639,517540
20150327,14:00:00.000,BBG000BKZTP3,0.004696056,-0.00033402085,693173
20150327,14:00:00.000,BBG000BB1TH9,-0.0041866065,-0.011047908,511196
20150327,14:00:00.000,BBG000D5S4M0,0.01212122,0.018735273,365064
20150327,14:00:00.000,BBG000BN84F3,-0.0041728085,-0.0018456702,1063655
20150327,14:00:00.000,BBG000HW5GX3,-0.012493887,-0.015327688,1299811
20150327,14:00:00.000,BBG000CHPY97,-0.010433784,-0.019980695,3463384
20150327,14:00:00.000,BBG000D2M0Z7,0.0025700068,0.0074199266,912452
20150327,14:00:00.000,BBG000BF1R66,0.0068625673,0.0020523816,735541
20150327,14:00:00.000,BBG000BJ8YN7,-0.0048265373,-0.008198857,874385
20150327,14:00:00.000,BBG000G9CGL0,0.009562387,0.01989232,374625
20150327,14:00:00.000,BBG000BQ8KV2,-0.0022457447,-0.0059319297,856437
20150327,14:00:00.000,BBG000BVMPN3,0.003577205,-0.0030185035,550272
20150327,14:00:00.000,BBG000BGD7W6,-0.0048508076,0.0037849692,602358
20150327,14:00:00.000,BBG000BC15S7,0.0035230825,5.1498868e-05,755425
20150327,14:00:00.000,BBG000Q2HM09,0.031990644,0.032709647,1058113
20150327,14:00:00.000,BBG000BQVTF5,-0.0039431057,-0.0038521998,576818
20150327,14:00:00.000,BBG000VC0T95,0.004817758,0.012616149,639174
20150327,14:00:00.000,BBG000F86GP6,0.0018982226,0.0037217021,408873
20150327,14:00:00.000,BBG000BWVSR1,-0.0012410602,0.0033716932,634852
20150327,14:00:00.000,BBG000BX8DC4,0.0039512897,0.010771845,615465
20150327,14:00:00.000,BBG000BHCP19,0.003006016,0.002696795,669298
20150327,14:00:00.000,BBG000BK6G19,0.010643628,0.01051256,1414284
20150327,14:00:00.000,BBG000RGM5P1,-0.0074334764,-0.0046031894,523506
20150327,14:00:00.000,BBG000BF5RY1,-0.00050830375,0.0033167491,942692
20150327,14:00:00.000,BBG000BP4MH0,0.0012842723,-5.67351e-07,877040
20150327,14:00:00.000,BBG000D8RG11,-0.019008107,-0.014601717,1798794
20150327,14:00:00.000,BBG000FP1N32,-0.0030792328,-0.01237871,3201300
20150327,14:00:00.000,BBG000BLHRS2,-0.0018624606,0.004900919,397894
20150327,14:00:00.000,BBG000TJM7F0,-0.014488171,-0.006761207,883377
20150327,14:00:00.000,BBG000J1QLT0,-0.010526549,-0.000957941,347577
20150327,14:00:00.000,BBG000BBBNC6,0.0054013417,-0.0022047965,796170
20150327,14:00:00.000,BBG000BY2Y78,-0.0006869407,-0.0052611507,1060029
20150327,14:00:00.000,BBG000BM6788,-0.0066230884,0.0011846431,688572
20150327,14:00:00.000,BBG000C1FQS9,-0.00040815203,0.0047705434,317116
20150327,14:00:00.000,BBG000BBJQV0,0.00074181246,-0.0014312998,2528471
20150327,14:00:00.000,BBG000BTQR96,-0.00086291763,0.0046390905,576640
20150327,14:00:00.000,BBG000CXYSZ6,0.01276352,0.013008521,395027
20150327,14:00:00.000,BBG000BB5792,0.04946702,0.064720735,3853759
20150327,14:00:00.000,BBG000BNGTQ7,-0.0014110891,0.008706606,394137
20150327,14:00:00.000,BBG000BZTW70,-0.006628394,-0.019081999,4185753
20150327,14:00:00.000,BBG000G0Z878,-0.0030657777,-0.0064065936,1110189
20150327,14:00:00.000,BBG000BFNR17,0.0081688035,0.011238315,147230
20150327,14:00:00.000,BBG002BHBHM1,0.0073788133,0.02354939,486157
20150327,14:00:00.000,BBG000BC4JJ4,0.005120795,0.005325122,416850
20150327,14:00:00.000,BBG000F15NW9,0.007040941,0.012157648,339364
20150327,14:00:00.000,BBG000BKR1D6,0.0048998306,0.002133427,191198
20150327,14:00:00.000,BBG000BCTQ65,-0.0051780744,0.0014576882,3918599
20150327,14:00:00.000,BBG000BNNYW1,-0.008409399,-0.008349253,4475812
20150327,14:00:00.000,BBG000BBCDZ2,-0.004621905,-0.0014999219,644818
20150327,14:00:00.000,BBG000BRK7L6,0.008356754,-0.0034110649,2347507
20150327,14:00:00.000,BBG000DQTXY6,0.0033873178,0.02660649,2027264
20150327,14:00:00.000,BBG000BRXP69,-0.00241357,0.009303041,353826
20150327,14:00:00.000,BBG000BL9JQ1,-0.01626421,-0.020728463,1055302
20150327,14:00:00.000,BBG000DTMH63,-0.0052784323,-0.019080285,2930495
20150327,14:00:00.000,BBG000BJPDZ1,-0.0037532453,0.002544576,133509
20150327,14:00:00.000,BBG000BXWBN9,-0.0031064206,0.004430187,1105010
20150327,14:00:00.000,BBG000C2PW58,0.0020402728,-0.0007857053,186423
20150327,14:00:00.000,BBG000D13GN8,-0.003979323,-0.0004440258,555099
20150327,14:00:00.000,BBG000BB6M98,-0.002145105,-0.0014404953,1575525
20150327,14:00:00.000,BBG000BGYWY6,0.002537181,0.018229906,300097
20150327,14:00:00.000,BBG000BHB3M6,0.0041354992,0.006402268,667205
20150327,14:00:00.000,BBG000G3QLY3,-0.008221489,-0.012050897,448865
20150327,14:00:00.000,BBG000BSBZH7,-0.004806788,0.0026029674,441899
20150327,14:00:00.000,BBG000F7RCJ1,-0.001800317,0.013117507,486161
20150327,14:00:00.000,BBG0039320N9,-0.0024306034,0.0071574077,1460193
20150327,14:00:00.000,BBG000BTZQC4,-0.01473546,-0.020112727,2309100
20150327,14:00:00.000,BBG001M8HHB7,-0.0014569288,0.0041258656,416931
20150327,14:00:00.000,BBG000CZWZ05,0.08701376,0.11566944,4690411
20150327,14:00:00.000,BBG000QY3XZ2,0.0047242977,0.010996492,474019
20150327,14:00:00.000,BBG000BHLYP4,-0.0058355737,-0.005433354,726575
20150327,14:00:00.000,BBG000CHWP52,0.015244016,0.011637361,1996599
20150327,14:00:00.000,BBG000QFJ7H3,0.017703524,0.006362907,5180895
20150327,14:00:00.000,BBG000BFTJ91,0.0013330661,0.0032337292,852825
20150327,14:00:00.000,BBG000BZ2GG4,0.0073444126,0.0068067443,829990
20150327,14:00:00.000,BBG000FKJRC5,0.0017183418,0.0107464725,698584
20150327,14:00:00.000,BBG000BKPL53,0.007743852,0.013659243,733219
20150327,14:00:00.000,BBG000BNC3Y9,-0.006164624,-0.010609078,419769
20150327,14:00:00.000,BBG000BNFLM9,-0.0012414226,-0.001687064,1513876
20150327,14:00:00.000,BBG000BWCKB6,-0.0034484398,0.0066336025,420720
20150327,14:00:00.000,BBG000BR14K5,0.004136537,0.00027161464,567471
20150327,14:00:00.000,BBG0014GJCT9,0.021034693,0.036138143,1165999
20150327,14:00:00.000,BBG000BRRG02,-0.017436333,-0.015876872,1406371
20150327,14:00:00.000,BBG000BP1Q11,-0.006972423,-0.0035991238,555578
20150327,14:00:00.000,BBG000P1F8Q7,-0.01517966,0.0001706052,562881
20150327,14:00:00.000,BBG000BCVMH9,-0.002565065,-0.0064579956,561904
20150327,14:00:00.000,BBG000D7RKJ5,0.0028638951,0.008452398,746168
20150327,14:00:00.000,BBG000FNRZ69,0.016252143,0.008247287,2732030
20150327,14:00:00.000,BBG000BTKGG8,0.0009347084,-0.007124892,1119413
20150327,14:00:00.000,BBG001QD41M9,0.00084475236,0.0067636687,668751
20150327,14:00:00.000,BBG000D9DMK0,0.0045011635,0.0073529677,702187
20150327,14:00:00.000,BBG000BH5DV1,-0.00414712,-0.0010315164,533593
20150327,14:00:00.000,BBG000BMQPL1,-0.007855947,-0.014138844,4912699
20150327,14:00:00.000,BBG000BMDV41,-0.005780905,-0.0020320583,791938
20150327,14:00:00.000,BBG000BQZMH4,0.0016163234,0.008257526,932075
20150327,14:00:00.000,BBG000BS0ZF1,-0.0033124816,-0.0046972036,289050
20150327,14:00:00.000,BBG000BGLRN3,-0.006234481,-0.011279456,1660662
20150327,14:00:00.000,BBG000C0F570,-0.0024826927,-0.0057516545,1584600
20150327,14:00:00.000,BBG000D6L294,-0.005457869,-0.0055016754,429983
20150327,14:00:00.000,BBG000BM5SR2,0.0033747945,0.0044271597,983058
20150327,14:00:00.000,BBG000BYYLS8,-0.00107178,-0.006724238,2146799
20150327,14:00:00.000,BBG000BF6LY3,0.050832205,0.062563635,8401705
20150327,14:00:00.000,BBG000BCBCM7,-0.0066249,-0.0006243434,3146352
20150327,14:00:00.000,BBG000BJ2VQ6,0.007879398,-0.0138272885,2326434
20150327,14:00:00.000,BBG000BJ98Z0,-0.0042377114,0.0051430766,762595
20150327,14:00:00.000,BBG000BLCPY4,0.0064336695,-0.012302981,890439
20150327,14:00:00.000,BBG000D898T9,-0.0010061981,0.004935059,762903
20150327,14:00:00.000,BBG000BMBL90,0.0031140153,0.006768345,917493
20150327,14:00:00.000,BBG000BSXQV7,-0.001550232,0.0068350136,273083
20150327,14:00:00.000,BBG000FVXD63,0.023450257,0.017896816,1276183
20150327,14:00:00.000,BBG000BVMGF2,-0.000990866,-0.0038443827,815395
20150327,14:00:00.000,BBG000C11MQ5,-0.032080323,0.00042848985,454442
20150327,14:00:00.000,BBG000BPQD31,-0.0063175904,-0.00016182917,2321162
20150327,14:00:00.000,BBG000BB5006,-0.00087942457,0.0026036573,1102524
20150327,14:00:00.000,BBG000BHKYH4,-0.0025029157,-0.00074399577,531417
20150327,14:00:00.000,BBG000D1QCF1,0.0014459535,-0.002117416,919351
20150327,14:00:00.000,BBG000CSY9H9,0.004660123,0.01571997,991869
20150327,14:00:00.000,BBG000BRJ809,0.0039053385,0.003636562,237261
20150327,14:00:00.000,BBG000CNFQW6,-0.0006034437,0.0048053935,331901
20150327,14:00:00.000,BBG000BXM6V2,0.0003044295,0.01468897,953238
20150327,14:00:00.000,BBG000BCGY17,0.0061341096,0.0111755775,1661675
20150327,14:00:00.000,BBG000DKCC19,-0.010214422,-0.002096094,1280882
20150327,14:00:00.000,BBG000BKCFC2,0.0019144348,0.009451362,2151293
20150327,14:00:00.000,BBG000BTVJ25,0.00555748,0.006862452,2036312
20150327,14:00:00.000,BBG000BN5HF7,-0.005622236,0.014772871,692439
20150327,14:00:00.000,BBG000Q3JN03,0.00038542386,-0.010735775,9829468
20150327,14:00:00.000,BBG0020B4JG7,0.0070697013,0.016282916,2514176
20150327,14:00:00.000,BBG000BR3KL6,0.002255431,0.005580472,337913
20150327,14:00:00.000,BBG000BRWGG9,0.01839121,0.034167122,15805859
20150327,14:00:00.000,BBG001LWHLJ8,-0.008398393,-0.0037021658,3425420
20150327,14:00:00.000,BBG000C7LMS8,0.00966782,0.02430288,249896
20150327,14:00:00.000,BBG000BPT0C6,0.01624718,0.010013456,1877948
20150327,14:00:00.000,BBG000BSD7C2,0.0021322416,0.008548151,667991
20150327,14:00:00.000,BBG000BRJL00,0.00020918676,0.0051498264,1636709
20150327,14:00:00.000,BBG000C1FB75,0.0020649692,0.0024369988,220168
20150327,14:00:00.000,BBG000BJ3PD2,-0.0021451751,-0.0005999315,729197
20150327,14:00:00.000,BBG000BHLYS1,0.009175458,0.017007802,3207814
20150327,14:00:00.000,BBG000JWD753,-0.002804433,0.0015542668,1648013
20150327,14:00:00.000,BBG000BXMFC3,-0.005940645,-0.007191456,1427888
20150327,14:00:00.000,BBG000CGQ6M4,0.0038607884,-0.0021151109,459515
20150327,14:00:00.000,BBG000DNTSP4,0.0078011486,0.00083347224,1852575
20150327,14:00:00.000,BBG000BFXHL6,-0.013081679,-0.016265556,1961947
20150327,14:00:00.000,BBG000BJL3N0,-0.0005514094,-0.009489544,4805369
20150327,14:00:00.000,BBG000JG0547,-0.0012563326,0.0022512407,741339
20150327,14:00:00.000,BBG000BWSV34,0.0036958784,0.011552709,249991
20150327,14:00:00.000,BBG000BB6WG8,-0.0018306418,0.002591249,1435258
20150327,14:00:00.000,BBG000BCWCG1,-0.014284849,-0.0010412353,2882567
20150327,14:00:00.000,BBG000BB9KF2,0.0070235487,0.012469512,1490783
20150327,14:00:00.000,BBG000C3HSR0,-0.011387699,-0.0067703896,663170
20150327,14:00:00.000,BBG000BFMBQ6,0.008711451,0.019963237,878330
20150327,14:00:00.000,BBG000BP0KQ8,0.022515962,0.034417775,2049015
20150327,14:00:00.000,BBG000BQWPC5,-0.0044652508,0.004526438,917281
20150327,14:00:00.000,BBG001YMS0B8,0.034455273,0.0436038,20083908
20150327,14:00:00.000,BBG000C0LW92,0.0072118854,0.018343464,3525987
20150327,14:00:00.000,BBG000MDCQC2,0.0035852748,0.009587746,1002220
20150327,14:00:00.000,BBG000BK67C7,-0.0037228193,0.0013739578,422683
20150327,14:00:00.000,BBG000BY29C7,0.0075257807,0.014256352,1185326
20150327,14:00:00.000,BBG000BSLZY7,0.011974564,0.0080625545,3374005
20150327,14:00:00.000,BBG000BLKK03,-0.0024107113,0.008377936,1022326
20150327,14:00:00.000,BBG000C2BXK4,-0.017022807,-0.007475057,6473101
20150327,14:00:00.000,BBG000BCZYD3,-0.003002116,0.00876438,534604
20150327,14:00:00.000,BBG000R7RDB4,0.0071946653,0.007065886,635135
20150327,14:00:00.000,BBG000C3GN47,-0.003942718,-0.0044853077,2574951
20150327,14:00:00.000,BBG000BMW2Z0,-0.005148937,0.0010811797,605880
20150327,14:00:00.000,BBG000BKFZM4,0.0064998646,0.009348546,2579944
20150327,14:00:00.000,BBG000G2R6M0,0.008518355,0.001614511,4912527
20150327,14:00:00.000,BBG000C1S2X2,-0.003597247,0.017429482,785247
20150327,14:00:00.000,BBG000F0KF42,-0.0074845753,-0.015694505,1335965
20150327,14:00:00.000,BBG000CS7CT9,-0.0040385383,0.0068012103,1549184
20150327,14:00:00.000,BBG000CPQZ77,-0.010111011,-0.0036437484,1460185
20150327,14:00:00.000,BBG000C8H633,-0.006285001,-0.010612914,3241715
20150327,14:00:00.000,BBG000JH6683,0.011963357,0.04244033,2453187
20150327,14:00:00.000,BBG000BLBXT4,-0.006721008,0.001651138,2723141
20150327,14:00:00.000,BBG000BB07P9,0.020925457,0.012382562,6741810
20150327,14:00:00.000,BBG000BX3TD3,0.0063370033,-0.0056394353,3221671
20150327,14:00:00.000,BBG000F80SZ5,0.0066373446,0.014722109,3277402
20150327,14:00:00.000,BBG000BKFBD7,-0.00017222538,-0.0053607207,940640
20150327,14:00:00.000,BBG000BPWXK1,0.018538496,0.012639091,3314983
20150327,14:00:00.000,BBG000BH5LT6,-0.023792714,-0.045707393,7068706
20150327,14:00:00.000,BBG000BBD070,-0.012792419,-0.01814606,955442
20150327,14:00:00.000,BBG000BWJFZ4,-0.018701354,-0.019190185,273710
20150327,14:00:00.000,BBG000BWNFZ9,-0.0057794326,-0.012066242,1102237
20150327,14:00:00.000,BBG000BH3JF8,-3.1564465e-05,0.0054550893,1044845
20150327,14:00:00.000,BBG000C0HQ54,0.018012602,0.028923972,1429203
20150327,14:00:00.000,BBG000FL1TC8,-0.005609739,-0.0029164911,951642
20150327,14:00:00.000,BBG000BV8DN6,0.0006250741,0.005504002,1482664
20150327,14:00:00.000,BBG0029SNR63,-0.0060645603,-7.4900265e-05,722439
20150327,14:00:00.000,BBG000DYGNW7,-0.0026326466,0.0005530726,399785
20150327,14:00:00.000,BBG000QW7VC1,-0.0023579213,-0.00052590866,1110664
20150327,14:00:00.000,BBG000BFQYY3,-0.007985318,-0.0018910182,1003616
20150327,14:00:00.000,BBG000BGVW60,-0.0047793994,0.0011373884,1142934
20150327,14:00:00.000,BBG000C1BW00,-0.004059573,0.0071549267,615982
20150327,14:00:00.000,BBG000BJ81C1,0.0053038634,0.0009365069,710169
20150327,14:00:00.000,BBG000BFDXW1,0.003312797,0.0016609863,2992853
20150327,14:00:00.000,BBG000BSC0K9,-5.760378e-05,0.010553007,985689
20150327,14:00:00.000,BBG000BD8PN9,-0.006060392,-0.008793753,2171203
20150327,14:00:00.000,BBG000DSMS70,-0.009538326,0.012662267,379481
20150327,14:00:00.000,BBG000BQ5DS5,0.0019749873,-0.0036571787,1576366
20150327,14:00:00.000,BBG000G30YX4,0.010196741,0.029647784,909870
20150327,14:00:00.000,BBG000BQ2C28,0.0003819581,0.0074407076,656241
20150327,14:00:00.000,BBG000BN2DC2,0.0022942708,0.008257012,965168
20150327,14:00:00.000,BBG000LD9JQ8,-0.010310313,-0.0051239114,529917
20150327,14:00:00.000,BBG000BGKTF9,0.0070454003,0.0008918631,1212599
20150327,14:00:00.000,BBG000BBVJZ8,-0.007679504,-0.009989323,1135365
20150327,14:00:00.000,BBG000D9D830,-0.0043817246,-0.0053614313,2713634
20150327,14:00:00.000,BBG000BJSBJ0,0.0015795988,0.007396964,649454
20150327,14:00:00.000,BBG000BH1NH9,0.00025615518,-0.0012018795,1076910
20150327,14:00:00.000,BBG000BVDLH9,-0.005209615,0.003981072,609427
20150327,14:00:00.000,BBG000FJLFX8,0.0032782508,0.011894808,849796
20150327,14:00:00.000,BBG000MZFMS2,-0.016845208,-5.8796104e-05,583907
20150327,14:00:00.000,BBG000C4DPX1,0.0025999153,0.012387387,1215610
20150327,14:00:00.000,BBG000C0MF34,0.012434542,0.00999654,349030
20150327,14:00:00.000,BBG000QBR5J5,0.0023507217,-0.0029926589,1464692
20150327,14:00:00.000,BBG000BCVJ77,0.0012592371,0.00580706,1031042
20150327,14:00:00.000,BBG000QX74T1,0.00523055,0.0067510298,203373
20150327,14:00:00.000,BBG000BBDV81,0.002343109,0.00783622,1376495
20150327,14:00:00.000,BBG000HCJMF9,-0.0043876404,-0.012178983,1006826
20150327,14:00:00.000,BBG000C46HM9,-0.0020614234,0.0060065347,1171186
20150327,14:00:00.000,BBG000BGPTV6,0.0003201171,0.0023031044,478998
20150327,14:00:00.000,BBG000BRD0D8,0.0011448953,-0.00702689,1683270
20150327,14:00:00.000,BBG000BGJRC8,-0.001695447,-0.006914109,3574909
20150327,14:00:00.000,BBG000DHSPT0,0.01300406,0.009663841,933800
20150327,14:00:00.000,BBG000J6XT05,-0.0012707489,0.002460396,3049990
20150327,14:00:00.000,BBG000BH3GZ2,0.0005610218,-0.00038162386,942822
20150327,14:00:00.000,BBG000BTR593,0.014376596,0.0057692206,2802823
20150327,14:00:00.000,BBG000B9ZXB4,0.0011087254,0.0066655693,1499754
20150327,14:00:00.000,BBG000BL4504,-0.0041340273,-0.009833989,14337365
20150327,14:00:00.000,BBG000BNBDC2,-0.0013066641,0.0047649126,2248885
20150327,14:00:00.000,BBG000C734W3,-0.0040387413,0.017485404,414373
20150327,14:00:00.000,BBG000BWLMJ4,0.0033559226,0.010304378,1885072
20150327,14:00:00.000,BBG000H556T9,0.0061815823,0.005774545,1539143
20150327,14:00:00.000,BBG000BVPPM1,-0.01181744,-0.0053193495,663297
20150327,14:00:00.000,BBG000BCG930,0.008472711,0.018928934,790287
20150327,14:00:00.000,BBG000BJF1Z8,-0.008477632,-0.0041381926,434278
20150327,14:00:00.000,BBG000BND699,0.004613578,0.008872774,3116621
20150327,14:00:00.000,BBG000BD4VG8,-0.0026156174,0.0035000865,1385069
20150327,14:00:00.000,BBG000BC2C10,-0.0002792933,-0.0030925476,1966575
20150327,14:00:00.000,BBG000NV1KK7,-0.006280743,0.001470796,2329286
20150327,14:00:00.000,BBG000BLZRJ2,0.005096358,0.0025285166,4735393
20150327,14:00:00.000,BBG000F6H8W8,-0.0025126566,0.0022981204,683066
20150327,14:00:00.000,BBG000BMY992,-0.008564903,0.0004602551,1231227
20150327,14:00:00.000,BBG000BT9DW0,0.0041189585,0.006171988,3101047
20150327,14:00:00.000,BBG000PX3XC0,-0.008045199,-0.020618185,7095860
20150327,14:00:00.000,BBG000BWXBC2,-0.007559316,-0.006106733,2488272
20150327,14:00:00.000,BBG000BB6KF5,0.0012298189,-0.006127249,2249965
20150327,14:00:00.000,BBG000FFDM15,0.002728273,-0.0049958336,2556012
20150327,14:00:00.000,BBG000KLB4Q1,0.036405034,0.046864588,6823505
20150327,14:00:00.000,BBG001DCCGR8,-0.011039208,-0.00847422,744369
20150327,14:00:00.000,BBG000BVV7G1,0.0036479484,0.0019722837,2057941
20150327,14:00:00.000,BBG000BHGDH5,0.00046035767,0.0064561577,1984783
20150327,14:00:00.000,BBG000BWVCP8,0.010013646,0.0052782674,2236733
20150327,14:00:00.000,BBG000C15T95,-0.0075918175,-0.005843315,1184162
20150327,14:00:00.000,BBG000D4LWF6,-0.00043004745,0.0054388302,8269873
20150327,14:00:00.000,BBG000B9WH86,-0.0014506358,-0.011640978,9896789
20150327,14:00:00.000,BBG000Q9HH23,-0.007114467,0.0012702999,364177
20150327,14:00:00.000,BBG00286S4N9,-0.00021906442,-0.0044615157,872791
20150327,14:00:00.000,BBG000BHX7N2,-0.00035253353,-0.00088556274,1843363
20150327,14:00:00.000,BBG000L9CV04,-0.0053587602,0.00020815215,1445480
20150327,14:00:00.000,BBG000BH13K9,0.001446369,-0.0011146464,2476302
20150327,14:00:00.000,BBG000FG3C43,-0.02842481,-0.036557984,8935670
20150327,14:00:00.000,BBG000C496P7,0.005358464,0.005492045,2631905
20150327,14:00:00.000,BBG000BXRPH1,0.0069673685,0.0041767037,785068
20150327,14:00:00.000,BBG000BNJHS8,-0.0027418316,0.023161791,3369981
20150327,14:00:00.000,BBG000BBPFB9,0.00013127881,-0.0017854144,9956172
20150327,14:00:00.000,BBG000WCFV84,-0.008837692,-0.015136624,2007570
20150327,14:00:00.000,BBG0019JZ882,0.0040697837,0.003148588,3222987
20150327,14:00:00.000,BBG000H89QJ6,-0.0036304067,-0.0025679218,909620
20150327,14:00:00.000,BBG000BFWKC0,0.00670483,0.0018706305,1552589
20150327,14:00:00.000,BBG000C5HS04,-0.006604456,0.0027179853,970079
20150327,14:00:00.000,BBG000BJX8C8,0.015817814,0.012258826,3200642
20150327,14:00:00.000,BBG000BNDN65,-0.0061771343,0.008784574,1778077
20150327,14:00:00.000,BBG000BP52R2,-0.00036862624,0.0060275435,862027
20150327,14:00:00.000,BBG000M65M61,0.013689977,0.037795655,2513071
20150327,14:00:00.000,BBG000BP6LJ8,-0.0003805289,0.0048000817,3748479
20150327,14:00:00.000,BBG000F0PF65,0.0009444845,0.0049552405,1264033
20150327,14:00:00.000,BBG000H8TVT2,0.0053944765,0.013485803,1950030
20150327,14:00:00.000,BBG000DQLV23,-0.0028594928,0.003692375,2356638
20150327,14:00:00.000,BBG000BHBK84,0.03287763,0.035963662,12700038
20150327,14:00:00.000,BBG000DLFM21,-0.014557114,7.508778e-05,656173
20150327,14:00:00.000,BBG000BJDB15,-0.02302538,-0.034351014,13095692
20150327,14:00:00.000,BBG000CTQBF3,-0.0022505869,0.0015248487,2350891
20150327,14:00:00.000,BBG000BQQ2S6,-0.0014085675,-0.008818096,1730366
20150327,14:00:00.000,BBG000BHVJJ3,-0.0141447615,-0.022071334,18510976
20150327,14:00:00.000,BBG000F1ZSQ2,-0.010470626,-0.008926308,2659673
20150327,14:00:00.000,BBG000BQPC32,-0.002627226,-0.0043734526,32744710
20150327,14:00:00.000,BBG000C43RR5,0.0024840306,0.003303111,2901714
20150327,14:00:00.000,BBG000CH5208,0.0027674483,0.010533652,1175467
20150327,14:00:00.000,BBG000J2XL74,0.0033160711,0.0030131573,2577661
20150327,14:00:00.000,BBG000BC40Y8,-0.0065733376,-0.0077484585,1444512
20150327,14:00:00.000,BBG000KHWT55,-0.019130215,-0.025299901,11831459
20150327,14:00:00.000,BBG000BW8S60,0.0026148711,0.008227619,1430834
20150327,14:00:00.000,BBG000BZ9223,-0.0062218755,-0.007826188,1345521
20150327,14:00:00.000,BBG000DWYF03,-0.0017985146,-0.0020623396,4035678
20150327,14:00:00.000,BBG000BBGGQ1,-0.025352119,-0.025408523,3829205
20150327,14:00:00.000,BBG000BBDZG3,0.002135354,-0.002953527,3209326
20150327,14:00:00.000,BBG000BQLTW7,-0.0098293545,-0.010236122,9043285
20150327,14:00:00.000,BBG000NDYB67,0.002094941,0.0013382229,5413391
20150327,14:00:00.000,BBG000C6CFJ5,0.0051924777,0.0008004023,858088
20150327,14:00:00.000,BBG000BGRY34,0.0002922764,0.0073519177,1825914
20150327,14:00:00.000,BBG000DH7JK6,-0.00054068747,0.0032419518,2327904
20150327,14:00:00.000,BBG000BW3299,0.0089489445,0.004990939,3627422
20150327,14:00:00.000,BBG000DWG505,0.0060026543,0.0033905427,1709745
20150327,14:00:00.000,BBG000BF0K17,0.0023996274,-0.0027544624,3600283
20150327,14:00:00.000,BBG000R7Z112,-0.00377777,0.017465625,4387431
20150327,14:00:00.000,BBG000BCSST7,-0.001148054,0.0053993543,1375693
20150327,14:00:00.000,BBG000BQQH30,-0.0014295614,-0.004742015,2233504
20150327,14:00:00.000,BBG000BCQZS4,0.0034065908,-0.0047138818,5319978
20150327,14:00:00.000,BBG000BMX289,-0.010860559,-0.008178817,7735212
20150327,14:00:00.000,BBG000BNWG87,0.001461787,0.0091349,2452999
20150327,14:00:00.000,BBG000BBS2Y0,-0.0044337185,0.013825367,1116911
20150327,14:00:00.000,BBG000BH4R78,-0.00020097842,0.0047494513,3306975
20150327,14:00:00.000,BBG005P7Q881,0.0031825497,0.028479556,5453219
20150327,14:00:00.000,BBG000BKZB36,0.0010354354,0.013390916,1942803
20150327,14:00:00.000,BBG000GFFQN9,0.0154197095,0.017088018,15351202
20150327,14:00:00.000,BBG0025Y4RY4,0.00027095914,0.0036655844,3775633
20150327,14:00:00.000,BBG000BFC8J2,-0.009367178,0.011642626,3438036
20150327,14:00:00.000,BBG000H6HNW3,-0.005220781,0.0064093345,10906506
20150327,14:00:00.000,BBG000BNSZP1,-0.0041039903,-0.005438837,2021677
20150327,14:00:00.000,BBG000N9MNX3,-0.036620557,-0.033192284,5221867
20150327,14:00:00.000,BBG000BPD168,0.0005034851,0.0045135296,3297205
20150327,14:00:00.000,BBG000BKTFN2,0.0018635903,0.0018527437,5958513
20150327,14:00:00.000,BBG000C17X76,-0.010302303,0.009672372,1042563
20150327,14:00:00.000,BBG000BR2TH3,-0.0062488522,-0.0006085078,3116792
20150327,14:00:00.000,BBG000PSKYX7,-0.006784959,-0.0035806173,3623766
20150327,14:00:00.000,BBG000BT41Q8,0.0066364696,0.0010821433,2872209
20150327,14:00:00.000,BBG000C5Z1S3,-0.014610604,-0.019501634,15829920
20150327,14:00:00.000,BBG000BLNNH6,0.00011756345,-0.0040471773,1666719
20150327,14:00:00.000,BBG000BFT2L4,0.0023493262,0.0035773008,7281424
20150327,14:00:00.000,BBG000CGC1X8,-0.0016937277,-0.0041693673,4762189
20150327,14:00:00.000,BBG000HS77T5,0.008738888,0.0035115383,5687486
20150327,14:00:00.000,BBG000C3J3C9,0.0017516147,0.0029539831,10808728
20150327,14:00:00.000,BBG000FH8PX5,-0.0003414086,0.011066024,1177645
20150327,14:00:00.000,BBG000BLBVN4,-0.004462183,-0.00066155347,258793
20150327,14:00:00.000,BBG000BSJK37,0.004613029,-0.0018277976,9961863
20150327,14:00:00.000,BBG000CL9VN6,-0.012428413,-0.0034202696,1776053
20150327,14:00:00.000,BBG000BVPV84,0.00590435,0.013027644,1509803
20150327,14:00:00.000,BBG000K4ND22,0.00017111405,-0.007931973,2711617
20150327,14:00:00.000,BBG000BWQFY7,0.00025394856,-0.008076277,6337301
20150327,14:00:00.000,BBG002W96FT9,-0.00801712,-0.008771733,1176891
20150327,14:00:00.000,BBG000BMHYD1,0.0012289209,0.0049939426,2411874
20150327,14:00:00.000,BBG000BR2B91,0.0037560572,0.009070716,11243940
20150327,14:00:00.000,BBG000BK6MB5,0.00023027505,0.0016120782,13972340
20150327,14:00:00.000,BBG000FY4S11,0.0025276262,-0.005858968,9915300
20150327,14:00:00.000,BBG000DMBXR2,0.007433442,-0.0005040957,6004530
20150327,14:00:00.000,BBG000C0G1D1,0.0031817376,-0.0026598782,16476927
20150327,14:00:00.000,BBG000BHSKN9,-0.0094139185,-0.008010498,984709
20150327,14:00:00.000,BBG000CKGBP2,-0.015872909,0.0030195524,4552111
20150327,14:00:00.000,BBG000GZQ728,0.0006003392,-0.006167525,5095058
20150327,14:00:00.000,BBG000BPH459,-0.0053004087,-0.00606674,16554631
20150327,14:00:00.000,BBG000BCTLF6,6.7643516e-05,-0.0071311947,47353644
20150327,14:00:00.000,BBG000MM2P62,-0.0026842298,0.0042754225,12098241
20150327,14:00:00.000,BBG000B9XRY4,-0.005817771,-0.006356852,22774644
20150327,14:15:00.000,BBG000CNZC55,-0.009523485,0.0021656726,3176492
20150327,14:15:00.000,BBG000FH5YM1,0.0033032792,0.005490408,3005300
20150327,14:15:00.000,BBG000BLM0V1,-0.005437666,-0.004873285,411619
20150327,14:15:00.000,BBG000HGYNZ9,-0.004223952,-0.0117042335,1755231
20150327,14:15:00.000,BBG000BF6RQ9,0.0067433803,0.027417846,572598
20150327,14:15:00.000,BBG000BFV115,0.0061616395,0.0016648993,739361
20150327,14:15:00.000,BBG0015XMW40,0.0155060245,0.016030634,373222
20150327,14:15:00.000,BBG000FBMY72,-0.009877514,-0.009407154,1522883
20150327,14:15:00.000,BBG000BDWKC5,0.009455323,0.0113084605,1358030
20150327,14:15:00.000,BBG000G6BN50,0.01174659,0.008808143,285804
20150327,14:15:00.000,BBG000BLDV98,-0.0071094683,0.0012505976,1011669
20150327,14:15:00.000,BBG000R0L5J4,-0.0006713219,-0.002112382,431371
20150327,14:15:00.000,BBG006NV2Q11,-0.015424083,-0.015624832,1334895
20150327,14:15:00.000,BBG000BC2R71,0.0024870376,-0.002421069,788027
20150327,14:15:00.000,BBG000BN1XR3,0.0023797797,0.009996263,287868
20150327,14:15:00.000,BBG000GPXKX9,-0.009316338,-0.00386192,257664
20150327,14:15:00.000,BBG000DV7MX4,-5.3692274e-05,0.0017203059,3103581
20150327,14:15:00.000,BBG000BGRKT6,-0.00951363,-0.0011989546,332417
20150327,14:15:00.000,BBG000BB5BF6,-0.017339902,-0.010446157,4279875
20150327,14:15:00.000,BBG000BVB8Q0,-0.0007763605,2.9981648e-09,8310680
20150327,14:15:00.000,BBG000DGPR66,0.0113017345,0.017071381,1007544
20150327,14:15:00.000,BBG000BQ74K1,-0.002217536,-0.005171109,325285
20150327,14:15:00.000,BBG000RNTSX0,-0.00032247778,0.0073328693,247268
20150327,14:15:00.000,BBG000N746D6,0.013178947,0.013112119,1697502
20150327,14:15:00.000,BBG000CR90K4,0.022054888,0.018269587,20104686
20150327,14:15:00.000,BBG000BVL2G3,0.0069896737,0.006540384,1058885
20150327,14:15:00.000,BBG000BPQVR5,-0.004244371,-0.001716048,353944
20150327,14:15:00.000,BBG000CB8Q50,0.0045206686,0.007754,320480
20150327,14:15:00.000,BBG000D42FJ0,-0.00084042846,-0.0144317495,1189045
20150327,14:15:00.000,BBG003641015,-0.006119616,0.001218782,959628
20150327,14:15:00.000,BBG000CPHYL4,0.0092643155,0.010784477,741287
20150327,14:15:00.000,BBG000BKL348,0.004020089,0.0067679468,227229
20150327,14:15:00.000,BBG000BMF5J0,-0.009578878,0.0013080867,3292212
20150327,14:15:00.000,BBG000BCHG15,0.0035348267,0.0063286135,230086
20150327,14:15:00.000,BBG000BJKPG0,-0.0050059226,-6.3979205e-05,306719
20150327,14:15:00.000,BBG000HS74G6,-0.008695562,-0.014011089,716774
20150327,14:15:00.000,BBG000BVHBM1,-0.0077208774,0.016428964,869386
20150327,14:15:00.000,BBG002PHSYX9,-0.017217707,-0.011193125,640656
20150327,14:15:00.000,BBG000D2ZTS8,-0.0028539144,0.011950502,1517217
20150327,14:15:00.000,BBG000BGYMH7,-0.0024794166,0.00094935007,381739
20150327,14:15:00.000,BBG000PV2L86,-5.84741e-05,0.012520406,570922
20150327,14:15:00.000,BBG000FQ6PY6,0.0029166683,0.002997507,577852
20150327,14:15:00.000,BBG000R06BX2,0.008007213,0.010229468,1001533
20150327,14:15:00.000,BBG000BCWKD6,0.002481728,0.0012736771,1253350
20150327,14:15:00.000,BBG000CPBCL8,-0.004384624,-0.0036424692,458771
20150327,14:15:00.000,BBG000B9X8C0,0.005231111,0.011725588,972010
20150327,14:15:00.000,BBG000BDY3Y7,-0.009343203,-0.007644325,365436
20150327,14:15:00.000,BBG001XJRMF5,-0.0014414238,0.0013216889,1401700
20150327,14:15:00.000,BBG000BJ26K7,0.019470355,0.0131386565,1002271
20150327,14:15:00.000,BBG000BQ87N0,-0.00079199695,0.0067122392,503237
20150327,14:15:00.000,BBG000C37332,0.007869878,0.0078296205,368776
20150327,14:15:00.000,BBG000C4ZZ10,0.0054514003,0.009595642,546028
20150327,14:15:00.000,BBG000BPNP00,0.006022188,0.003834052,759072
20150327,14:15:00.000,BBG000BXBHJ4,-0.007215285,-0.017435836,862593
20150327,14:15:00.000,BBG000FDBX90,0.0078098415,0.007342345,1909841
20150327,14:15:00.000,BBG000BKNX95,0.0009517806,0.0030597548,858055
20150327,14:15:00.000,BBG000BV4XJ1,0.006081012,0.029821096,303720
20150327,14:15:00.000,BBG000MQ1SN9,0.0047286884,0.007336775,433708
20150327,14:15:00.000,BBG000KBQZ88,-0.0054739346,0.00041402795,692121
20150327,14:15:00.000,BBG000BXNJ07,-0.008651684,-0.009202905,3948575
20150327,14:15:00.000,BBG000DLVDK3,0.0050913496,0.0030864119,1330835
20150327,14:15:00.000,BBG000BB03M1,0.02702414,0.016317023,1114079
20150327,14:15:00.000,BBG000BWGYF8,-0.0016857556,0.0034512458,301688
20150327,14:15:00.000,BBG000BPZBB6,0.021145139,0.02360071,1361433
20150327,14:15:00.000,BBG000JKCWS0,0.008960033,0.0047126375,414622
20150327,14:15:00.000,BBG000BNPSQ9,0.026723277,0.058012772,991019
20150327,14:15:00.000,BBG000C060M4,-0.0043650293,-0.0078070266,165117
20150327,14:15:00.000,BBG000BFDLV8,0.0053057256,0.015277094,520281
20150327,14:15:00.000,BBG000C2V3D6,0.0042980285,0.01058809,738149
20150327,14:15:00.000,BBG000BC9938,-0.0062146317,-0.008509019,504098
20150327,14:15:00.000,BBG000C22QV7,0.00067051715,0.008769081,687197
20150327,14:15:00.000,BBG000BMTFR4,-0.0033276142,-0.005390735,984325
20150327,14:15:00.000,BBG000BKTT89,-0.0010246536,0.0065032574,228448
20150327,14:15:00.000,BBG000BWXL85,0.003055378,0.007431361,1699790
20150327,14:15:00.000,BBG0014GG205,0.031862102,0.027803855,5535496
20150327,14:15:00.000,BBG000BGFZR8,0.0027750013,0.006368593,1006638
20150327,14:15:00.000,BBG000V31J96,0.004589145,0.009751357,1813434
20150327,14:15:00.000,BBG000BNNKG9,0.005105613,0.015088468,1325433
20150327,14:15:00.000,BBG000BSSC44,-0.007956518,-0.018182896,723477
20150327,14:15:00.000,BBG000BSY3K9,-0.0055791815,-0.00010750458,332889
20150327,14:15:00.000,BBG000BPMH90,-0.0050884467,-0.0077054994,548981
20150327,14:15:00.000,BBG000BX5ZF5,-0.017070843,-0.016414193,3698005
20150327,14:15:00.000,BBG000BR37X2,0.0073890476,0.0025981877,1336510
20150327,14:15:00.000,BBG000C9F2F9,-0.020887252,0.0022228614,901967
20150327,14:15:00.000,BBG000D9KWL9,0.009168195,0.002094477,548572
20150327,14:15:00.000,BBG000PLXQQ3,-0.0037730825,0.0004771885,333947
20150327,14:15:00.000,BBG000HZFZX3,-0.001970929,0.004752929,467978
20150327,14:15:00.000,BBG000BDXGP9,0.03217466,0.04216483,2683508
20150327,14:15:00.000,BBG000BB29X4,0.0054821796,0.011327579,661790
20150327,14:15:00.000,BBG001C7TST4,0.0020575412,0.008642687,727525
20150327,14:15:00.000,BBG000BMKDM3,0.0007253812,0.008253527,960960
20150327,14:15:00.000,BBG000FFH4P5,0.0031507222,0.007049079,596159
20150327,14:15:00.000,BBG000C75N77,0.0022734995,-0.007550476,470991
20150327,14:15:00.000,BBG000C221G9,-0.011851436,-0.006682085,554368
20150327,14:15:00.000,BBG000BKXFN7,0.011745851,-0.004714212,2049860
20150327,14:15:00.000,BBG000BWP7D9,0.008348062,0.016579349,924541
20150327,14:15:00.000,BBG000DY8ZS4,-0.014772717,-0.014280321,3107692
20150327,14:15:00.000,BBG000BFL116,0.004302204,-0.0012582385,842088
20150327,14:15:00.000,BBG000BKLH74,0.0069957147,0.009317442,1599316
20150327,14:15:00.000,BBG000BS9489,-0.00048304436,0.0035778887,330875
20150327,14:15:00.000,BBG000BP8Z50,-0.002532859,-0.0045856745,795994
20150327,14:15:00.000,BBG000BS7KS3,0.0085187415,0.012676603,997804
20150327,14:15:00.000,BBG000BMZ7P7,0.00071454805,-0.005573592,541781
20150327,14:15:00.000,BBG000FBK808,-0.03731878,-0.04921174,5347225
20150327,14:15:00.000,BBG000R8ZVD1,-0.008653431,0.0017194868,2119213
20150327,14:15:00.000,BBG000BLMZK6,-0.0062196194,0.013757131,788314
20150327,14:15:00.000,BBG000BQSQ38,0.007561501,0.010405489,1272888
20150327,14:15:00.000,BBG000BBL0Y1,-0.007866746,0.013158981,578162
20150327,14:15:00.000,BBG001QZCPJ2,0.006722526,0.017219173,1122155
20150327,14:15:00.000,BBG000CVWGS6,0.004622722,0.009344261,1962445
20150327,14:15:00.000,BBG000BCNYT9,0.0075330096,0.0012663569,4564694
20150327,14:15:00.000,BBG000PVRDL2,0.011492521,0.008643942,2281147
20150327,14:15:00.000,BBG000BJQWD2,0.0004823379,0.0042235777,454100
20150327,14:15:00.000,BBG000C9W1Y1,0.0026189443,0.0016295381,1404449
20150327,14:15:00.000,BBG000BJ49H3,0.007246637,0.007607138,724410
20150327,14:15:00.000,BBG000BFVXX0,-0.0016965378,0.0076262676,1704449
20150327,14:15:00.000,BBG000FLZN98,-0.0037103668,0.0052187867,220820
20150327,14:15:00.000,BBG000FLPRH1,0.0024740398,0.00044197388,998386
20150327,14:15:00.000,BBG000BYWTX7,-0.0019829308,-0.005346025,3835051
20150327,14:15:00.000,BBG000BY33P5,-0.0038024196,-0.0022418043,2158485
20150327,14:15:00.000,BBG000BBB3K1,0.0008331839,0.00821064,1551932
20150327,14:15:00.000,BBG000DN7P92,0.008818411,0.015460551,701646
20150327,14:15:00.000,BBG000BBMSJ6,0.006080388,0.0028925405,968167
20150327,14:15:00.000,BBG000BH2JM1,0.0012302217,0.0012901035,2619013
20150327,14:15:00.000,BBG000BFS7D3,-0.0040932116,0.002781461,283917
20150327,14:15:00.000,BBG000CKVSG8,-0.010366882,-0.016779235,1674808
20150327,14:15:00.000,BBG000BB6G37,0.0007573908,-0.0011324973,1043977
20150327,14:15:00.000,BBG000BM7HL0,-0.00038377708,0.003150388,769308
20150327,14:15:00.000,BBG000BCYP43,-0.0026410087,0.006630811,267509
20150327,14:15:00.000,BBG000BV75B7,0.0043428927,0.003013637,606909
20150327,14:15:00.000,BBG000TWC2V5,0.00012787052,0.008107416,298396
20150327,14:15:00.000,BBG000BLW530,0.0041103475,0.0020342004,1287836
20150327,14:15:00.000,BBG000BKWSR6,-0.0013983592,-0.005517991,3028194
20150327,14:15:00.000,BBG000C2YHG9,0.0017601225,0.0054026213,628459
20150327,14:15:00.000,BBG000BRQ6L2,0.0080657955,0.034548026,4132585
20150327,14:15:00.000,BBG000BQHGR6,0.0029630482,-0.0010602376,762852
20150327,14:15:00.000,BBG000BN9WT5,0.004137337,-1.1626156e-07,731077
20150327,14:15:00.000,BBG000BVWLJ6,-0.0016865782,0.00046832915,636127
20150327,14:15:00.000,BBG000BKQ3V3,-0.012330722,-0.028840799,5465759
20150327,14:15:00.000,BBG000H0QBS7,-0.006114696,0.00019309006,1098815
20150327,14:15:00.000,BBG000H4YVR7,0.0018020319,0.026998317,486074
20150327,14:15:00.000,BBG000PYZSR8,-0.011172622,-0.0054466114,282814
20150327,14:15:00.000,BBG007TJF1N7,0.008040299,0.015222784,1721242
20150327,14:15:00.000,BBG000C2ZCH8,0.0038817092,0.011386374,1077672
20150327,14:15:00.000,BBG000BTCH57,-0.008610997,-6.890674e-05,736375
20150327,14:15:00.000,BBG000BR54L0,0.0072258245,0.029746775,2559015
20150327,14:15:00.000,BBG000BB5373,0.0086743655,0.013927901,3597004
20150327,14:15:00.000,BBG000BHZ5J9,0.011470845,0.007444285,477576
20150327,14:15:00.000,BBG000CXD6X9,0.0018540492,0.012592939,545645
20150327,14:15:00.000,BBG000BKZTP3,0.004371253,-0.0003340314,724438
20150327,14:15:00.000,BBG000BB1TH9,-0.00510474,-0.012352833,536978
20150327,14:15:00.000,BBG000D5S4M0,0.013181603,0.020088675,381877
20150327,14:15:00.000,BBG000BN84F3,-0.0046571204,-0.000724997,1095037
20150327,14:15:00.000,BBG000HW5GX3,-0.010835324,-0.014050454,1376042
20150327,14:15:00.000,BBG000CHPY97,-0.0111447945,-0.020868791,3575825
20150327,14:15:00.000,BBG000D2M0Z7,0.002467478,0.007545706,961512
20150327,14:15:00.000,BBG000BF1R66,0.006680623,0.002302964,770028
20150327,14:15:00.000,BBG000BJ8YN7,-0.0060370895,-0.008922316,938283
20150327,14:15:00.000,BBG000G9CGL0,0.009709897,0.020641798,390502
20150327,14:15:00.000,BBG000BQ8KV2,-0.0009757003,-0.0047554057,890017
20150327,14:15:00.000,BBG000BVMPN3,0.0040833536,-0.0022177931,594940
20150327,14:15:00.000,BBG000BGD7W6,-0.004816163,0.0040952065,627206
20150327,14:15:00.000,BBG000BC15S7,0.001563658,-0.0016158706,783838
20150327,14:15:00.000,BBG000Q2HM09,0.031293098,0.03139702,1107990
20150327,14:15:00.000,BBG000BQVTF5,-0.0033519138,-0.0029697383,622955
20150327,14:15:00.000,BBG000VC0T95,0.005123731,0.01255672,656633
20150327,14:15:00.000,BBG000F86GP6,0.0018680884,0.0039665396,425486
20150327,14:15:00.000,BBG000BWVSR1,-0.0017323003,0.0031846056,670053
20150327,14:15:00.000,BBG000BX8DC4,0.0020725105,0.0092214495,652283
20150327,14:15:00.000,BBG000BHCP19,0.0027039496,0.0020743515,705449
20150327,14:15:00.000,BBG000BK6G19,0.014471698,0.014162715,1510253
20150327,14:15:00.000,BBG000RGM5P1,-0.006975668,-0.0041076923,543614
20150327,14:15:00.000,BBG000BF5RY1,-0.0012522838,0.003545498,980732
20150327,14:15:00.000,BBG000BP4MH0,0.0008312766,-0.0001803824,926253
20150327,14:15:00.000,BBG000D8RG11,-0.020879036,-0.017035061,1987239
20150327,14:15:00.000,BBG000FP1N32,-0.0027825916,-0.011815974,3305364
20150327,14:15:00.000,BBG000BLHRS2,-0.0020632765,0.005197947,410210
20150327,14:15:00.000,BBG000TJM7F0,-0.014897272,-0.0060659153,928483
20150327,14:15:00.000,BBG000J1QLT0,-0.011145794,-0.00065293664,377533
20150327,14:15:00.000,BBG000BBBNC6,0.0052185347,-0.0015748413,855906
20150327,14:15:00.000,BBG000BY2Y78,0.0012644549,-0.0027559588,1251696
20150327,14:15:00.000,BBG000BM6788,-0.005987848,0.0021479612,721804
20150327,14:15:00.000,BBG000C1FQS9,-0.00024792802,0.004509043,334324
20150327,14:15:00.000,BBG000BBJQV0,3.2775544e-05,-0.0023852861,2654728
20150327,14:15:00.000,BBG000BTQR96,-0.0016183455,0.004270131,630086
20150327,14:15:00.000,BBG000CXYSZ6,0.012958073,0.012874811,410146
20150327,14:15:00.000,BBG000BB5792,0.04739957,0.0627214,3909850
20150327,14:15:00.000,BBG000BNGTQ7,-0.0014049644,0.008814791,409846
20150327,14:15:00.000,BBG000BZTW70,-0.011098434,-0.024953526,4407540
20150327,14:15:00.000,BBG000G0Z878,-0.0038142148,-0.006406519,1155235
20150327,14:15:00.000,BBG000BFNR17,0.008164627,0.011460877,157630
20150327,14:15:00.000,BBG002BHBHM1,0.0070862756,0.023786098,534186
20150327,14:15:00.000,BBG000BC4JJ4,0.0068302853,0.0071774675,455305
20150327,14:15:00.000,BBG000F15NW9,0.006653308,0.012927184,353799
20150327,14:15:00.000,BBG000BKR1D6,0.0047950963,0.0026667505,204161
20150327,14:15:00.000,BBG000BCTQ65,-0.005891947,0.00029097375,3971162
20150327,14:15:00.000,BBG000BNNYW1,-0.010572723,-0.01054655,4701996
20150327,14:15:00.000,BBG000BBCDZ2,-0.004433692,-0.0008825378,666908
20150327,14:15:00.000,BBG000BRK7L6,0.0043550744,-0.007845914,2459129
20150327,14:15:00.000,BBG000DQTXY6,0.0022666669,0.025856946,2163635
20150327,14:15:00.000,BBG000BRXP69,-0.00038499254,0.012368696,388321
20150327,14:15:00.000,BBG000BL9JQ1,-0.018825438,-0.023442846,1142656
20150327,14:15:00.000,BBG000DTMH63,-0.0042702444,-0.019080171,3089690
20150327,14:15:00.000,BBG000BJPDZ1,-0.006605815,0.0004307538,142194
20150327,14:15:00.000,BBG000BXWBN9,-0.0050532096,0.0014098692,1175629
20150327,14:15:00.000,BBG000C2PW58,0.0015755506,-0.0010616133,199592
20150327,14:15:00.000,BBG000D13GN8,-0.0018670912,0.0010362084,576527
20150327,14:15:00.000,BBG000BB6M98,-0.003736893,-0.0037455524,1630603
20150327,14:15:00.000,BBG000BGYWY6,0.002707316,0.018750738,314960
20150327,14:15:00.000,BBG000BHB3M6,0.0028274304,0.0055390284,693316
20150327,14:15:00.000,BBG000G3QLY3,-0.009651874,-0.013010433,489378
20150327,14:15:00.000,BBG000BSBZH7,-0.0043041506,0.0032292402,482652
20150327,14:15:00.000,BBG000F7RCJ1,-0.0025235729,0.012816424,512378
20150327,14:15:00.000,BBG0039320N9,-0.0028229528,0.0073745754,1534091
20150327,14:15:00.000,BBG000BTZQC4,-0.016500013,-0.021636419,2366196
20150327,14:15:00.000,BBG001M8HHB7,-0.0021424491,0.003408435,445551
20150327,14:15:00.000,BBG000CZWZ05,0.08987547,0.11796279,4748684
20150327,14:15:00.000,BBG000QY3XZ2,0.004771147,0.011050447,488707
20150327,14:15:00.000,BBG000BHLYP4,-0.0050566625,-0.00443136,751136
20150327,14:15:00.000,BBG000CHWP52,0.013895082,0.009374713,2047731
20150327,14:15:00.000,BBG000QFJ7H3,0.022443958,0.00989782,5435363
20150327,14:15:00.000,BBG000BFTJ91,0.0006709852,0.0010780065,894119
20150327,14:15:00.000,BBG000BZ2GG4,0.007578829,0.0071414267,884172
20150327,14:15:00.000,BBG000FKJRC5,0.0009796236,0.008924899,721976
20150327,14:15:00.000,BBG000BKPL53,0.0076881866,0.014653485,755563
20150327,14:15:00.000,BBG000BNC3Y9,-0.0062450324,-0.009907555,446324
20150327,14:15:00.000,BBG000BNFLM9,-0.0008042621,-0.0024597102,1570445
20150327,14:15:00.000,BBG000BWCKB6,-0.0038514845,0.006430678,437316
20150327,14:15:00.000,BBG000BR14K5,0.0041081747,0.00058814505,598855
20150327,14:15:00.000,BBG0014GJCT9,0.018395934,0.033029173,1221340
20150327,14:15:00.000,BBG000BRRG02,-0.017310785,-0.015589954,1461079
20150327,14:15:00.000,BBG000BP1Q11,-0.0065412004,-0.0035029345,567432
20150327,14:15:00.000,BBG000P1F8Q7,-0.01595936,0.00028454146,590177
20150327,14:15:00.000,BBG000BCVMH9,-0.0024013557,-0.007299159,575912
20150327,14:15:00.000,BBG000D7RKJ5,0.0035460843,0.008533191,794486
20150327,14:15:00.000,BBG000FNRZ69,0.01749763,0.0087323515,2809491
20150327,14:15:00.000,BBG000BTKGG8,0.0017157007,-0.0054053506,1154661
20150327,14:15:00.000,BBG001QD41M9,0.00056183105,0.006698685,700669
20150327,14:15:00.000,BBG000D9DMK0,0.0056037847,0.009697936,723215
20150327,14:15:00.000,BBG000BH5DV1,-0.00419294,-0.0013925382,559305
20150327,14:15:00.000,BBG000BMQPL1,-0.006661328,-0.01201797,5108718
20150327,14:15:00.000,BBG000BMDV41,-0.0064280997,-0.002438618,831611
20150327,14:15:00.000,BBG000BQZMH4,0.0012765905,0.0072861887,973916
20150327,14:15:00.000,BBG000BS0ZF1,-0.005156462,-0.006477469,304630
20150327,14:15:00.000,BBG000BGLRN3,-0.00660577,-0.0109902425,1717705
20150327,14:15:00.000,BBG000C0F570,-0.0013124907,-0.0052514793,1641606
20150327,14:15:00.000,BBG000D6L294,-0.006915058,-0.006733914,459428
20150327,14:15:00.000,BBG000BM5SR2,0.0036038083,0.004242581,1014717
20150327,14:15:00.000,BBG000BYYLS8,0.0005874029,-0.004396424,2283200
20150327,14:15:00.000,BBG000BF6LY3,0.051297635,0.06256363,8542208
20150327,14:15:00.000,BBG000BCBCM7,-0.004201345,0.0018732905,3276317
20150327,14:15:00.000,BBG000BJ2VQ6,0.007914188,-0.016131993,2499450
20150327,14:15:00.000,BBG000BJ98Z0,-0.003282166,0.006335149,804503
20150327,14:15:00.000,BBG000BLCPY4,0.006609883,-0.013967945,919083
20150327,14:15:00.000,BBG000D898T9,-0.0006366482,0.0061124265,791440
20150327,14:15:00.000,BBG000BMBL90,0.0023768046,0.006091681,970454
20150327,14:15:00.000,BBG000BSXQV7,-0.0011141198,0.0069245067,280183
20150327,14:15:00.000,BBG000FVXD63,0.025409725,0.019559328,1385672
20150327,14:15:00.000,BBG000BVMGF2,-0.0008099932,-0.0032745795,866195
20150327,14:15:00.000,BBG000C11MQ5,-0.031745654,5.7973117e-05,466278
20150327,14:15:00.000,BBG000BPQD31,-0.0066444613,0.00016145289,2395913
20150327,14:15:00.000,BBG000BB5006,-0.0012510219,0.0017127868,1154509
20150327,14:15:00.000,BBG000BHKYH4,-0.0018847405,-0.0005253434,554359
20150327,14:15:00.000,BBG000D1QCF1,0.0007740223,-0.0029115316,971697
20150327,14:15:00.000,BBG000CSY9H9,0.005354548,0.016465526,1045280
20150327,14:15:00.000,BBG000BRJ809,0.004773585,0.0043139486,248678
20150327,14:15:00.000,BBG000CNFQW6,-0.00066874194,0.0050792946,349598
20150327,14:15:00.000,BBG000BXM6V2,0.00015430196,0.014752584,988489
20150327,14:15:00.000,BBG000BCGY17,0.0061768526,0.011700535,1945465
20150327,14:15:00.000,BBG000DKCC19,-0.011405443,-0.0026200165,1364719
20150327,14:15:00.000,BBG000BKCFC2,0.0029561871,0.011119283,2296411
20150327,14:15:00.000,BBG000BTVJ25,0.0056336215,0.007126452,2167489
20150327,14:15:00.000,BBG000BN5HF7,-0.0054748077,0.015784778,727835
20150327,14:15:00.000,BBG000Q3JN03,-0.0015035738,-0.011809464,10354674
20150327,14:15:00.000,BBG0020B4JG7,0.0062015275,0.014374854,2578693
20150327,14:15:00.000,BBG000BR3KL6,0.0009927767,0.0045580785,354598
20150327,14:15:00.000,BBG000BRWGG9,0.018759156,0.034167055,16315072
20150327,14:15:00.000,BBG001LWHLJ8,-0.010679347,-0.0071731494,3507738
20150327,14:15:00.000,BBG000C7LMS8,0.010574653,0.025647175,256349
20150327,14:15:00.000,BBG000BPT0C6,0.01661816,0.010013429,1951533
20150327,14:15:00.000,BBG000BSD7C2,0.0025836257,0.009007885,714008
20150327,14:15:00.000,BBG000BRJL00,0.0002035896,0.0045440863,1708472
20150327,14:15:00.000,BBG000C1FB75,0.0026007192,0.0030460898,227859
20150327,14:15:00.000,BBG000BJ3PD2,-0.0017972075,-0.00037513542,774779
20150327,14:15:00.000,BBG000BHLYS1,0.010272323,0.017517928,3275898
20150327,14:15:00.000,BBG000JWD753,-0.0028226099,0.00091449596,1705531
20150327,14:15:00.000,BBG000BXMFC3,-0.007463708,-0.008399226,1482718
20150327,14:15:00.000,BBG000CGQ6M4,0.0038905966,-0.0019492784,481699
20150327,14:15:00.000,BBG000DNTSP4,0.007661988,0.0008335635,1936670
20150327,14:15:00.000,BBG000BFXHL6,-0.010497935,-0.013269208,2043950
20150327,14:15:00.000,BBG000BJL3N0,3.26727e-05,-0.007907666,4937076
20150327,14:15:00.000,BBG000JG0547,-0.0010946775,0.0026066587,791088
20150327,14:15:00.000,BBG000BWSV34,0.004332616,0.01213948,259897
20150327,14:15:00.000,BBG000BB6WG8,-0.0033852088,0.0017274179,1511340
20150327,14:15:00.000,BBG000BCWCG1,-0.013256771,2.6990628e-07,2984542
20150327,14:15:00.000,BBG000BB9KF2,0.0071127317,0.011927354,1545179
20150327,14:15:00.000,BBG000C3HSR0,-0.009181741,-0.0048085,697472
20150327,14:15:00.000,BBG000BFMBQ6,0.009201823,0.021666283,918095
20150327,14:15:00.000,BBG000BP0KQ8,0.022796875,0.034506924,2123993
20150327,14:15:00.000,BBG000BQWPC5,-0.0046822713,0.003659649,950019
20150327,14:15:00.000,BBG001YMS0B8,0.0362033,0.04496648,20698270
20150327,14:15:00.000,BBG000C0LW92,0.007930839,0.020063272,3752221
20150327,14:15:00.000,BBG000MDCQC2,0.0022491997,0.009364798,1048923
20150327,14:15:00.000,BBG000BK67C7,-0.0032504725,0.0019314436,441265
20150327,14:15:00.000,BBG000BY29C7,0.0067230025,0.013519003,1232550
20150327,14:15:00.000,BBG000BSLZY7,0.013577101,0.009742339,3547335
20150327,14:15:00.000,BBG000BLKK03,-0.0034806032,0.008377991,1057138
20150327,14:15:00.000,BBG000C2BXK4,-0.015712135,-0.006073293,6730379
20150327,14:15:00.000,BBG000BCZYD3,-0.002361177,0.010231081,553503
20150327,14:15:00.000,BBG000R7RDB4,0.007838049,0.007423843,676060
20150327,14:15:00.000,BBG000C3GN47,-0.0035121772,-0.004485205,2671259
20150327,14:15:00.000,BBG000BMW2Z0,-0.004945607,0.00046979083,642357
20150327,14:15:00.000,BBG000BKFZM4,0.006020756,0.009348569,2684450
20150327,14:15:00.000,BBG000G2R6M0,0.008469425,0.0021524755,5058885
20150327,14:15:00.000,BBG000C1S2X2,-0.002753263,0.017259603,828242
20150327,14:15:00.000,BBG000F0KF42,-0.007324876,-0.015507555,1452725
20150327,14:15:00.000,BBG000CS7CT9,-0.003718152,0.0078015192,1587786
20150327,14:15:00.000,BBG000CPQZ77,-0.008911374,-0.0027807269,1539667
20150327,14:15:00.000,BBG000C8H633,-0.0076877302,-0.012128965,3390606
20150327,14:15:00.000,BBG000JH6683,0.006054281,0.035734825,2561028
20150327,14:15:00.000,BBG000BLBXT4,-0.0061101518,0.0022408236,2820138
20150327,14:15:00.000,BBG000BB07P9,0.020760044,0.013267109,6981190
20150327,14:15:00.000,BBG000BX3TD3,0.0073627345,-0.004833877,3502869
20150327,14:15:00.000,BBG000F80SZ5,0.008613556,0.015563463,3426962
20150327,14:15:00.000,BBG000BKFBD7,-9.4521405e-05,-0.0049536554,1015201
20150327,14:15:00.000,BBG000BPWXK1,0.020448552,0.015798613,3428619
20150327,14:15:00.000,BBG000BH5LT6,-0.022438262,-0.04636032,7180952
20150327,14:15:00.000,BBG000BBD070,-0.013036005,-0.018363724,1032103
20150327,14:15:00.000,BBG000BWJFZ4,-0.02063855,-0.020737119,295208
20150327,14:15:00.000,BBG000BWNFZ9,-0.0059444327,-0.012226381,1173074
20150327,14:15:00.000,BBG000BH3JF8,-3.0090478e-05,0.0055144965,1149408
20150327,14:15:00.000,BBG000C0HQ54,0.014430098,0.02619115,1524958
20150327,14:15:00.000,BBG000FL1TC8,-0.0049401545,-0.0033247715,979697
20150327,14:15:00.000,BBG000BV8DN6,0.0010243689,0.005793696,1552679
20150327,14:15:00.000,BBG0029SNR63,-0.0037873639,0.0022494565,762332
20150327,14:15:00.000,BBG000DYGNW7,-0.0037216397,0.00046454516,418481
20150327,14:15:00.000,BBG000QW7VC1,-0.0016142181,0.0011821168,1143347
20150327,14:15:00.000,BBG000BFQYY3,-0.007641952,-0.0026184097,1057829
20150327,14:15:00.000,BBG000BGVW60,-0.004275672,0.0009952,1189246
20150327,14:15:00.000,BBG000C1BW00,-0.002198061,0.0088250525,651505
20150327,14:15:00.000,BBG000BJ81C1,0.0047238744,0.0007023463,742789
20150327,14:15:00.000,BBG000BFDXW1,0.002362525,8.306442e-08,3108958
20150327,14:15:00.000,BBG000BSC0K9,3.2259028e-05,0.011108425,1017322
20150327,14:15:00.000,BBG000BD8PN9,-0.006326324,-0.008793743,2243039
20150327,14:15:00.000,BBG000DSMS70,-0.009067656,0.012499711,399240
20150327,14:15:00.000,BBG000BQ5DS5,0.0021511714,-0.0043309024,1628644
20150327,14:15:00.000,BBG000G30YX4,0.009420691,0.028000599,959586
20150327,14:15:00.000,BBG000BQ2C28,-0.00016851991,0.0070952713,696789
20150327,14:15:00.000,BBG000BN2DC2,0.0025298747,0.007726696,1019231
20150327,14:15:00.000,BBG000LD9JQ8,-0.0110317,-0.006503342,548325
20150327,14:15:00.000,BBG000BGKTF9,0.0074701766,0.0014012465,1302035
20150327,14:15:00.000,BBG000BBVJZ8,-0.0083492305,-0.010738541,1201957
20150327,14:15:00.000,BBG000D9D830,-0.004420757,-0.0055206898,2800649
20150327,14:15:00.000,BBG000BJSBJ0,0.0012701626,0.0062775244,689319
20150327,14:15:00.000,BBG000BH1NH9,-0.0010054336,-0.0020599647,1144660
20150327,14:15:00.000,BBG000BVDLH9,-0.0039100423,0.005145374,636888
20150327,14:15:00.000,BBG000FJLFX8,0.0029748327,0.012602749,883486
20150327,14:15:00.000,BBG000MZFMS2,-0.017009005,5.706851e-05,595746
20150327,14:15:00.000,BBG000C4DPX1,0.0011514801,0.009942078,1264650
20150327,14:15:00.000,BBG000C0MF34,0.01167537,0.009449364,368914
20150327,14:15:00.000,BBG000QBR5J5,0.002730636,-0.0022888505,1552523
20150327,14:15:00.000,BBG000BCVJ77,0.0006402458,0.0061745215,1076544
20150327,14:15:00.000,BBG000QX74T1,0.0048943283,0.0062578735,206737
20150327,14:15:00.000,BBG000BBDV81,0.0025816537,0.008076161,1505997
20150327,14:15:00.000,BBG000HCJMF9,-0.0048738043,-0.012429017,1044603
20150327,14:15:00.000,BBG000C46HM9,-0.0016825821,0.00679674,1233543
20150327,14:15:00.000,BBG000BGPTV6,0.0010872486,0.0029610812,498094
20150327,14:15:00.000,BBG000BRD0D8,0.0005885223,-0.006918677,1750457
20150327,14:15:00.000,BBG000BGJRC8,-0.0020084174,-0.008116327,3685854
20150327,14:15:00.000,BBG000DHSPT0,0.012515789,0.008028383,978732
20150327,14:15:00.000,BBG000J6XT05,-0.00060354633,0.0024604776,3171754
20150327,14:15:00.000,BBG000BH3GZ2,0.0008824511,-6.3496154e-05,986046
20150327,14:15:00.000,BBG000BTR593,0.014054815,0.0053254706,2904349
20150327,14:15:00.000,BBG000B9ZXB4,0.0013836819,0.007525734,1599593
20150327,14:15:00.000,BBG000BL4504,-0.005765999,-0.011941483,14869452
20150327,14:15:00.000,BBG000BNBDC2,-0.0019789108,0.0042204787,2374022
20150327,14:15:00.000,BBG000C734W3,-0.0041053495,0.016236424,434309
20150327,14:15:00.000,BBG000BWLMJ4,0.0040410925,0.010482116,1951688
20150327,14:15:00.000,BBG000H556T9,0.0069650556,0.0063614356,1681711
20150327,14:15:00.000,BBG000BVPPM1,-0.012772054,-0.006306811,700672
20150327,14:15:00.000,BBG000BCG930,0.008474101,0.020073289,811504
20150327,14:15:00.000,BBG000BJF1Z8,-0.00825053,-0.0046819616,448774
20150327,14:15:00.000,BBG000BND699,0.0051156655,0.008411322,3176146
20150327,14:15:00.000,BBG000BD4VG8,-0.002996423,0.0028635592,1467790
20150327,14:15:00.000,BBG000BC2C10,-0.00036862007,-0.0035105466,2051017
20150327,14:15:00.000,BBG000NV1KK7,-0.0054162135,0.0028077166,2419609
20150327,14:15:00.000,BBG000BLZRJ2,0.005206618,0.0028093404,4922848
20150327,14:15:00.000,BBG000F6H8W8,-0.0027087482,0.0019984185,726382
20150327,14:15:00.000,BBG000BMY992,-0.007986028,0.001051258,1315696
20150327,14:15:00.000,BBG000BT9DW0,0.003653615,0.0052575753,3227010
20150327,14:15:00.000,BBG000PX3XC0,-0.0065484955,-0.01998384,7291083
20150327,14:15:00.000,BBG000BWXBC2,-0.008369427,-0.007205931,2633403
20150327,14:15:00.000,BBG000BB6KF5,0.0018676529,-0.005336658,2374867
20150327,14:15:00.000,BBG000FFDM15,0.0026321516,-0.0045308764,2710395
20150327,14:15:00.000,BBG000KLB4Q1,0.035845928,0.045628417,6965998
20150327,14:15:00.000,BBG001DCCGR8,-0.012308392,-0.010060026,922052
20150327,14:15:00.000,BBG000BVV7G1,0.003640824,0.0010764332,2154906
20150327,14:15:00.000,BBG000BHGDH5,0.0012091598,0.006187251,2094908
20150327,14:15:00.000,BBG000BWVCP8,0.012215006,0.007105081,2327316
20150327,14:15:00.000,BBG000C15T95,-0.008230924,-0.005783199,1259761
20150327,14:15:00.000,BBG000D4LWF6,0.0008880831,0.0071561686,8770741
20150327,14:15:00.000,BBG000B9WH86,-0.00014250008,-0.010864852,10352387
20150327,14:15:00.000,BBG000Q9HH23,-0.0060485587,0.0018370473,376600
20150327,14:15:00.000,BBG00286S4N9,-0.0011404505,-0.005927517,917328
20150327,14:15:00.000,BBG000BHX7N2,-0.0011664691,-0.0021253035,1956223
20150327,14:15:00.000,BBG000L9CV04,-0.004960474,-0.0005161559,1549580
20150327,14:15:00.000,BBG000BH13K9,0.0012551481,-0.0016721407,2587412
20150327,14:15:00.000,BBG000FG3C43,-0.028034694,-0.03655803,9542004
20150327,14:15:00.000,BBG000C496P7,0.0041455342,0.0034429058,2776145
20150327,14:15:00.000,BBG000BXRPH1,0.008939129,0.0056094388,832882
20150327,14:15:00.000,BBG000BNJHS8,-0.0035424612,0.019456062,3472578
20150327,14:15:00.000,BBG000BBPFB9,0.00028678105,-0.0031244843,10119221
20150327,14:15:00.000,BBG000WCFV84,-0.009226955,-0.015819356,2078938
20150327,14:15:00.000,BBG0019JZ882,0.0043242793,0.0029062561,3405018
20150327,14:15:00.000,BBG000H89QJ6,-0.0043032607,-0.0044938014,940948
20150327,14:15:00.000,BBG000BFWKC0,0.0073490436,0.0024495933,1587698
20150327,14:15:00.000,BBG000C5HS04,-0.005976208,0.0032213773,1037951
20150327,14:15:00.000,BBG000BJX8C8,0.016594093,0.012769439,3400861
20150327,14:15:00.000,BBG000BNDN65,-0.00676696,0.007961029,1862718
20150327,14:15:00.000,BBG000BP52R2,-0.0012222069,0.005535491,922842
20150327,14:15:00.000,BBG000M65M61,0.01379544,0.034716412,2606362
20150327,14:15:00.000,BBG000BP6LJ8,-0.0011899364,0.004199918,3935870
20150327,14:15:00.000,BBG000F0PF65,-0.00054159545,0.002123969,1330477
20150327,14:15:00.000,BBG000H8TVT2,0.007243591,0.015412066,2027503
20150327,14:15:00.000,BBG000DQLV23,-0.0012209998,0.0053845984,2474413
20150327,14:15:00.000,BBG000BHBK84,0.032569367,0.035532903,12922462
20150327,14:15:00.000,BBG000DLFM21,-0.013598608,0.0008563137,674655
20150327,14:15:00.000,BBG000BJDB15,-0.022725953,-0.033325687,13531040
20150327,14:15:00.000,BBG000CTQBF3,-0.0022398373,0.0013144733,2455674
20150327,14:15:00.000,BBG000BQQ2S6,-0.0006186818,-0.008478885,1817437
20150327,14:15:00.000,BBG000BHVJJ3,-0.014962257,-0.022845844,18902816
20150327,14:15:00.000,BBG000F1ZSQ2,-0.011522402,-0.010461421,2765999
20150327,14:15:00.000,BBG000BQPC32,-0.00035936807,-0.002499097,35135336
20150327,14:15:00.000,BBG000C43RR5,0.0011349104,0.0017381991,3059854
20150327,14:15:00.000,BBG000CH5208,0.0036538413,0.011866847,1241583
20150327,14:15:00.000,BBG000J2XL74,0.0021128615,0.0019650883,2715253
20150327,14:15:00.000,BBG000BC40Y8,-0.0067302175,-0.008409218,1485399
20150327,14:15:00.000,BBG000KHWT55,-0.01729811,-0.023425914,12419469
20150327,14:15:00.000,BBG000BW8S60,0.0019234683,0.00715087,1512029
20150327,14:15:00.000,BBG000BZ9223,-0.007265722,-0.009468184,1406083
20150327,14:15:00.000,BBG000DWYF03,-0.0026313085,-0.0041245543,4277312
20150327,14:15:00.000,BBG000BBGGQ1,-0.025437433,-0.025881935,3981548
20150327,14:15:00.000,BBG000BBDZG3,0.0009707578,-0.0036919196,3420484
20150327,14:15:00.000,BBG000BQLTW7,-0.008322906,-0.009538101,9516184
20150327,14:15:00.000,BBG000NDYB67,0.0010090808,0.00026705506,5586664
20150327,14:15:00.000,BBG000C6CFJ5,0.0051585063,0.0010937965,881439
20150327,14:15:00.000,BBG000BGRY34,-0.0014720149,0.0053911074,1935256
20150327,14:15:00.000,BBG000DH7JK6,-0.0010806789,0.0028238029,2416101
20150327,14:15:00.000,BBG000BW3299,0.0088281315,0.0034659198,3768804
20150327,14:15:00.000,BBG000DWG505,0.0063484283,0.0036002565,1796574
20150327,14:15:00.000,BBG000BF0K17,0.0021458105,-0.0033806069,3716420
20150327,14:15:00.000,BBG000R7Z112,-0.0066684177,0.0117947515,4645961
20150327,14:15:00.000,BBG000BCSST7,-0.0023109226,0.0036446117,1468816
20150327,14:15:00.000,BBG000BQQH30,-0.0010968628,-0.004900208,2346144
20150327,14:15:00.000,BBG000BCQZS4,0.0025131751,-0.0058603063,5568340
20150327,14:15:00.000,BBG000BMX289,-0.011174841,-0.008426788,8116183
20150327,14:15:00.000,BBG000BNWG87,0.0014581031,0.009787484,2564887
20150327,14:15:00.000,BBG000BBS2Y0,-0.0046247523,0.012953342,1181798
20150327,14:15:00.000,BBG000BH4R78,-0.00083490467,0.0028969499,3390839
20150327,14:15:00.000,BBG005P7Q881,0.0020052805,0.02418819,5699427
20150327,14:15:00.000,BBG000BKZB36,0.0014778773,0.013391083,2037401
20150327,14:15:00.000,BBG000GFFQN9,0.014615316,0.016188558,15703666
20150327,14:15:00.000,BBG0025Y4RY4,0.0018298757,0.004974711,3987279
20150327,14:15:00.000,BBG000BFC8J2,-0.009379312,0.01070793,3565838
20150327,14:15:00.000,BBG000H6HNW3,-0.0048107808,0.005607978,11143922
20150327,14:15:00.000,BBG000BNSZP1,-0.0042790677,-0.005798068,2159299
20150327,14:15:00.000,BBG000N9MNX3,-0.036210008,-0.03306124,5344541
20150327,14:15:00.000,BBG000BPD168,0.00042137408,0.004339894,3467242
20150327,14:15:00.000,BBG000BKTFN2,0.0018325959,0.0011579688,6231524
20150327,14:15:00.000,BBG000C17X76,-0.012252817,0.0063978913,1092621
20150327,14:15:00.000,BBG000BR2TH3,-0.005601707,-0.001338856,3266539
20150327,14:15:00.000,BBG000PSKYX7,-0.006643929,-0.0038853865,3773576
20150327,14:15:00.000,BBG000BT41Q8,0.008167561,0.0013825318,3060191
20150327,14:15:00.000,BBG000C5Z1S3,-0.011166814,-0.01687644,16380257
20150327,14:15:00.000,BBG000BLNNH6,-1.0189603e-05,-0.004607682,1747110
20150327,14:15:00.000,BBG000BFT2L4,0.0016214607,0.0012518467,7561321
20150327,14:15:00.000,BBG000CGC1X8,-0.0015398259,-0.005211543,5048352
20150327,14:15:00.000,BBG000HS77T5,0.009711855,0.0041310755,5948808
20150327,14:15:00.000,BBG000C3J3C9,0.0019158007,0.00221573,11193089
20150327,14:15:00.000,BBG000FH8PX5,-0.0011712986,0.010153639,1214875
20150327,14:15:00.000,BBG000BLBVN4,-0.0045106933,-0.001301418,269692
20150327,14:15:00.000,BBG000BSJK37,0.004394144,-0.0021325832,10454321
20150327,14:15:00.000,BBG000CL9VN6,-0.012849502,-0.004735636,1805673
20150327,14:15:00.000,BBG000BVPV84,0.0060280003,0.012170065,1544879
20150327,14:15:00.000,BBG000K4ND22,-0.0006752299,-0.009499342,2871502
20150327,14:15:00.000,BBG000BWQFY7,-0.00010696132,-0.0080763055,6692078
20150327,14:15:00.000,BBG002W96FT9,-0.0063545443,-0.007537969,1218012
20150327,14:15:00.000,BBG000BMHYD1,0.0009316504,0.004194853,2694685
20150327,14:15:00.000,BBG000BR2B91,0.0039418675,0.009363347,11780519
20150327,14:15:00.000,BBG000BK6MB5,0.000687763,0.0020152046,14872300
20150327,14:15:00.000,BBG000FY4S11,0.0037536265,-0.0044918843,10309139
20150327,14:15:00.000,BBG000DMBXR2,0.006772571,-0.0010079494,6251792
20150327,14:15:00.000,BBG000C0G1D1,0.0018959467,-0.0053190277,17047588
20150327,14:15:00.000,BBG000BHSKN9,-0.008289565,-0.007176769,1023806
20150327,14:15:00.000,BBG000CKGBP2,-0.017456882,5.1400046e-05,4810532
20150327,14:15:00.000,BBG000GZQ728,-0.0010239481,-0.008302203,5362726
20150327,14:15:00.000,BBG000BPH459,-0.005522348,-0.007280098,17431354
20150327,14:15:00.000,BBG000BCTLF6,-0.0006504162,-0.007779525,48664656
20150327,14:15:00.000,BBG000MM2P62,-0.0014901271,0.004636932,12491353
20150327,14:15:00.000,BBG000B9XRY4,-0.006198224,-0.0074030166,23433548
20150327,14:30:00.000,BBG000CNZC55,-0.009347579,0.0032485256,3271772
20150327,14:30:00.000,BBG000FH5YM1,0.0033005984,0.005490389,3152108
20150327,14:30:00.000,BBG000BLM0V1,-0.0044441638,-0.0025775826,435808
20150327,14:30:00.000,BBG000HGYNZ9,-0.0029024265,-0.01120071,1828621
20150327,14:30:00.000,BBG000BF6RQ9,0.0067688343,0.030403849,597191
20150327,14:30:00.000,BBG000BFV115,0.0026830654,-0.005872862,785607
20150327,14:30:00.000,BBG0015XMW40,0.017176716,0.015501498,397865
20150327,14:30:00.000,BBG000FBMY72,-0.008635469,-0.01030312,1599250
20150327,14:30:00.000,BBG000BDWKC5,0.010136903,0.012565035,1393188
20150327,14:30:00.000,BBG000G6BN50,0.011613144,0.009253091,290993
20150327,14:30:00.000,BBG000BLDV98,-0.007559975,0.00093782955,1032489
20150327,14:30:00.000,BBG000R0L5J4,-0.003261755,-0.0043422678,454250
20150327,14:30:00.000,BBG006NV2Q11,-0.015532351,-0.015506539,1401704
20150327,14:30:00.000,BBG000BC2R71,0.0034920042,-0.0019368805,820598
20150327,14:30:00.000,BBG000BN1XR3,0.0022704008,0.008938643,295813
20150327,14:30:00.000,BBG000GPXKX9,-0.008928597,-0.002921659,267839
20150327,14:30:00.000,BBG000DV7MX4,-0.0012786664,0.00086002063,3198953
20150327,14:30:00.000,BBG000BGRKT6,-0.009357274,-0.0013587513,342103
20150327,14:30:00.000,BBG000BB5BF6,-0.01638857,-0.009930193,4341814
20150327,14:30:00.000,BBG000BVB8Q0,0.0028502473,2.9981648e-09,8392126
20150327,14:30:00.000,BBG000DGPR66,0.009096565,0.015160349,1046925
20150327,14:30:00.000,BBG000BQ74K1,-0.0027975787,-0.0053863563,336860
20150327,14:30:00.000,BBG000RNTSX0,-0.0009039868,0.007466403,261236
20150327,14:30:00.000,BBG000N746D6,0.012491934,0.012747947,1745302
20150327,14:30:00.000,BBG000CR90K4,0.022735314,0.01826957,20382014
20150327,14:30:00.000,BBG000BVL2G3,0.009489125,0.008139155,1097114
20150327,14:30:00.000,BBG000BPQVR5,-0.0055426024,-0.004367412,365522
20150327,14:30:00.000,BBG000CB8Q50,0.0037385933,0.0063907583,330286
20150327,14:30:00.000,BBG000D42FJ0,0.002444605,-0.012447239,1235870
20150327,14:30:00.000,BBG003641015,-0.00643728,0.00024330601,997088
20150327,14:30:00.000,BBG000CPHYL4,0.005873658,0.006148764,769057
20150327,14:30:00.000,BBG000BKL348,0.0040960284,0.0060099796,237648
20150327,14:30:00.000,BBG000BMF5J0,-0.009405786,4.2888473e-08,3407736
20150327,14:30:00.000,BBG000BCHG15,0.007279808,0.010996696,252945
20150327,14:30:00.000,BBG000BJKPG0,-0.0056469394,-0.00012760656,322566
20150327,14:30:00.000,BBG000HS74G6,-0.008051992,-0.013563902,759173
20150327,14:30:00.000,BBG000BVHBM1,-0.0061673727,0.017993608,951949
20150327,14:30:00.000,BBG002PHSYX9,-0.01867926,-0.015748437,667802
20150327,14:30:00.000,BBG000D2ZTS8,-0.0055695754,0.009262024,1614417
20150327,14:30:00.000,BBG000BGYMH7,-0.0020544212,0.0007382705,391721
20150327,14:30:00.000,BBG000PV2L86,0.00092812127,0.013849896,606079
20150327,14:30:00.000,BBG000FQ6PY6,0.005145678,0.0055216765,613320
20150327,14:30:00.000,BBG000R06BX2,0.006095504,0.008020947,1041889
20150327,14:30:00.000,BBG000BCWKD6,0.0023614853,0.0016208636,1281846
20150327,14:30:00.000,BBG000CPBCL8,-0.0041272985,-0.005229952,476123
20150327,14:30:00.000,BBG000B9X8C0,0.004303034,0.0090385545,1003674
20150327,14:30:00.000,BBG000BDY3Y7,-0.01039978,-0.009842058,388939
20150327,14:30:00.000,BBG001XJRMF5,0.0026005874,0.0035234208,1461281
20150327,14:30:00.000,BBG000BJ26K7,0.01891773,0.0127464505,1022889
20150327,14:30:00.000,BBG000BQ87N0,-0.002052654,0.0037065165,521054
20150327,14:30:00.000,BBG000C37332,0.0077592684,0.0070896465,377919
20150327,14:30:00.000,BBG000C4ZZ10,0.0038186712,0.008373065,560617
20150327,14:30:00.000,BBG000BPNP00,0.006011564,0.0041288566,776673
20150327,14:30:00.000,BBG000BXBHJ4,-0.0071410085,-0.017203247,901899
20150327,14:30:00.000,BBG000FDBX90,0.0079074735,0.0053839358,2036473
20150327,14:30:00.000,BBG000BKNX95,0.0022575648,0.0042073815,942865
20150327,14:30:00.000,BBG000BV4XJ1,0.0061474848,0.030895699,318347
20150327,14:30:00.000,BBG000MQ1SN9,0.003924802,0.0056720823,455601
20150327,14:30:00.000,BBG000KBQZ88,-0.007319873,-0.0016532188,709052
20150327,14:30:00.000,BBG000BXNJ07,-0.008945572,-0.009202972,3999293
20150327,14:30:00.000,BBG000DLVDK3,0.0038210873,0.00017193581,1367983
20150327,14:30:00.000,BBG000BB03M1,0.028431157,0.016005358,1176622
20150327,14:30:00.000,BBG000BWGYF8,-0.0017329829,0.0029156893,313266
20150327,14:30:00.000,BBG000BPZBB6,0.021252425,0.022198854,1409669
20150327,14:30:00.000,BBG000JKCWS0,0.009126633,0.0027809616,434936
20150327,14:30:00.000,BBG000BNPSQ9,0.029191935,0.061488047,1026243
20150327,14:30:00.000,BBG000C060M4,-0.0050542937,-0.008271802,177591
20150327,14:30:00.000,BBG000BFDLV8,0.0047387374,0.015277222,545557
20150327,14:30:00.000,BBG000C2V3D6,0.002588896,0.008864443,762367
20150327,14:30:00.000,BBG000BC9938,-0.005963901,-0.007901179,521020
20150327,14:30:00.000,BBG000C22QV7,0.00036831677,0.007658972,716099
20150327,14:30:00.000,BBG000BMTFR4,-0.0034067936,-0.005219493,1005177
20150327,14:30:00.000,BBG000BKTT89,-0.0021199104,0.003984606,252310
20150327,14:30:00.000,BBG000BWXL85,0.0024284709,0.0072321864,1767175
20150327,14:30:00.000,BBG0014GG205,0.036279254,0.0322272,5864490
20150327,14:30:00.000,BBG000BGFZR8,0.0020850364,0.00629194,1030798
20150327,14:30:00.000,BBG000V31J96,0.008259213,0.011144632,1928563
20150327,14:30:00.000,BBG000BNNKG9,0.007322181,0.017023161,1406763
20150327,14:30:00.000,BBG000BSSC44,-0.008172865,-0.018182915,740873
20150327,14:30:00.000,BBG000BSY3K9,-0.0063536107,-0.00010739063,342787
20150327,14:30:00.000,BBG000BPMH90,-0.0049276496,-0.010977974,571671
20150327,14:30:00.000,BBG000BX5ZF5,-0.018873556,-0.017977262,3829588
20150327,14:30:00.000,BBG000BR37X2,0.0067421403,0.002226842,1374662
20150327,14:30:00.000,BBG000C9F2F9,-0.016610138,0.00706755,939775
20150327,14:30:00.000,BBG000D9KWL9,0.00995906,0.0033435188,573056
20150327,14:30:00.000,BBG000PLXQQ3,-0.0042724703,0.00028637174,346557
20150327,14:30:00.000,BBG000HZFZX3,-0.0017937998,0.0053119166,490364
20150327,14:30:00.000,BBG000BDXGP9,0.0359409,0.046050455,2866121
20150327,14:30:00.000,BBG000BB29X4,0.0066614,0.010572491,746075
20150327,14:30:00.000,BBG001C7TST4,0.0031038923,0.010404827,763658
20150327,14:30:00.000,BBG000BMKDM3,0.0019458644,0.009840755,1020929
20150327,14:30:00.000,BBG000FFH4P5,0.0026250025,0.005286819,637413
20150327,14:30:00.000,BBG000C75N77,0.0021142738,-0.007550662,483648
20150327,14:30:00.000,BBG000C221G9,-0.01328699,-0.009387244,614839
20150327,14:30:00.000,BBG000BKXFN7,0.014220434,-0.005761634,2153697
20150327,14:30:00.000,BBG000BWP7D9,0.00778558,0.014327751,998313
20150327,14:30:00.000,BBG000DY8ZS4,-0.011640471,-0.013487114,3339474
20150327,14:30:00.000,BBG000BFL116,0.0052540954,-0.0004197377,858852
20150327,14:30:00.000,BBG000BKLH74,0.005637489,0.0075481944,1645075
20150327,14:30:00.000,BBG000BS9489,-0.0013274942,0.0031223514,341692
20150327,14:30:00.000,BBG000BP8Z50,-0.002442916,-0.0046621542,814008
20150327,14:30:00.000,BBG000BS7KS3,0.008712885,0.012676645,1041352
20150327,14:30:00.000,BBG000BMZ7P7,0.0015738077,-0.0049916757,590526
20150327,14:30:00.000,BBG000FBK808,-0.040953472,-0.056782715,5648665
20150327,14:30:00.000,BBG000R8ZVD1,-0.00933231,0.0009377667,2185582
20150327,14:30:00.000,BBG000BLMZK6,-0.0063864775,0.013377156,813919
20150327,14:30:00.000,BBG000BQSQ38,0.0066126473,0.010201577,1339896
20150327,14:30:00.000,BBG000BBL0Y1,-0.00982767,0.014242575,593642
20150327,14:30:00.000,BBG001QZCPJ2,0.0048711873,0.016489485,1139070
20150327,14:30:00.000,BBG000CVWGS6,0.0039350125,0.009344215,2057035
20150327,14:30:00.000,BBG000BCNYT9,0.0063274824,-0.0012668328,4670402
20150327,14:30:00.000,BBG000PVRDL2,0.010897029,0.0066098506,2381965
20150327,14:30:00.000,BBG000BJQWD2,-0.0016147619,0.0026749223,465753
20150327,14:30:00.000,BBG000C9W1Y1,0.001288049,0.00081504433,1438211
20150327,14:30:00.000,BBG000BJ49H3,0.0066050612,0.0069309413,750343
20150327,14:30:00.000,BBG000BFVXX0,-0.001960135,0.0055732173,1750824
20150327,14:30:00.000,BBG000FLZN98,-0.004137331,0.0045246417,226621
20150327,14:30:00.000,BBG000FLPRH1,0.0015871589,-0.0007963754,1029841
20150327,14:30:00.000,BBG000BYWTX7,-0.0022998045,-0.005346025,3881206
20150327,14:30:00.000,BBG000BY33P5,-0.0038538736,-0.0022418043,2238898
20150327,14:30:00.000,BBG000BBB3K1,0.0039628637,0.0115527725,1685246
20150327,14:30:00.000,BBG000DN7P92,0.007747224,0.014528478,725694
20150327,14:30:00.000,BBG000BBMSJ6,0.006172568,0.0031817309,994870
20150327,14:30:00.000,BBG000BH2JM1,0.0017451234,0.0021490403,2662849
20150327,14:30:00.000,BBG000BFS7D3,-0.0036577005,0.002827096,297324
20150327,14:30:00.000,BBG000CKVSG8,-0.011934988,-0.020791544,1729676
20150327,14:30:00.000,BBG000BB6G37,0.0016858717,0.00017389754,1068479
20150327,14:30:00.000,BBG000BM7HL0,-0.0007096088,0.0033208448,804864
20150327,14:30:00.000,BBG000BCYP43,-0.002616149,0.006960726,282830
20150327,14:30:00.000,BBG000BV75B7,0.00399,0.0027819737,634841
20150327,14:30:00.000,BBG000TWC2V5,-0.001193021,0.007200893,306994
20150327,14:30:00.000,BBG000BLW530,0.0059761996,0.00355994,1321213
20150327,14:30:00.000,BBG000BKWSR6,3.4474695e-05,-0.003678918,3141363
20150327,14:30:00.000,BBG000C2YHG9,0.0019729526,0.0055445256,646098
20150327,14:30:00.000,BBG000BRQ6L2,0.008362819,0.0383266,4263460
20150327,14:30:00.000,BBG000BQHGR6,0.001737155,-0.004134505,784832
20150327,14:30:00.000,BBG000BN9WT5,0.0046034907,0.0008771157,750314
20150327,14:30:00.000,BBG000BVWLJ6,-0.0025213498,-0.00082028995,666368
20150327,14:30:00.000,BBG000BKQ3V3,-0.013027777,-0.032819036,5741610
20150327,14:30:00.000,BBG000H0QBS7,-0.0042423033,0.0023238927,1129606
20150327,14:30:00.000,BBG000H4YVR7,0.0029112787,0.029024312,513298
20150327,14:30:00.000,BBG000PYZSR8,-0.010398426,-0.004979028,304191
20150327,14:30:00.000,BBG007TJF1N7,0.008743795,0.016712638,1763932
20150327,14:30:00.000,BBG000C2ZCH8,0.0035106437,0.009566261,1109825
20150327,14:30:00.000,BBG000BTCH57,-0.007917421,0.00020457784,768178
20150327,14:30:00.000,BBG000BR54L0,0.0078087403,0.030211624,2650653
20150327,14:30:00.000,BBG000BB5373,0.010117379,0.01599139,3904120
20150327,14:30:00.000,BBG000BHZ5J9,0.010590313,0.0039409744,493125
20150327,14:30:00.000,BBG000CXD6X9,-0.00105506,0.010103666,580453
20150327,14:30:00.000,BBG000BKZTP3,0.0023529173,-0.0026677332,800114
20150327,14:30:00.000,BBG000BB1TH9,-0.0061555183,-0.014614659,554715
20150327,14:30:00.000,BBG000D5S4M0,0.013678573,0.020444784,407435
20150327,14:30:00.000,BBG000BN84F3,-0.0043335822,-0.0009886879,1126334
20150327,14:30:00.000,BBG000HW5GX3,-0.010152457,-0.016924556,1438826
20150327,14:30:00.000,BBG000CHPY97,-0.0125430515,-0.026197223,3762608
20150327,14:30:00.000,BBG000D2M0Z7,0.004928357,0.010312495,986792
20150327,14:30:00.000,BBG000BF1R66,0.0065555274,0.0026032378,796041
20150327,14:30:00.000,BBG000BJ8YN7,-0.0064972453,-0.008681043,989075
20150327,14:30:00.000,BBG000G9CGL0,0.008833498,0.019834615,406697
20150327,14:30:00.000,BBG000BQ8KV2,-0.0011457577,-0.0053971196,919379
20150327,14:30:00.000,BBG000BVMPN3,0.0035711522,-0.002340983,609913
20150327,14:30:00.000,BBG000BGD7W6,-0.0056440774,0.0035369217,656197
20150327,14:30:00.000,BBG000BC15S7,0.002543981,-0.00020918803,830438
20150327,14:30:00.000,BBG000Q2HM09,0.032311227,0.032819185,1140993
20150327,14:30:00.000,BBG000BQVTF5,-0.0016388242,-0.0012844724,681953
20150327,14:30:00.000,BBG000VC0T95,0.00537719,0.013568491,722818
20150327,14:30:00.000,BBG000F86GP6,0.0009387431,0.002986967,446170
20150327,14:30:00.000,BBG000BWVSR1,-0.0015895246,0.0028103814,694386
20150327,14:30:00.000,BBG000BX8DC4,0.0014085855,0.008405137,678318
20150327,14:30:00.000,BBG000BHCP19,0.0020124922,0.0018669274,739104
20150327,14:30:00.000,BBG000BK6G19,0.014793037,0.0108043775,1611835
20150327,14:30:00.000,BBG000RGM5P1,-0.00762508,-0.0048159203,556603
20150327,14:30:00.000,BBG000BF5RY1,-0.0009625354,0.0036598823,1019738
20150327,14:30:00.000,BBG000BP4MH0,0.00073046016,-0.00018027243,963906
20150327,14:30:00.000,BBG000D8RG11,-0.018964844,-0.017440636,2240608
20150327,14:30:00.000,BBG000FP1N32,-0.0026553092,-0.012378615,3358825
20150327,14:30:00.000,BBG000BLHRS2,-0.0011417033,0.006633706,421345
20150327,14:30:00.000,BBG000TJM7F0,-0.014942447,-0.005813222,960334
20150327,14:30:00.000,BBG000J1QLT0,-0.011956304,-0.0013059434,405793
20150327,14:30:00.000,BBG000BBBNC6,0.0060877125,-0.00063009287,915893
20150327,14:30:00.000,BBG000BY2Y78,-0.0003167281,-0.004008668,1310146
20150327,14:30:00.000,BBG000BM6788,-0.0057906224,0.0014069362,749565
20150327,14:30:00.000,BBG000C1FQS9,-0.0012009281,0.0015684073,358511
20150327,14:30:00.000,BBG000BBJQV0,3.1019215e-05,-0.001908416,2714311
20150327,14:30:00.000,BBG000BTQR96,-0.0006203829,0.0044808756,660155
20150327,14:30:00.000,BBG000CXYSZ6,0.013187705,0.013186596,420965
20150327,14:30:00.000,BBG000BB5792,0.048573513,0.06458794,3984919
20150327,14:30:00.000,BBG000BNGTQ7,-0.0014637837,0.008328125,422097
20150327,14:30:00.000,BBG000BZTW70,-0.0106357755,-0.027889429,4603937
20150327,14:30:00.000,BBG000G0Z878,-0.0042230817,-0.006643753,1212015
20150327,14:30:00.000,BBG000BFNR17,0.0069838446,0.010535794,163386
20150327,14:30:00.000,BBG002BHBHM1,0.0054374877,0.022799937,549069
20150327,14:30:00.000,BBG000BC4JJ4,0.008482735,0.009757445,505675
20150327,14:30:00.000,BBG000F15NW9,0.005861603,0.012388431,370700
20150327,14:30:00.000,BBG000BKR1D6,0.0040023704,0.0026879928,220544
20150327,14:30:00.000,BBG000BCTQ65,-0.0060539045,-0.0017506832,4041778
20150327,14:30:00.000,BBG000BNNYW1,-0.0076347725,-0.008349197,5037596
20150327,14:30:00.000,BBG000BBCDZ2,-0.004955037,-0.0016318471,683170
20150327,14:30:00.000,BBG000BRK7L6,0.005405061,-0.008186964,2639235
20150327,14:30:00.000,BBG000DQTXY6,0.0035628018,0.026981203,2206457
20150327,14:30:00.000,BBG000BRXP69,-0.00084460736,0.012509958,428971
20150327,14:30:00.000,BBG000BL9JQ1,-0.01783518,-0.02319616,1200510
20150327,14:30:00.000,BBG000DTMH63,-0.0060411887,-0.02385003,3215613
20150327,14:30:00.000,BBG000BJPDZ1,-0.0034277386,0.0038768935,149982
20150327,14:30:00.000,BBG000BXWBN9,-0.0034743256,0.0032219125,1204932
20150327,14:30:00.000,BBG000C2PW58,0.0007982953,-0.0011859146,220187
20150327,14:30:00.000,BBG000D13GN8,-0.0039063822,-0.00039453912,586902
20150327,14:30:00.000,BBG000BB6M98,-0.005160645,-0.0072032013,1788736
20150327,14:30:00.000,BBG000BGYWY6,0.003197337,0.019508336,326308
20150327,14:30:00.000,BBG000BHB3M6,0.0020702234,0.0035968598,715530
20150327,14:30:00.000,BBG000G3QLY3,-0.009385342,-0.012434748,516952
20150327,14:30:00.000,BBG000BSBZH7,-0.0053436956,0.0018801901,509821
20150327,14:30:00.000,BBG000F7RCJ1,-0.0030166395,0.012448259,532976
20150327,14:30:00.000,BBG0039320N9,-0.00393824,0.006506996,1584531
20150327,14:30:00.000,BBG000BTZQC4,-0.017065678,-0.021027027,2426009
20150327,14:30:00.000,BBG001M8HHB7,-0.0019939442,0.004126024,456580
20150327,14:30:00.000,BBG000CZWZ05,0.08702589,0.116058655,4825707
20150327,14:30:00.000,BBG000QY3XZ2,0.004296052,0.011104475,499929
20150327,14:30:00.000,BBG000BHLYP4,-0.0042632557,-0.0027431776,772665
20150327,14:30:00.000,BBG000CHWP52,0.011866647,0.0071118637,2114705
20150327,14:30:00.000,BBG000QFJ7H3,0.013757475,-0.0028275365,5777422
20150327,14:30:00.000,BBG000BFTJ91,0.00027833812,0.0010779684,925184
20150327,14:30:00.000,BBG000BZ2GG4,0.0061996235,0.0037936727,928488
20150327,14:30:00.000,BBG000FKJRC5,0.0015321319,0.009774888,747035
20150327,14:30:00.000,BBG000BKPL53,0.0074112485,0.0147399055,783062
20150327,14:30:00.000,BBG000BNC3Y9,-0.0070623723,-0.010433729,462172
20150327,14:30:00.000,BBG000BNFLM9,-0.00108188,-0.0021083707,1607774
20150327,14:30:00.000,BBG000BWCKB6,-0.0044078655,0.005889306,450842
20150327,14:30:00.000,BBG000BR14K5,0.0033775507,0.00040743506,621252
20150327,14:30:00.000,BBG0014GJCT9,0.018212559,0.033559144,1257810
20150327,14:30:00.000,BBG000BRRG02,-0.014661997,-0.013533546,1531846
20150327,14:30:00.000,BBG000BP1Q11,-0.007165499,-0.0035508946,582333
20150327,14:30:00.000,BBG000P1F8Q7,-0.01630768,0.0004553347,601809
20150327,14:30:00.000,BBG000BCVMH9,-0.0044128476,-0.00949716,593777
20150327,14:30:00.000,BBG000D7RKJ5,0.0027580599,0.0058640284,845533
20150327,14:30:00.000,BBG000FNRZ69,0.01809667,0.008247224,2952160
20150327,14:30:00.000,BBG000BTKGG8,0.0017299951,-0.004914206,1184161
20150327,14:30:00.000,BBG001QD41M9,0.0002307706,0.0062435907,728657
20150327,14:30:00.000,BBG000D9DMK0,0.006216205,0.009658416,744497
20150327,14:30:00.000,BBG000BH5DV1,-0.0049511716,-0.0014441366,588796
20150327,14:30:00.000,BBG000BMQPL1,-0.0069742952,-0.012017981,5222240
20150327,14:30:00.000,BBG000BMDV41,-0.006983135,-0.003048614,871539
20150327,14:30:00.000,BBG000BQZMH4,0.00038799064,0.0046146577,1030757
20150327,14:30:00.000,BBG000BS0ZF1,-0.005550389,-0.00795467,323686
20150327,14:30:00.000,BBG000BGLRN3,-0.006657883,-0.0109903375,1799147
20150327,14:30:00.000,BBG000C0F570,-0.00020914884,-0.004000962,1691875
20150327,14:30:00.000,BBG000D6L294,-0.0093464255,-0.012542843,494486
20150327,14:30:00.000,BBG000BM5SR2,0.0016101839,0.0011064005,1065915
20150327,14:30:00.000,BBG000BYYLS8,-1.017153e-05,-0.004655059,2372988
20150327,14:30:00.000,BBG000BF6LY3,0.051217254,0.0627886,8653593
20150327,14:30:00.000,BBG000BCBCM7,-0.0028445167,0.0037465629,3362985
20150327,14:30:00.000,BBG000BJ2VQ6,0.0050799404,-0.022585135,2672906
20150327,14:30:00.000,BBG000BJ98Z0,-0.0040648147,0.006291092,833364
20150327,14:30:00.000,BBG000BLCPY4,0.00727129,-0.016573293,950751
20150327,14:30:00.000,BBG000D898T9,-0.0011477916,0.0058320328,821711
20150327,14:30:00.000,BBG000BMBL90,0.0023428735,0.0058313864,1051617
20150327,14:30:00.000,BBG000BSXQV7,-0.0016384139,0.006763337,290540
20150327,14:30:00.000,BBG000FVXD63,0.026766816,0.017114345,1497372
20150327,14:30:00.000,BBG000BVMGF2,-0.0018899301,-0.0038444556,927682
20150327,14:30:00.000,BBG000C11MQ5,-0.03325473,-7.828556e-05,476110
20150327,14:30:00.000,BBG000BPQD31,-0.00766673,-0.00080800225,2471592
20150327,14:30:00.000,BBG000BB5006,-0.00061515113,0.0031516796,1208178
20150327,14:30:00.000,BBG000BHKYH4,-0.0022967593,-0.0004815222,573349
20150327,14:30:00.000,BBG000D1QCF1,4.7138474e-05,-0.0050284886,1036964
20150327,14:30:00.000,BBG000CSY9H9,0.00529294,0.016194494,1075210
20150327,14:30:00.000,BBG000BRJ809,0.0033452814,0.003839644,263428
20150327,14:30:00.000,BBG000CNFQW6,0.001302483,0.007025482,367295
20150327,14:30:00.000,BBG000BXM6V2,-0.0010929923,0.013735334,1025327
20150327,14:30:00.000,BBG000BCGY17,0.0072305063,0.012600725,2196093
20150327,14:30:00.000,BBG000DKCC19,-0.012675986,-0.0034061605,1427397
20150327,14:30:00.000,BBG000BKCFC2,0.0039230585,0.012601907,2479099
20150327,14:30:00.000,BBG000BTVJ25,0.0050963215,0.0060705435,2227068
20150327,14:30:00.000,BBG000BN5HF7,-0.0069157924,0.014266882,749103
20150327,14:30:00.000,BBG000Q3JN03,-0.0007246148,-0.0107360305,10794569
20150327,14:30:00.000,BBG0020B4JG7,0.0069350577,0.015646785,2660694
20150327,14:30:00.000,BBG000BR3KL6,0.0005943996,0.0030668317,378922
20150327,14:30:00.000,BBG000BRWGG9,0.020180313,0.035387304,17430016
20150327,14:30:00.000,BBG001LWHLJ8,-0.015342713,-0.013305273,3679674
20150327,14:30:00.000,BBG000C7LMS8,0.009203982,0.024265062,260372
20150327,14:30:00.000,BBG000BPT0C6,0.014838692,0.0043809414,2091781
20150327,14:30:00.000,BBG000BSD7C2,0.0030681351,0.008594225,761847
20150327,14:30:00.000,BBG000BRJL00,0.0004384905,0.0027266794,1800033
20150327,14:30:00.000,BBG000C1FB75,0.0049882596,0.0061358423,244393
20150327,14:30:00.000,BBG000BJ3PD2,-0.00050865964,0.0004494903,815657
20150327,14:30:00.000,BBG000BHLYS1,0.008469107,0.014116215,3339333
20150327,14:30:00.000,BBG000JWD753,-0.001962156,0.0018285051,1798721
20150327,14:30:00.000,BBG000BXMFC3,-0.008179626,-0.009222703,1535763
20150327,14:30:00.000,BBG000CGQ6M4,0.003962036,-0.00074633135,501221
20150327,14:30:00.000,BBG000DNTSP4,0.007814293,-1.9171212e-08,2044924
20150327,14:30:00.000,BBG000BFXHL6,-0.011249555,-0.012627005,2133141
20150327,14:30:00.000,BBG000BJL3N0,0.00032291326,-0.0073803,5074701
20150327,14:30:00.000,BBG000JG0547,-0.0015425967,0.0024290185,821993
20150327,14:30:00.000,BBG000BWSV34,0.004917292,0.011527528,272826
20150327,14:30:00.000,BBG000BB6WG8,-0.0037649341,0.0017271907,1583366
20150327,14:30:00.000,BBG000BCWCG1,-0.0123659,0.0007813941,3057845
20150327,14:30:00.000,BBG000BB9KF2,0.006775726,0.0097587425,1628266
20150327,14:30:00.000,BBG000C3HSR0,-0.009239463,-0.0069600586,736668
20150327,14:30:00.000,BBG000BFMBQ6,0.010265718,0.022973226,964422
20150327,14:30:00.000,BBG000BP0KQ8,0.020940177,0.033882555,2176688
20150327,14:30:00.000,BBG000BQWPC5,-0.004633962,0.00202272,980693
20150327,14:30:00.000,BBG001YMS0B8,0.039735038,0.04846188,21457510
20150327,14:30:00.000,BBG000C0LW92,0.0073659807,0.020063234,3829478
20150327,14:30:00.000,BBG000MDCQC2,0.002604117,0.0094538415,1094673
20150327,14:30:00.000,BBG000BK67C7,-0.0028352935,0.0023401887,458549
20150327,14:30:00.000,BBG000BY29C7,0.0077413404,0.014256383,1272963
20150327,14:30:00.000,BBG000BSLZY7,0.013876735,0.01041428,3759023
20150327,14:30:00.000,BBG000BLKK03,-0.0034901982,0.008548725,1075938
20150327,14:30:00.000,BBG000C2BXK4,-0.014581276,-0.005139161,7056562
20150327,14:30:00.000,BBG000BCZYD3,-0.0039335885,0.0091138305,583412
20150327,14:30:00.000,BBG000R7RDB4,0.004544789,0.0006260055,750158
20150327,14:30:00.000,BBG000C3GN47,-0.003963625,-0.008280352,2824609
20150327,14:30:00.000,BBG000BMW2Z0,-0.00480358,0.00051687163,676359
20150327,14:30:00.000,BBG000BKFZM4,0.006270614,0.009793736,2740918
20150327,14:30:00.000,BBG000G2R6M0,0.009147312,0.0010762517,5269027
20150327,14:30:00.000,BBG000C1S2X2,-9.483236e-05,0.02053269,854997
20150327,14:30:00.000,BBG000F0KF42,-0.0075336667,-0.016441783,1521677
20150327,14:30:00.000,BBG000CS7CT9,-0.0034523592,0.007201273,1622486
20150327,14:30:00.000,BBG000CPQZ77,-0.0128741,-0.0067114704,1576354
20150327,14:30:00.000,BBG000C8H633,-0.008393712,-0.01629791,3519447
20150327,14:30:00.000,BBG000JH6683,0.012175452,0.04293067,2627884
20150327,14:30:00.000,BBG000BLBXT4,-0.005936756,0.0025947706,3044492
20150327,14:30:00.000,BBG000BB07P9,0.020231867,0.010613407,7241097
20150327,14:30:00.000,BBG000BX3TD3,0.010003912,-0.0020139138,3667613
20150327,14:30:00.000,BBG000F80SZ5,0.01098242,0.018087272,3639007
20150327,14:30:00.000,BBG000BKFBD7,0.000241605,-0.0043428983,1064011
20150327,14:30:00.000,BBG000BPWXK1,0.018071162,0.011736137,3517887
20150327,14:30:00.000,BBG000BH5LT6,-0.021815289,-0.049624905,7328119
20150327,14:30:00.000,BBG000BBD070,-0.01341118,-0.020468418,1105207
20150327,14:30:00.000,BBG000BWJFZ4,-0.018640451,-0.017575582,317237
20150327,14:30:00.000,BBG000BWNFZ9,-0.004909201,-0.011692522,1264406
20150327,14:30:00.000,BBG000BH3JF8,0.00036539507,0.006048141,1214916
20150327,14:30:00.000,BBG000C0HQ54,0.015893085,0.027842144,1589040
20150327,14:30:00.000,BBG000FL1TC8,-0.004830288,-0.0029749703,1007873
20150327,14:30:00.000,BBG000BV8DN6,0.0015293711,0.005938685,1677761
20150327,14:30:00.000,BBG0029SNR63,-0.004350225,0.0014998324,787824
20150327,14:30:00.000,BBG000DYGNW7,-0.0045827343,-0.00057476654,440938
20150327,14:30:00.000,BBG000QW7VC1,-0.001673541,0.00026250895,1172965
20150327,14:30:00.000,BBG000BFQYY3,-0.0074835024,-0.0024729683,1110029
20150327,14:30:00.000,BBG000BGVW60,-0.0041838065,-0.0007104383,1223327
20150327,14:30:00.000,BBG000C1BW00,-0.0028826771,0.008326506,685218
20150327,14:30:00.000,BBG000BJ81C1,0.005195467,0.0016857871,791026
20150327,14:30:00.000,BBG000BFDXW1,0.0033819973,0.0014237307,3218272
20150327,14:30:00.000,BBG000BSC0K9,0.0003506247,0.010614591,1047662
20150327,14:30:00.000,BBG000BD8PN9,-0.0042560813,-0.006281547,2485364
20150327,14:30:00.000,BBG000DSMS70,-0.010327946,0.012065932,416487
20150327,14:30:00.000,BBG000BQ5DS5,0.00088174595,-0.0057264804,1693737
20150327,14:30:00.000,BBG000G30YX4,0.009756557,0.029023146,990852
20150327,14:30:00.000,BBG000BQ2C28,-0.0015504784,0.0056825536,741076
20150327,14:30:00.000,BBG000BN2DC2,0.0021363907,0.008029783,1081144
20150327,14:30:00.000,BBG000LD9JQ8,-0.0101491185,-0.0059909676,573843
20150327,14:30:00.000,BBG000BGKTF9,0.0070729502,0.0011465469,1378723
20150327,14:30:00.000,BBG000BBVJZ8,-0.007901255,-0.013652112,1261498
20150327,14:30:00.000,BBG000D9D830,-0.0050205067,-0.005414466,2877580
20150327,14:30:00.000,BBG000BJSBJ0,0.0015550775,0.004817386,722693
20150327,14:30:00.000,BBG000BH1NH9,-0.0011635773,-0.0021744526,1249318
20150327,14:30:00.000,BBG000BVDLH9,-0.0043006884,0.0048073526,661644
20150327,14:30:00.000,BBG000FJLFX8,0.0026426916,0.012508445,921279
20150327,14:30:00.000,BBG000MZFMS2,-0.017165683,0.00011482787,609467
20150327,14:30:00.000,BBG000C4DPX1,1.1342575e-05,0.009741501,1294677
20150327,14:30:00.000,BBG000C0MF34,0.012174868,0.00859246,386971
20150327,14:30:00.000,BBG000QBR5J5,0.0037752532,-0.0012326924,1623771
20150327,14:30:00.000,BBG000BCVJ77,-0.000101697675,0.0057335934,1150351
20150327,14:30:00.000,BBG000QX74T1,0.0027490587,0.0048694885,210331
20150327,14:30:00.000,BBG000BBDV81,0.0026492998,0.009035828,1568258
20150327,14:30:00.000,BBG000HCJMF9,-0.0045225383,-0.012054466,1077903
20150327,14:30:00.000,BBG000C46HM9,-0.0033421987,0.0041095554,1284805
20150327,14:30:00.000,BBG000BGPTV6,0.0014628464,0.003107374,510782
20150327,14:30:00.000,BBG000BRD0D8,0.00074377144,-0.0062699127,1805146
20150327,14:30:00.000,BBG000BGJRC8,-0.0006272331,-0.006913873,3825131
20150327,14:30:00.000,BBG000DHSPT0,0.012755427,0.00802842,1022255
20150327,14:30:00.000,BBG000J6XT05,0.0010172769,0.0021530704,3446039
20150327,14:30:00.000,BBG000BH3GZ2,0.00017415617,-0.00031810364,1021385
20150327,14:30:00.000,BBG000BTR593,0.01151917,-0.00044308003,3026182
20150327,14:30:00.000,BBG000B9ZXB4,0.0015637061,0.008170954,1651233
20150327,14:30:00.000,BBG000BL4504,-0.006219379,-0.015453925,15301538
20150327,14:30:00.000,BBG000BNBDC2,-0.0032206157,0.0032677904,2464117
20150327,14:30:00.000,BBG000C734W3,-0.004314539,0.016905667,447757
20150327,14:30:00.000,BBG000BWLMJ4,0.0036975313,0.01024519,2006077
20150327,14:30:00.000,BBG000H556T9,0.0054112114,0.004697824,1769464
20150327,14:30:00.000,BBG000BVPPM1,-0.013495511,-0.007074477,739731
20150327,14:30:00.000,BBG000BCG930,0.008296743,0.020171365,835709
20150327,14:30:00.000,BBG000BJF1Z8,-0.008543695,-0.0048934575,476817
20150327,14:30:00.000,BBG000BND699,0.005552735,0.009385676,3223482
20150327,14:30:00.000,BBG000BD4VG8,-0.0043782233,-6.3911834e-08,1525897
20150327,14:30:00.000,BBG000BC2C10,-0.00019607309,-0.0067701032,2155573
20150327,14:30:00.000,BBG000NV1KK7,-0.005324014,0.0018718073,2507704
20150327,14:30:00.000,BBG000BLZRJ2,0.0052934582,0.0033710473,5084356
20150327,14:30:00.000,BBG000F6H8W8,-0.0024451662,0.0022650918,761301
20150327,14:30:00.000,BBG000BMY992,-0.008458165,0.0006570012,1357606
20150327,14:30:00.000,BBG000BT9DW0,0.004826887,0.0041146455,3331128
20150327,14:30:00.000,BBG000PX3XC0,-0.008770966,-0.02664529,7529581
20150327,14:30:00.000,BBG000BWXBC2,-0.008432044,-0.0069616726,2761962
20150327,14:30:00.000,BBG000BB6KF5,0.001270961,-0.005731898,2460074
20150327,14:30:00.000,BBG000FFDM15,0.0021668265,-0.0045308364,2790276
20150327,14:30:00.000,BBG000KLB4Q1,0.03299404,0.043908454,7123336
20150327,14:30:00.000,BBG001DCCGR8,-0.010355868,-0.0094655305,1053779
20150327,14:30:00.000,BBG000BVV7G1,0.0035168328,0.001614183,2207449
20150327,14:30:00.000,BBG000BHGDH5,0.0008322441,0.004102659,2164401
20150327,14:30:00.000,BBG000BWVCP8,0.013441456,0.0073081395,2534779
20150327,14:30:00.000,BBG000C15T95,-0.008303308,-0.006325283,1314080
20150327,14:30:00.000,BBG000D4LWF6,0.00040226226,0.007156165,9374634
20150327,14:30:00.000,BBG000B9WH86,-0.0014102285,-0.011640982,10666196
20150327,14:30:00.000,BBG000Q9HH23,-0.007086771,0.001719791,387198
20150327,14:30:00.000,BBG00286S4N9,-0.0026955258,-0.008285562,964308
20150327,14:30:00.000,BBG000BHX7N2,-0.00083723624,-0.0024795006,2045763
20150327,14:30:00.000,BBG000L9CV04,-0.0040520392,1.2447684e-06,1605983
20150327,14:30:00.000,BBG000BH13K9,0.0017182588,-0.00027852505,2660093
20150327,14:30:00.000,BBG000FG3C43,-0.028214796,-0.03746448,9891233
20150327,14:30:00.000,BBG000C496P7,0.0036396643,0.0030330864,2929040
20150327,14:30:00.000,BBG000BXRPH1,0.010449953,0.0035976407,915616
20150327,14:30:00.000,BBG000BNJHS8,-0.0053220824,0.021077236,3587520
20150327,14:30:00.000,BBG000BBPFB9,-0.000761493,-0.0035705648,10297923
20150327,14:30:00.000,BBG000WCFV84,-0.009867669,-0.015421067,2141536
20150327,14:30:00.000,BBG0019JZ882,0.0051830774,0.0026641223,3562004
20150327,14:30:00.000,BBG000H89QJ6,-0.004115574,-0.0043248585,961024
20150327,14:30:00.000,BBG000BFWKC0,0.006804011,0.003340413,1624570
20150327,14:30:00.000,BBG000C5HS04,-0.0049761073,0.004529853,1099463
20150327,14:30:00.000,BBG000BJX8C8,0.017192826,0.0116458265,3571206
20150327,14:30:00.000,BBG000BNDN65,-0.006335162,0.008647456,1951934
20150327,14:30:00.000,BBG000BP52R2,-0.0016843925,0.006427163,955304
20150327,14:30:00.000,BBG000M65M61,0.015366033,0.039334875,2757388
20150327,14:30:00.000,BBG000BP6LJ8,-0.0011988209,0.004399894,4131281
20150327,14:30:00.000,BBG000F0PF65,-0.0006206171,0.0024779816,1381619
20150327,14:30:00.000,BBG000H8TVT2,0.006999559,0.015163544,2135796
20150327,14:30:00.000,BBG000DQLV23,-0.0026324159,0.0043847235,2614462
20150327,14:30:00.000,BBG000BHBK84,0.0321251,0.03488671,13155804
20150327,14:30:00.000,BBG000DLFM21,-0.0154340295,-0.00040374437,692951
20150327,14:30:00.000,BBG000BJDB15,-0.020937549,-0.03383832,14147446
20150327,14:30:00.000,BBG000CTQBF3,-0.0022125645,0.0022611187,2520605
20150327,14:30:00.000,BBG000BQQ2S6,-0.00093525567,-0.010649284,1869725
20150327,14:30:00.000,BBG000BHVJJ3,-0.015401981,-0.023620328,19309244
20150327,14:30:00.000,BBG000F1ZSQ2,-0.011043136,-0.009153776,2860244
20150327,14:30:00.000,BBG000BQPC32,-0.00013693942,-0.0024991166,36093292
20150327,14:30:00.000,BBG000C43RR5,0.002534728,0.0038245642,3189675
20150327,14:30:00.000,BBG000CH5208,0.0041758968,0.012726833,1303049
20150327,14:30:00.000,BBG000J2XL74,0.0021079045,0.0018338703,2811775
20150327,14:30:00.000,BBG000BC40Y8,-0.0067805788,-0.011833446,1526833
20150327,14:30:00.000,BBG000KHWT55,-0.01912038,-0.025300205,12890804
20150327,14:30:00.000,BBG000BW8S60,0.0015969048,0.006074092,1585030
20150327,14:30:00.000,BBG000BZ9223,-0.0040983106,-0.009468267,1491690
20150327,14:30:00.000,BBG000DWYF03,-0.0026417866,-0.0038298257,4477639
20150327,14:30:00.000,BBG000BBGGQ1,-0.025182366,-0.025724268,4143066
20150327,14:30:00.000,BBG000BBDZG3,0.0012266486,-0.0033227566,3610901
20150327,14:30:00.000,BBG000BQLTW7,-0.009072151,-0.00977074,9880877
20150327,14:30:00.000,BBG000NDYB67,0.0009415217,0.00026698122,5767777
20150327,14:30:00.000,BBG000C6CFJ5,0.0049989223,0.0013341798,912990
20150327,14:30:00.000,BBG000BGRY34,-0.0011693854,0.0064204773,2121037
20150327,14:30:00.000,BBG000DH7JK6,-0.0013515005,0.002928429,2490750
20150327,14:30:00.000,BBG000BW3299,0.009327936,0.004159124,3921267
20150327,14:30:00.000,BBG000DWG505,0.0063423077,0.00408972,1858657
20150327,14:30:00.000,BBG000BF0K17,0.0010834633,-0.0047576097,3829352
20150327,14:30:00.000,BBG000R7Z112,-0.005739205,0.015424035,4868958
20150327,14:30:00.000,BBG000BCSST7,-0.0012486399,0.0041507403,1526980
20150327,14:30:00.000,BBG000BQQH30,0.00164749,-0.0053744903,2512275
20150327,14:30:00.000,BBG000BCQZS4,0.002761577,-0.0055417633,5706747
20150327,14:30:00.000,BBG000BMX289,-0.011015366,-0.007930984,8383191
20150327,14:30:00.000,BBG000BNWG87,0.0013248728,0.0103096105,2652111
20150327,14:30:00.000,BBG000BBS2Y0,-0.0045966743,0.013638409,1241761
20150327,14:30:00.000,BBG000BH4R78,-0.0015177354,0.0029920887,3467407
20150327,14:30:00.000,BBG005P7Q881,0.0025901294,0.027894462,5882899
20150327,14:30:00.000,BBG000BKZB36,0.0021132124,0.014147409,2109323
20150327,14:30:00.000,BBG000GFFQN9,0.015717065,0.017987257,16138660
20150327,14:30:00.000,BBG0025Y4RY4,0.002659149,0.005847182,4173734
20150327,14:30:00.000,BBG000BFC8J2,-0.009884485,0.011132983,3671508
20150327,14:30:00.000,BBG000H6HNW3,-0.0063401605,0.0050071105,11436809
20150327,14:30:00.000,BBG000BNSZP1,-0.0042078854,-0.0050285244,2228818
20150327,14:30:00.000,BBG000N9MNX3,-0.0380451,-0.034951836,5526055
20150327,14:30:00.000,BBG000BPD168,0.00089799124,0.0052080606,3583998
20150327,14:30:00.000,BBG000BKTFN2,0.000713446,-0.0018529684,6457405
20150327,14:30:00.000,BBG000C17X76,-0.012448474,0.007097126,1138896
20150327,14:30:00.000,BBG000BR2TH3,-0.0053477236,-0.000912828,3394364
20150327,14:30:00.000,BBG000PSKYX7,-0.0076352363,-0.0037331812,3889032
20150327,14:30:00.000,BBG000BT41Q8,0.0076041645,-0.0016229285,3211053
20150327,14:30:00.000,BBG000C5Z1S3,-0.010001541,-0.015376157,16697909
20150327,14:30:00.000,BBG000BLNNH6,-0.00016615665,-0.0045764707,1883797
20150327,14:30:00.000,BBG000BFT2L4,0.001362606,0.0014307039,7752564
20150327,14:30:00.000,BBG000CGC1X8,-0.0011665707,-0.0046158456,5209377
20150327,14:30:00.000,BBG000HS77T5,0.0094824415,0.0039247903,6162894
20150327,14:30:00.000,BBG000C3J3C9,0.003358114,0.0040618735,11552003
20150327,14:30:00.000,BBG000FH8PX5,-0.000676776,0.011331473,1261420
20150327,14:30:00.000,BBG000BLBVN4,-0.0050805565,-0.0011611015,279881
20150327,14:30:00.000,BBG000BSJK37,0.0034828254,-0.0027416744,10959651
20150327,14:30:00.000,BBG000CL9VN6,-0.013008677,-0.0041614966,1833440
20150327,14:30:00.000,BBG000BVPV84,0.007181176,0.014035032,1590261
20150327,14:30:00.000,BBG000K4ND22,0.0015814895,-0.009214347,3034951
20150327,14:30:00.000,BBG000BWQFY7,-0.0010322697,-0.008443489,6924244
20150327,14:30:00.000,BBG002W96FT9,-0.006490313,-0.007078771,1275596
20150327,14:30:00.000,BBG000BMHYD1,0.0012434323,0.0048439577,2806477
20150327,14:30:00.000,BBG000BR2B91,0.0034249395,0.009363218,12091719
20150327,14:30:00.000,BBG000BK6MB5,-2.3863144e-05,0.0016120793,15402451
20150327,14:30:00.000,BBG000FY4S11,0.0025393995,-0.005272994,10566791
20150327,14:30:00.000,BBG000DMBXR2,0.006428852,-0.0010079873,6494081
20150327,14:30:00.000,BBG000C0G1D1,0.003703294,-0.0029923848,17603702
20150327,14:30:00.000,BBG000BHSKN9,-0.009130772,-0.0071412907,1055771
20150327,14:30:00.000,BBG000CKGBP2,-0.017257055,0.0011891522,5035818
20150327,14:30:00.000,BBG000GZQ728,-0.00012294446,-0.007946314,5585270
20150327,14:30:00.000,BBG000BPH459,-0.0051298533,-0.006309343,17851816
20150327,14:30:00.000,BBG000BCTLF6,-0.0005563249,-0.007131222,50044380
20150327,14:30:00.000,BBG000MM2P62,6.2877756e-05,0.0074072564,13012927
20150327,14:30:00.000,BBG000B9XRY4,-0.006586985,-0.007563963,24327816
20150327,14:45:00.000,BBG000CNZC55,-0.009813347,0.0032485256,3426037
20150327,14:45:00.000,BBG000FH5YM1,0.004009894,0.005490389,3214337
20150327,14:45:00.000,BBG000BLM0V1,-0.0034455,-0.0022028557,440308
20150327,14:45:00.000,BBG000HGYNZ9,-0.0028881875,-0.01271064,1921934
20150327,14:45:00.000,BBG000BF6RQ9,0.008155859,0.03495067,652029
20150327,14:45:00.000,BBG000BFV115,0.006164256,-0.004110701,846912
20150327,14:45:00.000,BBG0015XMW40,0.016724015,0.014496262,414796
20150327,14:45:00.000,BBG000FBMY72,-0.0073985015,-0.009407201,1709220
20150327,14:45:00.000,BBG000BDWKC5,0.010149065,0.012565091,1501364
20150327,14:45:00.000,BBG000G6BN50,0.0097912,0.0076949764,306317
20150327,14:45:00.000,BBG000BLDV98,-0.0071027805,0.0015630986,1057585
20150327,14:45:00.000,BBG000R0L5J4,-0.0017121808,-0.002816675,476907
20150327,14:45:00.000,BBG006NV2Q11,-0.016267119,-0.017045354,1716623
20150327,14:45:00.000,BBG000BC2R71,0.004751485,-0.000484591,885099
20150327,14:45:00.000,BBG000BN1XR3,0.0029126126,0.008780083,309316
20150327,14:45:00.000,BBG000GPXKX9,-0.011381451,-0.004499855,292695
20150327,14:45:00.000,BBG000DV7MX4,-0.005015118,-0.002580842,3308929
20150327,14:45:00.000,BBG000BGRKT6,-0.008989716,-0.0008391971,356163
20150327,14:45:00.000,BBG000BB5BF6,-0.013729107,-0.0073509617,4427310
20150327,14:45:00.000,BBG000BVB8Q0,0.006920147,0.0026264754,8765691
20150327,14:45:00.000,BBG000DGPR66,0.009901371,0.016243286,1116336
20150327,14:45:00.000,BBG000BQ74K1,-0.0036049297,-0.0062481714,348673
20150327,14:45:00.000,BBG000RNTSX0,3.1932595e-05,0.009466366,290512
20150327,14:45:00.000,BBG000N746D6,0.011881559,0.012383676,1838235
20150327,14:45:00.000,BBG000CR90K4,0.024534065,0.020418813,20664252
20150327,14:45:00.000,BBG000BVL2G3,0.010459734,0.0075580315,1135705
20150327,14:45:00.000,BBG000BPQVR5,-0.0061261905,-0.005381362,379460
20150327,14:45:00.000,BBG000CB8Q50,0.0024468654,0.0059648487,339054
20150327,14:45:00.000,BBG000D42FJ0,0.007832482,-0.0070348517,1278544
20150327,14:45:00.000,BBG003641015,-0.0066482304,-0.00048833626,1047547
20150327,14:45:00.000,BBG000CPHYL4,0.005109808,0.005745772,788594
20150327,14:45:00.000,BBG000BKL348,0.0031630201,0.005306178,248824
20150327,14:45:00.000,BBG000BMF5J0,-0.009184481,4.2888473e-08,3453872
20150327,14:45:00.000,BBG000BCHG15,0.0068789697,0.01052199,267501
20150327,14:45:00.000,BBG000BJKPG0,-0.0063243266,0.00012748719,339910
20150327,14:45:00.000,BBG000HS74G6,-0.0080854,-0.013712928,784271
20150327,14:45:00.000,BBG000BVHBM1,-0.006107804,0.019558406,995525
20150327,14:45:00.000,BBG002PHSYX9,-0.020553416,-0.018416401,698710
20150327,14:45:00.000,BBG000D2ZTS8,-0.005848369,0.010158278,1710764
20150327,14:45:00.000,BBG000BGYMH7,-0.0033828605,7.008104e-05,420855
20150327,14:45:00.000,BBG000PV2L86,-0.0002043755,0.013351431,633239
20150327,14:45:00.000,BBG000FQ6PY6,0.004222852,0.0047329343,639901
20150327,14:45:00.000,BBG000R06BX2,0.006219018,0.008137191,1076351
20150327,14:45:00.000,BBG000BCWKD6,0.001188489,0.0011579391,1319959
20150327,14:45:00.000,BBG000CPBCL8,-0.00076418737,-0.002428584,499069
20150327,14:45:00.000,BBG000B9X8C0,0.003817671,0.008305654,1028037
20150327,14:45:00.000,BBG000BDY3Y7,-0.011076892,-0.009937664,413861
20150327,14:45:00.000,BBG001XJRMF5,-0.0020920364,-0.0027879875,1528316
20150327,14:45:00.000,BBG000BJ26K7,0.015759885,0.008432267,1049609
20150327,14:45:00.000,BBG000BQ87N0,-0.001858711,0.0038065335,538708
20150327,14:45:00.000,BBG000C37332,0.008265919,0.008384409,387701
20150327,14:45:00.000,BBG000C4ZZ10,0.0027955081,0.008484358,579144
20150327,14:45:00.000,BBG000BPNP00,0.0054136165,0.003833945,818491
20150327,14:45:00.000,BBG000BXBHJ4,-0.0071005286,-0.017900515,944997
20150327,14:45:00.000,BBG000FDBX90,0.008649451,0.005383877,2104532
20150327,14:45:00.000,BBG000BKNX95,0.004536845,0.006119678,1040905
20150327,14:45:00.000,BBG000BV4XJ1,0.008444737,0.035343595,347786
20150327,14:45:00.000,BBG000MQ1SN9,0.004094669,0.006781905,474934
20150327,14:45:00.000,BBG000KBQZ88,-0.00594787,0.0006207956,758196
20150327,14:45:00.000,BBG000BXNJ07,-0.009797313,-0.010618842,4071869
20150327,14:45:00.000,BBG000DLVDK3,0.0020346786,-0.0034282543,1425315
20150327,14:45:00.000,BBG000BB03M1,0.03158831,0.01766815,1256431
20150327,14:45:00.000,BBG000BWGYF8,-0.002447807,0.0024990079,328181
20150327,14:45:00.000,BBG000BPZBB6,0.021441532,0.022199007,1459018
20150327,14:45:00.000,BBG000JKCWS0,0.00867027,0.0019797806,453300
20150327,14:45:00.000,BBG000BNPSQ9,0.029810509,0.06524332,1063928
20150327,14:45:00.000,BBG000C060M4,-0.0028071315,-0.0060177734,193604
20150327,14:45:00.000,BBG000BFDLV8,0.0055357027,0.017282015,578532
20150327,14:45:00.000,BBG000C2V3D6,0.0002134067,0.0076333852,808482
20150327,14:45:00.000,BBG000BC9938,-0.004921415,-0.0069893985,534159
20150327,14:45:00.000,BBG000C22QV7,-0.0034262065,0.0033299315,773809
20150327,14:45:00.000,BBG000BMTFR4,-0.0025814357,-0.003850413,1027895
20150327,14:45:00.000,BBG000BKTT89,-0.001798843,0.0040975814,260773
20150327,14:45:00.000,BBG000BWXL85,0.0050789053,0.010615793,1825155
20150327,14:45:00.000,BBG0014GG205,0.036947012,0.032859184,5977239
20150327,14:45:00.000,BBG000BGFZR8,0.0018359472,0.006675489,1057913
20150327,14:45:00.000,BBG000V31J96,0.008633141,0.011608943,1967229
20150327,14:45:00.000,BBG000BNNKG9,0.0034063787,0.012766951,1504764
20150327,14:45:00.000,BBG000BSSC44,-0.008237255,-0.019334853,762596
20150327,14:45:00.000,BBG000BSY3K9,-0.0062530534,-0.000107337575,347259
20150327,14:45:00.000,BBG000BPMH90,-0.005519253,-0.013089367,589939
20150327,14:45:00.000,BBG000BX5ZF5,-0.018024435,-0.017195728,3956911
20150327,14:45:00.000,BBG000BR37X2,0.0073571717,0.0029693956,1414260
20150327,14:45:00.000,BBG000C9F2F9,-0.01980597,0.0065113767,971865
20150327,14:45:00.000,BBG000D9KWL9,0.010592994,0.0036257803,596928
20150327,14:45:00.000,BBG000PLXQQ3,-0.00507192,9.552265e-05,364694
20150327,14:45:00.000,BBG000HZFZX3,-0.0028337284,0.0048460797,523581
20150327,14:45:00.000,BBG000BDXGP9,0.03635454,0.046338305,3079429
20150327,14:45:00.000,BBG000BB29X4,0.0068548247,0.010572464,819242
20150327,14:45:00.000,BBG001C7TST4,0.0035771776,0.011327947,800438
20150327,14:45:00.000,BBG000BMKDM3,0.0015799934,0.009602668,1143252
20150327,14:45:00.000,BBG000FFH4P5,0.0011596757,0.0023790773,656621
20150327,14:45:00.000,BBG000C75N77,0.002172835,-0.008216954,497981
20150327,14:45:00.000,BBG000C221G9,-0.0130062625,-0.010182805,639962
20150327,14:45:00.000,BBG000BKXFN7,0.014017947,-0.0062854663,2231629
20150327,14:45:00.000,BBG000BWP7D9,0.006027522,0.0123832505,1048609
20150327,14:45:00.000,BBG000DY8ZS4,-0.012870956,-0.015073812,3635984
20150327,14:45:00.000,BBG000BFL116,0.004978096,-0.0013421284,874600
20150327,14:45:00.000,BBG000BKLH74,0.006786144,0.009435246,1695763
20150327,14:45:00.000,BBG000BS9489,-0.0016712662,0.0030573145,356435
20150327,14:45:00.000,BBG000BP8Z50,-0.0027351796,-0.004432968,831712
20150327,14:45:00.000,BBG000BS7KS3,0.009921689,0.01385421,1087897
20150327,14:45:00.000,BBG000BMZ7P7,0.0020827428,-0.004507055,605955
20150327,14:45:00.000,BBG000FBK808,-0.041202854,-0.05930633,5855686
20150327,14:45:00.000,BBG000R8ZVD1,-0.011692802,0.00046872333,2243023
20150327,14:45:00.000,BBG000BLMZK6,-0.006132877,0.014897128,841031
20150327,14:45:00.000,BBG000BQSQ38,0.007062918,0.010609933,1393508
20150327,14:45:00.000,BBG000BBL0Y1,-0.010652347,0.016409863,626433
20150327,14:45:00.000,BBG001QZCPJ2,0.0070601385,0.019262021,1154823
20150327,14:45:00.000,BBG000CVWGS6,0.0044396985,0.010233914,2143861
20150327,14:45:00.000,BBG000BCNYT9,0.006998758,-0.0025335003,4763110
20150327,14:45:00.000,BBG000PVRDL2,0.008702856,0.0030502495,2477851
20150327,14:45:00.000,BBG000BJQWD2,-0.00039201867,0.0044345334,487488
20150327,14:45:00.000,BBG000C9W1Y1,0.0009672028,0.00081507594,1489146
20150327,14:45:00.000,BBG000BJ49H3,0.0067278035,0.0065927603,775315
20150327,14:45:00.000,BBG000BFVXX0,-0.0027713033,0.0046931733,1807495
20150327,14:45:00.000,BBG000FLZN98,-0.0033890074,0.0055238255,259248
20150327,14:45:00.000,BBG000FLPRH1,0.0023382485,-8.891087e-05,1074825
20150327,14:45:00.000,BBG000BYWTX7,-0.002651636,-0.0053459406,3960736
20150327,14:45:00.000,BBG000BY33P5,-0.004682307,-0.0031386018,2338585
20150327,14:45:00.000,BBG000BBB3K1,0.0039692544,0.011334885,1935474
20150327,14:45:00.000,BBG000DN7P92,0.007547193,0.01452832,745480
20150327,14:45:00.000,BBG000BBMSJ6,0.006368882,0.0034710409,1013361
20150327,14:45:00.000,BBG000BH2JM1,0.0003187999,0.00086063566,2769100
20150327,14:45:00.000,BBG000BFS7D3,-0.0041366266,0.0023255672,314252
20150327,14:45:00.000,BBG000CKVSG8,-0.013225067,-0.024074469,1837728
20150327,14:45:00.000,BBG000BB6G37,0.0004337001,-0.0010452752,1099670
20150327,14:45:00.000,BBG000BM7HL0,-0.0011436741,0.0032355755,877040
20150327,14:45:00.000,BBG000BCYP43,-0.0006557301,0.009901238,320103
20150327,14:45:00.000,BBG000BV75B7,0.0017384117,0.00023262015,683727
20150327,14:45:00.000,BBG000TWC2V5,-0.0012666226,0.0074528037,319265
20150327,14:45:00.000,BBG000BLW530,0.004164699,0.0010173626,1352065
20150327,14:45:00.000,BBG000BKWSR6,-0.0005587303,-0.0045985,3221875
20150327,14:45:00.000,BBG000C2YHG9,0.0021611133,0.006753179,673484
20150327,14:45:00.000,BBG000BRQ6L2,0.009078867,0.041565552,4449276
20150327,14:45:00.000,BBG000BQHGR6,0.0012140721,-0.0059364913,808108
20150327,14:45:00.000,BBG000BN9WT5,0.003910288,0.00043852767,778924
20150327,14:45:00.000,BBG000BVWLJ6,-0.0009341111,-0.00023463684,695014
20150327,14:45:00.000,BBG000BKQ3V3,-0.013563617,-0.03480819,5924725
20150327,14:45:00.000,BBG000H0QBS7,-0.004217015,0.003486101,1154789
20150327,14:45:00.000,BBG000H4YVR7,0.0043729884,0.033387516,533709
20150327,14:45:00.000,BBG000PYZSR8,-0.010350308,-0.0036310814,320406
20150327,14:45:00.000,BBG007TJF1N7,0.008347013,0.016388893,1818802
20150327,14:45:00.000,BBG000C2ZCH8,0.0034947263,0.009193137,1151505
20150327,14:45:00.000,BBG000BTCH57,-0.0077611827,-0.00061592326,813367
20150327,14:45:00.000,BBG000BR54L0,0.006439372,0.02974678,2741719
20150327,14:45:00.000,BBG000BB5373,0.011322901,0.016507262,3986667
20150327,14:45:00.000,BBG000BHZ5J9,0.011587333,0.00375356,511673
20150327,14:45:00.000,BBG000CXD6X9,0.0012527524,0.013434771,596327
20150327,14:45:00.000,BBG000BKZTP3,0.0015386427,-0.004167789,862914
20150327,14:45:00.000,BBG000BB1TH9,-0.0052354573,-0.014875768,574303
20150327,14:45:00.000,BBG000D5S4M0,0.012302848,0.020195393,424924
20150327,14:45:00.000,BBG000BN84F3,-0.0022316508,0.0010544995,1173306
20150327,14:45:00.000,BBG000HW5GX3,-0.009896004,-0.01852125,1499317
20150327,14:45:00.000,BBG000CHPY97,-0.013057646,-0.028861519,3859054
20150327,14:45:00.000,BBG000D2M0Z7,0.0053981775,0.011737805,1028474
20150327,14:45:00.000,BBG000BF1R66,0.0069882185,0.0030537967,816151
20150327,14:45:00.000,BBG000BJ8YN7,-0.005021935,-0.0074751903,1028193
20150327,14:45:00.000,BBG000G9CGL0,0.00877423,0.020699302,438752
20150327,14:45:00.000,BBG000BQ8KV2,-0.0007823978,-0.006145715,985943
20150327,14:45:00.000,BBG000BVMPN3,0.003969085,-0.0024024502,631324
20150327,14:45:00.000,BBG000BGD7W6,-0.006299773,0.0037229732,692689
20150327,14:45:00.000,BBG000BC15S7,0.0022776716,0.00020754235,859952
20150327,14:45:00.000,BBG000Q2HM09,0.03115732,0.03194393,1190493
20150327,14:45:00.000,BBG000BQVTF5,-0.002179608,-0.0025681884,734459
20150327,14:45:00.000,BBG000VC0T95,0.0059939073,0.014639465,745834
20150327,14:45:00.000,BBG000F86GP6,0.0010985327,0.003085014,472684
20150327,14:45:00.000,BBG000BWVSR1,-0.0016387604,0.0022487273,721234
20150327,14:45:00.000,BBG000BX8DC4,0.0015154376,0.009302787,702723
20150327,14:45:00.000,BBG000BHCP19,0.0022259722,0.0020745408,761458
20150327,14:45:00.000,BBG000BK6G19,0.012780314,0.006716331,1694424
20150327,14:45:00.000,BBG000RGM5P1,-0.0071301814,-0.004108059,578382
20150327,14:45:00.000,BBG000BF5RY1,-0.00041712806,0.004346222,1064176
20150327,14:45:00.000,BBG000BP4MH0,0.0006790011,-0.00018023622,1005961
20150327,14:45:00.000,BBG000D8RG11,-0.015915938,-0.014601406,2542095
20150327,14:45:00.000,BBG000FP1N32,-0.0032969415,-0.012941241,3424603
20150327,14:45:00.000,BBG000BLHRS2,-0.0016140493,0.0067325835,437653
20150327,14:45:00.000,BBG000TJM7F0,-0.01601568,-0.0059397737,1002069
20150327,14:45:00.000,BBG000J1QLT0,-0.014189893,-0.0024379375,450458
20150327,14:45:00.000,BBG000BBBNC6,0.005820185,-0.0025197435,960628
20150327,14:45:00.000,BBG000BY2Y78,-0.0012080374,-0.005511649,1348704
20150327,14:45:00.000,BBG000BM6788,-0.006209333,-8.7254506e-07,782986
20150327,14:45:00.000,BBG000C1FQS9,-0.00071450527,0.0015682754,373803
20150327,14:45:00.000,BBG000BBJQV0,0.0013702301,-0.00047743265,2806073
20150327,14:45:00.000,BBG000BTQR96,-0.0005132836,0.0036899846,685359
20150327,14:45:00.000,BBG000CXYSZ6,0.013532558,0.013632105,447776
20150327,14:45:00.000,BBG000BB5792,0.04915404,0.065187804,4110655
20150327,14:45:00.000,BBG000BNGTQ7,-0.0010293869,0.009896791,436488
20150327,14:45:00.000,BBG000BZTW70,-0.0092869615,-0.027155323,4762870
20150327,14:45:00.000,BBG000G0Z878,-0.00387233,-0.006880928,1277311
20150327,14:45:00.000,BBG000BFNR17,0.006107737,0.010279021,168498
20150327,14:45:00.000,BBG002BHBHM1,0.006719823,0.02437788,561656
20150327,14:45:00.000,BBG000BC4JJ4,0.008269569,0.009261537,526239
20150327,14:45:00.000,BBG000F15NW9,0.005466184,0.01246532,386591
20150327,14:45:00.000,BBG000BKR1D6,0.0030534458,0.0020052413,228781
20150327,14:45:00.000,BBG000BCTQ65,-0.0055857548,-0.0014588519,4121070
20150327,14:45:00.000,BBG000BNNYW1,-0.0051434576,-0.0057122805,5217366
20150327,14:45:00.000,BBG000BBCDZ2,-0.006312175,-0.003704355,703367
20150327,14:45:00.000,BBG000BRK7L6,0.004652343,-0.009892601,2791943
20150327,14:45:00.000,BBG000DQTXY6,0.004429436,0.028854985,2301312
20150327,14:45:00.000,BBG000BRXP69,-0.002089083,0.011910926,470094
20150327,14:45:00.000,BBG000BL9JQ1,-0.019139422,-0.02541683,1249675
20150327,14:45:00.000,BBG000DTMH63,-0.007987251,-0.027257144,3361670
20150327,14:45:00.000,BBG000BJPDZ1,-0.003460682,0.00457829,152229
20150327,14:45:00.000,BBG000BXWBN9,-0.0034212742,0.004429919,1240401
20150327,14:45:00.000,BBG000C2PW58,9.322579e-05,-0.002359563,223864
20150327,14:45:00.000,BBG000D13GN8,-0.003507364,-0.0004931458,610228
20150327,14:45:00.000,BBG000BB6M98,-0.004483242,-0.0072031864,1879505
20150327,14:45:00.000,BBG000BGYWY6,0.002029475,0.020147659,338771
20150327,14:45:00.000,BBG000BHB3M6,0.0027848363,0.0027334788,737752
20150327,14:45:00.000,BBG000G3QLY3,-0.009156029,-0.012357805,547177
20150327,14:45:00.000,BBG000BSBZH7,-0.0045171385,0.0039522066,529300
20150327,14:45:00.000,BBG000F7RCJ1,-0.001656399,0.015560313,560070
20150327,14:45:00.000,BBG0039320N9,-0.003399783,0.007157728,1635798
20150327,14:45:00.000,BBG000BTZQC4,-0.016884144,-0.021636544,2545116
20150327,14:45:00.000,BBG001M8HHB7,-0.0029303653,0.00340838,481399
20150327,14:45:00.000,BBG000CZWZ05,0.08487171,0.116620995,4918098
20150327,14:45:00.000,BBG000QY3XZ2,0.0054777167,0.012344207,514215
20150327,14:45:00.000,BBG000BHLYP4,-0.0045465915,-0.0032707185,802159
20150327,14:45:00.000,BBG000CHWP52,0.015814612,0.010990975,2183015
20150327,14:45:00.000,BBG000QFJ7H3,0.008923809,-0.009190082,6020840
20150327,14:45:00.000,BBG000BFTJ91,0.0007426034,0.0021559976,954502
20150327,14:45:00.000,BBG000BZ2GG4,0.0060428097,0.00312402,976980
20150327,14:45:00.000,BBG000FKJRC5,0.00037323724,0.008317726,821699
20150327,14:45:00.000,BBG000BKPL53,0.010218489,0.018198144,837811
20150327,14:45:00.000,BBG000BNC3Y9,-0.006804864,-0.011047653,492045
20150327,14:45:00.000,BBG000BNFLM9,-0.0011969967,-0.0016867027,1670860
20150327,14:45:00.000,BBG000BWCKB6,-0.005184129,0.0063628834,464854
20150327,14:45:00.000,BBG000BR14K5,0.0033130292,0.00049776083,647580
20150327,14:45:00.000,BBG0014GJCT9,0.022788191,0.039175723,1353047
20150327,14:45:00.000,BBG000BRRG02,-0.010393399,-0.008703338,1598889
20150327,14:45:00.000,BBG000BP1Q11,-0.007693636,-0.003599016,602716
20150327,14:45:00.000,BBG000P1F8Q7,-0.016539445,0.0003983345,629721
20150327,14:45:00.000,BBG000BCVMH9,-0.0056589614,-0.010718296,611799
20150327,14:45:00.000,BBG000D7RKJ5,0.0019904631,0.0049743634,881498
20150327,14:45:00.000,BBG000FNRZ69,0.018401468,0.008247238,3078038
20150327,14:45:00.000,BBG000BTKGG8,0.0018556477,-0.0051598256,1215522
20150327,14:45:00.000,BBG001QD41M9,0.0017191946,0.0074789147,775186
20150327,14:45:00.000,BBG000D9DMK0,0.006129838,0.009936604,762459
20150327,14:45:00.000,BBG000BH5DV1,-0.004943531,-0.0008253032,612537
20150327,14:45:00.000,BBG000BMQPL1,-0.006697372,-0.012017981,5255159
20150327,14:45:00.000,BBG000BMDV41,-0.00704788,-0.0036584518,921687
20150327,14:45:00.000,BBG000BQZMH4,-0.00045969177,0.003157543,1077299
20150327,14:45:00.000,BBG000BS0ZF1,-0.0046921526,-0.007121481,332465
20150327,14:45:00.000,BBG000BGLRN3,-0.006551199,-0.011857982,1866051
20150327,14:45:00.000,BBG000C0F570,-0.00065844104,-0.0040009036,1731968
20150327,14:45:00.000,BBG000D6L294,-0.007778212,-0.012190776,524642
20150327,14:45:00.000,BBG000BM5SR2,0.0024924444,0.000368438,1101823
20150327,14:45:00.000,BBG000BYYLS8,-0.00043608312,-0.0054309242,2437290
20150327,14:45:00.000,BBG000BF6LY3,0.051661585,0.06278874,8809448
20150327,14:45:00.000,BBG000BCBCM7,-0.000605798,0.005619744,3489289
20150327,14:45:00.000,BBG000BJ2VQ6,0.006265914,-0.022124246,2868747
20150327,14:45:00.000,BBG000BJ98Z0,-0.005137402,0.0056289095,870511
20150327,14:45:00.000,BBG000BLCPY4,0.0070139556,-0.0174418,981739
20150327,14:45:00.000,BBG000D898T9,-0.0011109627,0.0065610865,850951
20150327,14:45:00.000,BBG000BMBL90,0.0027241872,0.0055192485,1104021
20150327,14:45:00.000,BBG000BSXQV7,-0.0025871778,0.006405613,301288
20150327,14:45:00.000,BBG000FVXD63,0.021981157,0.010366074,1629962
20150327,14:45:00.000,BBG000BVMGF2,-0.0021410673,-0.0041291644,994367
20150327,14:45:00.000,BBG000C11MQ5,-0.033999894,0.0023202247,495922
20150327,14:45:00.000,BBG000BPQD31,-0.0073600803,-0.0006463761,2532323
20150327,14:45:00.000,BBG000BB5006,-0.0016580779,0.0026033407,1254844
20150327,14:45:00.000,BBG000BHKYH4,-0.0018442116,-0.0005252006,600609
20150327,14:45:00.000,BBG000D1QCF1,-0.0023977268,-0.008204375,1090455
20150327,14:45:00.000,BBG000CSY9H9,0.008289332,0.020124618,1203652
20150327,14:45:00.000,BBG000BRJ809,0.0050380616,0.0051045297,294660
20150327,14:45:00.000,BBG000CNFQW6,0.0021278954,0.008150744,387295
20150327,14:45:00.000,BBG000BXM6V2,-0.0023491313,0.014053203,1063755
20150327,14:45:00.000,BBG000BCGY17,0.0071175257,0.012975678,2426078
20150327,14:45:00.000,BBG000DKCC19,-0.013117856,-0.0031442675,1506354
20150327,14:45:00.000,BBG000BKCFC2,0.004420116,0.013343341,2675003
20150327,14:45:00.000,BBG000BTVJ25,0.004504985,0.0060705156,2296277
20150327,14:45:00.000,BBG000BN5HF7,-0.005209991,0.016998693,785852
20150327,14:45:00.000,BBG000Q3JN03,-0.00012375797,-0.0107360305,10892710
20150327,14:45:00.000,BBG0020B4JG7,0.0070396503,0.016537368,2762083
20150327,14:45:00.000,BBG000BR3KL6,0.0010398238,0.0018737372,403158
20150327,14:45:00.000,BBG000BRWGG9,0.025952445,0.042708945,19013792
20150327,14:45:00.000,BBG001LWHLJ8,-0.015744843,-0.014578156,3832747
20150327,14:45:00.000,BBG000C7LMS8,0.009504271,0.02649306,264769
20150327,14:45:00.000,BBG000BPT0C6,0.011237804,-0.0008343658,2344672
20150327,14:45:00.000,BBG000BSD7C2,0.0028413476,0.0071233734,792072
20150327,14:45:00.000,BBG000BRJL00,-5.1052717e-05,0.0018181867,1850668
20150327,14:45:00.000,BBG000C1FB75,0.0071130376,0.00815929,256900
20150327,14:45:00.000,BBG000BJ3PD2,-0.00091700145,-0.0011999072,852149
20150327,14:45:00.000,BBG000BHLYS1,0.0093099745,0.014286334,3410790
20150327,14:45:00.000,BBG000JWD753,-0.0020703888,0.0009144741,1883229
20150327,14:45:00.000,BBG000BXMFC3,-0.008717658,-0.008893434,1576439
20150327,14:45:00.000,BBG000CGQ6M4,0.0031494452,-0.0020322122,531000
20150327,14:45:00.000,BBG000DNTSP4,0.005967335,-0.0030568077,2147540
20150327,14:45:00.000,BBG000BFXHL6,-0.011978755,-0.013911009,2230527
20150327,14:45:00.000,BBG000BJL3N0,-0.00059264415,-0.008434864,5246292
20150327,14:45:00.000,BBG000JG0547,-0.00072532566,0.0030213043,852291
20150327,14:45:00.000,BBG000BWSV34,0.0037924706,0.01022695,282324
20150327,14:45:00.000,BBG000BB6WG8,-0.004498728,0.0008634288,1661979
20150327,14:45:00.000,BBG000BCWCG1,-0.013197011,0.0002606505,3166134
20150327,14:45:00.000,BBG000BB9KF2,0.0068792175,0.0095780585,1725340
20150327,14:45:00.000,BBG000C3HSR0,-0.011902359,-0.009428231,784283
20150327,14:45:00.000,BBG000BFMBQ6,0.0082912585,0.021309672,1002517
20150327,14:45:00.000,BBG000BP0KQ8,0.02173215,0.035309494,2249848
20150327,14:45:00.000,BBG000BQWPC5,-0.0054679164,0.0009634344,1007169
20150327,14:45:00.000,BBG001YMS0B8,0.043846253,0.0525499,22359940
20150327,14:45:00.000,BBG000C0LW92,0.007756229,0.021209655,4012085
20150327,14:45:00.000,BBG000MDCQC2,0.0021215468,0.009542775,1150913
20150327,14:45:00.000,BBG000BK67C7,-0.0031305996,0.0015226007,475725
20150327,14:45:00.000,BBG000BY29C7,0.009067912,0.015485417,1317117
20150327,14:45:00.000,BBG000BSLZY7,0.015347526,0.011758194,4214466
20150327,14:45:00.000,BBG000BLKK03,-0.0032754363,0.009033268,1093943
20150327,14:45:00.000,BBG000C2BXK4,-0.014931411,-0.0056063724,7239416
20150327,14:45:00.000,BBG000BCZYD3,-0.0051908363,0.008834451,616060
20150327,14:45:00.000,BBG000R7RDB4,0.0070627057,0.0019677232,847472
20150327,14:45:00.000,BBG000C3GN47,-0.00400965,-0.009660444,2897017
20150327,14:45:00.000,BBG000BMW2Z0,-0.0049679833,4.6570705e-05,706647
20150327,14:45:00.000,BBG000BKFZM4,0.0061092745,0.009793749,2802487
20150327,14:45:00.000,BBG000G2R6M0,0.0071274727,-0.0026902624,5437723
20150327,14:45:00.000,BBG000C1S2X2,0.0011447913,0.02367864,893519
20150327,14:45:00.000,BBG000F0KF42,-0.0068336045,-0.01569455,1576465
20150327,14:45:00.000,BBG000CS7CT9,-0.0050703133,0.00573436,1673326
20150327,14:45:00.000,BBG000CPQZ77,-0.013631167,-0.005752962,1616884
20150327,14:45:00.000,BBG000C8H633,-0.008641764,-0.01819308,3652457
20150327,14:45:00.000,BBG000JH6683,0.013595807,0.046201654,2688222
20150327,14:45:00.000,BBG000BLBXT4,-0.0056946487,0.003184542,3217841
20150327,14:45:00.000,BBG000BB07P9,0.021491054,0.010613375,7477325
20150327,14:45:00.000,BBG000BX3TD3,0.0108458,-0.0028194336,3880122
20150327,14:45:00.000,BBG000F80SZ5,0.010016361,0.018087292,3754126
20150327,14:45:00.000,BBG000BKFBD7,3.3655848e-05,-0.0048179682,1096179
20150327,14:45:00.000,BBG000BPWXK1,0.015554747,0.008125131,3649632
20150327,14:45:00.000,BBG000BH5LT6,-0.021490363,-0.050277863,7475663
20150327,14:45:00.000,BBG000BBD070,-0.013621142,-0.021049205,1177353
20150327,14:45:00.000,BBG000BWJFZ4,-0.021249251,-0.020329157,326391
20150327,14:45:00.000,BBG000BWNFZ9,-0.0048800204,-0.011372299,1300987
20150327,14:45:00.000,BBG000BH3JF8,0.0016414474,0.0060481713,1278371
20150327,14:45:00.000,BBG000C0HQ54,0.014667031,0.027044982,1648848
20150327,14:45:00.000,BBG000FL1TC8,-0.0057222215,-0.002741746,1032774
20150327,14:45:00.000,BBG000BV8DN6,0.0011230828,0.0066628857,1746760
20150327,14:45:00.000,BBG0029SNR63,-0.0018097637,0.005173757,903127
20150327,14:45:00.000,BBG000DYGNW7,-0.005089819,-0.00015470058,460615
20150327,14:45:00.000,BBG000QW7VC1,-0.0028103127,6.5245156e-05,1210640
20150327,14:45:00.000,BBG000BFQYY3,-0.007442028,-0.0024728708,1156222
20150327,14:45:00.000,BBG000BGVW60,-0.0047181416,-0.0014212407,1259719
20150327,14:45:00.000,BBG000C1BW00,-0.004701659,0.006830829,715907
20150327,14:45:00.000,BBG000BJ81C1,0.0057708137,0.0022004356,836301
20150327,14:45:00.000,BBG000BFDXW1,0.0034957924,0.0016610145,3326738
20150327,14:45:00.000,BBG000BSC0K9,0.0004573963,0.011663624,1084624
20150327,14:45:00.000,BBG000BD8PN9,-0.0032763232,-0.005527894,2643868
20150327,14:45:00.000,BBG000DSMS70,-0.009825592,0.015129677,430625
20150327,14:45:00.000,BBG000BQ5DS5,0.0012197705,-0.0058227642,1770838
20150327,14:45:00.000,BBG000G30YX4,0.01343266,0.035214093,1023818
20150327,14:45:00.000,BBG000BQ2C28,-0.0012473286,0.0057451306,769578
20150327,14:45:00.000,BBG000BN2DC2,0.0015349814,0.00787828,1138174
20150327,14:45:00.000,BBG000LD9JQ8,-0.009831214,-0.006542785,588932
20150327,14:45:00.000,BBG000BGKTF9,0.0067075426,0.0003823203,1436374
20150327,14:45:00.000,BBG000BBVJZ8,-0.0069879,-0.0141515415,1337965
20150327,14:45:00.000,BBG000D9D830,-0.0038215814,-0.0037688406,2993801
20150327,14:45:00.000,BBG000BJSBJ0,0.00095152436,0.003990128,780571
20150327,14:45:00.000,BBG000BH1NH9,-0.00017790921,-0.001774193,1331930
20150327,14:45:00.000,BBG000BVDLH9,-0.005473859,0.004393942,680605
20150327,14:45:00.000,BBG000FJLFX8,0.00300946,0.013027757,955894
20150327,14:45:00.000,BBG000MZFMS2,-0.018073564,0.00011464654,620092
20150327,14:45:00.000,BBG000C4DPX1,0.0005733085,0.010904058,1329521
20150327,14:45:00.000,BBG000C0MF34,0.013020003,0.008497444,411168
20150327,14:45:00.000,BBG000QBR5J5,0.0027559795,-0.0022888533,1711526
20150327,14:45:00.000,BBG000BCVJ77,-0.00050039246,0.0055865687,1217668
20150327,14:45:00.000,BBG000QX74T1,0.00313797,0.00518822,217419
20150327,14:45:00.000,BBG000BBDV81,0.0016097423,0.008956023,1655306
20150327,14:45:00.000,BBG000HCJMF9,-0.0043630977,-0.012991377,1134680
20150327,14:45:00.000,BBG000C46HM9,-0.003653696,0.0037933108,1364717
20150327,14:45:00.000,BBG000BGPTV6,0.00043825814,0.0013528691,526272
20150327,14:45:00.000,BBG000BRD0D8,0.00018338482,-0.0072970996,1881677
20150327,14:45:00.000,BBG000BGJRC8,0.0005917713,-0.0060119014,3978915
20150327,14:45:00.000,BBG000DHSPT0,0.013551276,0.00892049,1060595
20150327,14:45:00.000,BBG000J6XT05,-0.00090410444,-0.00061407895,3565143
20150327,14:45:00.000,BBG000BH3GZ2,0.00029972734,-0.00070007547,1055375
20150327,14:45:00.000,BBG000BTR593,0.010326791,-0.0039930856,3178841
20150327,14:45:00.000,BBG000B9ZXB4,7.735035e-05,0.0068808207,1727418
20150327,14:45:00.000,BBG000BL4504,-0.0057493555,-0.016156372,15887714
20150327,14:45:00.000,BBG000BNBDC2,-0.0039050367,0.0021788003,2579070
20150327,14:45:00.000,BBG000C734W3,-0.0032594544,0.02015073,457629
20150327,14:45:00.000,BBG000BWLMJ4,0.0027125063,0.010008061,2080879
20150327,14:45:00.000,BBG000H556T9,0.005870745,0.0046487935,1853005
20150327,14:45:00.000,BBG000BVPPM1,-0.013992337,-0.007732376,768727
20150327,14:45:00.000,BBG000BCG930,0.008551336,0.020596247,874619
20150327,14:45:00.000,BBG000BJF1Z8,-0.009111805,-0.005406957,495707
20150327,14:45:00.000,BBG000BND699,0.005977695,0.010052505,3303991
20150327,14:45:00.000,BBG000BD4VG8,-0.0043810555,-0.00031837664,1559671
20150327,14:45:00.000,BBG000BC2C10,-0.00064615486,-0.008692439,2223772
20150327,14:45:00.000,BBG000NV1KK7,-0.005418432,0.0024066675,2594191
20150327,14:45:00.000,BBG000BLZRJ2,0.0044813654,0.0025285282,5300250
20150327,14:45:00.000,BBG000F6H8W8,-0.0027444146,0.0028977985,783993
20150327,14:45:00.000,BBG000BMY992,-0.007854872,0.0026278994,1416838
20150327,14:45:00.000,BBG000BT9DW0,0.0064545055,0.0045717065,3406670
20150327,14:45:00.000,BBG000PX3XC0,-0.008307961,-0.02823144,7834254
20150327,14:45:00.000,BBG000BWXBC2,-0.009333995,-0.0070838127,2886897
20150327,14:45:00.000,BBG000BB6KF5,0.0009658243,-0.0071155326,2537944
20150327,14:45:00.000,BBG000FFDM15,0.0013561101,-0.005693004,2871504
20150327,14:45:00.000,BBG000KLB4Q1,0.034851752,0.045681987,7206996
20150327,14:45:00.000,BBG001DCCGR8,-0.010014967,-0.010456579,1143947
20150327,14:45:00.000,BBG000BVV7G1,0.004163246,0.002510284,2283175
20150327,14:45:00.000,BBG000BHGDH5,0.0012301957,0.0043044304,2220890
20150327,14:45:00.000,BBG000BWVCP8,0.010043415,0.0028424582,2738446
20150327,14:45:00.000,BBG000C15T95,-0.008517779,-0.006144457,1366193
20150327,14:45:00.000,BBG000D4LWF6,0.002231035,0.008873764,9752765
20150327,14:45:00.000,BBG000B9WH86,-0.0002955258,-0.011641002,11118572
20150327,14:45:00.000,BBG000Q9HH23,-0.006967881,0.002384372,397479
20150327,14:45:00.000,BBG00286S4N9,-0.0031716423,-0.009878785,1021266
20150327,14:45:00.000,BBG000BHX7N2,8.305693e-05,-0.0033651106,2198168
20150327,14:45:00.000,BBG000L9CV04,-0.0038129163,-0.00025726558,1649700
20150327,14:45:00.000,BBG000BH13K9,0.0010133181,-0.0016024185,2731173
20150327,14:45:00.000,BBG000FG3C43,-0.021192865,-0.03104403,10211889
20150327,14:45:00.000,BBG000C496P7,0.004024867,0.003524912,3069087
20150327,14:45:00.000,BBG000BXRPH1,0.012094251,0.0036586034,959515
20150327,14:45:00.000,BBG000BNJHS8,-0.004107684,0.025014665,3710389
20150327,14:45:00.000,BBG000BBPFB9,0.0006916256,-0.0017851602,10424940
20150327,14:45:00.000,BBG000WCFV84,-0.009685197,-0.015933253,2200257
20150327,14:45:00.000,BBG0019JZ882,0.0053883004,0.0016952365,3704573
20150327,14:45:00.000,BBG000H89QJ6,-0.0062577375,-0.005980669,1027706
20150327,14:45:00.000,BBG000BFWKC0,0.006547166,0.0027613335,1675438
20150327,14:45:00.000,BBG000C5HS04,-0.005915124,0.0047309953,1165718
20150327,14:45:00.000,BBG000BJX8C8,0.019531628,0.012871702,3768818
20150327,14:45:00.000,BBG000BNDN65,-0.0048484737,0.011118157,2063749
20150327,14:45:00.000,BBG000BP52R2,-0.0016815988,0.0048587085,993486
20150327,14:45:00.000,BBG000M65M61,0.01591123,0.042721793,2942376
20150327,14:45:00.000,BBG000BP6LJ8,-0.0009803186,0.0047999867,4563371
20150327,14:45:00.000,BBG000F0PF65,-0.00013288972,0.0034218484,1446436
20150327,14:45:00.000,BBG000H8TVT2,0.0071298694,0.015039382,2211961
20150327,14:45:00.000,BBG000DQLV23,-0.0013511756,0.0060001044,2724701
20150327,14:45:00.000,BBG000BHBK84,0.030921971,0.032948636,13511210
20150327,14:45:00.000,BBG000DLFM21,-0.014476888,0.0015112809,711577
20150327,14:45:00.000,BBG000BJDB15,-0.019242609,-0.034351025,14597050
20150327,14:45:00.000,BBG000CTQBF3,-0.0031584904,0.0012092842,2618599
20150327,14:45:00.000,BBG000BQQ2S6,-0.0008726957,-0.0120736575,1937112
20150327,14:45:00.000,BBG000BHVJJ3,-0.016803782,-0.024782011,19810620
20150327,14:45:00.000,BBG000F1ZSQ2,-0.011549887,-0.009039975,2963985
20150327,14:45:00.000,BBG000BQPC32,-0.00044936684,-0.0037487915,37398752
20150327,14:45:00.000,BBG000C43RR5,0.0022731414,0.003824555,3263408
20150327,14:45:00.000,BBG000CH5208,0.0043423115,0.013156858,1385864
20150327,14:45:00.000,BBG000J2XL74,0.0025860087,0.0020960728,2965703
20150327,14:45:00.000,BBG000BC40Y8,-0.0069635,-0.013455547,1571430
20150327,14:45:00.000,BBG000KHWT55,-0.016113212,-0.02280163,13382279
20150327,14:45:00.000,BBG000BW8S60,0.0019779396,0.0050402437,1658205
20150327,14:45:00.000,BBG000BZ9223,-0.0033801147,-0.010179636,1583573
20150327,14:45:00.000,BBG000DWYF03,-0.0016581194,-0.0026514695,4621174
20150327,14:45:00.000,BBG000BBGGQ1,-0.025659325,-0.026986735,4277945
20150327,14:45:00.000,BBG000BBDZG3,0.002073906,-0.0031383026,3751551
20150327,14:45:00.000,BBG000BQLTW7,-0.009760303,-0.010468679,10508456
20150327,14:45:00.000,BBG000NDYB67,0.0020694933,0.00026696813,5920176
20150327,14:45:00.000,BBG000C6CFJ5,0.003952527,0.00013305298,955262
20150327,14:45:00.000,BBG000BGRY34,-0.0021206082,0.006322234,2238846
20150327,14:45:00.000,BBG000DH7JK6,-0.00073569966,0.003608128,2598632
20150327,14:45:00.000,BBG000BW3299,0.009113081,0.0032348158,4037695
20150327,14:45:00.000,BBG000DWG505,0.0056622685,0.0037402422,1952167
20150327,14:45:00.000,BBG000BF0K17,0.00011918061,-0.0067609968,3949010
20150327,14:45:00.000,BBG000R7Z112,-0.005558103,0.017692234,5037319
20150327,14:45:00.000,BBG000BCSST7,-0.001889654,0.002126067,1594866
20150327,14:45:00.000,BBG000BQQH30,0.0015667031,-0.0074297595,2743682
20150327,14:45:00.000,BBG000BCQZS4,0.002315754,-0.006624364,5974602
20150327,14:45:00.000,BBG000BMX289,-0.011562285,-0.008674636,8655659
20150327,14:45:00.000,BBG000BNWG87,0.0011056745,0.010309516,2722797
20150327,14:45:00.000,BBG000BBS2Y0,-0.004444735,0.0154755,1297500
20150327,14:45:00.000,BBG000BH4R78,-0.0015912951,0.0034195066,3553372
20150327,14:45:00.000,BBG005P7Q881,0.0015279489,0.02945495,6090443
20150327,14:45:00.000,BBG000BKZB36,0.0025349942,0.015571161,2262852
20150327,14:45:00.000,BBG000GFFQN9,0.013974867,0.016862983,16408817
20150327,14:45:00.000,BBG0025Y4RY4,0.002619481,0.005061838,4389724
20150327,14:45:00.000,BBG000BFC8J2,-0.0095887175,0.013639871,3782511
20150327,14:45:00.000,BBG000H6HNW3,-0.006845495,0.0050072107,11731075
20150327,14:45:00.000,BBG000BNSZP1,-0.0039722165,-0.0056439573,2307304
20150327,14:45:00.000,BBG000N9MNX3,-0.042679083,-0.04007247,5907299
20150327,14:45:00.000,BBG000BPD168,0.00025745566,0.0039928034,3713892
20150327,14:45:00.000,BBG000BKTFN2,0.0021098729,-0.0013898876,6656880
20150327,14:45:00.000,BBG000C17X76,-0.01225779,0.0092529,1167507
20150327,14:45:00.000,BBG000BR2TH3,-0.005268958,-0.0015824446,3547605
20150327,14:45:00.000,BBG000PSKYX7,-0.0073542483,-0.0032760503,4008651
20150327,14:45:00.000,BBG000BT41Q8,0.0086301705,-0.0018634389,3367034
20150327,14:45:00.000,BBG000C5Z1S3,-0.012722898,-0.018001296,17057892
20150327,14:45:00.000,BBG000BLNNH6,0.0014435796,-0.0034554377,1981481
20150327,14:45:00.000,BBG000BFT2L4,0.0022058855,0.0026828519,7995864
20150327,14:45:00.000,BBG000CGC1X8,-0.00089575414,-0.00461593,5366859
20150327,14:45:00.000,BBG000HS77T5,0.009145843,0.0030988907,6374846
20150327,14:45:00.000,BBG000C3J3C9,0.0036505314,0.0036929129,11995207
20150327,14:45:00.000,BBG000FH8PX5,0.00042230883,0.012907447,1305977
20150327,14:45:00.000,BBG000BLBVN4,-0.005476633,-0.0011567263,286673
20150327,14:45:00.000,BBG000BSJK37,0.0035701287,-0.0033509547,11373878
20150327,14:45:00.000,BBG000CL9VN6,-0.01630103,-0.006600613,1876194
20150327,14:45:00.000,BBG000BVPV84,0.0083851805,0.015927242,1658075
20150327,14:45:00.000,BBG000K4ND22,0.0015291444,-0.011019526,3238174
20150327,14:45:00.000,BBG000BWQFY7,-0.0014089923,-0.009361374,7291278
20150327,14:45:00.000,BBG002W96FT9,-0.0073255985,-0.0076911026,1312318
20150327,14:45:00.000,BBG000BMHYD1,0.0013643648,0.0045443377,2885265
20150327,14:45:00.000,BBG000BR2B91,0.0033974214,0.009070619,12414456
20150327,14:45:00.000,BBG000BK6MB5,0.0003808926,0.0004025521,16115909
20150327,14:45:00.000,BBG000FY4S11,0.0038939554,-0.004101047,10964190
20150327,14:45:00.000,BBG000DMBXR2,0.0072995173,-0.0006721407,6930470
20150327,14:45:00.000,BBG000C0G1D1,0.0039142026,-0.0029923448,17976504
20150327,14:45:00.000,BBG000BHSKN9,-0.010193786,-0.007904329,1089871
20150327,14:45:00.000,BBG000CKGBP2,-0.017748244,0.0028213416,5170394
20150327,14:45:00.000,BBG000GZQ728,-0.0009885336,-0.009488297,5846823
20150327,14:45:00.000,BBG000BPH459,-0.0053800945,-0.007037322,18531856
20150327,14:45:00.000,BBG000BCTLF6,-0.00097295403,-0.0077795438,51653972
20150327,14:45:00.000,BBG000MM2P62,-0.0012048613,0.006323187,13392797
20150327,14:45:00.000,BBG000B9XRY4,-0.008025021,-0.008610309,25549184
20150327,15:00:00.000,BBG000CNZC55,-0.010033045,0.0032485256,3548765
20150327,15:00:00.000,BBG000FH5YM1,0.0033256705,0.005490389,3285273
20150327,15:00:00.000,BBG000BLM0V1,-0.0031225444,-0.0010316129,450398
20150327,15:00:00.000,BBG000HGYNZ9,-0.0021864644,-0.011200791,2076775
20150327,15:00:00.000,BBG000BF6RQ9,0.008917965,0.032778937,689532
20150327,15:00:00.000,BBG000BFV115,0.006076513,-0.004208409,931430
20150327,15:00:00.000,BBG0015XMW40,0.013057844,0.010210796,431885
20150327,15:00:00.000,BBG000FBMY72,-0.008234589,-0.01119882,1770552
20150327,15:00:00.000,BBG000BDWKC5,0.010447825,0.013193251,1552746
20150327,15:00:00.000,BBG000G6BN50,0.010078271,0.008235551,333804
20150327,15:00:00.000,BBG000BLDV98,-0.006220665,0.0021883736,1076597
20150327,15:00:00.000,BBG000R0L5J4,-0.0007073446,-0.0014086557,500864
20150327,15:00:00.000,BBG006NV2Q11,-0.01866886,-0.020714844,1909066
20150327,15:00:00.000,BBG000BC2R71,0.0037901571,-0.0014528527,915290
20150327,15:00:00.000,BBG000BN1XR3,0.0026552938,0.009785028,324072
20150327,15:00:00.000,BBG000GPXKX9,-0.009811721,-0.0032575296,301399
20150327,15:00:00.000,BBG000DV7MX4,-0.007336642,-0.005161454,3751599
20150327,15:00:00.000,BBG000BGRKT6,-0.007997039,0.0007586347,363221
20150327,15:00:00.000,BBG000BB5BF6,-0.013148898,-0.006319082,4503641
20150327,15:00:00.000,BBG000BVB8Q0,0.007906477,0.003939668,9053112
20150327,15:00:00.000,BBG000DGPR66,0.009746369,0.01713512,1140278
20150327,15:00:00.000,BBG000BQ74K1,-0.004221648,-0.0063918144,364025
20150327,15:00:00.000,BBG000RNTSX0,0.00034469063,0.009899454,299367
20150327,15:00:00.000,BBG000N746D6,0.011505506,0.012019486,1898201
20150327,15:00:00.000,BBG000CR90K4,0.02347546,0.01826949,21052408
20150327,15:00:00.000,BBG000BVL2G3,0.010382396,0.008139487,1181964
20150327,15:00:00.000,BBG000BPQVR5,-0.0071001835,-0.006317212,405642
20150327,15:00:00.000,BBG000CB8Q50,0.0020996958,0.006092744,353534
20150327,15:00:00.000,BBG000D42FJ0,0.009921637,-0.0059526446,1336062
20150327,15:00:00.000,BBG003641015,-0.0043565123,0.0021943366,1085332
20150327,15:00:00.000,BBG000CPHYL4,0.0042659887,0.0048387884,819312
20150327,15:00:00.000,BBG000BKL348,0.003912035,0.0069847275,261091
20150327,15:00:00.000,BBG000BMF5J0,-0.009975817,-0.0013079551,3596574
20150327,15:00:00.000,BBG000BCHG15,0.007870398,0.012302202,297426
20150327,15:00:00.000,BBG000BJKPG0,-0.0061107385,0.0005737661,364506
20150327,15:00:00.000,BBG000HS74G6,-0.0067785936,-0.01110419,806024
20150327,15:00:00.000,BBG000BVHBM1,-0.0054346877,0.022427235,1058872
20150327,15:00:00.000,BBG002PHSYX9,-0.02100074,-0.019197555,719401
20150327,15:00:00.000,BBG000D2ZTS8,-0.0069770166,0.009560723,1802452
20150327,15:00:00.000,BBG000BGYMH7,-0.0053080986,-0.0009849888,441206
20150327,15:00:00.000,BBG000PV2L86,0.0015731134,0.014736431,659407
20150327,15:00:00.000,BBG000FQ6PY6,0.0037867308,0.003944304,662064
20150327,15:00:00.000,BBG000R06BX2,0.0057716584,0.007904756,1100756
20150327,15:00:00.000,BBG000BCWKD6,0.0015557116,0.0023154365,1362731
20150327,15:00:00.000,BBG000CPBCL8,-0.0017860273,-0.0037358836,510230
20150327,15:00:00.000,BBG000B9X8C0,0.00500477,0.0114813205,1056437
20150327,15:00:00.000,BBG000BDY3Y7,-0.010608463,-0.0093645,438502
20150327,15:00:00.000,BBG001XJRMF5,-0.006315474,-0.008072143,1582984
20150327,15:00:00.000,BBG000BJ26K7,0.018232698,0.011373812,1084531
20150327,15:00:00.000,BBG000BQ87N0,-0.0012763327,0.0066119903,578596
20150327,15:00:00.000,BBG000C37332,0.00859154,0.008939312,402724
20150327,15:00:00.000,BBG000C4ZZ10,0.002675671,0.008447098,633818
20150327,15:00:00.000,BBG000BPNP00,0.00574921,0.0038339181,840910
20150327,15:00:00.000,BBG000BXBHJ4,-0.00712263,-0.017202921,969319
20150327,15:00:00.000,BBG000FDBX90,0.0106453635,0.008810861,2162111
20150327,15:00:00.000,BBG000BKNX95,0.0070395824,0.008032092,1158151
20150327,15:00:00.000,BBG000BV4XJ1,0.006305308,0.033671845,364958
20150327,15:00:00.000,BBG000MQ1SN9,0.0037578733,0.0069051227,498100
20150327,15:00:00.000,BBG000KBQZ88,-0.007813202,-0.0015494828,788329
20150327,15:00:00.000,BBG000BXNJ07,-0.008109754,-0.009202944,4295686
20150327,15:00:00.000,BBG000DLVDK3,0.0021973029,-0.0037712057,1470425
20150327,15:00:00.000,BBG000BB03M1,0.03166166,0.019538755,1317517
20150327,15:00:00.000,BBG000BWGYF8,-0.003773828,0.002796873,347204
20150327,15:00:00.000,BBG000BPZBB6,0.023266489,0.024769304,1561784
20150327,15:00:00.000,BBG000JKCWS0,0.007860659,0.0007077428,481541
20150327,15:00:00.000,BBG000BNPSQ9,0.029665546,0.06451452,1108326
20150327,15:00:00.000,BBG000C060M4,-0.0022897625,-0.0053440174,199273
20150327,15:00:00.000,BBG000BFDLV8,0.0051514185,0.016659904,595675
20150327,15:00:00.000,BBG000C2V3D6,0.00051767926,0.008371999,847632
20150327,15:00:00.000,BBG000BC9938,-0.0049936622,-0.0076579647,551526
20150327,15:00:00.000,BBG000C22QV7,-0.0036991148,0.0033300307,803412
20150327,15:00:00.000,BBG000BMTFR4,-0.0019621286,-0.0042782687,1053946
20150327,15:00:00.000,BBG000BKTT89,-0.0029161389,0.00266895,270820
20150327,15:00:00.000,BBG000BWXL85,0.0059277345,0.010615698,1874885
20150327,15:00:00.000,BBG0014GG205,0.035750423,0.030331468,6115954
20150327,15:00:00.000,BBG000BGFZR8,0.0019858796,0.007289391,1077568
20150327,15:00:00.000,BBG000V31J96,0.006449226,0.010215943,2320012
20150327,15:00:00.000,BBG000BNNKG9,0.0025282695,0.012380107,1586061
20150327,15:00:00.000,BBG000BSSC44,-0.008655259,-0.018676775,779128
20150327,15:00:00.000,BBG000BSY3K9,-0.007574807,-0.000107227555,352918
20150327,15:00:00.000,BBG000BPMH90,-0.0058398433,-0.012878234,613569
20150327,15:00:00.000,BBG000BX5ZF5,-0.017741702,-0.016414158,4109227
20150327,15:00:00.000,BBG000BR37X2,0.008058473,0.0037119014,1462338
20150327,15:00:00.000,BBG000C9F2F9,-0.018303702,0.0078617735,994760
20150327,15:00:00.000,BBG000D9KWL9,0.011390349,0.0050360076,620072
20150327,15:00:00.000,BBG000PLXQQ3,-0.0046945475,9.552265e-05,369516
20150327,15:00:00.000,BBG000HZFZX3,-0.0022478318,0.005405038,537796
20150327,15:00:00.000,BBG000BDXGP9,0.035033226,0.04547476,3267231
20150327,15:00:00.000,BBG000BB29X4,0.0059988676,0.0115164425,854880
20150327,15:00:00.000,BBG001C7TST4,0.0039256015,0.010069288,847441
20150327,15:00:00.000,BBG000BMKDM3,0.0013636457,0.010316981,1194608
20150327,15:00:00.000,BBG000FFH4P5,0.00048320883,0.0029077341,686146
20150327,15:00:00.000,BBG000C75N77,0.0018495454,-0.008106075,530476
20150327,15:00:00.000,BBG000C221G9,-0.011274956,-0.0074775857,657918
20150327,15:00:00.000,BBG000BKXFN7,0.013153586,-0.0073327697,2308056
20150327,15:00:00.000,BBG000BWP7D9,0.0064434204,0.014532454,1091959
20150327,15:00:00.000,BBG000DY8ZS4,-0.014413256,-0.018247189,3748438
20150327,15:00:00.000,BBG000BFL116,0.0033453656,-0.0033546458,895068
20150327,15:00:00.000,BBG000BKLH74,0.006673322,0.008963672,1746477
20150327,15:00:00.000,BBG000BS9489,-0.0013707179,0.0038378935,370694
20150327,15:00:00.000,BBG000BP8Z50,-0.0025386263,-0.0041272915,856007
20150327,15:00:00.000,BBG000BS7KS3,0.009191972,0.014131449,1142562
20150327,15:00:00.000,BBG000BMZ7P7,0.0013799026,-0.0044588647,655717
20150327,15:00:00.000,BBG000FBK808,-0.039076123,-0.056782626,6184659
20150327,15:00:00.000,BBG000R8ZVD1,-0.008636836,0.0031265412,2297567
20150327,15:00:00.000,BBG000BLMZK6,-0.007320161,0.013605055,875745
20150327,15:00:00.000,BBG000BQSQ38,0.006983179,0.011017951,1481240
20150327,15:00:00.000,BBG000BBL0Y1,-0.010987699,0.0137781305,640086
20150327,15:00:00.000,BBG001QZCPJ2,0.005896086,0.017291972,1182484
20150327,15:00:00.000,BBG000CVWGS6,0.0042609,0.009788972,2181888
20150327,15:00:00.000,BBG000BCNYT9,0.0068241428,-0.0038001693,4842510
20150327,15:00:00.000,BBG000PVRDL2,0.010175208,0.004067339,2555701
20150327,15:00:00.000,BBG000BJQWD2,-0.00033078634,0.004434456,499853
20150327,15:00:00.000,BBG000C9W1Y1,0.0015615819,0.0019009677,1527036
20150327,15:00:00.000,BBG000BJ49H3,0.006442593,0.0055785957,807058
20150327,15:00:00.000,BBG000BFVXX0,-0.0032788375,0.0058663515,1894886
20150327,15:00:00.000,BBG000FLZN98,-0.0021603035,0.007161505,269236
20150327,15:00:00.000,BBG000FLPRH1,0.0036782657,0.0017689177,1108783
20150327,15:00:00.000,BBG000BYWTX7,-0.0024373236,-0.0053459406,3996235
20150327,15:00:00.000,BBG000BY33P5,-0.0056485375,-0.004483626,2417561
20150327,15:00:00.000,BBG000BBB3K1,0.0043626055,0.013005934,2055230
20150327,15:00:00.000,BBG000DN7P92,0.00754843,0.014912257,764556
20150327,15:00:00.000,BBG000BBMSJ6,0.0064267586,0.003181841,1047740
20150327,15:00:00.000,BBG000BH2JM1,0.0020640579,0.0025786385,2837490
20150327,15:00:00.000,BBG000BFS7D3,-0.00388307,0.0026904708,333636
20150327,15:00:00.000,BBG000CKVSG8,-0.012223442,-0.022615325,1887498
20150327,15:00:00.000,BBG000BB6G37,0.001886005,0.00017381455,1129834
20150327,15:00:00.000,BBG000BM7HL0,-0.0009990442,0.0028949033,935523
20150327,15:00:00.000,BBG000BCYP43,-0.0015250961,0.009001043,331736
20150327,15:00:00.000,BBG000BV75B7,0.0038446167,0.002724027,722483
20150327,15:00:00.000,BBG000TWC2V5,-0.001769969,0.00745279,333952
20150327,15:00:00.000,BBG000BLW530,0.0042302446,0.0019617376,1381370
20150327,15:00:00.000,BBG000BKWSR6,-0.0012192698,-0.0045985,3253948
20150327,15:00:00.000,BBG000C2YHG9,0.001277396,0.0053314064,699731
20150327,15:00:00.000,BBG000BRQ6L2,0.009609076,0.039946135,4587298
20150327,15:00:00.000,BBG000BQHGR6,0.001367397,-0.00508841,847055
20150327,15:00:00.000,BBG000BN9WT5,0.0055821687,0.0017540784,831090
20150327,15:00:00.000,BBG000BVWLJ6,-0.0021323394,-0.0004687125,716070
20150327,15:00:00.000,BBG000BKQ3V3,-0.013637526,-0.034808222,6073510
20150327,15:00:00.000,BBG000H0QBS7,-0.004013475,0.0030017875,1191954
20150327,15:00:00.000,BBG000H4YVR7,0.0067137126,0.035413496,555467
20150327,15:00:00.000,BBG000PYZSR8,-0.011005005,-0.0052265557,340483
20150327,15:00:00.000,BBG007TJF1N7,0.0099415425,0.017490217,1864628
20150327,15:00:00.000,BBG000C2ZCH8,0.0039430093,0.011666262,1183730
20150327,15:00:00.000,BBG000BTCH57,-0.006653176,-0.00034253547,854182
20150327,15:00:00.000,BBG000BR54L0,0.006486726,0.032070868,2861919
20150327,15:00:00.000,BBG000BB5373,0.0130534,0.018570641,4235034
20150327,15:00:00.000,BBG000BHZ5J9,0.011499918,0.0039412803,536498
20150327,15:00:00.000,BBG000CXD6X9,0.0018201796,0.014642703,613435
20150327,15:00:00.000,BBG000BKZTP3,0.00020253564,-0.005917958,911593
20150327,15:00:00.000,BBG000BB1TH9,-0.005049702,-0.013049075,593612
20150327,15:00:00.000,BBG000D5S4M0,0.012204333,0.020195443,443762
20150327,15:00:00.000,BBG000BN84F3,-0.001765966,0.0024387904,1211283
20150327,15:00:00.000,BBG000HW5GX3,-0.011732193,-0.019479329,1539371
20150327,15:00:00.000,BBG000CHPY97,-0.014762124,-0.029749416,4046174
20150327,15:00:00.000,BBG000D2M0Z7,0.003847974,0.0102287475,1049296
20150327,15:00:00.000,BBG000BF1R66,0.0071176663,0.0037044976,839035
20150327,15:00:00.000,BBG000BJ8YN7,-0.005774363,-0.0067516724,1065948
20150327,15:00:00.000,BBG000G9CGL0,0.008432604,0.019719135,467077
20150327,15:00:00.000,BBG000BQ8KV2,-0.0007046662,-0.0058246036,1012771
20150327,15:00:00.000,BBG000BVMPN3,0.003370767,-0.0024639629,677618
20150327,15:00:00.000,BBG000BGD7W6,-0.005041349,0.004281379,731350
20150327,15:00:00.000,BBG000BC15S7,0.0026744436,0.000572373,907782
20150327,15:00:00.000,BBG000Q2HM09,0.03064705,0.030193403,1257280
20150327,15:00:00.000,BBG000BQVTF5,-0.0016147447,-0.0020065077,755283
20150327,15:00:00.000,BBG000VC0T95,0.005136527,0.012377863,774721
20150327,15:00:00.000,BBG000F86GP6,0.0024986381,0.004701518,491480
20150327,15:00:00.000,BBG000BWVSR1,-0.0018407138,0.0026231941,767465
20150327,15:00:00.000,BBG000BX8DC4,0.0009880525,0.008649933,728203
20150327,15:00:00.000,BBG000BHCP19,0.0025334773,0.0020744696,790146
20150327,15:00:00.000,BBG000BK6G19,0.012391884,0.007008451,1796558
20150327,15:00:00.000,BBG000RGM5P1,-0.0065221256,-0.0026918505,598404
20150327,15:00:00.000,BBG000BF5RY1,-0.0014609398,0.004117381,1099340
20150327,15:00:00.000,BBG000BP4MH0,0.0006078643,-3.9196075e-07,1054017
20150327,15:00:00.000,BBG000D8RG11,-0.019229634,-0.017440667,2711671
20150327,15:00:00.000,BBG000FP1N32,-0.005854493,-0.015191886,3520298
20150327,15:00:00.000,BBG000BLHRS2,-0.0012585444,0.0076733553,452077
20150327,15:00:00.000,BBG000TJM7F0,-0.016402254,-0.005307997,1039386
20150327,15:00:00.000,BBG000J1QLT0,-0.014211293,-0.0018721013,502654
20150327,15:00:00.000,BBG000BBBNC6,0.0063683,-0.0006301778,1008273
20150327,15:00:00.000,BBG000BY2Y78,-0.0013463873,-0.00501071,1370779
20150327,15:00:00.000,BBG000BM6788,-0.0036722398,0.0037043425,852429
20150327,15:00:00.000,BBG000C1FQS9,-0.00014809045,0.0044434397,388803
20150327,15:00:00.000,BBG000BBJQV0,0.0010757227,-0.000954427,2910182
20150327,15:00:00.000,BBG000BTQR96,-0.0010745727,0.004322653,709886
20150327,15:00:00.000,BBG000CXYSZ6,0.012999357,0.012518416,471921
20150327,15:00:00.000,BBG000BB5792,0.0498091,0.06585437,4208605
20150327,15:00:00.000,BBG000BNGTQ7,-0.002123817,0.008274348,451325
20150327,15:00:00.000,BBG000BZTW70,-0.008725611,-0.027155133,4921388
20150327,15:00:00.000,BBG000G0Z878,-0.003570604,-0.005931736,1324292
20150327,15:00:00.000,BBG000BFNR17,0.0071497816,0.010929841,178718
20150327,15:00:00.000,BBG002BHBHM1,0.007389548,0.025127312,576039
20150327,15:00:00.000,BBG000BC4JJ4,0.0075589935,0.008864675,573709
20150327,15:00:00.000,BBG000F15NW9,0.004615688,0.011772703,400323
20150327,15:00:00.000,BBG000BKR1D6,0.0029569813,0.0035416363,248921
20150327,15:00:00.000,BBG000BCTQ65,-0.0048584947,0.0014577039,4178907
20150327,15:00:00.000,BBG000BNNYW1,-0.006382764,-0.0065912185,5383895
20150327,15:00:00.000,BBG000BBCDZ2,-0.0067681065,-0.003527949,730947
20150327,15:00:00.000,BBG000BRK7L6,0.004547358,-0.009892535,2884208
20150327,15:00:00.000,BBG000DQTXY6,0.0044196863,0.03110339,2404451
20150327,15:00:00.000,BBG000BRXP69,-0.001756643,0.012192838,504739
20150327,15:00:00.000,BBG000BL9JQ1,-0.019209823,-0.025170095,1295806
20150327,15:00:00.000,BBG000DTMH63,-0.009394926,-0.027938496,3486110
20150327,15:00:00.000,BBG000BJPDZ1,-0.0072869053,0.0005308912,163367
20150327,15:00:00.000,BBG000BXWBN9,-0.0033930833,0.0038257316,1270623
20150327,15:00:00.000,BBG000C2PW58,3.8802547e-05,-0.0016001974,228849
20150327,15:00:00.000,BBG000D13GN8,-0.00478486,-0.0027134744,621628
20150327,15:00:00.000,BBG000BB6M98,-0.0035673415,-0.004321811,1940693
20150327,15:00:00.000,BBG000BGYWY6,0.0025866884,0.020668538,355092
20150327,15:00:00.000,BBG000BHB3M6,0.00053557626,0.0017262384,791585
20150327,15:00:00.000,BBG000G3QLY3,-0.008761531,-0.011475166,573001
20150327,15:00:00.000,BBG000BSBZH7,-0.0034315414,0.00477118,556948
20150327,15:00:00.000,BBG000F7RCJ1,-0.0007580785,0.016463978,574835
20150327,15:00:00.000,BBG0039320N9,-0.0029450476,0.0078085666,1698917
20150327,15:00:00.000,BBG000BTZQC4,-0.016406812,-0.020417606,2651400
20150327,15:00:00.000,BBG001M8HHB7,-0.0040301974,0.00071783655,510854
20150327,15:00:00.000,BBG000CZWZ05,0.08499708,0.11675103,5015301
20150327,15:00:00.000,BBG000QY3XZ2,0.005849418,0.011535688,527472
20150327,15:00:00.000,BBG000BHLYP4,-0.0037937656,-0.0016880352,847022
20150327,15:00:00.000,BBG000CHWP52,0.015495165,0.010344449,2242675
20150327,15:00:00.000,BBG000QFJ7H3,0.010044942,-0.0084831985,6239145
20150327,15:00:00.000,BBG000BFTJ91,0.000904152,0.0025153887,980565
20150327,15:00:00.000,BBG000BZ2GG4,0.007922219,0.004462982,1022315
20150327,15:00:00.000,BBG000FKJRC5,0.00040105547,0.008317683,849157
20150327,15:00:00.000,BBG000BKPL53,0.009583728,0.017636353,878767
20150327,15:00:00.000,BBG000BNC3Y9,-0.006309167,-0.009644948,550411
20150327,15:00:00.000,BBG000BNFLM9,-0.0015768503,-0.0027407147,1743382
20150327,15:00:00.000,BBG000BWCKB6,-0.00596629,0.005956717,497394
20150327,15:00:00.000,BBG000BR14K5,0.003384106,0.0011304746,668599
20150327,15:00:00.000,BBG0014GJCT9,0.022636088,0.03762149,1416264
20150327,15:00:00.000,BBG000BRRG02,-0.01087749,-0.009229567,1668094
20150327,15:00:00.000,BBG000BP1Q11,-0.0077872067,-0.0035031186,624220
20150327,15:00:00.000,BBG000P1F8Q7,-0.017068746,0.0004552634,639622
20150327,15:00:00.000,BBG000BCVMH9,-0.0020403776,-0.0063496283,630970
20150327,15:00:00.000,BBG000D7RKJ5,0.0024425036,0.0075627323,909665
20150327,15:00:00.000,BBG000FNRZ69,0.017692141,0.0072770575,3189557
20150327,15:00:00.000,BBG000BTKGG8,0.0023047724,-0.004177272,1246566
20150327,15:00:00.000,BBG001QD41M9,0.0018246683,0.007999088,840662
20150327,15:00:00.000,BBG000D9DMK0,0.0060939817,0.010612204,779240
20150327,15:00:00.000,BBG000BH5DV1,-0.004892825,-0.001341043,649853
20150327,15:00:00.000,BBG000BMQPL1,-0.007187096,-0.012017981,5357532
20150327,15:00:00.000,BBG000BMDV41,-0.0076372894,-0.0037598817,971758
20150327,15:00:00.000,BBG000BQZMH4,0.0013672878,0.007043311,1118376
20150327,15:00:00.000,BBG000BS0ZF1,-0.0056288713,-0.008144493,344394
20150327,15:00:00.000,BBG000BGLRN3,-0.006699549,-0.010990443,1958954
20150327,15:00:00.000,BBG000C0F570,-0.00024376235,-0.0040009357,1775042
20150327,15:00:00.000,BBG000D6L294,-0.007185354,-0.011002416,559660
20150327,15:00:00.000,BBG000BM5SR2,0.0030990874,0.0011064876,1146368
20150327,15:00:00.000,BBG000BYYLS8,-0.0010103008,-0.005430932,2483603
20150327,15:00:00.000,BBG000BF6LY3,0.050949063,0.061888598,9036960
20150327,15:00:00.000,BBG000BCBCM7,0.00035536347,0.006868673,3596412
20150327,15:00:00.000,BBG000BJ2VQ6,0.009151029,-0.018897729,3012991
20150327,15:00:00.000,BBG000BJ98Z0,-0.006015259,0.0051874965,897417
20150327,15:00:00.000,BBG000BLCPY4,0.0059971143,-0.017007478,1009933
20150327,15:00:00.000,BBG000D898T9,-0.00024296122,0.007850738,878653
20150327,15:00:00.000,BBG000BMBL90,0.003818808,0.0076535502,1153867
20150327,15:00:00.000,BBG000BSXQV7,-0.001349644,0.007854861,316756
20150327,15:00:00.000,BBG000FVXD63,0.021281136,0.009974968,1697137
20150327,15:00:00.000,BBG000BVMGF2,-0.0017838393,-0.0032747919,1036958
20150327,15:00:00.000,BBG000C11MQ5,-0.034696974,0.0014817308,511468
20150327,15:00:00.000,BBG000BPQD31,-0.0072547374,-0.00048472782,2599625
20150327,15:00:00.000,BBG000BB5006,-0.0007781988,0.003151397,1307424
20150327,15:00:00.000,BBG000BHKYH4,-0.0018075148,0.00021865248,629679
20150327,15:00:00.000,BBG000D1QCF1,-0.0015263624,-0.007674742,1139540
20150327,15:00:00.000,BBG000CSY9H9,0.008159145,0.020328024,1273530
20150327,15:00:00.000,BBG000BRJ809,0.007980237,0.008741051,350624
20150327,15:00:00.000,BBG000CNFQW6,0.0029222784,0.008911305,400565
20150327,15:00:00.000,BBG000BXM6V2,-0.0011492705,0.01500691,1097339
20150327,15:00:00.000,BBG000BCGY17,0.006829706,0.013500737,2624629
20150327,15:00:00.000,BBG000DKCC19,-0.012611324,-0.0018341016,1563549
20150327,15:00:00.000,BBG000BKCFC2,0.0049146,0.014825865,2821365
20150327,15:00:00.000,BBG000BTVJ25,0.004055897,0.0063344883,2336944
20150327,15:00:00.000,BBG000BN5HF7,-0.004380853,0.019933147,927279
20150327,15:00:00.000,BBG000Q3JN03,-0.0005351875,-0.0107360305,11122927
20150327,15:00:00.000,BBG0020B4JG7,0.008234888,0.015392262,2884504
20150327,15:00:00.000,BBG000BR3KL6,0.0016258501,0.003620609,423807
20150327,15:00:00.000,BBG000BRWGG9,0.025706612,0.042708933,22053584
20150327,15:00:00.000,BBG001LWHLJ8,-0.019047517,-0.019205997,3973177
20150327,15:00:00.000,BBG000C7LMS8,0.011168375,0.028229857,275415
20150327,15:00:00.000,BBG000BPT0C6,0.011419564,-0.0004172046,2430385
20150327,15:00:00.000,BBG000BSD7C2,0.002332897,0.007950629,830357
20150327,15:00:00.000,BBG000BRJL00,0.00039771103,0.0039386186,1917486
20150327,15:00:00.000,BBG000C1FB75,0.0075594103,0.0089425575,269524
20150327,15:00:00.000,BBG000BJ3PD2,-0.00019926025,0.00022479812,872964
20150327,15:00:00.000,BBG000BHLYS1,0.009830978,0.016837565,3504753
20150327,15:00:00.000,BBG000JWD753,-0.0017523717,0.00091451826,2054060
20150327,15:00:00.000,BBG000BXMFC3,-0.00973086,-0.00999147,1628775
20150327,15:00:00.000,BBG000CGQ6M4,0.0022335476,-0.002488604,561011
20150327,15:00:00.000,BBG000DNTSP4,0.007727545,-0.00083369797,2254162
20150327,15:00:00.000,BBG000BFXHL6,-0.013293209,-0.014553157,2313787
20150327,15:00:00.000,BBG000BJL3N0,-0.0009853815,-0.008434864,5316901
20150327,15:00:00.000,BBG000JG0547,-0.00032659862,0.003968912,885098
20150327,15:00:00.000,BBG000BWSV34,0.005554974,0.012114354,297322
20150327,15:00:00.000,BBG000BB6WG8,-0.0057256706,0.000863386,1742443
20150327,15:00:00.000,BBG000BCWCG1,-0.013814158,0.00026072364,3241003
20150327,15:00:00.000,BBG000BB9KF2,0.0069881356,0.011927705,1770759
20150327,15:00:00.000,BBG000C3HSR0,-0.011978498,-0.010124412,818051
20150327,15:00:00.000,BBG000BFMBQ6,0.008154589,0.021903742,1048130
20150327,15:00:00.000,BBG000BP0KQ8,0.023180284,0.03655772,2351919
20150327,15:00:00.000,BBG000BQWPC5,-0.0050551677,0.002985727,1035711
20150327,15:00:00.000,BBG001YMS0B8,0.04479797,0.054208636,23138704
20150327,15:00:00.000,BBG000C0LW92,0.0093187075,0.022929434,4108553
20150327,15:00:00.000,BBG000MDCQC2,0.003976488,0.012040194,1196388
20150327,15:00:00.000,BBG000BK67C7,-0.0029281462,0.0026745198,497818
20150327,15:00:00.000,BBG000BY29C7,0.007426462,0.014502101,1354429
20150327,15:00:00.000,BBG000BSLZY7,0.01593285,0.012430034,4357259
20150327,15:00:00.000,BBG000BLKK03,-0.0040565827,0.008719931,1120711
20150327,15:00:00.000,BBG000C2BXK4,-0.019416515,-0.011212587,7719235
20150327,15:00:00.000,BBG000BCZYD3,-0.004494309,0.009742151,632456
20150327,15:00:00.000,BBG000R7RDB4,0.01035701,0.0053666024,923729
20150327,15:00:00.000,BBG000C3GN47,-0.0028562464,-0.008280472,3003822
20150327,15:00:00.000,BBG000BMW2Z0,-0.004919411,0.00018762767,729713
20150327,15:00:00.000,BBG000BKFZM4,0.0060220263,0.010238766,2890634
20150327,15:00:00.000,BBG000G2R6M0,0.0079763625,-0.0026900412,5554556
20150327,15:00:00.000,BBG000C1S2X2,0.0027360583,0.024784049,950072
20150327,15:00:00.000,BBG000F0KF42,-0.0084172655,-0.016908877,1676266
20150327,15:00:00.000,BBG000CS7CT9,-0.006095603,0.0058011687,1722362
20150327,15:00:00.000,BBG000CPQZ77,-0.014023466,-0.0058489083,1652606
20150327,15:00:00.000,BBG000C8H633,-0.01045984,-0.019329896,3767377
20150327,15:00:00.000,BBG000JH6683,0.0104321875,0.042767327,2756485
20150327,15:00:00.000,BBG000BLBXT4,-0.0047208574,0.0035381948,3322950
20150327,15:00:00.000,BBG000BB07P9,0.021865776,0.009728798,7729165
20150327,15:00:00.000,BBG000BX3TD3,0.012400729,-0.0016111613,4010867
20150327,15:00:00.000,BBG000F80SZ5,0.010280127,0.015563687,3868042
20150327,15:00:00.000,BBG000BKFBD7,-5.886587e-05,-0.00441073,1129681
20150327,15:00:00.000,BBG000BPWXK1,0.017112449,0.009479223,3750445
20150327,15:00:00.000,BBG000BH5LT6,-0.022755751,-0.050930995,7610247
20150327,15:00:00.000,BBG000BBD070,-0.012840724,-0.020613741,1242514
20150327,15:00:00.000,BBG000BWJFZ4,-0.020632643,-0.019309271,335475
20150327,15:00:00.000,BBG000BWNFZ9,-0.004652824,-0.0107848765,1349886
20150327,15:00:00.000,BBG000BH3JF8,0.0017215824,0.006641165,1331715
20150327,15:00:00.000,BBG000C0HQ54,0.014400484,0.026817089,1706436
20150327,15:00:00.000,BBG000FL1TC8,-0.0055424664,-0.0025668095,1064232
20150327,15:00:00.000,BBG000BV8DN6,0.0014370172,0.006590334,1822014
20150327,15:00:00.000,BBG0029SNR63,-0.0023282403,0.0047238334,966568
20150327,15:00:00.000,BBG000DYGNW7,-0.0044359425,0.0009948969,472157
20150327,15:00:00.000,BBG000QW7VC1,-0.0037312733,-0.00085437286,1241498
20150327,15:00:00.000,BBG000BFQYY3,-0.007115538,-0.002327278,1207437
20150327,15:00:00.000,BBG000BGVW60,-0.0041858642,0.0007105987,1297452
20150327,15:00:00.000,BBG000C1BW00,-0.0041536456,0.0083267335,758134
20150327,15:00:00.000,BBG000BJ81C1,0.005713211,0.0027623815,872254
20150327,15:00:00.000,BBG000BFDXW1,0.0031916776,0.0009491132,3428709
20150327,15:00:00.000,BBG000BSC0K9,-4.6702982e-05,0.011602069,1114370
20150327,15:00:00.000,BBG000BD8PN9,-0.0038770766,-0.005527894,2725727
20150327,15:00:00.000,BBG000DSMS70,-0.011213174,0.013665454,449762
20150327,15:00:00.000,BBG000BQ5DS5,0.0013411603,-0.004619808,1856090
20150327,15:00:00.000,BBG000G30YX4,0.012417599,0.033936255,1059610
20150327,15:00:00.000,BBG000BQ2C28,-0.0017321898,0.006121709,812986
20150327,15:00:00.000,BBG000BN2DC2,0.0005286964,0.0057570934,1188588
20150327,15:00:00.000,BBG000LD9JQ8,-0.009789253,-0.0074100364,637136
20150327,15:00:00.000,BBG000BGKTF9,0.0069553335,0.0012738474,1494177
20150327,15:00:00.000,BBG000BBVJZ8,-0.006462935,-0.012986318,1409008
20150327,15:00:00.000,BBG000D9D830,-0.0028554883,-0.002760271,3060202
20150327,15:00:00.000,BBG000BJSBJ0,0.001225144,0.0060827704,821064
20150327,15:00:00.000,BBG000BH1NH9,0.001029375,-0.00028673236,1403969
20150327,15:00:00.000,BBG000BVDLH9,-0.0057712053,0.0045820894,706226
20150327,15:00:00.000,BBG000FJLFX8,0.0036879953,0.014349461,993470
20150327,15:00:00.000,BBG000MZFMS2,-0.017268687,0.00028836023,639470
20150327,15:00:00.000,BBG000C4DPX1,0.001216517,0.010944068,1358159
20150327,15:00:00.000,BBG000C0MF34,0.014025379,0.009830206,438746
20150327,15:00:00.000,BBG000QBR5J5,0.0029625886,-0.0015847933,1801862
20150327,15:00:00.000,BBG000BCVJ77,-0.00019011657,0.006174646,1268616
20150327,15:00:00.000,BBG000QX74T1,0.003940006,0.005939057,221643
20150327,15:00:00.000,BBG000BBDV81,0.0021222064,0.009355877,1723923
20150327,15:00:00.000,BBG000HCJMF9,-0.00454805,-0.012679086,1171494
20150327,15:00:00.000,BBG000C46HM9,-0.002930018,0.00553194,1426550
20150327,15:00:00.000,BBG000BGPTV6,0.0014404339,0.0028150151,540468
20150327,15:00:00.000,BBG000BRD0D8,0.0004977668,-0.006378088,1930036
20150327,15:00:00.000,BBG000BGJRC8,0.0010097455,-0.0045088837,4142811
20150327,15:00:00.000,BBG000DHSPT0,0.013043572,0.00832578,1105082
20150327,15:00:00.000,BBG000J6XT05,-0.0016109385,0.00092308084,3673705
20150327,15:00:00.000,BBG000BH3GZ2,0.00084848126,0.0001273087,1097797
20150327,15:00:00.000,BBG000BTR593,0.007909721,-0.005768173,3333042
20150327,15:00:00.000,BBG000B9ZXB4,3.1149888e-05,0.007310851,1829315
20150327,15:00:00.000,BBG000BL4504,-0.0047792774,-0.015453824,16442771
20150327,15:00:00.000,BBG000BNBDC2,-0.003866206,0.0029274626,2641851
20150327,15:00:00.000,BBG000C734W3,-0.003647913,0.019392284,485242
20150327,15:00:00.000,BBG000BWLMJ4,0.0020663282,0.010304184,2166589
20150327,15:00:00.000,BBG000H556T9,0.005649722,0.0051380745,1971215
20150327,15:00:00.000,BBG000BVPPM1,-0.0148733575,-0.008281,812449
20150327,15:00:00.000,BBG000BCG930,0.008205355,0.020923307,892977
20150327,15:00:00.000,BBG000BJF1Z8,-0.009318088,-0.0057694106,520726
20150327,15:00:00.000,BBG000BND699,0.0064101038,0.009847314,3371309
20150327,15:00:00.000,BBG000BD4VG8,-0.006274196,-0.0028640702,1604079
20150327,15:00:00.000,BBG000BC2C10,0.0013927876,-0.0066866316,2306037
20150327,15:00:00.000,BBG000NV1KK7,-0.004422258,0.0038777222,2682172
20150327,15:00:00.000,BBG000BLZRJ2,0.0053719063,0.0036520234,5496204
20150327,15:00:00.000,BBG000F6H8W8,-0.0028189926,0.0036308283,803560
20150327,15:00:00.000,BBG000BMY992,-0.007172868,0.004073564,1474335
20150327,15:00:00.000,BBG000BT9DW0,0.006131208,0.0061719804,3608259
20150327,15:00:00.000,BBG000PX3XC0,-0.011635616,-0.032355003,8251721
20150327,15:00:00.000,BBG000BWXBC2,-0.008579421,-0.006106605,3072267
20150327,15:00:00.000,BBG000BB6KF5,0.00073539634,-0.006720363,2613145
20150327,15:00:00.000,BBG000FFDM15,0.0013083754,-0.004995639,2943966
20150327,15:00:00.000,BBG000KLB4Q1,0.03688672,0.047616716,7318450
20150327,15:00:00.000,BBG001DCCGR8,-0.010636232,-0.010159198,1205272
20150327,15:00:00.000,BBG000BVV7G1,0.0051377816,0.0032271796,2357703
20150327,15:00:00.000,BBG000BHGDH5,0.002437877,0.0075319945,2297857
20150327,15:00:00.000,BBG000BWVCP8,0.007917124,0.0006097536,2871323
20150327,15:00:00.000,BBG000C15T95,-0.008896204,-0.0060239006,1422722
20150327,15:00:00.000,BBG000D4LWF6,0.002475674,0.01030491,9972016
20150327,15:00:00.000,BBG000B9WH86,-2.505264e-05,-0.011640964,11309809
20150327,15:00:00.000,BBG000Q9HH23,-0.0053186077,0.0033812283,414618
20150327,15:00:00.000,BBG00286S4N9,-0.0041619623,-0.010261175,1091723
20150327,15:00:00.000,BBG000BHX7N2,0.0009907925,-0.001239895,2360096
20150327,15:00:00.000,BBG000L9CV04,-0.0029793102,-0.00020559217,1703409
20150327,15:00:00.000,BBG000BH13K9,0.001465658,-0.00041773886,2834411
20150327,15:00:00.000,BBG000FG3C43,-0.020767203,-0.030515336,10479972
20150327,15:00:00.000,BBG000C496P7,0.0047619096,0.0040167454,3187939
20150327,15:00:00.000,BBG000BXRPH1,0.011371237,0.003262295,1013680
20150327,15:00:00.000,BBG000BNJHS8,-0.0028612162,0.023856543,3835166
20150327,15:00:00.000,BBG000BBPFB9,0.0006885258,-0.0026778127,10695285
20150327,15:00:00.000,BBG000WCFV84,-0.011271395,-0.017298711,2270337
20150327,15:00:00.000,BBG0019JZ882,0.004954253,0.0014530799,3847976
20150327,15:00:00.000,BBG000H89QJ6,-0.0068766032,-0.006892972,1095796
20150327,15:00:00.000,BBG000BFWKC0,0.0072082244,0.003696797,1714079
20150327,15:00:00.000,BBG000C5HS04,-0.005381264,0.005586813,1239025
20150327,15:00:00.000,BBG000BJX8C8,0.019656604,0.012871671,3937243
20150327,15:00:00.000,BBG000BNDN65,-0.0049054325,0.011255505,2137083
20150327,15:00:00.000,BBG000BP52R2,-0.0013278935,0.0052586948,1038828
20150327,15:00:00.000,BBG000M65M61,0.015915027,0.04002791,3063073
20150327,15:00:00.000,BBG000BP6LJ8,-0.001742933,0.0050000222,4832767
20150327,15:00:00.000,BBG000F0PF65,-5.0854356e-05,0.0037168881,1491708
20150327,15:00:00.000,BBG000H8TVT2,0.006989825,0.015287875,2304345
20150327,15:00:00.000,BBG000DQLV23,-0.0016627673,0.0060000597,2816738
20150327,15:00:00.000,BBG000BHBK84,0.029403333,0.032302707,13820922
20150327,15:00:00.000,BBG000DLFM21,-0.0132483635,0.0023428819,732853
20150327,15:00:00.000,BBG000BJDB15,-0.020841232,-0.037427038,15018083
20150327,15:00:00.000,BBG000CTQBF3,-0.0029712233,0.0017351416,2679921
20150327,15:00:00.000,BBG000BQQ2S6,-0.00058253104,-0.011259745,2053510
20150327,15:00:00.000,BBG000BHVJJ3,-0.01673218,-0.024394892,20681656
20150327,15:00:00.000,BBG000F1ZSQ2,-0.009926824,-0.007675617,3059001
20150327,15:00:00.000,BBG000BQPC32,-0.0010762024,-0.004373636,39178232
20150327,15:00:00.000,BBG000C43RR5,0.0025620374,0.0041723573,3402890
20150327,15:00:00.000,BBG000CH5208,0.004569505,0.013801802,1442614
20150327,15:00:00.000,BBG000J2XL74,0.0021707467,0.0024891184,3094610
20150327,15:00:00.000,BBG000BC40Y8,-0.006539275,-0.013034941,1616287
20150327,15:00:00.000,BBG000KHWT55,-0.017205691,-0.02311389,14046642
20150327,15:00:00.000,BBG000BW8S60,0.001552926,0.005858645,1709115
20150327,15:00:00.000,BBG000BZ9223,-0.0021576313,-0.00864718,1667552
20150327,15:00:00.000,BBG000DWYF03,-0.0018816376,-0.0026514926,4762363
20150327,15:00:00.000,BBG000BBGGQ1,-0.025462462,-0.02619749,4407284
20150327,15:00:00.000,BBG000BBDZG3,0.0014133808,-0.002953557,3870353
20150327,15:00:00.000,BBG000BQLTW7,-0.011875642,-0.012795146,11348719
20150327,15:00:00.000,BBG000NDYB67,0.001389503,-0.00080405857,6171196
20150327,15:00:00.000,BBG000C6CFJ5,0.0044571194,0.001067336,984697
20150327,15:00:00.000,BBG000BGRY34,-0.0025503498,0.006763381,2363482
20150327,15:00:00.000,BBG000DH7JK6,-0.0015681215,0.0037651681,2701872
20150327,15:00:00.000,BBG000BW3299,0.008991908,0.004297795,4206150
20150327,15:00:00.000,BBG000DWG505,0.0047731497,0.0036353236,2002753
20150327,15:00:00.000,BBG000BF0K17,0.00012449501,-0.006135073,4038150
20150327,15:00:00.000,BBG000R7Z112,-0.0063774833,0.014516542,5325512
20150327,15:00:00.000,BBG000BCSST7,-0.0014308229,0.0037120325,1647416
20150327,15:00:00.000,BBG000BQQH30,0.0018271485,-0.0061651403,2977838
20150327,15:00:00.000,BBG000BCQZS4,0.0020275482,-0.0064971563,6185196
20150327,15:00:00.000,BBG000BMX289,-0.0124260625,-0.008427068,9174982
20150327,15:00:00.000,BBG000BNWG87,0.000707703,0.010048623,2799004
20150327,15:00:00.000,BBG000BBS2Y0,-0.0043633217,0.016223047,1370456
20150327,15:00:00.000,BBG000BH4R78,-0.0019001425,0.003277092,3659410
20150327,15:00:00.000,BBG005P7Q881,0.002625828,0.027699258,6287777
20150327,15:00:00.000,BBG000BKZB36,0.0021245827,0.015126336,2375357
20150327,15:00:00.000,BBG000GFFQN9,0.013678963,0.01663824,16707381
20150327,15:00:00.000,BBG0025Y4RY4,0.0033024254,0.005934611,4598859
20150327,15:00:00.000,BBG000BFC8J2,-0.009408842,0.0138520915,3872158
20150327,15:00:00.000,BBG000H6HNW3,-0.007033584,0.0035046958,12139491
20150327,15:00:00.000,BBG000BNSZP1,-0.0048514316,-0.0059516407,2389342
20150327,15:00:00.000,BBG000N9MNX3,-0.046260364,-0.04598086,6311809
20150327,15:00:00.000,BBG000BPD168,-0.00011523567,0.004513791,3884297
20150327,15:00:00.000,BBG000BKTFN2,0.00019971198,-0.0041691056,6887146
20150327,15:00:00.000,BBG000C17X76,-0.014011985,0.007749867,1219461
20150327,15:00:00.000,BBG000BR2TH3,-0.0051995777,-0.0013390917,3744713
20150327,15:00:00.000,BBG000PSKYX7,-0.007550568,-0.003428397,4101011
20150327,15:00:00.000,BBG000BT41Q8,0.009288722,-0.0006611493,3528801
20150327,15:00:00.000,BBG000C5Z1S3,-0.013989561,-0.019876493,17734896
20150327,15:00:00.000,BBG000BLNNH6,0.0021512746,-0.002490371,2070181
20150327,15:00:00.000,BBG000BFT2L4,0.0026949223,0.0030405906,8376681
20150327,15:00:00.000,BBG000CGC1X8,0.00023398228,-0.0040203733,5526213
20150327,15:00:00.000,BBG000HS77T5,0.0075169974,0.0020664136,6631084
20150327,15:00:00.000,BBG000C3J3C9,0.002270073,0.002216057,12257402
20150327,15:00:00.000,BBG000FH8PX5,-0.0010816026,0.011215201,1349739
20150327,15:00:00.000,BBG000BLBVN4,-0.0064733736,-0.003689807,294316
20150327,15:00:00.000,BBG000BSJK37,0.0033655479,-0.0027416465,11697575
20150327,15:00:00.000,BBG000CL9VN6,-0.015360334,-0.0075692995,1907833
20150327,15:00:00.000,BBG000BVPV84,0.008980273,0.014810879,1697801
20150327,15:00:00.000,BBG000K4ND22,0.001593681,-0.009974181,3464627
20150327,15:00:00.000,BBG000BWQFY7,-0.0013723297,-0.008810925,7616022
20150327,15:00:00.000,BBG002W96FT9,-0.007009323,-0.007051607,1351843
20150327,15:00:00.000,BBG000BMHYD1,0.0015272322,0.005193451,2983360
20150327,15:00:00.000,BBG000BR2B91,0.00384432,0.010241009,12937563
20150327,15:00:00.000,BBG000BK6MB5,0.00015402836,0.00080576097,16615804
20150327,15:00:00.000,BBG000FY4S11,0.0023797874,-0.005468169,11310602
20150327,15:00:00.000,BBG000DMBXR2,0.0069924495,-0.00067213137,7172566
20150327,15:00:00.000,BBG000C0G1D1,0.0021711793,-0.0049865562,18375044
20150327,15:00:00.000,BBG000BHSKN9,-0.00900018,-0.006520707,1151093
20150327,15:00:00.000,BBG000CKGBP2,-0.017068008,0.0035633873,5389240
20150327,15:00:00.000,BBG000GZQ728,-0.0018029996,-0.009784696,6254687
20150327,15:00:00.000,BBG000BPH459,-0.005704119,-0.007522759,19274252
20150327,15:00:00.000,BBG000BCTLF6,-0.0014729036,-0.008427847,52917012
20150327,15:00:00.000,BBG000MM2P62,-0.0010487731,0.0058414424,13817911
20150327,15:00:00.000,BBG000B9XRY4,-0.009177333,-0.009737045,27023920
20150327,15:15:00.000,BBG000CNZC55,-0.0094406055,0.0032485256,3728215
20150327,15:15:00.000,BBG000FH5YM1,0.0039917096,0.0068630697,3470175
20150327,15:15:00.000,BBG000BLM0V1,-0.0037284587,-0.0021092016,468642
20150327,15:15:00.000,BBG000HGYNZ9,-0.005647038,-0.014724195,2194207
20150327,15:15:00.000,BBG000BF6RQ9,0.010255769,0.03454347,725174
20150327,15:15:00.000,BBG000BFV115,0.009036294,-0.0005865222,1038246
20150327,15:15:00.000,BBG0015XMW40,0.010916525,0.00841201,460975
20150327,15:15:00.000,BBG000FBMY72,-0.0069177165,-0.010302825,1839834
20150327,15:15:00.000,BBG000BDWKC5,0.01016714,0.013193177,1633933
20150327,15:15:00.000,BBG000G6BN50,0.010808621,0.0087124575,343121
20150327,15:15:00.000,BBG000BLDV98,-0.0067826523,0.0015630447,1112859
20150327,15:15:00.000,BBG000R0L5J4,-0.00047327153,-0.0011739811,529144
20150327,15:15:00.000,BBG006NV2Q11,-0.013240042,-0.014677874,2213440
20150327,15:15:00.000,BBG000BC2R71,0.0031568522,-0.00096881064,982972
20150327,15:15:00.000,BBG000BN1XR3,0.001766087,0.009520753,339887
20150327,15:15:00.000,BBG000GPXKX9,-0.009373602,-0.0027539039,315885
20150327,15:15:00.000,BBG000DV7MX4,-0.00719528,-0.004301259,4175175
20150327,15:15:00.000,BBG000BGRKT6,-0.00746153,0.001597679,374361
20150327,15:15:00.000,BBG000BB5BF6,-0.014004579,-0.008640655,4582583
20150327,15:15:00.000,BBG000BVB8Q0,0.00946296,0.006566022,9535466
20150327,15:15:00.000,BBG000DGPR66,0.011938905,0.019237371,1198111
20150327,15:15:00.000,BBG000BQ74K1,-0.002235177,-0.003950174,391305
20150327,15:15:00.000,BBG000RNTSX0,0.00019197125,0.009032918,313255
20150327,15:15:00.000,BBG000N746D6,0.009429259,0.010562513,1969160
20150327,15:15:00.000,BBG000CR90K4,0.026737278,0.023642955,21556470
20150327,15:15:00.000,BBG000BVL2G3,0.010917697,0.008720737,1231865
20150327,15:15:00.000,BBG000BPQVR5,-0.0060152565,-0.0045234077,427945
20150327,15:15:00.000,BBG000CB8Q50,0.0026840393,0.006987447,370382
20150327,15:15:00.000,BBG000D42FJ0,0.010635052,-0.003607208,1384754
20150327,15:15:00.000,BBG003641015,-0.005635774,0.0014628049,1135334
20150327,15:15:00.000,BBG000CPHYL4,0.004100579,0.005645039,866098
20150327,15:15:00.000,BBG000BKL348,0.0031881747,0.0059017343,278135
20150327,15:15:00.000,BBG000BMF5J0,-0.0116639,-0.0026160541,3717308
20150327,15:15:00.000,BBG000BCHG15,0.0056538507,0.009928476,313728
20150327,15:15:00.000,BBG000BJKPG0,-0.006281028,0.00031857842,384470
20150327,15:15:00.000,BBG000HS74G6,-0.006848822,-0.010731409,832135
20150327,15:15:00.000,BBG000BVHBM1,-0.0044709374,0.022687972,1173164
20150327,15:15:00.000,BBG002PHSYX9,-0.020818546,-0.018872285,750251
20150327,15:15:00.000,BBG000D2ZTS8,-0.0056781606,0.010158319,1941135
20150327,15:15:00.000,BBG000BGYMH7,-0.0065709446,-0.0023215353,457251
20150327,15:15:00.000,BBG000PV2L86,0.0016455235,0.014791796,723083
20150327,15:15:00.000,BBG000FQ6PY6,0.0028928858,0.0034709545,695235
20150327,15:15:00.000,BBG000R06BX2,0.0049969545,0.0069749686,1176843
20150327,15:15:00.000,BBG000BCWKD6,0.000885359,0.0020840892,1403345
20150327,15:15:00.000,BBG000CPBCL8,0.0013113723,-0.0014949606,536397
20150327,15:15:00.000,BBG000B9X8C0,0.003800479,0.010015718,1093266
20150327,15:15:00.000,BBG000BDY3Y7,-0.011443177,-0.00955557,471273
20150327,15:15:00.000,BBG001XJRMF5,-0.0039630737,-0.0060172905,1657403
20150327,15:15:00.000,BBG000BJ26K7,0.018515296,0.011471794,1183576
20150327,15:15:00.000,BBG000BQ87N0,-0.0012687674,0.0058104713,619865
20150327,15:15:00.000,BBG000C37332,0.008740604,0.009124286,415575
20150327,15:15:00.000,BBG000C4ZZ10,0.003962243,0.009188165,687817
20150327,15:15:00.000,BBG000BPNP00,0.0064196996,0.005308674,901773
20150327,15:15:00.000,BBG000BXBHJ4,-0.0070962417,-0.016970472,1029917
20150327,15:15:00.000,BBG000FDBX90,0.011444569,0.0093005765,2284199
20150327,15:15:00.000,BBG000BKNX95,0.006242749,0.006119698,1281970
20150327,15:15:00.000,BBG000BV4XJ1,0.0074283327,0.03516439,380680
20150327,15:15:00.000,BBG000MQ1SN9,0.003743681,0.0072753453,527321
20150327,15:15:00.000,BBG000KBQZ88,-0.0073934696,-0.0007225816,814073
20150327,15:15:00.000,BBG000BXNJ07,-0.0058045154,-0.006371193,4455571
20150327,15:15:00.000,BBG000DLVDK3,0.003744186,-0.0013709493,1553615
20150327,15:15:00.000,BBG000BB03M1,0.034882024,0.023176208,1418129
20150327,15:15:00.000,BBG000BWGYF8,-0.003284188,0.0033922503,362698
20150327,15:15:00.000,BBG000BPZBB6,0.026504412,0.027573535,1872456
20150327,15:15:00.000,BBG000JKCWS0,0.007089934,0.00014246182,496745
20150327,15:15:00.000,BBG000BNPSQ9,0.02843777,0.06423422,1141951
20150327,15:15:00.000,BBG000C060M4,-0.0026251485,-0.005158129,206770
20150327,15:15:00.000,BBG000BFDLV8,0.0032746631,0.015415636,624403
20150327,15:15:00.000,BBG000C2V3D6,0.0009728899,0.009356963,899103
20150327,15:15:00.000,BBG000BC9938,-0.0031472428,-0.0052875928,595351
20150327,15:15:00.000,BBG000C22QV7,-0.0022325185,0.0055499817,854288
20150327,15:15:00.000,BBG000BMTFR4,-0.0033743253,-0.0029090727,1093411
20150327,15:15:00.000,BBG000BKTT89,-0.0035858755,0.0013155242,285986
20150327,15:15:00.000,BBG000BWXL85,0.007273653,0.012539665,1943860
20150327,15:15:00.000,BBG0014GG205,0.034470815,0.030331437,6251103
20150327,15:15:00.000,BBG000BGFZR8,0.0018252436,0.0071359565,1113275
20150327,15:15:00.000,BBG000V31J96,0.009660482,0.013466329,2437389
20150327,15:15:00.000,BBG000BNNKG9,0.0034845206,0.01354103,1657642
20150327,15:15:00.000,BBG000BSSC44,-0.0090568075,-0.019170457,802710
20150327,15:15:00.000,BBG000BSY3K9,-0.0076193414,-0.00017952546,357784
20150327,15:15:00.000,BBG000BPMH90,-0.0041212463,-0.01055576,673268
20150327,15:15:00.000,BBG000BX5ZF5,-0.017359879,-0.016414134,4230404
20150327,15:15:00.000,BBG000BR37X2,0.0071018967,0.0029693425,1540845
20150327,15:15:00.000,BBG000C9F2F9,-0.015660016,0.010720886,1032248
20150327,15:15:00.000,BBG000D9KWL9,0.011519998,0.005680673,664061
20150327,15:15:00.000,BBG000PLXQQ3,-0.0036225943,9.552265e-05,411219
20150327,15:15:00.000,BBG000HZFZX3,-0.0019349658,0.006523014,574058
20150327,15:15:00.000,BBG000BDXGP9,0.032278765,0.04202093,3517821
20150327,15:15:00.000,BBG000BB29X4,0.0047925212,0.0096915,898974
20150327,15:15:00.000,BBG001C7TST4,0.005292609,0.012334901,891742
20150327,15:15:00.000,BBG000BMKDM3,0.0012389701,0.009840765,1234169
20150327,15:15:00.000,BBG000FFH4P5,-0.00096462545,0.0022908975,730839
20150327,15:15:00.000,BBG000C75N77,0.0019849138,-0.007773056,575834
20150327,15:15:00.000,BBG000C221G9,-0.012483074,-0.007875388,686416
20150327,15:15:00.000,BBG000BKXFN7,0.012222675,-0.008380204,2407696
20150327,15:15:00.000,BBG000BWP7D9,0.006532607,0.014122945,1148985
20150327,15:15:00.000,BBG000DY8ZS4,-0.013793386,-0.01745387,3860644
20150327,15:15:00.000,BBG000BFL116,0.0030239322,-0.002935429,919862
20150327,15:15:00.000,BBG000BKLH74,0.007769038,0.009671276,1900968
20150327,15:15:00.000,BBG000BS9489,-0.0021196406,0.0020161686,397326
20150327,15:15:00.000,BBG000BP8Z50,-0.003206731,-0.0038216182,868588
20150327,15:15:00.000,BBG000BS7KS3,0.01013645,0.0155166155,1194804
20150327,15:15:00.000,BBG000BMZ7P7,0.0016510587,-0.0036831233,759652
20150327,15:15:00.000,BBG000FBK808,-0.032269724,-0.04921168,6607947
20150327,15:15:00.000,BBG000R8ZVD1,-0.009569449,0.0021884732,2378147
20150327,15:15:00.000,BBG000BLMZK6,-0.008480093,0.011553092,931541
20150327,15:15:00.000,BBG000BQSQ38,0.006841641,0.010406149,1556262
20150327,15:15:00.000,BBG000BBL0Y1,-0.009493949,0.01563581,657594
20150327,15:15:00.000,BBG001QZCPJ2,0.0087696165,0.020940049,1230497
20150327,15:15:00.000,BBG000CVWGS6,0.005083974,0.011123644,2281178
20150327,15:15:00.000,BBG000BCNYT9,0.007000554,-0.0038001693,4946571
20150327,15:15:00.000,BBG000PVRDL2,0.010203428,0.0050843963,2671442
20150327,15:15:00.000,BBG000BJQWD2,0.0006438559,0.0052791033,524307
20150327,15:15:00.000,BBG000C9W1Y1,0.0013862603,0.0019009677,1580174
20150327,15:15:00.000,BBG000BJ49H3,0.005289184,0.0035498973,860758
20150327,15:15:00.000,BBG000BFVXX0,-0.0035735003,0.0052798707,1957055
20150327,15:15:00.000,BBG000FLZN98,-0.0012019466,0.0079666665,282303
20150327,15:15:00.000,BBG000FLPRH1,0.0053691594,0.0038918112,1220602
20150327,15:15:00.000,BBG000BYWTX7,-0.0011703927,-0.0033413626,4170987
20150327,15:15:00.000,BBG000BY33P5,-0.0047570886,-0.003138672,2533913
20150327,15:15:00.000,BBG000BBB3K1,0.007819881,0.016711494,2200977
20150327,15:15:00.000,BBG000DN7P92,0.0075425194,0.015021904,788049
20150327,15:15:00.000,BBG000BBMSJ6,0.007608188,0.005206343,1144718
20150327,15:15:00.000,BBG000BH2JM1,0.0016671327,0.0025788045,2917631
20150327,15:15:00.000,BBG000BFS7D3,-0.0040940596,0.0020519637,347751
20150327,15:15:00.000,BBG000CKVSG8,-0.011623331,-0.021885717,1993452
20150327,15:15:00.000,BBG000BB6G37,0.0017864482,0.00069646543,1165375
20150327,15:15:00.000,BBG000BM7HL0,-0.0023757592,0.0018730082,1030355
20150327,15:15:00.000,BBG000BCYP43,-0.0020236932,0.008701063,343129
20150327,15:15:00.000,BBG000BV75B7,0.004383131,0.0023764167,750265
20150327,15:15:00.000,BBG000TWC2V5,-0.0014425289,0.007452855,355025
20150327,15:15:00.000,BBG000BLW530,0.0016209179,-0.0004356284,1419119
20150327,15:15:00.000,BBG000BKWSR6,-0.0014091376,-0.0045985,3355753
20150327,15:15:00.000,BBG000C2YHG9,0.00012875986,0.003980857,736213
20150327,15:15:00.000,BBG000BRQ6L2,0.009197307,0.03994613,4708142
20150327,15:15:00.000,BBG000BQHGR6,0.0016739576,-0.004876607,877934
20150327,15:15:00.000,BBG000BN9WT5,0.0047657858,0.0018637968,886959
20150327,15:15:00.000,BBG000BVWLJ6,-0.0026073342,-0.00070299435,751002
20150327,15:15:00.000,BBG000BKQ3V3,-0.015234884,-0.03679732,6252920
20150327,15:15:00.000,BBG000H0QBS7,-0.0068298024,0.0003868175,1250923
20150327,15:15:00.000,BBG000H4YVR7,0.0052077775,0.03467333,577117
20150327,15:15:00.000,BBG000PYZSR8,-0.011623104,-0.006051678,362441
20150327,15:15:00.000,BBG007TJF1N7,0.008289513,0.016259393,1921309
20150327,15:15:00.000,BBG000C2ZCH8,0.0050186147,0.012692929,1273924
20150327,15:15:00.000,BBG000BTCH57,-0.0074224505,-0.00041107208,888997
20150327,15:15:00.000,BBG000BR54L0,0.0041303695,0.028352588,3309243
20150327,15:15:00.000,BBG000BB5373,0.011329888,0.015475509,4656381
20150327,15:15:00.000,BBG000BHZ5J9,0.010257708,0.0030029498,562508
20150327,15:15:00.000,BBG000CXD6X9,4.746575e-05,0.013398221,633949
20150327,15:15:00.000,BBG000BKZTP3,-0.002644489,-0.009168287,1013198
20150327,15:15:00.000,BBG000BB1TH9,-0.006117976,-0.013745187,626947
20150327,15:15:00.000,BBG000D5S4M0,0.0111607555,0.018770618,505434
20150327,15:15:00.000,BBG000BN84F3,-0.002062813,0.0021091357,1250707
20150327,15:15:00.000,BBG000HW5GX3,-0.012442799,-0.019639045,1658189
20150327,15:15:00.000,BBG000CHPY97,-0.016356718,-0.030637426,4277997
20150327,15:15:00.000,BBG000D2M0Z7,0.006721013,0.013666356,1087659
20150327,15:15:00.000,BBG000BF1R66,0.0075996486,0.0043052547,868775
20150327,15:15:00.000,BBG000BJ8YN7,-0.0056035053,-0.006510421,1119514
20150327,15:15:00.000,BBG000G9CGL0,0.0062601888,0.018450644,481330
20150327,15:15:00.000,BBG000BQ8KV2,-0.0020955694,-0.0070010973,1056890
20150327,15:15:00.000,BBG000BVMPN3,0.0031549067,-0.0023406618,720979
20150327,15:15:00.000,BBG000BGD7W6,-0.0063197142,0.0034126302,766618
20150327,15:15:00.000,BBG000BC15S7,0.0018795151,0.00031175697,937737
20150327,15:15:00.000,BBG000Q2HM09,0.032600205,0.03325654,1318754
20150327,15:15:00.000,BBG000BQVTF5,-0.0038102411,-0.004333452,801699
20150327,15:15:00.000,BBG000VC0T95,0.0039148373,0.012318283,799022
20150327,15:15:00.000,BBG000F86GP6,0.0013963688,0.0040157405,522513
20150327,15:15:00.000,BBG000BWVSR1,-0.0024334467,0.0020616446,801240
20150327,15:15:00.000,BBG000BX8DC4,0.0018225657,0.008976445,760751
20150327,15:15:00.000,BBG000BHCP19,0.0013574286,0.0016592836,866601
20150327,15:15:00.000,BBG000BK6G19,0.014673788,0.009344623,1887766
20150327,15:15:00.000,BBG000RGM5P1,-0.007186783,-0.0032584092,616690
20150327,15:15:00.000,BBG000BF5RY1,-0.0014242153,0.0048036342,1160000
20150327,15:15:00.000,BBG000BP4MH0,0.0011552718,0.0008986993,1112156
20150327,15:15:00.000,BBG000D8RG11,-0.018668968,-0.016629249,2822448
20150327,15:15:00.000,BBG000FP1N32,-0.0060153236,-0.014629033,3638719
20150327,15:15:00.000,BBG000BLHRS2,-0.001083619,0.007673448,468502
20150327,15:15:00.000,BBG000TJM7F0,-0.017032387,-0.005308065,1087863
20150327,15:15:00.000,BBG000J1QLT0,-0.01556224,-0.0023074779,547957
20150327,15:15:00.000,BBG000BBBNC6,0.005618446,-0.00094506884,1066117
20150327,15:15:00.000,BBG000BY2Y78,-0.0025846334,-0.0060127517,1488688
20150327,15:15:00.000,BBG000BM6788,-0.004881834,0.0031112959,883670
20150327,15:15:00.000,BBG000C1FQS9,-0.0010592724,0.0024177758,410649
20150327,15:15:00.000,BBG000BBJQV0,0.0014866957,0.0004763766,3030399
20150327,15:15:00.000,BBG000BTQR96,-0.0010211424,0.004954875,750736
20150327,15:15:00.000,BBG000CXYSZ6,0.012929261,0.012785633,499425
20150327,15:15:00.000,BBG000BB5792,0.050412357,0.06612095,4303306
20150327,15:15:00.000,BBG000BNGTQ7,-0.0018328871,0.00816606,476885
20150327,15:15:00.000,BBG000BZTW70,-0.007540876,-0.025687419,5111937
20150327,15:15:00.000,BBG000G0Z878,-0.003545648,-0.0056946026,1371757
20150327,15:15:00.000,BBG000BFNR17,0.006558607,0.01034745,203257
20150327,15:15:00.000,BBG002BHBHM1,0.0071897814,0.025127219,616474
20150327,15:15:00.000,BBG000BC4JJ4,0.009093863,0.010319872,615004
20150327,15:15:00.000,BBG000F15NW9,0.005049027,0.012388333,421788
20150327,15:15:00.000,BBG000BKR1D6,0.0018636078,0.0025385949,273445
20150327,15:15:00.000,BBG000BCTQ65,-0.0032205733,0.0020409503,4284783
20150327,15:15:00.000,BBG000BNNYW1,-0.0064909155,-0.0070306305,5592138
20150327,15:15:00.000,BBG000BBCDZ2,-0.008305248,-0.0052476856,771511
20150327,15:15:00.000,BBG000BRK7L6,0.0052470868,-0.009551423,3009381
20150327,15:15:00.000,BBG000DQTXY6,0.00458285,0.02997916,2532987
20150327,15:15:00.000,BBG000BRXP69,-0.0027537781,0.011241295,532188
20150327,15:15:00.000,BBG000BL9JQ1,-0.019528056,-0.026403833,1370545
20150327,15:15:00.000,BBG000DTMH63,-0.0073001995,-0.026575765,3616614
20150327,15:15:00.000,BBG000BJPDZ1,-0.0075419876,0.00063104613,177717
20150327,15:15:00.000,BBG000BXWBN9,-0.0059404443,0.0014095692,1330260
20150327,15:15:00.000,BBG000C2PW58,0.0003620883,-0.0010202596,238477
20150327,15:15:00.000,BBG000D13GN8,-0.0041667265,-0.002220096,631944
20150327,15:15:00.000,BBG000BB6M98,-0.0024444715,-0.0037455258,2131921
20150327,15:15:00.000,BBG000BGYWY6,0.0038059717,0.020976298,388417
20150327,15:15:00.000,BBG000BHB3M6,0.0012481299,0.0033087246,824760
20150327,15:15:00.000,BBG000G3QLY3,-0.008933076,-0.011168041,620897
20150327,15:15:00.000,BBG000BSBZH7,-0.0027456977,0.0051083774,579422
20150327,15:15:00.000,BBG000F7RCJ1,0.00016167399,0.016430372,600164
20150327,15:15:00.000,BBG0039320N9,-0.005646602,0.005422585,1788421
20150327,15:15:00.000,BBG000BTZQC4,-0.017188288,-0.021331906,2726949
20150327,15:15:00.000,BBG001M8HHB7,-0.0033254619,0.0005982271,541738
20150327,15:15:00.000,BBG000CZWZ05,0.08314503,0.115409605,5151406
20150327,15:15:00.000,BBG000QY3XZ2,0.0075683207,0.011805108,558889
20150327,15:15:00.000,BBG000BHLYP4,-0.0036910134,-0.0015296572,888567
20150327,15:15:00.000,BBG000CHWP52,0.018260242,0.012607061,2409268
20150327,15:15:00.000,BBG000QFJ7H3,0.01028206,-0.0070691756,6420438
20150327,15:15:00.000,BBG000BFTJ91,0.00053034024,0.0016172176,1025282
20150327,15:15:00.000,BBG000BZ2GG4,0.007980247,0.004016453,1067957
20150327,15:15:00.000,BBG000FKJRC5,0.00059699686,0.0077711465,898638
20150327,15:15:00.000,BBG000BKPL53,0.009168654,0.017247332,933887
20150327,15:15:00.000,BBG000BNC3Y9,-0.0058441474,-0.008768022,589298
20150327,15:15:00.000,BBG000BNFLM9,-0.0015371827,-0.00028090394,1828916
20150327,15:15:00.000,BBG000BWCKB6,-0.004915973,0.0064981095,532044
20150327,15:15:00.000,BBG000BR14K5,0.005314745,0.0031643736,758993
20150327,15:15:00.000,BBG0014GJCT9,0.020015134,0.035148844,1474173
20150327,15:15:00.000,BBG000BRRG02,-0.010239103,-0.008990604,1726951
20150327,15:15:00.000,BBG000BP1Q11,-0.00850161,-0.004559125,644694
20150327,15:15:00.000,BBG000P1F8Q7,-0.017185336,0.00017064417,654434
20150327,15:15:00.000,BBG000BCVMH9,-0.0029831792,-0.0066481307,675702
20150327,15:15:00.000,BBG000D7RKJ5,0.002070717,0.0061876657,950742
20150327,15:15:00.000,BBG000FNRZ69,0.016822936,0.0072771497,3284115
20150327,15:15:00.000,BBG000BTKGG8,0.0017510966,-0.004422893,1300550
20150327,15:15:00.000,BBG001QD41M9,0.0017957934,0.007868895,926676
20150327,15:15:00.000,BBG000D9DMK0,0.0067214016,0.011168757,815126
20150327,15:15:00.000,BBG000BH5DV1,-0.004057935,0.000103033955,681879
20150327,15:15:00.000,BBG000BMQPL1,-0.0075823152,-0.012018015,5555037
20150327,15:15:00.000,BBG000BMDV41,-0.0075642257,-0.0036582293,1034408
20150327,15:15:00.000,BBG000BQZMH4,0.0007224118,0.005343295,1160196
20150327,15:15:00.000,BBG000BS0ZF1,-0.0050556567,-0.008068856,367248
20150327,15:15:00.000,BBG000BGLRN3,-0.0068479865,-0.010411998,2111924
20150327,15:15:00.000,BBG000C0F570,-0.00067962863,-0.0032506231,1824298
20150327,15:15:00.000,BBG000D6L294,-0.005302495,-0.008714266,602705
20150327,15:15:00.000,BBG000BM5SR2,0.0022595192,0.00036843124,1216973
20150327,15:15:00.000,BBG000BYYLS8,-0.00030112895,-0.00439644,2597280
20150327,15:15:00.000,BBG000BF6LY3,0.05453373,0.06571441,9422834
20150327,15:15:00.000,BBG000BCBCM7,0.0010763103,0.006244379,3865852
20150327,15:15:00.000,BBG000BJ2VQ6,0.008631077,-0.01935859,3190382
20150327,15:15:00.000,BBG000BJ98Z0,-0.0085273,0.002759466,953899
20150327,15:15:00.000,BBG000BLCPY4,0.0057298755,-0.017948294,1059793
20150327,15:15:00.000,BBG000D898T9,0.0012140598,0.009196822,1047388
20150327,15:15:00.000,BBG000BMBL90,0.0032132857,0.006976908,1231969
20150327,15:15:00.000,BBG000BSXQV7,-0.0016331156,0.007085318,337620
20150327,15:15:00.000,BBG000FVXD63,0.019632343,0.009192618,1801600
20150327,15:15:00.000,BBG000BVMGF2,-0.0016179811,-0.0029896528,1109283
20150327,15:15:00.000,BBG000C11MQ5,-0.034216266,0.0025345965,537229
20150327,15:15:00.000,BBG000BPQD31,-0.0076783225,-0.00048466257,2709464
20150327,15:15:00.000,BBG000BB5006,-0.0012719465,0.003083119,1368969
20150327,15:15:00.000,BBG000BHKYH4,-0.0019426042,0.0003062435,660919
20150327,15:15:00.000,BBG000D1QCF1,-0.0020542198,-0.008468783,1198319
20150327,15:15:00.000,BBG000CSY9H9,0.009426001,0.020463461,1361890
20150327,15:15:00.000,BBG000BRJ809,0.007051046,0.0076570427,376871
20150327,15:15:00.000,BBG000CNFQW6,0.005190177,0.011526996,431710
20150327,15:15:00.000,BBG000BXM6V2,-0.0030571027,0.013099297,1155541
20150327,15:15:00.000,BBG000BCGY17,0.009165471,0.016500795,2788449
20150327,15:15:00.000,BBG000DKCC19,-0.013623803,-0.0028822366,1660730
20150327,15:15:00.000,BBG000BKCFC2,0.005857659,0.015381992,3083843
20150327,15:15:00.000,BBG000BTVJ25,0.0018910156,0.0058065383,2480882
20150327,15:15:00.000,BBG000BN5HF7,-0.0036052442,0.020034375,987556
20150327,15:15:00.000,BBG000Q3JN03,0.00037871726,-0.009662518,11486982
20150327,15:15:00.000,BBG0020B4JG7,0.0060834144,0.01437476,2982424
20150327,15:15:00.000,BBG000BR3KL6,0.0019647144,0.0046003205,458186
20150327,15:15:00.000,BBG000BRWGG9,0.038066264,0.057351824,27227016
20150327,15:15:00.000,BBG001LWHLJ8,-0.014006,-0.014462326,4096056
20150327,15:15:00.000,BBG000C7LMS8,0.011082848,0.027301075,305391
20150327,15:15:00.000,BBG000BPT0C6,0.010279865,-0.001042994,2545385
20150327,15:15:00.000,BBG000BSD7C2,0.0028095287,0.008731993,874495
20150327,15:15:00.000,BBG000BRJL00,-3.243964e-05,0.0027270475,1990551
20150327,15:15:00.000,BBG000C1FB75,0.009458053,0.01085754,291763
20150327,15:15:00.000,BBG000BJ3PD2,0.00015010161,-1.9907073e-07,916681
20150327,15:15:00.000,BBG000BHLYS1,0.010307608,0.01666744,3699727
20150327,15:15:00.000,BBG000JWD753,-0.0032802487,-0.00073105306,2203024
20150327,15:15:00.000,BBG000BXMFC3,-0.008843415,-0.008948622,1680218
20150327,15:15:00.000,BBG000CGQ6M4,0.0020682514,-0.002820379,607753
20150327,15:15:00.000,BBG000DNTSP4,0.007998544,-0.0011116642,2391245
20150327,15:15:00.000,BBG000BFXHL6,-0.013172277,-0.014553222,2462217
20150327,15:15:00.000,BBG000BJL3N0,0.00059746904,-0.006325772,5651744
20150327,15:15:00.000,BBG000JG0547,-0.0005333351,0.0034951156,921478
20150327,15:15:00.000,BBG000BWSV34,0.0048038284,0.010354813,320219
20150327,15:15:00.000,BBG000BB6WG8,-0.0041198437,0.0021590784,1838173
20150327,15:15:00.000,BBG000BCWCG1,-0.013245945,-0.0005205,3347194
20150327,15:15:00.000,BBG000BB9KF2,0.0068448344,0.010843442,1834529
20150327,15:15:00.000,BBG000C3HSR0,-0.014470623,-0.012592419,851567
20150327,15:15:00.000,BBG000BFMBQ6,0.00792041,0.021151183,1094648
20150327,15:15:00.000,BBG000BP0KQ8,0.022686014,0.036200963,2526991
20150327,15:15:00.000,BBG000BQWPC5,-0.005675281,0.00163765,1094801
20150327,15:15:00.000,BBG001YMS0B8,0.03956126,0.048935585,23970604
20150327,15:15:00.000,BBG000C0LW92,0.0074773706,0.021209555,4302965
20150327,15:15:00.000,BBG000MDCQC2,0.0027917898,0.010657568,1253913
20150327,15:15:00.000,BBG000BK67C7,-0.003511283,0.0019683691,533248
20150327,15:15:00.000,BBG000BY29C7,0.009519814,0.015731012,1435521
20150327,15:15:00.000,BBG000BSLZY7,0.015770247,0.012765976,4661379
20150327,15:15:00.000,BBG000BLKK03,-0.0032449756,0.009061987,1150812
20150327,15:15:00.000,BBG000C2BXK4,-0.01620264,-0.0074752183,8098851
20150327,15:15:00.000,BBG000BCZYD3,-0.004530629,0.00977719,649611
20150327,15:15:00.000,BBG000R7RDB4,0.008591118,0.0042484305,977053
20150327,15:15:00.000,BBG000C3GN47,-0.0055788755,-0.010350483,3097902
20150327,15:15:00.000,BBG000BMW2Z0,-0.0046711895,-4.7415957e-05,772712
20150327,15:15:00.000,BBG000BKFZM4,0.005824197,0.010238701,3025955
20150327,15:15:00.000,BBG000G2R6M0,0.009046987,-0.00053774694,5722271
20150327,15:15:00.000,BBG000C1S2X2,0.002273516,0.025294112,991731
20150327,15:15:00.000,BBG000F0KF42,-0.007869997,-0.015694462,1744991
20150327,15:15:00.000,BBG000CS7CT9,-0.005908057,0.005067881,1805304
20150327,15:15:00.000,BBG000CPQZ77,-0.013794251,-0.0038356534,1691244
20150327,15:15:00.000,BBG000C8H633,-0.010353025,-0.018571973,3921702
20150327,15:15:00.000,BBG000JH6683,0.01121718,0.044157412,2820219
20150327,15:15:00.000,BBG000BLBXT4,-0.004718806,0.003538288,3540059
20150327,15:15:00.000,BBG000BB07P9,0.02196892,0.011497842,8011076
20150327,15:15:00.000,BBG000BX3TD3,0.011398073,-0.0028195123,4144909
20150327,15:15:00.000,BBG000F80SZ5,0.008894549,0.01766671,3995051
20150327,15:15:00.000,BBG000BKFBD7,-8.539215e-05,-0.0040035686,1201855
20150327,15:15:00.000,BBG000BPWXK1,0.017439319,0.010833179,3892877
20150327,15:15:00.000,BBG000BH5LT6,-0.021283012,-0.049625028,7736421
20150327,15:15:00.000,BBG000BBD070,-0.014402864,-0.022065176,1338930
20150327,15:15:00.000,BBG000BWJFZ4,-0.018407477,-0.017303644,374350
20150327,15:15:00.000,BBG000BWNFZ9,-0.005300337,-0.010891711,1418185
20150327,15:15:00.000,BBG000BH3JF8,0.00038691537,0.0052181627,1395405
20150327,15:15:00.000,BBG000C0HQ54,0.014607246,0.027614294,1782528
20150327,15:15:00.000,BBG000FL1TC8,-0.0055667693,-0.0031501423,1111447
20150327,15:15:00.000,BBG000BV8DN6,0.0016959116,0.006662751,1989743
20150327,15:15:00.000,BBG0029SNR63,-0.0019685582,0.0052488344,1064036
20150327,15:15:00.000,BBG000DYGNW7,-0.0052707726,0.00048617533,502729
20150327,15:15:00.000,BBG000QW7VC1,-0.0027557453,0.0006564175,1277150
20150327,15:15:00.000,BBG000BFQYY3,-0.006257205,-0.0018906441,1264986
20150327,15:15:00.000,BBG000BGVW60,-0.0043639047,-1.4356371e-07,1342446
20150327,15:15:00.000,BBG000C1BW00,-0.00370356,0.008800337,788463
20150327,15:15:00.000,BBG000BJ81C1,0.0061754617,0.0032306444,919511
20150327,15:15:00.000,BBG000BFDXW1,0.00095806405,-0.0007118216,3755489
20150327,15:15:00.000,BBG000BSC0K9,-0.0004019799,0.010491221,1154245
20150327,15:15:00.000,BBG000BD8PN9,-0.0022349765,-0.003517946,3074000
20150327,15:15:00.000,BBG000DSMS70,-0.010450567,0.015102435,468409
20150327,15:15:00.000,BBG000BQ5DS5,0.0017930379,-0.0038497716,1928872
20150327,15:15:00.000,BBG000G30YX4,0.013951429,0.036293343,1097334
20150327,15:15:00.000,BBG000BQ2C28,-0.00029433827,0.0075031086,863783
20150327,15:15:00.000,BBG000BN2DC2,0.0019103672,0.007726557,1254625
20150327,15:15:00.000,BBG000LD9JQ8,-0.008811709,-0.0067006373,670347
20150327,15:15:00.000,BBG000BGKTF9,0.0064844266,0.000891823,1632529
20150327,15:15:00.000,BBG000BBVJZ8,-0.007961957,-0.013818631,1485747
20150327,15:15:00.000,BBG000D9D830,-0.003984438,-0.004034116,3164460
20150327,15:15:00.000,BBG000BJSBJ0,0.0022817515,0.0065207286,883077
20150327,15:15:00.000,BBG000BH1NH9,0.0010897096,5.6457837e-05,1487673
20150327,15:15:00.000,BBG000BVDLH9,-0.005923369,0.004769954,739965
20150327,15:15:00.000,BBG000FJLFX8,0.0024612693,0.0126973875,1041505
20150327,15:15:00.000,BBG000MZFMS2,-0.017822254,0.0003172172,648939
20150327,15:15:00.000,BBG000C4DPX1,0.0012696357,0.011465323,1395309
20150327,15:15:00.000,BBG000C0MF34,0.014071172,0.010472922,466363
20150327,15:15:00.000,BBG000QBR5J5,0.0024938488,-0.0015849393,1882452
20150327,15:15:00.000,BBG000BCVJ77,-0.0001073066,0.006321606,1330755
20150327,15:15:00.000,BBG000QX74T1,0.0033834022,0.004786055,225320
20150327,15:15:00.000,BBG000BBDV81,0.0010645118,0.008396361,1807860
20150327,15:15:00.000,BBG000HCJMF9,-0.0048991363,-0.012429456,1238271
20150327,15:15:00.000,BBG000C46HM9,-0.0016127018,0.0060062953,1534217
20150327,15:15:00.000,BBG000BGPTV6,0.0024306062,0.0032536592,563712
20150327,15:15:00.000,BBG000BRD0D8,0.0013865113,-0.0054049795,1988948
20150327,15:15:00.000,BBG000BGJRC8,0.0033336044,-0.0018032652,4532446
20150327,15:15:00.000,BBG000DHSPT0,0.01452823,0.009217599,1183087
20150327,15:15:00.000,BBG000J6XT05,-0.0026341677,-0.0012290352,3798047
20150327,15:15:00.000,BBG000BH3GZ2,0.00047605045,-0.0008910331,1162370
20150327,15:15:00.000,BBG000BTR593,0.003138758,-0.010205645,3585748
20150327,15:15:00.000,BBG000B9ZXB4,-0.0011116455,0.0062356195,1953919
20150327,15:15:00.000,BBG000BL4504,-0.0063150898,-0.016156277,17204442
20150327,15:15:00.000,BBG000BNBDC2,-0.004380691,0.002314839,2729103
20150327,15:15:00.000,BBG000C734W3,-0.0043625925,0.019247537,496670
20150327,15:15:00.000,BBG000BWLMJ4,0.0023692448,0.012080702,2302290
20150327,15:15:00.000,BBG000H556T9,0.0048626265,0.0045997594,2171683
20150327,15:15:00.000,BBG000BVPPM1,-0.016624734,-0.01107802,882078
20150327,15:15:00.000,BBG000BCG930,0.008829715,0.021119358,921336
20150327,15:15:00.000,BBG000BJF1Z8,-0.008774149,-0.004560986,543769
20150327,15:15:00.000,BBG000BND699,0.008682173,0.013180752,3614873
20150327,15:15:00.000,BBG000BD4VG8,-0.0055311215,-0.0028640626,1672852
20150327,15:15:00.000,BBG000BC2C10,-0.00016917595,-0.007188098,2385144
20150327,15:15:00.000,BBG000NV1KK7,-0.003554832,0.004145081,2785958
20150327,15:15:00.000,BBG000BLZRJ2,0.005064548,0.004213772,5744544
20150327,15:15:00.000,BBG000F6H8W8,-0.0038758968,0.0041635116,843511
20150327,15:15:00.000,BBG000BMY992,-0.008576662,0.0040736008,1575934
20150327,15:15:00.000,BBG000BT9DW0,0.0061869943,0.0057150233,3765507
20150327,15:15:00.000,BBG000PX3XC0,-0.0053681657,-0.025059154,8693606
20150327,15:15:00.000,BBG000BWXBC2,-0.009719039,-0.0069617447,3274931
20150327,15:15:00.000,BBG000BB6KF5,0.0020306983,-0.0053367456,2766023
20150327,15:15:00.000,BBG000FFDM15,0.0020194692,-0.003833386,3154291
20150327,15:15:00.000,BBG000KLB4Q1,0.038064655,0.049121648,7455636
20150327,15:15:00.000,BBG001DCCGR8,-0.012602728,-0.012587631,1364007
20150327,15:15:00.000,BBG000BVV7G1,0.0036222541,0.0025105062,2515949
20150327,15:15:00.000,BBG000BHGDH5,0.002645593,0.0067249644,2377739
20150327,15:15:00.000,BBG000BWVCP8,0.008636436,0.00060988683,2953570
20150327,15:15:00.000,BBG000C15T95,-0.007832479,-0.0050002704,1518371
20150327,15:15:00.000,BBG000D4LWF6,0.006162343,0.014026177,10658505
20150327,15:15:00.000,BBG000B9WH86,-0.0008689064,-0.013193124,11797662
20150327,15:15:00.000,BBG000Q9HH23,-0.0056373123,0.0030489434,422925
20150327,15:15:00.000,BBG00286S4N9,-0.005811956,-0.012682845,1181011
20150327,15:15:00.000,BBG000BHX7N2,0.00012766133,-0.0024796375,2516255
20150327,15:15:00.000,BBG000L9CV04,-0.0035812638,0.000104957915,1757375
20150327,15:15:00.000,BBG000BH13K9,0.001568687,-0.00069657795,2983220
20150327,15:15:00.000,BBG000FG3C43,-0.022880245,-0.03172394,10751395
20150327,15:15:00.000,BBG000C496P7,0.005396781,0.004344689,3395341
20150327,15:15:00.000,BBG000BXRPH1,0.01001317,0.0022561671,1074376
20150327,15:15:00.000,BBG000BNJHS8,-0.0040503056,0.022930026,4057343
20150327,15:15:00.000,BBG000BBPFB9,0.0035866264,0.0026780807,11142412
20150327,15:15:00.000,BBG000WCFV84,-0.010102589,-0.016502125,2363731
20150327,15:15:00.000,BBG0019JZ882,0.0046755844,0.00048417668,4083932
20150327,15:15:00.000,BBG000H89QJ6,-0.007530573,-0.008075531,1163012
20150327,15:15:00.000,BBG000BFWKC0,0.0073880553,0.003964159,1774044
20150327,15:15:00.000,BBG000C5HS04,-0.005565896,0.0049325097,1343674
20150327,15:15:00.000,BBG000BJX8C8,0.014622082,0.0069465637,4206251
20150327,15:15:00.000,BBG000BNDN65,-0.005182794,0.009745664,2283859
20150327,15:15:00.000,BBG000BP52R2,-0.0008907673,0.005350796,1094682
20150327,15:15:00.000,BBG000M65M61,0.016883384,0.04156757,3214947
20150327,15:15:00.000,BBG000BP6LJ8,-0.0018633022,0.0052000983,5196705
20150327,15:15:00.000,BBG000F0PF65,-0.0002857393,0.002832237,1583539
20150327,15:15:00.000,BBG000H8TVT2,0.0072260285,0.014169208,2425838
20150327,15:15:00.000,BBG000DQLV23,-0.0013443223,0.006769378,2961164
20150327,15:15:00.000,BBG000BHBK84,0.029503329,0.032087408,14201030
20150327,15:15:00.000,BBG000DLFM21,-0.013570216,0.0023933153,756022
20150327,15:15:00.000,BBG000BJDB15,-0.021216184,-0.036914505,15716838
20150327,15:15:00.000,BBG000CTQBF3,-0.0039469176,-4.9068007e-07,2860432
20150327,15:15:00.000,BBG000BQQ2S6,-0.0012535024,-0.01207362,2211707
20150327,15:15:00.000,BBG000BHVJJ3,-0.015945595,-0.022845984,21609342
20150327,15:15:00.000,BBG000F1ZSQ2,-0.009459669,-0.0072207786,3208852
20150327,15:15:00.000,BBG000BQPC32,-0.00435918,-0.008122521,41878744
20150327,15:15:00.000,BBG000C43RR5,0.0020555756,0.0036507333,3568374
20150327,15:15:00.000,BBG000CH5208,0.0049519837,0.013672864,1545845
20150327,15:15:00.000,BBG000J2XL74,0.0022878656,0.0032752715,3238517
20150327,15:15:00.000,BBG000BC40Y8,-0.0060524526,-0.011773314,1670597
20150327,15:15:00.000,BBG000KHWT55,-0.014775573,-0.020615049,14569510
20150327,15:15:00.000,BBG000BW8S60,0.0014466256,0.006117192,1784383
20150327,15:15:00.000,BBG000BZ9223,-0.002405964,-0.008428541,1738643
20150327,15:15:00.000,BBG000DWYF03,-0.0033454946,-0.004713645,5081387
20150327,15:15:00.000,BBG000BBGGQ1,-0.026712997,-0.028406907,4576331
20150327,15:15:00.000,BBG000BBDZG3,0.002199146,-0.0020304788,4043683
20150327,15:15:00.000,BBG000BQLTW7,-0.011224987,-0.011864593,11963234
20150327,15:15:00.000,BBG000NDYB67,3.3376098e-06,-0.0034818095,6509406
20150327,15:15:00.000,BBG000C6CFJ5,0.0053265574,0.0027487187,1037395
20150327,15:15:00.000,BBG000BGRY34,-0.0035764768,0.0061751716,2601042
20150327,15:15:00.000,BBG000DH7JK6,-0.0025902432,0.0029808986,2818584
20150327,15:15:00.000,BBG000BW3299,0.007998392,0.0034196314,4401633
20150327,15:15:00.000,BBG000DWG505,0.0049189115,0.0041946224,2092044
20150327,15:15:00.000,BBG000BF0K17,-0.00015752247,-0.006260031,4156581
20150327,15:15:00.000,BBG000R7Z112,-0.0058348,0.015650641,5529687
20150327,15:15:00.000,BBG000BCSST7,-0.0009704397,0.004353119,1718706
20150327,15:15:00.000,BBG000BQQH30,0.0010705079,-0.0067972774,3215930
20150327,15:15:00.000,BBG000BCQZS4,0.0027654134,-0.0053505944,6438000
20150327,15:15:00.000,BBG000BMX289,-0.013234315,-0.008922767,9528799
20150327,15:15:00.000,BBG000BNWG87,0.0009834296,0.010309419,2916182
20150327,15:15:00.000,BBG000BBS2Y0,-0.0040771607,0.016783467,1452920
20150327,15:15:00.000,BBG000BH4R78,-0.0020570832,0.0025169852,3829714
20150327,15:15:00.000,BBG005P7Q881,0.0011928738,0.026724225,6559397
20150327,15:15:00.000,BBG000BKZB36,0.0012747046,0.013124388,2505232
20150327,15:15:00.000,BBG000GFFQN9,0.01405771,0.016862957,16981284
20150327,15:15:00.000,BBG0025Y4RY4,0.0039215763,0.0066325474,4833586
20150327,15:15:00.000,BBG000BFC8J2,-0.008783865,0.015041995,3970850
20150327,15:15:00.000,BBG000H6HNW3,-0.0063152197,0.004406007,12446522
20150327,15:15:00.000,BBG000BNSZP1,-0.0036856544,-0.005746192,2588333
20150327,15:15:00.000,BBG000N9MNX3,-0.0422683,-0.042356934,6694980
20150327,15:15:00.000,BBG000BPD168,-0.00076087384,0.0038195243,4115767
20150327,15:15:00.000,BBG000BKTFN2,0.0021091148,-0.0030113142,7290938
20150327,15:15:00.000,BBG000C17X76,-0.01274542,0.009287841,1275747
20150327,15:15:00.000,BBG000BR2TH3,-0.004536394,-0.0015216599,3937561
20150327,15:15:00.000,BBG000PSKYX7,-0.0075400095,-0.0035807353,4281771
20150327,15:15:00.000,BBG000BT41Q8,0.009484729,-0.001021852,3685352
20150327,15:15:00.000,BBG000C5Z1S3,-0.014934178,-0.019876428,18371448
20150327,15:15:00.000,BBG000BLNNH6,0.0016562475,-0.0028951892,2164076
20150327,15:15:00.000,BBG000BFT2L4,0.0020809644,0.0017884874,8716290
20150327,15:15:00.000,BBG000CGC1X8,0.00011536337,-0.004020425,5734260
20150327,15:15:00.000,BBG000HS77T5,0.0068511385,0.0018598097,7073163
20150327,15:15:00.000,BBG000C3J3C9,0.0033394662,0.0029546095,12738119
20150327,15:15:00.000,BBG000FH8PX5,4.775031e-05,0.012509078,1414219
20150327,15:15:00.000,BBG000BLBVN4,-0.004512988,-0.0028616528,313133
20150327,15:15:00.000,BBG000BSJK37,0.0021298004,-0.0033509678,12589660
20150327,15:15:00.000,BBG000CL9VN6,-0.016999824,-0.010175918,1961002
20150327,15:15:00.000,BBG000BVPV84,0.008165349,0.013027743,1778819
20150327,15:15:00.000,BBG000K4ND22,0.0017916997,-0.010259299,3646503
20150327,15:15:00.000,BBG000BWQFY7,0.00020749492,-0.006975555,8224835
20150327,15:15:00.000,BBG002W96FT9,-0.0072672386,-0.007348713,1398606
20150327,15:15:00.000,BBG000BMHYD1,0.00094231457,0.004294457,3181400
20150327,15:15:00.000,BBG000BR2B91,0.004575508,0.011118916,13749373
20150327,15:15:00.000,BBG000BK6MB5,0.0007206215,0.0016120696,17479130
20150327,15:15:00.000,BBG000FY4S11,0.003659278,-0.0033199247,11706584
20150327,15:15:00.000,BBG000DMBXR2,0.0071348757,-3.4558605e-07,7498802
20150327,15:15:00.000,BBG000C0G1D1,0.003350988,-0.0033246814,19046764
20150327,15:15:00.000,BBG000BHSKN9,-0.009317562,-0.0067426376,1189798
20150327,15:15:00.000,BBG000CKGBP2,-0.016483868,0.0046517407,5599622
20150327,15:15:00.000,BBG000GZQ728,-0.0012274763,-0.0099626025,6647202
20150327,15:15:00.000,BBG000BPH459,-0.006427433,-0.0082509145,20341576
20150327,15:15:00.000,BBG000BCTLF6,-0.0025956505,-0.008427798,54665408
20150327,15:15:00.000,BBG000MM2P62,-0.00054985535,0.0060824547,14378875
20150327,15:15:00.000,BBG000B9XRY4,-0.007922707,-0.008046765,28362596
20150327,15:30:00.000,BBG000CNZC55,-0.010295933,0.0021656388,3864306
20150327,15:30:00.000,BBG000FH5YM1,0.0028192997,0.0054903757,3723075
20150327,15:30:00.000,BBG000BLM0V1,-0.0034187112,-0.0021091793,493156
20150327,15:30:00.000,BBG000HGYNZ9,-0.0069416156,-0.017744381,2320750
20150327,15:30:00.000,BBG000BF6RQ9,0.012583989,0.03481478,769321
20150327,15:30:00.000,BBG000BFV115,0.005143603,-0.006264362,1105008
20150327,15:30:00.000,BBG0015XMW40,0.010613178,0.0064543593,490232
20150327,15:30:00.000,BBG000FBMY72,-0.007911108,-0.012990515,1898569
20150327,15:30:00.000,BBG000BDWKC5,0.009458085,0.012879251,1738226
20150327,15:30:00.000,BBG000G6BN50,0.012709764,0.010842811,370512
20150327,15:30:00.000,BBG000BLDV98,-0.0072719837,0.0012504887,1163240
20150327,15:30:00.000,BBG000R0L5J4,1.6570886e-05,-0.00046991612,570459
20150327,15:30:00.000,BBG006NV2Q11,-0.010692816,-0.012073733,2414880
20150327,15:30:00.000,BBG000BC2R71,-0.0011158525,-0.006294287,1052594
20150327,15:30:00.000,BBG000BN1XR3,0.0008819084,0.009467692,355651
20150327,15:30:00.000,BBG000GPXKX9,-0.008718102,-0.0026531455,327803
20150327,15:30:00.000,BBG000DV7MX4,-0.006064798,-0.0034410942,4703984
20150327,15:30:00.000,BBG000BGRKT6,-0.008663536,0.0005990261,400732
20150327,15:30:00.000,BBG000BB5BF6,-0.018022645,-0.012767475,4664198
20150327,15:30:00.000,BBG000BVB8Q0,0.009204309,0.006566022,9595545
20150327,15:30:00.000,BBG000DGPR66,0.011453515,0.019683035,1230286
20150327,15:30:00.000,BBG000BQ74K1,-0.0035458303,-0.005242887,423061
20150327,15:30:00.000,BBG000RNTSX0,0.0006474881,0.009132703,341186
20150327,15:30:00.000,BBG000N746D6,0.011517301,0.012019474,2080791
20150327,15:30:00.000,BBG000CR90K4,0.02796563,0.024717728,22151504
20150327,15:30:00.000,BBG000BVL2G3,0.010265154,0.0066862144,1289608
20150327,15:30:00.000,BBG000BPQVR5,-0.005142562,-0.0040554847,450994
20150327,15:30:00.000,BBG000CB8Q50,0.0030446835,0.0069023464,383718
20150327,15:30:00.000,BBG000D42FJ0,0.002831701,-0.012988293,1455881
20150327,15:30:00.000,BBG003641015,-0.0065579754,0.00024334446,1170614
20150327,15:30:00.000,BBG000CPHYL4,0.0035159464,0.0048387493,913486
20150327,15:30:00.000,BBG000BKL348,0.002701641,0.005252051,295249
20150327,15:30:00.000,BBG000BMF5J0,-0.01355425,-0.003924104,3804976
20150327,15:30:00.000,BBG000BCHG15,0.0054068873,0.009097604,334302
20150327,15:30:00.000,BBG000BJKPG0,-0.0062267077,0.00031850618,412773
20150327,15:30:00.000,BBG000HS74G6,-0.008021944,-0.0119238915,858285
20150327,15:30:00.000,BBG000BVHBM1,-0.0031812298,0.023730922,1295948
20150327,15:30:00.000,BBG002PHSYX9,-0.021312557,-0.021735553,785410
20150327,15:30:00.000,BBG000D2ZTS8,-0.005279747,0.0092620915,2026030
20150327,15:30:00.000,BBG000BGYMH7,-0.0062724235,-0.0023215318,483429
20150327,15:30:00.000,BBG000PV2L86,0.0009952711,0.013905532,756217
20150327,15:30:00.000,BBG000FQ6PY6,0.0025984722,0.0033133463,733666
20150327,15:30:00.000,BBG000R06BX2,0.004107053,0.0055800313,1340066
20150327,15:30:00.000,BBG000BCWKD6,0.0009527088,0.00092658016,1476822
20150327,15:30:00.000,BBG000CPBCL8,0.0024596653,-0.0019617442,587155
20150327,15:30:00.000,BBG000B9X8C0,0.004412937,0.010260089,1118095
20150327,15:30:00.000,BBG000BDY3Y7,-0.0106695555,-0.009173416,508613
20150327,15:30:00.000,BBG001XJRMF5,-0.0019764039,-0.0058704433,1722888
20150327,15:30:00.000,BBG000BJ26K7,0.01630484,0.009118575,1206728
20150327,15:30:00.000,BBG000BQ87N0,-0.0014419447,0.005610155,701789
20150327,15:30:00.000,BBG000C37332,0.0062855873,0.005424871,439583
20150327,15:30:00.000,BBG000C4ZZ10,0.0046397843,0.0097439205,720117
20150327,15:30:00.000,BBG000BPNP00,0.0053605675,0.004128816,966458
20150327,15:30:00.000,BBG000BXBHJ4,-0.007512609,-0.01743535,1117649
20150327,15:30:00.000,BBG000FDBX90,0.0117612975,0.009300522,2369467
20150327,15:30:00.000,BBG000BKNX95,0.0064968206,0.006119698,1352121
20150327,15:30:00.000,BBG000BV4XJ1,0.0044481596,0.030746507,394904
20150327,15:30:00.000,BBG000MQ1SN9,0.004212744,0.007521969,571020
20150327,15:30:00.000,BBG000KBQZ88,-0.005900824,-0.0004126001,878760
20150327,15:30:00.000,BBG000BXNJ07,-0.0041088862,-0.004247153,4660193
20150327,15:30:00.000,BBG000DLVDK3,0.0028156526,-0.004799562,1610987
20150327,15:30:00.000,BBG000BB03M1,0.029551303,0.015173775,1515896
20150327,15:30:00.000,BBG000BWGYF8,-0.0030445778,0.002440015,377027
20150327,15:30:00.000,BBG000BPZBB6,0.027788471,0.027807318,2000303
20150327,15:30:00.000,BBG000JKCWS0,0.0028499144,-0.005653235,516981
20150327,15:30:00.000,BBG000BNPSQ9,0.029204413,0.063001096,1167385
20150327,15:30:00.000,BBG000C060M4,-0.0025789815,-0.0057391473,225834
20150327,15:30:00.000,BBG000BFDLV8,0.0029603562,0.014171132,661351
20150327,15:30:00.000,BBG000C2V3D6,0.0017894062,0.009356964,940280
20150327,15:30:00.000,BBG000BC9938,-0.0018015689,-0.003950474,634355
20150327,15:30:00.000,BBG000C22QV7,-0.0036949723,0.003996067,911542
20150327,15:30:00.000,BBG000BMTFR4,-0.0025379907,-0.0013689502,1149125
20150327,15:30:00.000,BBG000BKTT89,-0.0044471384,-0.0006391812,312684
20150327,15:30:00.000,BBG000BWXL85,0.0063187955,0.01147803,2036985
20150327,15:30:00.000,BBG0014GG205,0.03748728,0.03285903,6498699
20150327,15:30:00.000,BBG000BGFZR8,0.0016946222,0.0072127203,1129153
20150327,15:30:00.000,BBG000V31J96,0.008399444,0.011144534,2595174
20150327,15:30:00.000,BBG000BNNKG9,0.0032771823,0.013154225,1832974
20150327,15:30:00.000,BBG000BSSC44,-0.008599759,-0.018512223,837383
20150327,15:30:00.000,BBG000BSY3K9,-0.0073354864,-0.00010718627,367199
20150327,15:30:00.000,BBG000BPMH90,-0.0042872345,-0.011294613,759659
20150327,15:30:00.000,BBG000BX5ZF5,-0.017497843,-0.01641411,4307074
20150327,15:30:00.000,BBG000BR37X2,0.007066319,0.0025982002,1592574
20150327,15:30:00.000,BBG000C9F2F9,-0.015617907,0.009370707,1070662
20150327,15:30:00.000,BBG000D9KWL9,0.011706839,0.005197154,703744
20150327,15:30:00.000,BBG000PLXQQ3,-0.003926604,9.552265e-05,436234
20150327,15:30:00.000,BBG000HZFZX3,-0.0022235056,0.005218383,624063
20150327,15:30:00.000,BBG000BDXGP9,0.039366864,0.05036748,4001413
20150327,15:30:00.000,BBG000BB29X4,0.0049594273,0.009439762,945705
20150327,15:30:00.000,BBG001C7TST4,0.0052491296,0.011831548,970708
20150327,15:30:00.000,BBG000BMKDM3,0.0009830613,0.011110642,1318111
20150327,15:30:00.000,BBG000FFH4P5,0.00023695182,0.0038768807,770468
20150327,15:30:00.000,BBG000C75N77,0.0018766089,-0.008550173,615223
20150327,15:30:00.000,BBG000C221G9,-0.0109604765,-0.006443424,706557
20150327,15:30:00.000,BBG000BKXFN7,0.009415441,-0.012569923,2537829
20150327,15:30:00.000,BBG000BWP7D9,0.006540398,0.013713761,1199983
20150327,15:30:00.000,BBG000DY8ZS4,-0.015332667,-0.020627249,4021721
20150327,15:30:00.000,BBG000BFL116,0.0034274582,-0.0029353136,948096
20150327,15:30:00.000,BBG000BKLH74,0.0070879324,0.008727712,1958025
20150327,15:30:00.000,BBG000BS9489,-0.0024135166,0.0015606845,434958
20150327,15:30:00.000,BBG000BP8Z50,-0.0019743447,-0.0028280236,910997
20150327,15:30:00.000,BBG000BS7KS3,0.010547973,0.016140124,1266845
20150327,15:30:00.000,BBG000BMZ7P7,0.004381272,-0.001453306,821753
20150327,15:30:00.000,BBG000FBK808,-0.030100152,-0.04794986,6862339
20150327,15:30:00.000,BBG000R8ZVD1,-0.007645566,0.00250116,2455095
20150327,15:30:00.000,BBG000BLMZK6,-0.008851188,0.010945055,1004259
20150327,15:30:00.000,BBG000BQSQ38,0.006879759,0.01101809,1621323
20150327,15:30:00.000,BBG000BBL0Y1,-0.009302258,0.014552168,676462
20150327,15:30:00.000,BBG001QZCPJ2,0.011420538,0.022618245,1253181
20150327,15:30:00.000,BBG000CVWGS6,0.004503865,0.010678839,2346318
20150327,15:30:00.000,BBG000BCNYT9,0.0029534788,-0.00633335,5145550
20150327,15:30:00.000,BBG000PVRDL2,0.009864711,0.0020332718,2789813
20150327,15:30:00.000,BBG000BJQWD2,-4.5426805e-05,0.004293596,539596
20150327,15:30:00.000,BBG000C9W1Y1,0.0012929576,0.0013580304,1661844
20150327,15:30:00.000,BBG000BJ49H3,0.0034181937,0.0018594586,940928
20150327,15:30:00.000,BBG000BFVXX0,-0.0030193427,0.0052799466,2028592
20150327,15:30:00.000,BBG000FLZN98,-0.0011411994,0.00685628,295763
20150327,15:30:00.000,BBG000FLPRH1,0.005351662,0.0027419024,1254045
20150327,15:30:00.000,BBG000BYWTX7,-0.0009459225,-0.0033414,4288030
20150327,15:30:00.000,BBG000BY33P5,-0.005273331,-0.004035402,2646111
20150327,15:30:00.000,BBG000BBB3K1,0.0088770725,0.018382851,2324919
20150327,15:30:00.000,BBG000DN7P92,0.0071008303,0.014528508,817377
20150327,15:30:00.000,BBG000BBMSJ6,0.007374958,0.0049172197,1203919
20150327,15:30:00.000,BBG000BH2JM1,0.00079352444,0.002149242,3013813
20150327,15:30:00.000,BBG000BFS7D3,-0.003550295,0.0031464305,369299
20150327,15:30:00.000,BBG000CKVSG8,-0.01347365,-0.024439007,2137593
20150327,15:30:00.000,BBG000BB6G37,0.0020750677,0.00087071385,1208355
20150327,15:30:00.000,BBG000BM7HL0,-0.0033694417,0.0011917666,1133106
20150327,15:30:00.000,BBG000BCYP43,-0.0026254994,0.0076507167,355952
20150327,15:30:00.000,BBG000BV75B7,0.0040317555,0.0022606484,789636
20150327,15:30:00.000,BBG000TWC2V5,-0.0015428829,0.008409612,375171
20150327,15:30:00.000,BBG000BLW530,0.0002684639,-0.002324438,1458047
20150327,15:30:00.000,BBG000BKWSR6,-0.0008279227,-0.0045984606,3519717
20150327,15:30:00.000,BBG000C2YHG9,6.5791373e-06,0.003269778,780033
20150327,15:30:00.000,BBG000BRQ6L2,0.006707483,0.035627764,4939144
20150327,15:30:00.000,BBG000BQHGR6,0.0018959035,-0.004876537,908727
20150327,15:30:00.000,BBG000BN9WT5,0.004384067,0.0013155423,952991
20150327,15:30:00.000,BBG000BVWLJ6,-0.0014773234,0.00070262543,799377
20150327,15:30:00.000,BBG000BKQ3V3,-0.015185071,-0.038786273,6405836
20150327,15:30:00.000,BBG000H0QBS7,-0.0068725403,-0.0007753686,1288686
20150327,15:30:00.000,BBG000H4YVR7,0.0015598176,0.028556703,609448
20150327,15:30:00.000,BBG000PYZSR8,-0.011310692,-0.0063271727,381458
20150327,15:30:00.000,BBG007TJF1N7,0.009288977,0.016712656,2001415
20150327,15:30:00.000,BBG000C2ZCH8,0.005271061,0.012506144,1335514
20150327,15:30:00.000,BBG000BTCH57,-0.0071622455,-0.0008212983,941927
20150327,15:30:00.000,BBG000BR54L0,0.0032031923,0.02742288,3474021
20150327,15:30:00.000,BBG000BB5373,0.010854194,0.015475509,4822322
20150327,15:30:00.000,BBG000BHZ5J9,0.010395187,0.0021271426,596788
20150327,15:30:00.000,BBG000CXD6X9,-0.001011936,0.012043761,662783
20150327,15:30:00.000,BBG000BKZTP3,-0.004117691,-0.010585044,1156605
20150327,15:30:00.000,BBG000BB1TH9,-0.0042081503,-0.01322315,653671
20150327,15:30:00.000,BBG000D5S4M0,0.009250113,0.015173398,528678
20150327,15:30:00.000,BBG000BN84F3,-0.0011103144,0.003229871,1317089
20150327,15:30:00.000,BBG000HW5GX3,-0.010210872,-0.01788254,1730417
20150327,15:30:00.000,BBG000CHPY97,-0.015080258,-0.029749377,4558339
20150327,15:30:00.000,BBG000D2M0Z7,0.0065776818,0.012492393,1119254
20150327,15:30:00.000,BBG000BF1R66,0.007367612,0.0037045218,917035
20150327,15:30:00.000,BBG000BJ8YN7,-0.005894202,-0.0069927988,1225717
20150327,15:30:00.000,BBG000G9CGL0,0.0050550746,0.015913628,498569
20150327,15:30:00.000,BBG000BQ8KV2,-0.0020536943,-0.007215087,1134807
20150327,15:30:00.000,BBG000BVMPN3,0.0039314507,-0.0017861432,809304
20150327,15:30:00.000,BBG000BGD7W6,-0.005600796,0.0037849157,797780
20150327,15:30:00.000,BBG000BC15S7,0.0019704623,-0.0001571232,1012344
20150327,15:30:00.000,BBG000Q2HM09,0.031554222,0.03139684,1374558
20150327,15:30:00.000,BBG000BQVTF5,-0.004748433,-0.005135702,871147
20150327,15:30:00.000,BBG000VC0T95,0.0035442524,0.011723273,821281
20150327,15:30:00.000,BBG000F86GP6,0.0015621595,0.0039177933,560448
20150327,15:30:00.000,BBG000BWVSR1,-0.002830357,0.0018743186,834891
20150327,15:30:00.000,BBG000BX8DC4,0.0013467036,0.007833907,792436
20150327,15:30:00.000,BBG000BHCP19,0.0015010652,0.0014518573,896989
20150327,15:30:00.000,BBG000BK6G19,0.0115142055,0.0052562407,1998198
20150327,15:30:00.000,BBG000RGM5P1,-0.0078036585,-0.0039665704,656461
20150327,15:30:00.000,BBG000BF5RY1,-0.0014095292,0.005032477,1207654
20150327,15:30:00.000,BBG000BP4MH0,0.00022746608,-0.00018023512,1186391
20150327,15:30:00.000,BBG000D8RG11,-0.019479722,-0.018251603,3051013
20150327,15:30:00.000,BBG000FP1N32,-0.0057123452,-0.014910318,3785932
20150327,15:30:00.000,BBG000BLHRS2,-0.0013430736,0.008465638,485014
20150327,15:30:00.000,BBG000TJM7F0,-0.014697123,-0.0027804188,1154221
20150327,15:30:00.000,BBG000J1QLT0,-0.015632335,-0.0028734407,618449
20150327,15:30:00.000,BBG000BBBNC6,0.00582342,-0.00078760314,1131830
20150327,15:30:00.000,BBG000BY2Y78,-0.0019806728,-0.005511504,1569394
20150327,15:30:00.000,BBG000BM6788,-0.0040878286,0.0042969403,992982
20150327,15:30:00.000,BBG000C1FQS9,-0.000830939,0.0028098645,437459
20150327,15:30:00.000,BBG000BBJQV0,0.0018967533,0.00047638352,3170027
20150327,15:30:00.000,BBG000BTQR96,-0.0008243846,0.005429524,790683
20150327,15:30:00.000,BBG000CXYSZ6,0.011476922,0.01042467,523973
20150327,15:30:00.000,BBG000BB5792,0.04997758,0.065587565,4407544
20150327,15:30:00.000,BBG000BNGTQ7,-0.0011918964,0.008220322,505199
20150327,15:30:00.000,BBG000BZTW70,-0.00905937,-0.028623251,5299466
20150327,15:30:00.000,BBG000G0Z878,-0.002206863,-0.004982825,1472302
20150327,15:30:00.000,BBG000BFNR17,0.0077942703,0.011289899,240620
20150327,15:30:00.000,BBG002BHBHM1,0.006425685,0.023233805,655484
20150327,15:30:00.000,BBG000BC4JJ4,0.0089309905,0.009592173,657137
20150327,15:30:00.000,BBG000F15NW9,0.0051474664,0.0123113785,439893
20150327,15:30:00.000,BBG000BKR1D6,0.0025326947,0.0027093852,294295
20150327,15:30:00.000,BBG000BCTQ65,-0.0032692964,0.0020409115,4369983
20150327,15:30:00.000,BBG000BNNYW1,-0.008200754,-0.0092280125,5880823
20150327,15:30:00.000,BBG000BBCDZ2,-0.0070593203,-0.003925058,817727
20150327,15:30:00.000,BBG000BRK7L6,0.0066908086,-0.008528107,3164235
20150327,15:30:00.000,BBG000DQTXY6,0.0051179742,0.030353887,2626486
20150327,15:30:00.000,BBG000BRXP69,-0.0026046948,0.010888909,548905
20150327,15:30:00.000,BBG000BL9JQ1,-0.020970406,-0.02862464,1468444
20150327,15:30:00.000,BBG000DTMH63,-0.006117255,-0.02657592,3772290
20150327,15:30:00.000,BBG000BJPDZ1,-0.008327147,-0.0004308433,189078
20150327,15:30:00.000,BBG000BXWBN9,-0.0060893567,0.00020141974,1403361
20150327,15:30:00.000,BBG000C2PW58,-0.00028515933,-0.0015723783,245273
20150327,15:30:00.000,BBG000D13GN8,-0.008014155,-0.0070060673,657607
20150327,15:30:00.000,BBG000BB6M98,-0.0035955098,-0.0054744286,2272035
20150327,15:30:00.000,BBG000BGYWY6,0.0044480455,0.021071047,409816
20150327,15:30:00.000,BBG000BHB3M6,0.0014589919,0.003956212,858096
20150327,15:30:00.000,BBG000G3QLY3,-0.009171471,-0.011628846,661003
20150327,15:30:00.000,BBG000BSBZH7,-0.002667927,0.004674762,608281
20150327,15:30:00.000,BBG000F7RCJ1,0.00036172834,0.016196212,622474
20150327,15:30:00.000,BBG0039320N9,-0.0056424984,0.0052057086,1914890
20150327,15:30:00.000,BBG000BTZQC4,-0.01773039,-0.021941306,2832396
20150327,15:30:00.000,BBG001M8HHB7,-0.003041921,0.00012000159,565301
20150327,15:30:00.000,BBG000CZWZ05,0.08582991,0.11662119,5273693
20150327,15:30:00.000,BBG000QY3XZ2,0.006635148,0.01045754,575897
20150327,15:30:00.000,BBG000BHLYP4,-0.0035045014,-0.0013184623,929844
20150327,15:30:00.000,BBG000CHWP52,0.019857436,0.013253633,2530881
20150327,15:30:00.000,BBG000QFJ7H3,0.009205748,-0.0098970095,6625767
20150327,15:30:00.000,BBG000BFTJ91,0.00087107974,0.0014377467,1076922
20150327,15:30:00.000,BBG000BZ2GG4,0.008125038,0.0024541894,1128529
20150327,15:30:00.000,BBG000FKJRC5,-9.897046e-05,0.0075283814,941580
20150327,15:30:00.000,BBG000BKPL53,0.009030023,0.016685398,985541
20150327,15:30:00.000,BBG000BNC3Y9,-0.0055020177,-0.009206525,633515
20150327,15:30:00.000,BBG000BNFLM9,-0.0036588046,-0.0019675267,1925000
20150327,15:30:00.000,BBG000BWCKB6,-0.004688479,0.0055504534,553817
20150327,15:30:00.000,BBG000BR14K5,0.005872304,0.003209401,878976
20150327,15:30:00.000,BBG0014GJCT9,0.018165926,0.03182809,1551460
20150327,15:30:00.000,BBG000BRRG02,-0.009198269,-0.008943037,1810896
20150327,15:30:00.000,BBG000BP1Q11,-0.008182334,-0.0043193167,674390
20150327,15:30:00.000,BBG000P1F8Q7,-0.017136062,-1.5229776e-07,670240
20150327,15:30:00.000,BBG000BCVMH9,-0.005364864,-0.0095244665,697745
20150327,15:30:00.000,BBG000D7RKJ5,0.0029453633,0.007239148,1003600
20150327,15:30:00.000,BBG000FNRZ69,0.017839314,0.007277308,3378146
20150327,15:30:00.000,BBG000BTKGG8,0.0017562923,-0.005159976,1366658
20150327,15:30:00.000,BBG001QD41M9,0.0009912198,0.0070235087,963408
20150327,15:30:00.000,BBG000D9DMK0,0.0056663956,0.0100954855,851332
20150327,15:30:00.000,BBG000BH5DV1,-0.0034577984,0.0009797133,714169
20150327,15:30:00.000,BBG000BMQPL1,-0.0069764243,-0.012018015,5732207
20150327,15:30:00.000,BBG000BMDV41,-0.0074491203,-0.0034549711,1106253
20150327,15:30:00.000,BBG000BQZMH4,0.00042163423,0.0048575234,1204629
20150327,15:30:00.000,BBG000BS0ZF1,-0.0053159436,-0.008826461,387652
20150327,15:30:00.000,BBG000BGLRN3,-0.008679927,-0.012725835,2269839
20150327,15:30:00.000,BBG000C0F570,-0.0016062885,-0.004251046,1889665
20150327,15:30:00.000,BBG000D6L294,-0.0055762585,-0.009990447,642121
20150327,15:30:00.000,BBG000BM5SR2,0.0018251806,0.0005528566,1285334
20150327,15:30:00.000,BBG000BYYLS8,-0.0011356714,-0.00543092,2701219
20150327,15:30:00.000,BBG000BF6LY3,0.053234063,0.06391404,9803394
20150327,15:30:00.000,BBG000BCBCM7,0.00040348418,0.006244379,3959571
20150327,15:30:00.000,BBG000BJ2VQ6,0.0081753,-0.021202521,3320819
20150327,15:30:00.000,BBG000BJ98Z0,-0.011016761,0.0009935636,1018132
20150327,15:30:00.000,BBG000BLCPY4,0.006831523,-0.018092958,1112314
20150327,15:30:00.000,BBG000D898T9,0.0018763549,0.0097575905,1144601
20150327,15:30:00.000,BBG000BMBL90,0.0031393252,0.0071331747,1291000
20150327,15:30:00.000,BBG000BSXQV7,-0.0006545071,0.007514901,357273
20150327,15:30:00.000,BBG000FVXD63,0.023034677,0.011344081,1883831
20150327,15:30:00.000,BBG000BVMGF2,-0.0009146233,-0.0028471935,1181769
20150327,15:30:00.000,BBG000C11MQ5,-0.032500077,0.0023981428,566795
20150327,15:30:00.000,BBG000BPQD31,-0.009345016,-0.002746648,2818648
20150327,15:30:00.000,BBG000BB5006,-0.00079075346,0.0039739097,1426810
20150327,15:30:00.000,BBG000BHKYH4,-0.0017167464,1.6517127e-08,700654
20150327,15:30:00.000,BBG000D1QCF1,-0.0026282317,-0.010056659,1252966
20150327,15:30:00.000,BBG000CSY9H9,0.009363643,0.020124562,1447200
20150327,15:30:00.000,BBG000BRJ809,0.008015814,0.007950816,413234
20150327,15:30:00.000,BBG000CNFQW6,0.004065857,0.009793341,455156
20150327,15:30:00.000,BBG000BXM6V2,-0.0025529484,0.011573114,1226248
20150327,15:30:00.000,BBG000BCGY17,0.010484373,0.018075626,2920808
20150327,15:30:00.000,BBG000DKCC19,-0.012427828,-0.0010480037,1755581
20150327,15:30:00.000,BBG000BKCFC2,0.0058039287,0.016679171,3340568
20150327,15:30:00.000,BBG000BTVJ25,0.0020930755,0.0060704043,2595453
20150327,15:30:00.000,BBG000BN5HF7,-0.001645822,0.021450939,1116196
20150327,15:30:00.000,BBG000Q3JN03,0.0023177173,-0.008589022,11742656
20150327,15:30:00.000,BBG0020B4JG7,0.0028984316,0.010940124,3064061
20150327,15:30:00.000,BBG000BR3KL6,0.0025965432,0.0057506324,484851
20150327,15:30:00.000,BBG000BRWGG9,0.03777649,0.056131672,31730580
20150327,15:30:00.000,BBG001LWHLJ8,-0.01351197,-0.015156573,4189374
20150327,15:30:00.000,BBG000C7LMS8,0.012820595,0.028615108,318528
20150327,15:30:00.000,BBG000BPT0C6,0.011197276,-0.0010430432,2637326
20150327,15:30:00.000,BBG000BSD7C2,0.0034105026,0.010340828,933930
20150327,15:30:00.000,BBG000BRJL00,0.00037012933,0.0030300159,2097747
20150327,15:30:00.000,BBG000C1FB75,0.008255315,0.009138541,307570
20150327,15:30:00.000,BBG000BJ3PD2,0.00010611728,0.000374677,960382
20150327,15:30:00.000,BBG000BHLYS1,0.010215161,0.016327316,3785832
20150327,15:30:00.000,BBG000JWD753,-0.0024164852,9.163027e-05,2294758
20150327,15:30:00.000,BBG000BXMFC3,-0.0102493875,-0.011803118,1800725
20150327,15:30:00.000,BBG000CGQ6M4,0.0018772954,-0.0034424753,703721
20150327,15:30:00.000,BBG000DNTSP4,0.008434902,-0.0013895602,2570655
20150327,15:30:00.000,BBG000BFXHL6,-0.013973653,-0.015623144,2642148
20150327,15:30:00.000,BBG000BJL3N0,0.0018977687,-0.005798528,5894508
20150327,15:30:00.000,BBG000JG0547,-4.4962766e-05,0.004324338,969505
20150327,15:30:00.000,BBG000BWSV34,0.005227702,0.009997652,340223
20150327,15:30:00.000,BBG000BB6WG8,-0.0037821778,0.0034546624,1925304
20150327,15:30:00.000,BBG000BCWCG1,-0.011553145,0.0015624913,3516461
20150327,15:30:00.000,BBG000BB9KF2,0.0059436513,0.009939936,1903508
20150327,15:30:00.000,BBG000C3HSR0,-0.014603205,-0.014300965,914655
20150327,15:30:00.000,BBG000BFMBQ6,0.00882869,0.022141337,1140977
20150327,15:30:00.000,BBG000BP0KQ8,0.020917706,0.0344176,2683844
20150327,15:30:00.000,BBG000BQWPC5,-0.005039697,0.0018300384,1133047
20150327,15:30:00.000,BBG001YMS0B8,0.03729279,0.047691416,24922488
20150327,15:30:00.000,BBG000C0LW92,0.008617109,0.021783052,4562186
20150327,15:30:00.000,BBG000MDCQC2,0.0030681088,0.0107913,1311755
20150327,15:30:00.000,BBG000BK67C7,-0.0036256025,0.0025628533,559588
20150327,15:30:00.000,BBG000BY29C7,0.01003135,0.015485345,1497028
20150327,15:30:00.000,BBG000BSLZY7,0.01591153,0.012765881,4974846
20150327,15:30:00.000,BBG000BLKK03,-0.0033638042,0.008833999,1197484
20150327,15:30:00.000,BBG000C2BXK4,-0.014299628,-0.006073712,8330743
20150327,15:30:00.000,BBG000BCZYD3,-0.004204175,0.009707338,680521
20150327,15:30:00.000,BBG000R7RDB4,0.010448441,0.004740666,1019773
20150327,15:30:00.000,BBG000C3GN47,-0.004638712,-0.010695637,3208156
20150327,15:30:00.000,BBG000BMW2Z0,-0.0045542875,0.0008461479,826393
20150327,15:30:00.000,BBG000BKFZM4,0.004784389,0.008903361,3169445
20150327,15:30:00.000,BBG000G2R6M0,0.008513465,-0.0034970199,5888080
20150327,15:30:00.000,BBG000C1S2X2,0.0017560545,0.023466095,1033320
20150327,15:30:00.000,BBG000F0KF42,-0.008102365,-0.016628606,1841308
20150327,15:30:00.000,BBG000CS7CT9,-0.0054441825,0.005601289,1891270
20150327,15:30:00.000,BBG000CPQZ77,-0.01431117,-0.0047943476,1793475
20150327,15:30:00.000,BBG000C8H633,-0.008905763,-0.017814018,4083289
20150327,15:30:00.000,BBG000JH6683,0.0094203595,0.04121357,2875027
20150327,15:30:00.000,BBG000BLBXT4,-0.0036266907,0.0044818693,3700894
20150327,15:30:00.000,BBG000BB07P9,0.020285454,0.007959629,8287929
20150327,15:30:00.000,BBG000BX3TD3,0.01289831,-0.0028194904,4305877
20150327,15:30:00.000,BBG000F80SZ5,0.0069601964,0.016404986,4201282
20150327,15:30:00.000,BBG000BKFBD7,0.0006390729,-0.0034606126,1269461
20150327,15:30:00.000,BBG000BPWXK1,0.015904043,0.006770955,4083196
20150327,15:30:00.000,BBG000BH5LT6,-0.021946479,-0.050930943,7906044
20150327,15:30:00.000,BBG000BBD070,-0.013793548,-0.022355454,1441139
20150327,15:30:00.000,BBG000BWJFZ4,-0.0192651,-0.018986542,388789
20150327,15:30:00.000,BBG000BWNFZ9,-0.005134683,-0.011692631,1466734
20150327,15:30:00.000,BBG000BH3JF8,0.0006899603,0.005929396,1457450
20150327,15:30:00.000,BBG000C0HQ54,0.013653608,0.026076961,1881568
20150327,15:30:00.000,BBG000FL1TC8,-0.0055232425,-0.0038500507,1150028
20150327,15:30:00.000,BBG000BV8DN6,0.0021097925,0.006662777,2135445
20150327,15:30:00.000,BBG0029SNR63,-0.00047761193,0.0047990372,1142206
20150327,15:30:00.000,BBG000DYGNW7,-0.0050587524,0.00030923093,525036
20150327,15:30:00.000,BBG000QW7VC1,-0.0016114897,0.0015759186,1348440
20150327,15:30:00.000,BBG000BFQYY3,-0.0061590406,-0.0010176592,1333665
20150327,15:30:00.000,BBG000BGVW60,-0.004389349,-4.0421106e-08,1383336
20150327,15:30:00.000,BBG000C1BW00,-0.0038032224,0.008974727,824406
20150327,15:30:00.000,BBG000BJ81C1,0.005245493,0.0019196835,974779
20150327,15:30:00.000,BBG000BFDXW1,0.0012932029,-0.00047454386,3910797
20150327,15:30:00.000,BBG000BSC0K9,-0.00071729155,0.009750487,1196996
20150327,15:30:00.000,BBG000BD8PN9,-0.0010767885,-0.0025130517,3291157
20150327,15:30:00.000,BBG000DSMS70,-0.008867628,0.014966742,492843
20150327,15:30:00.000,BBG000BQ5DS5,0.0014900273,-0.004427165,1983348
20150327,15:30:00.000,BBG000G30YX4,0.009503526,0.029761631,1144214
20150327,15:30:00.000,BBG000BQ2C28,0.00020833053,0.0085708,906774
20150327,15:30:00.000,BBG000BN2DC2,0.0021850143,0.0076508103,1365632
20150327,15:30:00.000,BBG000LD9JQ8,-0.008759079,-0.00681896,706417
20150327,15:30:00.000,BBG000BGKTF9,0.007054776,0.0008917818,1739164
20150327,15:30:00.000,BBG000BBVJZ8,-0.009459009,-0.016149623,1584609
20150327,15:30:00.000,BBG000D9D830,-0.0039650076,-0.003821878,3270319
20150327,15:30:00.000,BBG000BJSBJ0,0.0026346915,0.006569531,961697
20150327,15:30:00.000,BBG000BH1NH9,0.0012871565,0.000113722985,1552192
20150327,15:30:00.000,BBG000BVDLH9,-0.005540155,0.004319205,775857
20150327,15:30:00.000,BBG000FJLFX8,0.0026747023,0.012839,1085187
20150327,15:30:00.000,BBG000MZFMS2,-0.017278697,0.00031715675,659762
20150327,15:30:00.000,BBG000C4DPX1,0.0006801745,0.010022256,1446640
20150327,15:30:00.000,BBG000C0MF34,0.01471413,0.009949151,492314
20150327,15:30:00.000,BBG000QBR5J5,0.0022955623,-0.0022889501,1961252
20150327,15:30:00.000,BBG000BCVJ77,0.0003161613,0.0067625525,1400632
20150327,15:30:00.000,BBG000QX74T1,0.003723442,0.005165408,235362
20150327,15:30:00.000,BBG000BBDV81,0.001701351,0.00903618,1942351
20150327,15:30:00.000,BBG000HCJMF9,-0.004992095,-0.012991543,1303207
20150327,15:30:00.000,BBG000C46HM9,-0.0029983022,0.0043465975,1611937
20150327,15:30:00.000,BBG000BGPTV6,0.0020597337,0.002924686,585751
20150327,15:30:00.000,BBG000BRD0D8,0.0015640133,-0.005945465,2065783
20150327,15:30:00.000,BBG000BGJRC8,0.0024877477,-0.0030058562,4854775
20150327,15:30:00.000,BBG000DHSPT0,0.014270217,0.008325766,1255182
20150327,15:30:00.000,BBG000J6XT05,-0.00495101,-0.003381149,4184366
20150327,15:30:00.000,BBG000BH3GZ2,-0.00032523103,-0.0010183569,1232199
20150327,15:30:00.000,BBG000BTR593,-8.457844e-05,-0.014199474,3933870
20150327,15:30:00.000,BBG000B9ZXB4,-0.0005010765,0.0068806955,2064141
20150327,15:30:00.000,BBG000BL4504,-0.0014777203,-0.012643827,18012212
20150327,15:30:00.000,BBG000BNBDC2,-0.004394223,0.0024513789,2831962
20150327,15:30:00.000,BBG000C734W3,-0.005264764,0.01608062,515902
20150327,15:30:00.000,BBG000BWLMJ4,0.0027261442,0.012495215,2423609
20150327,15:30:00.000,BBG000H556T9,0.005732436,0.0055784755,2320135
20150327,15:30:00.000,BBG000BVPPM1,-0.018633043,-0.01425901,977882
20150327,15:30:00.000,BBG000BCG930,0.008399637,0.020629019,972616
20150327,15:30:00.000,BBG000BJF1Z8,-0.008109251,-0.0046817926,571411
20150327,15:30:00.000,BBG000BND699,0.009418576,0.012924449,3734728
20150327,15:30:00.000,BBG000BD4VG8,-0.0051951157,-0.004136763,1743872
20150327,15:30:00.000,BBG000BC2C10,0.0013577852,-0.006352304,2526361
20150327,15:30:00.000,BBG000NV1KK7,-0.0022662424,0.0049473387,2936709
20150327,15:30:00.000,BBG000BLZRJ2,0.006039888,0.0047755702,6163797
20150327,15:30:00.000,BBG000F6H8W8,-0.0038156544,0.0040303906,885411
20150327,15:30:00.000,BBG000BMY992,-0.008004259,0.004336312,1670161
20150327,15:30:00.000,BBG000BT9DW0,0.0067358324,0.00594369,3942490
20150327,15:30:00.000,BBG000PX3XC0,-0.009723206,-0.03013454,9107773
20150327,15:30:00.000,BBG000BWXBC2,-0.010097013,-0.0070838267,3580699
20150327,15:30:00.000,BBG000BB6KF5,0.0018311176,-0.006127351,2896696
20150327,15:30:00.000,BBG000FFDM15,0.00094716996,-0.005228069,3284156
20150327,15:30:00.000,BBG000KLB4Q1,0.038502604,0.04890671,7578041
20150327,15:30:00.000,BBG001DCCGR8,-0.014110955,-0.014966379,1468144
20150327,15:30:00.000,BBG000BVV7G1,0.0036080433,0.0023312874,2642438
20150327,15:30:00.000,BBG000BHGDH5,0.0033660012,0.0075320383,2474652
20150327,15:30:00.000,BBG000BWVCP8,0.007671755,-0.0012168862,3011958
20150327,15:30:00.000,BBG000C15T95,-0.008825116,-0.0061447956,1652607
20150327,15:30:00.000,BBG000D4LWF6,0.007861076,0.016602522,11391342
20150327,15:30:00.000,BBG000B9WH86,-0.003017213,-0.017073585,13267366
20150327,15:30:00.000,BBG000Q9HH23,-0.005887143,0.0020521672,445432
20150327,15:30:00.000,BBG00286S4N9,-0.006142583,-0.014148643,1274439
20150327,15:30:00.000,BBG000BHX7N2,0.0021573242,0.0003538533,2707111
20150327,15:30:00.000,BBG000L9CV04,-0.003314533,-0.00010185307,1831303
20150327,15:30:00.000,BBG000BH13K9,0.001693578,-0.0006965477,3106585
20150327,15:30:00.000,BBG000FG3C43,-0.025007175,-0.034594387,11053602
20150327,15:30:00.000,BBG000C496P7,0.0047300467,0.0028691671,3595893
20150327,15:30:00.000,BBG000BXRPH1,0.0083927885,-0.0005176067,1122042
20150327,15:30:00.000,BBG000BNJHS8,-0.0043122615,0.02130868,4210233
20150327,15:30:00.000,BBG000BBPFB9,0.0041009053,0.0040170313,11691587
20150327,15:30:00.000,BBG000WCFV84,-0.009629441,-0.016729692,2441810
20150327,15:30:00.000,BBG0019JZ882,0.005613911,0.00072645885,4338605
20150327,15:30:00.000,BBG000H89QJ6,-0.005463994,-0.0067914296,1234042
20150327,15:30:00.000,BBG000BFWKC0,0.007815625,0.004008536,1866163
20150327,15:30:00.000,BBG000C5HS04,-0.004339185,0.0050833533,1442130
20150327,15:30:00.000,BBG000BJX8C8,0.013216189,0.0041882815,4516109
20150327,15:30:00.000,BBG000BNDN65,-0.0040880004,0.010706494,2415128
20150327,15:30:00.000,BBG000BP52R2,-0.0011969736,0.0058735497,1148149
20150327,15:30:00.000,BBG000M65M61,0.014982213,0.038103685,3405954
20150327,15:30:00.000,BBG000BP6LJ8,-0.0024555947,0.0052000787,5559728
20150327,15:30:00.000,BBG000F0PF65,-0.0007867019,0.0017702464,1669683
20150327,15:30:00.000,BBG000H8TVT2,0.00625782,0.013299071,2563488
20150327,15:30:00.000,BBG000DQLV23,-0.0007826346,0.007384758,3103726
20150327,15:30:00.000,BBG000BHBK84,0.029427743,0.031872157,14592901
20150327,15:30:00.000,BBG000DLFM21,-0.014915596,-0.00030304524,803689
20150327,15:30:00.000,BBG000BJDB15,-0.023722256,-0.041528717,16640287
20150327,15:30:00.000,BBG000CTQBF3,-0.0037054168,0.0007884317,3038528
20150327,15:30:00.000,BBG000BQQ2S6,-0.002789966,-0.014108547,2342945
20150327,15:30:00.000,BBG000BHVJJ3,-0.0176354,-0.025169337,22702920
20150327,15:30:00.000,BBG000F1ZSQ2,-0.00788333,-0.005856283,3344610
20150327,15:30:00.000,BBG000BQPC32,-0.0020897454,-0.005623363,44547712
20150327,15:30:00.000,BBG000C43RR5,0.0023705822,0.0039986046,3755948
20150327,15:30:00.000,BBG000CH5208,0.005298266,0.014145794,1647051
20150327,15:30:00.000,BBG000J2XL74,0.0023752905,0.004192499,3404990
20150327,15:30:00.000,BBG000BC40Y8,-0.0063256607,-0.012614548,1752493
20150327,15:30:00.000,BBG000KHWT55,-0.014372056,-0.01999043,15377299
20150327,15:30:00.000,BBG000BW8S60,0.0014275168,0.0069786524,1859770
20150327,15:30:00.000,BBG000BZ9223,-0.0027012941,-0.009796729,1824878
20150327,15:30:00.000,BBG000DWYF03,-0.0045314417,-0.0064812745,5609232
20150327,15:30:00.000,BBG000BBGGQ1,-0.026620543,-0.029353896,4800315
20150327,15:30:00.000,BBG000BBDZG3,0.0017245759,-0.0031380032,4311795
20150327,15:30:00.000,BBG000BQLTW7,-0.011162707,-0.01139923,12735136
20150327,15:30:00.000,BBG000NDYB67,-0.000110342255,-0.0032139912,6831409
20150327,15:30:00.000,BBG000C6CFJ5,0.0055673406,0.0028022353,1085419
20150327,15:30:00.000,BBG000BGRY34,-0.0031263337,0.0067633903,2747708
20150327,15:30:00.000,BBG000DH7JK6,-0.003011536,0.00324228,2956171
20150327,15:30:00.000,BBG000BW3299,0.008342498,0.0034195276,4579097
20150327,15:30:00.000,BBG000DWG505,0.004874798,0.003914893,2186807
20150327,15:30:00.000,BBG000BF0K17,0.00024490012,-0.006259987,4344826
20150327,15:30:00.000,BBG000R7Z112,-0.0062064193,0.014062673,5848616
20150327,15:30:00.000,BBG000BCSST7,-0.001487625,0.0046906527,1788346
20150327,15:30:00.000,BBG000BQQH30,0.001063548,-0.0071135582,3432482
20150327,15:30:00.000,BBG000BCQZS4,0.0016531994,-0.006751995,6725023
20150327,15:30:00.000,BBG000BMX289,-0.01368012,-0.008675025,10007156
20150327,15:30:00.000,BBG000BNWG87,0.0013874634,0.010570441,3168931
20150327,15:30:00.000,BBG000BBS2Y0,-0.0050713015,0.014728344,1535210
20150327,15:30:00.000,BBG000BH4R78,-0.0021952733,0.002042117,4002319
20150327,15:30:00.000,BBG005P7Q881,0.004884976,0.028479775,6942499
20150327,15:30:00.000,BBG000BKZB36,0.00040043058,0.011923028,2671662
20150327,15:30:00.000,BBG000GFFQN9,0.012320271,0.014839482,17300796
20150327,15:30:00.000,BBG0025Y4RY4,0.003522735,0.006108888,5032569
20150327,15:30:00.000,BBG000BFC8J2,-0.008615752,0.0138522005,4089963
20150327,15:30:00.000,BBG000H6HNW3,-0.008849673,0.0009007011,12934432
20150327,15:30:00.000,BBG000BNSZP1,-0.003426913,-0.004514924,2767450
20150327,15:30:00.000,BBG000N9MNX3,-0.03765369,-0.038181663,7102674
20150327,15:30:00.000,BBG000BPD168,-0.00017980435,0.0045141405,4362141
20150327,15:30:00.000,BBG000BKTFN2,0.004366351,-0.0023165292,7591089
20150327,15:30:00.000,BBG000C17X76,-0.014182775,0.0060600904,1341061
20150327,15:30:00.000,BBG000BR2TH3,-0.0042734398,-0.00012186324,4143658
20150327,15:30:00.000,BBG000PSKYX7,-0.007009137,-0.0029713882,4467516
20150327,15:30:00.000,BBG000BT41Q8,0.009790394,-0.0017432997,3873656
20150327,15:30:00.000,BBG000C5Z1S3,-0.016601821,-0.022501681,19033692
20150327,15:30:00.000,BBG000BLNNH6,0.00071805285,-0.003206711,2311511
20150327,15:30:00.000,BBG000BFT2L4,0.0026300915,0.0016097036,9132509
20150327,15:30:00.000,BBG000CGC1X8,0.0019530749,-0.0026799627,5976674
20150327,15:30:00.000,BBG000HS77T5,0.0072684027,0.0018598699,7362107
20150327,15:30:00.000,BBG000C3J3C9,0.0014629491,0.000739333,13474025
20150327,15:30:00.000,BBG000FH8PX5,-0.0013854068,0.010020636,1476281
20150327,15:30:00.000,BBG000BLBVN4,-0.0041861404,-0.0033830865,326961
20150327,15:30:00.000,BBG000BSJK37,0.0025145668,-0.0033507799,13086714
20150327,15:30:00.000,BBG000CL9VN6,-0.015551564,-0.009757407,1997635
20150327,15:30:00.000,BBG000BVPV84,0.009280498,0.01387187,1843058
20150327,15:30:00.000,BBG000K4ND22,0.0012475188,-0.011399203,3870637
20150327,15:30:00.000,BBG000BWQFY7,-0.0011953244,-0.008810923,8658973
20150327,15:30:00.000,BBG002W96FT9,-0.0078045237,-0.0076729394,1439997
20150327,15:30:00.000,BBG000BMHYD1,0.0005852473,0.0042445995,3363869
20150327,15:30:00.000,BBG000BR2B91,0.0052576195,0.011996735,14297589
20150327,15:30:00.000,BBG000BK6MB5,0.0011768922,0.0028214958,18637444
20150327,15:30:00.000,BBG000FY4S11,0.002422858,-0.0054681352,12156235
20150327,15:30:00.000,BBG000DMBXR2,0.0066242064,-0.0008400369,7825428
20150327,15:30:00.000,BBG000C0G1D1,0.003247128,-0.003657132,19637424
20150327,15:30:00.000,BBG000BHSKN9,-0.009516732,-0.006982088,1223765
20150327,15:30:00.000,BBG000CKGBP2,-0.015647799,0.0036624288,5888513
20150327,15:30:00.000,BBG000GZQ728,-0.0017901262,-0.01055557,6961406
20150327,15:30:00.000,BBG000BPH459,-0.0061536026,-0.0075228214,21251666
20150327,15:30:00.000,BBG000BCTLF6,-0.0018036207,-0.008427748,56035496
20150327,15:30:00.000,BBG000MM2P62,0.0002318603,0.0060824673,14893675
20150327,15:30:00.000,BBG000B9XRY4,-0.008722952,-0.009817237,29383136
20150327,15:45:00.000,BBG000CNZC55,-0.009928126,0.0032484918,4112982
20150327,15:45:00.000,BBG000FH5YM1,0.002370488,0.005490362,4057504
20150327,15:45:00.000,BBG000BLM0V1,-0.003598747,-0.0015468133,513346
20150327,15:45:00.000,BBG000HGYNZ9,-0.008637467,-0.019254357,2613393
20150327,15:45:00.000,BBG000BF6RQ9,0.012212407,0.035086196,856734
20150327,15:45:00.000,BBG000BFV115,0.006870689,-0.005970659,1231508
20150327,15:45:00.000,BBG0015XMW40,0.009477766,0.0058195363,535084
20150327,15:45:00.000,BBG000FBMY72,-0.0070837718,-0.011646827,1995224
20150327,15:45:00.000,BBG000BDWKC5,0.010371904,0.015392081,1855725
20150327,15:45:00.000,BBG000G6BN50,0.012892131,0.011955787,404596
20150327,15:45:00.000,BBG000BLDV98,-0.007822541,0.0012504592,1326320
20150327,15:45:00.000,BBG000R0L5J4,-0.00067824306,0.00035168702,649036
20150327,15:45:00.000,BBG006NV2Q11,-0.008709878,-0.008996071,2536698
20150327,15:45:00.000,BBG000BC2R71,0.0002767392,-0.0043579917,1194060
20150327,15:45:00.000,BBG000BN1XR3,0.0012016484,0.01015534,384029
20150327,15:45:00.000,BBG000GPXKX9,-0.009851865,-0.002082419,350171
20150327,15:45:00.000,BBG000DV7MX4,-0.005329351,0.019784624,5975046
20150327,15:45:00.000,BBG000BGRKT6,-0.010443117,0.0008387398,465077
20150327,15:45:00.000,BBG000BB5BF6,-0.01737706,-0.010703978,4870088
20150327,15:45:00.000,BBG000BVB8Q0,0.010920492,0.006565991,10327717
20150327,15:45:00.000,BBG000DGPR66,0.011683748,0.019364776,1281300
20150327,15:45:00.000,BBG000BQ74K1,-0.003215363,-0.0033756369,472699
20150327,15:45:00.000,BBG000RNTSX0,0.0013935392,0.010699524,377713
20150327,15:45:00.000,BBG000N746D6,0.011761727,0.013840661,2243278
20150327,15:45:00.000,BBG000CR90K4,0.022727411,0.023642939,22934228
20150327,15:45:00.000,BBG000BVL2G3,0.011073745,0.008139361,1360421
20150327,15:45:00.000,BBG000BPQVR5,-0.0046599004,-0.002339824,512268
20150327,15:45:00.000,BBG000CB8Q50,0.0028461388,0.0076693166,402849
20150327,15:45:00.000,BBG000D42FJ0,-0.00046705085,-0.0120863365,1575521
20150327,15:45:00.000,BBG003641015,-0.0050172918,0.0024383417,1251193
20150327,15:45:00.000,BBG000CPHYL4,0.00507,0.007156665,1003199
20150327,15:45:00.000,BBG000BKL348,0.0026968478,0.0061725047,316566
20150327,15:45:00.000,BBG000BMF5J0,-0.012961349,-0.0039241193,4118202
20150327,15:45:00.000,BBG000BCHG15,0.004673593,0.009532539,359755
20150327,15:45:00.000,BBG000BJKPG0,-0.0062206793,0.0020398954,459374
20150327,15:45:00.000,BBG000HS74G6,-0.009325118,-0.013861786,917485
20150327,15:45:00.000,BBG000BVHBM1,-0.004150415,0.023470022,1473587
20150327,15:45:00.000,BBG002PHSYX9,-0.021405242,-0.023102209,825636
20150327,15:45:00.000,BBG000D2ZTS8,-0.0049577146,0.011353373,2150065
20150327,15:45:00.000,BBG000BGYMH7,-0.006064828,-0.0022160134,512210
20150327,15:45:00.000,BBG000PV2L86,0.0011392047,0.015290402,814539
20150327,15:45:00.000,BBG000FQ6PY6,0.0027794717,0.0054428363,800263
20150327,15:45:00.000,BBG000R06BX2,0.0066318144,0.008369718,1425076
20150327,15:45:00.000,BBG000BCWKD6,0.00082891877,0.0018526415,1539829
20150327,15:45:00.000,BBG000CPBCL8,0.001304808,-0.0030824924,621423
20150327,15:45:00.000,BBG000B9X8C0,0.00396281,0.010259984,1190283
20150327,15:45:00.000,BBG000BDY3Y7,-0.010785251,-0.008600312,570711
20150327,15:45:00.000,BBG001XJRMF5,-0.0027668271,-0.006310645,1793882
20150327,15:45:00.000,BBG000BJ26K7,0.0151804,0.010001104,1250143
20150327,15:45:00.000,BBG000BQ87N0,-0.0013033499,0.0058106715,762432
20150327,15:45:00.000,BBG000C37332,0.0067744027,0.007829302,456878
20150327,15:45:00.000,BBG000C4ZZ10,0.0048831333,0.0102257,792283
20150327,15:45:00.000,BBG000BPNP00,0.004773854,0.02624953,1325860
20150327,15:45:00.000,BBG000BXBHJ4,-0.0079570655,-0.016737994,1338930
20150327,15:45:00.000,BBG000FDBX90,0.011907188,0.010279621,2544246
20150327,15:45:00.000,BBG000BKNX95,0.0043782294,0.006119739,1475169
20150327,15:45:00.000,BBG000BV4XJ1,0.0072852434,0.034209408,414935
20150327,15:45:00.000,BBG000MQ1SN9,0.0053192894,0.009248429,633406
20150327,15:45:00.000,BBG000KBQZ88,-0.006302069,0.00062103535,1049985
20150327,15:45:00.000,BBG000BXNJ07,-0.0039728084,0.018407596,5533558
20150327,15:45:00.000,BBG000DLVDK3,0.0014191504,-0.008228318,1715647
20150327,15:45:00.000,BBG000BB03M1,0.027094837,0.012575571,1606199
20150327,15:45:00.000,BBG000BWGYF8,-0.0015610198,0.0041068955,416363
20150327,15:45:00.000,BBG000BPZBB6,0.02928148,0.029209275,2312387
20150327,15:45:00.000,BBG000JKCWS0,0.004978225,-0.0033445193,550056
20150327,15:45:00.000,BBG000BNPSQ9,0.02996627,0.063953996,1208536
20150327,15:45:00.000,BBG000C060M4,-0.0030433561,-0.004763072,232123
20150327,15:45:00.000,BBG000BFDLV8,0.003446296,0.015277153,719162
20150327,15:45:00.000,BBG000C2V3D6,0.0029288288,0.013788744,1060783
20150327,15:45:00.000,BBG000BC9938,-0.0012759226,-0.0019448748,677196
20150327,15:45:00.000,BBG000C22QV7,-0.0023214216,0.0062161023,1012083
20150327,15:45:00.000,BBG000BMTFR4,0.0002816304,0.020107714,1561780
20150327,15:45:00.000,BBG000BKTT89,-0.0036966715,0.001578549,339009
20150327,15:45:00.000,BBG000BWXL85,0.007941109,0.014198125,2223895
20150327,15:45:00.000,BBG0014GG205,0.034159765,0.03096316,6834393
20150327,15:45:00.000,BBG000BGFZR8,0.002844385,0.009974947,1174220
20150327,15:45:00.000,BBG000V31J96,0.0064401897,0.009751105,3041761
20150327,15:45:00.000,BBG000BNNKG9,0.0047183125,0.01624954,2004675
20150327,15:45:00.000,BBG000BSSC44,-0.008380433,-0.0173604,923361
20150327,15:45:00.000,BBG000BSY3K9,-0.0073690335,3.7544643e-05,389984
20150327,15:45:00.000,BBG000BPMH90,-0.0047617503,-0.012244561,821635
20150327,15:45:00.000,BBG000BX5ZF5,-0.017114762,-0.014069306,5025664
20150327,15:45:00.000,BBG000BR37X2,0.0075185243,0.0048257518,1709407
20150327,15:45:00.000,BBG000C9F2F9,-0.015581657,0.010562148,1133711
20150327,15:45:00.000,BBG000D9KWL9,0.012151302,0.007413164,758795
20150327,15:45:00.000,BBG000PLXQQ3,-0.0046820682,0.00047720264,463754
20150327,15:45:00.000,BBG000HZFZX3,-0.0022232805,0.006895372,701010
20150327,15:45:00.000,BBG000BDXGP9,0.042724155,0.054684736,4735823
20150327,15:45:00.000,BBG000BB29X4,0.005061053,0.00994316,1021433
20150327,15:45:00.000,BBG001C7TST4,0.003641632,0.013258174,1058167
20150327,15:45:00.000,BBG000BMKDM3,0.0005558736,0.011110616,1421984
20150327,15:45:00.000,BBG000FFH4P5,0.0011121747,0.0052866894,820169
20150327,15:45:00.000,BBG000C75N77,0.0023805525,-0.00599662,668290
20150327,15:45:00.000,BBG000C221G9,-0.012060517,-0.0067618387,757808
20150327,15:45:00.000,BBG000BKXFN7,0.014255275,-0.008380204,2730606
20150327,15:45:00.000,BBG000BWP7D9,0.0061779087,0.01391837,1296843
20150327,15:45:00.000,BBG000DY8ZS4,-0.015904991,-0.020627199,4264491
20150327,15:45:00.000,BBG000BFL116,-0.013870084,0.0015932297,1056463
20150327,15:45:00.000,BBG000BKLH74,0.0065059387,0.009199517,2061312
20150327,15:45:00.000,BBG000BS9489,-0.001825367,0.0029920493,486385
20150327,15:45:00.000,BBG000BP8Z50,0.00014063162,0.0021395113,995390
20150327,15:45:00.000,BBG000BS7KS3,0.010526182,0.017871607,1395495
20150327,15:45:00.000,BBG000BMZ7P7,0.0038865805,-0.0015505071,920777
20150327,15:45:00.000,BBG000FBK808,-0.034075014,-0.05299724,7411799
20150327,15:45:00.000,BBG000R8ZVD1,-0.005914816,0.0067222365,2603815
20150327,15:45:00.000,BBG000BLMZK6,-0.0074943975,0.013301254,1114672
20150327,15:45:00.000,BBG000BQSQ38,0.0058145113,0.01224201,1752394
20150327,15:45:00.000,BBG000BBL0Y1,-0.00907599,0.015248953,715108
20150327,15:45:00.000,BBG001QZCPJ2,0.00031847853,0.03275991,1366091
20150327,15:45:00.000,BBG000CVWGS6,0.0048908526,0.012903455,2466656
20150327,15:45:00.000,BBG000BCNYT9,0.0049333256,-0.0025334873,5686024
20150327,15:45:00.000,BBG000PVRDL2,0.009270848,-8.074886e-07,2978119
20150327,15:45:00.000,BBG000BJQWD2,-0.0006500331,0.005490257,581497
20150327,15:45:00.000,BBG000C9W1Y1,0.0010554075,0.0019008752,1774607
20150327,15:45:00.000,BBG000BJ49H3,0.004266282,0.0049021565,1036810
20150327,15:45:00.000,BBG000BFVXX0,-0.0031039696,0.00557334,2154747
20150327,15:45:00.000,BBG000FLZN98,-0.0023227187,0.006800704,322723
20150327,15:45:00.000,BBG000FLPRH1,0.006220127,0.003626543,1307767
20150327,15:45:00.000,BBG000BYWTX7,-0.0023933745,0.017373769,5633205
20150327,15:45:00.000,BBG000BY33P5,-0.005556706,-3.5355458e-07,3079897
20150327,15:45:00.000,BBG000BBB3K1,0.012495904,0.023832003,2611266
20150327,15:45:00.000,BBG000DN7P92,0.0073443227,0.015844183,860820
20150327,15:45:00.000,BBG000BBMSJ6,0.19784907,0.22096938,4729149
20150327,15:45:00.000,BBG000BH2JM1,0.0005487404,0.004296655,3220826
20150327,15:45:00.000,BBG000BFS7D3,-0.0040526623,0.0033744792,396232
20150327,15:45:00.000,BBG000CKVSG8,-0.014672333,-0.026627451,2439888
20150327,15:45:00.000,BBG000BB6G37,0.002343963,0.023599857,1628993
20150327,15:45:00.000,BBG000BM7HL0,-0.0050652674,0.001702663,1503100
20150327,15:45:00.000,BBG000BCYP43,-0.003390384,0.008040735,372745
20150327,15:45:00.000,BBG000BV75B7,0.003930116,0.0033036245,875846
20150327,15:45:00.000,BBG000TWC2V5,-0.0023913782,0.008107611,412546
20150327,15:45:00.000,BBG000BLW530,0.0024296178,0.00058140693,1504114
20150327,15:45:00.000,BBG000BKWSR6,-0.0008650638,-0.0027594327,3639785
20150327,15:45:00.000,BBG000C2YHG9,-0.00046084498,0.0041227047,829242
20150327,15:45:00.000,BBG000BRQ6L2,0.009108029,0.03778694,5236004
20150327,15:45:00.000,BBG000BQHGR6,0.0006228735,-0.0053002904,959039
20150327,15:45:00.000,BBG000BN9WT5,0.0088888295,0.02839608,1546715
20150327,15:45:00.000,BBG000BVWLJ6,-0.0012358391,0.0018740692,874211
20150327,15:45:00.000,BBG000BKQ3V3,-0.015182845,-0.039780576,6784106
20150327,15:45:00.000,BBG000H0QBS7,-0.007701836,-0.0017438609,1351286
20150327,15:45:00.000,BBG000H4YVR7,0.0026453687,0.030037146,642795
20150327,15:45:00.000,BBG000PYZSR8,-0.011587007,-0.0061345263,409072
20150327,15:45:00.000,BBG007TJF1N7,0.0055713532,0.034915656,2178444
20150327,15:45:00.000,BBG000C2ZCH8,0.0053734174,0.012505959,1409650
20150327,15:45:00.000,BBG000BTCH57,-0.006697941,-0.00027441283,1005967
20150327,15:45:00.000,BBG000BR54L0,0.0012557595,0.026493197,3951462
20150327,15:45:00.000,BBG000BB5373,0.009637369,0.01547556,5320399
20150327,15:45:00.000,BBG000BHZ5J9,0.010528335,0.0012511174,637437
20150327,15:45:00.000,BBG000CXD6X9,-0.002701858,0.011714327,705894
20150327,15:45:00.000,BBG000BKZTP3,-0.004429977,-0.00900177,1311216
20150327,15:45:00.000,BBG000BB1TH9,-0.00439296,-0.012788271,700289
20150327,15:45:00.000,BBG000D5S4M0,0.0077331695,0.015921257,557831
20150327,15:45:00.000,BBG000BN84F3,-0.00058428425,0.004877956,1420946
20150327,15:45:00.000,BBG000HW5GX3,-0.012967159,-0.02203392,1910356
20150327,15:45:00.000,BBG000CHPY97,-0.015798764,-0.03152556,5038399
20150327,15:45:00.000,BBG000D2M0Z7,0.0069132587,0.014001687,1161181
20150327,15:45:00.000,BBG000BF1R66,0.0067616277,0.004505183,995016
20150327,15:45:00.000,BBG000BJ8YN7,-0.0068809693,-0.0069927815,1397705
20150327,15:45:00.000,BBG000G9CGL0,0.0020359629,0.013520989,527728
20150327,15:45:00.000,BBG000BQ8KV2,-0.001896683,-0.0059318794,1282622
20150327,15:45:00.000,BBG000BVMPN3,0.0038907763,-0.00012244885,854868
20150327,15:45:00.000,BBG000BGD7W6,-0.0065185423,0.004529531,856181
20150327,15:45:00.000,BBG000BC15S7,0.0018154439,0.000780774,1066734
20150327,15:45:00.000,BBG000Q2HM09,0.032097563,0.033694174,1471888
20150327,15:45:00.000,BBG000BQVTF5,-0.004057385,-0.0028087087,942165
20150327,15:45:00.000,BBG000VC0T95,0.0047334936,0.015174832,866964
20150327,15:45:00.000,BBG000F86GP6,0.00072161015,0.003868524,639698
20150327,15:45:00.000,BBG000BWVSR1,-0.0038410844,0.0016870772,933376
20150327,15:45:00.000,BBG000BX8DC4,0.0012365809,0.008160201,851407
20150327,15:45:00.000,BBG000BHCP19,0.00389792,0.02634528,1219000
20150327,15:45:00.000,BBG000BK6G19,0.0075661894,4.4540077e-08,2241456
20150327,15:45:00.000,BBG000RGM5P1,-0.0050519994,0.0021229316,772480
20150327,15:45:00.000,BBG000BF5RY1,-0.003111113,0.0052613695,1341935
20150327,15:45:00.000,BBG000BP4MH0,0.00041846125,0.0010786471,1305535
20150327,15:45:00.000,BBG000D8RG11,-0.01846589,-0.016629089,3600513
20150327,15:45:00.000,BBG000FP1N32,-0.00772648,-0.01237848,4328127
20150327,15:45:00.000,BBG000BLHRS2,-0.0016979765,0.008514998,518668
20150327,15:45:00.000,BBG000TJM7F0,-0.016769933,-0.0032858937,1245917
20150327,15:45:00.000,BBG000J1QLT0,-0.016263612,-0.0022202868,709291
20150327,15:45:00.000,BBG000BBBNC6,0.0062072384,0.0007871697,1266903
20150327,15:45:00.000,BBG000BY2Y78,-0.003446863,-0.005010477,1743454
20150327,15:45:00.000,BBG000BM6788,-0.0032732845,0.005779061,1085005
20150327,15:45:00.000,BBG000C1FQS9,-0.0010131488,0.002940692,484883
20150327,15:45:00.000,BBG000BBJQV0,0.0014550358,0.022418002,4932283
20150327,15:45:00.000,BBG000BTQR96,-0.0020731252,0.0056403643,882171
20150327,15:45:00.000,BBG000CXYSZ6,0.012649546,0.015636947,566540
20150327,15:45:00.000,BBG000BB5792,0.04672151,0.06352113,4606816
20150327,15:45:00.000,BBG000BNGTQ7,0.00010711321,0.010437579,564298
20150327,15:45:00.000,BBG000BZTW70,-0.008712839,-0.029357025,5616002
20150327,15:45:00.000,BBG000G0Z878,-0.0025218064,-0.0040337946,1669456
20150327,15:45:00.000,BBG000BFNR17,0.008024064,0.012882983,269831
20150327,15:45:00.000,BBG002BHBHM1,0.006500857,0.023233447,703593
20150327,15:45:00.000,BBG000BC4JJ4,0.009516768,0.01170909,722861
20150327,15:45:00.000,BBG000F15NW9,0.00448883,0.013004086,480659
20150327,15:45:00.000,BBG000BKR1D6,0.0015377253,0.002282638,313698
20150327,15:45:00.000,BBG000BCTQ65,-0.0021915922,0.00349923,4562204
20150327,15:45:00.000,BBG000BNNYW1,-0.009498226,-0.00790944,6186231
20150327,15:45:00.000,BBG000BBCDZ2,-0.006405119,-0.0022053467,869910
20150327,15:45:00.000,BBG000BRK7L6,0.007176308,-0.008528036,3446940
20150327,15:45:00.000,BBG000DQTXY6,0.0032015804,0.029229883,2876319
20150327,15:45:00.000,BBG000BRXP69,-0.0007223006,0.013884019,592734
20150327,15:45:00.000,BBG000BL9JQ1,-0.020914016,-0.028624559,1580604
20150327,15:45:00.000,BBG000DTMH63,-0.006515929,-0.027938787,4092889
20150327,15:45:00.000,BBG000BJPDZ1,-0.010017813,-0.0006913223,203123
20150327,15:45:00.000,BBG000BXWBN9,-0.0067411945,-0.00060393906,1518091
20150327,15:45:00.000,BBG000C2PW58,-0.000462611,-0.00034354744,258225
20150327,15:45:00.000,BBG000D13GN8,-0.006915493,-0.004045821,688549
20150327,15:45:00.000,BBG000BB6M98,-0.0027234615,-0.0043218345,2872009
20150327,15:45:00.000,BBG000BGYWY6,0.0031161576,0.021118136,444578
20150327,15:45:00.000,BBG000BHB3M6,0.0016006744,0.0048914156,904062
20150327,15:45:00.000,BBG000G3QLY3,-0.009181476,-0.009863269,715894
20150327,15:45:00.000,BBG000BSBZH7,-0.004213891,0.0040482595,656089
20150327,15:45:00.000,BBG000F7RCJ1,-0.0015210607,0.015359587,670409
20150327,15:45:00.000,BBG0039320N9,-0.006160038,0.004771928,2090558
20150327,15:45:00.000,BBG000BTZQC4,-0.019632561,-0.023160402,3105513
20150327,15:45:00.000,BBG001M8HHB7,-0.003271227,0.00089727226,639048
20150327,15:45:00.000,BBG000CZWZ05,0.0832451,0.114067994,5381081
20150327,15:45:00.000,BBG000QY3XZ2,0.0074251927,0.011913116,634750
20150327,15:45:00.000,BBG000BHLYP4,-0.0048608663,-0.0007382768,978586
20150327,15:45:00.000,BBG000CHWP52,0.01753294,0.011314161,2667664
20150327,15:45:00.000,BBG000QFJ7H3,0.0101187,-0.009897175,6938369
20150327,15:45:00.000,BBG000BFTJ91,-0.00027667388,0.0008989255,1190620
20150327,15:45:00.000,BBG000BZ2GG4,0.008362368,0.0031238012,1222360
20150327,15:45:00.000,BBG000FKJRC5,-0.0010707576,0.007710433,1002565
20150327,15:45:00.000,BBG000BKPL53,0.008589476,0.017636346,1060730
20150327,15:45:00.000,BBG000BNC3Y9,-0.0058808625,-0.008066572,696127
20150327,15:45:00.000,BBG000BNFLM9,-0.0018921136,0.018483594,2426443
20150327,15:45:00.000,BBG000BWCKB6,-0.0049066725,0.007445919,596975
20150327,15:45:00.000,BBG000BR14K5,0.005936865,0.0045199897,948289
20150327,15:45:00.000,BBG0014GJCT9,0.016515533,0.03415943,1645340
20150327,15:45:00.000,BBG000BRRG02,-0.007999937,-0.007269225,1905456
20150327,15:45:00.000,BBG000BP1Q11,-0.0080721835,-0.002879413,711203
20150327,15:45:00.000,BBG000P1F8Q7,-0.016806066,0.000341313,695879
20150327,15:45:00.000,BBG000BCVMH9,-0.0058851233,-0.010555756,738825
20150327,15:45:00.000,BBG000D7RKJ5,0.002707301,0.0074009793,1101391
20150327,15:45:00.000,BBG000FNRZ69,0.01841452,0.008732609,3725792
20150327,15:45:00.000,BBG000BTKGG8,0.0009806469,-0.0036861429,1493377
20150327,15:45:00.000,BBG001QD41M9,0.00046703857,0.007673748,1021252
20150327,15:45:00.000,BBG000D9DMK0,0.005658663,0.011208329,900294
20150327,15:45:00.000,BBG000BH5DV1,-0.0036415304,0.0030426183,769458
20150327,15:45:00.000,BBG000BMQPL1,-0.0067767655,-0.009897261,6020016
20150327,15:45:00.000,BBG000BMDV41,-0.007326981,-0.0016257031,1209022
20150327,15:45:00.000,BBG000BQZMH4,-0.00021449963,0.0046146675,1289476
20150327,15:45:00.000,BBG000BS0ZF1,-0.004788067,-0.0069705644,418863
20150327,15:45:00.000,BBG000BGLRN3,-0.009152294,-0.013015213,2433150
20150327,15:45:00.000,BBG000C0F570,0.035275817,0.055521388,5319600
20150327,15:45:00.000,BBG000D6L294,-0.004996931,-0.010606446,691808
20150327,15:45:00.000,BBG000BM5SR2,0.0026486563,0.0036890903,1413232
20150327,15:45:00.000,BBG000BYYLS8,-0.0016241516,-0.004137783,2952432
20150327,15:45:00.000,BBG000BF6LY3,0.05030347,0.06166331,10328188
20150327,15:45:00.000,BBG000BCBCM7,0.00012900875,0.006868744,4206554
20150327,15:45:00.000,BBG000BJ2VQ6,0.008330969,-0.022124354,3546688
20150327,15:45:00.000,BBG000BJ98Z0,-0.010205055,0.0026711663,1089992
20150327,15:45:00.000,BBG000BLCPY4,0.007151872,-0.018889254,1203304
20150327,15:45:00.000,BBG000D898T9,0.0014299753,0.010766916,1227259
20150327,15:45:00.000,BBG000BMBL90,0.00385619,0.008903111,1525229
20150327,15:45:00.000,BBG000BSXQV7,-0.00013315001,0.009501253,395507
20150327,15:45:00.000,BBG000FVXD63,0.021216538,0.007823274,2035943
20150327,15:45:00.000,BBG000BVMGF2,-0.0017305689,-0.0022776446,1295245
20150327,15:45:00.000,BBG000C11MQ5,-0.032465596,0.0020858,596355
20150327,15:45:00.000,BBG000BPQD31,-0.0113876555,-0.0046856557,2982113
20150327,15:45:00.000,BBG000BB5006,-0.0010925294,0.005892595,1557385
20150327,15:45:00.000,BBG000BHKYH4,-0.002176867,0.0007440707,765059
20150327,15:45:00.000,BBG000D1QCF1,-0.0036781766,-0.01032142,1362180
20150327,15:45:00.000,BBG000CSY9H9,0.010894104,0.022970363,1611231
20150327,15:45:00.000,BBG000BRJ809,0.00915574,0.0106160985,480500
20150327,15:45:00.000,BBG000CNFQW6,0.00432296,0.010492952,486364
20150327,15:45:00.000,BBG000BXM6V2,-0.0008882589,0.015006811,1308281
20150327,15:45:00.000,BBG000BCGY17,0.013258918,0.022275597,3173274
20150327,15:45:00.000,BBG000DKCC19,-0.0121522555,-0.0002620596,1992561
20150327,15:45:00.000,BBG000BKCFC2,0.0044557382,0.015567147,3661346
20150327,15:45:00.000,BBG000BTVJ25,0.0026282966,0.0063345106,2781758
20150327,15:45:00.000,BBG000BN5HF7,-0.0004615981,0.0232724,1296703
20150327,15:45:00.000,BBG000Q3JN03,0.00096382626,-0.007515426,12070207
20150327,15:45:00.000,BBG0020B4JG7,0.00032025247,0.010940165,3278669
20150327,15:45:00.000,BBG000BR3KL6,0.0028463693,0.006773201,528934
20150327,15:45:00.000,BBG000BRWGG9,0.025828931,0.042708803,37447752
20150327,15:45:00.000,BBG001LWHLJ8,-0.014127158,-0.015503598,4279952
20150327,15:45:00.000,BBG000C7LMS8,0.011128204,0.02779179,334333
20150327,15:45:00.000,BBG000BPT0C6,0.012142223,-0.000834448,2818841
20150327,15:45:00.000,BBG000BSD7C2,0.004540514,0.012133191,1030402
20150327,15:45:00.000,BBG000BRJL00,0.0005487124,0.003635923,2268400
20150327,15:45:00.000,BBG000C1FB75,0.009849168,0.011989059,326498
20150327,15:45:00.000,BBG000BJ3PD2,-0.00013140471,0.0014994361,1042099
20150327,15:45:00.000,BBG000BHLYS1,0.010176575,0.01683743,3943951
20150327,15:45:00.000,BBG000JWD753,-0.0024984719,0.00018304802,2484543
20150327,15:45:00.000,BBG000BXMFC3,-0.0097478675,-0.010595482,1919387
20150327,15:45:00.000,BBG000CGQ6M4,0.0014727184,-0.0026129608,790571
20150327,15:45:00.000,BBG000DNTSP4,0.0078373775,-0.0022231701,2705526
20150327,15:45:00.000,BBG000BFXHL6,-0.012395403,-0.013269063,2914855
20150327,15:45:00.000,BBG000BJL3N0,0.00306593,-0.0026347823,6700077
20150327,15:45:00.000,BBG000JG0547,-0.00096712186,0.005035015,1055240
20150327,15:45:00.000,BBG000BWSV34,0.005297683,0.011706183,365109
20150327,15:45:00.000,BBG000BB6WG8,-0.004898805,0.0023749382,2081130
20150327,15:45:00.000,BBG000BCWCG1,-0.012704162,0.0023435233,3786090
20150327,15:45:00.000,BBG000BB9KF2,0.0054926174,0.009940045,2008415
20150327,15:45:00.000,BBG000C3HSR0,-0.01316396,-0.014111055,1002572
20150327,15:45:00.000,BBG000BFMBQ6,0.0077949064,0.022814572,1209496
20150327,15:45:00.000,BBG000BP0KQ8,0.021433905,0.03637912,2938489
20150327,15:45:00.000,BBG000BQWPC5,-0.0052374443,0.0022153023,1251807
20150327,15:45:00.000,BBG001YMS0B8,0.03846055,0.047750816,25745800
20150327,15:45:00.000,BBG000C0LW92,0.008141792,0.021783084,4801873
20150327,15:45:00.000,BBG000MDCQC2,0.0030533287,0.0114156725,1411262
20150327,15:45:00.000,BBG000BK67C7,-0.0035595293,0.003974805,617942
20150327,15:45:00.000,BBG000BY29C7,0.007419986,0.015239497,1607419
20150327,15:45:00.000,BBG000BSLZY7,0.014655662,0.013437596,5457197
20150327,15:45:00.000,BBG000BLKK03,-0.0030827154,0.010686402,1272742
20150327,15:45:00.000,BBG000C2BXK4,-0.014151275,-0.0060737845,8755671
20150327,15:45:00.000,BBG000BCZYD3,-0.004382705,0.0103708105,728127
20150327,15:45:00.000,BBG000R7RDB4,0.013865374,0.007245184,1125186
20150327,15:45:00.000,BBG000C3GN47,-0.0052153813,-0.012420671,3403809
20150327,15:45:00.000,BBG000BMW2Z0,-0.004878532,0.001222404,874912
20150327,15:45:00.000,BBG000BKFZM4,0.0051921783,0.012909728,3538867
20150327,15:45:00.000,BBG000G2R6M0,0.007783892,-0.0059183524,6171965
20150327,15:45:00.000,BBG000C1S2X2,0.002111776,0.02465631,1130242
20150327,15:45:00.000,BBG000F0KF42,-0.009750332,-0.013546107,2162381
20150327,15:45:00.000,BBG000CS7CT9,-0.0061812196,0.004534436,1985858
20150327,15:45:00.000,BBG000CPQZ77,-0.013027389,-0.0026851636,1905861
20150327,15:45:00.000,BBG000C8H633,-0.010231106,-0.020088116,4309069
20150327,15:45:00.000,BBG000JH6683,0.008141955,0.040723,3002172
20150327,15:45:00.000,BBG000BLBXT4,-0.0035977515,0.0055433554,4067130
20150327,15:45:00.000,BBG000BB07P9,0.018942581,0.0044212104,8711735
20150327,15:45:00.000,BBG000BX3TD3,0.013279854,-0.0024167292,4604668
20150327,15:45:00.000,BBG000F80SZ5,0.0004220059,0.027341045,4895510
20150327,15:45:00.000,BBG000BKFBD7,-0.00048166973,-0.003189236,1439763
20150327,15:45:00.000,BBG000BPWXK1,0.016183339,0.0049654394,4343818
20150327,15:45:00.000,BBG000BH5LT6,-0.024599114,-0.05484876,8589379
20150327,15:45:00.000,BBG000BBD070,-0.016359445,-0.025113627,1642631
20150327,15:45:00.000,BBG000BWJFZ4,-0.018581396,-0.017762855,415173
20150327,15:45:00.000,BBG000BWNFZ9,-0.0064752568,-0.008488967,1619466
20150327,15:45:00.000,BBG000BH3JF8,0.001391048,0.0069965404,1568341
20150327,15:45:00.000,BBG000C0HQ54,0.014746055,0.02727268,1993149
20150327,15:45:00.000,BBG000FL1TC8,-0.0048948647,-0.003616918,1243298
20150327,15:45:00.000,BBG000BV8DN6,0.0017825091,0.0072417837,2308547
20150327,15:45:00.000,BBG0029SNR63,-0.00035607387,0.006223582,1384331
20150327,15:45:00.000,BBG000DYGNW7,-0.0053848857,0.0010166856,555604
20150327,15:45:00.000,BBG000QW7VC1,-0.0015798621,0.0021670382,1448046
20150327,15:45:00.000,BBG000BFQYY3,-0.005779701,6.572556e-07,1460859
20150327,15:45:00.000,BBG000BGVW60,-0.004609754,0.00028412088,1461200
20150327,15:45:00.000,BBG000C1BW00,-0.0027772677,0.010993908,938410
20150327,15:45:00.000,BBG000BJ81C1,0.005310329,0.0034180372,1046405
20150327,15:45:00.000,BBG000BFDXW1,0.0003808418,0.021354893,4836603
20150327,15:45:00.000,BBG000BSC0K9,-0.00020475865,0.010491239,1272026
20150327,15:45:00.000,BBG000BD8PN9,-0.0024334998,-0.0027642823,3637763
20150327,15:45:00.000,BBG000DSMS70,-0.010284301,0.014451658,528686
20150327,15:45:00.000,BBG000BQ5DS5,0.0026992294,-0.003176215,2077611
20150327,15:45:00.000,BBG000G30YX4,0.008299122,0.02979004,1196517
20150327,15:45:00.000,BBG000BQ2C28,-7.121012e-05,0.009512681,960663
20150327,15:45:00.000,BBG000BN2DC2,0.002043677,0.0096203135,1501786
20150327,15:45:00.000,BBG000LD9JQ8,-0.0077938037,-0.005242166,779554
20150327,15:45:00.000,BBG000BGKTF9,0.007104381,0.0019105207,1899023
20150327,15:45:00.000,BBG000BBVJZ8,-0.009462671,-0.017314894,1736797
20150327,15:45:00.000,BBG000D9D830,-0.0036749619,-0.0018576534,3544469
20150327,15:45:00.000,BBG000BJSBJ0,0.0030837553,0.007396843,1063177
20150327,15:45:00.000,BBG000BH1NH9,0.0010831609,0.0009146612,1666257
20150327,15:45:00.000,BBG000BVDLH9,-0.004522888,0.0064225793,832036
20150327,15:45:00.000,BBG000FJLFX8,0.0022968664,0.014065965,1187577
20150327,15:45:00.000,BBG000MZFMS2,-0.017344555,0.00031703582,686370
20150327,15:45:00.000,BBG000C4DPX1,0.0024536834,0.033832826,1774334
20150327,15:45:00.000,BBG000C0MF34,0.014573068,0.009830019,527039
20150327,15:45:00.000,BBG000QBR5J5,0.0014016576,-0.0021130305,2176620
20150327,15:45:00.000,BBG000BCVJ77,0.00027206787,0.007644529,1523501
20150327,15:45:00.000,BBG000QX74T1,0.0032928393,0.00573442,244983
20150327,15:45:00.000,BBG000BBDV81,0.0008940791,0.010155617,2133926
20150327,15:45:00.000,BBG000HCJMF9,-0.004931467,-0.0112428395,1426583
20150327,15:45:00.000,BBG000C46HM9,-0.0017602389,0.005532127,1768010
20150327,15:45:00.000,BBG000BGPTV6,0.0022098916,0.0044598375,623024
20150327,15:45:00.000,BBG000BRD0D8,0.0013220623,-0.0042157164,2211436
20150327,15:45:00.000,BBG000BGJRC8,0.0030988245,-0.0027053137,5264784
20150327,15:45:00.000,BBG000DHSPT0,0.014779267,0.009812494,1362379
20150327,15:45:00.000,BBG000J6XT05,-0.0049996492,-0.0030737715,4482704
20150327,15:45:00.000,BBG000BH3GZ2,-0.0026239434,-0.0022915578,1435397
20150327,15:45:00.000,BBG000BTR593,-0.00018200352,-0.015530681,4503380
20150327,15:45:00.000,BBG000B9ZXB4,-0.0016705429,0.006450777,2248408
20150327,15:45:00.000,BBG000BL4504,-0.0047470494,-0.016156178,18721564
20150327,15:45:00.000,BBG000BNBDC2,-0.004509383,0.0024514066,3000345
20150327,15:45:00.000,BBG000C734W3,-0.0048693633,0.016972696,542361
20150327,15:45:00.000,BBG000BWLMJ4,0.0024099937,0.012080773,2624081
20150327,15:45:00.000,BBG000H556T9,0.004458938,0.006997501,2455437
20150327,15:45:00.000,BBG000BVPPM1,-0.017764442,-0.01376541,1102913
20150327,15:45:00.000,BBG000BCG930,0.009723672,0.0238004,1054067
20150327,15:45:00.000,BBG000BJF1Z8,-0.007845225,-0.004409551,616976
20150327,15:45:00.000,BBG000BND699,0.0058634323,0.030976735,4235196
20150327,15:45:00.000,BBG000BD4VG8,-0.003932938,-0.002864099,1821365
20150327,15:45:00.000,BBG000BC2C10,0.0010664671,-0.0075223884,2747513
20150327,15:45:00.000,BBG000NV1KK7,-0.0029602104,0.0042787553,3135642
20150327,15:45:00.000,BBG000BLZRJ2,0.005781089,0.005618101,6658171
20150327,15:45:00.000,BBG000F6H8W8,-0.0033538062,0.003797194,951907
20150327,15:45:00.000,BBG000BMY992,-0.0076451423,0.0042048125,1757177
20150327,15:45:00.000,BBG000BT9DW0,0.0065484885,0.0052580447,4172345
20150327,15:45:00.000,BBG000PX3XC0,-0.013460707,-0.033623926,9553064
20150327,15:45:00.000,BBG000BWXBC2,-0.009858974,-0.0065952665,3856784
20150327,15:45:00.000,BBG000BB6KF5,0.001885954,-0.0047439504,3119030
20150327,15:45:00.000,BBG000FFDM15,0.0014502141,-0.0033683793,3511036
20150327,15:45:00.000,BBG000KLB4Q1,0.036145408,0.06938303,8245295
20150327,15:45:00.000,BBG001DCCGR8,-0.011826843,-0.013281375,1585997
20150327,15:45:00.000,BBG000BVV7G1,0.0032902434,0.024462007,3503398
20150327,15:45:00.000,BBG000BHGDH5,0.0032005317,0.0076663233,2623528
20150327,15:45:00.000,BBG000BWVCP8,0.008099491,-0.00081108935,3231863
20150327,15:45:00.000,BBG000C15T95,-0.010107585,-0.006205025,1850128
20150327,15:45:00.000,BBG000D4LWF6,0.0116395345,0.021182636,12684882
20150327,15:45:00.000,BBG000B9WH86,-0.0041193063,-0.017073585,13732731
20150327,15:45:00.000,BBG000Q9HH23,-0.0065087914,0.002931592,469154
20150327,15:45:00.000,BBG00286S4N9,-0.0053041372,-0.013511326,1423902
20150327,15:45:00.000,BBG000BHX7N2,0.0019797634,0.001062496,2935525
20150327,15:45:00.000,BBG000L9CV04,-0.0028859752,0.00051900983,1935997
20150327,15:45:00.000,BBG000BH13K9,0.0021467009,0.0009757217,3288062
20150327,15:45:00.000,BBG000FG3C43,-0.019448461,-0.0247749,12004970
20150327,15:45:00.000,BBG000C496P7,0.0042554406,0.004344545,3861867
20150327,15:45:00.000,BBG000BXRPH1,0.006784222,-0.0033829545,1213016
20150327,15:45:00.000,BBG000BNJHS8,-0.0037708073,0.022466736,4507742
20150327,15:45:00.000,BBG000BBPFB9,0.005494986,0.024102198,13930146
20150327,15:45:00.000,BBG000WCFV84,-0.007088851,-0.012461873,2609468
20150327,15:45:00.000,BBG0019JZ882,0.0048137787,-9.832821e-08,4679557
20150327,15:45:00.000,BBG000H89QJ6,-0.0044029215,-0.0048991865,1312836
20150327,15:45:00.000,BBG000BFWKC0,0.007319589,0.0045876238,1991284
20150327,15:45:00.000,BBG000C5HS04,-0.0058386386,0.005788079,1583598
20150327,15:45:00.000,BBG000BJX8C8,0.012916562,0.0046991054,4832349
20150327,15:45:00.000,BBG000BNDN65,-0.005137249,0.010981056,2588470
20150327,15:45:00.000,BBG000BP52R2,-0.0008442639,0.006765377,1246433
20150327,15:45:00.000,BBG000M65M61,0.013491543,0.036179356,3738218
20150327,15:45:00.000,BBG000BP6LJ8,-0.0022575727,0.007600468,6265663
20150327,15:45:00.000,BBG000F0PF65,0.00014240574,0.0030679705,1824911
20150327,15:45:00.000,BBG000H8TVT2,0.0063340236,0.013796289,2777289
20150327,15:45:00.000,BBG000DQLV23,-0.0021231566,0.006307862,3309979
20150327,15:45:00.000,BBG000BHBK84,0.032184523,0.035748653,15324572
20150327,15:45:00.000,BBG000DLFM21,-0.014154924,0.0001253196,860331
20150327,15:45:00.000,BBG000BJDB15,-0.019762132,-0.03742715,17628778
20150327,15:45:00.000,BBG000CTQBF3,-0.0041474653,0.000998835,3260078
20150327,15:45:00.000,BBG000BQQ2S6,-0.0030829008,-0.015125981,2546810
20150327,15:45:00.000,BBG000BHVJJ3,-0.022819953,-0.025943797,24020958
20150327,15:45:00.000,BBG000F1ZSQ2,-0.009777183,-0.0059133074,3567051
20150327,15:45:00.000,BBG000BQPC32,-0.0012854151,-0.003749081,48540696
20150327,15:45:00.000,BBG000C43RR5,0.000920291,0.003824833,4346569
20150327,15:45:00.000,BBG000CH5208,0.004805119,0.015607702,1803436
20150327,15:45:00.000,BBG000J2XL74,0.0032803626,0.0068128053,3729719
20150327,15:45:00.000,BBG000BC40Y8,-0.006559562,-0.013575808,1876915
20150327,15:45:00.000,BBG000KHWT55,-0.01202315,-0.015305073,16445514
20150327,15:45:00.000,BBG000BW8S60,0.0017960895,0.008227626,1976380
20150327,15:45:00.000,BBG000BZ9223,-0.0027339177,-0.010617828,1967146
20150327,15:45:00.000,BBG000DWYF03,-0.0037525683,-0.0055975243,6277636
20150327,15:45:00.000,BBG000BBGGQ1,-0.025630634,-0.02895929,5254968
20150327,15:45:00.000,BBG000BBDZG3,0.0022110932,-0.0018458405,4630189
20150327,15:45:00.000,BBG000BQLTW7,-0.010266912,-0.00907295,14004244
20150327,15:45:00.000,BBG000NDYB67,-0.00021979712,-0.0018750001,7369330
20150327,15:45:00.000,BBG000C6CFJ5,0.0065933103,0.005070673,1180891
20150327,15:45:00.000,BBG000BGRY34,-0.0053897263,0.0052437917,3357504
20150327,15:45:00.000,BBG000DH7JK6,-0.004755725,0.0031376928,3144277
20150327,15:45:00.000,BBG000BW3299,0.007749395,0.0028649534,4907976
20150327,15:45:00.000,BBG000DWG505,0.00566798,0.004823743,2320139
20150327,15:45:00.000,BBG000BF0K17,0.0005360391,-0.0047578057,4632347
20150327,15:45:00.000,BBG000R7Z112,-0.0077770515,0.012701636,6269216
20150327,15:45:00.000,BBG000BCSST7,-0.0016177775,0.005129369,1929555
20150327,15:45:00.000,BBG000BQQH30,0.0012901835,-0.007587905,3804695
20150327,15:45:00.000,BBG000BCQZS4,0.002420929,-0.0052230665,7218888
20150327,15:45:00.000,BBG000BMX289,-0.014911268,-0.008179592,10698118
20150327,15:45:00.000,BBG000BNWG87,0.0013235189,0.0116144465,3357858
20150327,15:45:00.000,BBG000BBS2Y0,-0.005999075,0.01469726,1651731
20150327,15:45:00.000,BBG000BH4R78,-0.0021229268,0.0026594303,4261973
20150327,15:45:00.000,BBG005P7Q881,0.004758602,0.027114468,7354896
20150327,15:45:00.000,BBG000BKZB36,0.00025719005,0.0129019655,2878189
20150327,15:45:00.000,BBG000GFFQN9,0.011938713,0.015513987,17922184
20150327,15:45:00.000,BBG0025Y4RY4,0.0024881486,0.0057598776,5360647
20150327,15:45:00.000,BBG000BFC8J2,-0.010680051,0.012875037,4299894
20150327,15:45:00.000,BBG000H6HNW3,-0.008332696,0.0022026768,13471567
20150327,15:45:00.000,BBG000BNSZP1,-0.003966883,-0.004412282,2956769
20150327,15:45:00.000,BBG000N9MNX3,-0.03072057,-0.029437138,7553143
20150327,15:45:00.000,BBG000BPD168,-0.001971504,0.0027778037,4755810
20150327,15:45:00.000,BBG000BKTFN2,0.0047547054,-0.0013902358,7994878
20150327,15:45:00.000,BBG000C17X76,-0.0132984705,0.007108696,1451980
20150327,15:45:00.000,BBG000BR2TH3,-0.0043244744,0.0007303898,4439249
20150327,15:45:00.000,BBG000PSKYX7,-0.0068730246,-0.0011429053,4788279
20150327,15:45:00.000,BBG000BT41Q8,0.010354216,-0.0016831129,4171344
20150327,15:45:00.000,BBG000C5Z1S3,-0.013316562,0.0026249902,22195556
20150327,15:45:00.000,BBG000BLNNH6,0.0022133684,-0.0003735997,2472149
20150327,15:45:00.000,BBG000BFT2L4,0.0013806677,0.0012520399,9728226
20150327,15:45:00.000,BBG000CGC1X8,0.0023033964,0.002085139,6620058
20150327,15:45:00.000,BBG000HS77T5,0.0080465255,0.0030989847,7827716
20150327,15:45:00.000,BBG000C3J3C9,1.6537315e-05,0.0036929771,15019773
20150327,15:45:00.000,BBG000FH8PX5,-0.0012542919,0.0099543985,1558130
20150327,15:45:00.000,BBG000BLBVN4,-0.0055797566,-0.0037161566,355100
20150327,15:45:00.000,BBG000BSJK37,0.0026837701,-0.0024366826,13958568
20150327,15:45:00.000,BBG000CL9VN6,-0.015931347,-0.0088845305,2048737
20150327,15:45:00.000,BBG000BVPV84,0.007978324,0.013204769,1938788
20150327,15:45:00.000,BBG000K4ND22,0.0019786798,-0.011589248,4145947
20150327,15:45:00.000,BBG000BWQFY7,-0.001341626,-0.0075260536,9367634
20150327,15:45:00.000,BBG002W96FT9,-0.010660894,-0.009537011,1530183
20150327,15:45:00.000,BBG000BMHYD1,-0.0006597305,0.0037951376,3635436
20150327,15:45:00.000,BBG000BR2B91,0.0044636237,0.011411753,15590742
20150327,15:45:00.000,BBG000BK6MB5,-9.4590025e-05,0.0016121122,20423912
20150327,15:45:00.000,BBG000FY4S11,0.004275862,-0.002929458,12995734
20150327,15:45:00.000,BBG000DMBXR2,0.007250381,0.0010071092,8337659
20150327,15:45:00.000,BBG000C0G1D1,0.046537906,0.062488586,38770484
20150327,15:45:00.000,BBG000BHSKN9,-0.012046216,-0.008640917,1306750
20150327,15:45:00.000,BBG000CKGBP2,-0.016909402,0.0026730993,6267782
20150327,15:45:00.000,BBG000GZQ728,-0.0025992224,-0.01138593,7500418
20150327,15:45:00.000,BBG000BPH459,-0.0075776125,-0.007037329,24068672
20150327,15:45:00.000,BBG000BCTLF6,-0.0017709598,-0.0071311975,59722744
20150327,15:45:00.000,BBG000MM2P62,-0.0010681872,0.0056006084,15550500
20150327,15:45:00.000,BBG000B9XRY4,-0.0096866675,-0.006919944,31495640
20150327,16:00:00.000,BBG000CNZC55,-0.010717996,0.0010827519,4433510
20150327,16:00:00.000,BBG000FH5YM1,0.0027556403,0.005490344,4940077
20150327,16:00:00.000,BBG000BLM0V1,-0.004446198,-0.0038427657,592958
20150327,16:00:00.000,BBG000HGYNZ9,-0.0094378665,-0.018751005,3129273
20150327,16:00:00.000,BBG000BF6RQ9,0.0154094035,0.04017635,1018483
20150327,16:00:00.000,BBG000BFV115,0.013733784,0.0029378957,1568023
20150327,16:00:00.000,BBG0015XMW40,0.0074979085,0.0047614286,629569
20150327,16:00:00.000,BBG000FBMY72,-0.009941233,-0.012094587,2165444
20150327,16:00:00.000,BBG000BDWKC5,0.009112366,0.014135533,2219539
20150327,16:00:00.000,BBG000G6BN50,0.014051237,0.01243267,460980
20150327,16:00:00.000,BBG000BLDV98,-0.008267372,0.0012504925,1669349
20150327,16:00:00.000,BBG000R0L5J4,0.0009821525,0.0018771262,902165
20150327,16:00:00.000,BBG006NV2Q11,-0.0056824824,-0.0050897105,2973306
20150327,16:00:00.000,BBG000BC2R71,0.0002258193,-0.0048419815,1442994
20150327,16:00:00.000,BBG000BN1XR3,0.0023292068,0.010896015,524613
20150327,16:00:00.000,BBG000GPXKX9,-0.009151952,-0.0027876978,401244
20150327,16:00:00.000,BBG000DV7MX4,-0.006671245,0.015483565,7396755
20150327,16:00:00.000,BBG000BGRKT6,-0.009563123,0.00055912667,511516
20150327,16:00:00.000,BBG000BB5BF6,-0.018400872,-0.0107038515,5273210
20150327,16:00:00.000,BBG000BVB8Q0,0.010439225,0.007879184,10968217
20150327,16:00:00.000,BBG000DGPR66,0.011706569,0.019810816,1451483
20150327,16:00:00.000,BBG000BQ74K1,-0.0036401048,-0.004165415,590191
20150327,16:00:00.000,BBG000RNTSX0,6.005279e-05,0.007999462,422030
20150327,16:00:00.000,BBG000N746D6,0.0129978685,0.01456909,2604903
20150327,16:00:00.000,BBG000CR90K4,0.016293189,0.016120221,24971748
20150327,16:00:00.000,BBG000BVL2G3,0.010609538,0.007848762,1491322
20150327,16:00:00.000,BBG000BPQVR5,-0.004202621,-0.0019499947,639303
20150327,16:00:00.000,BBG000CB8Q50,0.0022118955,0.0060929684,450684
20150327,16:00:00.000,BBG000D42FJ0,-0.0007256656,-0.013349097,1846427
20150327,16:00:00.000,BBG003641015,-0.0061866036,0.0012190542,1459031
20150327,16:00:00.000,BBG000CPHYL4,0.004571612,0.0063506416,1139641
20150327,16:00:00.000,BBG000BKL348,0.0035301307,0.006172497,375061
20150327,16:00:00.000,BBG000BMF5J0,-0.012121908,-0.002616061,4823824
20150327,16:00:00.000,BBG000BCHG15,0.005242507,0.009097404,439498
20150327,16:00:00.000,BBG000BJKPG0,-0.0074066734,-0.00038303525,578418
20150327,16:00:00.000,BBG000HS74G6,-0.00952562,-0.014085288,1071511
20150327,16:00:00.000,BBG000BVHBM1,-0.0029181296,0.02268765,1882902
20150327,16:00:00.000,BBG002PHSYX9,-0.020835903,-0.02173558,908162
20150327,16:00:00.000,BBG000D2ZTS8,-0.003265982,0.011353424,2454565
20150327,16:00:00.000,BBG000BGYMH7,-0.005556267,-0.0029192776,574791
20150327,16:00:00.000,BBG000PV2L86,-0.00091813056,0.012963876,972766
20150327,16:00:00.000,BBG000FQ6PY6,0.0004949074,0.0034711468,938691
20150327,16:00:00.000,BBG000R06BX2,0.0054994235,0.006974868,1605453
20150327,16:00:00.000,BBG000BCWKD6,0.002525374,0.002315586,1707795
20150327,16:00:00.000,BBG000CPBCL8,0.0025340472,0.00074605463,780600
20150327,16:00:00.000,BBG000B9X8C0,0.0049035717,0.010992995,1360520
20150327,16:00:00.000,BBG000BDY3Y7,-0.013057375,-0.011467138,743775
20150327,16:00:00.000,BBG001XJRMF5,-0.004823008,-0.0052831983,1920043
20150327,16:00:00.000,BBG000BJ26K7,0.016445864,0.010589266,1377972
20150327,16:00:00.000,BBG000BQ87N0,-0.0026991945,0.004407928,907890
20150327,16:00:00.000,BBG000C37332,0.0076165395,0.008075947,524718
20150327,16:00:00.000,BBG000C4ZZ10,0.0057371985,0.010410753,936240
20150327,16:00:00.000,BBG000BPNP00,0.0030403004,0.021825435,2116323
20150327,16:00:00.000,BBG000BXBHJ4,-0.009211618,-0.01790005,1549823
20150327,16:00:00.000,BBG000FDBX90,0.010668776,0.009300556,2869196
20150327,16:00:00.000,BBG000BKNX95,0.0024907289,0.005354671,1798233
20150327,16:00:00.000,BBG000BV4XJ1,0.0076633827,0.0324183,475046
20150327,16:00:00.000,BBG000MQ1SN9,0.0058053527,0.008878545,818029
20150327,16:00:00.000,BBG000KBQZ88,-0.006587408,-0.0012392558,1202195
20150327,16:00:00.000,BBG000BXNJ07,-0.003938794,0.016283823,6310036
20150327,16:00:00.000,BBG000DLVDK3,0.0013488552,-0.010971217,1950336
20150327,16:00:00.000,BBG000BB03M1,0.025472293,0.011848008,1829694
20150327,16:00:00.000,BBG000BWGYF8,-0.0025506415,0.0021426398,497078
20150327,16:00:00.000,BBG000BPZBB6,0.026509203,0.02640527,2799613
20150327,16:00:00.000,BBG000JKCWS0,0.004858803,-0.0013653408,590071
20150327,16:00:00.000,BBG000BNPSQ9,0.027622934,0.058068506,1325695
20150327,16:00:00.000,BBG000C060M4,-0.004060376,-0.0062036207,255621
20150327,16:00:00.000,BBG000BFDLV8,0.0029394587,0.013065041,858350
20150327,16:00:00.000,BBG000C2V3D6,0.0030628548,0.012065196,1368836
20150327,16:00:00.000,BBG000BC9938,-0.0018165824,-0.0027956371,752137
20150327,16:00:00.000,BBG000C22QV7,-0.0031390018,0.004662129,1223881
20150327,16:00:00.000,BBG000BMTFR4,-0.005240138,0.009583233,2054484
20150327,16:00:00.000,BBG000BKTT89,-0.004116601,0.00075154344,384880
20150327,16:00:00.000,BBG000BWXL85,0.008977777,0.015259573,2612135
20150327,16:00:00.000,BBG0014GG205,0.034119762,0.030963127,7594676
20150327,16:00:00.000,BBG000BGFZR8,0.0027626425,0.0090542175,1321101
20150327,16:00:00.000,BBG000V31J96,0.009120215,0.01207297,3629228
20150327,16:00:00.000,BBG000BNNKG9,0.0030348722,0.014315087,2318317
20150327,16:00:00.000,BBG000BSSC44,-0.009572155,-0.018512234,1064327
20150327,16:00:00.000,BBG000BSY3K9,-0.0071747447,-0.00017954492,438885
20150327,16:00:00.000,BBG000BPMH90,-0.0039968425,-0.010344403,995691
20150327,16:00:00.000,BBG000BX5ZF5,-0.017884145,-0.01563234,6075663
20150327,16:00:00.000,BBG000BR37X2,0.006573058,0.0037119526,2025980
20150327,16:00:00.000,BBG000C9F2F9,-0.01684727,0.0059556034,1317185
20150327,16:00:00.000,BBG000D9KWL9,0.011513886,0.0069700168,876155
20150327,16:00:00.000,BBG000PLXQQ3,-0.005812114,0.00047720264,531065
20150327,16:00:00.000,BBG000HZFZX3,-0.0024586297,0.0050316574,872531
20150327,16:00:00.000,BBG000BDXGP9,0.04530684,0.057850588,5849872
20150327,16:00:00.000,BBG000BB29X4,0.0041706194,0.008810506,1179339
20150327,16:00:00.000,BBG001C7TST4,0.0053580394,0.013593946,1336262
20150327,16:00:00.000,BBG000BMKDM3,0.0020221474,0.013173778,1653996
20150327,16:00:00.000,BBG000FFH4P5,0.0009668863,0.0044057807,948651
20150327,16:00:00.000,BBG000C75N77,0.0013888429,-0.0068848077,839169
20150327,16:00:00.000,BBG000C221G9,-0.011447124,-0.0074778027,903744
20150327,16:00:00.000,BBG000BKXFN7,0.012772146,-0.0073329154,3065881
20150327,16:00:00.000,BBG000BWP7D9,0.004980444,0.012280932,1541162
20150327,16:00:00.000,BBG000DY8ZS4,-0.017361296,-0.019833878,4658808
20150327,16:00:00.000,BBG000BFL116,-0.014025505,-0.00016775084,1251716
20150327,16:00:00.000,BBG000BKLH74,0.006443218,0.010379,2339109
20150327,16:00:00.000,BBG000BS9489,-0.0031239132,0.0019511919,581451
20150327,16:00:00.000,BBG000BP8Z50,-0.0018109474,-0.000611917,1110128
20150327,16:00:00.000,BBG000BS7KS3,0.007698075,0.014685219,1665076
20150327,16:00:00.000,BBG000BMZ7P7,0.003703711,-0.0020352711,1105562
20150327,16:00:00.000,BBG000FBK808,-0.03494324,-0.051735338,8097671
20150327,16:00:00.000,BBG000R8ZVD1,-0.0053586415,0.0055496814,2827433
20150327,16:00:00.000,BBG000BLMZK6,-0.0073482622,0.013529286,1273161
20150327,16:00:00.000,BBG000BQSQ38,0.005411319,0.011018105,2029746
20150327,16:00:00.000,BBG000BBL0Y1,-0.011375954,0.015094031,793646
20150327,16:00:00.000,BBG001QZCPJ2,-0.0029372985,0.026922874,1513329
20150327,16:00:00.000,BBG000CVWGS6,0.004710737,0.012458721,2960856
20150327,16:00:00.000,BBG000BCNYT9,0.0015291398,-0.003800156,6503858
20150327,16:00:00.000,BBG000PVRDL2,0.009826021,-0.0020348874,3413686
20150327,16:00:00.000,BBG000BJQWD2,-0.0016138067,0.003519324,691111
20150327,16:00:00.000,BBG000C9W1Y1,0.00067584135,0.001629503,2092125
20150327,16:00:00.000,BBG000BJ49H3,0.0029058673,0.0042257686,1209734
20150327,16:00:00.000,BBG000BFVXX0,-0.0027332536,0.0055732727,2458982
20150327,16:00:00.000,BBG000FLZN98,-0.002653884,0.006079271,380557
20150327,16:00:00.000,BBG000FLPRH1,0.00773801,0.004953482,1395769
20150327,16:00:00.000,BBG000BYWTX7,0.0012930142,0.018710144,7241338
20150327,16:00:00.000,BBG000BY33P5,-0.004235392,-0.00044867728,3630593
20150327,16:00:00.000,BBG000BBB3K1,0.014852463,0.025575666,3225897
20150327,16:00:00.000,BBG000DN7P92,0.007282917,0.014692779,1068098
20150327,16:00:00.000,BBG000BBMSJ6,0.26266825,0.28402066,11970745
20150327,16:00:00.000,BBG000BH2JM1,-0.0003463274,0.003008457,3703477
20150327,16:00:00.000,BBG000BFS7D3,-0.0044746757,0.003283505,479157
20150327,16:00:00.000,BBG000CKVSG8,-0.013211496,-0.023709435,2945545
20150327,16:00:00.000,BBG000BB6G37,0.0062158434,0.024906121,2360368
20150327,16:00:00.000,BBG000BM7HL0,-0.0063071377,-6.1399004e-07,1954471
20150327,16:00:00.000,BBG000BCYP43,-0.0040244125,0.0063904333,434380
20150327,16:00:00.000,BBG000BV75B7,0.0032965483,0.001970906,1019918
20150327,16:00:00.000,BBG000TWC2V5,-0.003079415,0.0075536347,516454
20150327,16:00:00.000,BBG000BLW530,0.0011134944,-0.001888684,1611515
20150327,16:00:00.000,BBG000BKWSR6,-0.0017879555,-0.0036790494,4204382
20150327,16:00:00.000,BBG000C2YHG9,0.0009046216,0.0041938294,986619
20150327,16:00:00.000,BBG000BRQ6L2,0.009212074,0.04048622,5678371
20150327,16:00:00.000,BBG000BQHGR6,0.0020631778,-0.0025441523,1106896
20150327,16:00:00.000,BBG000BN9WT5,0.006525295,0.023571994,2116601
20150327,16:00:00.000,BBG000BVWLJ6,-0.0004969101,0.0023427354,1110890
20150327,16:00:00.000,BBG000BKQ3V3,-0.020322151,-0.042764157,7371369
20150327,16:00:00.000,BBG000H0QBS7,-0.006853638,-0.0022281182,1479674
20150327,16:00:00.000,BBG000H4YVR7,0.003862804,0.028478762,710030
20150327,16:00:00.000,BBG000PYZSR8,-0.014518306,-0.009765774,531132
20150327,16:00:00.000,BBG007TJF1N7,0.00043262355,0.027077226,2465882
20150327,16:00:00.000,BBG000C2ZCH8,0.0056068227,0.012506001,1606802
20150327,16:00:00.000,BBG000BTCH57,-0.007194266,-0.0013684084,1137951
20150327,16:00:00.000,BBG000BR54L0,-9.096569e-05,0.023239626,5278437
20150327,16:00:00.000,BBG000BB5373,0.0105628185,0.016507166,6378830
20150327,16:00:00.000,BBG000BHZ5J9,0.00962768,0.001626524,739221
20150327,16:00:00.000,BBG000CXD6X9,-0.0034426362,0.0103231,817872
20150327,16:00:00.000,BBG000BKZTP3,-0.0050508734,-0.00933524,1695640
20150327,16:00:00.000,BBG000BB1TH9,-0.0046442566,-0.012527197,821867
20150327,16:00:00.000,BBG000D5S4M0,0.0070378496,0.013249945,631453
20150327,16:00:00.000,BBG000BN84F3,-0.00045763562,0.004614287,1626244
20150327,16:00:00.000,BBG000HW5GX3,-0.011649788,-0.019159887,2316073
20150327,16:00:00.000,BBG000CHPY97,-0.015006656,-0.028861234,5836534
20150327,16:00:00.000,BBG000D2M0Z7,0.00673665,0.012366685,1260843
20150327,16:00:00.000,BBG000BF1R66,0.007084667,0.004455189,1150484
20150327,16:00:00.000,BBG000BJ8YN7,-0.0069289147,-0.0072338586,1591600
20150327,16:00:00.000,BBG000G9CGL0,0.001598136,0.011358887,584166
20150327,16:00:00.000,BBG000BQ8KV2,-0.0012457758,-0.0052903662,1638535
20150327,16:00:00.000,BBG000BVMPN3,0.0047138734,0.0003704003,995135
20150327,16:00:00.000,BBG000BGD7W6,-0.0069522327,0.0031021773,967785
20150327,16:00:00.000,BBG000BC15S7,0.0008267576,-0.0009386516,1228579
20150327,16:00:00.000,BBG000Q2HM09,0.030661443,0.03150625,1808066
20150327,16:00:00.000,BBG000BQVTF5,-0.0040952656,-0.0024075652,1114512
20150327,16:00:00.000,BBG000VC0T95,0.0025931885,0.012199481,942631
20150327,16:00:00.000,BBG000F86GP6,0.0012648753,0.004113186,780756
20150327,16:00:00.000,BBG000BWVSR1,-0.0052603018,-0.00037225796,1347721
20150327,16:00:00.000,BBG000BX8DC4,0.00087749236,0.009139245,1056341
20150327,16:00:00.000,BBG000BHCP19,0.001013417,0.020744292,1565684
20150327,16:00:00.000,BBG000BK6G19,0.0068306844,0.0013139755,2612207
20150327,16:00:00.000,BBG000RGM5P1,-0.0066556567,-0.0008508085,950600
20150327,16:00:00.000,BBG000BF5RY1,-0.0023362637,0.0064054574,1585093
20150327,16:00:00.000,BBG000BP4MH0,0.00014279486,0.00017931164,1557206
20150327,16:00:00.000,BBG000D8RG11,-0.020335114,-0.018656982,4351135
20150327,16:00:00.000,BBG000FP1N32,-0.0068167183,-0.012659768,4707761
20150327,16:00:00.000,BBG000BLHRS2,-0.0014340043,0.009009923,590374
20150327,16:00:00.000,BBG000TJM7F0,-0.016378727,-0.002780511,1470841
20150327,16:00:00.000,BBG000J1QLT0,-0.016411182,-0.003265344,926022
20150327,16:00:00.000,BBG000BBBNC6,0.0058500916,0.0006296921,1501828
20150327,16:00:00.000,BBG000BY2Y78,-0.0037998096,-0.0057621957,2143772
20150327,16:00:00.000,BBG000BM6788,-0.003451063,0.004445033,1257374
20150327,16:00:00.000,BBG000C1FQS9,-0.0017867477,0.002352454,635265
20150327,16:00:00.000,BBG000BBJQV0,0.0020131604,0.020032965,6977596
20150327,16:00:00.000,BBG000BTQR96,-0.00096032786,0.005640167,976560
20150327,16:00:00.000,BBG000CXYSZ6,0.013013571,0.014478646,637682
20150327,16:00:00.000,BBG000BB5792,0.04784094,0.06398788,4964646
20150327,16:00:00.000,BBG000BNGTQ7,-0.0015684284,0.009409867,700905
20150327,16:00:00.000,BBG000BZTW70,-0.005986421,-0.024219392,6609175
20150327,16:00:00.000,BBG000G0Z878,-0.0022733186,-0.004270989,2076722
20150327,16:00:00.000,BBG000BFNR17,0.008712733,0.012677389,323880
20150327,16:00:00.000,BBG002BHBHM1,0.0068807774,0.022089602,807020
20150327,16:00:00.000,BBG000BC4JJ4,0.010242365,0.010551279,901508
20150327,16:00:00.000,BBG000F15NW9,0.0049314224,0.012388364,636697
20150327,16:00:00.000,BBG000BKR1D6,0.00078813924,0.0011729387,355515
20150327,16:00:00.000,BBG000BCTQ65,-0.0027516666,0.002916062,4938512
20150327,16:00:00.000,BBG000BNNYW1,-0.007274391,-0.006591065,7409847
20150327,16:00:00.000,BBG000BBCDZ2,-0.0061478536,-0.0025580479,989625
20150327,16:00:00.000,BBG000BRK7L6,0.00702799,-0.00716346,4180770
20150327,16:00:00.000,BBG000DQTXY6,0.0041204677,0.028105792,3341127
20150327,16:00:00.000,BBG000BRXP69,-0.0012215058,0.012227885,656439
20150327,16:00:00.000,BBG000BL9JQ1,-0.018291088,-0.024429444,1871240
20150327,16:00:00.000,BBG000DTMH63,-0.005754903,-0.024531491,4729574
20150327,16:00:00.000,BBG000BJPDZ1,-0.011715407,-0.0033962233,246790
20150327,16:00:00.000,BBG000BXWBN9,-0.006650257,-0.0019127924,1736118
20150327,16:00:00.000,BBG000C2PW58,-0.0011538354,-0.0017932348,296473
20150327,16:00:00.000,BBG000D13GN8,-0.008206214,-0.006808964,789913
20150327,16:00:00.000,BBG000BB6M98,3.192829e-05,-0.0017284744,4318250
20150327,16:00:00.000,BBG000BGYWY6,0.0024647086,0.020147555,541638
20150327,16:00:00.000,BBG000BHB3M6,0.00085881,0.0033088194,1071862
20150327,16:00:00.000,BBG000G3QLY3,-0.008086921,-0.0095946565,896783
20150327,16:00:00.000,BBG000BSBZH7,-0.0055504795,0.0034699272,750117
20150327,16:00:00.000,BBG000F7RCJ1,-0.003874174,0.013251276,812636
20150327,16:00:00.000,BBG0039320N9,-0.007961444,0.002169264,2464572
20150327,16:00:00.000,BBG000BTZQC4,-0.0193359,-0.023769947,3565269
20150327,16:00:00.000,BBG001M8HHB7,-0.0016395791,0.0019735564,798694
20150327,16:00:00.000,BBG000CZWZ05,0.0871702,0.11489,5774938
20150327,16:00:00.000,BBG000QY3XZ2,0.005618474,0.009972569,773410
20150327,16:00:00.000,BBG000BHLYP4,-0.0047008917,-0.0015294031,1122725
20150327,16:00:00.000,BBG000CHWP52,0.016755331,0.010667636,3007481
20150327,16:00:00.000,BBG000QFJ7H3,0.012272029,-0.0063622813,7691315
20150327,16:00:00.000,BBG000BFTJ91,0.00010371038,7.121538e-07,1421046
20150327,16:00:00.000,BBG000BZ2GG4,0.008431614,0.005355673,1485787
20150327,16:00:00.000,BBG000FKJRC5,-0.0028505742,0.0064354343,1149451
20150327,16:00:00.000,BBG000BKPL53,0.007833831,0.015604827,1213272
20150327,16:00:00.000,BBG000BNC3Y9,-0.0054102493,-0.008241822,898821
20150327,16:00:00.000,BBG000BNFLM9,-0.0021947531,0.012650478,2956133
20150327,16:00:00.000,BBG000BWCKB6,-0.004204048,0.0063628573,706288
20150327,16:00:00.000,BBG000BR14K5,0.0045582918,0.0025312335,1085853
20150327,16:00:00.000,BBG0014GJCT9,0.01886156,0.033876892,1812549
20150327,16:00:00.000,BBG000BRRG02,-0.006397684,-0.006169281,2112001
20150327,16:00:00.000,BBG000BP1Q11,-0.008296017,-0.0035993322,819854
20150327,16:00:00.000,BBG000P1F8Q7,-0.016189424,0.00011377047,781019
20150327,16:00:00.000,BBG000BCVMH9,-0.00649716,-0.011071143,829962
20150327,16:00:00.000,BBG000D7RKJ5,0.0013675073,0.005945117,1379631
20150327,16:00:00.000,BBG000FNRZ69,0.020003898,0.010187848,4520441
20150327,16:00:00.000,BBG000BTKGG8,0.0013286095,-0.003686291,1796990
20150327,16:00:00.000,BBG001QD41M9,0.001246647,0.007803968,1142456
20150327,16:00:00.000,BBG000D9DMK0,0.0057024644,0.010572407,970294
20150327,16:00:00.000,BBG000BH5DV1,-0.005065019,0.0011342643,886010
20150327,16:00:00.000,BBG000BMQPL1,-0.0073497323,-0.010604291,6785204
20150327,16:00:00.000,BBG000BMDV41,-0.007860036,-0.0024386253,1487867
20150327,16:00:00.000,BBG000BQZMH4,-0.0006970188,0.0038861707,1505519
20150327,16:00:00.000,BBG000BS0ZF1,-0.004614766,-0.0062510176,499352
20150327,16:00:00.000,BBG000BGLRN3,-0.00836341,-0.012725802,2939639
20150327,16:00:00.000,BBG000C0F570,0.04041267,0.05839728,7767921
20150327,16:00:00.000,BBG000D6L294,-0.006101488,-0.010298458,814684
20150327,16:00:00.000,BBG000BM5SR2,0.0033747396,0.0038735617,1775111
20150327,16:00:00.000,BBG000BYYLS8,-0.0015488586,-0.0043962984,3360318
20150327,16:00:00.000,BBG000BF6LY3,0.05023386,0.06076317,11378674
20150327,16:00:00.000,BBG000BCBCM7,-0.0005420469,0.006244316,4953474
20150327,16:00:00.000,BBG000BJ2VQ6,0.00937198,-0.019358605,4105548
20150327,16:00:00.000,BBG000BJ98Z0,-0.012369709,-0.00028678056,1305663
20150327,16:00:00.000,BBG000BLCPY4,0.008231226,-0.01577722,1482528
20150327,16:00:00.000,BBG000D898T9,0.0023078416,0.010318404,1477494
20150327,16:00:00.000,BBG000BMBL90,0.0030108271,0.0070292675,1713553
20150327,16:00:00.000,BBG000BSXQV7,-0.000732938,0.00794423,454073
20150327,16:00:00.000,BBG000FVXD63,0.020728009,0.009387987,2329635
20150327,16:00:00.000,BBG000BVMGF2,-0.0015930797,-0.0027050734,1499274
20150327,16:00:00.000,BBG000C11MQ5,-0.031213056,0.000584226,675743
20150327,16:00:00.000,BBG000BPQD31,-0.010238265,-0.0042816643,3335346
20150327,16:00:00.000,BBG000BB5006,-0.0009936369,0.00479626,1867767
20150327,16:00:00.000,BBG000BHKYH4,-0.0020634206,-0.00026224076,939219
20150327,16:00:00.000,BBG000D1QCF1,-0.0041215136,-0.00899832,1665678
20150327,16:00:00.000,BBG000CSY9H9,0.010091323,0.022631697,1884216
20150327,16:00:00.000,BBG000BRJ809,0.007294197,0.0071604215,544525
20150327,16:00:00.000,BBG000CNFQW6,0.0044469046,0.009428515,616354
20150327,16:00:00.000,BBG000BXM6V2,9.2839975e-05,0.0139258085,1466071
20150327,16:00:00.000,BBG000BCGY17,0.013909257,0.022650586,3446458
20150327,16:00:00.000,BBG000DKCC19,-0.012034245,-0.0005240033,2558446
20150327,16:00:00.000,BBG000BKCFC2,0.0073757786,0.019088542,4549427
20150327,16:00:00.000,BBG000BTVJ25,0.003368472,0.007390425,3397839
20150327,16:00:00.000,BBG000BN5HF7,-0.0015210634,0.020641528,1628947
20150327,16:00:00.000,BBG000Q3JN03,-6.940629e-05,-0.008588984,14540414
20150327,16:00:00.000,BBG0020B4JG7,0.0033489678,0.012594135,3688465
20150327,16:00:00.000,BBG000BR3KL6,0.0034756188,0.0064748223,631230
20150327,16:00:00.000,BBG000BRWGG9,0.027835261,0.045149393,41251392
20150327,16:00:00.000,BBG001LWHLJ8,-0.012333223,-0.012379689,4572878
20150327,16:00:00.000,BBG000C7LMS8,0.012444138,0.02925717,363686
20150327,16:00:00.000,BBG000BPT0C6,0.013119101,0.001460352,3149339
20150327,16:00:00.000,BBG000BSD7C2,0.003670735,0.01043282,1227557
20150327,16:00:00.000,BBG000BRJL00,0.00080407166,0.0039387755,2664726
20150327,16:00:00.000,BBG000C1FB75,0.008040871,0.009617385,388647
20150327,16:00:00.000,BBG000BJ3PD2,-0.00092777924,0.00029982897,1237226
20150327,16:00:00.000,BBG000BHLYS1,0.010760049,0.01683733,4346746
20150327,16:00:00.000,BBG000JWD753,-0.0020745713,0.00091436994,2807793
20150327,16:00:00.000,BBG000BXMFC3,-0.009361927,-0.011473799,2145194
20150327,16:00:00.000,BBG000CGQ6M4,0.0025608502,-0.0031521807,961312
20150327,16:00:00.000,BBG000DNTSP4,0.010071891,0.0013895435,3445011
20150327,16:00:00.000,BBG000BFXHL6,-0.012673495,-0.014767131,3380885
20150327,16:00:00.000,BBG000BJL3N0,0.003042091,-0.0026347772,7960066
20150327,16:00:00.000,BBG000JG0547,-0.0024201004,0.0026063935,1251672
20150327,16:00:00.000,BBG000BWSV34,0.0061612246,0.012420212,478740
20150327,16:00:00.000,BBG000BB6WG8,-0.0038560675,0.0034548452,2454821
20150327,16:00:00.000,BBG000BCWCG1,-0.01365717,0.0018227154,4240863
20150327,16:00:00.000,BBG000BB9KF2,0.005778698,0.009940157,2307958
20150327,16:00:00.000,BBG000C3HSR0,-0.012134583,-0.012972011,1184799
20150327,16:00:00.000,BBG000BFMBQ6,0.0075534107,0.021705532,1333596
20150327,16:00:00.000,BBG000BP0KQ8,0.023978934,0.03851913,3487534
20150327,16:00:00.000,BBG000BQWPC5,-0.0047927923,0.0018300478,1493146
20150327,16:00:00.000,BBG001YMS0B8,0.04505983,0.055808146,27498216
20150327,16:00:00.000,BBG000C0LW92,0.0093701165,0.021783058,5480369
20150327,16:00:00.000,BBG000MDCQC2,0.0022243788,0.009631735,1606749
20150327,16:00:00.000,BBG000BK67C7,-0.003456739,0.0032318474,747836
20150327,16:00:00.000,BBG000BY29C7,0.008207498,0.015239572,1875292
20150327,16:00:00.000,BBG000BSLZY7,0.017352235,0.01545331,6588957
20150327,16:00:00.000,BBG000BLKK03,-0.0013886937,0.011626762,1411507
20150327,16:00:00.000,BBG000C2BXK4,-0.013161527,-0.005139612,9744332
20150327,16:00:00.000,BBG000BCZYD3,-0.0038260603,0.009393272,883982
20150327,16:00:00.000,BBG000R7RDB4,0.014744424,0.009078641,1331968
20150327,16:00:00.000,BBG000C3GN47,-0.0053432225,-0.011385728,3793371
20150327,16:00:00.000,BBG000BMW2Z0,-0.0057676127,0.0005639843,997248
20150327,16:00:00.000,BBG000BKFZM4,0.006007458,0.012019393,4305208
20150327,16:00:00.000,BBG000G2R6M0,0.007911874,-0.0088776825,7006987
20150327,16:00:00.000,BBG000C1S2X2,0.0037928529,0.02329593,1383007
20150327,16:00:00.000,BBG000F0KF42,-0.008948487,-0.014386907,2650176
20150327,16:00:00.000,BBG000CS7CT9,-0.0061853845,0.004401065,2243852
20150327,16:00:00.000,BBG000CPQZ77,-0.014325653,-0.0044108476,2215904
20150327,16:00:00.000,BBG000C8H633,-0.009669688,-0.018193232,4783777
20150327,16:00:00.000,BBG000JH6683,0.007373742,0.03638898,3306231
20150327,16:00:00.000,BBG000BLBXT4,-0.0038451308,0.0056612478,4568629
20150327,16:00:00.000,BBG000BB07P9,0.014767247,-0.0017709295,10033783
20150327,16:00:00.000,BBG000BX3TD3,0.011571454,-0.0020138612,5240815
20150327,16:00:00.000,BBG000F80SZ5,0.0021916695,0.024817387,5689566
20150327,16:00:00.000,BBG000BKFBD7,0.0004378337,-0.0027818987,1757636
20150327,16:00:00.000,BBG000BPWXK1,0.017019697,0.002708712,5090865
20150327,16:00:00.000,BBG000BH5LT6,-0.025755256,-0.053542957,9271772
20150327,16:00:00.000,BBG000BBD070,-0.014663905,-0.02206488,1977524
20150327,16:00:00.000,BBG000BWJFZ4,-0.0187535,-0.019275818,481414
20150327,16:00:00.000,BBG000BWNFZ9,-0.0055721323,-0.0096638,1864126
20150327,16:00:00.000,BBG000BH3JF8,0.0011039075,0.006047858,1818324
20150327,16:00:00.000,BBG000C0HQ54,0.0140349865,0.025336858,2236030
20150327,16:00:00.000,BBG000FL1TC8,-0.005877853,-0.004725205,1465814
20150327,16:00:00.000,BBG000BV8DN6,0.0013720336,0.0077486085,2648614
20150327,16:00:00.000,BBG0029SNR63,-0.001294394,0.004199109,1548609
20150327,16:00:00.000,BBG000DYGNW7,-0.0052630827,-0.00042052098,680808
20150327,16:00:00.000,BBG000QW7VC1,-0.0032976617,-0.0004606046,1634611
20150327,16:00:00.000,BBG000BFQYY3,-0.0058524646,6.11198e-07,1699309
20150327,16:00:00.000,BBG000BGVW60,-0.0040040044,0.00042630063,1739363
20150327,16:00:00.000,BBG000C1BW00,-0.004339129,0.007753259,1137573
20150327,16:00:00.000,BBG000BJ81C1,0.00519866,0.0028562152,1201841
20150327,16:00:00.000,BBG000BFDXW1,0.00029067238,0.01827039,6289450
20150327,16:00:00.000,BBG000BSC0K9,-0.0012677731,0.008639538,1466193
20150327,16:00:00.000,BBG000BD8PN9,-0.00052162627,-0.0015081706,4329173
20150327,16:00:00.000,BBG000DSMS70,-0.0065207016,0.014749672,649566
20150327,16:00:00.000,BBG000BQ5DS5,0.0029270265,-0.0029836597,2259500
20150327,16:00:00.000,BBG000G30YX4,0.007383098,0.025388187,1353798
20150327,16:00:00.000,BBG000BQ2C28,-0.0010186234,0.007409318,1107427
20150327,16:00:00.000,BBG000BN2DC2,0.0017484461,0.008181037,1800538
20150327,16:00:00.000,BBG000LD9JQ8,-0.00769427,-0.0047692186,900765
20150327,16:00:00.000,BBG000BGKTF9,0.0077969898,0.0016556716,2251245
20150327,16:00:00.000,BBG000BBVJZ8,-0.008781208,-0.015317023,2034183
20150327,16:00:00.000,BBG000D9D830,-0.0036169423,-0.0026009534,3940913
20150327,16:00:00.000,BBG000BJSBJ0,0.003931864,0.007640147,1256919
20150327,16:00:00.000,BBG000BH1NH9,4.934885e-06,0.00045695133,1855324
20150327,16:00:00.000,BBG000BVDLH9,-0.004803422,0.004356898,956062
20150327,16:00:00.000,BBG000FJLFX8,0.0027486512,0.013735667,1378148
20150327,16:00:00.000,BBG000MZFMS2,-0.017066969,-0.000175134,838898
20150327,16:00:00.000,BBG000C4DPX1,0.00035818754,0.027819943,2297938
20150327,16:00:00.000,BBG000C0MF34,0.01652521,0.00985406,610155
20150327,16:00:00.000,BBG000QBR5J5,0.0002865079,-0.0042250464,2858386
20150327,16:00:00.000,BBG000BCVJ77,0.0007461359,0.00749745,1836969
20150327,16:00:00.000,BBG000QX74T1,0.0039506285,0.004922593,269616
20150327,16:00:00.000,BBG000BBDV81,-0.0003082251,0.0075969785,2458594
20150327,16:00:00.000,BBG000HCJMF9,-0.004567238,-0.011617465,1680725
20150327,16:00:00.000,BBG000C46HM9,-0.00091839384,0.0060063554,2089275
20150327,16:00:00.000,BBG000BGPTV6,0.0019392195,0.0045694956,724897
20150327,16:00:00.000,BBG000BRD0D8,0.0012241345,-0.0047563636,2459973
20150327,16:00:00.000,BBG000BGJRC8,0.0035447462,-0.0021039175,6130691
20150327,16:00:00.000,BBG000DHSPT0,0.013623481,0.008697591,1689140
20150327,16:00:00.000,BBG000J6XT05,-0.0047578933,-0.0027663559,5291529
20150327,16:00:00.000,BBG000BH3GZ2,-0.0024069136,-0.0030554,1755725
20150327,16:00:00.000,BBG000BTR593,0.0039159516,-0.009762197,5220477
20150327,16:00:00.000,BBG000B9ZXB4,-0.0015782913,0.005375679,2639340
20150327,16:00:00.000,BBG000BL4504,-0.0047431067,-0.014751182,20334872
20150327,16:00:00.000,BBG000BNBDC2,-0.004642579,0.0014984206,3384966
20150327,16:00:00.000,BBG000C734W3,-0.0050146966,0.013660738,609142
20150327,16:00:00.000,BBG000BWLMJ4,0.00063970697,0.010185986,3019716
20150327,16:00:00.000,BBG000H556T9,0.0061682095,0.0072422,2803929
20150327,16:00:00.000,BBG000BVPPM1,-0.019312754,-0.014259076,1390214
20150327,16:00:00.000,BBG000BCG930,0.009200039,0.022165589,1231727
20150327,16:00:00.000,BBG000BJF1Z8,-0.0076544597,-0.005466874,753696
20150327,16:00:00.000,BBG000BND699,0.0028893135,0.02487396,4783829
20150327,16:00:00.000,BBG000BD4VG8,-0.004396236,-0.0012729961,2029212
20150327,16:00:00.000,BBG000BC2C10,0.00049578026,-0.007188199,3147940
20150327,16:00:00.000,BBG000NV1KK7,-0.0041575907,0.0026742585,3461085
20150327,16:00:00.000,BBG000BLZRJ2,0.0073977634,0.0061797807,7664468
20150327,16:00:00.000,BBG000F6H8W8,-0.0046614865,0.002397942,1122039
20150327,16:00:00.000,BBG000BMY992,-0.008703492,0.0030222337,2063062
20150327,16:00:00.000,BBG000BT9DW0,0.0071148346,0.0059439223,5336092
20150327,16:00:00.000,BBG000PX3XC0,-0.01380456,-0.03298948,10532487
20150327,16:00:00.000,BBG000BWXBC2,-0.009622329,-0.0067174146,4466879
20150327,16:00:00.000,BBG000BB6KF5,0.00082256825,-0.0063250354,3940506
20150327,16:00:00.000,BBG000FFDM15,0.0015609729,-0.0038332823,4254716
20150327,16:00:00.000,BBG000KLB4Q1,0.03242191,0.06223523,8970802
20150327,16:00:00.000,BBG001DCCGR8,-0.012037624,-0.012488326,1887105
20150327,16:00:00.000,BBG000BVV7G1,-0.00070637354,0.017204665,4609535
20150327,16:00:00.000,BBG000BHGDH5,0.0044700108,0.008473263,3001630
20150327,16:00:00.000,BBG000BWVCP8,0.007869302,0.00020394463,3570769
20150327,16:00:00.000,BBG000C15T95,-0.00996044,-0.007409664,2231995
20150327,16:00:00.000,BBG000D4LWF6,0.008087775,0.017747877,14463575
20150327,16:00:00.000,BBG000B9WH86,-0.0016871782,-0.014745255,15517647
20150327,16:00:00.000,BBG000Q9HH23,-0.004818334,0.0029510702,525827
20150327,16:00:00.000,BBG00286S4N9,-0.0038525728,-0.011026067,1709768
20150327,16:00:00.000,BBG000BHX7N2,0.002314928,0.001239526,3337954
20150327,16:00:00.000,BBG000L9CV04,-0.0029725602,-0.00082611147,2224584
20150327,16:00:00.000,BBG000BH13K9,0.0012555285,-0.0016721372,3748235
20150327,16:00:00.000,BBG000FG3C43,-0.018507775,-0.025228148,13045322
20150327,16:00:00.000,BBG000C496P7,0.0041794237,0.0035249358,4285371
20150327,16:00:00.000,BBG000BXRPH1,0.0061056777,-0.00292572,1386286
20150327,16:00:00.000,BBG000BNJHS8,-0.0034283027,0.024551267,5008060
20150327,16:00:00.000,BBG000BBPFB9,0.0058330195,0.01919255,16429884
20150327,16:00:00.000,BBG000WCFV84,-0.008205503,-0.014795033,2970342
20150327,16:00:00.000,BBG0019JZ882,0.0035014902,-0.00072678126,5929655
20150327,16:00:00.000,BBG000H89QJ6,-0.0038927866,-0.005203216,1459102
20150327,16:00:00.000,BBG000BFWKC0,0.008472782,0.0040976503,2297915
20150327,16:00:00.000,BBG000C5HS04,-0.0046923677,0.005184157,1872544
20150327,16:00:00.000,BBG000BJX8C8,0.01233669,0.005925204,5549977
20150327,16:00:00.000,BBG000BNDN65,-0.0043888898,0.011118228,3046240
20150327,16:00:00.000,BBG000BP52R2,-0.0012989368,0.005443085,1468716
20150327,16:00:00.000,BBG000M65M61,0.017301323,0.042337354,4534488
20150327,16:00:00.000,BBG000BP6LJ8,-0.001997143,0.0068003414,7116100
20150327,16:00:00.000,BBG000F0PF65,0.0011779382,0.0038941102,2205664
20150327,16:00:00.000,BBG000H8TVT2,0.0066279727,0.013796236,3188087
20150327,16:00:00.000,BBG000DQLV23,-0.0030660103,0.004000397,3835882
20150327,16:00:00.000,BBG000BHBK84,0.026389971,0.028426431,16923200
20150327,16:00:00.000,BBG000DLFM21,-0.015370618,-0.0032513663,979518
20150327,16:00:00.000,BBG000BJDB15,-0.016521871,-0.036401987,19773296
20150327,16:00:00.000,BBG000CTQBF3,-0.0039444123,-5.2969623e-05,3652392
20150327,16:00:00.000,BBG000BQQ2S6,-0.0027205748,-0.013701546,2973837
20150327,16:00:00.000,BBG000BHVJJ3,-0.020734493,-0.025556473,26204168
20150327,16:00:00.000,BBG000F1ZSQ2,-0.009918342,-0.0076759206,4190502
20150327,16:00:00.000,BBG000BQPC32,0.00022770125,-0.0018746526,51269408
20150327,16:00:00.000,BBG000C43RR5,0.00014354404,0.0019121977,5190070
20150327,16:00:00.000,BBG000CH5208,0.005286949,0.014790826,2150708
20150327,16:00:00.000,BBG000J2XL74,0.0027455483,0.006157756,4338490
20150327,16:00:00.000,BBG000BC40Y8,-0.0065206722,-0.012434402,2111764
20150327,16:00:00.000,BBG000KHWT55,-0.012071998,-0.016242366,17972572
20150327,16:00:00.000,BBG000BW8S60,0.0018631517,0.006892608,2231760
20150327,16:00:00.000,BBG000BZ9223,-0.0018097075,-0.008866228,2234399
20150327,16:00:00.000,BBG000DWYF03,-0.005568891,-0.007365051,7503346
20150327,16:00:00.000,BBG000BBGGQ1,-0.022054585,-0.023830295,6261926
20150327,16:00:00.000,BBG000BBDZG3,0.002093557,-0.0029534951,5522348
20150327,16:00:00.000,BBG000BQLTW7,-0.008619793,-0.008142287,16651883
20150327,16:00:00.000,BBG000NDYB67,0.0002443283,-0.00080401485,8311844
20150327,16:00:00.000,BBG000C6CFJ5,0.0058753076,0.0034960245,1357038
20150327,16:00:00.000,BBG000BGRY34,-0.004644599,0.0049007316,3835677
20150327,16:00:00.000,BBG000DH7JK6,-0.003899141,0.0036607038,3668373
20150327,16:00:00.000,BBG000BW3299,0.007631426,0.0021255785,5442055
20150327,16:00:00.000,BBG000DWG505,0.0068440503,0.004718857,2741622
20150327,16:00:00.000,BBG000BF0K17,0.0022166455,-0.0028797672,5463391
20150327,16:00:00.000,BBG000R7Z112,-0.0036926698,0.01837232,7560573
20150327,16:00:00.000,BBG000BCSST7,-0.0011178652,0.004488111,2205458
20150327,16:00:00.000,BBG000BQQH30,0.0029482273,-0.0050585177,4540156
20150327,16:00:00.000,BBG000BCQZS4,0.0016364065,-0.006879257,8084344
20150327,16:00:00.000,BBG000BMX289,-0.013244396,-0.006692409,12846212
20150327,16:00:00.000,BBG000BNWG87,0.001031391,0.009917747,3862119
20150327,16:00:00.000,BBG000BBS2Y0,-0.0063638473,0.0113655515,2052373
20150327,16:00:00.000,BBG000BH4R78,-0.0021939701,0.0018518377,4697899
20150327,16:00:00.000,BBG005P7Q881,0.0022484583,0.027017066,8519613
20150327,16:00:00.000,BBG000BKZB36,0.0012061817,0.013080132,3279699
20150327,16:00:00.000,BBG000GFFQN9,0.010873298,0.013715134,19133020
20150327,16:00:00.000,BBG0025Y4RY4,0.004129547,0.0061088507,6052355
20150327,16:00:00.000,BBG000BFC8J2,-0.012105042,0.007988521,4898652
20150327,16:00:00.000,BBG000H6HNW3,-0.007867548,0.0016018966,14366530
20150327,16:00:00.000,BBG000BNSZP1,-0.0035613284,-0.004822815,3420892
20150327,16:00:00.000,BBG000N9MNX3,-0.030148413,-0.028465586,8230297
20150327,16:00:00.000,BBG000BPD168,-0.0013717631,0.002430621,6023918
20150327,16:00:00.000,BBG000BKTFN2,0.006046349,0.0020841374,9131403
20150327,16:00:00.000,BBG000C17X76,-0.015470977,0.0018069491,1723432
20150327,16:00:00.000,BBG000BR2TH3,-0.0033081532,0.0018260061,5362318
20150327,16:00:00.000,BBG000PSKYX7,-0.0059811156,-0.0019047509,5585766
20150327,16:00:00.000,BBG000BT41Q8,0.012315689,0.001502843,4999148
20150327,16:00:00.000,BBG000C5Z1S3,-0.012471992,0.00037466935,25795114
20150327,16:00:00.000,BBG000BLNNH6,0.00199832,-0.0008717952,2976843
20150327,16:00:00.000,BBG000BFT2L4,0.0016026597,0.00035768587,11333972
20150327,16:00:00.000,BBG000CGC1X8,0.0005086626,-0.0019354696,7687529
20150327,16:00:00.000,BBG000HS77T5,0.008424195,0.0024794736,9054398
20150327,16:00:00.000,BBG000C3J3C9,-0.00010946001,0.0011085784,17908252
20150327,16:00:00.000,BBG000FH8PX5,-0.0016745876,0.007631731,1738998
20150327,16:00:00.000,BBG000BLBVN4,-0.0061460678,-0.005311381,422661
20150327,16:00:00.000,BBG000BSJK37,0.003296586,-0.0027415354,15831914
20150327,16:00:00.000,BBG000CL9VN6,-0.0139022665,-0.008119228,2213235
20150327,16:00:00.000,BBG000BVPV84,0.004617155,0.00888943,2278616
20150327,16:00:00.000,BBG000K4ND22,0.0033855445,-0.009499601,4760266
20150327,16:00:00.000,BBG000BWQFY7,1.9527526e-05,-0.006792119,11159180
20150327,16:00:00.000,BBG002W96FT9,-0.012407906,-0.012490636,1766208
20150327,16:00:00.000,BBG000BMHYD1,-0.0017895929,0.0018974177,4271789
20150327,16:00:00.000,BBG000BR2B91,0.0040482855,0.009948541,18051756
20150327,16:00:00.000,BBG000BK6MB5,0.0012446501,0.0020151425,23367010
20150327,16:00:00.000,BBG000FY4S11,0.0041918163,-0.004101194,14399996
20150327,16:00:00.000,BBG000DMBXR2,0.0069625564,-0.00016835477,9608819
20150327,16:00:00.000,BBG000C0G1D1,0.0507529,0.063485816,67000336
20150327,16:00:00.000,BBG000BHSKN9,-0.013797416,-0.011559523,1529184
20150327,16:00:00.000,BBG000CKGBP2,-0.017319994,-0.0006414548,7208701
20150327,16:00:00.000,BBG000GZQ728,-0.00061826897,-0.008895031,8889708
20150327,16:00:00.000,BBG000BPH459,-0.004680901,-0.0048532058,30105988
20150327,16:00:00.000,BBG000BCTLF6,-0.0013508173,-0.00777947,66223592
20150327,16:00:00.000,BBG000MM2P62,-0.002067946,0.0033124166,17061148
20150327,16:00:00.000,BBG000B9XRY4,-0.008734987,-0.008207577,35778904
